Total_strain,Slip_strain,Time,Slip Count,Creep,Elastic,Hygroexp,Number_of_fibers,Load,Moisture,Broken
0.0,0.0,0.0,0.0,0.0,0.0,0.0,40000.0,0.0,0.0,0
0.0,0.0,5.0,0.0,0.0,0.0,0.0,40000.0,0.0,0.0,0
1.4245293518943807,0.05052382429706648,5.0,3043.0,0.0,1.3746004786767296,0.0,39973.0,1.317220323763747,0.0,0
1.4245293518943807,0.05052382429706648,5.0,3043.0,0.0,1.3746004786767296,0.0,39973.0,1.317220323763747,0.0,0
1.4858474026907256,0.05712002425701599,6.0,3304.0,0.05472185083639535,1.374600478676729,0.0,39973.0,1.317220323763747,0.0,0
1.506180305655067,0.05960959051407613,7.0,3400.0,0.07256518754367683,1.3746004786767294,0.0,39973.0,1.317220323763747,0.0,0
1.5187057529215686,0.06087166581345763,8.0,3449.0,0.08382855951079661,1.3746004786767294,0.0,39973.0,1.317220323763747,0.0,0
1.5283249512736317,0.062011086874651,9.0,3490.0,0.0923083368016667,1.3746004786767292,0.0,39973.0,1.317220323763747,0.0,0
1.5366819453116718,0.06324188999026652,10.0,3533.0,0.09943452772409125,1.374600478676729,0.0,39973.0,1.317220323763747,0.0,0
1.543973257618684,0.06420399212539794,11.0,3568.0,0.10576373789597189,1.3746004786767292,0.0,39973.0,1.317220323763747,0.0,0
1.550388353085574,0.0648561418989349,12.0,3593.0,0.11153107084936091,1.3746348677610556,0.0,39972.0,1.317220323763747,0.0,0
1.5566126992156706,0.0657697514787315,13.0,3626.0,0.1168418073996606,1.3746348677610554,0.0,39972.0,1.317220323763747,0.0,0
1.5620892280037488,0.0663263554387103,14.0,3647.0,0.12176173222776027,1.3746348677610551,0.0,39972.0,1.317220323763747,0.0,0
1.5673193165976107,0.0669835213896105,15.0,3670.0,0.12633465487072174,1.3746348677610554,0.0,39972.0,1.317220323763747,0.0,0
1.5720293483803698,0.06743296851991974,16.0,3689.0,0.1305952395231717,1.3746348677610554,0.0,39972.0,1.317220323763747,0.0,0
1.5765862134119488,0.06801203832890902,17.0,3712.0,0.13457303474576152,1.3746348677610551,0.0,39972.0,1.317220323763747,0.0,0
1.5808508133130947,0.06855555644661207,18.0,3734.0,0.13829411652920426,1.3746348677610558,0.0,39972.0,1.317220323763747,0.0,0
1.5847671174599516,0.06898413308749703,19.0,3751.0,0.14178184403517619,1.3746348677610556,0.0,39972.0,1.317220323763747,0.0,0
1.5886213949727623,0.0695629801224491,20.0,3774.0,0.14505727451303485,1.3746348677610554,0.0,39972.0,1.317220323763747,0.0,0
1.5921223474525974,0.06998176730753099,21.0,3791.0,0.148139439807788,1.3746348677610558,0.0,39972.0,1.317220323763747,0.0,0
1.5953434996428104,0.07029679914211026,22.0,3805.0,0.15104556016342166,1.3746348677610556,0.0,39972.0,1.317220323763747,0.0,0
1.5982563269437229,0.07046396231320798,23.0,3812.0,0.1537912242932366,1.3746348677610554,0.0,39972.0,1.317220323763747,0.0,0
1.601216608322659,0.070824920595187,24.0,3826.0,0.15639054739019387,1.3746348677610556,0.0,39972.0,1.317220323763747,0.0,0
1.6041510813061926,0.0712936286790481,25.0,3841.0,0.15885631228986627,1.374634867761055,0.0,39972.0,1.317220323763747,0.0,0
1.6067819670123213,0.07158073014048845,26.0,3855.0,0.16120009653455458,1.3746348677610556,0.0,39972.0,1.317220323763747,0.0,0
1.6092806357985001,0.07184710835964131,27.0,3865.0,0.16343238710158053,1.3746348677610556,0.0,39972.0,1.317220323763747,0.0,0
1.6117646447477683,0.07220082028583255,28.0,3875.0,0.16556268412465744,1.3746348677610547,0.0,39972.0,1.317220323763747,0.0,0
1.6141608793986084,0.07256014434853207,29.0,3887.0,0.167599594712798,1.3746348677610554,0.0,39972.0,1.317220323763747,0.0,0
1.6162790934654945,0.07272703529814867,30.0,3892.0,0.1695509178300673,1.3746348677610554,0.0,39972.0,1.317220323763747,0.0,0
1.6184315320386093,0.07300667060676862,31.0,3905.0,0.17142372109456255,1.3746348677610554,0.0,39972.0,1.317220323763747,0.0,0
1.6206228569999643,0.07339730639425224,32.0,3916.0,0.17322441026843374,1.374634867761056,0.0,39972.0,1.317220323763747,0.0,0
1.6225812275826816,0.07362129510988516,33.0,3923.0,0.17495879213551804,1.3746348677610558,0.0,39972.0,1.317220323763747,0.0,0
1.6244469352891047,0.07381562505147729,34.0,3933.0,0.17663640965491517,1.3746692585660827,0.0,39971.0,1.317220323763747,0.0,0
1.6264553961926769,0.07420692507077506,35.0,3947.0,0.17825357053918947,1.3746692585660836,0.0,39971.0,1.317220323763747,0.0,0
1.628174496817849,0.07436084017035252,36.0,3952.0,0.17981875606478448,1.374669258566083,0.0,39971.0,1.317220323763747,0.0,0
1.629816425722897,0.07448560110243065,37.0,3957.0,0.1813359240377542,1.374669258566083,0.0,39971.0,1.317220323763747,0.0,0
1.6314522542385683,0.0746487109881696,38.0,3963.0,0.18280864266768646,1.3746692585660827,0.0,39971.0,1.317220323763747,0.0,0
1.6331596965302322,0.07492464727794922,39.0,3974.0,0.18424014866957072,1.3746692585660834,0.0,39971.0,1.317220323763747,0.0,0
1.6348202871785995,0.075192006666835,40.0,3986.0,0.18563337992905227,1.3746692585660836,0.0,39971.0,1.317220323763747,0.0,0
1.6365567918209296,0.07557088694878161,41.0,3997.0,0.18699100428943577,1.374669258566083,0.0,39971.0,1.317220323763747,0.0,0
1.6381804073313453,0.07587006143164864,42.0,4005.0,0.18831544531698438,1.3746692585660831,0.0,39971.0,1.317220323763747,0.0,0
1.639557608533206,0.07595380243939212,43.0,4008.0,0.18960890551110157,1.3746692585660836,0.0,39971.0,1.317220323763747,0.0,0
1.641011964847533,0.07614367699642346,44.0,4015.0,0.19087338726839728,1.3746692585660834,0.0,39971.0,1.317220323763747,0.0,0
1.6425778184635973,0.07647220604227511,45.0,4026.0,0.19211071183860995,1.3746692585660831,0.0,39971.0,1.317220323763747,0.0,0
1.644144388124024,0.07682695106892402,46.0,4037.0,0.1933225364723879,1.3746692585660827,0.0,39971.0,1.317220323763747,0.0,0
1.6456651231114172,0.07715985259243933,47.0,4046.0,0.19451036993626566,1.3746692585660831,0.0,39971.0,1.317220323763747,0.0,0
1.6471217692706959,0.07745128213656766,48.0,4054.0,0.19567558655141576,1.374669258566083,0.0,39971.0,1.317220323763747,0.0,0
1.648567849674009,0.07775351019420378,49.0,4063.0,0.19681943889709305,1.3746692585660834,0.0,39971.0,1.317220323763747,0.0,0
1.6497843103181369,0.07784634042943094,50.0,4068.0,0.19794306930599365,1.3746692585660836,0.0,39971.0,1.317220323763747,0.0,0
1.6511365077061742,0.07809408685691424,51.0,4074.0,0.1990475202665477,1.3746692585660831,0.0,39971.0,1.317220323763747,0.0,0
1.6524947146185807,0.0783660701996931,52.0,4085.0,0.2001337438361754,1.3746692585660831,0.0,39971.0,1.317220323763747,0.0,0
1.653657260041581,0.07845974929924167,53.0,4089.0,0.20120261015962718,1.3746692585660831,0.0,39971.0,1.317220323763747,0.0,0
1.6548755563957709,0.07862574063549624,54.0,4095.0,0.2022549151775624,1.3746692585660827,0.0,39971.0,1.317220323763747,0.0,0
1.6560127551735593,0.07872646698842646,55.0,4099.0,0.2032913876024206,1.3746692585660831,0.0,39971.0,1.317220323763747,0.0,0
1.6571259590092826,0.0788183631952692,56.0,4102.0,0.20431269523130113,1.3746692585660831,0.0,39971.0,1.317220323763747,0.0,0
1.6583799683637699,0.07906561712212153,57.0,4112.0,0.2053194506589361,1.3746692585660827,0.0,39971.0,1.317220323763747,0.0,0
1.659509744658208,0.07920262762765873,58.0,4118.0,0.20631221644783726,1.3746692585660827,0.0,39971.0,1.317220323763747,0.0,0
1.6605530534542536,0.07926664306427743,59.0,4121.0,0.2072915098072639,1.3746692585660836,0.0,39971.0,1.317220323763747,0.0,0
1.6617191688327095,0.07946646142225014,60.0,4128.0,0.20825780682774717,1.3746692585660831,0.0,39971.0,1.317220323763747,0.0,0
1.6630151927020465,0.07980874580587911,61.0,4138.0,0.20921154631345515,1.3746692585660831,0.0,39971.0,1.317220323763747,0.0,0
1.6640377710832097,0.07988973724983449,62.0,4142.0,0.210153133250663,1.3746692585660834,0.0,39971.0,1.317220323763747,0.0,0
1.6652499784196542,0.08017213588999327,63.0,4150.0,0.21108294194694852,1.374669258566083,0.0,39971.0,1.317220323763747,0.0,0
1.6665598882875172,0.08056582437178711,64.0,4163.0,0.2120064525629899,1.374703651091942,0.0,39970.0,1.317220323763747,0.0,0
1.6675415117562717,0.08064010689835452,65.0,4166.0,0.21291379350517703,1.3747036510919417,0.0,39970.0,1.317220323763747,0.0,0
1.6685790036222068,0.08078110693006656,66.0,4171.0,0.2138102853394,1.374703651091942,0.0,39970.0,1.317220323763747,0.0,0
1.6697898756918976,0.08110602867635458,67.0,4180.0,0.21469623566280266,1.3747036510919421,0.0,39970.0,1.317220323763747,0.0,0
1.6707690655963234,0.08120954750869709,68.0,4183.0,0.2155719067348861,1.3747036510919417,0.0,39970.0,1.317220323763747,0.0,0
1.6717183275823357,0.08129317495049074,69.0,4185.0,0.21643754127910472,1.3747036510919421,0.0,39970.0,1.317220323763747,0.0,0
1.67261599600819,0.08133501913397564,70.0,4186.0,0.21729336552147427,1.3747036510919421,0.0,39970.0,1.317220323763747,0.0,0
1.6735658990096538,0.08143869650862219,71.0,4189.0,0.21813959114829123,1.3747036510919421,0.0,39970.0,1.317220323763747,0.0,0
1.6746230990343125,0.08165907089451908,72.0,4199.0,0.21897641678705318,1.3747036510919415,0.0,39970.0,1.317220323763747,0.0,0
1.6756088159275324,0.08181717533476246,73.0,4205.0,0.21980402924002973,1.3747036510919421,0.0,39970.0,1.317220323763747,0.0,0
1.676558235238776,0.08194801932428937,74.0,4210.0,0.22062260456174645,1.3747036510919421,0.0,39970.0,1.317220323763747,0.0,0
1.6775746856899172,0.08215476531704353,75.0,4219.0,0.2214323090201333,1.3747036510919421,0.0,39970.0,1.317220323763747,0.0,0
1.678475692393995,0.082254781079681,76.0,4223.0,0.22223329996157365,1.3747036510919417,0.0,39970.0,1.317220323763747,0.0,0
1.679352127426573,0.08233878948147234,77.0,4225.0,0.2230257265923604,1.3747036510919413,0.0,39970.0,1.317220323763747,0.0,0
1.6802201659319524,0.0824228238934643,78.0,4227.0,0.22380973068574778,1.3747036510919415,0.0,39970.0,1.317220323763747,0.0,0
1.6811749108968703,0.08260185232200036,79.0,4233.0,0.22458544722212967,1.374703651091941,0.0,39970.0,1.317220323763747,0.0,0
1.6820686933101547,0.08272807698854555,80.0,4236.0,0.22535300496886881,1.3747036510919421,0.0,39970.0,1.317220323763747,0.0,0
1.6829104892345672,0.08281035087625113,81.0,4239.0,0.226112527005576,1.3747036510919413,0.0,39970.0,1.317220323763747,0.0,0
1.6837956453722291,0.08294390281944422,82.0,4244.0,0.22686413120004453,1.374703651091942,0.0,39970.0,1.317220323763747,0.0,0
1.6845871116096713,0.08299156961739093,83.0,4246.0,0.22760793063954002,1.3747036510919424,0.0,39970.0,1.317220323763747,0.0,0
1.6854184021334306,0.08308675675900219,84.0,4250.0,0.228344034021688,1.3747036510919415,0.0,39970.0,1.317220323763747,0.0,0
1.6862935630365659,0.08323340567502328,85.0,4254.0,0.2290725460088022,1.3747036510919424,0.0,39970.0,1.317220323763747,0.0,0
1.6871438965275367,0.08336271762567433,86.0,4258.0,0.22979356754912195,1.3747036510919421,0.0,39970.0,1.317220323763747,0.0,0
1.688026409390461,0.0835316018696138,87.0,4262.0,0.2305071961681069,1.3747036510919421,0.0,39970.0,1.317220323763747,0.0,0
1.6888997970422959,0.0836986594569276,88.0,4267.0,0.23121352623262786,1.3747036510919421,0.0,39970.0,1.317220323763747,0.0,0
1.6896833034921652,0.08378304294879499,89.0,4271.0,0.23191264919062987,1.3747036510919421,0.0,39970.0,1.317220323763747,0.0,0
1.690489221316876,0.08389695617554147,90.0,4275.0,0.23260465378859438,1.374703651091942,0.0,39970.0,1.317220323763747,0.0,0
1.6915460889598752,0.08426885133822862,91.0,4287.0,0.23328962626890623,1.3747036510919421,0.0,39970.0,1.317220323763747,0.0,0
1.692315765413426,0.08436050351165168,92.0,4290.0,0.23396765054903387,1.3747036510919421,0.0,39970.0,1.317220323763747,0.0,0
1.6929997783131425,0.08437335857615538,93.0,4291.0,0.23463880838424675,1.374703651091942,0.0,39970.0,1.317220323763747,0.0,0
1.6938538522300495,0.08456306136188035,94.0,4296.0,0.23530317951542867,1.3747036510919421,0.0,39970.0,1.317220323763747,0.0,0
1.694658918180731,0.08471046502458615,95.0,4300.0,0.2359608418034045,1.3747036510919413,0.0,39970.0,1.317220323763747,0.0,0
1.6953817942025622,0.08478231149877084,96.0,4303.0,0.23661187135105102,1.3747036510919421,0.0,39970.0,1.317220323763747,0.0,0
1.696026265465867,0.08478231149877084,97.0,4303.0,0.23725634261435619,1.374703651091942,0.0,39970.0,1.317220323763747,0.0,0
1.6967915676473537,0.08490962779114736,98.0,4306.0,0.23789432850346628,1.3747036510919413,0.0,39970.0,1.317220323763747,0.0,0
1.697423139618561,0.08490962779114736,99.0,4306.0,0.23852590047467362,1.3747036510919421,0.0,39970.0,1.317220323763747,0.0,0
1.698116693156449,0.08497795318951247,100.0,4309.0,0.23915112861419657,1.374703651091942,0.0,39970.0,1.317220323763747,0.0,0
1.6987412220485274,0.08498352898125508,101.0,4310.0,0.239770081714532,1.3747036510919417,0.0,39970.0,1.317220323763747,0.0,0
1.6995266167307512,0.08515617803393286,102.0,4316.0,0.24038282734407823,1.3747036510919421,0.0,39970.0,1.317220323763747,0.0,0
1.7001968187011083,0.08521977543770401,103.0,4321.0,0.24098943191066396,1.374703651091942,0.0,39970.0,1.317220323763747,0.0,0
1.700965959293618,0.08538838722131686,104.0,4328.0,0.24158996071956074,1.3747036510919413,0.0,39970.0,1.317220323763747,0.0,0
1.7016057747386737,0.08543368535943861,105.0,4330.0,0.24218447802649457,1.3747036510919421,0.0,39970.0,1.317220323763747,0.0,0
1.702370626537887,0.08561229527797042,106.0,4336.0,0.2427789240220828,1.3747380453387603,0.0,39969.0,1.317220323763747,0.0,0
1.7030441676059396,0.08570308588974838,107.0,4339.0,0.24336167447835746,1.3747380453387603,0.0,39969.0,1.317220323763747,0.0,0
1.703621056660213,0.08570308588974838,108.0,4339.0,0.24393856353263088,1.3747380453387597,0.0,39969.0,1.317220323763747,0.0,0
1.7042328747490896,0.08574378559373522,109.0,4341.0,0.2445096819175206,1.37473804533876,0.0,39969.0,1.317220323763747,0.0,0
1.7048612829851393,0.0858067826875536,110.0,4343.0,0.24507509305975203,1.3747380453387597,0.0,39969.0,1.317220323763747,0.0,0
1.7055267427416234,0.08591247828202492,111.0,4346.0,0.2456348572217649,1.3747380453387594,0.0,39969.0,1.317220323763747,0.0,0
1.7061694798072797,0.08600103955499228,112.0,4349.0,0.24618903301445386,1.3747380453387597,0.0,39969.0,1.317220323763747,0.0,0
1.7070150882047934,0.08629800299731255,113.0,4357.0,0.24673767796964724,1.3747380453387592,0.0,39969.0,1.317220323763747,0.0,0
1.7076213583595687,0.08636110235597148,114.0,4359.0,0.24728084876576356,1.3747380453387603,0.0,39969.0,1.317220323763747,0.0,0
1.7081591109185505,0.08636110235597148,115.0,4359.0,0.24781860132474537,1.37473804533876,0.0,39969.0,1.317220323763747,0.0,0
1.7087546528435669,0.08642425474512719,116.0,4361.0,0.24835099086060586,1.37473804533876,0.0,39969.0,1.317220323763747,0.0,0
1.7095001014094664,0.08664262226239165,117.0,4367.0,0.2488780719092411,1.3747380453387603,0.0,39969.0,1.317220323763747,0.0,0
1.710105544238951,0.08672623865061804,118.0,4370.0,0.24939989835049953,1.3747380453387597,0.0,39969.0,1.317220323763747,0.0,0
1.7106515207034199,0.0867555900389538,119.0,4373.0,0.2499165234266323,1.3747380453387603,0.0,39969.0,1.317220323763747,0.0,0
1.7112096132877197,0.08680220629117613,120.0,4375.0,0.2504279997587097,1.3747380453387599,0.0,39969.0,1.317220323763747,0.0,0
1.7117345760644922,0.08682078946500318,121.0,4377.0,0.25093437936165514,1.37473804533876,0.0,39969.0,1.317220323763747,0.0,0
1.712276798285803,0.08686167738978111,122.0,4379.0,0.25143571365818795,1.37473804533876,0.0,39969.0,1.317220323763747,0.0,0
1.712987369025557,0.08707590829588181,123.0,4384.0,0.25193205349184156,1.3747380453387597,0.0,39969.0,1.317220323763747,0.0,0
1.7134917765345044,0.08708892015751203,124.0,4385.0,0.25242344913915854,1.37473804533876,0.0,39969.0,1.317220323763747,0.0,0
1.7139782777164945,0.08708892015751203,125.0,4385.0,0.25290995032114855,1.3747380453387603,0.0,39969.0,1.317220323763747,0.0,0
1.7144729510200858,0.08710193756817454,126.0,4386.0,0.2533916062140776,1.37473804533876,0.0,39969.0,1.317220323763747,0.0,0
1.715087827732366,0.0872399550348847,127.0,4390.0,0.25386846545964764,1.3747380453387599,0.0,39969.0,1.317220323763747,0.0,0
1.7156489999059064,0.08732901649345112,128.0,4393.0,0.25434057617462136,1.3747380453387597,0.0,39969.0,1.317220323763747,0.0,0
1.7162545136963359,0.08746712049855909,129.0,4397.0,0.25480798595994303,1.3747380453387597,0.0,39969.0,1.317220323763747,0.0,0
1.7170554322967855,0.08780528314955593,130.0,4408.0,0.25527074190939586,1.3747380453387597,0.0,39969.0,1.317220323763747,0.0,0
1.7176424770760077,0.08793417922033483,131.0,4411.0,0.2557288906178392,1.3747380453387597,0.0,39969.0,1.317220323763747,0.0,0
1.718223054331151,0.08806116890425829,132.0,4415.0,0.25618247818905865,1.37473804533876,0.0,39969.0,1.317220323763747,0.0,0
1.7187159314580294,0.08810497397693033,133.0,4418.0,0.2566315502432651,1.37473804533876,0.0,39969.0,1.317220323763747,0.0,0
1.719162914957186,0.08810735579508319,134.0,4419.0,0.25707615192426936,1.3747380453387599,0.0,39969.0,1.317220323763747,0.0,0
1.7196236248910028,0.08812788974680878,135.0,4420.0,0.2575163279063605,1.3747380453387597,0.0,39969.0,1.317220323763747,0.0,0
1.7201024512056404,0.08817092156689367,136.0,4421.0,0.25795212240091325,1.37473804533876,0.0,39969.0,1.317220323763747,0.0,0
1.7205410256228266,0.08817803922224848,137.0,4422.0,0.2583835791627444,1.3747380453387599,0.0,39969.0,1.317220323763747,0.0,0
1.7209681879563226,0.08817803922224848,138.0,4422.0,0.2588107414962403,1.37473804533876,0.0,39969.0,1.317220323763747,0.0,0
1.7214772317213904,0.08826417222228523,139.0,4424.0,0.2592336522612714,1.3747380453387597,0.0,39969.0,1.317220323763747,0.0,0
1.7219090079663737,0.08827724684962669,140.0,4425.0,0.2596523538789132,1.3747380453387599,0.0,39969.0,1.317220323763747,0.0,0
1.7223924203967642,0.08834853910166764,141.0,4429.0,0.2600731814400894,1.3747724413066684,0.0,39968.0,1.317220323763747,0.0,0
1.7228459973957513,0.08839164350817065,142.0,4430.0,0.2604836540325735,1.3747724413066675,0.0,39968.0,1.317220323763747,0.0,0
1.7232523485005686,0.08839164350817065,143.0,4430.0,0.2608900051373908,1.3747724413066675,0.0,39968.0,1.317220323763747,0.0,0
1.7238735137480854,0.08861050802319112,144.0,4436.0,0.26129230586988716,1.3747724413066675,0.0,39968.0,1.317220323763747,0.0,0
1.7244218048815032,0.08876050469394393,145.0,4440.0,0.261690600332552,1.3747724413066675,0.0,39968.0,1.317220323763747,0.0,0
1.724868650476981,0.08881302076957572,146.0,4442.0,0.2620849298523982,1.374772441306668,0.0,39968.0,1.317220323763747,0.0,0
1.7252870733475616,0.08884103901289116,147.0,4445.0,0.26247533447966326,1.3747724413066675,0.0,39968.0,1.317220323763747,0.0,0
1.725694197705433,0.08886164430846519,148.0,4446.0,0.2628618535419606,1.374772441306667,0.0,39968.0,1.317220323763747,0.0,0
1.7261632395531574,0.08894801384695114,149.0,4448.0,0.263244525851199,1.3747724413066675,0.0,39968.0,1.317220323763747,0.0,0
1.7265623575743971,0.08896826793670976,150.0,4450.0,0.26362338978268013,1.374772441306668,0.0,39968.0,1.317220323763747,0.0,0
1.7270238636207513,0.08905468045864659,151.0,4452.0,0.2639984833070978,1.3747724413066669,0.0,39968.0,1.317220323763747,0.0,0
1.7274778250588403,0.08913728119869477,152.0,4456.0,0.26436984400513835,1.3747724413066673,0.0,39968.0,1.317220323763747,0.0,0
1.727888717776666,0.08918050884604357,153.0,4457.0,0.2647375090756153,1.374772441306667,0.0,39968.0,1.317220323763747,0.0,0
1.7282959572514616,0.08922374205529256,154.0,4458.0,0.2651015153411617,1.3747724413066675,0.0,39968.0,1.317220323763747,0.0,0
1.7287052579020845,0.0892726587941093,155.0,4460.0,0.2654618992529678,1.3747724413066675,0.0,39968.0,1.317220323763747,0.0,0
1.7291485742708128,0.08935917752069407,156.0,4462.0,0.2658186968951115,1.374772441306668,0.0,39968.0,1.317220323763747,0.0,0
1.7295582211286726,0.0894155772849771,157.0,4464.0,0.2661719439886884,1.3747724413066678,0.0,39968.0,1.317220323763747,0.0,0
1.7299079530358028,0.0894155772849771,158.0,4464.0,0.26652167589581865,1.3747724413066678,0.0,39968.0,1.317220323763747,0.0,0
1.730274864174921,0.08943623669634947,159.0,4465.0,0.2668679276235643,1.3747724413066682,0.0,39968.0,1.317220323763747,0.0,0
1.7306816356272043,0.08950020194442762,160.0,4467.0,0.2672107338277697,1.3747724413066675,0.0,39968.0,1.317220323763747,0.0,0
1.7311076481997736,0.08958681952793494,161.0,4469.0,0.2675501288168313,1.3747724413066675,0.0,39968.0,1.317220323763747,0.0,0
1.7315058102661904,0.08964896385577717,162.0,4472.0,0.2678861465554059,1.3747724413066678,0.0,39968.0,1.317220323763747,0.0,0
1.732021194637338,0.08983167411427616,163.0,4477.0,0.2682188206680544,1.3747724413066682,0.0,39968.0,1.317220323763747,0.0,0
1.732393901051143,0.08987501675330532,164.0,4478.0,0.2685481844428308,1.374772441306667,0.0,39968.0,1.317220323763747,0.0,0
1.7327840246472306,0.08993905395740895,165.0,4480.0,0.2688742708348143,1.3747724413066675,0.0,39968.0,1.317220323763747,0.0,0
1.7331502283721463,0.08998241604754934,166.0,4481.0,0.2691971124695896,1.374772441306667,0.0,39968.0,1.317220323763747,0.0,0
1.7335263884563508,0.0900389469546668,167.0,4483.0,0.2695167416466767,1.3747724413066675,0.0,39968.0,1.317220323763747,0.0,0
1.7338635392668298,0.09005964906891216,168.0,4484.0,0.2698331903429104,1.3747724413066678,0.0,39968.0,1.317220323763747,0.0,0
1.734176839139696,0.09005964906891216,169.0,4484.0,0.2701464902157764,1.3747724413066675,0.0,39968.0,1.317220323763747,0.0,0
1.7345511225135979,0.09012375005189045,170.0,4486.0,0.27045667260670025,1.3747724413066678,0.0,39968.0,1.317220323763747,0.0,0
1.734917582198781,0.09018311379948162,171.0,4489.0,0.27076376854429235,1.3747724413066678,0.0,39968.0,1.317220323763747,0.0,0
1.7352248845851028,0.09018637598254234,172.0,4490.0,0.27106780874755326,1.3747724413066675,0.0,39968.0,1.317220323763747,0.0,0
1.7356541920467432,0.09031466856269939,173.0,4494.0,0.2713688236290366,1.3747724413066678,0.0,39968.0,1.317220323763747,0.0,0
1.7359522117156798,0.09031466856269939,174.0,4494.0,0.27166684329797325,1.3747724413066673,0.0,39968.0,1.317220323763747,0.0,0
1.7362472659810644,0.09031466856269939,175.0,4494.0,0.27196189756335776,1.374772441306668,0.0,39968.0,1.317220323763747,0.0,0
1.7365866971496655,0.09036198135766212,176.0,4496.0,0.2722540159369962,1.3747724413066673,0.0,39968.0,1.317220323763747,0.0,0
1.7370270086295463,0.09051308113801948,177.0,4500.0,0.27254322763651984,1.3747724413066675,0.0,39968.0,1.317220323763747,0.0,0
1.7373133425813883,0.09051308113801948,178.0,4500.0,0.27282956158836147,1.3747724413066675,0.0,39968.0,1.317220323763747,0.0,0
1.7376403020084878,0.0905565557227814,179.0,4501.0,0.27311304643069906,1.3747724413066675,0.0,39968.0,1.317220323763747,0.0,0
1.7380211298688448,0.09065671949747263,180.0,4504.0,0.2733937105163649,1.3747724413066675,0.0,39968.0,1.317220323763747,0.0,0
1.7382990012682018,0.09065671949747263,181.0,4504.0,0.27367158191572183,1.3747724413066675,0.0,39968.0,1.317220323763747,0.0,0
1.738576201723532,0.09065881344901716,182.0,4505.0,0.2739466884195078,1.3747724413066678,0.0,39968.0,1.317220323763747,0.0,0
1.7388920701212283,0.09070231272457267,183.0,4506.0,0.27421905754164827,1.3747724413066678,0.0,39968.0,1.317220323763747,0.0,0
1.7392124375647382,0.09075302118769227,184.0,4508.0,0.27448871652203866,1.3747724413066678,0.0,39968.0,1.317220323763747,0.0,0
1.739522932005561,0.09079653982125811,185.0,4509.0,0.27475569232929564,1.3747724413066675,0.0,39968.0,1.317220323763747,0.0,0
1.7397911248253433,0.09080041330685693,186.0,4510.0,0.2750200116634791,1.3747724413066678,0.0,39968.0,1.317220323763747,0.0,0
1.7400585252587242,0.0908061244449327,187.0,4511.0,0.2752817009587843,1.3747724413066675,0.0,39968.0,1.317220323763747,0.0,0
1.7403176106861464,0.0908061244449327,188.0,4511.0,0.2755407863862064,1.3747724413066673,0.0,39968.0,1.317220323763747,0.0,0
1.74061766319182,0.09084966948063714,189.0,4512.0,0.2757972938561758,1.374772441306667,0.0,39968.0,1.317220323763747,0.0,0
1.7408716183568105,0.09084966948063714,190.0,4512.0,0.27605124902116607,1.3747724413066682,0.0,39968.0,1.317220323763747,0.0,0
1.74131052124224,0.09103714410895916,191.0,4517.0,0.2763026772782736,1.3747724413066675,0.0,39968.0,1.317220323763747,0.0,0
1.7415594477357388,0.09103714410895916,192.0,4517.0,0.2765516037717721,1.3747724413066678,0.0,39968.0,1.317220323763747,0.0,0
1.741813104427639,0.09104435117699258,193.0,4518.0,0.27679805339563934,1.3747724413066675,0.0,39968.0,1.317220323763747,0.0,0
1.742081782106432,0.09106903145536803,194.0,4520.0,0.2770420507960566,1.3747724413066675,0.0,39968.0,1.317220323763747,0.0,0
1.7423365828261743,0.09108226259728243,195.0,4521.0,0.27728362037388493,1.3747724413066669,0.0,39968.0,1.317220323763747,0.0,0
1.7425757487394031,0.09108226259728243,196.0,4521.0,0.2775227862871133,1.374772441306668,0.0,39968.0,1.317220323763747,0.0,0
1.742996414757136,0.0912661424488451,197.0,4526.0,0.2777595724532838,1.3747724413066678,0.0,39968.0,1.317220323763747,0.0,0
1.743295272805771,0.09133057039887359,198.0,4528.0,0.27799400255188994,1.3747724413066678,0.0,39968.0,1.317220323763747,0.0,0
1.7436922882352734,0.09149548835351441,199.0,4533.0,0.2782261000267518,1.3747724413066678,0.0,39968.0,1.317220323763747,0.0,0
1.7440188101906111,0.09159222224723695,200.0,4536.0,0.27845588808836685,1.3747724413066684,0.0,39968.0,1.317220323763747,0.0,0
1.74424631181848,0.09159222224723695,201.0,4536.0,0.2786833897162361,1.3747724413066678,0.0,39968.0,1.317220323763747,0.0,0
1.7445151942096218,0.09163586669344688,202.0,4537.0,0.27890862766116764,1.3747724413066678,0.0,39968.0,1.317220323763747,0.0,0
1.74473819099601,0.09163586669344688,203.0,4537.0,0.2791316244475559,1.374772441306668,0.0,39968.0,1.317220323763747,0.0,0
1.7450234607182287,0.09170035848758329,204.0,4539.0,0.2793524023756382,1.3747724413066675,0.0,39968.0,1.317220323763747,0.0,0
1.7453502110403996,0.09180852766166317,205.0,4542.0,0.27957098352372906,1.3747724413066675,0.0,39968.0,1.317220323763747,0.0,0
1.7456083049103892,0.09185021530495138,206.0,4544.0,0.27978738975043077,1.3747724413066675,0.0,39968.0,1.317220323763747,0.0,0
1.7458701253952322,0.0918977828434022,207.0,4546.0,0.28000164269682254,1.374772441306668,0.0,39968.0,1.317220323763747,0.0,0
1.7461715189238858,0.09198705528025101,208.0,4550.0,0.2802137637886278,1.3747724413066675,0.0,39968.0,1.317220323763747,0.0,0
1.7463986783850247,0.092004204291659,209.0,4552.0,0.2804237742383585,1.3747724413066675,0.0,39968.0,1.317220323763747,0.0,0
1.7466198631794565,0.09201746827700993,210.0,4553.0,0.28063169504743934,1.374772441306667,0.0,39968.0,1.317220323763747,0.0,0
1.746838979688987,0.09203073282566941,211.0,4554.0,0.28083754700831004,1.3747724413066682,0.0,39968.0,1.317220323763747,0.0,0
1.7470997602746579,0.0920877097131447,212.0,4556.0,0.28104135070650565,1.374772441306668,0.0,39968.0,1.317220323763747,0.0,0
1.7473499290864685,0.09213610270874373,213.0,4558.0,0.2812431265227174,1.3747724413066675,0.0,39968.0,1.317220323763747,0.0,0
1.7478120466325884,0.09239845214274894,214.0,4564.0,0.2814428946348324,1.3747724413066675,0.0,39968.0,1.317220323763747,0.0,0
1.7480098270177085,0.09239845214274894,215.0,4564.0,0.28164067501995227,1.3747724413066675,0.0,39968.0,1.317220323763747,0.0,0
1.7482056394541492,0.09239845214274894,216.0,4564.0,0.2818364874563929,1.3747724413066675,0.0,39968.0,1.317220323763747,0.0,0
1.7483995035234188,0.09239845214274894,217.0,4564.0,0.28203035152566264,1.3747724413066673,0.0,39968.0,1.317220323763747,0.0,0
1.7486351847342783,0.09244219826484898,218.0,4565.0,0.2822222866144223,1.3747724413066678,0.0,39968.0,1.317220323763747,0.0,0
1.7488689641014132,0.09248595232998257,219.0,4566.0,0.2824123119164234,1.3747724413066678,0.0,39968.0,1.317220323763747,0.0,0
1.74905709861942,0.09248595232998257,220.0,4566.0,0.2826004464344304,1.374772441306668,0.0,39968.0,1.317220323763747,0.0,0
1.749243361167109,0.09248595232998257,221.0,4566.0,0.2827867089821193,1.3747724413066673,0.0,39968.0,1.317220323763747,0.0,0
1.749441055197699,0.0924992371567296,222.0,4567.0,0.28297111818596227,1.374772441306668,0.0,39968.0,1.317220323763747,0.0,0
1.7496236294988259,0.0924992371567296,223.0,4567.0,0.28315369248708905,1.3747724413066678,0.0,39968.0,1.317220323763747,0.0,0
1.7498252813589745,0.09252013136083487,224.0,4568.0,0.28333445014313235,1.3747724413066675,0.0,39968.0,1.317220323763747,0.0,0
1.7501148155593689,0.09263070647430767,225.0,4572.0,0.28351340923005397,1.3747724413066673,0.0,39968.0,1.317220323763747,0.0,0
1.7502919939732684,0.09263070647430767,226.0,4572.0,0.2836905876439535,1.3747724413066682,0.0,39968.0,1.317220323763747,0.0,0
1.7504720948121038,0.09263539185423973,227.0,4573.0,0.28386600310285687,1.3747724413066678,0.0,39968.0,1.317220323763747,0.0,0
1.750645764857737,0.09263539185423973,228.0,4573.0,0.28403967314849,1.3747724413066675,0.0,39968.0,1.317220323763747,0.0,0
1.7508177068572803,0.09263539185423973,229.0,4573.0,0.28421161514803317,1.3747724413066684,0.0,39968.0,1.317220323763747,0.0,0
1.7509879380051039,0.09263539185423973,230.0,4573.0,0.28438184629585705,1.3747724413066675,0.0,39968.0,1.317220323763747,0.0,0
1.7511564753244904,0.09263539185423973,231.0,4573.0,0.28455038361524343,1.3747724413066675,0.0,39968.0,1.317220323763747,0.0,0
1.7513880655036271,0.09270012168853269,232.0,4575.0,0.28471724396008746,1.3747724413066678,0.0,39968.0,1.317220323763747,0.0,0
1.7515665674182115,0.09271342354662152,233.0,4576.0,0.2848824440165829,1.3747724413066675,0.0,39968.0,1.317220323763747,0.0,0
1.7517301237065208,0.09271342354662152,234.0,4576.0,0.2850460003048921,1.3747724413066675,0.0,39968.0,1.317220323763747,0.0,0
1.7519701076240766,0.09279147858827265,235.0,4579.0,0.2852079291807967,1.3747724413066675,0.0,39968.0,1.317220323763747,0.0,0
1.7521304252806145,0.09279147858827265,236.0,4579.0,0.2853682468373344,1.374772441306668,0.0,39968.0,1.317220323763747,0.0,0
1.7524206724948987,0.09292300333347306,237.0,4582.0,0.28552696930641813,1.3747724413066682,0.0,39968.0,1.317220323763747,0.0,0
1.7525778156489202,0.09292300333347306,238.0,4582.0,0.2856841124604399,1.3747724413066678,0.0,39968.0,1.317220323763747,0.0,0
1.7528420296226759,0.09303163775381164,239.0,4585.0,0.2858396920138571,1.3747724413066678,0.0,39968.0,1.317220323763747,0.0,0
1.7529960611335837,0.09303163775381164,240.0,4585.0,0.2859937235247648,1.3747724413066678,0.0,39968.0,1.317220323763747,0.0,0
1.7531485600052705,0.09303163775381164,241.0,4585.0,0.28614622239645193,1.3747724413066675,0.0,39968.0,1.317220323763747,0.0,0
1.75329954148776,0.09303163775381164,242.0,4585.0,0.286297203878941,1.374772441306668,0.0,39968.0,1.317220323763747,0.0,0
1.753449020679332,0.09303163775381164,243.0,4585.0,0.2864466830705132,1.3747724413066675,0.0,39968.0,1.317220323763747,0.0,0
1.753597012528039,0.09303163775381164,244.0,4585.0,0.2865946749192199,1.3747724413066675,0.0,39968.0,1.317220323763747,0.0,0
1.7537435318331938,0.09303163775381164,245.0,4585.0,0.28674119422437494,1.3747724413066675,0.0,39968.0,1.317220323763747,0.0,0
1.7540009997611425,0.09314404426809858,246.0,4590.0,0.28688625563803644,1.3747724413066678,0.0,39968.0,1.317220323763747,0.0,0
1.754189885663023,0.0931918867760217,247.0,4592.0,0.2870368076571592,1.374806838995794,0.0,39967.0,1.317220323763747,0.0,0
1.7543555122420513,0.09321526670383927,248.0,4594.0,0.2871790543083697,1.3748068389957944,0.0,39967.0,1.317220323763747,0.0,0
1.7544963071382087,0.09321526670383927,249.0,4594.0,0.28731984920452736,1.3748068389957944,0.0,39967.0,1.317220323763747,0.0,0
1.7546795962193664,0.09325916821310101,250.0,4595.0,0.28745923677642315,1.374806838995794,0.0,39967.0,1.317220323763747,0.0,0
1.7549054073316983,0.09334698134303383,251.0,4597.0,0.2875972347588222,1.3748068389957937,0.0,39967.0,1.317220323763747,0.0,0
1.7550420309531145,0.09334698134303383,252.0,4597.0,0.28773385838023857,1.3748068389957941,0.0,39967.0,1.317220323763747,0.0,0
1.7551772944309907,0.09334698134303383,253.0,4597.0,0.2878691218581147,1.3748068389957937,0.0,39967.0,1.317220323763747,0.0,0
1.7553112115225622,0.09334698134303383,254.0,4597.0,0.2880030389496863,1.3748068389957937,0.0,39967.0,1.317220323763747,0.0,0
1.7555316402374113,0.09343482585181588,255.0,4599.0,0.28813562315575353,1.3748068389957937,0.0,39967.0,1.317220323763747,0.0,0
1.7556629048783865,0.09343482585181588,256.0,4599.0,0.2882668877967286,1.374806838995794,0.0,39967.0,1.317220323763747,0.0,0
1.7558367918485578,0.09347875457704936,257.0,4600.0,0.2883968460416664,1.3748068389957944,0.0,39967.0,1.317220323763747,0.0,0
1.7559654567268592,0.09347875457704936,258.0,4600.0,0.28852551091996775,1.3748068389957944,0.0,39967.0,1.317220323763747,0.0,0
1.756136779254985,0.09352269269846003,259.0,4601.0,0.28865289532668265,1.3748068389957944,0.0,39967.0,1.317220323763747,0.0,0
1.7562628959537345,0.09352269269846003,260.0,4601.0,0.2887790120254322,1.3748068389957944,0.0,39967.0,1.317220323763747,0.0,0
1.7564297068248518,0.09356464194457778,261.0,4603.0,0.2889038736504319,1.374806838995794,0.0,39967.0,1.317220323763747,0.0,0
1.7565533258825823,0.09356464194457778,262.0,4603.0,0.28902749270816247,1.3748068389957937,0.0,39967.0,1.317220323763747,0.0,0
1.7567196667199878,0.09360859391125632,263.0,4604.0,0.2891498815788895,1.3748068389957941,0.0,39967.0,1.317220323763747,0.0,0
1.756840837659208,0.09360859391125632,264.0,4604.0,0.28927105251810953,1.3748068389957941,0.0,39967.0,1.317220323763747,0.0,0
1.7569608027990475,0.09360859391125632,265.0,4604.0,0.2893910176579494,1.3748068389957941,0.0,39967.0,1.317220323763747,0.0,0
1.7570834863388318,0.09361250610045778,266.0,4605.0,0.2895097890085319,1.3748068389957937,0.0,39967.0,1.317220323763747,0.0,0
1.7572144202873412,0.0936258505981845,267.0,4606.0,0.28962737845931474,1.374806838995794,0.0,39967.0,1.317220323763747,0.0,0
1.7573308396084268,0.0936258505981845,268.0,4606.0,0.2897437977804001,1.3748068389957941,0.0,39967.0,1.317220323763747,0.0,0
1.7574485358553804,0.09362828600171376,269.0,4607.0,0.28985905862382455,1.3748068389957937,0.0,39967.0,1.317220323763747,0.0,0
1.757562649756379,0.09362828600171376,270.0,4607.0,0.28997317252482296,1.3748068389957941,0.0,39967.0,1.317220323763747,0.0,0
1.75767562813463,0.09362828600171376,271.0,4607.0,0.290086150903074,1.3748068389957944,0.0,39967.0,1.317220323763747,0.0,0
1.7577932521637543,0.09363405586998917,272.0,4608.0,0.2901980050639229,1.3748068389957941,0.0,39967.0,1.317220323763747,0.0,0
1.7579039932994183,0.09363405586998917,273.0,4608.0,0.29030874619958674,1.3748068389957937,0.0,39967.0,1.317220323763747,0.0,0
1.758023043723656,0.09364346710347296,274.0,4610.0,0.2904183853903409,1.3748068389957937,0.0,39967.0,1.317220323763747,0.0,0
1.7581315919390033,0.09364346710347296,275.0,4610.0,0.29052693360568826,1.3748068389957941,0.0,39967.0,1.317220323763747,0.0,0
1.758239060038825,0.09364346710347296,276.0,4610.0,0.29063440170550964,1.3748068389957941,0.0,39967.0,1.317220323763747,0.0,0
1.7583454587745162,0.09364346710347296,277.0,4610.0,0.2907408004412013,1.3748068389957941,0.0,39967.0,1.317220323763747,0.0,0
1.7584641526961622,0.09365682100952603,278.0,4611.0,0.29084614045679397,1.3748068389957935,0.0,39967.0,1.317220323763747,0.0,0
1.7586124437041366,0.09370082018423591,279.0,4612.0,0.2909504322900586,1.3748068389957941,0.0,39967.0,1.317220323763747,0.0,0
1.758759699830333,0.09374482222689487,280.0,4613.0,0.2910536863735961,1.3748068389957941,0.0,39967.0,1.317220323763747,0.0,0
1.758926936794826,0.09380983252906848,281.0,4615.0,0.2911559130359153,1.3748068389957941,0.0,39967.0,1.317220323763747,0.0,0
1.759056430442188,0.09383811670985127,282.0,4617.0,0.29125712250249464,1.3748068389957937,0.0,39967.0,1.317220323763747,0.0,0
1.7591566328365262,0.09383811670985127,283.0,4617.0,0.29135732489683275,1.3748068389957937,0.0,39967.0,1.317220323763747,0.0,0
1.7592558381811791,0.09383811670985127,284.0,4617.0,0.29145653024148577,1.3748068389957941,0.0,39967.0,1.317220323763747,0.0,0
1.7593540563987842,0.09383811670985127,285.0,4617.0,0.29155474845909085,1.3748068389957937,0.0,39967.0,1.317220323763747,0.0,0
1.7594953176502655,0.09388213704704336,286.0,4618.0,0.29165198937338005,1.374806838995794,0.0,39967.0,1.317220323763747,0.0,0
1.7595940293498884,0.09388457540986639,287.0,4619.0,0.29174826271017973,1.3748068389957944,0.0,39967.0,1.317220323763747,0.0,0
1.7596893447381092,0.09388457540986639,288.0,4619.0,0.29184357809840067,1.3748068389957941,0.0,39967.0,1.317220323763747,0.0,0
1.7598305687459912,0.09393143244513363,289.0,4621.0,0.29193794507101534,1.3748068389957941,0.0,39967.0,1.317220323763747,0.0,0
1.7599680309151382,0.09397546661927085,290.0,4622.0,0.29203137306602517,1.3748068389957937,0.0,39967.0,1.317220323763747,0.0,0
1.76008154736314,0.09399648470588169,291.0,4623.0,0.29212387142741647,1.3748068389957933,0.0,39967.0,1.317220323763747,0.0,0
1.7603608400857151,0.09418419944976743,292.0,4629.0,0.2922154494061054,1.3748068389957941,0.0,39967.0,1.317220323763747,0.0,0
1.7604515068404838,0.09418419944976743,293.0,4629.0,0.29230611616087426,1.3748068389957944,0.0,39967.0,1.317220323763747,0.0,0
1.7605508302801482,0.09419375829101109,294.0,4630.0,0.29239588075929535,1.3748068389957933,0.0,39967.0,1.317220323763747,0.0,0
1.7606397016994997,0.09419375829101109,295.0,4630.0,0.2924847521786466,1.374806838995794,0.0,39967.0,1.317220323763747,0.0,0
1.76072768882767,0.09419375829101109,296.0,4630.0,0.2925727393068166,1.3748068389957944,0.0,39967.0,1.317220323763747,0.0,0
1.760814800464053,0.09419375829101109,297.0,4630.0,0.29265985094319996,1.3748068389957941,0.0,39967.0,1.317220323763747,0.0,0
1.7609010453204366,0.09419375829101109,298.0,4630.0,0.2927460957995834,1.3748068389957937,0.0,39967.0,1.317220323763747,0.0,0
1.760986432021876,0.09419375829101109,299.0,4630.0,0.29283148250102303,1.3748068389957935,0.0,39967.0,1.317220323763747,0.0,0
1.7610709691075639,0.09419375829101109,300.0,4630.0,0.2929160195867107,1.374806838995794,0.0,39967.0,1.317220323763747,0.0,0
1.7611546650316863,0.09419375829101109,301.0,4630.0,0.29299971551083326,1.3748068389957937,0.0,39967.0,1.317220323763747,0.0,0
1.7612815935400459,0.09423782366678148,302.0,4631.0,0.2930825786434222,1.3748068389957937,0.0,39967.0,1.317220323763747,0.0,0
1.761451770016746,0.0943259615157105,303.0,4633.0,0.2931646172711936,1.3748068389957944,0.0,39967.0,1.317220323763747,0.0,0
1.7615329923439336,0.0943259615157105,304.0,4633.0,0.29324583959838074,1.374806838995794,0.0,39967.0,1.317220323763747,0.0,0
1.7616574823090703,0.09437003733167049,305.0,4634.0,0.2933262537475578,1.3748068389957937,0.0,39967.0,1.317220323763747,0.0,0
1.7617466616981583,0.09437960270786266,306.0,4635.0,0.29340586776045363,1.3748068389957937,0.0,39967.0,1.317220323763747,0.0,0
1.761825483536465,0.09437960270786266,307.0,4635.0,0.2934846895987602,1.3748068389957941,0.0,39967.0,1.317220323763747,0.0,0
1.7619035210826341,0.09437960270786266,308.0,4635.0,0.2935627271449293,1.3748068389957937,0.0,39967.0,1.317220323763747,0.0,0
1.7619807821406686,0.09437960270786266,309.0,4635.0,0.29363998820296383,1.3748068389957937,0.0,39967.0,1.317220323763747,0.0,0
1.762101360952721,0.0944236892236787,310.0,4636.0,0.2937164804992001,1.3748068389957941,0.0,39967.0,1.317220323763747,0.0,0
1.7621770921366022,0.0944236892236787,311.0,4636.0,0.29379221168308134,1.3748068389957941,0.0,39967.0,1.317220323763747,0.0,0
1.7622541922894617,0.09442581173169481,312.0,4637.0,0.2938671893279248,1.374806838995794,0.0,39967.0,1.317220323763747,0.0,0
1.7623725169504187,0.09446990478889614,313.0,4638.0,0.29394142093168035,1.374806838995794,0.0,39967.0,1.317220323763747,0.0,0
1.7624460099364196,0.09446990478889614,314.0,4638.0,0.29401491391768153,1.3748068389957941,0.0,39967.0,1.317220323763747,0.0,0
1.7625628695516435,0.0945140026864127,315.0,4639.0,0.2940876756353887,1.374806838995794,0.0,39967.0,1.317220323763747,0.0,0
1.762638831827645,0.09451792723667776,316.0,4640.0,0.29415971336112506,1.3748068389957941,0.0,39967.0,1.317220323763747,0.0,0
1.76273120282366,0.09453897729501218,317.0,4641.0,0.29423103429880576,1.3748068389957944,0.0,39967.0,1.317220323763747,0.0,0
1.7628018141055128,0.09453897729501218,318.0,4641.0,0.2943016455806585,1.3748068389957935,0.0,39967.0,1.317220323763747,0.0,0
1.7628717227927921,0.09453897729501218,319.0,4641.0,0.2943715542679378,1.3748068389957941,0.0,39967.0,1.317220323763747,0.0,0
1.7629850444297444,0.09458308584827055,320.0,4642.0,0.2944407673516316,1.3748068389957941,0.0,39967.0,1.317220323763747,0.0,0
1.763141794638457,0.09467131165545371,321.0,4644.0,0.29450929175316115,1.3748068389957941,0.0,39967.0,1.317220323763747,0.0,0
1.7632537521861493,0.09471542663123378,322.0,4645.0,0.2945771343250737,1.374806838995794,0.0,39967.0,1.317220323763747,0.0,0
1.763320919712804,0.09471542663123378,323.0,4645.0,0.2946443018517281,1.3748068389957937,0.0,39967.0,1.317220323763747,0.0,0
1.763431539451002,0.0947595471711859,324.0,4646.0,0.29471080104997394,1.3748068389957941,0.0,39967.0,1.317220323763747,0.0,0
1.7635031658628122,0.09476533606314683,325.0,4647.0,0.29477663856982333,1.3748068389957937,0.0,39967.0,1.317220323763747,0.0,0
1.7635683482881057,0.09476533606314683,326.0,4647.0,0.29484182099511685,1.374806838995794,0.0,39967.0,1.317220323763747,0.0,0
1.7636328821371703,0.09476533606314683,327.0,4647.0,0.2949063548441814,1.3748068389957941,0.0,39967.0,1.317220323763747,0.0,0
1.7637409023325132,0.09480946453218776,328.0,4648.0,0.2949702465704833,1.3748068389957937,0.0,39967.0,1.317220323763747,0.0,0
1.763804158325303,0.09480946453218776,329.0,4648.0,0.29503350256327304,1.3748068389957941,0.0,39967.0,1.317220323763747,0.0,0
1.7638667849102552,0.09480946453218776,330.0,4648.0,0.2950961291482252,1.374806838995794,0.0,39967.0,1.317220323763747,0.0,0
1.7639729216785283,0.09485359786061563,331.0,4649.0,0.2951581325880707,1.3748068389957937,0.0,39967.0,1.317220323763747,0.0,0
1.7640784448184603,0.09489773450539492,332.0,4650.0,0.29521951908322347,1.3748068389957941,0.0,39967.0,1.317220323763747,0.0,0
1.7641392205076378,0.09489773450539492,333.0,4650.0,0.29528029477240103,1.3748068389957937,0.0,39967.0,1.317220323763747,0.0,0
1.7641993914684748,0.09489773450539492,334.0,4650.0,0.2953404657332379,1.3748068389957941,0.0,39967.0,1.317220323763747,0.0,0
1.764258963718131,0.09489773450539492,335.0,4650.0,0.2954000379828939,1.3748068389957941,0.0,39967.0,1.317220323763747,0.0,0
1.7643179432138927,0.09489773450539492,336.0,4650.0,0.29545901747865577,1.3748068389957935,0.0,39967.0,1.317220323763747,0.0,0
1.7643763358537707,0.09489773450539492,337.0,4650.0,0.2955174101185338,1.374806838995794,0.0,39967.0,1.317220323763747,0.0,0
1.7644341474770875,0.09489773450539492,338.0,4650.0,0.2955752217418504,1.3748068389957941,0.0,39967.0,1.317220323763747,0.0,0
1.7644913838650622,0.09489773450539492,339.0,4650.0,0.2956324581298253,1.3748068389957941,0.0,39967.0,1.317220323763747,0.0,0
1.7645480507413902,0.09489773450539492,340.0,4650.0,0.2956891250061532,1.3748068389957941,0.0,39967.0,1.317220323763747,0.0,0
1.7646041537728134,0.09489773450539492,341.0,4650.0,0.2957452280375763,1.3748068389957941,0.0,39967.0,1.317220323763747,0.0,0
1.7646596985696885,0.09489773450539492,342.0,4650.0,0.2958007728344517,1.3748068389957941,0.0,39967.0,1.317220323763747,0.0,0
1.7647146906865483,0.09489773450539492,343.0,4650.0,0.2958557649513111,1.3748068389957941,0.0,39967.0,1.317220323763747,0.0,0
1.7647691356226547,0.09489773450539492,344.0,4650.0,0.2959102098874177,1.3748068389957935,0.0,39967.0,1.317220323763747,0.0,0
1.764823038822552,0.09489773450539492,345.0,4650.0,0.2959641130873154,1.3748068389957933,0.0,39967.0,1.317220323763747,0.0,0
1.7648898088946317,0.09491113772341592,346.0,4651.0,0.2960174799413738,1.3748068389957941,0.0,39967.0,1.317220323763747,0.0,0
1.7649426447395848,0.09491113772341592,347.0,4651.0,0.29607031578632664,1.3748068389957941,0.0,39967.0,1.317220323763747,0.0,0
1.7650601939276003,0.09497637679195182,348.0,4653.0,0.2961226259058064,1.3748068389957935,0.0,39967.0,1.317220323763747,0.0,0
1.7651119835526654,0.09497637679195182,349.0,4653.0,0.29617441553087187,1.3748068389957933,0.0,39967.0,1.317220323763747,0.0,0
1.7651632578623255,0.09497637679195182,350.0,4653.0,0.2962256898405317,1.3748068389957935,0.0,39967.0,1.317220323763747,0.0,0
1.7652140219840562,0.09497637679195182,351.0,4653.0,0.29627645396226243,1.3748068389957935,0.0,39967.0,1.317220323763747,0.0,0
1.7652642809943146,0.09497637679195182,352.0,4653.0,0.29632671297252083,1.3748068389957937,0.0,39967.0,1.317220323763747,0.0,0
1.7653140399190461,0.09497637679195182,353.0,4653.0,0.29637647189725247,1.3748068389957941,0.0,39967.0,1.317220323763747,0.0,0
1.7654074737234193,0.0950205467811846,354.0,4654.0,0.2964257357123927,1.3748068389957941,0.0,39967.0,1.317220323763747,0.0,0
1.765456247355393,0.0950205467811846,355.0,4654.0,0.2964745093443666,1.3748068389957941,0.0,39967.0,1.317220323763747,0.0,0
1.765504535681606,0.0950205467811846,356.0,4654.0,0.2965227976705792,1.3748068389957941,0.0,39967.0,1.317220323763747,0.0,0
1.7655523435309317,0.0950205467811846,357.0,4654.0,0.29657060551990505,1.3748068389957937,0.0,39967.0,1.317220323763747,0.0,0
1.765602995522432,0.09502386661941936,358.0,4655.0,0.2966179376731704,1.3748068389957944,0.0,39967.0,1.317220323763747,0.0,0
1.7656498567128924,0.09502386661941936,359.0,4655.0,0.2966647988636311,1.3748068389957944,0.0,39967.0,1.317220323763747,0.0,0
1.7656962516267076,0.09502386661941936,360.0,4655.0,0.29671119377744626,1.3748068389957937,0.0,39967.0,1.317220323763747,0.0,0
1.7657421849034085,0.09502386661941936,361.0,4655.0,0.2967571270541472,1.3748068389957937,0.0,39967.0,1.317220323763747,0.0,0
1.7657876611363619,0.09502386661941936,362.0,4655.0,0.2968026032871005,1.3748068389957937,0.0,39967.0,1.317220323763747,0.0,0
1.76583268487323,0.09502386661941936,363.0,4655.0,0.2968476270239685,1.3748068389957944,0.0,39967.0,1.317220323763747,0.0,0
1.7658772606164241,0.09502386661941936,364.0,4655.0,0.29689220276716277,1.3748068389957941,0.0,39967.0,1.317220323763747,0.0,0
1.7659655762490079,0.09506805004486979,365.0,4656.0,0.2969363349742959,1.3748068389957941,0.0,39967.0,1.317220323763747,0.0,0
1.7660092693333378,0.09506805004486979,366.0,4656.0,0.2969800280586257,1.3748068389957944,0.0,39967.0,1.317220323763747,0.0,0
1.7660525276642096,0.09506805004486979,367.0,4656.0,0.29702328638949765,1.374806838995794,0.0,39967.0,1.317220323763747,0.0,0
1.766095355567493,0.09506805004486979,368.0,4656.0,0.29706611429278124,1.3748068389957941,0.0,39967.0,1.317220323763747,0.0,0
1.766137757326015,0.09506805004486979,369.0,4656.0,0.29710851605130323,1.3748068389957941,0.0,39967.0,1.317220323763747,0.0,0
1.7661797371799868,0.09506805004486979,370.0,4656.0,0.29715049590527504,1.3748068389957941,0.0,39967.0,1.317220323763747,0.0,0
1.766221299327429,0.09506805004486979,371.0,4656.0,0.29719205805271737,1.3748068389957941,0.0,39967.0,1.317220323763747,0.0,0
1.766262447924592,0.09506805004486979,372.0,4656.0,0.29723320664988007,1.3748068389957944,0.0,39967.0,1.317220323763747,0.0,0
1.7663031870863692,0.09506805004486979,373.0,4656.0,0.2972739458116574,1.3748068389957941,0.0,39967.0,1.317220323763747,0.0,0
1.7663435208867118,0.09506805004486979,374.0,4656.0,0.2973142796119997,1.3748068389957941,0.0,39967.0,1.317220323763747,0.0,0
1.766383453359033,0.09506805004486979,375.0,4656.0,0.2973542120843211,1.374806838995794,0.0,39967.0,1.317220323763747,0.0,0
1.7664229884966138,0.09506805004486979,376.0,4656.0,0.297393747221902,1.3748068389957937,0.0,39967.0,1.317220323763747,0.0,0
1.7664621302530013,0.09506805004486979,377.0,4656.0,0.2974328889782894,1.374806838995794,0.0,39967.0,1.317220323763747,0.0,0
1.7665008825424038,0.09506805004486979,378.0,4656.0,0.2974716412676919,1.3748068389957935,0.0,39967.0,1.317220323763747,0.0,0
1.7665392492400824,0.09506805004486979,379.0,4656.0,0.2975100079653709,1.3748068389957937,0.0,39967.0,1.317220323763747,0.0,0
1.76657723418274,0.09506805004486979,380.0,4656.0,0.2975479929080281,1.3748068389957941,0.0,39967.0,1.317220323763747,0.0,0
1.7666148411689013,0.09506805004486979,381.0,4656.0,0.29758559989418953,1.3748068389957937,0.0,39967.0,1.317220323763747,0.0,0
1.7666520739592975,0.09506805004486979,382.0,4656.0,0.2976228326845855,1.3748068389957935,0.0,39967.0,1.317220323763747,0.0,0
1.7666889362772382,0.09506805004486979,383.0,4656.0,0.29765969500252615,1.3748068389957941,0.0,39967.0,1.317220323763747,0.0,0
1.7667254318089858,0.09506805004486979,384.0,4656.0,0.2976961905342741,1.3748068389957933,0.0,39967.0,1.317220323763747,0.0,0
1.7667615642041246,0.09506805004486979,385.0,4656.0,0.2977323229294127,1.3748068389957935,0.0,39967.0,1.317220323763747,0.0,0
1.766797337075924,0.09506805004486979,386.0,4656.0,0.2977680958012121,1.3748068389957941,0.0,39967.0,1.317220323763747,0.0,0
1.766832754001701,0.09506805004486979,387.0,4656.0,0.29780351272698913,1.3748068389957941,0.0,39967.0,1.317220323763747,0.0,0
1.7668678185231779,0.09506805004486979,388.0,4656.0,0.2978385772484659,1.3748068389957941,0.0,39967.0,1.317220323763747,0.0,0
1.766902534146836,0.09506805004486979,389.0,4656.0,0.2978732928721242,1.3748068389957941,0.0,39967.0,1.317220323763747,0.0,0
1.7669369043442666,0.09506805004486979,390.0,4656.0,0.2979076630695549,1.3748068389957941,0.0,39967.0,1.317220323763747,0.0,0
1.7669709325525187,0.09506805004486979,391.0,4656.0,0.29794169127780673,1.3748068389957944,0.0,39967.0,1.317220323763747,0.0,0
1.7670046221744407,0.09506805004486979,392.0,4656.0,0.29797538089972886,1.3748068389957935,0.0,39967.0,1.317220323763747,0.0,0
1.7670379765790234,0.09506805004486979,393.0,4656.0,0.29800873530431155,1.3748068389957937,0.0,39967.0,1.317220323763747,0.0,0
1.767070999101735,0.09506805004486979,394.0,4656.0,0.2980417578270231,1.3748068389957937,0.0,39967.0,1.317220323763747,0.0,0
1.7671036930448554,0.09506805004486979,395.0,4656.0,0.2980744517701435,1.3748068389957937,0.0,39967.0,1.317220323763747,0.0,0
1.767136061677806,0.09506805004486979,396.0,4656.0,0.298106820403094,1.3748068389957941,0.0,39967.0,1.317220323763747,0.0,0
1.7671681082374773,0.09506805004486979,397.0,4656.0,0.2981388669627653,1.3748068389957944,0.0,39967.0,1.317220323763747,0.0,0
1.7671998359285517,0.09506805004486979,398.0,4656.0,0.29817059465383966,1.3748068389957941,0.0,39967.0,1.317220323763747,0.0,0
1.7672312479238248,0.09506805004486979,399.0,4656.0,0.29820200664911306,1.3748068389957941,0.0,39967.0,1.317220323763747,0.0,0
1.7672623473645228,0.09506805004486979,400.0,4656.0,0.29823310608981096,1.3748068389957941,0.0,39967.0,1.317220323763747,0.0,0
1.7672931373606153,0.09506805004486979,401.0,4656.0,0.2982638960859035,1.3748068389957941,0.0,39967.0,1.317220323763747,0.0,0
1.7673236209911274,0.09506805004486979,402.0,4656.0,0.2982943797164157,1.3748068389957941,0.0,39967.0,1.317220323763747,0.0,0
1.7673538013044485,0.09506805004486979,403.0,4656.0,0.2983245600297364,1.3748068389957937,0.0,39967.0,1.317220323763747,0.0,0
1.7673836813186339,0.09506805004486979,404.0,4656.0,0.29835444004392203,1.3748068389957937,0.0,39967.0,1.317220323763747,0.0,0
1.7674132640217106,0.09506805004486979,405.0,4656.0,0.29838402274699866,1.3748068389957941,0.0,39967.0,1.317220323763747,0.0,0
1.7674425523719735,0.09506805004486979,406.0,4656.0,0.29841331109726155,1.3748068389957937,0.0,39967.0,1.317220323763747,0.0,0
1.7674715492982818,0.09506805004486979,407.0,4656.0,0.29844230802357014,1.374806838995794,0.0,39967.0,1.317220323763747,0.0,0
1.7675002577003531,0.09506805004486979,408.0,4656.0,0.298471016425641,1.3748068389957941,0.0,39967.0,1.317220323763747,0.0,0
1.76752868044905,0.09506805004486979,409.0,4656.0,0.29849943917433813,1.3748068389957935,0.0,39967.0,1.317220323763747,0.0,0
1.7675568203866725,0.09506805004486979,410.0,4656.0,0.29852757911196076,1.3748068389957937,0.0,39967.0,1.317220323763747,0.0,0
1.7675846803272373,0.09506805004486979,411.0,4656.0,0.29855543905252546,1.3748068389957933,0.0,39967.0,1.317220323763747,0.0,0
1.7676122630567617,0.09506805004486979,412.0,4656.0,0.29858302178204993,1.3748068389957935,0.0,39967.0,1.317220323763747,0.0,0
1.7676395713335415,0.09506805004486979,413.0,4656.0,0.2986103300588298,1.3748068389957941,0.0,39967.0,1.317220323763747,0.0,0
1.7677108358605633,0.09511227801700566,414.0,4657.0,0.2986373666137157,1.3748068389957941,0.0,39967.0,1.317220323763747,0.0,0
1.7677376033972332,0.09511227801700566,415.0,4657.0,0.2986641341503854,1.3748068389957941,0.0,39967.0,1.317220323763747,0.0,0
1.767764104592463,0.09511227801700566,416.0,4657.0,0.2986906353456153,1.3748068389957941,0.0,39967.0,1.317220323763747,0.0,0
1.7678114530860614,0.09513338900667279,417.0,4658.0,0.2987168728495468,1.374806838995794,0.0,39967.0,1.317220323763747,0.0,0
1.7678374295224668,0.09513338900667279,418.0,4658.0,0.2987428492859519,1.374806838995794,0.0,39967.0,1.317220323763747,0.0,0
1.7678631474890112,0.09513338900667279,419.0,4658.0,0.29876856725249634,1.3748068389957941,0.0,39967.0,1.317220323763747,0.0,0
1.7678886095575128,0.09513338900667279,420.0,4658.0,0.298794029320998,1.3748068389957933,0.0,39967.0,1.317220323763747,0.0,0
1.7679138182741998,0.09513338900667279,421.0,4658.0,0.29881923803768495,1.3748068389957937,0.0,39967.0,1.317220323763747,0.0,0
1.7680272467386924,0.0952218595854002,422.0,4660.0,0.29884419592344996,1.374806838995794,0.0,39967.0,1.317220323763747,0.0,0
1.7681404312008306,0.09531033449688629,423.0,4662.0,0.29886890547410216,1.3748068389957941,0.0,39967.0,1.317220323763747,0.0,0
1.7681648948873459,0.09531033449688629,424.0,4662.0,0.29889336916061743,1.3748068389957941,0.0,39967.0,1.317220323763747,0.0,0
1.768189115156113,0.09531033449688629,425.0,4662.0,0.29891758942938473,1.3748068389957937,0.0,39967.0,1.317220323763747,0.0,0
1.7682130944291794,0.09531033449688629,426.0,4662.0,0.29894156870245114,1.374806838995794,0.0,39967.0,1.317220323763747,0.0,0
1.7682368351044921,0.09531033449688629,427.0,4662.0,0.29896530937776394,1.3748068389957935,0.0,39967.0,1.317220323763747,0.0,0
1.768260339556139,0.09531033449688629,428.0,4662.0,0.29898881382941045,1.3748068389957941,0.0,39967.0,1.317220323763747,0.0,0
1.7682836101345838,0.09531033449688629,429.0,4662.0,0.2990120844078555,1.3748068389957937,0.0,39967.0,1.317220323763747,0.0,0
1.768306649166905,0.09531033449688629,430.0,4662.0,0.29903512344017635,1.3748068389957941,0.0,39967.0,1.317220323763747,0.0,0
1.7683294589570235,0.09531033449688629,431.0,4662.0,0.29905793323029517,1.374806838995794,0.0,39967.0,1.317220323763747,0.0,0
1.7683520417859384,0.09531033449688629,432.0,4662.0,0.29908051605921027,1.3748068389957941,0.0,39967.0,1.317220323763747,0.0,0
1.7683743999119514,0.09531033449688629,433.0,4662.0,0.2991028741852231,1.3748068389957941,0.0,39967.0,1.317220323763747,0.0,0
1.7683965355708935,0.09531033449688629,434.0,4662.0,0.2991250098441651,1.3748068389957937,0.0,39967.0,1.317220323763747,0.0,0
1.768418450976349,0.09531033449688629,435.0,4662.0,0.29914692524962055,1.3748068389957941,0.0,39967.0,1.317220323763747,0.0,0
1.7684401483198766,0.09531033449688629,436.0,4662.0,0.29916862259314836,1.3748068389957941,0.0,39967.0,1.317220323763747,0.0,0
1.7684616297712292,0.09531033449688629,437.0,4662.0,0.2991901040445007,1.3748068389957944,0.0,39967.0,1.317220323763747,0.0,0
1.7684828974785693,0.09531033449688629,438.0,4662.0,0.29921137175184076,1.374806838995794,0.0,39967.0,1.317220323763747,0.0,0
1.768525073058661,0.09533145398686184,439.0,4663.0,0.2992324278419573,1.3748068389957941,0.0,39967.0,1.317220323763747,0.0,0
1.7685459196371804,0.09533145398686184,440.0,4663.0,0.2992532744204764,1.3748068389957937,0.0,39967.0,1.317220323763747,0.0,0
1.7685665587887773,0.09533145398686184,441.0,4663.0,0.29927391357207334,1.3748068389957935,0.0,39967.0,1.317220323763747,0.0,0
1.7685869925773847,0.09533145398686184,442.0,4663.0,0.2992943473606808,1.3748068389957937,0.0,39967.0,1.317220323763747,0.0,0
1.768607223046398,0.09533145398686184,443.0,4663.0,0.2993145778296943,1.3748068389957935,0.0,39967.0,1.317220323763747,0.0,0
1.768627252218882,0.09533145398686184,444.0,4663.0,0.29933460700217795,1.3748068389957941,0.0,39967.0,1.317220323763747,0.0,0
1.7687355873935913,0.09541995928268386,445.0,4665.0,0.29935443688106556,1.3748068389957941,0.0,39967.0,1.317220323763747,0.0,0
1.7688205980793021,0.09548533740009889,446.0,4667.0,0.29937406944936135,1.3748068389957941,0.0,39967.0,1.317220323763747,0.0,0
1.7688400353002798,0.09548533740009889,447.0,4667.0,0.2993935066703386,1.3748068389957941,0.0,39967.0,1.317220323763747,0.0,0
1.7688592791176772,0.09548533740009889,448.0,4667.0,0.2994127504877358,1.3748068389957941,0.0,39967.0,1.317220323763747,0.0,0
1.7688783314558918,0.09548533740009889,449.0,4667.0,0.29943180282595067,1.3748068389957937,0.0,39967.0,1.317220323763747,0.0,0
1.7688971942201737,0.09548533740009889,450.0,4667.0,0.2994506655902328,1.3748068389957937,0.0,39967.0,1.317220323763747,0.0,0
1.7689158692968152,0.09548533740009889,451.0,4667.0,0.2994693406668742,1.3748068389957937,0.0,39967.0,1.317220323763747,0.0,0
1.7689343585533395,0.09548533740009889,452.0,4667.0,0.29948782992339845,1.3748068389957944,0.0,39967.0,1.317220323763747,0.0,0
1.7689526638386872,0.09548533740009889,453.0,4667.0,0.29950613520874625,1.3748068389957941,0.0,39967.0,1.317220323763747,0.0,0
1.7689707869834026,0.09548533740009889,454.0,4667.0,0.29952425835346186,1.3748068389957941,0.0,39967.0,1.317220323763747,0.0,0
1.7689887297998155,0.09548533740009889,455.0,4667.0,0.2995422011698742,1.3748068389957944,0.0,39967.0,1.317220323763747,0.0,0
1.7690064940822214,0.09548533740009889,456.0,4667.0,0.2995599654522806,1.3748068389957935,0.0,39967.0,1.317220323763747,0.0,0
1.7690240816070646,0.09548533740009889,457.0,4667.0,0.2995775529771234,1.3748068389957941,0.0,39967.0,1.317220323763747,0.0,0
1.7690414941331112,0.09548533740009889,458.0,4667.0,0.2995949655031703,1.374806838995794,0.0,39967.0,1.317220323763747,0.0,0
1.769058733401629,0.09548533740009889,459.0,4667.0,0.29961220477168815,1.3748068389957933,0.0,39967.0,1.317220323763747,0.0,0
1.7690758011365593,0.09548533740009889,460.0,4667.0,0.2996292725066182,1.3748068389957941,0.0,39967.0,1.317220323763747,0.0,0
1.7690926990446894,0.09548533740009889,461.0,4667.0,0.2996461704147481,1.3748068389957941,0.0,39967.0,1.317220323763747,0.0,0
1.769109428815824,0.09548533740009889,462.0,4667.0,0.29966290018588276,1.3748068389957941,0.0,39967.0,1.317220323763747,0.0,0
1.769125992122954,0.09548533740009889,463.0,4667.0,0.2996794634930134,1.3748068389957933,0.0,39967.0,1.317220323763747,0.0,0
1.769142390622425,0.09548533740009889,464.0,4667.0,0.2996958619924844,1.3748068389957937,0.0,39967.0,1.317220323763747,0.0,0
1.7691586259541006,0.09548533740009889,465.0,4667.0,0.2997120973241593,1.3748068389957941,0.0,39967.0,1.317220323763747,0.0,0
1.7691746997415263,0.09548533740009889,466.0,4667.0,0.2997281711115852,1.3748068389957941,0.0,39967.0,1.317220323763747,0.0,0
1.7691906135920945,0.09548533740009889,467.0,4667.0,0.2997440849621536,1.3748068389957937,0.0,39967.0,1.317220323763747,0.0,0
1.7692063690972044,0.09548533740009889,468.0,4667.0,0.29975984046726334,1.3748068389957941,0.0,39967.0,1.317220323763747,0.0,0
1.7692219678324188,0.09548533740009889,469.0,4667.0,0.2997754392024778,1.3748068389957941,0.0,39967.0,1.317220323763747,0.0,0
1.7692374113576248,0.09548533740009889,470.0,4667.0,0.29979088272768367,1.374806838995794,0.0,39967.0,1.317220323763747,0.0,0
1.769252701217187,0.09548533740009889,471.0,4667.0,0.299806172587246,1.3748068389957944,0.0,39967.0,1.317220323763747,0.0,0
1.7692678389401049,0.09548533740009889,472.0,4667.0,0.2998213103101639,1.3748068389957944,0.0,39967.0,1.317220323763747,0.0,0
1.7692828260401632,0.09548533740009889,473.0,4667.0,0.2998362974102222,1.374806838995794,0.0,39967.0,1.317220323763747,0.0,0
1.7692976640160842,0.09548533740009889,474.0,4667.0,0.2998511353861432,1.3748068389957941,0.0,39967.0,1.317220323763747,0.0,0
1.7693123543516778,0.09548533740009889,475.0,4667.0,0.29986582572173687,1.374806838995794,0.0,39967.0,1.317220323763747,0.0,0
1.7693268985159902,0.09548533740009889,476.0,4667.0,0.29988036988604927,1.3748068389957937,0.0,39967.0,1.317220323763747,0.0,0
1.7693412979634497,0.09548533740009889,477.0,4667.0,0.29989476933350884,1.3748068389957937,0.0,39967.0,1.317220323763747,0.0,0
1.7693555541340131,0.09548533740009889,478.0,4667.0,0.2999090255040721,1.3748068389957941,0.0,39967.0,1.317220323763747,0.0,0
1.7694139391955164,0.09552960814230611,479.0,4668.0,0.29992313982336816,1.3748068389957941,0.0,39967.0,1.317220323763747,0.0,0
1.7694279130749888,0.09552960814230611,480.0,4668.0,0.29993711370284065,1.3748068389957937,0.0,39967.0,1.317220323763747,0.0,0
1.7694417479120375,0.09552960814230611,481.0,4668.0,0.2999509485398895,1.3748068389957941,0.0,39967.0,1.317220323763747,0.0,0
1.7694554450901576,0.09552960814230611,482.0,4668.0,0.2999646457180093,1.3748068389957944,0.0,39967.0,1.317220323763747,0.0,0
1.769469005979078,0.09552960814230611,483.0,4668.0,0.29997820660692964,1.3748068389957941,0.0,39967.0,1.317220323763747,0.0,0
1.7694824319348992,0.09552960814230611,484.0,4668.0,0.299991632562751,1.3748068389957937,0.0,39967.0,1.317220323763747,0.0,0
1.769495724300228,0.09552960814230611,485.0,4668.0,0.30000492492807984,1.3748068389957941,0.0,39967.0,1.317220323763747,0.0,0
1.7695088844043119,0.09552960814230611,486.0,4668.0,0.3000180850321636,1.374806838995794,0.0,39967.0,1.317220323763747,0.0,0
1.769531521523921,0.09553921610305487,487.0,4669.0,0.30003111419102413,1.3748068389957935,0.0,39967.0,1.317220323763747,0.0,0
1.7695444210404845,0.09553921610305487,488.0,4669.0,0.30004401370758765,1.3748068389957937,0.0,39967.0,1.317220323763747,0.0,0
1.7695571922047137,0.09553921610305487,489.0,4669.0,0.30005678487181686,1.3748068389957941,0.0,39967.0,1.317220323763747,0.0,0
1.7695698362937358,0.09553921610305487,490.0,4669.0,0.3000694289608388,1.3748068389957937,0.0,39967.0,1.317220323763747,0.0,0
1.76958235457197,0.09553921610305487,491.0,4669.0,0.30008194723907283,1.3748068389957941,0.0,39967.0,1.317220323763747,0.0,0
1.7695947482912542,0.09553921610305487,492.0,4669.0,0.3000943409583573,1.3748068389957941,0.0,39967.0,1.317220323763747,0.0,0
1.7696070186909714,0.09553921610305487,493.0,4669.0,0.3001066113580745,1.3748068389957941,0.0,39967.0,1.317220323763747,0.0,0
1.7696191669981711,0.09553921610305487,494.0,4669.0,0.30011875966527435,1.3748068389957935,0.0,39967.0,1.317220323763747,0.0,0
1.769631194427695,0.09553921610305487,495.0,4669.0,0.300130787094798,1.3748068389957941,0.0,39967.0,1.317220323763747,0.0,0
1.7696431021822951,0.09553921610305487,496.0,4669.0,0.3001426948493983,1.374806838995794,0.0,39967.0,1.317220323763747,0.0,0
1.7696683310873473,0.09555265573764443,497.0,4670.0,0.3001544841198607,1.3748068389957946,0.0,39967.0,1.317220323763747,0.0,0
1.7696800030526085,0.09555265573764443,498.0,4670.0,0.30016615608512204,1.3748068389957944,0.0,39967.0,1.317220323763747,0.0,0
1.769691558879875,0.09555265573764443,499.0,4670.0,0.30017771191238857,1.374806838995794,0.0,39967.0,1.317220323763747,0.0,0
1.7697029997247389,0.09555265573764443,500.0,4670.0,0.30018915275725244,1.3748068389957941,0.0,39967.0,1.317220323763747,0.0,0
1.7697143267312947,0.09555265573764443,501.0,4670.0,0.3002004797638081,1.3748068389957941,0.0,39967.0,1.317220323763747,0.0,0
1.7697255410322517,0.09555265573764443,502.0,4670.0,0.30021169406476533,1.3748068389957941,0.0,39967.0,1.317220323763747,0.0,0
1.7697366437490503,0.09555265573764443,503.0,4670.0,0.3002227967815635,1.3748068389957944,0.0,39967.0,1.317220323763747,0.0,0
1.7697476359919704,0.09555265573764443,504.0,4670.0,0.3002337890244839,1.374806838995794,0.0,39967.0,1.317220323763747,0.0,0
1.769758518860246,0.09555265573764443,505.0,4670.0,0.3002446718927597,1.374806838995794,0.0,39967.0,1.317220323763747,0.0,0
1.7697692934421734,0.09555265573764443,506.0,4670.0,0.30025544647468666,1.3748068389957941,0.0,39967.0,1.317220323763747,0.0,0
1.769779960815219,0.09555265573764443,507.0,4670.0,0.3002661138477325,1.3748068389957941,0.0,39967.0,1.317220323763747,0.0,0
1.7697905220461296,0.09555265573764443,508.0,4670.0,0.30027667507864286,1.3748068389957944,0.0,39967.0,1.317220323763747,0.0,0
1.7698009781910364,0.09555265573764443,509.0,4670.0,0.30028713122355,1.3748068389957933,0.0,39967.0,1.317220323763747,0.0,0
1.7698113302955634,0.09555265573764443,510.0,4670.0,0.3002974833280769,1.3748068389957935,0.0,39967.0,1.317220323763747,0.0,0
1.7698215793949295,0.09555265573764443,511.0,4670.0,0.30030773242744274,1.3748068389957937,0.0,39967.0,1.317220323763747,0.0,0
1.7698317265140524,0.09555265573764443,512.0,4670.0,0.30031787954656586,1.3748068389957941,0.0,39967.0,1.317220323763747,0.0,0
1.7698417726676534,0.09555265573764443,513.0,4670.0,0.30032792570016686,1.3748068389957941,0.0,39967.0,1.317220323763747,0.0,0
1.7698517188603557,0.09555265573764443,514.0,4670.0,0.30033787189286937,1.374806838995794,0.0,39967.0,1.317220323763747,0.0,0
1.7698615660867874,0.09555265573764443,515.0,4670.0,0.3003477191193008,1.3748068389957941,0.0,39967.0,1.317220323763747,0.0,0
1.7698713153316785,0.09555265573764443,516.0,4670.0,0.30035746836419214,1.3748068389957937,0.0,39967.0,1.317220323763747,0.0,0
1.769925251005583,0.09559693917326495,517.0,4671.0,0.300367120602476,1.3748068389957933,0.0,39967.0,1.317220323763747,0.0,0
1.7699348072024914,0.09559693917326495,518.0,4671.0,0.3003766767993843,1.3748068389957941,0.0,39967.0,1.317220323763747,0.0,0
1.769944268313652,0.09559693917326495,519.0,4671.0,0.30038613791054464,1.3748068389957941,0.0,39967.0,1.317220323763747,0.0,0
1.7699536352851832,0.09559693917326495,520.0,4671.0,0.30039550488207606,1.3748068389957941,0.0,39967.0,1.317220323763747,0.0,0
1.7699629090537905,0.09559693917326495,521.0,4671.0,0.3004047786506833,1.3748068389957941,0.0,39967.0,1.317220323763747,0.0,0
1.7700163763229377,0.09564122494934431,522.0,4672.0,0.3004139601437514,1.3748068389957941,0.0,39967.0,1.317220323763747,0.0,0
1.770025466458623,0.09564122494934431,523.0,4672.0,0.30042305027943683,1.3748068389957935,0.0,39967.0,1.317220323763747,0.0,0
1.7700344661459473,0.09564122494934431,524.0,4672.0,0.300432049966761,1.3748068389957937,0.0,39967.0,1.317220323763747,0.0,0
1.7700433762848864,0.09564122494934431,525.0,4672.0,0.3004409601057,1.3748068389957937,0.0,39967.0,1.317220323763747,0.0,0
1.7700521977664618,0.09564122494934431,526.0,4672.0,0.30044978158727526,1.3748068389957941,0.0,39967.0,1.317220323763747,0.0,0
1.7700609314728286,0.09564122494934431,527.0,4672.0,0.3004585152936425,1.3748068389957933,0.0,39967.0,1.317220323763747,0.0,0
1.7700695782773657,0.09564122494934431,528.0,4672.0,0.30046716209817914,1.3748068389957941,0.0,39967.0,1.317220323763747,0.0,0
1.7700781390447595,0.09564122494934431,529.0,4672.0,0.3004757228655732,1.3748068389957941,0.0,39967.0,1.317220323763747,0.0,0
1.770086614631095,0.09564122494934431,530.0,4672.0,0.30048419845190844,1.3748068389957946,0.0,39967.0,1.317220323763747,0.0,0
1.770095005883937,0.09564122494934431,531.0,4672.0,0.30049258970475057,1.3748068389957941,0.0,39967.0,1.317220323763747,0.0,0
1.770103313642418,0.09564122494934431,532.0,4672.0,0.3005008974632319,1.3748068389957933,0.0,39967.0,1.317220323763747,0.0,0
1.7701115387373216,0.09564122494934431,533.0,4672.0,0.30050912255813506,1.3748068389957941,0.0,39967.0,1.317220323763747,0.0,0
1.770119681991163,0.09564122494934431,534.0,4672.0,0.3005172658119767,1.3748068389957941,0.0,39967.0,1.317220323763747,0.0,0
1.7701277442182752,0.09564122494934431,535.0,4672.0,0.30052532803908866,1.3748068389957944,0.0,39967.0,1.317220323763747,0.0,0
1.770135726224887,0.09564122494934431,536.0,4672.0,0.3005333100457005,1.3748068389957935,0.0,39967.0,1.317220323763747,0.0,0
1.7701436288092058,0.09564122494934431,537.0,4672.0,0.30054121263001954,1.374806838995794,0.0,39967.0,1.317220323763747,0.0,0
1.7701514527614974,0.09564122494934431,538.0,4672.0,0.30054903658231086,1.374806838995794,0.0,39967.0,1.317220323763747,0.0,0
1.7701591988641625,0.09564122494934431,539.0,4672.0,0.3005567826849761,1.3748068389957937,0.0,39967.0,1.317220323763747,0.0,0
1.7701668678918183,0.09564122494934431,540.0,4672.0,0.3005644517126321,1.3748068389957937,0.0,39967.0,1.317220323763747,0.0,0
1.770174460611374,0.09564122494934431,541.0,4672.0,0.3005720444321878,1.3748068389957941,0.0,39967.0,1.317220323763747,0.0,0
1.7701893026682347,0.09564854983547097,542.0,4673.0,0.3005795616029217,1.3748068389957941,0.0,39967.0,1.317220323763747,0.0,0
1.77019674504187,0.09564854983547097,543.0,4673.0,0.300587003976557,1.3748068389957937,0.0,39967.0,1.317220323763747,0.0,0
1.7702041133626507,0.09564854983547097,544.0,4673.0,0.30059437229733754,1.3748068389957941,0.0,39967.0,1.317220323763747,0.0,0
1.770211408367414,0.09564854983547097,545.0,4673.0,0.300601667302101,1.374806838995794,0.0,39967.0,1.317220323763747,0.0,0
1.7702186307856678,0.09564854983547097,546.0,4673.0,0.30060888972035443,1.3748068389957941,0.0,39967.0,1.317220323763747,0.0,0
1.7702257813396585,0.09564854983547097,547.0,4673.0,0.30061604027434546,1.3748068389957937,0.0,39967.0,1.317220323763747,0.0,0
1.7702328607444486,0.09564854983547097,548.0,4673.0,0.30062311967913546,1.3748068389957941,0.0,39967.0,1.317220323763747,0.0,0
1.770239869707984,0.09564854983547097,549.0,4673.0,0.30063012864267097,1.3748068389957937,0.0,39967.0,1.317220323763747,0.0,0
1.7702468089311671,0.09564854983547097,550.0,4673.0,0.3006370678658541,1.374806838995794,0.0,39967.0,1.317220323763747,0.0,0
1.770253679107926,0.09564854983547097,551.0,4673.0,0.3006439380426128,1.3748068389957944,0.0,39967.0,1.317220323763747,0.0,0
1.7702604809252835,0.09564854983547097,552.0,4673.0,0.30065073985997065,1.3748068389957937,0.0,39967.0,1.317220323763747,0.0,0
1.770267215063428,0.09564854983547097,553.0,4673.0,0.30065747399811477,1.3748068389957941,0.0,39967.0,1.317220323763747,0.0,0
1.7702738821957782,0.09564854983547097,554.0,4673.0,0.3006641411304651,1.3748068389957937,0.0,39967.0,1.317220323763747,0.0,0
1.7702804829890528,0.09564854983547097,555.0,4673.0,0.30067074192373994,1.374806838995794,0.0,39967.0,1.317220323763747,0.0,0
1.7702870181033374,0.09564854983547097,556.0,4673.0,0.30067727703802444,1.3748068389957941,0.0,39967.0,1.317220323763747,0.0,0
1.7702934881921482,0.09564854983547097,557.0,4673.0,0.30068374712683515,1.3748068389957941,0.0,39967.0,1.317220323763747,0.0,0
1.7702998939024996,0.09564854983547097,558.0,4673.0,0.3006901528371866,1.374806838995794,0.0,39967.0,1.317220323763747,0.0,0
1.7703062358749682,0.09564854983547097,559.0,4673.0,0.30069649480965527,1.3748068389957941,0.0,39967.0,1.317220323763747,0.0,0
1.7703125147437564,0.09564854983547097,560.0,4673.0,0.3007027736784433,1.3748068389957937,0.0,39967.0,1.317220323763747,0.0,0
1.770318731136756,0.09564854983547097,561.0,4673.0,0.30070899007144314,1.3748068389957944,0.0,39967.0,1.317220323763747,0.0,0
1.770324885675612,0.09564854983547097,562.0,4673.0,0.30071514461029913,1.3748068389957937,0.0,39967.0,1.317220323763747,0.0,0
1.770330978975783,0.09564854983547097,563.0,4673.0,0.30072123791047023,1.3748068389957937,0.0,39967.0,1.317220323763747,0.0,0
1.7703370116466046,0.09564854983547097,564.0,4673.0,0.3007272705812917,1.3748068389957935,0.0,39967.0,1.317220323763747,0.0,0
1.7703429842913487,0.09564854983547097,565.0,4673.0,0.3007332432260355,1.374806838995794,0.0,39967.0,1.317220323763747,0.0,0
1.7703488975072843,0.09564854983547097,566.0,4673.0,0.3007391564419712,1.374806838995794,0.0,39967.0,1.317220323763747,0.0,0
1.7703547518857383,0.09564854983547097,567.0,4673.0,0.30074501082042526,1.3748068389957935,0.0,39967.0,1.317220323763747,0.0,0
1.7703605480121534,0.09564854983547097,568.0,4673.0,0.30075080694684025,1.374806838995794,0.0,39967.0,1.317220323763747,0.0,0
1.770366286466147,0.09564854983547097,569.0,4673.0,0.3007565454008341,1.3748068389957937,0.0,39967.0,1.317220323763747,0.0,0
1.7703719678215695,0.09564854983547097,570.0,4673.0,0.3007622267562565,1.374806838995794,0.0,39967.0,1.317220323763747,0.0,0
1.770421888539828,0.09569284572873799,571.0,4674.0,0.3007678515812479,1.3748068389957937,0.0,39967.0,1.317220323763747,0.0,0
1.7704274573968757,0.09569284572873799,572.0,4674.0,0.3007734204382957,1.3748068389957941,0.0,39967.0,1.317220323763747,0.0,0
1.7704329708428699,0.09569284572873799,573.0,4674.0,0.3007789338842897,1.3748068389957941,0.0,39967.0,1.317220323763747,0.0,0
1.7704384294291597,0.09569284572873799,574.0,4674.0,0.3007843924705796,1.3748068389957941,0.0,39967.0,1.317220323763747,0.0,0
1.7704438337016086,0.09569284572873799,575.0,4674.0,0.3007897967430286,1.3748068389957933,0.0,39967.0,1.317220323763747,0.0,0
1.770449184200648,0.09569284572873799,576.0,4674.0,0.3007951472420681,1.3748068389957941,0.0,39967.0,1.317220323763747,0.0,0
1.770454481461333,0.09569284572873799,577.0,4674.0,0.3008004445027527,1.3748068389957944,0.0,39967.0,1.317220323763747,0.0,0
1.7704597260133927,0.09569284572873799,578.0,4674.0,0.3008056890548127,1.3748068389957941,0.0,39967.0,1.317220323763747,0.0,0
1.7704649183812882,0.09569284572873799,579.0,4674.0,0.30081088142270784,1.3748068389957937,0.0,39967.0,1.317220323763747,0.0,0
1.7704700590842595,0.09569284572873799,580.0,4674.0,0.3008160221256793,1.374806838995794,0.0,39967.0,1.317220323763747,0.0,0
1.7704751486363814,0.09569284572873799,581.0,4674.0,0.30082111167780146,1.374806838995794,0.0,39967.0,1.317220323763747,0.0,0
1.7705244860153522,0.09573714419747634,582.0,4675.0,0.30082615058803386,1.3748068389957941,0.0,39967.0,1.317220323763747,0.0,0
1.77052947478759,0.09573714419747634,583.0,4675.0,0.3008311393602716,1.3748068389957935,0.0,39967.0,1.317220323763747,0.0,0
1.7705344139207146,0.09573714419747634,584.0,4675.0,0.30083607849339644,1.3748068389957944,0.0,39967.0,1.317220323763747,0.0,0
1.770539303908644,0.09573714419747634,585.0,4675.0,0.30084096848132535,1.374806838995794,0.0,39967.0,1.317220323763747,0.0,0
1.7705441452403798,0.09573714419747634,586.0,4675.0,0.3008458098130615,1.3748068389957935,0.0,39967.0,1.317220323763747,0.0,0
1.7705489384000606,0.09573714419747634,587.0,4675.0,0.300850602972742,1.374806838995794,0.0,39967.0,1.317220323763747,0.0,0
1.7705536838670053,0.09573714419747634,588.0,4675.0,0.3008553484396868,1.3748068389957935,0.0,39967.0,1.317220323763747,0.0,0
1.7705583821157649,0.09573714419747634,589.0,4675.0,0.30086004668844646,1.3748068389957937,0.0,39967.0,1.317220323763747,0.0,0
1.7705630336161684,0.09573714419747634,590.0,4675.0,0.3008646981888499,1.3748068389957941,0.0,39967.0,1.317220323763747,0.0,0
1.7705676388333695,0.09573714419747634,591.0,4675.0,0.3008693034060513,1.3748068389957941,0.0,39967.0,1.317220323763747,0.0,0
1.7705721982278941,0.09573714419747634,592.0,4675.0,0.3008738628005756,1.3748068389957941,0.0,39967.0,1.317220323763747,0.0,0
1.7705767122556846,0.09573714419747634,593.0,4675.0,0.30087837682836643,1.3748068389957933,0.0,39967.0,1.317220323763747,0.0,0
1.7705811813681487,0.09573714419747634,594.0,4675.0,0.3008828459408304,1.3748068389957937,0.0,39967.0,1.317220323763747,0.0,0
1.7705856060122005,0.09573714419747634,595.0,4675.0,0.3008872705848822,1.3748068389957935,0.0,39967.0,1.317220323763747,0.0,0
1.770589986630309,0.09573714419747634,596.0,4675.0,0.3008916512029902,1.3748068389957944,0.0,39967.0,1.317220323763747,0.0,0
1.7705943236605381,0.09573714419747634,597.0,4675.0,0.30089598823321967,1.3748068389957935,0.0,39967.0,1.317220323763747,0.0,0
1.7705986175365958,0.09573714419747634,598.0,4675.0,0.30090028210927744,1.3748068389957944,0.0,39967.0,1.317220323763747,0.0,0
1.770602868687873,0.09573714419747634,599.0,4675.0,0.30090453326055444,1.3748068389957937,0.0,39967.0,1.317220323763747,0.0,0
1.770607077539488,0.09573714419747634,600.0,4675.0,0.30090874211216967,1.3748068389957941,0.0,39967.0,1.317220323763747,0.0,0
1.77061124451233,0.09573714419747634,601.0,4675.0,0.3009129090850114,1.3748068389957944,0.0,39967.0,1.317220323763747,0.0,0
1.770615370023099,0.09573714419747634,602.0,4675.0,0.3009170345957807,1.3748068389957941,0.0,39967.0,1.317220323763747,0.0,0
1.77061945448435,0.09573714419747634,603.0,4675.0,0.30092111905703184,1.3748068389957935,0.0,39967.0,1.317220323763747,0.0,0
1.7706234983045328,0.09573714419747634,604.0,4675.0,0.3009251628772146,1.3748068389957935,0.0,39967.0,1.317220323763747,0.0,0
1.7706275018880326,0.09573714419747634,605.0,4675.0,0.30092916646071427,1.3748068389957941,0.0,39967.0,1.317220323763747,0.0,0
1.770631465635211,0.09573714419747634,606.0,4675.0,0.30093313020789253,1.3748068389957937,0.0,39967.0,1.317220323763747,0.0,0
1.7706353899424456,0.09573714419747634,607.0,4675.0,0.3009370545151272,1.3748068389957941,0.0,39967.0,1.317220323763747,0.0,0
1.7706392752021713,0.09573714419747634,608.0,4675.0,0.30094093977485264,1.3748068389957941,0.0,39967.0,1.317220323763747,0.0,0
1.7706431218029164,0.09573714419747634,609.0,4675.0,0.3009447863755979,1.3748068389957941,0.0,39967.0,1.317220323763747,0.0,0
1.7706469301293446,0.09573714419747634,610.0,4675.0,0.30094859470202623,1.374806838995794,0.0,39967.0,1.317220323763747,0.0,0
1.7706507005622918,0.09573714419747634,611.0,4675.0,0.3009523651349734,1.374806838995794,0.0,39967.0,1.317220323763747,0.0,0
1.7706544334788046,0.09573714419747634,612.0,4675.0,0.3009560980514861,1.3748068389957944,0.0,39967.0,1.317220323763747,0.0,0
1.7706581292521772,0.09573714419747634,613.0,4675.0,0.3009597938248586,1.3748068389957941,0.0,39967.0,1.317220323763747,0.0,0
1.7706617882519902,0.09573714419747634,614.0,4675.0,0.30096345282467174,1.3748068389957937,0.0,39967.0,1.317220323763747,0.0,0
1.770665410844147,0.09573714419747634,615.0,4675.0,0.30096707541682843,1.3748068389957937,0.0,39967.0,1.317220323763747,0.0,0
1.7706689973909093,0.09573714419747634,616.0,4675.0,0.30097066196359096,1.3748068389957937,0.0,39967.0,1.317220323763747,0.0,0
1.7706725482509351,0.09573714419747634,617.0,4675.0,0.30097421282361686,1.3748068389957933,0.0,39967.0,1.317220323763747,0.0,0
1.7706760637793135,0.09573714419747634,618.0,4675.0,0.3009777283519951,1.3748068389957941,0.0,39967.0,1.317220323763747,0.0,0
1.7706795443276002,0.09573714419747634,619.0,4675.0,0.3009812089002818,1.3748068389957937,0.0,39967.0,1.317220323763747,0.0,0
1.7706829902438528,0.09573714419747634,620.0,4675.0,0.30098465481653425,1.374806838995794,0.0,39967.0,1.317220323763747,0.0,0
1.7706864018726656,0.09573714419747634,621.0,4675.0,0.30098806644534704,1.3748068389957937,0.0,39967.0,1.317220323763747,0.0,0
1.7706897795552043,0.09573714419747634,622.0,4675.0,0.30099144412788603,1.3748068389957935,0.0,39967.0,1.317220323763747,0.0,0
1.7706931236292405,0.09573714419747634,623.0,4675.0,0.30099478820192205,1.3748068389957933,0.0,39967.0,1.317220323763747,0.0,0
1.770696434429184,0.09573714419747634,624.0,4675.0,0.30099809900186564,1.3748068389957937,0.0,39967.0,1.317220323763747,0.0,0
1.7706997122861177,0.09573714419747634,625.0,4675.0,0.30100137685879924,1.3748068389957941,0.0,39967.0,1.317220323763747,0.0,0
1.77070295752783,0.09573714419747634,626.0,4675.0,0.3010046221005116,1.3748068389957941,0.0,39967.0,1.317220323763747,0.0,0
1.7707061704788478,0.09573714419747634,627.0,4675.0,0.30100783505152934,1.3748068389957941,0.0,39967.0,1.317220323763747,0.0,0
1.7707093514604686,0.09573714419747634,628.0,4675.0,0.30101101603315006,1.3748068389957941,0.0,39967.0,1.317220323763747,0.0,0
1.7707125007907931,0.09573714419747634,629.0,4675.0,0.30101416536347486,1.3748068389957937,0.0,39967.0,1.317220323763747,0.0,0
1.7707156187847581,0.09573714419747634,630.0,4675.0,0.3010172833574395,1.3748068389957941,0.0,39967.0,1.317220323763747,0.0,0
1.7707187057541645,0.09573714419747634,631.0,4675.0,0.3010203703268459,1.374806838995794,0.0,39967.0,1.317220323763747,0.0,0
1.7707217620077118,0.09573714419747634,632.0,4675.0,0.3010234265803934,1.3748068389957933,0.0,39967.0,1.317220323763747,0.0,0
1.7707247878510284,0.09573714419747634,633.0,4675.0,0.30102645242370996,1.374806838995794,0.0,39967.0,1.317220323763747,0.0,0
1.770727783586701,0.09573714419747634,634.0,4675.0,0.3010294481593826,1.3748068389957944,0.0,39967.0,1.317220323763747,0.0,0
1.7707307495143054,0.09573714419747634,635.0,4675.0,0.3010324140869871,1.3748068389957937,0.0,39967.0,1.317220323763747,0.0,0
1.770733685930437,0.09573714419747634,636.0,4675.0,0.3010353505031189,1.3748068389957937,0.0,39967.0,1.317220323763747,0.0,0
1.7707365931287407,0.09573714419747634,637.0,4675.0,0.30103825770142206,1.3748068389957941,0.0,39967.0,1.317220323763747,0.0,0
1.770739471399937,0.09573714419747634,638.0,4675.0,0.30104113597261867,1.3748068389957935,0.0,39967.0,1.317220323763747,0.0,0
1.7707423210318565,0.09573714419747634,639.0,4675.0,0.3010439856045385,1.3748068389957933,0.0,39967.0,1.317220323763747,0.0,0
1.7707451423094653,0.09573714419747634,640.0,4675.0,0.30104680688214674,1.3748068389957937,0.0,39967.0,1.317220323763747,0.0,0
1.7707479355148923,0.09573714419747634,641.0,4675.0,0.30104960008757403,1.3748068389957941,0.0,39967.0,1.317220323763747,0.0,0
1.770750700927461,0.09573714419747634,642.0,4675.0,0.30105236550014275,1.3748068389957937,0.0,39967.0,1.317220323763747,0.0,0
1.770753438823715,0.09573714419747634,643.0,4675.0,0.30105510339639663,1.3748068389957941,0.0,39967.0,1.317220323763747,0.0,0
1.770756149477446,0.09573714419747634,644.0,4675.0,0.3010578140501277,1.3748068389957933,0.0,39967.0,1.317220323763747,0.0,0
1.770758833159722,0.09573714419747634,645.0,4675.0,0.3010604977324037,1.3748068389957935,0.0,39967.0,1.317220323763747,0.0,0
1.770761490138913,0.09573714419747634,646.0,4675.0,0.3010631547115946,1.374806838995794,0.0,39967.0,1.317220323763747,0.0,0
1.7707641206807194,0.09573714419747634,647.0,4675.0,0.30106578525340094,1.3748068389957941,0.0,39967.0,1.317220323763747,0.0,0
1.7707667250481973,0.09573714419747634,648.0,4675.0,0.30106838962087895,1.3748068389957941,0.0,39967.0,1.317220323763747,0.0,0
1.770769303501786,0.09573714419747634,649.0,4675.0,0.3010709680744674,1.374806838995794,0.0,39967.0,1.317220323763747,0.0,0
1.7707718562993324,0.09573714419747634,650.0,4675.0,0.3010735208720143,1.3748068389957933,0.0,39967.0,1.317220323763747,0.0,0
1.7707743836961192,0.09573714419747634,651.0,4675.0,0.3010760482688009,1.3748068389957935,0.0,39967.0,1.317220323763747,0.0,0
1.7707768859448878,0.09573714419747634,652.0,4675.0,0.30107855051756954,1.3748068389957937,0.0,39967.0,1.317220323763747,0.0,0
1.7707793632958653,0.09573714419747634,653.0,4675.0,0.3010810278685467,1.3748068389957941,0.0,39967.0,1.317220323763747,0.0,0
1.770781815996788,0.09573714419747634,654.0,4675.0,0.3010834805694698,1.3748068389957941,0.0,39967.0,1.317220323763747,0.0,0
1.7707842442929296,0.09573714419747634,655.0,4675.0,0.3010859088656112,1.3748068389957941,0.0,39967.0,1.317220323763747,0.0,0
1.7707866484271204,0.09573714419747634,656.0,4675.0,0.30108831299980215,1.3748068389957941,0.0,39967.0,1.317220323763747,0.0,0
1.7707890286397767,0.09573714419747634,657.0,4675.0,0.3010906932124581,1.3748068389957941,0.0,39967.0,1.317220323763747,0.0,0
1.770791385168921,0.09573714419747634,658.0,4675.0,0.3010930497416026,1.3748068389957941,0.0,39967.0,1.317220323763747,0.0,0
1.7707937182502085,0.09573714419747634,659.0,4675.0,0.3010953828228904,1.3748068389957941,0.0,39967.0,1.317220323763747,0.0,0
1.7707960281169497,0.09573714419747634,660.0,4675.0,0.3010976926896312,1.3748068389957941,0.0,39967.0,1.317220323763747,0.0,0
1.7707983150001325,0.09573714419747634,661.0,4675.0,0.3010999795728141,1.3748068389957941,0.0,39967.0,1.317220323763747,0.0,0
1.7708005791284476,0.09573714419747634,662.0,4675.0,0.30110224370112915,1.3748068389957946,0.0,39967.0,1.317220323763747,0.0,0
1.7708028207283095,0.09573714419747634,663.0,4675.0,0.301104485300991,1.3748068389957937,0.0,39967.0,1.317220323763747,0.0,0
1.7708050400238797,0.09573714419747634,664.0,4675.0,0.3011067045965614,1.374806838995794,0.0,39967.0,1.317220323763747,0.0,0
1.7708072372370907,0.09573714419747634,665.0,4675.0,0.3011089018097722,1.3748068389957941,0.0,39967.0,1.317220323763747,0.0,0
1.7708094125876646,0.09573714419747634,666.0,4675.0,0.3011110771603461,1.3748068389957937,0.0,39967.0,1.317220323763747,0.0,0
1.7708115662931387,0.09573714419747634,667.0,4675.0,0.3011132308658202,1.3748068389957941,0.0,39967.0,1.317220323763747,0.0,0
1.7708136985688852,0.09573714419747634,668.0,4675.0,0.3011153631415668,1.3748068389957937,0.0,39967.0,1.317220323763747,0.0,0
1.7708158096281335,0.09573714419747634,669.0,4675.0,0.3011174742008151,1.374806838995794,0.0,39967.0,1.317220323763747,0.0,0
1.7708178996819914,0.09573714419747634,670.0,4675.0,0.301119564254673,1.3748068389957937,0.0,39967.0,1.317220323763747,0.0,0
1.7708199689394661,0.09573714419747634,671.0,4675.0,0.30112163351214744,1.3748068389957935,0.0,39967.0,1.317220323763747,0.0,0
1.7708220176074845,0.09573714419747634,672.0,4675.0,0.3011236821801662,1.3748068389957933,0.0,39967.0,1.317220323763747,0.0,0
1.770824045890916,0.09573714419747634,673.0,4675.0,0.3011257104635976,1.374806838995794,0.0,39967.0,1.317220323763747,0.0,0
1.7708260539925897,0.09573714419747634,674.0,4675.0,0.3011277185652715,1.3748068389957937,0.0,39967.0,1.317220323763747,0.0,0
1.7708280421133182,0.09573714419747634,675.0,4675.0,0.30112970668599987,1.3748068389957941,0.0,39967.0,1.317220323763747,0.0,0
1.7708300104519148,0.09573714419747634,676.0,4675.0,0.30113167502459653,1.374806838995794,0.0,39967.0,1.317220323763747,0.0,0
1.7708319592052155,0.09573714419747634,677.0,4675.0,0.3011336237778968,1.374806838995794,0.0,39967.0,1.317220323763747,0.0,0
1.7708338885680965,0.09573714419747634,678.0,4675.0,0.30113555314077806,1.3748068389957941,0.0,39967.0,1.317220323763747,0.0,0
1.7708357987334957,0.09573714419747634,679.0,4675.0,0.3011374633061775,1.374806838995793,0.0,39967.0,1.317220323763747,0.0,0
1.7708376898924323,0.09573714419747634,680.0,4675.0,0.301139354465114,1.3748068389957941,0.0,39967.0,1.317220323763747,0.0,0
1.7708395622340225,0.09573714419747634,681.0,4675.0,0.3011412268067043,1.3748068389957935,0.0,39967.0,1.317220323763747,0.0,0
1.770841415945503,0.09573714419747634,682.0,4675.0,0.3011430805181848,1.3748068389957941,0.0,39967.0,1.317220323763747,0.0,0
1.770843251212246,0.09573714419747634,683.0,4675.0,0.30114491578492775,1.3748068389957937,0.0,39967.0,1.317220323763747,0.0,0
1.7708450682177799,0.09573714419747634,684.0,4675.0,0.30114673279046156,1.3748068389957941,0.0,39967.0,1.317220323763747,0.0,0
1.770846867143807,0.09573714419747634,685.0,4675.0,0.30114853171648837,1.3748068389957937,0.0,39967.0,1.317220323763747,0.0,0
1.7708486481702206,0.09573714419747634,686.0,4675.0,0.3011503127429019,1.3748068389957941,0.0,39967.0,1.317220323763747,0.0,0
1.7708504114751251,0.09573714419747634,687.0,4675.0,0.30115207604780664,1.3748068389957937,0.0,39967.0,1.317220323763747,0.0,0
1.7708521572348528,0.09573714419747634,688.0,4675.0,0.3011538218075344,1.3748068389957944,0.0,39967.0,1.317220323763747,0.0,0
1.770853885623981,0.09573714419747634,689.0,4675.0,0.3011555501966626,1.374806838995794,0.0,39967.0,1.317220323763747,0.0,0
1.7708555968153503,0.09573714419747634,690.0,4675.0,0.3011572613880316,1.3748068389957944,0.0,39967.0,1.317220323763747,0.0,0
1.7708572909800804,0.09573714419747634,691.0,4675.0,0.301158955552762,1.3748068389957941,0.0,39967.0,1.317220323763747,0.0,0
1.7708589682875902,0.09573714419747634,692.0,4675.0,0.3011606328602717,1.3748068389957937,0.0,39967.0,1.317220323763747,0.0,0
1.7708606289056112,0.09573714419747634,693.0,4675.0,0.30116229347829293,1.3748068389957935,0.0,39967.0,1.317220323763747,0.0,0
1.770862273000207,0.09573714419747634,694.0,4675.0,0.3011639375728887,1.374806838995794,0.0,39967.0,1.317220323763747,0.0,0
1.7708639007357883,0.09573714419747634,695.0,4675.0,0.30116556530846983,1.3748068389957941,0.0,39967.0,1.317220323763747,0.0,0
1.7708655122751298,0.09573714419747634,696.0,4675.0,0.30116717684781136,1.3748068389957935,0.0,39967.0,1.317220323763747,0.0,0
1.770867107779387,0.09573714419747634,697.0,4675.0,0.30116877235206857,1.3748068389957941,0.0,39967.0,1.317220323763747,0.0,0
1.7708686874081117,0.09573714419747634,698.0,4675.0,0.3011703519807931,1.3748068389957941,0.0,39967.0,1.317220323763747,0.0,0
1.7709145595918576,0.09578145247006595,699.0,4676.0,0.3011719158919493,1.3748068389957941,0.0,39967.0,1.317220323763747,0.0,0
1.7709161079418376,0.09578145247006595,700.0,4676.0,0.3011734642419294,1.374806838995794,0.0,39967.0,1.317220323763747,0.0,0
1.7709176408854779,0.09578145247006595,701.0,4676.0,0.3011749971855698,1.3748068389957941,0.0,39967.0,1.317220323763747,0.0,0
1.7709191585760742,0.09578145247006595,702.0,4676.0,0.30117651487616626,1.3748068389957941,0.0,39967.0,1.317220323763747,0.0,0
1.7709206611653967,0.09578145247006595,703.0,4676.0,0.3011780174654888,1.3748068389957941,0.0,39967.0,1.317220323763747,0.0,0
1.770922148803706,0.09578145247006595,704.0,4676.0,0.30117950510379776,1.3748068389957941,0.0,39967.0,1.317220323763747,0.0,0
1.7709236216397664,0.09578145247006595,705.0,4676.0,0.3011809779398584,1.3748068389957937,0.0,39967.0,1.317220323763747,0.0,0
1.7709250798208633,0.09578145247006595,706.0,4676.0,0.3011824361209552,1.3748068389957941,0.0,39967.0,1.317220323763747,0.0,0
1.7709265234928158,0.09578145247006595,707.0,4676.0,0.30118387979290767,1.3748068389957941,0.0,39967.0,1.317220323763747,0.0,0
1.7709279527999922,0.09578145247006595,708.0,4676.0,0.3011853091000843,1.374806838995794,0.0,39967.0,1.317220323763747,0.0,0
1.7709293678853248,0.09578145247006595,709.0,4676.0,0.3011867241854168,1.3748068389957941,0.0,39967.0,1.317220323763747,0.0,0
1.770930768890323,0.09578145247006595,710.0,4676.0,0.30118812519041505,1.3748068389957944,0.0,39967.0,1.317220323763747,0.0,0
1.7709321559550888,0.09578145247006595,711.0,4676.0,0.3011895122551807,1.3748068389957937,0.0,39967.0,1.317220323763747,0.0,0
1.7709335292183295,0.09578145247006595,712.0,4676.0,0.30119088551842127,1.374806838995794,0.0,39967.0,1.317220323763747,0.0,0
1.7709348888173726,0.09578145247006595,713.0,4676.0,0.30119224511746434,1.3748068389957941,0.0,39967.0,1.317220323763747,0.0,0
1.7709362348881788,0.09578145247006595,714.0,4676.0,0.30119359118827066,1.3748068389957937,0.0,39967.0,1.317220323763747,0.0,0
1.7709375675653571,0.09578145247006595,715.0,4676.0,0.30119492386544905,1.3748068389957946,0.0,39967.0,1.317220323763747,0.0,0
1.770938886982176,0.09578145247006595,716.0,4676.0,0.30119624328226774,1.374806838995794,0.0,39967.0,1.317220323763747,0.0,0
1.770940193270578,0.09578145247006595,717.0,4676.0,0.30119754957066974,1.3748068389957941,0.0,39967.0,1.317220323763747,0.0,0
1.7709414865611928,0.09578145247006595,718.0,4676.0,0.3011988428612849,1.3748068389957933,0.0,39967.0,1.317220323763747,0.0,0
1.7709427669833515,0.09578145247006595,719.0,4676.0,0.30120012328344353,1.3748068389957941,0.0,39967.0,1.317220323763747,0.0,0
1.7709440346650969,0.09578145247006595,720.0,4676.0,0.30120139096518883,1.3748068389957937,0.0,39967.0,1.317220323763747,0.0,0
1.770945289733198,0.09578145247006595,721.0,4676.0,0.30120264603329006,1.3748068389957933,0.0,39967.0,1.317220323763747,0.0,0
1.7709465323131628,0.09578145247006595,722.0,4676.0,0.3012038886132548,1.3748068389957935,0.0,39967.0,1.317220323763747,0.0,0
1.7709477625292505,0.09578145247006595,723.0,4676.0,0.3012051188293425,1.3748068389957937,0.0,39967.0,1.317220323763747,0.0,0
1.7709489805044838,0.09578145247006595,724.0,4676.0,0.30120633680457565,1.3748068389957944,0.0,39967.0,1.317220323763747,0.0,0
1.770950186360661,0.09578145247006595,725.0,4676.0,0.30120754266075267,1.3748068389957948,0.0,39967.0,1.317220323763747,0.0,0
1.770951380218368,0.09578145247006595,726.0,4676.0,0.30120873651846014,1.3748068389957937,0.0,39967.0,1.317220323763747,0.0,0
1.7709525621969933,0.09578145247006595,727.0,4676.0,0.30120991849708506,1.3748068389957941,0.0,39967.0,1.317220323763747,0.0,0
1.770953732414734,0.09578145247006595,728.0,4676.0,0.30121108871482605,1.3748068389957941,0.0,39967.0,1.317220323763747,0.0,0
1.7709548909886141,0.09578145247006595,729.0,4676.0,0.30121224728870605,1.3748068389957941,0.0,39967.0,1.317220323763747,0.0,0
1.7709560380344913,0.09578145247006595,730.0,4676.0,0.3012133943345834,1.374806838995794,0.0,39967.0,1.317220323763747,0.0,0
1.7709571736670715,0.09578145247006595,731.0,4676.0,0.3012145299671635,1.3748068389957937,0.0,39967.0,1.317220323763747,0.0,0
1.7709582979999186,0.09578145247006595,732.0,4676.0,0.30121565430001057,1.3748068389957941,0.0,39967.0,1.317220323763747,0.0,0
1.770959411145467,0.09578145247006595,733.0,4676.0,0.3012167674455589,1.3748068389957944,0.0,39967.0,1.317220323763747,0.0,0
1.7709605132150321,0.09578145247006595,734.0,4676.0,0.301217869515124,1.3748068389957937,0.0,39967.0,1.317220323763747,0.0,0
1.7709616043188219,0.09578145247006595,735.0,4676.0,0.30121896061891384,1.374806838995794,0.0,39967.0,1.317220323763747,0.0,0
1.7709626845659474,0.09578145247006595,736.0,4676.0,0.3012200408660393,1.3748068389957941,0.0,39967.0,1.317220323763747,0.0,0
1.7709637540644345,0.09578145247006595,737.0,4676.0,0.30122111036452653,1.3748068389957944,0.0,39967.0,1.317220323763747,0.0,0
1.7709648129212339,0.09578145247006595,738.0,4676.0,0.3012221692213259,1.3748068389957937,0.0,39967.0,1.317220323763747,0.0,0
1.770965861242232,0.09578145247006595,739.0,4676.0,0.30122321754232395,1.3748068389957944,0.0,39967.0,1.317220323763747,0.0,0
1.7709668991322622,0.09578145247006595,740.0,4676.0,0.301224255432354,1.3748068389957941,0.0,39967.0,1.317220323763747,0.0,0
1.7709679266951137,0.09578145247006595,741.0,4676.0,0.3012252829952057,1.374806838995794,0.0,39967.0,1.317220323763747,0.0,0
1.7709689440335439,0.09578145247006595,742.0,4676.0,0.301226300333636,1.3748068389957935,0.0,39967.0,1.317220323763747,0.0,0
1.770969951249288,0.09578145247006595,743.0,4676.0,0.30122730754938,1.3748068389957944,0.0,39967.0,1.317220323763747,0.0,0
1.7709709484430678,0.09578145247006595,744.0,4676.0,0.3012283047431597,1.3748068389957941,0.0,39967.0,1.317220323763747,0.0,0
1.7709719357146034,0.09578145247006595,745.0,4676.0,0.3012292920146955,1.3748068389957937,0.0,39967.0,1.317220323763747,0.0,0
1.7709729131626237,0.09578145247006595,746.0,4676.0,0.30123026946271564,1.3748068389957941,0.0,39967.0,1.317220323763747,0.0,0
1.7709738808848736,0.09578145247006595,747.0,4676.0,0.3012312371849654,1.3748068389957937,0.0,39967.0,1.317220323763747,0.0,0
1.7709748389781257,0.09578145247006595,748.0,4676.0,0.30123219527821776,1.374806838995794,0.0,39967.0,1.317220323763747,0.0,0
1.770975787538191,0.09578145247006595,749.0,4676.0,0.3012331438382829,1.3748068389957941,0.0,39967.0,1.317220323763747,0.0,0
1.7709767266599257,0.09578145247006595,750.0,4676.0,0.30123408296001797,1.374806838995793,0.0,39967.0,1.317220323763747,0.0,0
1.7709776564372435,0.09578145247006595,751.0,4676.0,0.30123501273733544,1.3748068389957937,0.0,39967.0,1.317220323763747,0.0,0
1.770978576963122,0.09578145247006595,752.0,4676.0,0.3012359332632141,1.374806838995794,0.0,39967.0,1.317220323763747,0.0,0
1.7709794883296153,0.09578145247006595,753.0,4676.0,0.3012368446297072,1.3748068389957944,0.0,39967.0,1.317220323763747,0.0,0
1.77098039062786,0.09578145247006595,754.0,4676.0,0.30123774692795213,1.3748068389957937,0.0,39967.0,1.317220323763747,0.0,0
1.7709812839480876,0.09578145247006595,755.0,4676.0,0.3012386402481796,1.3748068389957941,0.0,39967.0,1.317220323763747,0.0,0
1.7709821683796305,0.09578145247006595,756.0,4676.0,0.3012395246797223,1.374806838995794,0.0,39967.0,1.317220323763747,0.0,0
1.770983044010932,0.09578145247006595,757.0,4676.0,0.30124040031102406,1.3748068389957937,0.0,39967.0,1.317220323763747,0.0,0
1.7709839109295566,0.09578145247006595,758.0,4676.0,0.3012412672296487,1.3748068389957937,0.0,39967.0,1.317220323763747,0.0,0
1.7709847692221974,0.09578145247006595,759.0,4676.0,0.3012421255222892,1.374806838995794,0.0,39967.0,1.317220323763747,0.0,0
1.770985618974683,0.09578145247006595,760.0,4676.0,0.30124297527477495,1.3748068389957937,0.0,39967.0,1.317220323763747,0.0,0
1.7709864602719902,0.09578145247006595,761.0,4676.0,0.3012438165720824,1.3748068389957935,0.0,39967.0,1.317220323763747,0.0,0
1.7709872931982498,0.09578145247006595,762.0,4676.0,0.3012446494983415,1.3748068389957944,0.0,39967.0,1.317220323763747,0.0,0
1.7709881178367541,0.09578145247006595,763.0,4676.0,0.30124547413684616,1.3748068389957937,0.0,39967.0,1.317220323763747,0.0,0
1.7709889342699683,0.09578145247006595,764.0,4676.0,0.3012462905700603,1.3748068389957941,0.0,39967.0,1.317220323763747,0.0,0
1.7709897425795365,0.09578145247006595,765.0,4676.0,0.3012470988796284,1.3748068389957944,0.0,39967.0,1.317220323763747,0.0,0
1.77099054284629,0.09578145247006595,766.0,4676.0,0.301247899146382,1.3748068389957937,0.0,39967.0,1.317220323763747,0.0,0
1.7709913351502562,0.09578145247006595,767.0,4676.0,0.30124869145034816,1.3748068389957937,0.0,39967.0,1.317220323763747,0.0,0
1.7709921195706662,0.09578145247006595,768.0,4676.0,0.30124947587075823,1.374806838995794,0.0,39967.0,1.317220323763747,0.0,0
1.770992896185963,0.09578145247006595,769.0,4676.0,0.30125025248605486,1.3748068389957935,0.0,39967.0,1.317220323763747,0.0,0
1.770993665073808,0.09578145247006595,770.0,4676.0,0.30125102137390014,1.3748068389957937,0.0,39967.0,1.317220323763747,0.0,0
1.7709944263110915,0.09578145247006595,771.0,4676.0,0.30125178261118357,1.3748068389957941,0.0,39967.0,1.317220323763747,0.0,0
1.7709951799739374,0.09578145247006595,772.0,4676.0,0.3012525362740295,1.3748068389957937,0.0,39967.0,1.317220323763747,0.0,0
1.7709959261377126,0.09578145247006595,773.0,4676.0,0.30125328243780464,1.3748068389957937,0.0,39967.0,1.317220323763747,0.0,0
1.770996664877034,0.09578145247006595,774.0,4676.0,0.30125402117712613,1.374806838995794,0.0,39967.0,1.317220323763747,0.0,0
1.7709973962657768,0.09578145247006595,775.0,4676.0,0.3012547525658687,1.374806838995794,0.0,39967.0,1.317220323763747,0.0,0
1.7709981203770797,0.09578145247006595,776.0,4676.0,0.30125547667717173,1.3748068389957941,0.0,39967.0,1.317220323763747,0.0,0
1.770998837283355,0.09578145247006595,777.0,4676.0,0.30125619358344685,1.3748068389957941,0.0,39967.0,1.317220323763747,0.0,0
1.7709995470562934,0.09578145247006595,778.0,4676.0,0.3012569033563853,1.3748068389957941,0.0,39967.0,1.317220323763747,0.0,0
1.771000249766873,0.09578145247006595,779.0,4676.0,0.3012576060669651,1.3748068389957941,0.0,39967.0,1.317220323763747,0.0,0
1.771000945485366,0.09578145247006595,780.0,4676.0,0.30125830178545787,1.3748068389957941,0.0,39967.0,1.317220323763747,0.0,0
1.7710016342813437,0.09578145247006595,781.0,4676.0,0.30125899058143574,1.3748068389957935,0.0,39967.0,1.317220323763747,0.0,0
1.7710023162236874,0.09578145247006595,782.0,4676.0,0.30125967252377933,1.374806838995794,0.0,39967.0,1.317220323763747,0.0,0
1.7710029913805911,0.09578145247006595,783.0,4676.0,0.30126034768068316,1.3748068389957937,0.0,39967.0,1.317220323763747,0.0,0
1.7710036598195718,0.09578145247006595,784.0,4676.0,0.3012610161196635,1.3748068389957944,0.0,39967.0,1.317220323763747,0.0,0
1.7710043216074727,0.09578145247006595,785.0,4676.0,0.30126167790756486,1.3748068389957937,0.0,39967.0,1.317220323763747,0.0,0
1.7710049768104745,0.09578145247006595,786.0,4676.0,0.3012623331105666,1.3748068389957941,0.0,39967.0,1.317220323763747,0.0,0
1.7710056254940973,0.09578145247006595,787.0,4676.0,0.3012629817941895,1.374806838995793,0.0,39967.0,1.317220323763747,0.0,0
1.7710062677232108,0.09578145247006595,788.0,4676.0,0.30126362402330253,1.3748068389957941,0.0,39967.0,1.317220323763747,0.0,0
1.7710069035620373,0.09578145247006595,789.0,4676.0,0.30126425986212924,1.3748068389957937,0.0,39967.0,1.317220323763747,0.0,0
1.771007533074162,0.09578145247006595,790.0,4676.0,0.3012648893742539,1.3748068389957941,0.0,39967.0,1.317220323763747,0.0,0
1.7710081563225362,0.09578145247006595,791.0,4676.0,0.30126551262262813,1.3748068389957937,0.0,39967.0,1.317220323763747,0.0,0
1.7710087733694855,0.09578145247006595,792.0,4676.0,0.3012661296695775,1.3748068389957941,0.0,39967.0,1.317220323763747,0.0,0
1.7710093842767154,0.09578145247006595,793.0,4676.0,0.3012667405768072,1.3748068389957937,0.0,39967.0,1.317220323763747,0.0,0
1.7710099891053162,0.09578145247006595,794.0,4676.0,0.30126734540540834,1.3748068389957935,0.0,39967.0,1.317220323763747,0.0,0
1.771010587915772,0.09578145247006595,795.0,4676.0,0.3012679442158642,1.3748068389957937,0.0,39967.0,1.317220323763747,0.0,0
1.7710111807679647,0.09578145247006595,796.0,4676.0,0.30126853706805656,1.3748068389957937,0.0,39967.0,1.317220323763747,0.0,0
1.7710117677211792,0.09578145247006595,797.0,4676.0,0.30126912402127126,1.3748068389957935,0.0,39967.0,1.317220323763747,0.0,0
1.7710123488341114,0.09578145247006595,798.0,4676.0,0.3012697051342036,1.3748068389957941,0.0,39967.0,1.317220323763747,0.0,0
1.7710129241648738,0.09578145247006595,799.0,4676.0,0.3012702804649656,1.3748068389957937,0.0,39967.0,1.317220323763747,0.0,0
1.7710134937709994,0.09578145247006595,800.0,4676.0,0.3012708500710912,1.3748068389957941,0.0,39967.0,1.317220323763747,0.0,0
1.771014057709449,0.09578145247006595,801.0,4676.0,0.30127141400954105,1.3748068389957941,0.0,39967.0,1.317220323763747,0.0,0
1.7710146160366171,0.09578145247006595,802.0,4676.0,0.3012719723367093,1.3748068389957935,0.0,39967.0,1.317220323763747,0.0,0
1.7710151688083378,0.09578145247006595,803.0,4676.0,0.3012725251084297,1.374806838995794,0.0,39967.0,1.317220323763747,0.0,0
1.7710157160798872,0.09578145247006595,804.0,4676.0,0.30127307237997947,1.3748068389957941,0.0,39967.0,1.317220323763747,0.0,0
1.7710162579059945,0.09578145247006595,805.0,4676.0,0.30127361420608634,1.3748068389957941,0.0,39967.0,1.317220323763747,0.0,0
1.7710167943408415,0.09578145247006595,806.0,4676.0,0.3012741506409334,1.3748068389957941,0.0,39967.0,1.317220323763747,0.0,0
1.7710173254380726,0.09578145247006595,807.0,4676.0,0.30127468173816463,1.374806838995794,0.0,39967.0,1.317220323763747,0.0,0
1.7710178512507977,0.09578145247006595,808.0,4676.0,0.3012752075508899,1.3748068389957935,0.0,39967.0,1.317220323763747,0.0,0
1.7710183718315993,0.09578145247006595,809.0,4676.0,0.30127572813169134,1.3748068389957937,0.0,39967.0,1.317220323763747,0.0,0
1.771018887232535,0.09578145247006595,810.0,4676.0,0.30127624353262705,1.3748068389957937,0.0,39967.0,1.317220323763747,0.0,0
1.7710193975051463,0.09578145247006595,811.0,4676.0,0.30127675380523794,1.374806838995794,0.0,39967.0,1.317220323763747,0.0,0
1.7710199027004594,0.09578145247006595,812.0,4676.0,0.3012772590005515,1.3748068389957941,0.0,39967.0,1.317220323763747,0.0,0
1.7710204028689958,0.09578145247006595,813.0,4676.0,0.30127775916908767,1.3748068389957944,0.0,39967.0,1.317220323763747,0.0,0
1.7710208980607716,0.09578145247006595,814.0,4676.0,0.3012782543608637,1.3748068389957933,0.0,39967.0,1.317220323763747,0.0,0
1.7710213883253072,0.09578145247006595,815.0,4676.0,0.3012787446253992,1.3748068389957935,0.0,39967.0,1.317220323763747,0.0,0
1.7710218737116294,0.09578145247006595,816.0,4676.0,0.30127923001172113,1.3748068389957946,0.0,39967.0,1.317220323763747,0.0,0
1.7710223542682766,0.09578145247006595,817.0,4676.0,0.3012797105683686,1.3748068389957937,0.0,39967.0,1.317220323763747,0.0,0
1.7710228300433055,0.09578145247006595,818.0,4676.0,0.3012801863433975,1.3748068389957941,0.0,39967.0,1.317220323763747,0.0,0
1.7710233010842935,0.09578145247006595,819.0,4676.0,0.30128065738438553,1.374806838995794,0.0,39967.0,1.317220323763747,0.0,0
1.7710237674383458,0.09578145247006595,820.0,4676.0,0.3012811237384377,1.3748068389957944,0.0,39967.0,1.317220323763747,0.0,0
1.7710242291520972,0.09578145247006595,821.0,4676.0,0.30128158545218925,1.3748068389957941,0.0,39967.0,1.317220323763747,0.0,0
1.7710246862717205,0.09578145247006595,822.0,4676.0,0.3012820425718124,1.3748068389957944,0.0,39967.0,1.317220323763747,0.0,0
1.7710251388429274,0.09578145247006595,823.0,4676.0,0.3012824951430193,1.3748068389957944,0.0,39967.0,1.317220323763747,0.0,0
1.7710255869109752,0.09578145247006595,824.0,4676.0,0.30128294321106736,1.3748068389957941,0.0,39967.0,1.317220323763747,0.0,0
1.7710260305206718,0.09578145247006595,825.0,4676.0,0.3012833868207639,1.374806838995794,0.0,39967.0,1.317220323763747,0.0,0
1.771026469716378,0.09578145247006595,826.0,4676.0,0.30128382601647014,1.3748068389957937,0.0,39967.0,1.317220323763747,0.0,0
1.771026904542014,0.09578145247006595,827.0,4676.0,0.30128426084210613,1.3748068389957937,0.0,39967.0,1.317220323763747,0.0,0
1.771027335041063,0.09578145247006595,828.0,4676.0,0.30128469134115476,1.3748068389957941,0.0,39967.0,1.317220323763747,0.0,0
1.7710277612565744,0.09578145247006595,829.0,4676.0,0.30128511755666637,1.3748068389957937,0.0,39967.0,1.317220323763747,0.0,0
1.7710281832311707,0.09578145247006595,830.0,4676.0,0.3012855395312626,1.3748068389957941,0.0,39967.0,1.317220323763747,0.0,0
1.7710286010070497,0.09578145247006595,831.0,4676.0,0.3012859573071416,1.3748068389957941,0.0,39967.0,1.317220323763747,0.0,0
1.7710290146259893,0.09578145247006595,832.0,4676.0,0.30128637092608124,1.3748068389957933,0.0,39967.0,1.317220323763747,0.0,0
1.7710294241293512,0.09578145247006595,833.0,4676.0,0.3012867804294434,1.3748068389957935,0.0,39967.0,1.317220323763747,0.0,0
1.7710298295580869,0.09578145247006595,834.0,4676.0,0.3012871858581791,1.3748068389957933,0.0,39967.0,1.317220323763747,0.0,0
1.7710302309527397,0.09578145247006595,835.0,4676.0,0.3012875872528315,1.3748068389957941,0.0,39967.0,1.317220323763747,0.0,0
1.7710306283534487,0.09578145247006595,836.0,4676.0,0.3012879846535405,1.3748068389957941,0.0,39967.0,1.317220323763747,0.0,0
1.7710310217999543,0.09578145247006595,837.0,4676.0,0.30128837810004633,1.3748068389957935,0.0,39967.0,1.317220323763747,0.0,0
1.771031411331602,0.09578145247006595,838.0,4676.0,0.3012887676316938,1.3748068389957937,0.0,39967.0,1.317220323763747,0.0,0
1.7710317969873453,0.09578145247006595,839.0,4676.0,0.30128915328743694,1.3748068389957941,0.0,39967.0,1.317220323763747,0.0,0
1.771032178805749,0.09578145247006595,840.0,4676.0,0.30128953510584106,1.3748068389957941,0.0,39967.0,1.317220323763747,0.0,0
1.7710325568249967,0.09578145247006595,841.0,4676.0,0.30128991312508874,1.3748068389957933,0.0,39967.0,1.317220323763747,0.0,0
1.7710329310828898,0.09578145247006595,842.0,4676.0,0.30129028738298197,1.3748068389957937,0.0,39967.0,1.317220323763747,0.0,0
1.771033301616855,0.09578145247006595,843.0,4676.0,0.3012906579169469,1.3748068389957941,0.0,39967.0,1.317220323763747,0.0,0
1.7710336684639454,0.09578145247006595,844.0,4676.0,0.3012910247640374,1.3748068389957937,0.0,39967.0,1.317220323763747,0.0,0
1.7710340316608464,0.09578145247006595,845.0,4676.0,0.3012913879609384,1.3748068389957941,0.0,39967.0,1.317220323763747,0.0,0
1.7710343912438777,0.09578145247006595,846.0,4676.0,0.30129174754396965,1.374806838995794,0.0,39967.0,1.317220323763747,0.0,0
1.7710347472489985,0.09578145247006595,847.0,4676.0,0.3012921035490902,1.3748068389957941,0.0,39967.0,1.317220323763747,0.0,0
1.7710350997118085,0.09578145247006595,848.0,4676.0,0.3012924560119004,1.3748068389957941,0.0,39967.0,1.317220323763747,0.0,0
1.771035448667555,0.09578145247006595,849.0,4676.0,0.3012928049676471,1.3748068389957941,0.0,39967.0,1.317220323763747,0.0,0
1.771035794151134,0.09578145247006595,850.0,4676.0,0.3012931504512261,1.3748068389957941,0.0,39967.0,1.317220323763747,0.0,0
1.7710361361970943,0.09578145247006595,851.0,4676.0,0.3012934924971861,1.3748068389957944,0.0,39967.0,1.317220323763747,0.0,0
1.77103647483964,0.09578145247006595,852.0,4676.0,0.301293831139732,1.3748068389957941,0.0,39967.0,1.317220323763747,0.0,0
1.7710368101126361,0.09578145247006595,853.0,4676.0,0.301294166412728,1.3748068389957941,0.0,39967.0,1.317220323763747,0.0,0
1.7710371420496103,0.09578145247006595,854.0,4676.0,0.3012944983497023,1.3748068389957933,0.0,39967.0,1.317220323763747,0.0,0
1.7710374706837564,0.09578145247006595,855.0,4676.0,0.30129482698384835,1.3748068389957941,0.0,39967.0,1.317220323763747,0.0,0
1.771037796047938,0.09578145247006595,856.0,4676.0,0.30129515234803,1.3748068389957941,0.0,39967.0,1.317220323763747,0.0,0
1.7710381181746921,0.09578145247006595,857.0,4676.0,0.301295474474784,1.3748068389957935,0.0,39967.0,1.317220323763747,0.0,0
1.7710384370962313,0.09578145247006595,858.0,4676.0,0.3012957933963231,1.3748068389957941,0.0,39967.0,1.317220323763747,0.0,0
1.7710387528444482,0.09578145247006595,859.0,4676.0,0.30129610914454,1.3748068389957937,0.0,39967.0,1.317220323763747,0.0,0
1.7710390654509176,0.09578145247006595,860.0,4676.0,0.3012964217510097,1.3748068389957935,0.0,39967.0,1.317220323763747,0.0,0
1.7710393749469011,0.09578145247006595,861.0,4676.0,0.30129673124699297,1.3748068389957941,0.0,39967.0,1.317220323763747,0.0,0
1.771039681363348,0.09578145247006595,862.0,4676.0,0.3012970376634398,1.374806838995794,0.0,39967.0,1.317220323763747,0.0,0
1.7710399847309002,0.09578145247006595,863.0,4676.0,0.3012973410309921,1.3748068389957937,0.0,39967.0,1.317220323763747,0.0,0
1.7710402850798947,0.09578145247006595,864.0,4676.0,0.3012976413799866,1.3748068389957935,0.0,39967.0,1.317220323763747,0.0,0
1.771040582440367,0.09578145247006595,865.0,4676.0,0.3012979387404589,1.3748068389957937,0.0,39967.0,1.317220323763747,0.0,0
1.771040876842053,0.09578145247006595,866.0,4676.0,0.30129823314214493,1.3748068389957937,0.0,39967.0,1.317220323763747,0.0,0
1.7710411683143932,0.09578145247006595,867.0,4676.0,0.3012985246144852,1.3748068389957937,0.0,39967.0,1.317220323763747,0.0,0
1.7710414568865356,0.09578145247006595,868.0,4676.0,0.3012988131866273,1.3748068389957941,0.0,39967.0,1.317220323763747,0.0,0
1.7710417425873366,0.09578145247006595,869.0,4676.0,0.3012990988874286,1.3748068389957937,0.0,39967.0,1.317220323763747,0.0,0
1.7710420254453676,0.09578145247006595,870.0,4676.0,0.30129938174545956,1.3748068389957944,0.0,39967.0,1.317220323763747,0.0,0
1.771042305488914,0.09578145247006595,871.0,4676.0,0.30129966178900597,1.3748068389957941,0.0,39967.0,1.317220323763747,0.0,0
1.7710425827459806,0.09578145247006595,872.0,4676.0,0.3012999390460725,1.3748068389957941,0.0,39967.0,1.317220323763747,0.0,0
1.7710428572442933,0.09578145247006595,873.0,4676.0,0.30130021354438513,1.3748068389957937,0.0,39967.0,1.317220323763747,0.0,0
1.771043129011302,0.09578145247006595,874.0,4676.0,0.30130048531139403,1.3748068389957944,0.0,39967.0,1.317220323763747,0.0,0
1.771043398074184,0.09578145247006595,875.0,4676.0,0.30130075437427595,1.3748068389957946,0.0,39967.0,1.317220323763747,0.0,0
1.7710436644598453,0.09578145247006595,876.0,4676.0,0.30130102075993725,1.3748068389957941,0.0,39967.0,1.317220323763747,0.0,0
1.771043928194925,0.09578145247006595,877.0,4676.0,0.30130128449501714,1.3748068389957935,0.0,39967.0,1.317220323763747,0.0,0
1.7710441893057973,0.09578145247006595,878.0,4676.0,0.30130154560588907,1.374806838995794,0.0,39967.0,1.317220323763747,0.0,0
1.7710444478185727,0.09578145247006595,879.0,4676.0,0.30130180411866453,1.3748068389957941,0.0,39967.0,1.317220323763747,0.0,0
1.7710447037591026,0.09578145247006595,880.0,4676.0,0.30130206005919474,1.3748068389957941,0.0,39967.0,1.317220323763747,0.0,0
1.7710449571529823,0.09578145247006595,881.0,4676.0,0.3013023134530743,1.3748068389957937,0.0,39967.0,1.317220323763747,0.0,0
1.7710452080255505,0.09578145247006595,882.0,4676.0,0.3013025643256425,1.3748068389957941,0.0,39967.0,1.317220323763747,0.0,0
1.7710454564018951,0.09578145247006595,883.0,4676.0,0.301302812701987,1.3748068389957935,0.0,39967.0,1.317220323763747,0.0,0
1.7710457023068538,0.09578145247006595,884.0,4676.0,0.30130305860694556,1.3748068389957944,0.0,39967.0,1.317220323763747,0.0,0
1.771045945765017,0.09578145247006595,885.0,4676.0,0.3013033020651089,1.3748068389957941,0.0,39967.0,1.317220323763747,0.0,0
1.7710461868007312,0.09578145247006595,886.0,4676.0,0.301303543100823,1.3748068389957935,0.0,39967.0,1.317220323763747,0.0,0
1.7710464254381,0.09578145247006595,887.0,4676.0,0.3013037817381918,1.3748068389957941,0.0,39967.0,1.317220323763747,0.0,0
1.7710466617009872,0.09578145247006595,888.0,4676.0,0.301304018001079,1.3748068389957944,0.0,39967.0,1.317220323763747,0.0,0
1.7710468956130194,0.09578145247006595,889.0,4676.0,0.30130425191311117,1.374806838995794,0.0,39967.0,1.317220323763747,0.0,0
1.7710471271975878,0.09578145247006595,890.0,4676.0,0.30130448349767974,1.3748068389957941,0.0,39967.0,1.317220323763747,0.0,0
1.7710473564778517,0.09578145247006595,891.0,4676.0,0.30130471277794346,1.3748068389957946,0.0,39967.0,1.317220323763747,0.0,0
1.7710475834767385,0.09578145247006595,892.0,4676.0,0.3013049397768303,1.3748068389957946,0.0,39967.0,1.317220323763747,0.0,0
1.7710478082169485,0.09578145247006595,893.0,4676.0,0.3013051645170407,1.3748068389957937,0.0,39967.0,1.317220323763747,0.0,0
1.7710480307209562,0.09578145247006595,894.0,4676.0,0.3013053870210483,1.3748068389957935,0.0,39967.0,1.317220323763747,0.0,0
1.7710482510110124,0.09578145247006595,895.0,4676.0,0.30130560731110434,1.3748068389957944,0.0,39967.0,1.317220323763747,0.0,0
1.7710484691091457,0.09578145247006595,896.0,4676.0,0.30130582540923745,1.3748068389957944,0.0,39967.0,1.317220323763747,0.0,0
1.771048685037166,0.09578145247006595,897.0,4676.0,0.301306041337258,1.3748068389957937,0.0,39967.0,1.317220323763747,0.0,0
1.771048898816667,0.09578145247006595,898.0,4676.0,0.3013062551167588,1.3748068389957944,0.0,39967.0,1.317220323763747,0.0,0
1.771049110469026,0.09578145247006595,899.0,4676.0,0.30130646676911804,1.3748068389957944,0.0,39967.0,1.317220323763747,0.0,0
1.7710493200154092,0.09578145247006595,900.0,4676.0,0.3013066763155011,1.3748068389957941,0.0,39967.0,1.317220323763747,0.0,0
1.771049527476771,0.09578145247006595,901.0,4676.0,0.3013068837768629,1.3748068389957941,0.0,39967.0,1.317220323763747,0.0,0
1.7710497328738575,0.09578145247006595,902.0,4676.0,0.30130708917394966,1.3748068389957941,0.0,39967.0,1.317220323763747,0.0,0
1.7710499362272092,0.09578145247006595,903.0,4676.0,0.30130729252730115,1.3748068389957935,0.0,39967.0,1.317220323763747,0.0,0
1.7710501375571612,0.09578145247006595,904.0,4676.0,0.30130749385725314,1.3748068389957937,0.0,39967.0,1.317220323763747,0.0,0
1.7710503368838464,0.09578145247006595,905.0,4676.0,0.30130769318393863,1.3748068389957937,0.0,39967.0,1.317220323763747,0.0,0
1.7710505342271983,0.09578145247006595,906.0,4676.0,0.30130789052729023,1.3748068389957937,0.0,39967.0,1.317220323763747,0.0,0
1.7710507296069509,0.09578145247006595,907.0,4676.0,0.30130808590704294,1.374806838995794,0.0,39967.0,1.317220323763747,0.0,0
1.7710509230426426,0.09578145247006595,908.0,4676.0,0.3013082793427345,1.3748068389957941,0.0,39967.0,1.317220323763747,0.0,0
1.7710511145536167,0.09578145247006595,909.0,4676.0,0.3013084708537087,1.3748068389957941,0.0,39967.0,1.317220323763747,0.0,0
1.771051304159025,0.09578145247006595,910.0,4676.0,0.30130866045911703,1.374806838995794,0.0,39967.0,1.317220323763747,0.0,0
1.7710514918778282,0.09578145247006595,911.0,4676.0,0.3013088481779198,1.3748068389957944,0.0,39967.0,1.317220323763747,0.0,0
1.7710516777287972,0.09578145247006595,912.0,4676.0,0.3013090340288895,1.374806838995794,0.0,39967.0,1.317220323763747,0.0,0
1.771051861730519,0.09578145247006595,913.0,4676.0,0.301309218030611,1.3748068389957944,0.0,39967.0,1.317220323763747,0.0,0
1.7710520439013933,0.09578145247006595,914.0,4676.0,0.30130940020148506,1.3748068389957941,0.0,39967.0,1.317220323763747,0.0,0
1.7710522242596365,0.09578145247006595,915.0,4676.0,0.30130958055972834,1.3748068389957941,0.0,39967.0,1.317220323763747,0.0,0
1.7710524028232852,0.09578145247006595,916.0,4676.0,0.3013097591233772,1.3748068389957937,0.0,39967.0,1.317220323763747,0.0,0
1.771052579610196,0.09578145247006595,917.0,4676.0,0.3013099359102881,1.3748068389957933,0.0,39967.0,1.317220323763747,0.0,0
1.7710527546380477,0.09578145247006595,918.0,4676.0,0.3013101109381398,1.3748068389957941,0.0,39967.0,1.317220323763747,0.0,0
1.7710529279243434,0.09578145247006595,919.0,4676.0,0.30131028422443534,1.3748068389957937,0.0,39967.0,1.317220323763747,0.0,0
1.7710530994864113,0.09578145247006595,920.0,4676.0,0.3013104557865034,1.3748068389957937,0.0,39967.0,1.317220323763747,0.0,0
1.7710532693414085,0.09578145247006595,921.0,4676.0,0.3013106256415003,1.3748068389957941,0.0,39967.0,1.317220323763747,0.0,0
1.7710534375063198,0.09578145247006595,922.0,4676.0,0.3013107938064118,1.374806838995794,0.0,39967.0,1.317220323763747,0.0,0
1.7710536039979625,0.09578145247006595,923.0,4676.0,0.30131096029805454,1.3748068389957935,0.0,39967.0,1.317220323763747,0.0,0
1.7710537688329857,0.09578145247006595,924.0,4676.0,0.30131112513307773,1.3748068389957933,0.0,39967.0,1.317220323763747,0.0,0
1.7710539320278726,0.09578145247006595,925.0,4676.0,0.3013112883279648,1.374806838995793,0.0,39967.0,1.317220323763747,0.0,0
1.7710540935989438,0.09578145247006595,926.0,4676.0,0.30131144989903574,1.3748068389957941,0.0,39967.0,1.317220323763747,0.0,0
1.7710542535623561,0.09578145247006595,927.0,4676.0,0.301311609862448,1.3748068389957937,0.0,39967.0,1.317220323763747,0.0,0
1.771054411934105,0.09578145247006595,928.0,4676.0,0.3013117682341972,1.3748068389957935,0.0,39967.0,1.317220323763747,0.0,0
1.7710545687300294,0.09578145247006595,929.0,4676.0,0.3013119250301214,1.3748068389957941,0.0,39967.0,1.317220323763747,0.0,0
1.771054723965808,0.09578145247006595,930.0,4676.0,0.30131208026590023,1.374806838995794,0.0,39967.0,1.317220323763747,0.0,0
1.771054877656965,0.09578145247006595,931.0,4676.0,0.301312233957057,1.3748068389957941,0.0,39967.0,1.317220323763747,0.0,0
1.7710550298188692,0.09578145247006595,932.0,4676.0,0.30131238611896133,1.374806838995794,0.0,39967.0,1.317220323763747,0.0,0
1.7710551804667374,0.09578145247006595,933.0,4676.0,0.30131253676682934,1.374806838995794,0.0,39967.0,1.317220323763747,0.0,0
1.771055329615634,0.09578145247006595,934.0,4676.0,0.30131268591572613,1.3748068389957933,0.0,39967.0,1.317220323763747,0.0,0
1.7710554772804745,0.09578145247006595,935.0,4676.0,0.3013128335805665,1.3748068389957937,0.0,39967.0,1.317220323763747,0.0,0
1.7710556234760253,0.09578145247006595,936.0,4676.0,0.3013129797761174,1.3748068389957941,0.0,39967.0,1.317220323763747,0.0,0
1.7710557682169057,0.09578145247006595,937.0,4676.0,0.30131312451699793,1.3748068389957935,0.0,39967.0,1.317220323763747,0.0,0
1.771055911517591,0.09578145247006595,938.0,4676.0,0.3013132678176828,1.3748068389957944,0.0,39967.0,1.317220323763747,0.0,0
1.77105605339241,0.09578145247006595,939.0,4676.0,0.301313409692502,1.3748068389957941,0.0,39967.0,1.317220323763747,0.0,0
1.7710561938555511,0.09578145247006595,940.0,4676.0,0.30131355015564326,1.374806838995794,0.0,39967.0,1.317220323763747,0.0,0
1.771056332921061,0.09578145247006595,941.0,4676.0,0.3013136892211528,1.3748068389957941,0.0,39967.0,1.317220323763747,0.0,0
1.7710564706028453,0.09578145247006595,942.0,4676.0,0.3013138269029374,1.3748068389957941,0.0,39967.0,1.317220323763747,0.0,0
1.7710566069146734,0.09578145247006595,943.0,4676.0,0.3013139632147653,1.3748068389957941,0.0,39967.0,1.317220323763747,0.0,0
1.7710567418701757,0.09578145247006595,944.0,4676.0,0.30131409817026794,1.3748068389957935,0.0,39967.0,1.317220323763747,0.0,0
1.7710568754828488,0.09578145247006595,945.0,4676.0,0.3013142317829408,1.3748068389957941,0.0,39967.0,1.317220323763747,0.0,0
1.7710570077660535,0.09578145247006595,946.0,4676.0,0.3013143640661456,1.374806838995794,0.0,39967.0,1.317220323763747,0.0,0
1.7710571387330183,0.09578145247006595,947.0,4676.0,0.3013144950331103,1.3748068389957935,0.0,39967.0,1.317220323763747,0.0,0
1.7710572683968402,0.09578145247006595,948.0,4676.0,0.30131462469693193,1.3748068389957944,0.0,39967.0,1.317220323763747,0.0,0
1.7710573967704852,0.09578145247006595,949.0,4676.0,0.30131475307057715,1.3748068389957941,0.0,39967.0,1.317220323763747,0.0,0
1.7710575238667912,0.09578145247006595,950.0,4676.0,0.3013148801668831,1.3748068389957937,0.0,39967.0,1.317220323763747,0.0,0
1.7710576496984678,0.09578145247006595,951.0,4676.0,0.3013150059985597,1.3748068389957937,0.0,39967.0,1.317220323763747,0.0,0
1.7710577742780984,0.09578145247006595,952.0,4676.0,0.30131513057819015,1.374806838995794,0.0,39967.0,1.317220323763747,0.0,0
1.7710578976181406,0.09578145247006595,953.0,4676.0,0.3013152539182327,1.3748068389957937,0.0,39967.0,1.317220323763747,0.0,0
1.7710580197309291,0.09578145247006595,954.0,4676.0,0.3013153760310212,1.3748068389957941,0.0,39967.0,1.317220323763747,0.0,0
1.7710581406286754,0.09578145247006595,955.0,4676.0,0.30131549692876725,1.3748068389957941,0.0,39967.0,1.317220323763747,0.0,0
1.7710582603234686,0.09578145247006595,956.0,4676.0,0.3013156166235606,1.3748068389957935,0.0,39967.0,1.317220323763747,0.0,0
1.771058378827279,0.09578145247006595,957.0,4676.0,0.30131573512737075,1.3748068389957941,0.0,39967.0,1.317220323763747,0.0,0
1.7710584961519564,0.09578145247006595,958.0,4676.0,0.30131585245204845,1.3748068389957935,0.0,39967.0,1.317220323763747,0.0,0
1.7710586123092338,0.09578145247006595,959.0,4676.0,0.30131596860932597,1.374806838995793,0.0,39967.0,1.317220323763747,0.0,0
1.7710587273107277,0.09578145247006595,960.0,4676.0,0.30131608361081935,1.3748068389957944,0.0,39967.0,1.317220323763747,0.0,0
1.7710588411679369,0.09578145247006595,961.0,4676.0,0.3013161974680288,1.3748068389957941,0.0,39967.0,1.317220323763747,0.0,0
1.7710589538922479,0.09578145247006595,962.0,4676.0,0.3013163101923399,1.374806838995794,0.0,39967.0,1.317220323763747,0.0,0
1.7710590654949334,0.09578145247006595,963.0,4676.0,0.3013164217950255,1.3748068389957941,0.0,39967.0,1.317220323763747,0.0,0
1.771059175987154,0.09578145247006595,964.0,4676.0,0.3013165322872459,1.3748068389957941,0.0,39967.0,1.317220323763747,0.0,0
1.771059285379958,0.09578145247006595,965.0,4676.0,0.3013166416800502,1.3748068389957937,0.0,39967.0,1.317220323763747,0.0,0
1.7710593936842858,0.09578145247006595,966.0,4676.0,0.3013167499843779,1.3748068389957937,0.0,39967.0,1.317220323763747,0.0,0
1.7710595009109675,0.09578145247006595,967.0,4676.0,0.30131685721105966,1.374806838995794,0.0,39967.0,1.317220323763747,0.0,0
1.7710596070707258,0.09578145247006595,968.0,4676.0,0.3013169633708179,1.3748068389957937,0.0,39967.0,1.317220323763747,0.0,0
1.7710597121741771,0.09578145247006595,969.0,4676.0,0.30131706847426903,1.3748068389957937,0.0,39967.0,1.317220323763747,0.0,0
1.7710598162318312,0.09578145247006595,970.0,4676.0,0.30131717253192336,1.3748068389957941,0.0,39967.0,1.317220323763747,0.0,0
1.7710599192540948,0.09578145247006595,971.0,4676.0,0.30131727555418675,1.3748068389957941,0.0,39967.0,1.317220323763747,0.0,0
1.7710600212512695,0.09578145247006595,972.0,4676.0,0.30131737755136145,1.3748068389957937,0.0,39967.0,1.317220323763747,0.0,0
1.7710601222335551,0.09578145247006595,973.0,4676.0,0.3013174785336474,1.3748068389957937,0.0,39967.0,1.317220323763747,0.0,0
1.7710602222110507,0.09578145247006595,974.0,4676.0,0.3013175785111426,1.3748068389957941,0.0,39967.0,1.317220323763747,0.0,0
1.7710603211937535,0.09578145247006595,975.0,4676.0,0.30131767749384536,1.3748068389957944,0.0,39967.0,1.317220323763747,0.0,0
1.7710604191915618,0.09578145247006595,976.0,4676.0,0.3013177754916536,1.374806838995794,0.0,39967.0,1.317220323763747,0.0,0
1.7710605162142754,0.09578145247006595,977.0,4676.0,0.30131787251436737,1.374806838995794,0.0,39967.0,1.317220323763747,0.0,0
1.7710606122715973,0.09578145247006595,978.0,4676.0,0.301317968571689,1.374806838995794,0.0,39967.0,1.317220323763747,0.0,0
1.7710607073731324,0.09578145247006595,979.0,4676.0,0.3013180636732244,1.3748068389957937,0.0,39967.0,1.317220323763747,0.0,0
1.7710608015283915,0.09578145247006595,980.0,4676.0,0.30131815782848365,1.3748068389957941,0.0,39967.0,1.317220323763747,0.0,0
1.7710608947467905,0.09578145247006595,981.0,4676.0,0.3013182510468825,1.3748068389957937,0.0,39967.0,1.317220323763747,0.0,0
1.7710609870376506,0.09578145247006595,982.0,4676.0,0.30131834333774266,1.3748068389957941,0.0,39967.0,1.317220323763747,0.0,0
1.7710610784102014,0.09578145247006595,983.0,4676.0,0.3013184347102934,1.3748068389957937,0.0,39967.0,1.317220323763747,0.0,0
1.7710611688735802,0.09578145247006595,984.0,4676.0,0.30131852517367214,1.3748068389957941,0.0,39967.0,1.317220323763747,0.0,0
1.771061258436833,0.09578145247006595,985.0,4676.0,0.3013186147369253,1.3748068389957933,0.0,39967.0,1.317220323763747,0.0,0
1.7710613471089172,0.09578145247006595,986.0,4676.0,0.30131870340900907,1.3748068389957937,0.0,39967.0,1.317220323763747,0.0,0
1.7710614348986988,0.09578145247006595,987.0,4676.0,0.3013187911987908,1.3748068389957937,0.0,39967.0,1.317220323763747,0.0,0
1.7710615218149577,0.09578145247006595,988.0,4676.0,0.3013188781150497,1.3748068389957937,0.0,39967.0,1.317220323763747,0.0,0
1.7710616078663854,0.09578145247006595,989.0,4676.0,0.3013189641664774,1.3748068389957933,0.0,39967.0,1.317220323763747,0.0,0
1.7710616930615874,0.09578145247006595,990.0,4676.0,0.3013190493616792,1.3748068389957941,0.0,39967.0,1.317220323763747,0.0,0
1.7710617774090824,0.09578145247006595,991.0,4676.0,0.30131913370917457,1.3748068389957933,0.0,39967.0,1.317220323763747,0.0,0
1.7710618609173063,0.09578145247006595,992.0,4676.0,0.30131921721739824,1.374806838995794,0.0,39967.0,1.317220323763747,0.0,0
1.7710619435946091,0.09578145247006595,993.0,4676.0,0.301319299894701,1.374806838995794,0.0,39967.0,1.317220323763747,0.0,0
1.771062025449259,0.09578145247006595,994.0,4676.0,0.3013193817493511,1.374806838995794,0.0,39967.0,1.317220323763747,0.0,0
1.7710621064894418,0.09578145247006595,995.0,4676.0,0.30131946278953375,1.374806838995794,0.0,39967.0,1.317220323763747,0.0,0
1.7710621867232612,0.09578145247006595,996.0,4676.0,0.30131954302335323,1.374806838995794,0.0,39967.0,1.317220323763747,0.0,0
1.771062266158741,0.09578145247006595,997.0,4676.0,0.3013196224588327,1.3748068389957941,0.0,39967.0,1.317220323763747,0.0,0
1.7710623448038239,0.09578145247006595,998.0,4676.0,0.30131970110391604,1.3748068389957935,0.0,39967.0,1.317220323763747,0.0,0
1.7710624226663754,0.09578145247006595,999.0,4676.0,0.3013197789664676,1.3748068389957937,0.0,39967.0,1.317220323763747,0.0,0
1.7710624997541822,0.09578145247006595,1000.0,4676.0,0.30131985605427386,1.3748068389957944,0.0,39967.0,1.317220323763747,0.0,0
1.7710625760749517,0.09578145247006595,1001.0,4676.0,0.30131993237504373,1.3748068389957933,0.0,39967.0,1.317220323763747,0.0,0
1.7710626516363173,0.09578145247006595,1002.0,4676.0,0.3013200079364093,1.3748068389957941,0.0,39967.0,1.317220323763747,0.0,0
1.7710627264458345,0.09578145247006595,1003.0,4676.0,0.3013200827459265,1.3748068389957937,0.0,39967.0,1.317220323763747,0.0,0
1.7710628005109847,0.09578145247006595,1004.0,4676.0,0.3013201568110768,1.3748068389957941,0.0,39967.0,1.317220323763747,0.0,0
1.7710628738391745,0.09578145247006595,1005.0,4676.0,0.3013202301392665,1.3748068389957937,0.0,39967.0,1.317220323763747,0.0,0
1.7710628738391745,0.09578145247006595,1005.0,4676.0,0.3013202301392665,1.3748068389957937,0.0,39967.0,1.317220323763747,0.0,0
1.7710628738391745,0.09578145247006595,1005.0,4676.0,0.3013202301392665,1.3748068389957937,0.0,39967.0,1.317220323763747,0.0,0
0.3356396381530204,0.03694895572178122,1005.0,8935.0,0.3021838387255685,4.7665052961201633e-17,0.0,39846.0,0.0,0.0,0
0.3356396381530204,0.03694895572178122,1005.0,8935.0,0.3021838387255685,4.7665052961201633e-17,0.0,39846.0,0.0,0.0,0
0.27611737338971104,0.03231354390831467,1006.0,9248.0,0.2472969857757257,1.518633460109877e-16,0.0,39846.0,0.0,0.0,0
0.2582202821905949,0.03231354390831467,1007.0,9248.0,0.2293998945766096,7.845381796832749e-17,0.0,39846.0,0.0,0.0,0
0.24692300424793842,0.03231354390831467,1008.0,9248.0,0.21810261663395306,9.320894714029664e-17,0.0,39846.0,0.0,0.0,0
0.23841771731111766,0.03231354390831467,1009.0,9248.0,0.20959732969713235,-1.961926588600545e-17,0.0,39846.0,0.0,0.0,0
0.23127009929222136,0.03231354390831467,1010.0,9248.0,0.20244971167823606,8.269032413861717e-17,0.0,39846.0,0.0,0.0,0
0.22492186551441795,0.03231354390831467,1011.0,9248.0,0.19610147790043267,7.282838865030223e-17,0.0,39846.0,0.0,0.0,0
0.21902569813762054,0.03219932830516975,1012.0,9266.0,0.19031952612678013,-1.0576736940915262e-17,0.0,39846.0,0.0,0.0,0
0.2136243959198346,0.032124540346737486,1013.0,9278.0,0.18499301186742645,4.036594219318539e-17,0.0,39846.0,0.0,0.0,0
0.20859894091262024,0.03203365082842907,1014.0,9293.0,0.1800584463785205,-8.856564339535636e-18,0.0,39846.0,0.0,0.0,0
0.20391311547653773,0.031934356386635235,1015.0,9311.0,0.17547191538423185,7.211939859162549e-17,0.0,39846.0,0.0,0.0,0
0.1995788975620547,0.03187339977101922,1016.0,9324.0,0.17119865408536486,1.5702386381512656e-17,0.0,39846.0,0.0,0.0,0
0.1955125074339471,0.03179663704789319,1017.0,9342.0,0.1672090266803833,1.2320155117989205e-18,0.0,39846.0,0.0,0.0,0
0.19168828991714446,0.03170456660004519,1018.0,9361.0,0.16347687961142862,7.930228148117014e-17,0.0,39846.0,0.0,0.0,0
0.18811736939647802,0.031631741677624704,1019.0,9376.0,0.1599787840131827,2.2943383210293105e-17,0.0,39846.0,0.0,0.0,0
0.18475459035445965,0.03155412692801238,1020.0,9395.0,0.15669361972077667,1.1721581543860484e-17,0.0,39846.0,0.0,0.0,0
0.18160039911012785,0.03149125740870814,1021.0,9409.0,0.1536022979957491,-3.3636348029679966e-17,0.0,39846.0,0.0,0.0,0
0.17842901074404588,0.031234619932692147,1022.0,9436.0,0.1506875471056831,2.957999507102125e-17,0.0,39846.0,0.0,0.0,0
0.17529978239255123,0.030859206963321523,1023.0,9476.0,0.14793373172355903,1.0355903971819228e-17,0.0,39846.0,0.0,0.0,0
0.17233500488806205,0.03050146673452493,1024.0,9512.0,0.1453266944478665,2.49599369017753e-17,0.0,39846.0,0.0,0.0,0
0.1696382614690119,0.030277803544762377,1025.0,9533.0,0.14285361421857892,-7.612926039889556e-18,0.0,39846.0,0.0,0.0,0
0.16711809128318553,0.030108368704088312,1026.0,9548.0,0.14050287887342658,4.2074492006717856e-18,0.0,39846.0,0.0,0.0,0
0.16460106721818002,0.029830253435883216,1027.0,9573.0,0.1382639700766262,-8.850752945612056e-18,0.0,39846.0,0.0,0.0,0
0.16228920226683863,0.029654999273810927,1028.0,9589.0,0.13612735928735709,-3.7274280625840925e-17,0.0,39846.0,0.0,0.0,0
0.16001955678391522,0.029428299417962406,1029.0,9610.0,0.13408441366028218,2.589557132347165e-17,0.0,39846.0,0.0,0.0,0
0.1578712464756578,0.02923709185804296,1030.0,9628.0,0.1321273109119442,-1.774799704261275e-17,0.0,39846.0,0.0,0.0,0
0.1558039265610096,0.02904812056323859,1031.0,9646.0,0.1302489622921004,-1.1436823241605074e-17,0.0,39846.0,0.0,0.0,0
0.15386331038133041,0.028913523789787173,1032.0,9659.0,0.12844294288587266,-3.6960465353967617e-17,0.0,39846.0,0.0,0.0,0
0.15199061007229933,0.02878033781856839,1033.0,9672.0,0.1267034285480603,2.4105661995009068e-17,0.0,39846.0,0.0,0.0,0
0.15015054014829513,0.028618557604519135,1034.0,9688.0,0.12502513883810537,-5.969463838301185e-17,0.0,39846.0,0.0,0.0,0
0.14838898016248242,0.02847885107226788,1035.0,9702.0,0.12340328538454391,2.1595139820022588e-17,0.0,39846.0,0.0,0.0,0
0.14669071856662597,0.028350349698740267,1036.0,9715.0,0.12183352516221509,2.868504040678996e-17,0.0,39846.0,0.0,0.0,0
0.14499324879723852,0.028174486876856326,1037.0,9733.0,0.12031191821471154,4.879246338237612e-17,0.0,39846.0,0.0,0.0,0
0.14337144526602813,0.02802971216130604,1038.0,9748.0,0.11883488939905149,-3.761134147340855e-17,0.0,39846.0,0.0,0.0,0
0.14184013468211532,0.027934097206628927,1039.0,9758.0,0.11739919376981571,4.1121423403250765e-17,0.0,39846.0,0.0,0.0,0
0.14027294605893434,0.027764217096845723,1040.0,9776.0,0.116001885256418,-2.4152153146397706e-17,0.0,39846.0,0.0,0.0,0
0.13879935798748136,0.02765222596167547,1041.0,9788.0,0.11464028832013523,5.895077996079363e-17,0.0,39846.0,0.0,0.0,0
0.13738789550010674,0.02756907948709069,1042.0,9797.0,0.1133119723073454,4.379466460809748e-17,0.0,39846.0,0.0,0.0,0
0.13602658473424475,0.02750501278616895,1043.0,9804.0,0.11201472824240517,3.424073299773226e-17,0.0,39846.0,0.0,0.0,0
0.1346767400980547,0.027423348564369898,1044.0,9813.0,0.11074654782801413,4.962930410737161e-17,0.0,39846.0,0.0,0.0,0
0.13331905276335856,0.027306604614682636,1045.0,9826.0,0.1095056044430053,4.5456723270241306e-17,0.0,39846.0,0.0,0.0,0
0.13204153787021156,0.027244458217050037,1046.0,9833.0,0.10829023594749088,3.815761250222506e-17,0.0,39846.0,0.0,0.0,0
0.13081501927798098,0.027209246448929653,1047.0,9837.0,0.10709892912338069,-5.021044349972959e-18,0.0,39846.0,0.0,0.0,0
0.12959414450687207,0.027156995206545888,1048.0,9843.0,0.10593030559465554,2.840609349845813e-17,0.0,39846.0,0.0,0.0,0
0.12839499910153368,0.0271050463092754,1049.0,9849.0,0.10478310908658763,7.973232463151505e-18,0.0,39846.0,0.0,0.0,0
0.12725094328474865,0.027087905682577927,1050.0,9851.0,0.10365619389650006,4.2272079400119565e-17,0.0,39846.0,0.0,0.0,0
0.12607551442132964,0.02702015625487872,1051.0,9859.0,0.1025485144607803,1.5121246989154675e-17,0.0,39846.0,0.0,0.0,0
0.12498611587438438,0.02702015625487872,1052.0,9859.0,0.10145911591383502,5.854398238614305e-17,0.0,39846.0,0.0,0.0,0
0.12391412550514821,0.02702015625487872,1053.0,9859.0,0.10038712554459885,3.327604160641801e-17,0.0,39846.0,0.0,0.0,0
0.1228587450257422,0.02702015625487872,1054.0,9859.0,0.09933174506519286,-3.216025397309069e-17,0.0,39846.0,0.0,0.0,0
0.12181924357500387,0.02702015625487872,1055.0,9859.0,0.09829224361445452,-6.183323134688922e-18,0.0,39846.0,0.0,0.0,0
0.12079495138696512,0.02702015625487872,1056.0,9859.0,0.09726795142641576,2.0351501520376508e-17,0.0,39846.0,0.0,0.0,0
0.11978525406100905,0.02702015625487872,1057.0,9859.0,0.09625825410045968,2.459381908458977e-17,0.0,39846.0,0.0,0.0,0
0.11878958737645598,0.02702015625487872,1058.0,9859.0,0.09526258741590664,-1.1924980331185779e-17,0.0,39846.0,0.0,0.0,0
0.11780743259977836,0.02702015625487872,1059.0,9859.0,0.09428043263922901,-2.4942502720004562e-17,0.0,39846.0,0.0,0.0,0
0.11683831223757223,0.02702015625487872,1060.0,9859.0,0.09331131227702287,-1.7434181770739443e-17,0.0,39846.0,0.0,0.0,0
0.11588178619287484,0.02702015625487872,1061.0,9859.0,0.09235478623232544,6.255384419341312e-17,0.0,39846.0,0.0,0.0,0
0.11493744828645232,0.02702015625487872,1062.0,9859.0,0.09141044832590295,6.380910528090636e-18,0.0,39846.0,0.0,0.0,0
0.11400492310833503,0.02702015625487872,1063.0,9859.0,0.09047792314778569,-3.5507616873072665e-17,0.0,39846.0,0.0,0.0,0
0.11308386316817973,0.02702015625487872,1064.0,9859.0,0.08955686320763039,-1.0809192697858454e-17,0.0,39846.0,0.0,0.0,0
0.11217394631603039,0.02702015625487872,1065.0,9859.0,0.08864694635548104,2.0374747096070828e-17,0.0,39846.0,0.0,0.0,0
0.11127487340775342,0.02702015625487872,1066.0,9859.0,0.08774787344720406,4.964092689521877e-17,0.0,39846.0,0.0,0.0,0
0.11038636619187091,0.02702015625487872,1067.0,9859.0,0.08685936623132154,1.6330016925259276e-17,0.0,39846.0,0.0,0.0,0
0.10950816539673092,0.02702015625487872,1068.0,9859.0,0.08598116543618158,-8.717090885369721e-18,0.0,39846.0,0.0,0.0,0
0.10864002899895749,0.02702015625487872,1069.0,9859.0,0.08511302903840814,9.205247974950425e-18,0.0,39846.0,0.0,0.0,0
0.1077817306559368,0.02702015625487872,1070.0,9859.0,0.08425473069538744,-1.5725631957206976e-17,0.0,39846.0,0.0,0.0,0
0.10693305828673752,0.02702015625487872,1071.0,9859.0,0.08340605832618816,6.415778891632115e-18,0.0,39846.0,0.0,0.0,0
0.10609381278734584,0.02702015625487872,1072.0,9859.0,0.08256681282679648,2.8533944164776886e-17,0.0,39846.0,0.0,0.0,0
0.10526380686744213,0.02702015625487872,1073.0,9859.0,0.08173680690689279,-8.240556583636176e-18,0.0,39846.0,0.0,0.0,0
0.10444286399715957,0.02702015625487872,1074.0,9859.0,0.08091586403661022,2.1037246003358927e-17,0.0,39846.0,0.0,0.0,0
0.10363081745336511,0.02702015625487872,1075.0,9859.0,0.08010381749281575,-5.2302545312218324e-18,0.0,39846.0,0.0,0.0,0
0.10282750945600029,0.02702015625487872,1076.0,9859.0,0.07930050949545094,5.7300344086496965e-18,0.0,39846.0,0.0,0.0,0
0.1020327903859173,0.02702015625487872,1077.0,9859.0,0.07850579042536794,9.263361914186224e-18,0.0,39846.0,0.0,0.0,0
0.10124651807646261,0.02702015625487872,1078.0,9859.0,0.07771951811591324,5.073346895285178e-17,0.0,39846.0,0.0,0.0,0
0.10046855717179663,0.02702015625487872,1079.0,9859.0,0.07694155721124729,1.400545935582735e-17,0.0,39846.0,0.0,0.0,0
0.09969877854560588,0.02702015625487872,1080.0,9859.0,0.07617177858505653,-6.276305437466199e-19,0.0,39846.0,0.0,0.0,0
0.09893705877446635,0.02702015625487872,1081.0,9859.0,0.07541005881391699,4.832755186848973e-17,0.0,39846.0,0.0,0.0,0
0.09818327966066458,0.02702015625487872,1082.0,9859.0,0.07465627970011521,1.6132429531857564e-17,0.0,39846.0,0.0,0.0,0
0.09743732779977686,0.02702015625487872,1083.0,9859.0,0.07391032783922749,2.1199965033219162e-17,0.0,39846.0,0.0,0.0,0
0.09669909418875246,0.02702015625487872,1084.0,9859.0,0.07317209422820312,-1.0297790032583431e-17,0.0,39846.0,0.0,0.0,0
0.09596847387065432,0.02702015625487872,1085.0,9859.0,0.07244147391010494,3.0405213008169586e-17,0.0,39846.0,0.0,0.0,0
0.0952453656125737,0.02702015625487872,1086.0,9859.0,0.07171836565202434,3.0684159916501416e-18,0.0,39846.0,0.0,0.0,0
0.09452967161356983,0.02702015625487872,1087.0,9859.0,0.07100267165302046,4.93154888354983e-17,0.0,39846.0,0.0,0.0,0
0.0938212972397816,0.02702015625487872,1088.0,9859.0,0.07029429727923221,3.962208377096717e-17,0.0,39846.0,0.0,0.0,0
0.09312015078413356,0.02702015625487872,1089.0,9859.0,0.06959315082358421,-5.044289925667278e-18,0.0,39846.0,0.0,0.0,0
0.09242614324830069,0.02702015625487872,1090.0,9859.0,0.06889914328775132,4.142361588727691e-17,0.0,39846.0,0.0,0.0,0
0.09173918814481972,0.02702015625487872,1091.0,9859.0,0.06821218818427034,2.1397552426620874e-17,0.0,39846.0,0.0,0.0,0
0.09105920131743707,0.02702015625487872,1092.0,9859.0,0.06753220135688773,1.2145813300281811e-17,0.0,39846.0,0.0,0.0,0
0.09038610077796233,0.02702015625487872,1093.0,9859.0,0.06685910081741293,4.379466460809748e-17,0.0,39846.0,0.0,0.0,0
0.0897198065580632,0.02702015625487872,1094.0,9859.0,0.06619280659751386,1.845698710128949e-17,0.0,39846.0,0.0,0.0,0
0.08906024057458632,0.02702015625487872,1095.0,9859.0,0.06553324061403695,1.3552170629788125e-17,0.0,39846.0,0.0,0.0,0
0.0884073265071212,0.02702015625487872,1096.0,9859.0,0.06488032654657182,1.000722033640444e-17,0.0,39846.0,0.0,0.0,0
0.08776098968664937,0.02702015625487872,1097.0,9859.0,0.06423398972610005,-3.6170115780360764e-17,0.0,39846.0,0.0,0.0,0
0.08712115699422865,0.02702015625487872,1098.0,9859.0,0.06359415703367932,7.124768950308852e-18,0.0,39846.0,0.0,0.0,0
0.08648775676876283,0.02702015625487872,1099.0,9859.0,0.06296075680821346,7.554812100653758e-18,0.0,39846.0,0.0,0.0,0
0.08586071872299902,0.02702015625487872,1100.0,9859.0,0.06233371876244968,1.3970590992285872e-17,0.0,39846.0,0.0,0.0,0
0.08523997386697377,0.02702015625487872,1101.0,9859.0,0.061712973906424405,2.9835696403658764e-17,0.0,39846.0,0.0,0.0,0
0.08462545443820507,0.02702015625487872,1102.0,9859.0,0.06109845447765573,9.321475853422022e-18,0.0,39846.0,0.0,0.0,0
0.08401709383799423,0.02702015625487872,1103.0,9859.0,0.06049009387744488,2.0967509276275968e-17,0.0,39846.0,0.0,0.0,0
0.0834148265732602,0.02702015625487872,1104.0,9859.0,0.05988782661271085,-1.6608963833591108e-17,0.0,39846.0,0.0,0.0,0
0.08281858820338665,0.02702015625487872,1105.0,9859.0,0.05929158824283731,4.625869563169532e-18,0.0,39846.0,0.0,0.0,0
0.08222831529160843,0.02702015625487872,1106.0,9859.0,0.05870131533105907,-6.032226892675847e-18,0.0,39846.0,0.0,0.0,0
0.08164394536051213,0.02702015625487872,1107.0,9859.0,0.0581169453999628,-8.751959248911199e-18,0.0,39846.0,0.0,0.0,0
0.08106541685126299,0.02702015625487872,1108.0,9859.0,0.05753841689071364,-6.171700346841762e-18,0.0,39846.0,0.0,0.0,0
0.08049266908620949,0.02702015625487872,1109.0,9859.0,0.05696566912566013,5.567315378789462e-18,0.0,39846.0,0.0,0.0,0
0.07992564223454876,0.02702015625487872,1110.0,9859.0,0.05639864227399943,-1.1401954878063595e-17,0.0,39846.0,0.0,0.0,0
0.07936427728076677,0.02702015625487872,1111.0,9859.0,0.055837277320217385,2.3001497149528904e-17,0.0,39846.0,0.0,0.0,0
0.07880851599559364,0.02702015625487872,1112.0,9859.0,0.0552815160350443,1.1390332090216435e-17,0.0,39846.0,0.0,0.0,0
0.07825511174082282,0.027016967086461053,1113.0,9860.0,0.05473130094869114,1.0739455970775496e-17,0.0,39846.0,0.0,0.0,0
0.07770403822076155,0.027010619188935877,1114.0,9862.0,0.05418657532615503,1.2971031237430144e-17,0.0,39846.0,0.0,0.0,0
0.0771584623506058,0.027004335500534247,1115.0,9864.0,0.05364728314440093,-7.554812100653758e-18,0.0,39846.0,0.0,0.0,0
0.07661520087316921,0.02699498809625238,1116.0,9867.0,0.05311336907124618,1.9758739340171367e-19,0.0,39846.0,0.0,0.0,0
0.07607422446917274,0.026982602317711605,1117.0,9871.0,0.05258477844579049,1.8236154132193455e-17,0.0,39846.0,0.0,0.0,0
0.0755416520447883,0.026973351078869116,1118.0,9874.0,0.05206145726024853,1.780611098184855e-17,0.0,39846.0,0.0,0.0,0
0.07501131871102051,0.026961122862292845,1119.0,9878.0,0.051543352143057025,3.5031082571339115e-17,0.0,39846.0,0.0,0.0,0
0.07449231997423018,0.026955065925421143,1120.0,9880.0,0.051030410343138426,-2.0212028066210592e-17,0.0,39846.0,0.0,0.0,0
0.07398147169363335,0.026952048272745707,1121.0,9881.0,0.050522579715217016,5.369727985387748e-18,0.0,39846.0,0.0,0.0,0
0.07346972310343045,0.026943070691669666,1122.0,9884.0,0.05001980870609016,-2.147891194155099e-17,0.0,39846.0,0.0,0.0,0
0.07296601859536782,0.026937128547927524,1123.0,9886.0,0.04952204634176966,4.463150533309297e-18,0.0,39846.0,0.0,0.0,0
0.07247025822915876,0.02693417230807453,1124.0,9887.0,0.0490292422154136,5.6138065301781005e-18,0.0,39846.0,0.0,0.0,0
0.07197650256715775,0.026928312385508517,1125.0,9889.0,0.0485413464759786,-1.1680901786395426e-17,0.0,39846.0,0.0,0.0,0
0.07148472130476939,0.02691956778157103,1126.0,9892.0,0.048058309817527727,1.2157436088128971e-17,0.0,39846.0,0.0,0.0,0
0.0709978268057635,0.026910899630957035,1127.0,9895.0,0.04758008346913583,-1.1529805544382351e-17,0.0,39846.0,0.0,0.0,0
0.07051001133347225,0.026896548442461417,1128.0,9900.0,0.0471066191853402,-2.3361803572790853e-18,0.0,39846.0,0.0,0.0,0
0.07003557089645547,0.026890857953696938,1129.0,9902.0,0.0466378692370879,-1.0228053305500472e-18,0.0,39846.0,0.0,0.0,0
0.0695686629668827,0.026888032858074513,1130.0,9903.0,0.04617378640313756,-6.404156103784955e-18,0.0,39846.0,0.0,0.0,0
0.0690979393518614,0.026876771684315105,1131.0,9907.0,0.04571432396187565,2.459381908458977e-17,0.0,39846.0,0.0,0.0,0
0.0686402652724834,0.026873985883300557,1132.0,9908.0,0.0452594356835122,2.2455226120712402e-17,0.0,39846.0,0.0,0.0,0
0.06818990541159516,0.026873985883300557,1133.0,9908.0,0.04480907582262396,1.4307651839853503e-17,0.0,39846.0,0.0,0.0,0
0.06773852167522844,0.026868478858542457,1134.0,9910.0,0.04436319911101534,1.7085498135324652e-17,0.0,39846.0,0.0,0.0,0
0.06729708331508444,0.026868478858542457,1135.0,9910.0,0.04392176075087134,8.833318763841317e-18,0.0,39846.0,0.0,0.0,0
0.06685187131127139,0.026860311197422396,1136.0,9913.0,0.043484716408178366,7.659417191278195e-18,0.0,39846.0,0.0,0.0,0
0.0664137674322299,0.02685490152016834,1137.0,9915.0,0.04305202220639091,1.344756553916369e-17,0.0,39846.0,0.0,0.0,0
0.06597461713373505,0.02684413870773927,1138.0,9919.0,0.04262363472032515,-1.3947345416591554e-18,0.0,39846.0,0.0,0.0,0
0.06554248033690088,0.026836125660969306,1139.0,9922.0,0.04219951097026094,5.532447015247983e-18,0.0,39846.0,0.0,0.0,0
0.06512257778287649,0.026836125660969306,1140.0,9922.0,0.04177960841623654,1.595808771415017e-17,0.0,39846.0,0.0,0.0,0
0.0647068543191611,0.026836125660969306,1141.0,9922.0,0.04136388495252116,-4.0679757465058694e-18,0.0,39846.0,0.0,0.0,0
0.06429526826889215,0.026836125660969306,1142.0,9922.0,0.0409522989022522,2.1850841152660102e-18,0.0,39846.0,0.0,0.0,0
0.06388777837886486,0.026836125660969306,1143.0,9922.0,0.040544809012224924,-1.3366206024233571e-18,0.0,39846.0,0.0,0.0,0
0.06348434381446362,0.026836125660969306,1144.0,9922.0,0.04014137444782369,-2.7894690833183107e-19,0.0,39846.0,0.0,0.0,0
0.06308492415472491,0.026836125660969306,1145.0,9922.0,0.039741954788084975,8.914678278771435e-18,0.0,39846.0,0.0,0.0,0
0.06268947938752278,0.026836125660969306,1146.0,9922.0,0.03934651002088283,9.949106397168642e-18,0.0,39846.0,0.0,0.0,0
0.062297969904868765,0.026836125660969306,1147.0,9922.0,0.03895500053822882,-1.8689442858232683e-17,0.0,39846.0,0.0,0.0,0
0.06191035649831881,0.026836125660969306,1148.0,9922.0,0.03856738713167887,1.434252020339498e-17,0.0,39846.0,0.0,0.0,0
0.06152660035447998,0.026836125660969306,1149.0,9922.0,0.038183630987840035,1.5388571109639348e-17,0.0,39846.0,0.0,0.0,0
0.06114666305061158,0.026836125660969306,1150.0,9922.0,0.037803693683971636,1.0553491365220942e-17,0.0,39846.0,0.0,0.0,0
0.060770506550314365,0.026836125660969306,1151.0,9922.0,0.03742753718367442,9.716650640225448e-18,0.0,39846.0,0.0,0.0,0
0.06039809319930287,0.026836125660969306,1152.0,9922.0,0.03705512383266294,2.1385929638773715e-18,0.0,39846.0,0.0,0.0,0
0.060029385721256545,0.026836125660969306,1153.0,9922.0,0.03668641635461661,-1.4203046749229066e-17,0.0,39846.0,0.0,0.0,0
0.05966434721374502,0.026836125660969306,1154.0,9922.0,0.03632137784710508,7.415338646487843e-18,0.0,39846.0,0.0,0.0,0
0.05930294114422371,0.026836125660969306,1155.0,9922.0,0.03595997177758377,6.439024467326434e-18,0.0,39846.0,0.0,0.0,0
0.05894513134609653,0.026836125660969306,1156.0,9922.0,0.035602161979456586,1.0565114153068102e-17,0.0,39846.0,0.0,0.0,0
0.05859088201484209,0.026836125660969306,1157.0,9922.0,0.035247912648202144,5.276745682610471e-18,0.0,39846.0,0.0,0.0,0
0.05824015770420052,0.026836125660969306,1158.0,9922.0,0.034897188337560565,-3.521704717689367e-18,0.0,39846.0,0.0,0.0,0
0.05789292332241837,0.026836125660969306,1159.0,9922.0,0.03454995395577843,-7.345601919404885e-18,0.0,39846.0,0.0,0.0,0
0.05754914412854898,0.026836125660969306,1160.0,9922.0,0.03420617476190904,1.6097561168316085e-17,0.0,39846.0,0.0,0.0,0
0.05720878572880589,0.026836125660969306,1161.0,9922.0,0.03386581636216594,-6.5784979214923496e-18,0.0,39846.0,0.0,0.0,0
0.0568718140729677,0.026836125660969306,1162.0,9922.0,0.03352884470632774,1.5365325533945028e-17,0.0,39846.0,0.0,0.0,0
0.0565381954508317,0.026836125660969306,1163.0,9922.0,0.033195226084191766,-9.36796700481066e-18,0.0,39846.0,0.0,0.0,0
0.05620789648871536,0.026836125660969306,1164.0,9922.0,0.03286492712207542,1.1099762394037444e-17,0.0,39846.0,0.0,0.0,0
0.05588088414600322,0.026836125660969306,1165.0,9922.0,0.03253791477936329,-7.136391738156012e-18,0.0,39846.0,0.0,0.0,0
0.05555712571173849,0.026836125660969306,1166.0,9922.0,0.032214156345098555,3.2078894458160574e-18,0.0,39846.0,0.0,0.0,0
0.05523658880125712,0.026836125660969306,1167.0,9922.0,0.03189361943461717,2.0223650854057754e-18,0.0,39846.0,0.0,0.0,0
0.054919241352863905,0.026836125660969306,1168.0,9922.0,0.03157627198622396,2.7894690833183107e-18,0.0,39846.0,0.0,0.0,0
0.05460505162454875,0.026836125660969306,1169.0,9922.0,0.031262082257908795,1.1971471482574416e-17,0.0,39846.0,0.0,0.0,0
0.054293988190742444,0.026836125660969306,1170.0,9922.0,0.03095101882410248,2.125807897245496e-17,0.0,39846.0,0.0,0.0,0
0.05398601993911058,0.026836125660969306,1171.0,9922.0,0.030643050572470635,1.8619706131149725e-17,0.0,39846.0,0.0,0.0,0
0.053681116067385105,0.026836125660969306,1172.0,9922.0,0.030338146700745146,2.5756097869305737e-17,0.0,39846.0,0.0,0.0,0
0.05337924608023194,0.026836125660969306,1173.0,9922.0,0.030036276713591985,1.2355023481530684e-17,0.0,39846.0,0.0,0.0,0
0.05308037978615464,0.026836125660969306,1174.0,9922.0,0.02973741041951469,5.6951660451082175e-18,0.0,39846.0,0.0,0.0,0
0.05278448729443266,0.026836125660969306,1175.0,9922.0,0.02944151792779271,1.8271022495734934e-17,0.0,39846.0,0.0,0.0,0
0.0524915390120937,0.026836125660969306,1176.0,9922.0,0.029148569645453756,9.670159488836811e-18,0.0,39846.0,0.0,0.0,0
0.05220150564091978,0.026836125660969306,1177.0,9922.0,0.028858536274279836,-7.450207010029322e-18,0.0,39846.0,0.0,0.0,0
0.051914358174485815,0.026836125660969306,1178.0,9922.0,0.028571388807845856,1.1622787847159627e-17,0.0,39846.0,0.0,0.0,0
0.05163006789523037,0.026836125660969306,1179.0,9922.0,0.02828709852859043,8.217311007941857e-18,0.0,39846.0,0.0,0.0,0
0.05134860637155829,0.026836125660969306,1180.0,9922.0,0.02800563700491833,1.3017522388818783e-17,0.0,39846.0,0.0,0.0,0
0.05106994545497402,0.026836125660969306,1181.0,9922.0,0.02772697608833407,1.187848917979714e-17,0.0,39846.0,0.0,0.0,0
0.050794057277245765,0.026836125660969306,1182.0,9922.0,0.027451087910605833,-5.985735741287208e-18,0.0,39846.0,0.0,0.0,0
0.050520914247599503,0.026836125660969306,1183.0,9922.0,0.02717794488095955,1.4888791232211484e-17,0.0,39846.0,0.0,0.0,0
0.05025048904994252,0.026836125660969306,1184.0,9922.0,0.026907519683302576,2.1385929638773715e-18,0.0,39846.0,0.0,0.0,0
0.04998275464011627,0.026836125660969306,1185.0,9922.0,0.026639785273476324,7.426961434335003e-18,0.0,39846.0,0.0,0.0,0
0.04971768424317775,0.026836125660969306,1186.0,9922.0,0.026374714876537808,4.1377124735888275e-18,0.0,39846.0,0.0,0.0,0
0.04945525135070913,0.026836125660969306,1187.0,9922.0,0.026112281984069178,6.776085314894063e-18,0.0,39846.0,0.0,0.0,0
0.04919542971815538,0.026836125660969306,1188.0,9922.0,0.025852460351515432,-3.835519989562677e-19,0.0,39846.0,0.0,0.0,0
0.04893819336218929,0.026836125660969306,1189.0,9922.0,0.025595223995549334,2.3640750481122683e-17,0.0,39846.0,0.0,0.0,0
0.04868351655810356,0.026836125660969306,1190.0,9922.0,0.025340547191463614,9.739896215919768e-18,0.0,39846.0,0.0,0.0,0
0.048431373837229875,0.026836125660969306,1191.0,9922.0,0.02508840447058993,6.973672708295777e-18,0.0,39846.0,0.0,0.0,0
0.04818173998438413,0.026836125660969306,1192.0,9922.0,0.024838770617744182,1.5690763593665498e-18,0.0,39846.0,0.0,0.0,0
0.04793459003533793,0.026836125660969306,1193.0,9922.0,0.024591620668697974,8.612485794745284e-18,0.0,39846.0,0.0,0.0,0
0.047689899274315724,0.026836125660969306,1194.0,9922.0,0.02434692990767579,-1.8364004798512212e-18,0.0,39846.0,0.0,0.0,0
0.04744764323151757,0.026836125660969306,1195.0,9922.0,0.024104673864877614,1.5190983716237633e-17,0.0,39846.0,0.0,0.0,0
0.04720779768066675,0.026836125660969306,1196.0,9922.0,0.0238648283140268,5.5789381666366214e-18,0.0,39846.0,0.0,0.0,0
0.04697033863658265,0.026836125660969306,1197.0,9922.0,0.023627369269942702,9.112265672173148e-18,0.0,39846.0,0.0,0.0,0
0.04673524235277774,0.026836125660969306,1198.0,9922.0,0.023392272986137788,1.1378709302369275e-17,0.0,39846.0,0.0,0.0,0
0.04650248531907918,0.026836125660969306,1199.0,9922.0,0.02315951595243923,9.658536700989651e-18,0.0,39846.0,0.0,0.0,0
0.04627204425927426,0.026836125660969306,1200.0,9922.0,0.022929074892634304,3.149775506580259e-18,0.0,39846.0,0.0,0.0,0
0.046043896128779606,0.026836125660969306,1201.0,9922.0,0.022700926762139667,3.626309808313804e-18,0.0,39846.0,0.0,0.0,0
0.04581801811233382,0.026836125660969306,1202.0,9922.0,0.02247504874569389,-1.185524360410282e-18,0.0,39846.0,0.0,0.0,0
0.0455943876217134,0.026836125660969306,1203.0,9922.0,0.022251418255073447,6.1600775589946025e-18,0.0,39846.0,0.0,0.0,0
0.0453729822934715,0.026836125660969306,1204.0,9922.0,0.02203001292683155,1.0100202639181716e-17,0.0,39846.0,0.0,0.0,0
0.04515377998669951,0.026836125660969306,1205.0,9922.0,0.021810810620059573,-6.4738928308679125e-18,0.0,39846.0,0.0,0.0,0
0.04493675878081103,0.026836125660969306,1206.0,9922.0,0.02159378941417108,1.5190983716237633e-17,0.0,39846.0,0.0,0.0,0
0.04472189697334797,0.026836125660969306,1207.0,9922.0,0.021378927606708006,2.2094919697450452e-17,0.0,39846.0,0.0,0.0,0
0.04450917307780881,0.026836125660969306,1208.0,9922.0,0.02116620371116886,5.230254531221833e-19,0.0,39846.0,0.0,0.0,0
0.04429856582149855,0.026836125660969306,1209.0,9922.0,0.02095559645485859,2.1653253759258387e-17,0.0,39846.0,0.0,0.0,0
0.04409005414339998,0.026836125660969306,1210.0,9922.0,0.02074708477676004,9.182002399256106e-18,0.0,39846.0,0.0,0.0,0
0.04388361719206658,0.026836125660969306,1211.0,9922.0,0.020540647825426635,4.358545442684861e-18,0.0,39846.0,0.0,0.0,0
0.0436792343235362,0.026836125660969306,1212.0,9922.0,0.02033626495689625,1.0111825427028876e-17,0.0,39846.0,0.0,0.0,0
0.0434768850992657,0.026836125660969306,1213.0,9922.0,0.02013391573262575,1.1181121908967562e-17,0.0,39846.0,0.0,0.0,0
0.04327654928408625,0.026836125660969306,1214.0,9922.0,0.019933579917446306,5.358105197540588e-18,0.0,39846.0,0.0,0.0,0
0.043078206844179026,0.026836125660969306,1215.0,9922.0,0.01973523747753909,-1.5621026866582538e-17,0.0,39846.0,0.0,0.0,0
0.0428818379450711,0.026836125660969306,1216.0,9922.0,0.019538868578431144,3.3589856878291325e-18,0.0,39846.0,0.0,0.0,0
0.04268742294965127,0.026836125660969306,1217.0,9922.0,0.019344453583011317,1.6934401893311577e-17,0.0,39846.0,0.0,0.0,0
0.04249494241620585,0.026836125660969306,1218.0,9922.0,0.019151973049565906,-3.568195869078006e-18,0.0,39846.0,0.0,0.0,0
0.04230437709647394,0.026836125660969306,1219.0,9922.0,0.01896140772983398,1.0785947122164134e-17,0.0,39846.0,0.0,0.0,0
0.042115707933722074,0.026836125660969306,1220.0,9922.0,0.01877273856708213,1.1506559968688031e-18,0.0,39846.0,0.0,0.0,0
0.04192891606083814,0.026836125660969306,1221.0,9922.0,0.018585946694198188,1.220392723951761e-17,0.0,39846.0,0.0,0.0,0
0.04174398279844422,0.026836125660969306,1222.0,9922.0,0.018401013431804274,1.6155675107551882e-18,0.0,39846.0,0.0,0.0,0
0.041560889653028364,0.026836125660969306,1223.0,9922.0,0.01821792028638842,9.06577452078451e-19,0.0,39846.0,0.0,0.0,0
0.041379618315094846,0.026836125660969306,1224.0,9922.0,0.01803664894845489,1.186686639194998e-17,0.0,39846.0,0.0,0.0,0
0.04120015065733291,0.026836125660969306,1225.0,9922.0,0.01785718129069296,8.577617431203805e-18,0.0,39846.0,0.0,0.0,0
0.04102246873280378,0.026836125660969306,1226.0,9922.0,0.01767949936616385,-6.7412169513525844e-18,0.0,39846.0,0.0,0.0,0
0.04084655477314579,0.026836125660969306,1227.0,9922.0,0.01750358540650585,-1.1157876333273243e-18,0.0,39846.0,0.0,0.0,0
0.04067239118679717,0.026836125660969306,1228.0,9922.0,0.017329421820157235,-3.6030642326194847e-19,0.0,39846.0,0.0,0.0,0
0.040499960557236814,0.026836125660969306,1229.0,9922.0,0.017156991190596865,1.0402395123207866e-17,0.0,39846.0,0.0,0.0,0
0.040329245641242344,0.026836125660969306,1230.0,9922.0,0.01698627627460239,7.729153918361153e-18,0.0,39846.0,0.0,0.0,0
0.040160229367165685,0.026836125660969306,1231.0,9922.0,0.016817260000525743,5.2999912583047905e-18,0.0,39846.0,0.0,0.0,0
0.03999289483322576,0.026836125660969306,1232.0,9922.0,0.01664992546658582,-2.940565325331386e-18,0.0,39846.0,0.0,0.0,0
0.03982722530581807,0.026836125660969306,1233.0,9922.0,0.016484255939178138,-8.554371855509486e-18,0.0,39846.0,0.0,0.0,0
0.039663204217841336,0.026836125660969306,1234.0,9922.0,0.01632023485120138,1.839887316205369e-17,0.0,39846.0,0.0,0.0,0
0.039500815167040494,0.026836125660969306,1235.0,9922.0,0.016157845800400535,2.562824720298698e-17,0.0,39846.0,0.0,0.0,0
0.03934004191436653,0.026836125660969306,1236.0,9922.0,0.01599707254772658,9.612045549601013e-18,0.0,39846.0,0.0,0.0,0
0.039180868382352414,0.026836125660969306,1237.0,9922.0,0.01583789901571248,-5.102403864903077e-18,0.0,39846.0,0.0,0.0,0
0.03902327865350528,0.026836125660969306,1238.0,9922.0,0.015680309286865323,1.6457867591578033e-17,0.0,39846.0,0.0,0.0,0
0.03886725696871448,0.026836125660969306,1239.0,9922.0,0.015524287602074534,1.033265839612491e-17,0.0,39846.0,0.0,0.0,0
0.038712787725675754,0.026836125660969306,1240.0,9922.0,0.015369818359035807,6.392533315937795e-19,0.0,39846.0,0.0,0.0,0
0.03855985547733086,0.026836125660969306,1241.0,9922.0,0.015216886110690919,1.999119509711456e-18,0.0,39846.0,0.0,0.0,0
0.03840844493032279,0.026836125660969306,1242.0,9922.0,0.015065475563682838,1.0809192697858454e-17,0.0,39846.0,0.0,0.0,0
0.03825854094346637,0.026836125660969306,1243.0,9922.0,0.01491557157682642,-1.6969270256853056e-18,0.0,39846.0,0.0,0.0,0
0.03811012852623414,0.026836125660969306,1244.0,9922.0,0.014767159159594197,2.150215751724531e-18,0.0,39846.0,0.0,0.0,0
0.03796319283725718,0.026836125660969306,1245.0,9922.0,0.014620223470617246,-1.3947345416591554e-18,0.0,39846.0,0.0,0.0,0
0.03781771918284099,0.026836125660969306,1246.0,9922.0,0.014474749816201055,-9.798010155155566e-18,0.0,39846.0,0.0,0.0,0
0.03767369301549605,0.026836125660969306,1247.0,9922.0,0.014330723648856092,1.1181121908967562e-17,0.0,39846.0,0.0,0.0,0
0.03753109993248296,0.026836125660969306,1248.0,9922.0,0.01418813056584301,1.0553491365220942e-17,0.0,39846.0,0.0,0.0,0
0.03738992567437227,0.026836125660969306,1249.0,9922.0,0.014046956307732323,8.403275613496412e-18,0.0,39846.0,0.0,0.0,0
0.037250156123618386,0.026836125660969306,1250.0,9922.0,0.013907186756978449,-4.0214845951172314e-18,0.0,39846.0,0.0,0.0,0
0.03711177730314785,0.026836125660969306,1251.0,9922.0,0.01376880793650791,2.49889938713932e-18,0.0,39846.0,0.0,0.0,0
0.036974775374961556,0.026836125660969306,1252.0,9922.0,0.013631806008321616,2.2315752666546486e-18,0.0,39846.0,0.0,0.0,0
0.036839136638750936,0.026836125660969306,1253.0,9922.0,0.013496167272110992,2.2664436301961276e-18,0.0,39846.0,0.0,0.0,0
0.03670484753052792,0.026836125660969306,1254.0,9922.0,0.01336187816388797,1.9758739340171367e-18,0.0,39846.0,0.0,0.0,0
0.036571894621268475,0.026836125660969306,1255.0,9922.0,0.013228925254628529,2.219952478807489e-18,0.0,39846.0,0.0,0.0,0
0.036440264615569734,0.026836125660969306,1256.0,9922.0,0.01309729524892979,4.393413806226339e-18,0.0,39846.0,0.0,0.0,0
0.03630994435032035,0.026836125660969306,1257.0,9922.0,0.012966974983680407,-2.626750053458076e-18,0.0,39846.0,0.0,0.0,0
0.03618092079338429,0.026836125660969306,1258.0,9922.0,0.01283795142674434,1.125085863605052e-17,0.0,39846.0,0.0,0.0,0
0.036053181042297426,0.026836125660969306,1259.0,9922.0,0.012710211675657477,7.055032223225894e-18,0.0,39846.0,0.0,0.0,0
0.03592671232297744,0.026836125660969306,1260.0,9922.0,0.012583742956337495,6.834199254129861e-18,0.0,39846.0,0.0,0.0,0
0.0358015019884463,0.026836125660969306,1261.0,9922.0,0.01245853262180636,-3.9052567166456346e-18,0.0,39846.0,0.0,0.0,0
0.035677537517565576,0.026836125660969306,1262.0,9922.0,0.012334568150925632,2.661618416999555e-18,0.0,39846.0,0.0,0.0,0
0.03555480651378429,0.026836125660969306,1263.0,9922.0,0.01221183714714435,-1.2087699361046014e-18,0.0,39846.0,0.0,0.0,0
0.03543329670389928,0.026836125660969306,1264.0,9922.0,0.012090327337259328,1.1924980331185779e-17,0.0,39846.0,0.0,0.0,0
0.035312995936827796,0.026836125660969306,1265.0,9922.0,0.011970026570187853,4.4863961090036165e-18,0.0,39846.0,0.0,0.0,0
0.03519389218239246,0.026836125660969306,1266.0,9922.0,0.01185092281575252,2.998679264567184e-18,0.0,39846.0,0.0,0.0,0
0.03507597353011822,0.026836125660969306,1267.0,9922.0,0.011733004163478264,5.4975786517065036e-18,0.0,39846.0,0.0,0.0,0
0.03495922818804118,0.026836125660969306,1268.0,9922.0,0.011616258821401233,1.7527164073516717e-17,0.0,39846.0,0.0,0.0,0
0.03484364448152955,0.026836125660969306,1269.0,9922.0,0.011500675114889603,9.298230277727703e-19,0.0,39846.0,0.0,0.0,0
0.034729210852116076,0.026836125660969306,1270.0,9922.0,0.011386241485476126,7.380470282946364e-18,0.0,39846.0,0.0,0.0,0
0.034615915856342196,0.026836125660969306,1271.0,9922.0,0.01127294648970224,1.6434622015883713e-17,0.0,39846.0,0.0,0.0,0
0.034503748164613664,0.026836125660969306,1272.0,9922.0,0.011160778797973718,5.404596348929227e-18,0.0,39846.0,0.0,0.0,0
0.03439269656006765,0.026836125660969306,1273.0,9922.0,0.011049727193427701,1.3563793417635285e-17,0.0,39846.0,0.0,0.0,0
0.03428274993745094,0.026836125660969306,1274.0,9922.0,0.01093978057081099,3.4519679906064096e-18,0.0,39846.0,0.0,0.0,0
0.03417389730200949,0.026836125660969306,1275.0,9922.0,0.010830927935369543,8.682222521828242e-18,0.0,39846.0,0.0,0.0,0
0.03406612776838887,0.026836125660969306,1276.0,9922.0,0.01072315840174893,-1.2320155117989205e-18,0.0,39846.0,0.0,0.0,0
0.033959430559545783,0.026836125660969306,1277.0,9922.0,0.01061646119290584,-3.951747868034273e-18,0.0,39846.0,0.0,0.0,0
0.033853795005670304,0.026836125660969306,1278.0,9922.0,0.010510825639030356,3.7076693232439215e-18,0.0,39846.0,0.0,0.0,0
0.03374921054311888,0.026836125660969306,1279.0,9922.0,0.010406241176478936,-8.670599733981083e-18,0.0,39846.0,0.0,0.0,0
0.03364566671335801,0.026836125660969306,1280.0,9922.0,0.010302697346718067,1.1041648454801646e-18,0.0,39846.0,0.0,0.0,0
0.03354315316191833,0.026836125660969306,1281.0,9922.0,0.010200183795278386,1.720172601379625e-18,0.0,39846.0,0.0,0.0,0
0.033441659637359185,0.026836125660969306,1282.0,9922.0,0.010098690270719248,-4.776965805182607e-18,0.0,39846.0,0.0,0.0,0
0.03334117599024348,0.026836125660969306,1283.0,9922.0,0.009998206623603519,1.2378269057225003e-17,0.0,39846.0,0.0,0.0,0
0.03324169217212265,0.026836125660969306,1284.0,9922.0,0.009898722805482697,7.229374040933288e-18,0.0,39846.0,0.0,0.0,0
0.03314319823453194,0.026836125660969306,1285.0,9922.0,0.009800228867891995,1.4528484808949534e-18,0.0,39846.0,0.0,0.0,0
0.03304568432799547,0.026836125660969306,1286.0,9922.0,0.00970271496135552,2.3594259329734043e-18,0.0,39846.0,0.0,0.0,0
0.032949140701041255,0.026836125660969306,1287.0,9922.0,0.009606171334401309,9.286607489880543e-18,0.0,39846.0,0.0,0.0,0
0.03285355769922609,0.026836125660969306,1288.0,9922.0,0.009510588332586148,1.3831117538119957e-18,0.0,39846.0,0.0,0.0,0
0.032758925764170124,0.026836125660969306,1289.0,9922.0,0.00941595639753018,-5.230254531221833e-19,0.0,39846.0,0.0,0.0,0
0.03266523543260093,0.026836125660969306,1290.0,9922.0,0.009322266065960988,5.811393923579814e-20,0.0,39846.0,0.0,0.0,0
0.03257247733540726,0.026836125660969306,1291.0,9922.0,0.009229507968767309,7.299110768016246e-18,0.0,39846.0,0.0,0.0,0
0.032480642196702034,0.026836125660969306,1292.0,9922.0,0.009137672830062086,5.2651228947633115e-18,0.0,39846.0,0.0,0.0,0
0.03238972083289484,0.026836125660969306,1293.0,9922.0,0.009046751466254901,-5.509201439553663e-18,0.0,39846.0,0.0,0.0,0
0.03229970415177351,0.026836125660969306,1294.0,9922.0,0.008956734785133572,-4.532887260392255e-18,0.0,39846.0,0.0,0.0,0
0.0322105831515949,0.026836125660969306,1295.0,9922.0,0.008867613784954955,-2.8243374468597894e-18,0.0,39846.0,0.0,0.0,0
0.03212234892018468,0.026836125660969306,1296.0,9922.0,0.008779379553544736,-3.370608475676292e-19,0.0,39846.0,0.0,0.0,0
0.032034992634046175,0.026836125660969306,1297.0,9922.0,0.008692023267406233,2.9521881131785455e-18,0.0,39846.0,0.0,0.0,0
0.03194850555747796,0.026836125660969306,1298.0,9922.0,0.008605536190838016,7.787267857596951e-18,0.0,39846.0,0.0,0.0,0
0.03186287904170027,0.026836125660969306,1299.0,9922.0,0.008519909675060333,-5.578938166636621e-19,0.0,39846.0,0.0,0.0,0
0.03177810452399018,0.026836125660969306,1300.0,9922.0,0.008435135157350239,-2.5453905385279585e-18,0.0,39846.0,0.0,0.0,0
0.03169417352682524,0.026836125660969306,1301.0,9922.0,0.008351204160185305,-7.18288288954465e-18,0.0,39846.0,0.0,0.0,0
0.03161107765703581,0.026836125660969306,1302.0,9922.0,0.008268108290395863,3.870388353104156e-18,0.0,39846.0,0.0,0.0,0
0.03152880860496563,0.026836125660969306,1303.0,9922.0,0.008185839238325674,1.6922779105464417e-17,0.0,39846.0,0.0,0.0,0
0.03144735814364091,0.026836125660969306,1304.0,9922.0,0.00810438877700097,4.509641684697936e-18,0.0,39846.0,0.0,0.0,0
0.03136671812794767,0.026836125660969306,1305.0,9922.0,0.008023748761307719,2.0223650854057754e-18,0.0,39846.0,0.0,0.0,0
0.03128688049381711,0.026836125660969306,1306.0,9922.0,0.007943911127177164,3.0103020524143435e-18,0.0,39846.0,0.0,0.0,0
0.031207837257419276,0.026836125660969306,1307.0,9922.0,0.007864867890779333,-6.624989072880988e-19,0.0,39846.0,0.0,0.0,0
0.031129580514364666,0.026836125660969306,1308.0,9922.0,0.007786611147724727,-1.7666637527682635e-18,0.0,39846.0,0.0,0.0,0
0.03105210243891375,0.026836125660969306,1309.0,9922.0,0.007709133072273806,-3.603064232619484e-18,0.0,39846.0,0.0,0.0,0
0.03097539528319442,0.026836125660969306,1310.0,9922.0,0.007632425916554463,1.1704147362089745e-17,0.0,39846.0,0.0,0.0,0
0.030899451376427148,0.026836125660969306,1311.0,9922.0,0.007556482009787205,4.288808715601903e-18,0.0,39846.0,0.0,0.0,0
0.030824263124157994,0.026836125660969306,1312.0,9922.0,0.007481293757518043,6.613366285033828e-18,0.0,39846.0,0.0,0.0,0
0.03074982300749905,0.026836125660969306,1313.0,9922.0,0.007406853640859111,-2.6732412048467142e-18,0.0,39846.0,0.0,0.0,0
0.030676123582376633,0.026836125660969306,1314.0,9922.0,0.007333154215736693,3.1381527187330993e-19,0.0,39846.0,0.0,0.0,0
0.03060315747878681,0.026836125660969306,1315.0,9922.0,0.007260188112146863,5.172140591986034e-18,0.0,39846.0,0.0,0.0,0
0.030530917400058394,0.026836125660969306,1316.0,9922.0,0.007187948033418451,6.9388043447542975e-18,0.0,39846.0,0.0,0.0,0
0.030459396122123325,0.026836125660969306,1317.0,9922.0,0.007116426755483388,4.6491151388638515e-19,0.0,39846.0,0.0,0.0,0
0.030388586492794207,0.026836125660969306,1318.0,9922.0,0.007045617126154261,-2.557013326375118e-19,0.0,39846.0,0.0,0.0,0
0.030318481431049097,0.026836125660969306,1319.0,9922.0,0.006975512064409146,3.0451704159558226e-18,0.0,39846.0,0.0,0.0,0
0.030249073926323387,0.026836125660969306,1320.0,9922.0,0.006906104559683432,1.3865985901661435e-17,0.0,39846.0,0.0,0.0,0
0.03018035703780876,0.026836125660969306,1321.0,9922.0,0.0068373876711688075,1.030941282043059e-17,0.0,39846.0,0.0,0.0,0
0.030112323893759105,0.026836125660969306,1322.0,9922.0,0.006769354527119162,-8.833318763841318e-19,0.0,39846.0,0.0,0.0,0
0.03004496769080333,0.026836125660969306,1323.0,9922.0,0.006701998324163389,7.089900586767373e-19,0.0,39846.0,0.0,0.0,0
0.029978281693265003,0.026836125660969306,1324.0,9922.0,0.006635312326625057,1.4877168444364324e-18,0.0,39846.0,0.0,0.0,0
0.029912259232488796,0.026836125660969306,1325.0,9922.0,0.006569289865848847,8.507880704120847e-18,0.0,39846.0,0.0,0.0,0
0.029846893706173605,0.026836125660969306,1326.0,9922.0,0.006503924339533662,3.882011140951316e-18,0.0,39846.0,0.0,0.0,0
0.029782178577712336,0.026836125660969306,1327.0,9922.0,0.006439209211072393,4.346922654837701e-18,0.0,39846.0,0.0,0.0,0
0.02971810737553821,0.026836125660969306,1328.0,9922.0,0.006375138008898259,1.3017522388818783e-18,0.0,39846.0,0.0,0.0,0
0.029654673692477602,0.026836125660969306,1329.0,9922.0,0.006311704325837661,1.2436382996460802e-18,0.0,39846.0,0.0,0.0,0
0.029591871185109375,0.026836125660969306,1330.0,9922.0,0.006248901818469423,4.009861807270072e-18,0.0,39846.0,0.0,0.0,0
0.029529693573130414,0.026836125660969306,1331.0,9922.0,0.006186724206490476,-4.242317564213264e-18,0.0,39846.0,0.0,0.0,0
0.02946813463872775,0.026836125660969306,1332.0,9922.0,0.0061251652720877995,1.2017962633963055e-17,0.0,39846.0,0.0,0.0,0
0.02940718822595661,0.026836125660969306,1333.0,9922.0,0.00606421885931666,8.717090885369721e-18,0.0,39846.0,0.0,0.0,0
0.029346848240124936,0.026836125660969306,1334.0,9922.0,0.006003878873484991,3.998239019422912e-18,0.0,39846.0,0.0,0.0,0
0.029287108647183865,0.026836125660969306,1335.0,9922.0,0.0059441392805439225,-1.2552610874932397e-18,0.0,39846.0,0.0,0.0,0
0.029227963473124327,0.026836125660969306,1336.0,9922.0,0.00588499410648438,1.3714889659648362e-18,0.0,39846.0,0.0,0.0,0
0.029169406803379608,0.026836125660969306,1337.0,9922.0,0.005826437436739661,-2.5453905385279585e-18,0.0,39846.0,0.0,0.0,0
0.029111432782233947,0.026836125660969306,1338.0,9922.0,0.005768463415594007,-3.1730210822745783e-18,0.0,39846.0,0.0,0.0,0
0.029054035612236927,0.026836125660969306,1339.0,9922.0,0.005711066245596979,-8.833318763841318e-19,0.0,39846.0,0.0,0.0,0
0.028997209553623695,0.026836125660969306,1340.0,9922.0,0.005654240186983755,-2.3942942965148834e-18,0.0,39846.0,0.0,0.0,0
0.028940948923741064,0.026836125660969306,1341.0,9922.0,0.005597979557101111,1.1367086514522116e-17,0.0,39846.0,0.0,0.0,0
0.02888524809647912,0.026836125660969306,1342.0,9922.0,0.00554227872983918,-3.1962666579688977e-18,0.0,39846.0,0.0,0.0,0
0.028830101501708755,0.026836125660969306,1343.0,9922.0,0.005487132135068816,-3.370608475676292e-19,0.0,39846.0,0.0,0.0,0
0.02877550362472453,0.026836125660969306,1344.0,9922.0,0.005432534258084583,3.998239019422912e-18,0.0,39846.0,0.0,0.0,0
0.028721449005693234,0.026836125660969306,1345.0,9922.0,0.005378479639053286,4.707229078099649e-18,0.0,39846.0,0.0,0.0,0
0.02866793223910793,0.026836125660969306,1346.0,9922.0,0.0053249628724679815,8.461389552732208e-18,0.0,39846.0,0.0,0.0,0
0.028614947973247352,0.026836125660969306,1347.0,9922.0,0.005271978606607409,4.893193683654203e-18,0.0,39846.0,0.0,0.0,0
0.028562490909640772,0.026836125660969306,1348.0,9922.0,0.005219521543000825,2.3245575694319257e-19,0.0,39846.0,0.0,0.0,0
0.028510555802538105,0.026836125660969306,1349.0,9922.0,0.0051675864358981605,2.6499956291523953e-18,0.0,39846.0,0.0,0.0,0
0.02845913745838537,0.026836125660969306,1350.0,9922.0,0.005116168091745424,4.9513076228900015e-18,0.0,39846.0,0.0,0.0,0
0.028408230735305285,0.026836125660969306,1351.0,9922.0,0.005065261368665347,-5.160517804138875e-18,0.0,39846.0,0.0,0.0,0
0.028357830542583142,0.026836125660969306,1352.0,9922.0,0.005014861175943205,4.881570895807043e-19,0.0,39846.0,0.0,0.0,0
0.02830793184015767,0.026836125660969306,1353.0,9922.0,0.00496496247351772,3.521704717689367e-18,0.0,39846.0,0.0,0.0,0
0.02825852963811701,0.026836125660969306,1354.0,9922.0,0.00491556027147707,-1.4877168444364324e-18,0.0,39846.0,0.0,0.0,0
0.028209618996199826,0.026836125660969306,1355.0,9922.0,0.004866649629559883,2.719732356235353e-18,0.0,39846.0,0.0,0.0,0
0.028161195023301156,0.026836125660969306,1356.0,9922.0,0.004818225656661213,5.346482409693429e-19,0.0,39846.0,0.0,0.0,0
0.028113252876983345,0.026836125660969306,1357.0,9922.0,0.004770283510343402,-6.462270043020753e-18,0.0,39846.0,0.0,0.0,0
0.028065787762991828,0.026836125660969306,1358.0,9922.0,0.004722818396351883,5.276745682610471e-18,0.0,39846.0,0.0,0.0,0
0.028018794934775645,0.026836125660969306,1359.0,9922.0,0.004675825568135691,1.472607220235125e-17,0.0,39846.0,0.0,0.0,0
0.02797226969301279,0.026836125660969306,1360.0,9922.0,0.004629300326372849,-1.8596460555455405e-19,0.0,39846.0,0.0,0.0,0
0.027926207385140348,0.026836125660969306,1361.0,9922.0,0.004583238018500405,-5.6951660451082175e-18,0.0,39846.0,0.0,0.0,0
0.027880603404889133,0.026836125660969306,1362.0,9922.0,0.004537634038249188,2.4524082357506814e-18,0.0,39846.0,0.0,0.0,0
0.027835453191823126,0.026836125660969306,1363.0,9922.0,0.004492483825183174,6.996918283990096e-18,0.0,39846.0,0.0,0.0,0
0.027790752230883363,0.026836125660969306,1364.0,9922.0,0.004447782864243426,-4.660737926711011e-18,0.0,39846.0,0.0,0.0,0
0.02774649605193655,0.026836125660969306,1365.0,9922.0,0.0044035266852966,7.833759008985589e-18,0.0,39846.0,0.0,0.0,0
0.027702680229327866,0.026836125660969306,1366.0,9922.0,0.004359710862687923,6.508761194409391e-19,0.0,39846.0,0.0,0.0,0
0.027659300381438563,0.026836125660969306,1367.0,9922.0,0.0043163310147986194,-1.1041648454801646e-18,0.0,39846.0,0.0,0.0,0
0.02761635217024769,0.026836125660969306,1368.0,9922.0,0.004273382803607749,1.743418177073944e-18,0.0,39846.0,0.0,0.0,0
0.027573831300898348,0.026836125660969306,1369.0,9922.0,0.0042308619342584074,3.0219248402615034e-19,0.0,39846.0,0.0,0.0,0
0.02753173352126816,0.026836125660969306,1370.0,9922.0,0.0041887641546282176,-1.9293827826284983e-18,0.0,39846.0,0.0,0.0,0
0.027490054621544087,0.026836125660969306,1371.0,9922.0,0.0041470852549041395,1.0751078758622655e-17,0.0,39846.0,0.0,0.0,0
0.027448790433801405,0.026836125660969306,1372.0,9922.0,0.00410582106716147,-1.159954227146531e-17,0.0,39846.0,0.0,0.0,0
0.02740793683158699,0.026836125660969306,1373.0,9922.0,0.004064967464947043,2.777846295471151e-18,0.0,39846.0,0.0,0.0,0
0.027367489729506544,0.026836125660969306,1374.0,9922.0,0.004024520362866597,3.1149071430387803e-18,0.0,39846.0,0.0,0.0,0
0.027327445082816166,0.026836125660969306,1375.0,9922.0,0.003984475716176216,7.543189312806598e-18,0.0,39846.0,0.0,0.0,0
0.02728779888701781,0.026836125660969306,1376.0,9922.0,0.003944829520377858,3.765783262479719e-18,0.0,39846.0,0.0,0.0,0
0.02724854717745886,0.026836125660969306,1377.0,9922.0,0.0039055778108189106,6.1252091954531235e-18,0.0,39846.0,0.0,0.0,0
0.027209686028935646,0.026836125660969306,1378.0,9922.0,0.0038667166622957027,3.847142777409837e-18,0.0,39846.0,0.0,0.0,0
0.027171211555300948,0.026836125660969306,1379.0,9922.0,0.0038282421886609986,1.2633970389862515e-17,0.0,39846.0,0.0,0.0,0
0.027133119909075316,0.026836125660969306,1380.0,9922.0,0.0037901505424353726,9.763141791614086e-19,0.0,39846.0,0.0,0.0,0
0.027095407281062404,0.026836125660969306,1381.0,9922.0,0.003752437914422459,4.672360714558171e-18,0.0,39846.0,0.0,0.0,0
0.027058069899967965,0.026836125660969306,1382.0,9922.0,0.003715100533328027,-2.2896892058904466e-18,0.0,39846.0,0.0,0.0,0
0.027021104032022812,0.026836125660969306,1383.0,9922.0,0.0036781346653828625,1.24944969356966e-17,0.0,39846.0,0.0,0.0,0
0.0269845059806093,0.026836125660969306,1384.0,9922.0,0.003641536613969355,2.254820842348968e-18,0.0,39846.0,0.0,0.0,0
0.02694827208589182,0.026836125660969306,1385.0,9922.0,0.0036053027192518667,9.68178227668397e-18,0.0,39846.0,0.0,0.0,0
0.02691239872445068,0.026836125660969306,1386.0,9922.0,0.0035694293578107336,9.949106397168642e-18,0.0,39846.0,0.0,0.0,0
0.026876882308919867,0.026836125660969306,1387.0,9922.0,0.003533912942279918,9.937483609321482e-18,0.0,39846.0,0.0,0.0,0
0.026841719287628213,0.026836125660969306,1388.0,9922.0,0.003498749920988264,8.0197236145401435e-19,0.0,39846.0,0.0,0.0,0
0.02680690614424429,0.026836125660969306,1389.0,9922.0,0.003463936777604348,3.405476839217771e-18,0.0,39846.0,0.0,0.0,0
0.026772439397424755,0.026836125660969306,1390.0,9922.0,0.0034294700307848118,-4.742097441641128e-18,0.0,39846.0,0.0,0.0,0
0.026738315600466203,0.026836125660969306,1391.0,9922.0,0.0033953462338262574,1.6271902986023478e-19,0.0,39846.0,0.0,0.0,0
0.026704531340960493,0.026836125660969306,1392.0,9922.0,0.00336156197432055,2.3942942965148834e-18,0.0,39846.0,0.0,0.0,0
0.02667108324045353,0.026836125660969306,1393.0,9922.0,0.003328113873813585,1.5806991472137093e-18,0.0,39846.0,0.0,0.0,0
0.026637967954107385,0.026836125660969306,1394.0,9922.0,0.003294998587467439,-1.3249978145761976e-18,0.0,39846.0,0.0,0.0,0
0.026605182170365827,0.026836125660969306,1395.0,9922.0,0.003262212803725882,-1.8364004798512212e-18,0.0,39846.0,0.0,0.0,0
0.02657272261062317,0.026836125660969306,1396.0,9922.0,0.0032297532439832174,1.219230445167045e-17,0.0,39846.0,0.0,0.0,0
0.02654058602889637,0.026836125660969306,1397.0,9922.0,0.003197616662256423,5.7300344086496965e-18,0.0,39846.0,0.0,0.0,0
0.026508769211500485,0.026836125660969306,1398.0,9922.0,0.003165799844860539,3.649555384008123e-18,0.0,39846.0,0.0,0.0,0
0.026477268976727267,0.026836125660969306,1399.0,9922.0,0.0031342996100873206,4.660737926711011e-18,0.0,39846.0,0.0,0.0,0
0.026446082174526982,0.026836125660969306,1400.0,9922.0,0.003103112807887035,2.9056969617899068e-18,0.0,39846.0,0.0,0.0,0
0.02641520568619342,0.026836125660969306,1401.0,9922.0,0.003072236319553474,-1.5342079958250708e-18,0.0,39846.0,0.0,0.0,0
0.02638463642405202,0.026836125660969306,1402.0,9922.0,0.0030416670574120726,3.463590778453569e-18,0.0,39846.0,0.0,0.0,0
0.026354371331151084,0.026836125660969306,1403.0,9922.0,0.0030114019645111406,1.3366206024233571e-18,0.0,39846.0,0.0,0.0,0
0.026324407380956125,0.026836125660969306,1404.0,9922.0,0.0029814380143161736,1.0414017911055026e-17,0.0,39846.0,0.0,0.0,0
0.026294741577047125,0.026836125660969306,1405.0,9922.0,0.0029517722104071783,-4.300431503449062e-18,0.0,39846.0,0.0,0.0,0
0.026265370952818997,0.026836125660969306,1406.0,9922.0,0.002922401586179044,9.856124094391364e-18,0.0,39846.0,0.0,0.0,0
0.02623629257118482,0.026836125660969306,1407.0,9922.0,0.002893323204544867,1.467958105096261e-17,0.0,39846.0,0.0,0.0,0
0.026207503524282205,0.026836125660969306,1408.0,9922.0,0.0028645341576422553,8.600863006898125e-18,0.0,39846.0,0.0,0.0,0
0.026179000933182473,0.026836125660969306,1409.0,9922.0,0.0028360315665425296,-6.160077558994603e-19,0.0,39846.0,0.0,0.0,0
0.026150781947602765,0.026836125660969306,1410.0,9922.0,0.002807812580962823,-9.06577452078451e-19,0.0,39846.0,0.0,0.0,0
0.026122843745621013,0.026836125660969306,1411.0,9922.0,0.0027798743789810656,6.26468264961904e-18,0.0,39846.0,0.0,0.0,0
0.02609518353339372,0.026836125660969306,1412.0,9922.0,0.002752214166753775,1.8596460555455405e-19,0.0,39846.0,0.0,0.0,0
0.026067798544876626,0.026836125660969306,1413.0,9922.0,0.0027248291782366795,6.973672708295777e-20,0.0,39846.0,0.0,0.0,0
0.026040686041548054,0.026836125660969306,1414.0,9922.0,0.002697716674908108,-9.879369670085683e-19,0.0,39846.0,0.0,0.0,0
0.026013843312135073,0.026836125660969306,1415.0,9922.0,0.002670873945495131,-3.4519679906064096e-18,0.0,39846.0,0.0,0.0,0
0.02598726767234239,0.026836125660969306,1416.0,9922.0,0.0026442983057024397,9.182002399256106e-18,0.0,39846.0,0.0,0.0,0
0.02596095646458385,0.026836125660969306,1417.0,9922.0,0.0026179870979439056,3.1032843551916206e-18,0.0,39846.0,0.0,0.0,0
0.02593490705771678,0.026836125660969306,1418.0,9922.0,0.0025919376910768324,6.218191498230401e-18,0.0,39846.0,0.0,0.0,0
0.025909116846778768,0.026836125660969306,1419.0,9922.0,0.0025661474801388184,3.1730210822745783e-18,0.0,39846.0,0.0,0.0,0
0.02588358325272723,0.026836125660969306,1420.0,9922.0,0.0025406138860872853,5.2999912583047905e-18,0.0,39846.0,0.0,0.0,0
0.025858303722181487,0.026836125660969306,1421.0,9922.0,0.002515334355541546,6.508761194409391e-19,0.0,39846.0,0.0,0.0,0
0.02583327572716742,0.026836125660969306,1422.0,9922.0,0.002490306360527477,1.6271902986023479e-18,0.0,39846.0,0.0,0.0,0
0.02580849676486467,0.026836125660969306,1423.0,9922.0,0.002465527398224723,5.3464824096934285e-18,0.0,39846.0,0.0,0.0,0
0.025783964357356356,0.026836125660969306,1424.0,9922.0,0.0024409949907164058,9.170379611408946e-18,0.0,39846.0,0.0,0.0,0
0.02575967605138128,0.026836125660969306,1425.0,9922.0,0.0024167066847413307,6.4274016794792745e-18,0.0,39846.0,0.0,0.0,0
0.02573562941808861,0.026836125660969306,1426.0,9922.0,0.002392660051448658,3.2543805972046958e-18,0.0,39846.0,0.0,0.0,0
0.02571182205279497,0.026836125660969306,1427.0,9922.0,0.0023688526861550202,4.579378411780893e-18,0.0,39846.0,0.0,0.0,0
0.02568825157474399,0.026836125660969306,1428.0,9922.0,0.0023452822081040476,-1.5342079958250708e-18,0.0,39846.0,0.0,0.0,0
0.025664915626868238,0.026836125660969306,1429.0,9922.0,0.0023219462602282943,4.742097441641128e-18,0.0,39846.0,0.0,0.0,0
0.025641811875553464,0.026836125660969306,1430.0,9922.0,0.002298842508913524,-2.835960234706949e-18,0.0,39846.0,0.0,0.0,0
0.0256189380104053,0.026836125660969306,1431.0,9922.0,0.0022759686437653537,2.2315752666546486e-18,0.0,39846.0,0.0,0.0,0
0.02559629174401816,0.026836125660969306,1432.0,9922.0,0.0022533223773782084,1.2006339846115895e-17,0.0,39846.0,0.0,0.0,0
0.02557387081174653,0.026836125660969306,1433.0,9922.0,0.002230901445106578,4.091221322200189e-18,0.0,39846.0,0.0,0.0,0
0.025551672971478496,0.026836125660969306,1434.0,9922.0,0.0022087036048385445,5.392973561082067e-18,0.0,39846.0,0.0,0.0,0
0.025529696003411533,0.026836125660969306,1435.0,9922.0,0.0021867266367715903,-1.2203927239517609e-18,0.0,39846.0,0.0,0.0,0
0.025507937709830536,0.026836125660969306,1436.0,9922.0,0.00216496834319059,5.2651228947633115e-18,0.0,39846.0,0.0,0.0,0
0.025486395914888004,0.026836125660969306,1437.0,9922.0,0.0021434265482480554,1.0483754638137984e-17,0.0,39846.0,0.0,0.0,0
0.025465068464386488,0.026836125660969306,1438.0,9922.0,0.0021220990977465415,5.079158289208757e-18,0.0,39846.0,0.0,0.0,0
0.025443953225563164,0.026836125660969306,1439.0,9922.0,0.002100983858923223,-8.891432703077115e-18,0.0,39846.0,0.0,0.0,0
0.025423048086876572,0.026836125660969306,1440.0,9922.0,0.002080078720236623,1.3249978145761975e-17,0.0,39846.0,0.0,0.0,0
0.025402350957795396,0.026836125660969306,1441.0,9922.0,0.0020593815911554496,9.588799973906693e-18,0.0,39846.0,0.0,0.0,0
0.025381859768589497,0.026836125660969306,1442.0,9922.0,0.002038890401949552,3.2543805972046958e-18,0.0,39846.0,0.0,0.0,0
0.025361572470122874,0.026836125660969306,1443.0,9922.0,0.0020186031034829265,1.2552610874932397e-18,0.0,39846.0,0.0,0.0,0
0.025341487033648774,0.026836125660969306,1444.0,9922.0,0.0019985176670088258,1.0507000213832304e-17,0.0,39846.0,0.0,0.0,0
0.025321601450606808,0.026836125660969306,1445.0,9922.0,0.001978632083966865,3.1613982944274187e-18,0.0,39846.0,0.0,0.0,0
0.025301913732422104,0.026836125660969306,1446.0,9922.0,0.0019589443657821635,-2.7081095683881933e-18,0.0,39846.0,0.0,0.0,0
0.02528242191030645,0.026836125660969306,1447.0,9922.0,0.0019394525436664998,7.624548827736716e-18,0.0,39846.0,0.0,0.0,0
0.025263124035061372,0.026836125660969306,1448.0,9922.0,0.001920154668421419,4.346922654837701e-18,0.0,39846.0,0.0,0.0,0
0.02524401817688326,0.026836125660969306,1449.0,9922.0,0.0019010488102433165,7.229374040933288e-18,0.0,39846.0,0.0,0.0,0
0.025225102425170395,0.026836125660969306,1450.0,9922.0,0.0018821330585304498,6.276305437466199e-18,0.0,39846.0,0.0,0.0,0
0.02520637488833184,0.026836125660969306,1451.0,9922.0,0.0018634055216918838,1.2657215965556834e-17,0.0,39846.0,0.0,0.0,0
0.025187833693598276,0.026836125660969306,1452.0,9922.0,0.0018448643269583327,-3.7890288381740385e-18,0.0,39846.0,0.0,0.0,0
0.02516947698683481,0.026836125660969306,1453.0,9922.0,0.0018265076201948677,-5.4162191367763866e-18,0.0,39846.0,0.0,0.0,0
0.025151302932355464,0.026836125660969306,1454.0,9922.0,0.0018083335657155166,5.485955863859345e-18,0.0,39846.0,0.0,0.0,0
0.025133309712739634,0.026836125660969306,1455.0,9922.0,0.0017903403460996891,5.811393923579814e-19,0.0,39846.0,0.0,0.0,0
0.025115495528650368,0.026836125660969306,1456.0,9922.0,0.0017725261620104248,4.1377124735888275e-18,0.0,39846.0,0.0,0.0,0
0.025097858598654415,0.026836125660969306,1457.0,9922.0,0.0017548892320144698,4.6491151388638515e-19,0.0,39846.0,0.0,0.0,0
0.025080397159044084,0.026836125660969306,1458.0,9922.0,0.0017374277924041314,4.381791018379179e-18,0.0,39846.0,0.0,0.0,0
0.025063109463660842,0.026836125660969306,1459.0,9922.0,0.0017201400970208967,7.508320949265119e-18,0.0,39846.0,0.0,0.0,0
0.025045993783720768,0.026836125660969306,1460.0,9922.0,0.0017030244170808163,5.509201439553663e-18,0.0,39846.0,0.0,0.0,0
0.02502904840764158,0.026836125660969306,1461.0,9922.0,0.001686079041001637,-2.0688562367944138e-18,0.0,39846.0,0.0,0.0,0
0.025012271640871574,0.026836125660969306,1462.0,9922.0,0.0016693022742316265,3.091661567344461e-18,0.0,39846.0,0.0,0.0,0
0.02499566180572008,0.026836125660969306,1463.0,9922.0,0.0016526924390801309,5.334859621846269e-18,0.0,39846.0,0.0,0.0,0
0.02497921724118974,0.026836125660969306,1464.0,9922.0,0.0016362478745497915,3.533327505536527e-18,0.0,39846.0,0.0,0.0,0
0.024962936302810396,0.026836125660969306,1465.0,9922.0,0.0016199669361704496,3.091661567344461e-18,0.0,39846.0,0.0,0.0,0
0.024946817362474644,0.026836125660969306,1466.0,9922.0,0.001603847995834701,-7.531566524959438e-18,0.0,39846.0,0.0,0.0,0
0.024930858808275027,0.026836125660969306,1467.0,9922.0,0.0015878894416350854,-3.835519989562677e-19,0.0,39846.0,0.0,0.0,0
0.024915059044342828,0.026836125660969306,1468.0,9922.0,0.0015720896777028737,1.1739015725631224e-17,0.0,39846.0,0.0,0.0,0
0.024899416490688463,0.026836125660969306,1469.0,9922.0,0.0015564471240485137,2.1385929638773715e-18,0.0,39846.0,0.0,0.0,0
0.02488392958304355,0.026836125660969306,1470.0,9922.0,0.001540960216403603,3.219512233663217e-18,0.0,39846.0,0.0,0.0,0
0.024868596772704418,0.026836125660969306,1471.0,9922.0,0.0015256274060644693,8.356784462107773e-18,0.0,39846.0,0.0,0.0,0
0.024853416526377244,0.026836125660969306,1472.0,9922.0,0.0015104471597373022,-4.184203624977466e-19,0.0,39846.0,0.0,0.0,0
0.02483838732602476,0.026836125660969306,1473.0,9922.0,0.001495417959384819,-5.253500106916152e-18,0.0,39846.0,0.0,0.0,0
0.0248235076687144,0.026836125660969306,1474.0,9922.0,0.0014805383020744592,6.857444829824181e-19,0.0,39846.0,0.0,0.0,0
0.024808776066468047,0.026836125660969306,1475.0,9922.0,0.0014658066998280933,1.093704336417721e-17,0.0,39846.0,0.0,0.0,0
0.02479419104611317,0.026836125660969306,1476.0,9922.0,0.0014512216794732226,9.263361914186224e-18,0.0,39846.0,0.0,0.0,0
0.024779751149135595,0.026836125660969306,1477.0,9922.0,0.0014367817824956503,2.568636114222278e-18,0.0,39846.0,0.0,0.0,0
0.0247654549315336,0.026836125660969306,1478.0,9922.0,0.0014224855648936534,4.300431503449062e-18,0.0,39846.0,0.0,0.0,0
0.024751300963673496,0.026836125660969306,1479.0,9922.0,0.001408331597033552,8.240556583636176e-18,0.0,39846.0,0.0,0.0,0
0.02473728783014672,0.026836125660969306,1480.0,9922.0,0.0013943184635067673,6.950427132601457e-18,0.0,39846.0,0.0,0.0,0
0.024723414129628217,0.026836125660969306,1481.0,9922.0,0.0013804447629882722,1.755040964921104e-18,0.0,39846.0,0.0,0.0,0
0.024709678474736395,0.026836125660969306,1482.0,9922.0,0.0013667091080964498,2.115347388183052e-18,0.0,39846.0,0.0,0.0,0
0.024696079491894313,0.026836125660969306,1483.0,9922.0,0.001353110125254362,1.1425200453757914e-17,0.0,39846.0,0.0,0.0,0
0.02468261582119235,0.026836125660969306,1484.0,9922.0,0.0013396464545523989,5.544069803095142e-18,0.0,39846.0,0.0,0.0,0
0.02466928611625221,0.026836125660969306,1485.0,9922.0,0.001326316749612264,-1.5574535715193902e-18,0.0,39846.0,0.0,0.0,0
0.024656089044092305,0.026836125660969306,1486.0,9922.0,0.0013131196774523604,-1.057673694091526e-18,0.0,39846.0,0.0,0.0,0
0.024643023284994413,0.026836125660969306,1487.0,9922.0,0.00130005391835447,3.719292111091081e-18,0.0,39846.0,0.0,0.0,0
0.024630087532371742,0.026836125660969306,1488.0,9922.0,0.0012871181657317955,8.042969190234463e-18,0.0,39846.0,0.0,0.0,0
0.024617280492638244,0.026836125660969306,1489.0,9922.0,0.0012743111259982994,-3.4752135663007286e-18,0.0,39846.0,0.0,0.0,0
0.024604600885079278,0.026836125660969306,1490.0,9922.0,0.0012616315184393327,-1.7317953892267845e-18,0.0,39846.0,0.0,0.0,0
0.024592047441723518,0.026836125660969306,1491.0,9922.0,0.001249078075083572,-3.6728009597024425e-18,0.0,39846.0,0.0,0.0,0
0.024579618907216164,0.026836125660969306,1492.0,9922.0,0.0012366495405762208,-1.6271902986023479e-18,0.0,39846.0,0.0,0.0,0
0.024567314038693413,0.026836125660969306,1493.0,9922.0,0.0012243446720534704,-1.743418177073944e-18,0.0,39846.0,0.0,0.0,0
0.024555131605658167,0.026836125660969306,1494.0,9922.0,0.0012121622390182185,2.7429779319296723e-18,0.0,39846.0,0.0,0.0,0
0.024543070389856952,0.026836125660969306,1495.0,9922.0,0.001200101023217008,1.1041648454801646e-18,0.0,39846.0,0.0,0.0,0
0.024531129185158155,0.026836125660969306,1496.0,9922.0,0.0011881598185182047,6.497138406562232e-18,0.0,39846.0,0.0,0.0,0
0.02451930679743134,0.026836125660969306,1497.0,9922.0,0.0011763374307913906,1.3982213780133032e-17,0.0,39846.0,0.0,0.0,0
0.02450760204442788,0.026836125660969306,1498.0,9922.0,0.0011646326777879391,-1.0460509062443666e-18,0.0,39846.0,0.0,0.0,0
0.024496013755662745,0.026836125660969306,1499.0,9922.0,0.0011530443890227988,1.7899093284625825e-18,0.0,39846.0,0.0,0.0,0
0.024484540772297374,0.026836125660969306,1500.0,9922.0,0.0011415714056574316,-4.6491151388638515e-19,0.0,39846.0,0.0,0.0,0
0.02447318194702389,0.026836125660969306,1501.0,9922.0,0.0011302125803839451,4.8002113808769264e-18,0.0,39846.0,0.0,0.0,0
0.02446193614395029,0.026836125660969306,1502.0,9922.0,0.001118966777310343,2.7546007197768316e-18,0.0,39846.0,0.0,0.0,0
0.024450802238486887,0.026836125660969306,1503.0,9922.0,0.001107832871846948,-2.591881689916597e-18,0.0,39846.0,0.0,0.0,0
0.02443977911723388,0.026836125660969306,1504.0,9922.0,0.0010968097505939338,3.730914898938241e-18,0.0,39846.0,0.0,0.0,0
0.02442886567786994,0.026836125660969306,1505.0,9922.0,0.001085896311229991,1.533045717040355e-17,0.0,39846.0,0.0,0.0,0
0.024418060829042038,0.026836125660969306,1506.0,9922.0,0.0010750914624020871,3.3241173242876535e-18,0.0,39846.0,0.0,0.0,0
0.02440736349025628,0.026836125660969306,1507.0,9922.0,0.0010643941236163368,-3.614687020466644e-18,0.0,39846.0,0.0,0.0,0
0.024396772591769887,0.026836125660969306,1508.0,9922.0,0.0010538032251299451,-3.696046535396762e-18,0.0,39846.0,0.0,0.0,0
0.024386287074484186,0.026836125660969306,1509.0,9922.0,0.001043317707844239,2.464031023597841e-18,0.0,39846.0,0.0,0.0,0
0.024375905889838703,0.026836125660969306,1510.0,9922.0,0.0010329365231987533,3.510081929842208e-18,0.0,39846.0,0.0,0.0,0
0.024365627999706315,0.026836125660969306,1511.0,9922.0,0.0010226586330663678,5.7649027721911756e-18,0.0,39846.0,0.0,0.0,0
0.024355452376289458,0.026836125660969306,1512.0,9922.0,0.0010124830096495112,-9.298230277727703e-20,0.0,39846.0,0.0,0.0,0
0.0243453780020173,0.026836125660969306,1513.0,9922.0,0.0010024086353773549,5.799771135732655e-18,0.0,39846.0,0.0,0.0,0
0.024335403869444026,0.026836125660969306,1514.0,9922.0,0.0009924345028040824,4.811834168724086e-18,0.0,39846.0,0.0,0.0,0
0.02432552898114806,0.026836125660969306,1515.0,9922.0,0.0009825596145081178,-1.3366206024233571e-18,0.0,39846.0,0.0,0.0,0
0.024315752349632354,0.026836125660969306,1516.0,9922.0,0.0009727829829924092,2.371048720820564e-18,0.0,39846.0,0.0,0.0,0
0.024306072997225606,0.026836125660969306,1517.0,9922.0,0.0009631036305856554,5.904376226357091e-18,0.0,39846.0,0.0,0.0,0
0.024296489955984494,0.026836125660969306,1518.0,9922.0,0.0009535205893445478,8.298670522871974e-18,0.0,39846.0,0.0,0.0,0
0.024287002267596926,0.026836125660969306,1519.0,9922.0,0.000944032900956979,3.812274413868358e-18,0.0,39846.0,0.0,0.0,0
0.024277608983286146,0.026836125660969306,1520.0,9922.0,0.0009346396166462022,2.975433688872865e-18,0.0,39846.0,0.0,0.0,0
0.024268309163715904,0.026836125660969306,1521.0,9922.0,0.0009253397970759567,-1.313375026729038e-18,0.0,39846.0,0.0,0.0,0
0.02425910187889649,0.026836125660969306,1522.0,9922.0,0.0009161325122565406,5.1488950162917154e-18,0.0,39846.0,0.0,0.0,0
0.02424998620809174,0.026836125660969306,1523.0,9922.0,0.0009070168414517949,-5.230254531221833e-19,0.0,39846.0,0.0,0.0,0
0.024240961239727,0.026836125660969306,1524.0,9922.0,0.0008979918730870455,8.984415005854393e-18,0.0,39846.0,0.0,0.0,0
0.024232026071297878,0.026836125660969306,1525.0,9922.0,0.0008890567046579339,4.765343017335447e-19,0.0,39846.0,0.0,0.0,0
0.024223179809280116,0.026836125660969306,1526.0,9922.0,0.0008802104426401719,3.0567932038029823e-18,0.0,39846.0,0.0,0.0,0
0.02421442156904013,0.026836125660969306,1527.0,9922.0,0.0008714522024001823,6.927181556907138e-18,0.0,39846.0,0.0,0.0,0
0.024205750474746598,0.026836125660969306,1528.0,9922.0,0.0008627811081066476,5.0326671378201186e-18,0.0,39846.0,0.0,0.0,0
0.024197165659282854,0.026836125660969306,1529.0,9922.0,0.0008541962926429098,-3.2543805972046957e-19,0.0,39846.0,0.0,0.0,0
0.02418866626416022,0.026836125660969306,1530.0,9922.0,0.0008456968975202677,1.3970590992285872e-17,0.0,39846.0,0.0,0.0,0
0.024180251439432077,0.026836125660969306,1531.0,9922.0,0.0008372820727921302,1.1343840938827796e-17,0.0,39846.0,0.0,0.0,0
0.024171920343608953,0.026836125660969306,1532.0,9922.0,0.0008289509769690063,6.694725799963946e-18,0.0,39846.0,0.0,0.0,0
0.02416367214357432,0.026836125660969306,1533.0,9922.0,0.0008207027769343765,2.719732356235353e-18,0.0,39846.0,0.0,0.0,0
0.0241555060145013,0.026836125660969306,1534.0,9922.0,0.0008125366478613578,3.4868363541478884e-20,0.0,39846.0,0.0,0.0,0
0.024147421139770187,0.026836125660969306,1535.0,9922.0,0.0008044517731302435,2.092101812488733e-18,0.0,39846.0,0.0,0.0,0
0.024139416710886773,0.026836125660969306,1536.0,9922.0,0.0007964473442468224,5.985735741287208e-18,0.0,39846.0,0.0,0.0,0
0.024131491927401476,0.026836125660969306,1537.0,9922.0,0.0007885225607615324,-3.242757809357536e-18,0.0,39846.0,0.0,0.0,0
0.02412364599682937,0.026836125660969306,1538.0,9922.0,0.0007806766301894243,6.369287740243476e-18,0.0,39846.0,0.0,0.0,0
0.024115878134570844,0.026836125660969306,1539.0,9922.0,0.0007729087679309002,3.0219248402615032e-18,0.0,39846.0,0.0,0.0,0
0.02410818756383321,0.026836125660969306,1540.0,9922.0,0.0007652181971932623,4.509641684697936e-18,0.0,39846.0,0.0,0.0,0
0.024100573515552972,0.026836125660969306,1541.0,9922.0,0.0007576041489130263,-2.3361803572790853e-18,0.0,39846.0,0.0,0.0,0
0.024093035228318967,0.026836125660969306,1542.0,9922.0,0.0007500658616790227,3.882011140951316e-18,0.0,39846.0,0.0,0.0,0
0.024085571948296185,0.026836125660969306,1543.0,9922.0,0.0007426025816562424,1.6271902986023478e-19,0.0,39846.0,0.0,0.0,0
0.02407818292915041,0.026836125660969306,1544.0,9922.0,0.000735213562510466,-4.788588593029767e-18,0.0,39846.0,0.0,0.0,0
0.024070867431973564,0.026836125660969306,1545.0,9922.0,0.00072789806533362,-2.7894690833183107e-18,0.0,39846.0,0.0,0.0,0
0.02406362472520984,0.026836125660969306,1546.0,9922.0,0.0007206553585698918,5.799771135732655e-18,0.0,39846.0,0.0,0.0,0
0.024056454084582516,0.026836125660969306,1547.0,9922.0,0.0007134847179425675,2.6035044777637565e-18,0.0,39846.0,0.0,0.0,0
0.02404935479302156,0.026836125660969306,1548.0,9922.0,0.000706385426381612,2.591881689916597e-18,0.0,39846.0,0.0,0.0,0
0.024042326140591895,0.026836125660969306,1549.0,9922.0,0.0006993567739519506,-2.684863992693874e-18,0.0,39846.0,0.0,0.0,0
0.024035367424422437,0.026836125660969306,1550.0,9922.0,0.0006923980577824819,7.624548827736716e-18,0.0,39846.0,0.0,0.0,0
0.024028477948635746,0.026836125660969306,1551.0,9922.0,0.0006855085819957958,9.530686034670895e-18,0.0,39846.0,0.0,0.0,0
0.02402165702427851,0.026836125660969306,1552.0,9922.0,0.0006786876576385629,5.207008955527513e-18,0.0,39846.0,0.0,0.0,0
0.02401490396925262,0.026836125660969306,1553.0,9922.0,0.000671934602612672,3.858765565256997e-18,0.0,39846.0,0.0,0.0,0
0.02400821810824693,0.026836125660969306,1554.0,9922.0,0.0006652487416069901,5.392973561082067e-18,0.0,39846.0,0.0,0.0,0
0.024001598772669788,0.026836125660969306,1555.0,9922.0,0.0006586294060298434,-5.137272228444556e-18,0.0,39846.0,0.0,0.0,0
0.023995045300582107,0.026836125660969306,1556.0,9922.0,0.0006520759339421593,4.393413806226339e-18,0.0,39846.0,0.0,0.0,0
0.02398855703663121,0.026836125660969306,1557.0,9922.0,0.0006455876699912677,-2.1037246003358928e-18,0.0,39846.0,0.0,0.0,0
0.023982133331985317,0.026836125660969306,1558.0,9922.0,0.0006391639653453674,6.717971375658265e-18,0.0,39846.0,0.0,0.0,0
0.02397577354426859,0.026836125660969306,1559.0,9922.0,0.0006328041776286408,1.2017962633963055e-17,0.0,39846.0,0.0,0.0,0
0.02396947703749696,0.026836125660969306,1560.0,9922.0,0.0006265076708570157,1.4412256930477939e-18,0.0,39846.0,0.0,0.0,0
0.02396324318201452,0.026836125660969306,1561.0,9922.0,0.0006202738153745652,1.097191172771869e-17,0.0,39846.0,0.0,0.0,0
0.0239570713544305,0.026836125660969306,1562.0,9922.0,0.0006141019877905513,5.462710288165026e-19,0.0,39846.0,0.0,0.0,0
0.02395096093755701,0.026836125660969306,1563.0,9922.0,0.0006079915709170701,-2.2664436301961276e-18,0.0,39846.0,0.0,0.0,0
0.023944911320347293,0.026836125660969306,1564.0,9922.0,0.0006019419537073395,9.519063246823735e-18,0.0,39846.0,0.0,0.0,0
0.02393892189783455,0.026836125660969306,1565.0,9922.0,0.0005959525311946015,8.066214765928782e-18,0.0,39846.0,0.0,0.0,0
0.02393299207107156,0.026836125660969306,1566.0,9922.0,0.0005900227044316124,2.6035044777637565e-18,0.0,39846.0,0.0,0.0,0
0.023927121247070703,0.026836125660969306,1567.0,9922.0,0.0005841518804307511,2.928942537484226e-18,0.0,39846.0,0.0,0.0,0
0.023921308838744673,0.026836125660969306,1568.0,9922.0,0.00057833947210473,-4.649115138863851e-18,0.0,39846.0,0.0,0.0,0
0.02391555426484782,0.026836125660969306,1569.0,9922.0,0.0005725848982078682,7.682662766972514e-18,0.0,39846.0,0.0,0.0,0
0.023909856949917933,0.026836125660969306,1570.0,9922.0,0.0005668875832779849,6.5784979214923496e-18,0.0,39846.0,0.0,0.0,0
0.023904216324218786,0.026836125660969306,1571.0,9922.0,0.000561246957578837,3.940125080187114e-18,0.0,39846.0,0.0,0.0,0
0.023898631823683094,0.026836125660969306,1572.0,9922.0,0.0005556624570431543,-1.1157876333273243e-18,0.0,39846.0,0.0,0.0,0
0.02389310288985617,0.026836125660969306,1573.0,9922.0,0.0005501335232162294,-1.4528484808949534e-18,0.0,39846.0,0.0,0.0,0
0.023887628969840015,0.026836125660969306,1574.0,9922.0,0.0005446596032000722,-5.7649027721911756e-18,0.0,39846.0,0.0,0.0,0
0.023882209516238068,0.026836125660969306,1575.0,9922.0,0.0005392401495981184,2.092101812488733e-18,0.0,39846.0,0.0,0.0,0
0.023876843987100438,0.026836125660969306,1576.0,9922.0,0.0005338746204604961,-1.464471268742113e-18,0.0,39846.0,0.0,0.0,0
0.02387153184586976,0.026836125660969306,1577.0,9922.0,0.0005285624792298126,1.464471268742113e-18,0.0,39846.0,0.0,0.0,0
0.02386627256132747,0.026836125660969306,1578.0,9922.0,0.0005233031946875239,1.1971471482574417e-18,0.0,39846.0,0.0,0.0,0
0.023861065607540737,0.026836125660969306,1579.0,9922.0,0.0005180962409007911,9.123888460020307e-18,0.0,39846.0,0.0,0.0,0
0.023855910463809842,0.026836125660969306,1580.0,9922.0,0.0005129410971698963,4.323677079143382e-18,0.0,39846.0,0.0,0.0,0
0.02385080661461612,0.026836125660969306,1581.0,9922.0,0.000507837247976174,4.3701682305320204e-18,0.0,39846.0,0.0,0.0,0
0.02384575354957039,0.026836125660969306,1582.0,9922.0,0.0005027841829304451,-2.371048720820564e-18,0.0,39846.0,0.0,0.0,0
0.02384075076336195,0.026836125660969306,1583.0,9922.0,0.0004977813967219988,9.414458156199298e-18,0.0,39846.0,0.0,0.0,0
0.023835797755707988,0.026836125660969306,1584.0,9922.0,0.0004928283890680451,2.928942537484226e-18,0.0,39846.0,0.0,0.0,0
0.02383089403130364,0.026836125660969306,1585.0,9922.0,0.00048792466466368736,1.251774251139092e-17,0.0,39846.0,0.0,0.0,0
0.02382603909977235,0.026836125660969306,1586.0,9922.0,0.0004830697331324018,2.278066418043287e-18,0.0,39846.0,0.0,0.0,0
0.02382123247561693,0.026836125660969306,1587.0,9922.0,0.00047826310897698963,-2.9056969617899068e-18,0.0,39846.0,0.0,0.0,0
0.023816473678170972,0.026836125660969306,1588.0,9922.0,0.0004735043115310276,2.8824513860955878e-18,0.0,39846.0,0.0,0.0,0
0.023811762231550758,0.026836125660969306,1589.0,9922.0,0.00046879286491080904,2.9521881131785455e-18,0.0,39846.0,0.0,0.0,0
0.023807097664607695,0.026836125660969306,1590.0,9922.0,0.00046412829796774234,1.0204807729806153e-17,0.0,39846.0,0.0,0.0,0
0.0238024795108812,0.026836125660969306,1591.0,9922.0,0.00045951014424124823,7.287487980169086e-18,0.0,39846.0,0.0,0.0,0
0.02379790730855205,0.026836125660969306,1592.0,9922.0,0.000454937941912105,2.464031023597841e-18,0.0,39846.0,0.0,0.0,0
0.023793380600396215,0.026836125660969306,1593.0,9922.0,0.0004504112337562675,2.429162660056362e-18,0.0,39846.0,0.0,0.0,0
0.023788898933739103,0.026836125660969306,1594.0,9922.0,0.00044592956709914956,1.123923584820336e-17,0.0,39846.0,0.0,0.0,0
0.023784461860410302,0.026836125660969306,1595.0,9922.0,0.0004414924937703519,8.868187127382796e-18,0.0,39846.0,0.0,0.0,0
0.023780068936698793,0.026836125660969306,1596.0,9922.0,0.00043709957005884164,1.126248142389768e-17,0.0,39846.0,0.0,0.0,0
0.02377571972330854,0.026836125660969306,1597.0,9922.0,0.00043275035666859177,1.0541868577373783e-17,0.0,39846.0,0.0,0.0,0
0.02377141378531458,0.026836125660969306,1598.0,9922.0,0.0004284444186746301,8.71709088536972e-19,0.0,39846.0,0.0,0.0,0
0.023767150692119522,0.026836125660969306,1599.0,9922.0,0.0004241813254795791,5.997358529134368e-18,0.0,39846.0,0.0,0.0,0
0.02376293001741051,0.026836125660969306,1600.0,9922.0,0.0004199606507705561,9.391212580504979e-18,0.0,39846.0,0.0,0.0,0
0.023758751339116535,0.026836125660969306,1601.0,9922.0,0.00041578197247658217,9.170379611408946e-18,0.0,39846.0,0.0,0.0,0
0.023754614239366287,0.026836125660969306,1602.0,9922.0,0.00041164487272634114,6.0787180440644855e-18,0.0,39846.0,0.0,0.0,0
0.023750518304446362,0.026836125660969306,1603.0,9922.0,0.0004075489378064123,4.939684835042842e-18,0.0,39846.0,0.0,0.0,0
0.023746463124759837,0.026836125660969306,1604.0,9922.0,0.0004034937581198884,7.984855250998664e-18,0.0,39846.0,0.0,0.0,0
0.02374244829478537,0.026836125660969306,1605.0,9922.0,0.00039947892814542286,3.649555384008123e-18,0.0,39846.0,0.0,0.0,0
0.02373847341303662,0.026836125660969306,1606.0,9922.0,0.000395504046396671,3.603064232619484e-18,0.0,39846.0,0.0,0.0,0
0.02373453808202209,0.026836125660969306,1607.0,9922.0,0.0003915687153821475,-3.6728009597024425e-18,0.0,39846.0,0.0,0.0,0
0.02373064190820542,0.026836125660969306,1608.0,9922.0,0.0003876725415654712,3.1381527187330997e-18,0.0,39846.0,0.0,0.0,0
0.023726784501965956,0.026836125660969306,1609.0,9922.0,0.00038381513532601214,1.185524360410282e-18,0.0,39846.0,0.0,0.0,0
0.023722965477559876,0.026836125660969306,1610.0,9922.0,0.00037999611091993205,4.0679757465058697e-19,0.0,39846.0,0.0,0.0,0
0.023719184453081556,0.026836125660969306,1611.0,9922.0,0.00037621508644160897,8.531126279815167e-18,0.0,39846.0,0.0,0.0,0
0.023715441050425386,0.026836125660969306,1612.0,9922.0,0.000372471683785444,-4.5212644725450955e-18,0.0,39846.0,0.0,0.0,0
0.023711734895247995,0.026836125660969306,1613.0,9922.0,0.0003687655286080513,-1.278506663187559e-19,0.0,39846.0,0.0,0.0,0
0.023708065616930774,0.026836125660969306,1614.0,9922.0,0.00036509625029082493,9.06577452078451e-18,0.0,39846.0,0.0,0.0,0
0.023704432848542824,0.026836125660969306,1615.0,9922.0,0.000361463481902875,5.1488950162917154e-18,0.0,39846.0,0.0,0.0,0
0.023700836226804283,0.026836125660969306,1616.0,9922.0,0.0003578668601643398,1.1320595363133477e-17,0.0,39846.0,0.0,0.0,0
0.023697275392049993,0.026836125660969306,1617.0,9922.0,0.00035430602541003907,1.0042088699945918e-17,0.0,39846.0,0.0,0.0,0
0.023693749988193485,0.026836125660969306,1618.0,9922.0,0.00035078062155354043,2.0223650854057754e-18,0.0,39846.0,0.0,0.0,0
0.023690259662691452,0.026836125660969306,1619.0,9922.0,0.0003472902960515111,-1.2087699361046014e-18,0.0,39846.0,0.0,0.0,0
0.023686804066508443,0.026836125660969306,1620.0,9922.0,0.0003438346998684982,6.973672708295777e-18,0.0,39846.0,0.0,0.0,0
0.023683382854081954,0.026836125660969306,1621.0,9922.0,0.0003404134874420002,8.414898401343571e-18,0.0,39846.0,0.0,0.0,0
0.023679995683287873,0.026836125660969306,1622.0,9922.0,0.0003370263166479268,-1.906137206934179e-18,0.0,39846.0,0.0,0.0,0
0.023676642215406322,0.026836125660969306,1623.0,9922.0,0.00033367284876637514,5.0094215621258e-18,0.0,39846.0,0.0,0.0,0
0.023673322115087703,0.026836125660969306,1624.0,9922.0,0.00033035274844776016,3.521704717689367e-18,0.0,39846.0,0.0,0.0,0
0.02367003505031923,0.026836125660969306,1625.0,9922.0,0.00032706568367928796,1.3249978145761976e-18,0.0,39846.0,0.0,0.0,0
0.023666780692391687,0.026836125660969306,1626.0,9922.0,0.00032381132575173377,1.6062692804774606e-17,0.0,39846.0,0.0,0.0,0
0.02366355871586655,0.026836125660969306,1627.0,9922.0,0.0003205893492266033,4.079598534353029e-18,0.0,39846.0,0.0,0.0,0
0.023660368798543503,0.026836125660969306,1628.0,9922.0,0.00031739943190355323,5.544069803095142e-18,0.0,39846.0,0.0,0.0,0
0.02365721062142814,0.026836125660969306,1629.0,9922.0,0.0003142412547881923,-8.0197236145401435e-19,0.0,39846.0,0.0,0.0,0
0.023654083868700125,0.026836125660969306,1630.0,9922.0,0.00031111450206018014,7.322356343710565e-19,0.0,39846.0,0.0,0.0,0
0.02365098822768158,0.026836125660969306,1631.0,9922.0,0.0003080188610416368,-6.741216951352584e-19,0.0,39846.0,0.0,0.0,0
0.023647923388805826,0.026836125660969306,1632.0,9922.0,0.00030495402216587934,6.346042164549157e-18,0.0,39846.0,0.0,0.0,0
0.023644889045586412,0.026836125660969306,1633.0,9922.0,0.0003019196789464698,-4.195826412824626e-18,0.0,39846.0,0.0,0.0,0
0.023641884894586497,0.026836125660969306,1634.0,9922.0,0.0002989155279465556,1.1506559968688031e-18,0.0,39846.0,0.0,0.0,0
0.023638910635388474,0.026836125660969306,1635.0,9922.0,0.0002959412687485318,2.8940741739427475e-18,0.0,39846.0,0.0,0.0,0
0.02363596597056394,0.026836125660969306,1636.0,9922.0,0.00029299660392400164,-2.3826715086677237e-18,0.0,39846.0,0.0,0.0,0
0.023633050605643975,0.026836125660969306,1637.0,9922.0,0.00029008123900402786,4.416659381920658e-18,0.0,39846.0,0.0,0.0,0
0.02363016424908964,0.026836125660969306,1638.0,9922.0,0.000287194882449692,-1.3482433902705168e-18,0.0,39846.0,0.0,0.0,0
0.02362730661226287,0.026836125660969306,1639.0,9922.0,0.00028433724562292994,-1.0925420576330051e-18,0.0,39846.0,0.0,0.0,0
0.02362447740939762,0.026836125660969306,1640.0,9922.0,0.0002815080427576771,-3.533327505536527e-18,0.0,39846.0,0.0,0.0,0
0.023621676357571238,0.026836125660969306,1641.0,9922.0,0.0002787069909312917,1.6969270256853056e-18,0.0,39846.0,0.0,0.0,0
0.023618903176676205,0.026836125660969306,1642.0,9922.0,0.00027593381003625727,1.2087699361046014e-18,0.0,39846.0,0.0,0.0,0
0.02361615758939212,0.026836125660969306,1643.0,9922.0,0.0002731882227521707,1.1401954878063595e-17,0.0,39846.0,0.0,0.0,0
0.023613439321157965,0.026836125660969306,1644.0,9922.0,0.00027046995451801667,4.323677079143382e-18,0.0,39846.0,0.0,0.0,0
0.023610748100144654,0.026836125660969306,1645.0,9922.0,0.00026777873350470645,2.5337677506807988e-18,0.0,39846.0,0.0,0.0,0
0.023608083657227847,0.026836125660969306,1646.0,9922.0,0.00026511429058790026,7.089900586767373e-18,0.0,39846.0,0.0,0.0,0
0.02360544572596102,0.026836125660969306,1647.0,9922.0,0.00026247635932107803,-2.7894690833183107e-18,0.0,39846.0,0.0,0.0,0
0.023602834042548863,0.026836125660969306,1648.0,9922.0,0.0002598646759089191,9.228493550644744e-18,0.0,39846.0,0.0,0.0,0
0.02360024834582085,0.026836125660969306,1649.0,9922.0,0.000257278979180907,-4.405036594073499e-18,0.0,39846.0,0.0,0.0,0
0.023597688377205165,0.026836125660969306,1650.0,9922.0,0.0002547190105652144,5.439464712470706e-18,0.0,39846.0,0.0,0.0,0
0.023595153880702786,0.026836125660969306,1651.0,9922.0,0.0002521845140628423,1.6271902986023478e-19,0.0,39846.0,0.0,0.0,0
0.023592644602861982,0.026836125660969306,1652.0,9922.0,0.000249675236222032,5.207008955527513e-18,0.0,39846.0,0.0,0.0,0
0.023590160292752856,0.026836125660969306,1653.0,9922.0,0.0002471909261129057,9.06577452078451e-18,0.0,39846.0,0.0,0.0,0
0.02358770070194233,0.026836125660969306,1654.0,9922.0,0.0002447313353023865,-1.9758739340171367e-18,0.0,39846.0,0.0,0.0,0
0.02358526558446929,0.026836125660969306,1655.0,9922.0,0.00024229621782933817,7.461829797876482e-18,0.0,39846.0,0.0,0.0,0
0.023582854696819942,0.026836125660969306,1656.0,9922.0,0.00023988533017999016,1.4272783476312024e-17,0.0,39846.0,0.0,0.0,0
0.023580467797903515,0.026836125660969306,1657.0,9922.0,0.0002374984312635632,6.148454771147443e-18,0.0,39846.0,0.0,0.0,0
0.02357810464902812,0.026836125660969306,1658.0,9922.0,0.00023513528238818077,-8.461389552732208e-18,0.0,39846.0,0.0,0.0,0
0.023575765013876926,0.026836125660969306,1659.0,9922.0,0.00023279564723698108,4.695606290252489e-18,0.0,39846.0,0.0,0.0,0
0.023573448658484448,0.026836125660969306,1660.0,9922.0,0.00023047929184450216,2.8940741739427475e-18,0.0,39846.0,0.0,0.0,0
0.02357115535121322,0.026836125660969306,1661.0,9922.0,0.00022818598457327477,2.6151272656109162e-18,0.0,39846.0,0.0,0.0,0
0.023568884862730607,0.026836125660969306,1662.0,9922.0,0.0002259154960906619,1.7666637527682635e-18,0.0,39846.0,0.0,0.0,0
0.023566636965985866,0.026836125660969306,1663.0,9922.0,0.00022366759934592034,4.695606290252489e-18,0.0,39846.0,0.0,0.0,0
0.023564411436187455,0.026836125660969306,1664.0,9922.0,0.00022144206954750472,8.321916098566294e-18,0.0,39846.0,0.0,0.0,0
0.02356220805078052,0.026836125660969306,1665.0,9922.0,0.00021923868414057795,-8.252179371483335e-19,0.0,39846.0,0.0,0.0,0
0.023560026589424715,0.026836125660969306,1666.0,9922.0,0.00021705722278476564,6.520383982256551e-18,0.0,39846.0,0.0,0.0,0
0.02355786683397205,0.026836125660969306,1667.0,9922.0,0.0002148974673321151,-2.092101812488733e-19,0.0,39846.0,0.0,0.0,0
0.023555728568445226,0.026836125660969306,1668.0,9922.0,0.00021275920180527608,9.344721429116341e-18,0.0,39846.0,0.0,0.0,0
0.02355361157901586,0.026836125660969306,1669.0,9922.0,0.0002106422123759202,-1.3947345416591554e-18,0.0,39846.0,0.0,0.0,0
0.023551515653983283,0.026836125660969306,1670.0,9922.0,0.0002085462873433376,2.928942537484226e-18,0.0,39846.0,0.0,0.0,0
0.02354944058375322,0.026836125660969306,1671.0,9922.0,0.0002064712171132787,9.728273428072608e-18,0.0,39846.0,0.0,0.0,0
0.023547386160816933,0.026836125660969306,1672.0,9922.0,0.0002044167941769885,4.5677556239337335e-18,0.0,39846.0,0.0,0.0,0
0.02354535217973041,0.026836125660969306,1673.0,9922.0,0.00020238281309046375,5.4975786517065036e-18,0.0,39846.0,0.0,0.0,0
0.023543338437093855,0.026836125660969306,1674.0,9922.0,0.0002003690704539045,1.2366646269377844e-17,0.0,39846.0,0.0,0.0,0
0.023541344731531307,0.026836125660969306,1675.0,9922.0,0.0001983753648913631,4.6491151388638515e-19,0.0,39846.0,0.0,0.0,0
0.02353937086367057,0.026836125660969306,1676.0,9922.0,0.00019640149703062436,1.8247776920040615e-18,0.0,39846.0,0.0,0.0,0
0.0235374166361232,0.026836125660969306,1677.0,9922.0,0.00019444726948325655,3.486836354147888e-18,0.0,39846.0,0.0,0.0,0
0.023535481853464824,0.026836125660969306,1678.0,9922.0,0.0001925124868248779,4.184203624977466e-18,0.0,39846.0,0.0,0.0,0
0.023533566322215555,0.026836125660969306,1679.0,9922.0,0.00019059695557560914,-9.763141791614086e-19,0.0,39846.0,0.0,0.0,0
0.023531669850820676,0.026836125660969306,1680.0,9922.0,0.00018870048418073016,1.2436382996460802e-18,0.0,39846.0,0.0,0.0,0
0.02352979224963147,0.026836125660969306,1681.0,9922.0,0.00018682288299151983,1.2773443844028431e-17,0.0,39846.0,0.0,0.0,0
0.023527933330886236,0.026836125660969306,1682.0,9922.0,0.00018496396424629385,-5.3464824096934285e-18,0.0,39846.0,0.0,0.0,0
0.023526092908691575,0.026836125660969306,1683.0,9922.0,0.0001831235420516303,3.033547628108663e-18,0.0,39846.0,0.0,0.0,0
0.023524270799003724,0.026836125660969306,1684.0,9922.0,0.00018130143236377613,1.0995157303413007e-17,0.0,39846.0,0.0,0.0,0
0.023522466819610188,0.026836125660969306,1685.0,9922.0,0.00017949745297024327,2.464031023597841e-18,0.0,39846.0,0.0,0.0,0
0.023520680790111534,0.026836125660969306,1686.0,9922.0,0.00017771142347158632,5.1488950162917154e-18,0.0,39846.0,0.0,0.0,0
0.02351891253190332,0.026836125660969306,1687.0,9922.0,0.00017594316526337175,1.185524360410282e-18,0.0,39846.0,0.0,0.0,0
0.023517161868158252,0.026836125660969306,1688.0,9922.0,0.0001741925015183036,4.776965805182607e-18,0.0,39846.0,0.0,0.0,0
0.02351542862380849,0.026836125660969306,1689.0,9922.0,0.00017245925716854985,-4.044730170811551e-18,0.0,39846.0,0.0,0.0,0
0.023513712625528177,0.026836125660969306,1690.0,9922.0,0.00017074325888822659,8.252179371483336e-18,0.0,39846.0,0.0,0.0,0
0.023512013701716027,0.026836125660969306,1691.0,9922.0,0.00016904433507608187,-4.3701682305320204e-18,0.0,39846.0,0.0,0.0,0
0.023510331682478253,0.026836125660969306,1692.0,9922.0,0.00016736231583831286,-1.813154904156902e-18,0.0,39846.0,0.0,0.0,0
0.02350866639961154,0.026836125660969306,1693.0,9922.0,0.00016569703297159566,4.765343017335447e-18,0.0,39846.0,0.0,0.0,0
0.023507017686586206,0.026836125660969306,1694.0,9922.0,0.00016404831994625978,4.300431503449062e-18,0.0,39846.0,0.0,0.0,0
0.023505385378529572,0.026836125660969306,1695.0,9922.0,0.00016241601188962313,5.369727985387748e-18,0.0,39846.0,0.0,0.0,0
0.02350376931220947,0.026836125660969306,1696.0,9922.0,0.0001607999455695276,2.5453905385279585e-18,0.0,39846.0,0.0,0.0,0
0.02350216932601793,0.026836125660969306,1697.0,9922.0,0.00015919995937798562,4.532887260392255e-18,0.0,39846.0,0.0,0.0,0
0.023500585259954992,0.026836125660969306,1698.0,9922.0,0.00015761589331504805,1.3831117538119957e-18,0.0,39846.0,0.0,0.0,0
0.023499016955612732,0.026836125660969306,1699.0,9922.0,0.00015604758897279076,3.882011140951316e-18,0.0,39846.0,0.0,0.0,0
0.023497464256159423,0.026836125660969306,1700.0,9922.0,0.00015449488951946845,9.37958979265782e-18,0.0,39846.0,0.0,0.0,0
0.02349592700632379,0.026836125660969306,1701.0,9922.0,0.00015295763968384735,-4.776965805182607e-18,0.0,39846.0,0.0,0.0,0
0.023494405052379604,0.026836125660969306,1702.0,9922.0,0.00015143568573965565,1.6271902986023478e-19,0.0,39846.0,0.0,0.0,0
0.023492898242130186,0.026836125660969306,1703.0,9922.0,0.00014992887549023702,1.064647366799822e-17,0.0,39846.0,0.0,0.0,0
0.02349140642489325,0.026836125660969306,1704.0,9922.0,0.0001484370582533113,-6.729594163505425e-18,0.0,39846.0,0.0,0.0,0
0.023489929451485845,0.026836125660969306,1705.0,9922.0,0.0001469600848459061,-3.3822312635234515e-18,0.0,39846.0,0.0,0.0,0
0.0234884671742094,0.026836125660969306,1706.0,9922.0,0.0001454978075694515,7.4850753735708e-18,0.0,39846.0,0.0,0.0,0
0.023487019446834952,0.026836125660969306,1707.0,9922.0,0.00014405008019500423,7.008541071837256e-18,0.0,39846.0,0.0,0.0,0
0.023485586124588568,0.026836125660969306,1708.0,9922.0,0.00014261675794861894,4.9861759864314806e-18,0.0,39846.0,0.0,0.0,0
0.023484167064136825,0.026836125660969306,1709.0,9922.0,0.00014119769749687633,2.405917084362043e-18,0.0,39846.0,0.0,0.0,0
0.023482762123572497,0.026836125660969306,1710.0,9922.0,0.0001397927569325477,4.8350797444184055e-18,0.0,39846.0,0.0,0.0,0
0.023481371162400348,0.026836125660969306,1711.0,9922.0,0.00013840179576040816,-2.684863992693874e-18,0.0,39846.0,0.0,0.0,0
0.023479994041523122,0.026836125660969306,1712.0,9922.0,0.00013702467488317674,-5.881130650662772e-18,0.0,39846.0,0.0,0.0,0
0.023478630623227564,0.026836125660969306,1713.0,9922.0,0.00013566125658762444,-5.4975786517065036e-18,0.0,39846.0,0.0,0.0,0
0.023477280771170728,0.026836125660969306,1714.0,9922.0,0.00013431140453077796,2.2431980545018082e-18,0.0,39846.0,0.0,0.0,0
0.02347594435036627,0.026836125660969306,1715.0,9922.0,0.00013297498372631498,1.1739015725631224e-17,0.0,39846.0,0.0,0.0,0
0.023474621227170984,0.026836125660969306,1716.0,9922.0,0.00013165186053103731,2.591881689916597e-18,0.0,39846.0,0.0,0.0,0
0.023473311269271466,0.026836125660969306,1717.0,9922.0,0.00013034190263152068,8.275424947177655e-18,0.0,39846.0,0.0,0.0,0
0.023472014345670842,0.026836125660969306,1718.0,9922.0,0.00012904497903088724,1.7469050134280922e-17,0.0,39846.0,0.0,0.0,0
0.023470730326675644,0.026836125660969306,1719.0,9922.0,0.00012776096003569676,8.310293310719134e-18,0.0,39846.0,0.0,0.0,0
0.02346945908388292,0.026836125660969306,1720.0,9922.0,0.00012648971724297392,-1.2320155117989205e-18,0.0,39846.0,0.0,0.0,0
0.023468200490167325,0.026836125660969306,1721.0,9922.0,0.00012523112352738437,-4.498018896850776e-18,0.0,39846.0,0.0,0.0,0
0.023466954419668458,0.026836125660969306,1722.0,9922.0,0.00012398505302851025,7.891872948221387e-18,0.0,39846.0,0.0,0.0,0
0.023465720747778206,0.026836125660969306,1723.0,9922.0,0.00012275138113825802,6.962049920448617e-18,0.0,39846.0,0.0,0.0,0
0.02346449935112836,0.026836125660969306,1724.0,9922.0,0.00012152998448841353,3.033547628108663e-18,0.0,39846.0,0.0,0.0,0
0.023463290107578243,0.026836125660969306,1725.0,9922.0,0.00012032074093829337,4.4515277454621374e-18,0.0,39846.0,0.0,0.0,0
0.023462092896202488,0.026836125660969306,1726.0,9922.0,0.0001191235295625336,1.032103560827775e-17,0.0,39846.0,0.0,0.0,0
0.02346090759727895,0.026836125660969306,1727.0,9922.0,0.00011793823063899957,8.996037793701552e-18,0.0,39846.0,0.0,0.0,0
0.023459734092276762,0.026836125660969306,1728.0,9922.0,0.00011676472563681438,2.092101812488733e-19,0.0,39846.0,0.0,0.0,0
0.023458572263844436,0.026836125660969306,1729.0,9922.0,0.0001156028972044933,-7.194505677391809e-18,0.0,39846.0,0.0,0.0,0
0.023457421995798172,0.026836125660969306,1730.0,9922.0,0.00011445262915823153,-2.719732356235353e-18,0.0,39846.0,0.0,0.0,0
0.02345628317311021,0.026836125660969306,1731.0,9922.0,0.00011331380647026237,1.1959848694727256e-17,0.0,39846.0,0.0,0.0,0
0.023455155681897318,0.026836125660969306,1732.0,9922.0,0.00011218631525736753,5.915999014204251e-18,0.0,39846.0,0.0,0.0,0
0.023454039409409436,0.026836125660969306,1733.0,9922.0,0.00011107004276948964,7.589680464195237e-18,0.0,39846.0,0.0,0.0,0
0.023452934244018394,0.026836125660969306,1734.0,9922.0,0.00010996487737844518,3.184643870121738e-18,0.0,39846.0,0.0,0.0,0
0.023451840075206728,0.026836125660969306,1735.0,9922.0,0.00010887070856677845,1.0541868577373783e-17,0.0,39846.0,0.0,0.0,0
0.02345075679355664,0.026836125660969306,1736.0,9922.0,0.00010778742691669415,3.44034520275925e-18,0.0,39846.0,0.0,0.0,0
0.02344968429073907,0.026836125660969306,1737.0,9922.0,0.00010671492409912292,3.568195869078006e-18,0.0,39846.0,0.0,0.0,0
0.023448622459502837,0.026836125660969306,1738.0,9922.0,0.0001056530928628922,1.8364004798512212e-18,0.0,39846.0,0.0,0.0,0
0.02344757119366394,0.026836125660969306,1739.0,9922.0,0.00010460182702399188,4.579378411780893e-18,0.0,39846.0,0.0,0.0,0
0.023446530388094907,0.026836125660969306,1740.0,9922.0,0.00010356102145496143,2.975433688872865e-18,0.0,39846.0,0.0,0.0,0
0.02344549993871432,0.026836125660969306,1741.0,9922.0,0.00010253057207437918,-1.2320155117989205e-18,0.0,39846.0,0.0,0.0,0
0.023444479742476397,0.026836125660969306,1742.0,9922.0,0.00010151037583644627,7.113146162461693e-18,0.0,39846.0,0.0,0.0,0
0.023443469697360643,0.026836125660969306,1743.0,9922.0,0.00010050033072068958,1.6318394137412116e-17,0.0,39846.0,0.0,0.0,0
0.0234424697023617,0.026836125660969306,1744.0,9922.0,9.950033572175388e-05,3.498459141995048e-18,0.0,39846.0,0.0,0.0,0
0.023441479657479253,0.026836125660969306,1745.0,9922.0,9.851029083931105e-05,-8.252179371483335e-19,0.0,39846.0,0.0,0.0,0
0.023440499463707982,0.026836125660969306,1746.0,9922.0,9.7530097068042e-05,-1.4877168444364324e-18,0.0,39846.0,0.0,0.0,0
0.023439529023027705,0.026836125660969306,1747.0,9922.0,9.65596563877545e-05,4.230694776366104e-18,0.0,39846.0,0.0,0.0,0
0.02343856823839352,0.026836125660969306,1748.0,9922.0,9.559887175357188e-05,1.1657656210701106e-17,0.0,39846.0,0.0,0.0,0
0.023437617013726177,0.026836125660969306,1749.0,9922.0,9.464764708623373e-05,4.6491151388638515e-19,0.0,39846.0,0.0,0.0,0
0.02343667525390242,0.026836125660969306,1750.0,9922.0,9.370588726247586e-05,-1.464471268742113e-18,0.0,39846.0,0.0,0.0,0
0.023435742864745476,0.026836125660969306,1751.0,9922.0,9.277349810553063e-05,3.3822312635234515e-18,0.0,39846.0,0.0,0.0,0
0.023434819753015656,0.026836125660969306,1752.0,9922.0,9.185038637570839e-05,3.2078894458160574e-18,0.0,39846.0,0.0,0.0,0
0.023433905826401015,0.026836125660969306,1753.0,9922.0,9.093645976106842e-05,6.148454771147443e-18,0.0,39846.0,0.0,0.0,0
0.02343300099350813,0.026836125660969306,1754.0,9922.0,9.003162686818454e-05,4.788588593029767e-18,0.0,39846.0,0.0,0.0,0
0.023432105163852957,0.026836125660969306,1755.0,9922.0,8.913579721301108e-05,1.9874967218642964e-18,0.0,39846.0,0.0,0.0,0
0.023431218247851784,0.026836125660969306,1756.0,9922.0,8.824888121184259e-05,-2.6732412048467142e-18,0.0,39846.0,0.0,0.0,0
0.023430340156812286,0.026836125660969306,1757.0,9922.0,8.737079017233487e-05,3.603064232619484e-18,0.0,39846.0,0.0,0.0,0
0.0234294708029246,0.026836125660969306,1758.0,9922.0,8.650143628465275e-05,5.195386167680353e-18,0.0,39846.0,0.0,0.0,0
0.023428610099252633,0.026836125660969306,1759.0,9922.0,8.564073261268523e-05,3.603064232619484e-18,0.0,39846.0,0.0,0.0,0
0.023427757959725296,0.026836125660969306,1760.0,9922.0,8.478859308534619e-05,7.450207010029322e-18,0.0,39846.0,0.0,0.0,0
0.023426914299127917,0.026836125660969306,1761.0,9922.0,8.394493248797363e-05,-1.999119509711456e-18,0.0,39846.0,0.0,0.0,0
0.02342607903309375,0.026836125660969306,1762.0,9922.0,8.310966645380296e-05,3.2543805972046957e-19,0.0,39846.0,0.0,0.0,0
0.023425252078095482,0.026836125660969306,1763.0,9922.0,8.228271145553586e-05,1.3598661781176765e-18,0.0,39846.0,0.0,0.0,0
0.02342443335143694,0.026836125660969306,1764.0,9922.0,8.146398479698443e-05,7.031786647531575e-18,0.0,39846.0,0.0,0.0,0
0.02342362277124474,0.026836125660969306,1765.0,9922.0,8.065340460479994e-05,-2.3594259329734043e-18,0.0,39846.0,0.0,0.0,0
0.02342282025646023,0.026836125660969306,1766.0,9922.0,7.985088982028618e-05,-1.941005570475658e-18,0.0,39846.0,0.0,0.0,0
0.023422025726831237,0.026836125660969306,1767.0,9922.0,7.905636019129756e-05,-1.0460509062443666e-18,0.0,39846.0,0.0,0.0,0
0.023421239102904157,0.026836125660969306,1768.0,9922.0,7.826973626420819e-05,9.321475853422022e-18,0.0,39846.0,0.0,0.0,0
0.02342046030601592,0.026836125660969306,1769.0,9922.0,7.749093937597163e-05,3.1032843551916206e-18,0.0,39846.0,0.0,0.0,0
0.023419689258286195,0.026836125660969306,1770.0,9922.0,7.671989164624716e-05,5.6138065301781005e-18,0.0,39846.0,0.0,0.0,0
0.023418925882609562,0.026836125660969306,1771.0,9922.0,7.595651596961911e-05,-5.172140591986034e-18,0.0,39846.0,0.0,0.0,0
0.023418170102647833,0.026836125660969306,1772.0,9922.0,7.520073600789109e-05,1.5342079958250708e-18,0.0,39846.0,0.0,0.0,0
0.023417421842822375,0.026836125660969306,1773.0,9922.0,7.44524761824255e-05,7.194505677391809e-18,0.0,39846.0,0.0,0.0,0
0.023416681028306574,0.026836125660969306,1774.0,9922.0,7.371166166662405e-05,7.752399494055472e-18,0.0,39846.0,0.0,0.0,0
0.02341594758501836,0.026836125660969306,1775.0,9922.0,7.29782183784164e-05,-9.414458156199298e-19,0.0,39846.0,0.0,0.0,0
0.02341522143961281,0.026836125660969306,1776.0,9922.0,7.225207297286111e-05,7.857004584679908e-18,0.0,39846.0,0.0,0.0,0
0.023414502519474762,0.026836125660969306,1777.0,9922.0,7.153315283481465e-05,3.3589856878291325e-18,0.0,39846.0,0.0,0.0,0
0.023413790752711612,0.026836125660969306,1778.0,9922.0,7.082138607166314e-05,8.368407249954932e-18,0.0,39846.0,0.0,0.0,0
0.023413086068146072,0.026836125660969306,1779.0,9922.0,7.011670150613437e-05,-1.0111825427028877e-18,0.0,39846.0,0.0,0.0,0
0.023412388395309135,0.026836125660969306,1780.0,9922.0,6.941902866918785e-05,2.940565325331386e-18,0.0,39846.0,0.0,0.0,0
0.023411697664432907,0.026836125660969306,1781.0,9922.0,6.872829779295898e-05,-3.9517478680342733e-19,0.0,39846.0,0.0,0.0,0
0.02341101380644373,0.026836125660969306,1782.0,9922.0,6.804443980378362e-05,3.951747868034273e-18,0.0,39846.0,0.0,0.0,0
0.02341033675295524,0.026836125660969306,1783.0,9922.0,6.736738631528976e-05,7.612926039889556e-18,0.0,39846.0,0.0,0.0,0
0.023409666436261516,0.026836125660969306,1784.0,9922.0,6.669706962157011e-05,3.649555384008123e-18,0.0,39846.0,0.0,0.0,0
0.02340900278933034,0.026836125660969306,1785.0,9922.0,6.603342269039034e-05,3.800651626021198e-18,0.0,39846.0,0.0,0.0,0
0.023408345745796456,0.026836125660969306,1786.0,9922.0,6.53763791565111e-05,3.882011140951316e-18,0.0,39846.0,0.0,0.0,0
0.02340769523995497,0.026836125660969306,1787.0,9922.0,6.472587331502572e-05,1.2668838753403994e-18,0.0,39846.0,0.0,0.0,0
0.023407051206754754,0.026836125660969306,1788.0,9922.0,6.408184011481085e-05,2.905696961789907e-19,0.0,39846.0,0.0,0.0,0
0.02340641358179196,0.026836125660969306,1789.0,9922.0,6.34442151520081e-05,6.915558769059979e-18,0.0,39846.0,0.0,0.0,0
0.023405782301303538,0.026836125660969306,1790.0,9922.0,6.281293466359203e-05,-1.6853042378381461e-18,0.0,39846.0,0.0,0.0,0
0.02340515730216093,0.026836125660969306,1791.0,9922.0,6.218793552098733e-05,5.462710288165025e-18,0.0,39846.0,0.0,0.0,0
0.0234045385218637,0.026836125660969306,1792.0,9922.0,6.156915522375717e-05,2.312934781584766e-18,0.0,39846.0,0.0,0.0,0
0.0234039258985333,0.026836125660969306,1793.0,9922.0,6.095653189335768e-05,-7.996478038845824e-18,0.0,39846.0,0.0,0.0,0
0.023403319370906894,0.026836125660969306,1794.0,9922.0,6.035000426694429e-05,7.543189312806598e-18,0.0,39846.0,0.0,0.0,0
0.0234027188783312,0.026836125660969306,1795.0,9922.0,5.974951169125013e-05,9.519063246823735e-18,0.0,39846.0,0.0,0.0,0
0.02340212436075647,0.026836125660969306,1796.0,9922.0,5.9154994116515754e-05,1.2599102026321036e-17,0.0,39846.0,0.0,0.0,0
0.023401535758730444,0.026836125660969306,1797.0,9922.0,5.8566392090490495e-05,1.4400634142630778e-17,0.0,39846.0,0.0,0.0,0
0.023400953013392425,0.026836125660969306,1798.0,9922.0,5.798364675247679e-05,-5.8113939235798135e-18,0.0,39846.0,0.0,0.0,0
0.023400376066467405,0.026836125660969306,1799.0,9922.0,5.740669982746234e-05,-5.346482409693429e-19,0.0,39846.0,0.0,0.0,0
0.023399804860260214,0.026836125660969306,1800.0,9922.0,5.683549362026672e-05,-3.0451704159558226e-18,0.0,39846.0,0.0,0.0,0
0.023399239337649747,0.026836125660969306,1801.0,9922.0,5.626997100979753e-05,2.0804790246415734e-18,0.0,39846.0,0.0,0.0,0
0.023398679442083268,0.026836125660969306,1802.0,9922.0,5.571007544331949e-05,5.904376226357091e-18,0.0,39846.0,0.0,0.0,0
0.023398125117570764,0.026836125660969306,1803.0,9922.0,5.515575093081412e-05,1.0541868577373783e-17,0.0,39846.0,0.0,0.0,0
0.023397576308679308,0.026836125660969306,1804.0,9922.0,5.460694203936285e-05,-3.591441444772325e-18,0.0,39846.0,0.0,0.0,0
0.023397032960527562,0.026836125660969306,1805.0,9922.0,5.406359388762034e-05,-5.0094215621258e-18,0.0,39846.0,0.0,0.0,0
0.023396495018780265,0.026836125660969306,1806.0,9922.0,5.352565214032164e-05,2.6732412048467142e-18,0.0,39846.0,0.0,0.0,0
0.02339596242964279,0.026836125660969306,1807.0,9922.0,5.299306300284268e-05,6.067095256217326e-18,0.0,39846.0,0.0,0.0,0
0.02339543513985577,0.026836125660969306,1808.0,9922.0,5.24657732158219e-05,4.695606290252489e-18,0.0,39846.0,0.0,0.0,0
0.02339491309668979,0.026836125660969306,1809.0,9922.0,5.1943730049846036e-05,2.998679264567184e-18,0.0,39846.0,0.0,0.0,0
0.023394396247940107,0.026836125660969306,1810.0,9922.0,5.142688130016079e-05,5.7300344086496965e-18,0.0,39846.0,0.0,0.0,0
0.023393884541921414,0.026836125660969306,1811.0,9922.0,5.091517528146431e-05,1.3784626386731319e-17,0.0,39846.0,0.0,0.0,0
0.023393377927462666,0.026836125660969306,1812.0,9922.0,5.0408560822723746e-05,3.6030642326194847e-19,0.0,39846.0,0.0,0.0,0
0.02339287635390202,0.026836125660969306,1813.0,9922.0,4.990698726207043e-05,1.801532116309742e-18,0.0,39846.0,0.0,0.0,0
0.02339237977108168,0.026836125660969306,1814.0,9922.0,4.941040444173629e-05,3.219512233663217e-18,0.0,39846.0,0.0,0.0,0
0.023391888129342973,0.026836125660969306,1815.0,9922.0,4.891876270301828e-05,1.1506559968688032e-17,0.0,39846.0,0.0,0.0,0
0.02339140137952128,0.026836125660969306,1816.0,9922.0,4.8432012881339055e-05,-6.508761194409391e-19,0.0,39846.0,0.0,0.0,0
0.02339091947294126,0.026836125660969306,1817.0,9922.0,4.795010630130782e-05,7.775645069749792e-18,0.0,39846.0,0.0,0.0,0
0.023390442361411808,0.026836125660969306,1818.0,9922.0,4.7472994771864195e-05,3.603064232619484e-18,0.0,39846.0,0.0,0.0,0
0.023389969997221403,0.026836125660969306,1819.0,9922.0,4.700063058145921e-05,-1.4412256930477939e-18,0.0,39846.0,0.0,0.0,0
0.023389502333133225,0.026836125660969306,1820.0,9922.0,4.653296649327899e-05,-1.9526283583228173e-18,0.0,39846.0,0.0,0.0,0
0.023389039322380473,0.026836125660969306,1821.0,9922.0,4.606995574052775e-05,6.903935981212819e-18,0.0,39846.0,0.0,0.0,0
0.023388580918661687,0.026836125660969306,1822.0,9922.0,4.561155202174133e-05,8.949546642312912e-19,0.0,39846.0,0.0,0.0,0
0.023388127076136116,0.026836125660969306,1823.0,9922.0,4.5157709496165576e-05,1.0541868577373783e-17,0.0,39846.0,0.0,0.0,0
0.023387677749419116,0.026836125660969306,1824.0,9922.0,4.4708382779172304e-05,2.719732356235353e-18,0.0,39846.0,0.0,0.0,0
0.02338723289357766,0.026836125660969306,1825.0,9922.0,4.4263526937713305e-05,6.276305437466199e-18,0.0,39846.0,0.0,0.0,0
0.023386792464125783,0.026836125660969306,1826.0,9922.0,4.382309748583614e-05,1.813154904156902e-18,0.0,39846.0,0.0,0.0,0
0.02338635641702017,0.026836125660969306,1827.0,9922.0,4.338705038022391e-05,1.127410421174484e-18,0.0,39846.0,0.0,0.0,0
0.023385924708655758,0.026836125660969306,1828.0,9922.0,4.29553420158084e-05,8.240556583636176e-18,0.0,39846.0,0.0,0.0,0
0.023385497295861334,0.026836125660969306,1829.0,9922.0,4.2527929221390786e-05,-1.313375026729038e-18,0.0,39846.0,0.0,0.0,0
0.023385074135895273,0.026836125660969306,1830.0,9922.0,4.210476925533198e-05,2.6732412048467143e-19,0.0,39846.0,0.0,0.0,0
0.023384655186441235,0.026836125660969306,1831.0,9922.0,4.168581980129021e-05,2.9173197496370665e-18,0.0,39846.0,0.0,0.0,0
0.023384240405603916,0.026836125660969306,1832.0,9922.0,4.127103896396483e-05,1.0913797788482891e-17,0.0,39846.0,0.0,0.0,0
0.023383829751904867,0.026836125660969306,1833.0,9922.0,4.0860385264928296e-05,-4.428282169767818e-18,0.0,39846.0,0.0,0.0,0
0.023383423184278416,0.026836125660969306,1834.0,9922.0,4.0453817638468115e-05,5.857885074968452e-18,0.0,39846.0,0.0,0.0,0
0.023383020662067436,0.026836125660969306,1835.0,9922.0,4.005129542748662e-05,5.195386167680353e-18,0.0,39846.0,0.0,0.0,0
0.02338262214501937,0.026836125660969306,1836.0,9922.0,3.965277837942215e-05,1.1390332090216435e-18,0.0,39846.0,0.0,0.0,0
0.023382227593282186,0.026836125660969306,1837.0,9922.0,3.925822664223972e-05,4.509641684697936e-18,0.0,39846.0,0.0,0.0,0
0.02338183696740038,0.026836125660969306,1838.0,9922.0,3.8867600760436724e-05,6.4738928308679125e-18,0.0,39846.0,0.0,0.0,0
0.02338145022831105,0.026836125660969306,1839.0,9922.0,3.848086167109773e-05,1.6736814499909864e-18,0.0,39846.0,0.0,0.0,0
0.023381067337339946,0.026836125660969306,1840.0,9922.0,3.8097970699997465e-05,4.5212644725450955e-18,0.0,39846.0,0.0,0.0,0
0.023380688256197657,0.026836125660969306,1841.0,9922.0,3.771888955771128e-05,-9.298230277727703e-20,0.0,39846.0,0.0,0.0,0
0.023380312946975765,0.026836125660969306,1842.0,9922.0,3.734358033581531e-05,1.2599102026321036e-17,0.0,39846.0,0.0,0.0,0
0.02337994137214302,0.026836125660969306,1843.0,9922.0,3.697200550307312e-05,3.4868363541478884e-19,0.0,39846.0,0.0,0.0,0
0.023379573494541638,0.026836125660969306,1844.0,9922.0,3.6604127901691466e-05,2.5802589020694375e-18,0.0,39846.0,0.0,0.0,0
0.02337920927738354,0.026836125660969306,1845.0,9922.0,3.623991074360206e-05,-4.044730170811551e-18,0.0,39846.0,0.0,0.0,0
0.023378848684246733,0.026836125660969306,1846.0,9922.0,3.5879317606786635e-05,3.4170996270649306e-18,0.0,39846.0,0.0,0.0,0
0.023378491679071585,0.026836125660969306,1847.0,9922.0,3.552231243163532e-05,5.5789381666366214e-18,0.0,39846.0,0.0,0.0,0
0.02337813822615727,0.026836125660969306,1848.0,9922.0,3.516885951732581e-05,4.5677556239337335e-18,0.0,39846.0,0.0,0.0,0
0.023377788290158224,0.026836125660969306,1849.0,9922.0,3.4818923518275895e-05,9.100642884325988e-18,0.0,39846.0,0.0,0.0,0
0.023377441836080544,0.026836125660969306,1850.0,9922.0,3.447246944059489e-05,2.7429779319296723e-18,0.0,39846.0,0.0,0.0,0
0.023377098829278534,0.026836125660969306,1851.0,9922.0,3.412946263858406e-05,1.219230445167045e-17,0.0,39846.0,0.0,0.0,0
0.023376759235451225,0.026836125660969306,1852.0,9922.0,3.3789868811277205e-05,3.614687020466644e-18,0.0,39846.0,0.0,0.0,0
0.023376423020638956,0.026836125660969306,1853.0,9922.0,3.3453653999013005e-05,4.381791018379179e-18,0.0,39846.0,0.0,0.0,0
0.023376090151219976,0.026836125660969306,1854.0,9922.0,3.312078458002448e-05,1.4853922868670005e-17,0.0,39846.0,0.0,0.0,0
0.023375760593907047,0.026836125660969306,1855.0,9922.0,3.279122726709481e-05,1.1355463726674956e-17,0.0,39846.0,0.0,0.0,0
0.02337543431574417,0.026836125660969306,1856.0,9922.0,3.246494910421811e-05,9.588799973906693e-18,0.0,39846.0,0.0,0.0,0
0.023375111284103255,0.026836125660969306,1857.0,9922.0,3.214191746330758e-05,7.392093070793524e-18,0.0,39846.0,0.0,0.0,0
0.023374791466680873,0.026836125660969306,1858.0,9922.0,3.1822100040926546e-05,-2.0804790246415734e-18,0.0,39846.0,0.0,0.0,0
0.023374474831495014,0.026836125660969306,1859.0,9922.0,3.150546485506924e-05,5.683543257261058e-18,0.0,39846.0,0.0,0.0,0
0.023374161346881903,0.026836125660969306,1860.0,9922.0,3.1191980241952137e-05,9.391212580504979e-18,0.0,39846.0,0.0,0.0,0
0.023373850981492795,0.026836125660969306,1861.0,9922.0,3.088161485285074e-05,1.8596460555455406e-18,0.0,39846.0,0.0,0.0,0
0.02337354370429092,0.026836125660969306,1862.0,9922.0,3.0574337650971435e-05,2.9521881131785455e-18,0.0,39846.0,0.0,0.0,0
0.023373239484548284,0.026836125660969306,1863.0,9922.0,3.0270117908335876e-05,3.556573081230846e-18,0.0,39846.0,0.0,0.0,0
0.02337293829184266,0.026836125660969306,1864.0,9922.0,2.996892520271623e-05,-2.3245575694319257e-19,0.0,39846.0,0.0,0.0,0
0.02337264009605454,0.026836125660969306,1865.0,9922.0,2.9670729414590525e-05,7.252619616627607e-18,0.0,39846.0,0.0,0.0,0
0.023372344867364076,0.026836125660969306,1866.0,9922.0,2.9375500724132085e-05,3.335740112134813e-18,0.0,39846.0,0.0,0.0,0
0.023372052576248168,0.026836125660969306,1867.0,9922.0,2.9083209608225707e-05,2.7894690833183107e-18,0.0,39846.0,0.0,0.0,0
0.023371763193477463,0.026836125660969306,1868.0,9922.0,2.8793826837515356e-05,6.648234648575307e-18,0.0,39846.0,0.0,0.0,0
0.023371476690113427,0.026836125660969306,1869.0,9922.0,2.850732347348343e-05,-4.044730170811551e-18,0.0,39846.0,0.0,0.0,0
0.023371193037505497,0.026836125660969306,1870.0,9922.0,2.8223670865556277e-05,1.3714889659648362e-18,0.0,39846.0,0.0,0.0,0
0.02337091220728818,0.026836125660969306,1871.0,9922.0,2.7942840648235713e-05,3.347362899981973e-18,0.0,39846.0,0.0,0.0,0
0.023370634171378205,0.026836125660969306,1872.0,9922.0,2.7664804738266216e-05,-2.115347388183052e-18,0.0,39846.0,0.0,0.0,0
0.02337035890197177,0.026836125660969306,1873.0,9922.0,2.7389535331821086e-05,-6.973672708295777e-20,0.0,39846.0,0.0,0.0,0
0.02337008637154169,0.026836125660969306,1874.0,9922.0,2.711700490173582e-05,1.4784186141587047e-17,0.0,39846.0,0.0,0.0,0
0.023369816552834686,0.026836125660969306,1875.0,9922.0,2.6847186194740946e-05,9.298230277727703e-19,0.0,39846.0,0.0,0.0,0
0.023369549418868683,0.026836125660969306,1876.0,9922.0,2.658005222873483e-05,3.1730210822745783e-18,0.0,39846.0,0.0,0.0,0
0.023369284942930054,0.026836125660969306,1877.0,9922.0,2.631557629010376e-05,1.2459628572155121e-17,0.0,39846.0,0.0,0.0,0
0.023369023098570987,0.026836125660969306,1878.0,9922.0,2.6053731931031062e-05,4.649115138863851e-18,0.0,39846.0,0.0,0.0,0
0.023368763859606814,0.026836125660969306,1879.0,9922.0,2.579449296686303e-05,2.7313551440825127e-18,0.0,39846.0,0.0,0.0,0
0.02336850720011344,0.026836125660969306,1880.0,9922.0,2.553783347348705e-05,1.5376948321792188e-17,0.0,39846.0,0.0,0.0,0
0.023368253094424685,0.026836125660969306,1881.0,9922.0,2.5283727784739316e-05,-8.600863006898125e-19,0.0,39846.0,0.0,0.0,0
0.023368001517129783,0.026836125660969306,1882.0,9922.0,2.503215048984093e-05,1.5458307836722305e-18,0.0,39846.0,0.0,0.0,0
0.023367752443070794,0.026836125660969306,1883.0,9922.0,2.4783076430850533e-05,-2.8243374468597894e-18,0.0,39846.0,0.0,0.0,0
0.023367505847340108,0.026836125660969306,1884.0,9922.0,2.453648070015751e-05,2.5802589020694375e-18,0.0,39846.0,0.0,0.0,0
0.023367261705277923,0.026836125660969306,1885.0,9922.0,2.4292338637980593e-05,-1.1739015725631223e-18,0.0,39846.0,0.0,0.0,0
0.02336701999246985,0.026836125660969306,1886.0,9922.0,2.405062582990977e-05,-5.288368470457631e-18,0.0,39846.0,0.0,0.0,0
0.023366780684744407,0.026836125660969306,1887.0,9922.0,2.381131810446549e-05,2.161838539571691e-18,0.0,39846.0,0.0,0.0,0
0.023366543758170624,0.026836125660969306,1888.0,9922.0,2.3574391530677378e-05,2.557013326375118e-18,0.0,39846.0,0.0,0.0,0
0.02336630918905563,0.026836125660969306,1889.0,9922.0,2.3339822415682794e-05,1.801532116309742e-18,0.0,39846.0,0.0,0.0,0
0.02336607695394233,0.026836125660969306,1890.0,9922.0,2.3107587302383207e-05,7.787267857596951e-18,0.0,39846.0,0.0,0.0,0
0.023365847029607013,0.026836125660969306,1891.0,9922.0,2.2877662967067364e-05,7.508320949265119e-18,0.0,39846.0,0.0,0.0,0
0.023365619393057056,0.026836125660969306,1892.0,9922.0,2.2650026417116085e-05,-7.926741311762866e-18,0.0,39846.0,0.0,0.0,0
0.023365394021528627,0.026836125660969306,1893.0,9922.0,2.2424654888679978e-05,9.344721429116341e-18,0.0,39846.0,0.0,0.0,0
0.023365170892484365,0.026836125660969306,1894.0,9922.0,2.2201525844418827e-05,3.277626172899015e-18,0.0,39846.0,0.0,0.0,0
0.02336494998361119,0.026836125660969306,1895.0,9922.0,2.1980616971246136e-05,-5.462710288165026e-19,0.0,39846.0,0.0,0.0,0
0.023364731272818035,0.026836125660969306,1896.0,9922.0,2.1761906178084312e-05,2.835960234706949e-18,0.0,39846.0,0.0,0.0,0
0.02336451473823362,0.026836125660969306,1897.0,9922.0,2.1545371593677826e-05,2.4756538114450008e-18,0.0,39846.0,0.0,0.0,0
0.023364300358204332,0.026836125660969306,1898.0,9922.0,2.1330991564383892e-05,9.147134035714627e-18,0.0,39846.0,0.0,0.0,0
0.023364088111291974,0.026836125660969306,1899.0,9922.0,2.1118744652026165e-05,2.1385929638773715e-18,0.0,39846.0,0.0,0.0,0
0.023363877976271673,0.026836125660969306,1900.0,9922.0,2.090860963172856e-05,-3.719292111091081e-19,0.0,39846.0,0.0,0.0,0
0.023363669932129773,0.026836125660969306,1901.0,9922.0,2.0700565489817968e-05,1.1506559968688032e-17,0.0,39846.0,0.0,0.0,0
0.023363463958061652,0.026836125660969306,1902.0,9922.0,2.049459142170901e-05,5.462710288165026e-19,0.0,39846.0,0.0,0.0,0
0.023363260033469765,0.026836125660969306,1903.0,9922.0,2.0290666829821572e-05,7.903495736068547e-19,0.0,39846.0,0.0,0.0,0
0.02336305813796147,0.026836125660969306,1904.0,9922.0,2.0088771321522255e-05,6.404156103784955e-18,0.0,39846.0,0.0,0.0,0
0.023362858251347044,0.026836125660969306,1905.0,9922.0,1.9888884707098695e-05,4.8350797444184055e-18,0.0,39846.0,0.0,0.0,0
0.023362660353637668,0.026836125660969306,1906.0,9922.0,1.9690986997717686e-05,5.7649027721911756e-18,0.0,39846.0,0.0,0.0,0
0.023362464425043392,0.026836125660969306,1907.0,9922.0,1.949505840345152e-05,-4.8815708958070434e-18,0.0,39846.0,0.0,0.0,0
0.02336227044597121,0.026836125660969306,1908.0,9922.0,1.930107933126659e-05,3.777406050326879e-18,0.0,39846.0,0.0,0.0,0
0.023362078397023044,0.026836125660969306,1909.0,9922.0,1.9109030383098607e-05,3.1730210822745783e-18,0.0,39846.0,0.0,0.0,0
0.02336188825899384,0.026836125660969306,1910.0,9922.0,1.8918892353895665e-05,5.799771135732655e-18,0.0,39846.0,0.0,0.0,0
0.023361700012869635,0.026836125660969306,1911.0,9922.0,1.8730646229691407e-05,-1.0344281183972069e-18,0.0,39846.0,0.0,0.0,0
0.02336151363982567,0.026836125660969306,1912.0,9922.0,1.8544273185722213e-05,2.4524082357506814e-18,0.0,39846.0,0.0,0.0,0
0.023361329121224468,0.026836125660969306,1913.0,9922.0,1.835975458452134e-05,1.6039447229080287e-18,0.0,39846.0,0.0,0.0,0
0.023361146438614026,0.026836125660969306,1914.0,9922.0,1.8177071974082123e-05,-2.115347388183052e-18,0.0,39846.0,0.0,0.0,0
0.023360965573725925,0.026836125660969306,1915.0,9922.0,1.7996207085985616e-05,7.438584222182162e-19,0.0,39846.0,0.0,0.0,0
0.02336078650847354,0.026836125660969306,1916.0,9922.0,1.7817141833595598e-05,2.0107422975586157e-18,0.0,39846.0,0.0,0.0,0
0.023360609224950177,0.026836125660969306,1917.0,9922.0,1.7639858310237993e-05,-6.067095256217326e-18,0.0,39846.0,0.0,0.0,0
0.023360433705427352,0.026836125660969306,1918.0,9922.0,1.746433878740989e-05,-1.3017522388818783e-18,0.0,39846.0,0.0,0.0,0
0.02336025993235296,0.026836125660969306,1919.0,9922.0,1.7290565713013095e-05,4.532887260392255e-18,0.0,39846.0,0.0,0.0,0
0.023360087888349545,0.026836125660969306,1920.0,9922.0,1.7118521709597924e-05,8.879809915229956e-18,0.0,39846.0,0.0,0.0,0
0.023359917556212573,0.026836125660969306,1921.0,9922.0,1.694818957261998e-05,1.313375026729038e-17,0.0,39846.0,0.0,0.0,0
0.02335974891890866,0.026836125660969306,1922.0,9922.0,1.6779552268720884e-05,-8.008100826692984e-18,0.0,39846.0,0.0,0.0,0
0.023359581959573984,0.026836125660969306,1923.0,9922.0,1.6612592934033133e-05,1.2540988087085239e-17,0.0,39846.0,0.0,0.0,0
0.02335941666151243,0.026836125660969306,1924.0,9922.0,1.6447294872481342e-05,-7.206128465238969e-19,0.0,39846.0,0.0,0.0,0
0.023359253008194074,0.026836125660969306,1925.0,9922.0,1.6283641554123086e-05,2.719732356235353e-18,0.0,39846.0,0.0,0.0,0
0.023359090983253433,0.026836125660969306,1926.0,9922.0,1.6121616613490628e-05,-3.858765565256997e-18,0.0,39846.0,0.0,0.0,0
0.023358930570487896,0.026836125660969306,1927.0,9922.0,1.5961203847955915e-05,-6.4738928308679125e-18,0.0,39846.0,0.0,0.0,0
0.023358771753856047,0.026836125660969306,1928.0,9922.0,1.580238721610421e-05,-6.229814286077561e-18,0.0,39846.0,0.0,0.0,0
0.023358614517476086,0.026836125660969306,1929.0,9922.0,1.564515083614469e-05,-4.695606290252489e-18,0.0,39846.0,0.0,0.0,0
0.023358458845624257,0.026836125660969306,1930.0,9922.0,1.548947898430405e-05,1.2134190512434652e-17,0.0,39846.0,0.0,0.0,0
0.023358304722733217,0.026836125660969306,1931.0,9922.0,1.5335356093273444e-05,6.276305437466199e-19,0.0,39846.0,0.0,0.0,0
0.023358152133390576,0.026836125660969306,1932.0,9922.0,1.5182766750628443e-05,1.313375026729038e-18,0.0,39846.0,0.0,0.0,0
0.023358001062337264,0.026836125660969306,1933.0,9922.0,1.50316956973127e-05,8.751959248911199e-18,0.0,39846.0,0.0,0.0,0
0.023357851494466043,0.026836125660969306,1934.0,9922.0,1.48821278260921e-05,8.565994643356646e-18,0.0,39846.0,0.0,0.0,0
0.023357703414820002,0.026836125660969306,1935.0,9922.0,1.4734048180057146e-05,1.720172601379625e-18,0.0,39846.0,0.0,0.0,0
0.023357556808591064,0.026836125660969306,1936.0,9922.0,1.4587441951117292e-05,4.1725808371303066e-18,0.0,39846.0,0.0,0.0,0
0.023357411661118474,0.026836125660969306,1937.0,9922.0,1.4442294478529559e-05,7.322356343710565e-19,0.0,39846.0,0.0,0.0,0
0.023357267957887364,0.026836125660969306,1938.0,9922.0,1.4298591247424488e-05,1.2436382996460802e-18,0.0,39846.0,0.0,0.0,0
0.02335712568452731,0.026836125660969306,1939.0,9922.0,1.4156317887359354e-05,7.775645069749792e-18,0.0,39846.0,0.0,0.0,0
0.02335698482681083,0.026836125660969306,1940.0,9922.0,1.4015460170882475e-05,9.600422761753853e-18,0.0,39846.0,0.0,0.0,0
0.02335684537065205,0.026836125660969306,1941.0,9922.0,1.3876004012100345e-05,5.044289925667278e-18,0.0,39846.0,0.0,0.0,0
0.02335670730210523,0.026836125660969306,1942.0,9922.0,1.373793546528073e-05,7.810513433291269e-18,0.0,39846.0,0.0,0.0,0
0.023356570607363403,0.026836125660969306,1943.0,9922.0,1.3601240723458954e-05,-1.4296029052006342e-18,0.0,39846.0,0.0,0.0,0
0.023356435272756985,0.026836125660969306,1944.0,9922.0,1.3465906117043433e-05,3.579818656925165e-18,0.0,39846.0,0.0,0.0,0
0.023356301284752412,0.026836125660969306,1945.0,9922.0,1.3331918112459668e-05,2.0107422975586157e-18,0.0,39846.0,0.0,0.0,0
0.023356168629950748,0.026836125660969306,1946.0,9922.0,1.3199263310799005e-05,5.055912713514438e-18,0.0,39846.0,0.0,0.0,0
0.023356037295086417,0.026836125660969306,1947.0,9922.0,1.3067928446468994e-05,8.484635128426528e-18,0.0,39846.0,0.0,0.0,0
0.023355907267025813,0.026836125660969306,1948.0,9922.0,1.2937900385870227e-05,-1.8828916312398596e-18,0.0,39846.0,0.0,0.0,0
0.023355778532766044,0.026836125660969306,1949.0,9922.0,1.2809166126094842e-05,4.962930410737161e-18,0.0,39846.0,0.0,0.0,0
0.02335565107943356,0.026836125660969306,1950.0,9922.0,1.2681712793605938e-05,9.786387367308406e-18,0.0,39846.0,0.0,0.0,0
0.02335552489428291,0.026836125660969306,1951.0,9922.0,1.2555527642966441e-05,-1.3249978145761976e-18,0.0,39846.0,0.0,0.0,0
0.023355399964695496,0.026836125660969306,1952.0,9922.0,1.2430598055550976e-05,-1.8596460555455405e-19,0.0,39846.0,0.0,0.0,0
0.023355276278178252,0.026836125660969306,1953.0,9922.0,1.2306911538301831e-05,6.1949459225360816e-18,0.0,39846.0,0.0,0.0,0
0.02335515382236241,0.026836125660969306,1954.0,9922.0,1.2184455722460124e-05,1.0181562154111834e-17,0.0,39846.0,0.0,0.0,0
0.02335503258500229,0.026836125660969306,1955.0,9922.0,1.206321836234494e-05,-6.346042164549157e-18,0.0,39846.0,0.0,0.0,0
0.02335491255397406,0.026836125660969306,1956.0,9922.0,1.1943187334120463e-05,-8.473012340579368e-18,0.0,39846.0,0.0,0.0,0
0.023354793717274523,0.026836125660969306,1957.0,9922.0,1.1824350634579386e-05,4.695606290252489e-18,0.0,39846.0,0.0,0.0,0
0.023354676063019903,0.026836125660969306,1958.0,9922.0,1.1706696379958888e-05,5.95086737774573e-18,0.0,39846.0,0.0,0.0,0
0.023354559579444677,0.026836125660969306,1959.0,9922.0,1.1590212804728587e-05,5.485955863859345e-18,0.0,39846.0,0.0,0.0,0
0.023354444254900388,0.026836125660969306,1960.0,9922.0,1.1474888260440932e-05,3.184643870121738e-18,0.0,39846.0,0.0,0.0,0
0.023354330077854486,0.026836125660969306,1961.0,9922.0,1.1360711214538817e-05,4.0214845951172314e-18,0.0,39846.0,0.0,0.0,0
0.02335421703688917,0.026836125660969306,1962.0,9922.0,1.124767024922532e-05,-4.300431503449062e-18,0.0,39846.0,0.0,0.0,0
0.023354105120700252,0.026836125660969306,1963.0,9922.0,1.1135754060313025e-05,-3.579818656925165e-18,0.0,39846.0,0.0,0.0,0
0.02335399431809603,0.026836125660969306,1964.0,9922.0,1.1024951456084367e-05,5.462710288165025e-18,0.0,39846.0,0.0,0.0,0
0.023353884617996132,0.026836125660969306,1965.0,9922.0,1.0915251356187317e-05,4.114466897894508e-18,0.0,39846.0,0.0,0.0,0
0.02335377600943047,0.026836125660969306,1966.0,9922.0,1.0806642790525508e-05,-2.0688562367944138e-18,0.0,39846.0,0.0,0.0,0
0.023353668481538088,0.026836125660969306,1967.0,9922.0,1.0699114898145054e-05,-9.530686034670895e-19,0.0,39846.0,0.0,0.0,0
0.023353562023566123,0.026836125660969306,1968.0,9922.0,1.0592656926172326e-05,7.380470282946364e-18,0.0,39846.0,0.0,0.0,0
0.023353456624868665,0.026836125660969306,1969.0,9922.0,1.0487258228719513e-05,4.846702532265565e-18,0.0,39846.0,0.0,0.0,0
0.02335335227490577,0.026836125660969306,1970.0,9922.0,1.0382908265829183e-05,-6.601743497186668e-18,0.0,39846.0,0.0,0.0,0
0.02335324896324236,0.026836125660969306,1971.0,9922.0,1.0279596602413821e-05,3.4868363541478884e-20,0.0,39846.0,0.0,0.0,0
0.023353146679547174,0.026836125660969306,1972.0,9922.0,1.017731290722855e-05,2.371048720820564e-18,0.0,39846.0,0.0,0.0,0
0.02335304541359176,0.026836125660969306,1973.0,9922.0,1.007604695181623e-05,1.941005570475658e-18,0.0,39846.0,0.0,0.0,0
0.023352945155249438,0.026836125660969306,1974.0,9922.0,9.97578860949532e-06,1.3249978145761976e-18,0.0,39846.0,0.0,0.0,0
0.02335284589449429,0.026836125660969306,1975.0,9922.0,9.876527854347553e-06,-8.484635128426528e-19,0.0,39846.0,0.0,0.0,0
0.02335274762140016,0.026836125660969306,1976.0,9922.0,9.77825476021498e-06,3.3822312635234515e-18,0.0,39846.0,0.0,0.0,0
0.023352650326139656,0.026836125660969306,1977.0,9922.0,9.68095949970708e-06,9.739896215919768e-18,0.0,39846.0,0.0,0.0,0
0.02335255399898317,0.026836125660969306,1978.0,9922.0,9.584632343219057e-06,1.8596460555455406e-18,0.0,39846.0,0.0,0.0,0
0.023352458630297897,0.026836125660969306,1979.0,9922.0,9.489263657950526e-06,-2.568636114222278e-18,0.0,39846.0,0.0,0.0,0
0.023352364210546896,0.026836125660969306,1980.0,9922.0,9.394843906955515e-06,0.0,0.0,39846.0,0.0,0.0,0
0.02335227073028813,0.026836125660969306,1981.0,9922.0,9.301363648181144e-06,8.763582036758359e-18,0.0,39846.0,0.0,0.0,0
0.02335217818017347,0.026836125660969306,1982.0,9922.0,9.208813533523043e-06,8.159197068706058e-18,0.0,39846.0,0.0,0.0,0
0.023352086550947837,0.026836125660969306,1983.0,9922.0,9.11718430789256e-06,3.812274413868358e-18,0.0,39846.0,0.0,0.0,0
0.023351995833448234,0.026836125660969306,1984.0,9922.0,9.026466808288028e-06,2.7313551440825127e-18,0.0,39846.0,0.0,0.0,0
0.023351906018602826,0.026836125660969306,1985.0,9922.0,8.93665196288812e-06,-6.3925333159377954e-18,0.0,39846.0,0.0,0.0,0
0.023351817097430082,0.026836125660969306,1986.0,9922.0,8.847730790129181e-06,9.612045549601013e-18,0.0,39846.0,0.0,0.0,0
0.023351729061037774,0.026836125660969306,1987.0,9922.0,8.759694397827313e-06,6.439024467326434e-18,0.0,39846.0,0.0,0.0,0
0.02335164190062221,0.026836125660969306,1988.0,9922.0,8.672533982261878e-06,7.252619616627607e-18,0.0,39846.0,0.0,0.0,0
0.023351555607467264,0.026836125660969306,1989.0,9922.0,8.586240827321178e-06,-6.415778891632115e-18,0.0,39846.0,0.0,0.0,0
0.023351470172943572,0.026836125660969306,1990.0,9922.0,8.500806303620713e-06,1.3354583236386412e-17,0.0,39846.0,0.0,0.0,0
0.02335138558850758,0.026836125660969306,1991.0,9922.0,8.416221867635189e-06,5.114026652750236e-18,0.0,39846.0,0.0,0.0,0
0.0233513018457008,0.026836125660969306,1992.0,9922.0,8.332479060848327e-06,5.32323683399911e-18,0.0,39846.0,0.0,0.0,0
0.023351218936148853,0.026836125660969306,1993.0,9922.0,8.249569508910756e-06,-2.568636114222278e-18,0.0,39846.0,0.0,0.0,0
0.023351136851560747,0.026836125660969306,1994.0,9922.0,8.167484920799011e-06,5.172140591986034e-18,0.0,39846.0,0.0,0.0,0
0.023351055583727933,0.026836125660969306,1995.0,9922.0,8.086217087985126e-06,-7.554812100653758e-19,0.0,39846.0,0.0,0.0,0
0.02335097512452357,0.026836125660969306,1996.0,9922.0,8.005757883619015e-06,7.822136221138429e-18,0.0,39846.0,0.0,0.0,0
0.023350895465901654,0.026836125660969306,1997.0,9922.0,7.926099261713097e-06,-1.1785506877019863e-17,0.0,39846.0,0.0,0.0,0
0.023350816599896285,0.026836125660969306,1998.0,9922.0,7.84723325633882e-06,4.114466897894508e-18,0.0,39846.0,0.0,0.0,0
0.02335073851862078,0.026836125660969306,1999.0,9922.0,7.76915198083143e-06,7.101523374614533e-18,0.0,39846.0,0.0,0.0,0
0.023350661214266943,0.026836125660969306,2000.0,9922.0,7.691847626993818e-06,9.949106397168642e-18,0.0,39846.0,0.0,0.0,0
0.023350584679104277,0.026836125660969306,2001.0,9922.0,7.615312464329266e-06,8.496257916273687e-18,0.0,39846.0,0.0,0.0,0
0.023350508905479204,0.026836125660969306,2002.0,9922.0,7.539538839257306e-06,3.300871748593334e-18,0.0,39846.0,0.0,0.0,0
0.023350433885814297,0.026836125660969306,2003.0,9922.0,7.464519174352286e-06,1.6155675107551882e-18,0.0,39846.0,0.0,0.0,0
0.02335035961260753,0.026836125660969306,2004.0,9922.0,7.39024596758275e-06,-2.5337677506807988e-18,0.0,39846.0,0.0,0.0,0
0.023350286078431516,0.026836125660969306,2005.0,9922.0,7.316711791572407e-06,-2.940565325331386e-18,0.0,39846.0,0.0,0.0,0
0.023350286078431516,0.026836125660969306,2005.0,9922.0,7.316711791572407e-06,-2.940565325331386e-18,0.0,39846.0,0.0,0.0,0
