Total_strain,Slip_strain,Time,Slip Count,Creep,Elastic,Hygroexp,Number_of_fibers,Load,Moisture,Broken
0.0,0.0,0.0,0.0,0.0,0.0,0.0,40000.0,0.0,0.0,0
0.0,0.0,5.0,0.0,0.0,0.0,0.0,40000.0,0.0,0.0,0
1.645958335232981,0.1023933653310721,5.0,5390.0,0.0,1.5444581459082114,0.0,39963.0,1.317220323763747,0.0,0
1.645958335232981,0.1023933653310721,5.0,5390.0,0.0,1.5444581459082114,0.0,39963.0,1.317220323763747,0.0,0
1.7397279150932803,0.12091438579189344,6.0,6043.0,0.07527236710528161,1.5446900639419836,0.0,39957.0,1.317220323763747,0.0,0
1.7696971195584859,0.12634472556487175,7.0,6241.0,0.09982184510204523,1.5447673854318578,0.0,39955.0,1.317220323763747,0.0,0
1.789398147630274,0.13055453295352892,8.0,6387.0,0.11531888410012814,1.5448060490796887,0.0,39954.0,1.317220323763747,0.0,0
1.8034752871651911,0.13296953188348123,9.0,6469.0,0.12698728170742327,1.5448447146629758,0.0,39953.0,1.317220323763747,0.0,0
1.8155735362686205,0.1352676580402335,10.0,6555.0,0.13679409371423312,1.5448833821818644,0.0,39952.0,1.317220323763747,0.0,0
1.8267793145820121,0.13776611538180578,11.0,6630.0,0.14550141468605252,1.5448833821818653,0.0,39952.0,1.317220323763747,0.0,0
1.8367959020956335,0.13985574847963847,12.0,6695.0,0.15343570940767096,1.5449220516365012,0.0,39951.0,1.317220323763747,0.0,0
1.8458592934668208,0.14161302518913021,13.0,6764.0,0.16074182406936632,1.5449220516365016,0.0,39951.0,1.317220323763747,0.0,0
1.8548933117105786,0.14388216131198014,14.0,6839.0,0.1675143479836515,1.5449607230270304,0.0,39950.0,1.317220323763747,0.0,0
1.8625560522321019,0.1452573064542778,15.0,6883.0,0.17380986784012473,1.5449993963535977,0.0,39949.0,1.317220323763747,0.0,0
1.8705896241565314,0.14742911791749524,16.0,6953.0,0.17967162830133657,1.5449993963535973,0.0,39949.0,1.317220323763747,0.0,0
1.8784189812036265,0.14978582864007284,17.0,7022.0,0.18514427462585417,1.5449993963535977,0.0,39949.0,1.317220323763747,0.0,0
1.8849244023960334,0.15117179885193713,18.0,7059.0,0.19026372560639712,1.5449993963535966,0.0,39949.0,1.317220323763747,0.0,0
1.8910379352753108,0.1524869323651678,19.0,7099.0,0.1950621249724435,1.5449993963535977,0.0,39949.0,1.317220323763747,0.0,0
1.8965832256792383,0.15352590221773801,20.0,7127.0,0.19956844552380087,1.5449993963535968,0.0,39949.0,1.317220323763747,0.0,0
1.9018298902723054,0.15453604842596863,21.0,7158.0,0.20381380847278313,1.5450380716163483,0.0,39948.0,1.317220323763747,0.0,0
1.9065805876189121,0.15529231393283188,22.0,7188.0,0.20781723545870703,1.5450767488154264,0.0,39947.0,1.317220323763747,0.0,0
1.9113875569280667,0.15632153798115925,23.0,7225.0,0.21159498071953423,1.5450767488154264,0.0,39947.0,1.317220323763747,0.0,0
1.916022252795353,0.15738393025828348,24.0,7259.0,0.21517653671096462,1.5451154279509802,0.0,39946.0,1.317220323763747,0.0,0
1.920404382418415,0.15837333556398436,25.0,7290.0,0.21856926102832538,1.5451154279509807,0.0,39946.0,1.317220323763747,0.0,0
1.9246466247635683,0.1593948538359374,26.0,7318.0,0.221799471720902,1.5451541090231533,0.0,39945.0,1.317220323763747,0.0,0
1.9290186392066522,0.1606953013516034,27.0,7358.0,0.22487103864831992,1.5451541090231529,0.0,39945.0,1.317220323763747,0.0,0
1.9332201624304919,0.16196564884371442,28.0,7402.0,0.22780221438004888,1.545154109023153,0.0,39945.0,1.317220323763747,0.0,0
1.9368341578942014,0.1627811886704756,29.0,7433.0,0.23061047461110293,1.5451927920320914,0.0,39944.0,1.317220323763747,0.0,0
1.9401767538510415,0.16343874406878361,30.0,7454.0,0.23329551516963443,1.5451927920320916,0.0,39944.0,1.317220323763747,0.0,0
1.9434155316774682,0.1641005752469171,31.0,7478.0,0.23587246181792806,1.5451927920320914,0.0,39944.0,1.317220323763747,0.0,0
1.9466732948462717,0.1648806287073248,32.0,7501.0,0.23835017152632362,1.5451927920320916,0.0,39944.0,1.317220323763747,0.0,0
1.9500159954791878,0.1658368611098787,33.0,7525.0,0.24073663975668605,1.5451927920320911,0.0,39944.0,1.317220323763747,0.0,0
1.9530634550744488,0.16658184777146515,34.0,7545.0,0.24303911269036058,1.5451927920320916,0.0,39944.0,1.317220323763747,0.0,0
1.9556235648639526,0.166916910051125,35.0,7558.0,0.2452641602002042,1.545192792032092,0.0,39944.0,1.317220323763747,0.0,0
1.9586157481378994,0.167755512791508,36.0,7583.0,0.24741774073376815,1.5451927920320916,0.0,39944.0,1.317220323763747,0.0,0
1.9614622315133197,0.16851447729844415,37.0,7608.0,0.2495052596022524,1.5451927920320911,0.0,39944.0,1.317220323763747,0.0,0
1.9641874303169093,0.16921331413529705,38.0,7631.0,0.2515316215689888,1.5451927920320925,0.0,39944.0,1.317220323763747,0.0,0
1.9669339978756524,0.16999022488517368,39.0,7653.0,0.2535012783778553,1.5451927920320918,0.0,39944.0,1.317220323763747,0.0,0
1.9692225133413725,0.170361746989582,40.0,7667.0,0.2554182717391674,1.5451927920320911,0.0,39944.0,1.317220323763747,0.0,0
1.9715532415928934,0.17082890374368795,41.0,7680.0,0.2572925033167585,1.5452314769779407,0.0,39943.0,1.317220323763747,0.0,0
1.973834145803724,0.17128734689304298,42.0,7693.0,0.25911496437823467,1.54523147697794,0.0,39943.0,1.317220323763747,0.0,0
1.976144929933719,0.17181835134190346,43.0,7710.0,0.2608947440593687,1.5452314769779403,0.0,39943.0,1.317220323763747,0.0,0
1.978381750843155,0.1723152752241222,44.0,7726.0,0.2626346410865859,1.5452314769779407,0.0,39943.0,1.317220323763747,0.0,0
1.9807657500079827,0.17300125095924113,45.0,7746.0,0.2643435708671958,1.5452701638608446,0.0,39942.0,1.317220323763747,0.0,0
1.9828537128772359,0.17342166227711892,46.0,7758.0,0.26601112241857083,1.5452701638608446,0.0,39942.0,1.317220323763747,0.0,0
1.984749021027151,0.17368701246405355,47.0,7767.0,0.26765208792548284,1.545308852680951,0.0,39941.0,1.317220323763747,0.0,0
1.9867233632424284,0.174057885190691,48.0,7781.0,0.2692555574141229,1.5453088526809509,0.0,39941.0,1.317220323763747,0.0,0
1.9888418849627094,0.17460239217847898,49.0,7798.0,0.2708295721466161,1.5453088526809509,0.0,39941.0,1.317220323763747,0.0,0
1.9908461390548866,0.17506046893049956,50.0,7812.0,0.2723757494867725,1.5453088526809513,0.0,39941.0,1.317220323763747,0.0,0
1.9925746058767788,0.17526915511955174,51.0,7822.0,0.2738955301196124,1.5453088526809506,0.0,39941.0,1.317220323763747,0.0,0
1.99462518341992,0.17582503630698776,52.0,7838.0,0.2753902264753176,1.5453088526809515,0.0,39941.0,1.317220323763747,0.0,0
1.9963500127995493,0.17607905530554666,53.0,7845.0,0.276861036856388,1.5453088526809502,0.0,39941.0,1.317220323763747,0.0,0
1.9983601085366276,0.17664113096877443,54.0,7864.0,0.2783090569302387,1.5453088526809506,0.0,39941.0,1.317220323763747,0.0,0
2.0004650652118303,0.17731985491953642,55.0,7882.0,0.27973528965467975,1.5453088526809509,0.0,39941.0,1.317220323763747,0.0,0
2.0020798670933524,0.17752929237030976,56.0,7890.0,0.2811406540854281,1.5453088526809513,0.0,39941.0,1.317220323763747,0.0,0
2.0039382502641123,0.17800233634410179,57.0,7903.0,0.28252599328239614,1.5453088526809502,0.0,39941.0,1.317220323763747,0.0,0
2.005827609781584,0.17852560770285122,58.0,7916.0,0.28389208144111805,1.5453088526809509,0.0,39941.0,1.317220323763747,0.0,0
2.00747669062953,0.1788271396539426,59.0,7924.0,0.2852396303379727,1.5453088526809513,0.0,39941.0,1.317220323763747,0.0,0
2.0093128748659934,0.17933837072095715,60.0,7938.0,0.28657623462483367,1.5453475434384043,0.0,39940.0,1.317220323763747,0.0,0
2.0112724743603745,0.17998547929444367,61.0,7955.0,0.287888725545728,1.5453475434384047,0.0,39940.0,1.317220323763747,0.0,0
2.0130115891419287,0.18042887846162114,62.0,7966.0,0.2891844411601045,1.5453475434384047,0.0,39940.0,1.317220323763747,0.0,0
2.014822835848463,0.18096062676143393,63.0,7981.0,0.29046393956682637,1.5453475434384047,0.0,39940.0,1.317220323763747,0.0,0
2.016488069068948,0.18136209664907058,64.0,7990.0,0.2917277028996747,1.5453475434384043,0.0,39940.0,1.317220323763747,0.0,0
2.0178735787449904,0.18149913403056359,65.0,7998.0,0.2929761751942242,1.5453475434384039,0.0,39940.0,1.317220323763747,0.0,0
2.019524164982822,0.18191612777174787,66.0,8012.0,0.29420976769087154,1.545347543438404,0.0,39940.0,1.317220323763747,0.0,0
2.0210553078070768,0.18222817578011632,67.0,8024.0,0.2954288625067575,1.545347543438405,0.0,39940.0,1.317220323763747,0.0,0
2.02323630779188,0.18320422272673306,68.0,8053.0,0.29663381554494406,1.5453475434384047,0.0,39940.0,1.317220323763747,0.0,0
2.0246700206495443,0.18344679215399837,69.0,8061.0,0.29782495897534345,1.5453475434384045,0.0,39940.0,1.317220323763747,0.0,0
2.026020080628095,0.1836192076833948,70.0,8069.0,0.29900260342449747,1.5453475434384043,0.0,39940.0,1.317220323763747,0.0,0
2.0275986944135647,0.184033384956011,71.0,8080.0,0.30016703993735155,1.545347543438404,0.0,39940.0,1.317220323763747,0.0,0
2.0294226961817103,0.18470588491575823,72.0,8102.0,0.301318541745749,1.5453475434384047,0.0,39940.0,1.317220323763747,0.0,0
2.0308199574355665,0.18496432204853328,73.0,8109.0,0.302457365866831,1.5453475434384036,0.0,39940.0,1.317220323763747,0.0,0
2.032401044298718,0.18541902022924042,74.0,8124.0,0.3035837545492753,1.5453475434384036,0.0,39940.0,1.317220323763747,0.0,0
2.033630158026548,0.185533951923842,75.0,8128.0,0.304697936582503,1.5453475434384047,0.0,39940.0,1.317220323763747,0.0,0
2.0350802787014786,0.18588188069915992,76.0,8140.0,0.3058001284821162,1.5453475434384039,0.0,39940.0,1.317220323763747,0.0,0
2.036347947894301,0.18605914281067396,77.0,8144.0,0.30689053556342427,1.5453475434384047,0.0,39940.0,1.317220323763747,0.0,0
2.0378282616580266,0.18646063922408931,78.0,8155.0,0.3079693529137341,1.545347543438405,0.0,39940.0,1.317220323763747,0.0,0
2.039076982658488,0.18664194686524807,79.0,8160.0,0.30903676627303744,1.5453475434384043,0.0,39940.0,1.317220323763747,0.0,0
2.0404910610556657,0.18699983870365405,80.0,8171.0,0.310092952831809,1.5453475434384043,0.0,39940.0,1.317220323763747,0.0,0
2.0421270735705304,0.187590722096531,81.0,8187.0,0.3111380819537969,1.5453475434384039,0.0,39940.0,1.317220323763747,0.0,0
2.0434716394200216,0.18790105406888694,82.0,8198.0,0.31217231583093225,1.545347543438404,0.0,39940.0,1.317220323763747,0.0,0
2.0447902072783792,0.18819612768136532,83.0,8207.0,0.31319581007681124,1.5453475434384043,0.0,39940.0,1.317220323763747,0.0,0
2.0458842369055534,0.1882772531207662,84.0,8210.0,0.3142087142645846,1.545347543438404,0.0,39940.0,1.317220323763747,0.0,0
2.0470372550575657,0.18842781312282442,85.0,8218.0,0.3152111724145383,1.5453475434384045,0.0,39940.0,1.317220323763747,0.0,0
2.0483102075792288,0.18870861462288435,86.0,8224.0,0.3162033234361416,1.5453475434384047,0.0,39940.0,1.317220323763747,0.0,0
2.049434478345218,0.18885090729612702,87.0,8229.0,0.31718530152888835,1.5453475434384039,0.0,39940.0,1.317220323763747,0.0,0
2.0507987331793336,0.18924322711328603,88.0,8241.0,0.318157236545845,1.5453475434384043,0.0,39940.0,1.317220323763747,0.0,0
2.0523056882304203,0.18978816438677357,89.0,8255.0,0.3191192543234436,1.5453475434384047,0.0,39940.0,1.317220323763747,0.0,0
2.053622185274698,0.19015243877376964,90.0,8265.0,0.3200714769807264,1.5453475434384039,0.0,39940.0,1.317220323763747,0.0,0
2.0550634917011052,0.1906511989899654,91.0,8281.0,0.3210140231909373,1.5453475434384047,0.0,39940.0,1.317220323763747,0.0,0
2.056280636521408,0.19093535857311758,92.0,8288.0,0.32194700842808777,1.5453475434384047,0.0,39940.0,1.317220323763747,0.0,0
2.0575529611267087,0.19128414641563904,93.0,8297.0,0.32287054519086666,1.545347543438404,0.0,39940.0,1.317220323763747,0.0,0
2.0587576225735593,0.19157460984731267,94.0,8306.0,0.32378474320604417,1.5453475434384043,0.0,39940.0,1.317220323763747,0.0,0
2.059940060691211,0.19185208155769556,95.0,8316.0,0.32468970961331245,1.5453475434384043,0.0,39940.0,1.317220323763747,0.0,0
2.0614413896473414,0.19245757099381594,96.0,8330.0,0.32558554913332305,1.5453475434384043,0.0,39940.0,1.317220323763747,0.0,0
2.0628579268258105,0.1929872930850993,97.0,8344.0,0.3264723642205084,1.5453475434384047,0.0,39940.0,1.317220323763747,0.0,0
2.063917032328425,0.19317359626718883,98.0,8351.0,0.3273581784473261,1.5453862361333497,0.0,39939.0,1.317220323763747,0.0,0
2.0651310642551723,0.1935184650447065,99.0,8361.0,0.328227341596556,1.5453862361333492,0.0,39939.0,1.317220323763747,0.0,0
2.0662538364917187,0.19378085707263645,100.0,8369.0,0.3290877218051721,1.5453862361333492,0.0,39939.0,1.317220323763747,0.0,0
2.0676193834148915,0.19429466801953574,101.0,8384.0,0.3299394577814455,1.54538623613335,0.0,39939.0,1.317220323763747,0.0,0
2.068770930854677,0.19460302526915219,102.0,8391.0,0.3307826479716144,1.5453862361333501,0.0,39939.0,1.317220323763747,0.0,0
2.0701913754183145,0.19518873199480044,103.0,8403.0,0.331617385809604,1.5453862361333488,0.0,39939.0,1.317220323763747,0.0,0
2.0713929448723305,0.19556392530612562,104.0,8413.0,0.33244376195229475,1.5453862361333492,0.0,39939.0,1.317220323763747,0.0,0
2.0725020011707143,0.19585487841150637,105.0,8421.0,0.33326186514529754,1.5453862361333501,0.0,39939.0,1.317220323763747,0.0,0
2.0735577274862065,0.19610068729062186,106.0,8428.0,0.3340717825816742,1.5453862361333501,0.0,39939.0,1.317220323763747,0.0,0
2.074466279757149,0.19620742207250347,107.0,8431.0,0.3348736000707357,1.5453862361333492,0.0,39939.0,1.317220323763747,0.0,0
2.0755893962684855,0.1965367365206672,108.0,8442.0,0.33566740213390805,1.5453862361333495,0.0,39939.0,1.317220323763747,0.0,0
2.076551996718567,0.19671346703367332,109.0,8448.0,0.33645327207098347,1.5453862361333501,0.0,39939.0,1.317220323763747,0.0,0
2.077485267483852,0.19687391650290964,110.0,8455.0,0.3372394543619503,1.545424930765934,0.0,39938.0,1.317220323763747,0.0,0
2.078526880468568,0.1971451827393774,111.0,8462.0,0.3380098011101986,1.5454249307659333,0.0,39938.0,1.317220323763747,0.0,0
2.079642472795859,0.19749817099438147,112.0,8470.0,0.3387724051824854,1.5454249307659336,0.0,39938.0,1.317220323763747,0.0,0
2.080565525609288,0.1976662394848851,113.0,8476.0,0.33952738950541056,1.545424930765934,0.0,39938.0,1.317220323763747,0.0,0
2.081528057035658,0.19788132298503733,114.0,8483.0,0.3402748374316287,1.5454249307659338,0.0,39938.0,1.317220323763747,0.0,0
2.082506442635687,0.1981197181050898,115.0,8492.0,0.3410148279116053,1.5454249307659331,0.0,39938.0,1.317220323763747,0.0,0
2.0836267706964686,0.1985074363944243,116.0,8504.0,0.34174743768305205,1.5454249307659333,0.0,39938.0,1.317220323763747,0.0,0
2.0847257038250384,0.19888106511347128,117.0,8514.0,0.34247274209257494,1.5454249307659338,0.0,39938.0,1.317220323763747,0.0,0
2.08567755796224,0.1991148459298067,118.0,8519.0,0.3431908154134412,1.5454249307659338,0.0,39938.0,1.317220323763747,0.0,0
2.0865018952159127,0.19922826762002738,119.0,8523.0,0.34390173097689336,1.545424930765933,0.0,39938.0,1.317220323763747,0.0,0
2.0872751808942906,0.1992977230414077,120.0,8527.0,0.344605561233891,1.5454249307659333,0.0,39938.0,1.317220323763747,0.0,0
2.0882365821554534,0.19956230774610112,121.0,8534.0,0.34530237779036005,1.5454249307659336,0.0,39938.0,1.317220323763747,0.0,0
2.089328185911046,0.1999640378601655,122.0,8546.0,0.3459922514318884,1.5454249307659333,0.0,39938.0,1.317220323763747,0.0,0
2.09040040923825,0.20035326047546267,123.0,8556.0,0.3466752521437952,1.5454249307659331,0.0,39938.0,1.317220323763747,0.0,0
2.09137342859486,0.20065008284703706,124.0,8565.0,0.34735144912883054,1.545424930765934,0.0,39938.0,1.317220323763747,0.0,0
2.0923739034709223,0.20098109602854392,125.0,8577.0,0.3480209108233865,1.5454249307659336,0.0,39938.0,1.317220323763747,0.0,0
2.093380606052,0.20132500452039942,126.0,8588.0,0.348683704912608,1.5454249307659336,0.0,39938.0,1.317220323763747,0.0,0
2.0941597823672238,0.20144798740364558,127.0,8592.0,0.3493398983445858,1.545424930765934,0.0,39938.0,1.317220323763747,0.0,0
2.094879461143699,0.20152333365991867,128.0,8595.0,0.3499980245437516,1.5454636273363007,0.0,39937.0,1.317220323763747,0.0,0
2.0958199430184226,0.20182053199950686,129.0,8604.0,0.3506413080788873,1.545463627336301,0.0,39937.0,1.317220323763747,0.0,0
2.0965092494977755,0.2018730129937386,130.0,8605.0,0.35127813356400817,1.5454636273363014,0.0,39937.0,1.317220323763747,0.0,0
2.0974112886938134,0.2021445763059977,131.0,8612.0,0.35190860944778724,1.5454636273363012,0.0,39937.0,1.317220323763747,0.0,0
2.098166811685755,0.20228126353781592,132.0,8617.0,0.35254133436126983,1.5455023258445988,0.0,39936.0,1.317220323763747,0.0,0
2.098853378323496,0.20234975829645693,133.0,8619.0,0.35315940624037057,1.5455023258445977,0.0,39936.0,1.317220323763747,0.0,0
2.099691380254814,0.20257589476023552,134.0,8627.0,0.3537712717079096,1.5455023258445981,0.0,39936.0,1.317220323763747,0.0,0
2.1004622539756777,0.20274100359517186,135.0,8633.0,0.3543770365938367,1.5455023258445983,0.0,39936.0,1.317220323763747,0.0,0
2.1011824355852484,0.2028668235192497,136.0,8638.0,0.35498535466971654,1.5455410262909692,0.0,39935.0,1.317220323763747,0.0,0
2.1019649402962526,0.2030554768723898,137.0,8645.0,0.3555792060275808,1.5455410262909692,0.0,39935.0,1.317220323763747,0.0,0
2.1027958764756374,0.2032985268404577,138.0,8653.0,0.3561670922388973,1.5455410262909692,0.0,39935.0,1.317220323763747,0.0,0
2.1036045046460754,0.2035251303351681,139.0,8660.0,0.356749116914625,1.5455410262909695,0.0,39935.0,1.317220323763747,0.0,0
2.1044504849587344,0.20379488341822213,140.0,8667.0,0.3573253441442299,1.5455410262909695,0.0,39935.0,1.317220323763747,0.0,0
2.1053898228491943,0.20416373154749484,141.0,8676.0,0.35789583390541735,1.5455410262909688,0.0,39935.0,1.317220323763747,0.0,0
2.1061176800175727,0.20434300802273622,142.0,8684.0,0.3584866586712391,1.5456571392599896,0.0,39932.0,1.317220323763747,0.0,0
2.106871163547588,0.20453702903357246,143.0,8692.0,0.35904612119041807,1.5456571392599892,0.0,39932.0,1.317220323763747,0.0,0
2.1077139615695835,0.20482609223547132,144.0,8698.0,0.3595998560105155,1.5456571392599892,0.0,39932.0,1.317220323763747,0.0,0
2.108291318529746,0.20485525367767604,145.0,8700.0,0.36014805152847323,1.5456571392599885,0.0,39932.0,1.317220323763747,0.0,0
2.1089511196599657,0.2049723270300619,146.0,8703.0,0.360690779306307,1.5456571392599892,0.0,39932.0,1.317220323763747,0.0,0
2.1097249437624734,0.20520883042894256,147.0,8708.0,0.36122810000993366,1.5456571392599892,0.0,39932.0,1.317220323763747,0.0,0
2.1104657466937655,0.20541766343381346,148.0,8715.0,0.36176006993635457,1.5456571392599898,0.0,39932.0,1.317220323763747,0.0,0
2.1115081287702213,0.20593337202769815,149.0,8728.0,0.3622867434189266,1.5456571392599885,0.0,39932.0,1.317220323763747,0.0,0
2.1123351788220956,0.2062389917809989,150.0,8737.0,0.3628081737175002,1.5456571392599887,0.0,39932.0,1.317220323763747,0.0,0
2.112968628555546,0.2063562018809959,151.0,8742.0,0.3633244133509531,1.5456571392599883,0.0,39932.0,1.317220323763747,0.0,0
2.113718972015312,0.2065954444673217,152.0,8748.0,0.3638355142243934,1.5456571392599887,0.0,39932.0,1.317220323763747,0.0,0
2.114671662048534,0.2070421210442972,153.0,8760.0,0.3643415276806403,1.545657139259989,0.0,39932.0,1.317220323763747,0.0,0
2.1154073678541794,0.20727685000690346,154.0,8766.0,0.36484250452367883,1.5456571392599896,0.0,39932.0,1.317220323763747,0.0,0
2.116034609512925,0.20740810115767983,155.0,8769.0,0.3653384950316484,1.5456571392599883,0.0,39932.0,1.317220323763747,0.0,0
2.1166316558833698,0.20751409359393427,156.0,8771.0,0.36582954896583847,1.5456571392599887,0.0,39932.0,1.317220323763747,0.0,0
2.1172768536425997,0.20767312474092284,157.0,8774.0,0.36631571557807946,1.5456571392599892,0.0,39932.0,1.317220323763747,0.0,0
2.1181016891259983,0.20801663218497807,158.0,8781.0,0.36679704361742316,1.5456571392599896,0.0,39932.0,1.317220323763747,0.0,0
2.1187349919114644,0.20817339725142148,159.0,8787.0,0.367273581336446,1.5456571392599887,0.0,39932.0,1.317220323763747,0.0,0
2.119515233343407,0.2084873653323052,160.0,8795.0,0.36775427099879343,1.5456958474601155,0.0,39931.0,1.317220323763747,0.0,0
2.12005162274957,0.2085565652345351,161.0,8797.0,0.3682214605027266,1.5456958474601143,0.0,39931.0,1.317220323763747,0.0,0
2.120514109779829,0.2085565652345351,162.0,8797.0,0.3686839475329849,1.5456958474601157,0.0,39931.0,1.317220323763747,0.0,0
2.1210250971864997,0.20860967739399106,163.0,8798.0,0.3691418227802003,1.545695847460115,0.0,39931.0,1.317220323763747,0.0,0
2.121556896220718,0.20868816157139689,164.0,8800.0,0.3695951376370128,1.545695847460115,0.0,39931.0,1.317220323763747,0.0,0
2.1221926980342998,0.20887516144201293,165.0,8807.0,0.37004393957997844,1.545695847460115,0.0,39931.0,1.317220323763747,0.0,0
2.1227017154580614,0.20893984409170954,166.0,8809.0,0.37048827435404336,1.545695847460115,0.0,39931.0,1.317220323763747,0.0,0
2.1234929739355035,0.20929119014393743,167.0,8817.0,0.3709281867792576,1.5456958474601155,0.0,39931.0,1.317220323763747,0.0,0
2.1240510267286443,0.20941370866530634,168.0,8820.0,0.37136372105102977,1.545695847460115,0.0,39931.0,1.317220323763747,0.0,0
2.124482226531588,0.20941370866530634,169.0,8820.0,0.3717949208539737,1.5456958474601148,0.0,39931.0,1.317220323763747,0.0,0
2.125015552504747,0.2095201260853471,170.0,8822.0,0.372221829407092,1.545695847460115,0.0,39931.0,1.317220323763747,0.0,0
2.1257160276987377,0.2098035136816056,171.0,8834.0,0.37265350170863626,1.5457345575990447,0.0,39930.0,1.317220323763747,0.0,0
2.1262410572018093,0.20991000103205054,172.0,8836.0,0.3730720438612631,1.5457345575990449,0.0,39930.0,1.317220323763747,0.0,0
2.1266814432470618,0.2099360628604124,173.0,8839.0,0.3734863680781537,1.5457345575990447,0.0,39930.0,1.317220323763747,0.0,0
2.127235150314522,0.21007957803794036,174.0,8843.0,0.37389655996808585,1.5457345575990447,0.0,39930.0,1.317220323763747,0.0,0
2.1277209798126093,0.2101593013941643,175.0,8848.0,0.37430266610994917,1.5457345575990447,0.0,39930.0,1.317220323763747,0.0,0
2.1283006876872195,0.21033694614666135,176.0,8854.0,0.3747047292320624,1.5457345575990453,0.0,39930.0,1.317220323763747,0.0,0
2.128912988750664,0.21055118605639436,177.0,8860.0,0.37510279038577377,1.5457345575990453,0.0,39930.0,1.317220323763747,0.0,0
2.12950808568277,0.21075218362648895,178.0,8866.0,0.37549688974778517,1.545734557599045,0.0,39930.0,1.317220323763747,0.0,0
2.1300163487835295,0.21087026955662025,179.0,8870.0,0.375887066918414,1.545734557599044,0.0,39930.0,1.317220323763747,0.0,0
2.1304607389260326,0.2109283655831975,180.0,8872.0,0.3762733610343395,1.5457345575990444,0.0,39930.0,1.317220323763747,0.0,0
2.130896544763486,0.21098172164196763,181.0,8873.0,0.37665581081302246,1.5457345575990453,0.0,39930.0,1.317220323763747,0.0,0
2.1314734967406688,0.21118002986025153,182.0,8879.0,0.3770344545719216,1.5457345575990447,0.0,39930.0,1.317220323763747,0.0,0
2.1319272403570637,0.21125889781020038,183.0,8881.0,0.3774093302383676,1.5457345575990449,0.0,39930.0,1.317220323763747,0.0,0
2.1324051800056663,0.21136569234122915,184.0,8883.0,0.3777804753559415,1.5457345575990442,0.0,39930.0,1.317220323763747,0.0,0
2.1328910417371993,0.21148410233919762,185.0,8886.0,0.378147927089506,1.5457345575990444,0.0,39930.0,1.317220323763747,0.0,0
2.133259591115934,0.21148885657775063,186.0,8887.0,0.378511722229688,1.545734557599045,0.0,39930.0,1.317220323763747,0.0,0
2.134018992868383,0.21188808336277984,187.0,8898.0,0.37887189719710734,1.5457345575990444,0.0,39930.0,1.317220323763747,0.0,0
2.134561450543016,0.21207395018805808,188.0,8902.0,0.37922848804646236,1.5457345575990449,0.0,39930.0,1.317220323763747,0.0,0
2.134970206773508,0.2121296639944936,189.0,8904.0,0.37958153047051896,1.5457345575990444,0.0,39930.0,1.317220323763747,0.0,0
2.135512613132805,0.212322541020292,190.0,8909.0,0.3799310598040175,1.5457345575990442,0.0,39930.0,1.317220323763747,0.0,0
2.1362887721103663,0.2127526487743586,191.0,8920.0,0.3802771110275118,1.5457345575990449,0.0,39930.0,1.317220323763747,0.0,0
2.13676392380245,0.21288519272281342,192.0,8923.0,0.38061971877114087,1.5457345575990449,0.0,39930.0,1.317220323763747,0.0,0
2.1371071441203915,0.21288921449355688,193.0,8924.0,0.3809589173183386,1.5457345575990453,0.0,39930.0,1.317220323763747,0.0,0
2.137647922467914,0.21309416954993005,194.0,8930.0,0.3812947406094882,1.5457345575990444,0.0,39930.0,1.317220323763747,0.0,0
2.1379874278888833,0.2131011933348703,195.0,8931.0,0.3816272222455173,1.5457345575990449,0.0,39930.0,1.317220323763747,0.0,0
2.1383701508043558,0.2131547430044178,196.0,8932.0,0.38195639549144206,1.5457345575990449,0.0,39930.0,1.317220323763747,0.0,0
2.138803169499219,0.21326186391086344,197.0,8934.0,0.38228229327985946,1.5457345575990449,0.0,39930.0,1.317220323763747,0.0,0
2.1392677005032654,0.21340373998037812,198.0,8939.0,0.38260494821439117,1.5457345575990453,0.0,39930.0,1.317220323763747,0.0,0
2.1395871448619523,0.21340373998037812,199.0,8939.0,0.3829243925730783,1.5457345575990455,0.0,39930.0,1.317220323763747,0.0,0
2.1399569951121395,0.2134573244919093,200.0,8940.0,0.3832406583117343,1.5457345575990449,0.0,39930.0,1.317220323763747,0.0,0
2.140323711068144,0.21351092169239821,201.0,8941.0,0.38355377706724997,1.545734557599045,0.0,39930.0,1.317220323763747,0.0,0
2.140729181307076,0.21360638883772104,202.0,8944.0,0.38386378016085876,1.5457345575990455,0.0,39930.0,1.317220323763747,0.0,0
2.141036099747576,0.21360638883772104,203.0,8944.0,0.3841706986013592,1.5457345575990453,0.0,39930.0,1.317220323763747,0.0,0
2.141393585894322,0.2136600104975268,204.0,8945.0,0.3844745630882992,1.545734557599045,0.0,39930.0,1.317220323763747,0.0,0
2.1419263395006833,0.21389192317706812,205.0,8951.0,0.3847754040151197,1.545734557599044,0.0,39930.0,1.317220323763747,0.0,0
2.142277835577492,0.2139455717967344,206.0,8952.0,0.3850732514722619,1.5457345575990444,0.0,39930.0,1.317220323763747,0.0,0
2.142829250932158,0.21420210337342502,207.0,8958.0,0.3853681352502372,1.5457345575990444,0.0,39930.0,1.317220323763747,0.0,0
2.1432746744997235,0.21435557734856595,208.0,8963.0,0.38566008484266157,1.545734557599045,0.0,39930.0,1.317220323763747,0.0,0
2.143617397329936,0.21440925557218513,209.0,8964.0,0.385949129449255,1.5457345575990453,0.0,39930.0,1.317220323763747,0.0,0
2.14409026281169,0.21459595252438762,210.0,8968.0,0.3862352979788063,1.5457345575990453,0.0,39930.0,1.317220323763747,0.0,0
2.144464571862164,0.21468694050156262,211.0,8971.0,0.3865186190521055,1.5457345575990453,0.0,39930.0,1.317220323763747,0.0,0
2.1449762137001747,0.2149180803868363,212.0,8976.0,0.38679912100484265,1.5457345575990442,0.0,39930.0,1.317220323763747,0.0,0
2.145253924585807,0.2149180803868363,213.0,8976.0,0.38707683189047476,1.5457345575990444,0.0,39930.0,1.317220323763747,0.0,0
2.1457197528357868,0.2151089610442294,214.0,8981.0,0.3873517794830616,1.5457345575990449,0.0,39930.0,1.317220323763747,0.0,0
2.146017613026169,0.21513460943760224,215.0,8982.0,0.3876239912800711,1.5457345575990444,0.0,39930.0,1.317220323763747,0.0,0
2.1462871162512505,0.21513460943760224,216.0,8982.0,0.3878934945051525,1.5457345575990449,0.0,39930.0,1.317220323763747,0.0,0
2.1465539378569813,0.21513460943760224,217.0,8982.0,0.3881603161108831,1.545734557599045,0.0,39930.0,1.317220323763747,0.0,0
2.1468606050298407,0.21517710993986247,218.0,8986.0,0.3884244827814825,1.5457345575990447,0.0,39930.0,1.317220323763747,0.0,0
2.147325443482164,0.21538041023816887,219.0,8991.0,0.38868602093549937,1.5457345575990447,0.0,39930.0,1.317220323763747,0.0,0
2.1477995124622375,0.21559554342527076,220.0,8995.0,0.388944956728471,1.5457345575990449,0.0,39930.0,1.317220323763747,0.0,0
2.1481185624130066,0.21565823404895798,221.0,8997.0,0.389201316055553,1.5457345575990442,0.0,39930.0,1.317220323763747,0.0,0
2.1485711302080217,0.215856993345403,222.0,9002.0,0.3894551245541229,1.5457345575990444,0.0,39930.0,1.317220323763747,0.0,0
2.148968532957215,0.21600311304236297,223.0,9007.0,0.38970640760635594,1.5457345575990453,0.0,39930.0,1.317220323763747,0.0,0
2.1493366438298027,0.21612244117953228,224.0,9010.0,0.38995519034177467,1.545734557599045,0.0,39930.0,1.317220323763747,0.0,0
2.1497982876655457,0.21633777771727772,225.0,9014.0,0.39020149763977213,1.5457345575990447,0.0,39930.0,1.317220323763747,0.0,0
2.1502012293432453,0.2164968629026413,226.0,9018.0,0.39044535413210846,1.5457345575990444,0.0,39930.0,1.317220323763747,0.0,0
2.1505128607464408,0.21656706423256172,227.0,9020.0,0.39068678420538305,1.5457345575990453,0.0,39930.0,1.317220323763747,0.0,0
2.1507548717816825,0.2165700474697063,228.0,9021.0,0.39092581200347987,1.5457345575990458,0.0,39930.0,1.317220323763747,0.0,0
2.1510078719629453,0.21658639822446052,229.0,9022.0,0.3911624614299895,1.5457345575990449,0.0,39930.0,1.317220323763747,0.0,0
2.1512421666835606,0.21658639822446052,230.0,9022.0,0.39139675615060443,1.5457345575990447,0.0,39930.0,1.317220323763747,0.0,0
2.1515818830126334,0.21669415110864457,231.0,9024.0,0.3916287195954932,1.5457345575990449,0.0,39930.0,1.317220323763747,0.0,0
2.151973205881226,0.21685581861108408,232.0,9027.0,0.3918583749616462,1.5457345575990449,0.0,39930.0,1.317220323763747,0.0,0
2.152344661855421,0.21700568106814697,233.0,9032.0,0.3920952164883142,1.5457732696769224,0.0,39929.0,1.317220323763747,0.0,0
2.152686587533892,0.21712241446127115,234.0,9035.0,0.3923204087736607,1.5457732696769233,0.0,39929.0,1.317220323763747,0.0,0
2.1529633993510506,0.2171763278501591,235.0,9036.0,0.39254330720193187,1.5457732696769224,0.0,39929.0,1.317220323763747,0.0,0
2.153237991919018,0.21723024919513742,236.0,9037.0,0.39276397842492033,1.5457732696769235,0.0,39929.0,1.317220323763747,0.0,0
2.1537260058291925,0.2174997914754402,237.0,9044.0,0.392982450054792,1.545773269676923,0.0,39929.0,1.317220323763747,0.0,0
2.154158070840604,0.21771556051644156,238.0,9048.0,0.393198746025202,1.5457732696769235,0.0,39929.0,1.317220323763747,0.0,0
2.1543770148669457,0.21772036179205465,239.0,9049.0,0.39341288877593095,1.5457732696769233,0.0,39929.0,1.317220323763747,0.0,0
2.154597950047083,0.21772928569025812,240.0,9050.0,0.3936249000578651,1.5457732696769235,0.0,39929.0,1.317220323763747,0.0,0
2.154824231094145,0.21774566556431835,241.0,9051.0,0.3938348012308661,1.5457732696769233,0.0,39929.0,1.317220323763747,0.0,0
2.1551117714771695,0.21782539380317437,242.0,9053.0,0.3940426133750353,1.545773269676923,0.0,39929.0,1.317220323763747,0.0,0
2.1555334306216736,0.21804130898943053,243.0,9057.0,0.39424835733328306,1.5457732696769235,0.0,39929.0,1.317220323763747,0.0,0
2.155753513056366,0.21805769502882327,244.0,9058.0,0.39445205372858283,1.545773269676923,0.0,39929.0,1.317220323763747,0.0,0
2.1560091729692394,0.21811168569840758,245.0,9059.0,0.39465372297187185,1.5457732696769235,0.0,39929.0,1.317220323763747,0.0,0
2.156234608045005,0.2181374584795711,246.0,9060.0,0.39485338526647396,1.5457732696769233,0.0,39929.0,1.317220323763747,0.0,0
2.156432283389738,0.2181374584795711,247.0,9060.0,0.3950510606112073,1.5457732696769229,0.0,39929.0,1.317220323763747,0.0,0
2.1566279915815056,0.2181374584795711,248.0,9060.0,0.39524676880297444,1.5457732696769233,0.0,39929.0,1.317220323763747,0.0,0
2.1570415663775435,0.21836308692142364,249.0,9068.0,0.3954500775090983,1.5458119836938955,0.0,39928.0,1.317220323763747,0.0,0
2.15723348261512,0.21836308692142364,250.0,9068.0,0.39564199374667525,1.545811983693895,0.0,39928.0,1.317220323763747,0.0,0
2.157423435895914,0.21836308692142364,251.0,9068.0,0.39583194702746893,1.5458119836938957,0.0,39928.0,1.317220323763747,0.0,0
2.157677251059952,0.21842884838086873,252.0,9070.0,0.3960200007320618,1.5458119836938957,0.0,39928.0,1.317220323763747,0.0,0
2.1579715141625324,0.21853693298133806,253.0,9072.0,0.3962061792341732,1.545811983693895,0.0,39928.0,1.317220323763747,0.0,0
2.158289735477236,0.2186708302737637,254.0,9075.0,0.3963905032564508,1.5458119836938955,0.0,39928.0,1.317220323763747,0.0,0
2.158563811560469,0.21876241755642958,255.0,9078.0,0.3965729920570184,1.5458119836938953,0.0,39928.0,1.317220323763747,0.0,0
2.1589230888521773,0.21894102267010904,256.0,9082.0,0.39675366423504715,1.545811983693895,0.0,39928.0,1.317220323763747,0.0,0
2.1592430151294795,0.21908207515373132,257.0,9086.0,0.396932538028727,1.545811983693895,0.0,39928.0,1.317220323763747,0.0,0
2.159662252357863,0.21932421898440083,258.0,9091.0,0.39710963142644096,1.545811983693895,0.0,39928.0,1.317220323763747,0.0,0
2.159917493072433,0.21940412891623673,259.0,9093.0,0.3972849622091752,1.5458119836938948,0.0,39928.0,1.317220323763747,0.0,0
2.1600910788308383,0.21940412891623673,260.0,9093.0,0.39745854796758057,1.545811983693895,0.0,39928.0,1.317220323763747,0.0,0
2.1602629369729223,0.21940412891623673,261.0,9093.0,0.39763040610966405,1.5458119836938953,0.0,39928.0,1.317220323763747,0.0,0
2.160433084728255,0.21940412891623673,262.0,9093.0,0.3978005538649967,1.545811983693895,0.0,39928.0,1.317220323763747,0.0,0
2.1606273646689265,0.21942995443430843,263.0,9094.0,0.3979690082875967,1.5458119836938955,0.0,39928.0,1.317220323763747,0.0,0
2.160794142639623,0.21942995443430843,264.0,9094.0,0.3981357862582931,1.545811983693895,0.0,39928.0,1.317220323763747,0.0,0
2.160968211161741,0.2194389047278539,265.0,9095.0,0.3983009044868655,1.5458119836938953,0.0,39928.0,1.317220323763747,0.0,0
2.1611967232262286,0.2195097961039322,266.0,9099.0,0.39847399763318775,1.5458506996501076,0.0,39927.0,1.317220323763747,0.0,0
2.1613586544291725,0.2195097961039322,267.0,9099.0,0.39863592883613186,1.5458506996501076,0.0,39927.0,1.317220323763747,0.0,0
2.161518921089736,0.2195097961039322,268.0,9099.0,0.3987961954966954,1.5458506996501076,0.0,39927.0,1.317220323763747,0.0,0
2.161677583554231,0.2195097961039322,269.0,9099.0,0.39895485796119057,1.5458506996501076,0.0,39927.0,1.317220323763747,0.0,0
2.161852205366458,0.21952733821890102,270.0,9101.0,0.3991119376584489,1.5458506996501076,0.0,39927.0,1.317220323763747,0.0,0
2.1621701593371445,0.21968977744787874,271.0,9104.0,0.3992674524001575,1.5458506996501074,0.0,39927.0,1.317220323763747,0.0,0
2.1623257690293354,0.21969728487898094,272.0,9105.0,0.3994310591434454,1.545889417545706,0.0,39926.0,1.317220323763747,0.0,0
2.1625324460484405,0.21975144586316767,273.0,9106.0,0.3995835751783636,1.545889417545706,0.0,39926.0,1.317220323763747,0.0,0
2.1628265377947695,0.2198945928404593,274.0,9110.0,0.39973451994740117,1.545889417545706,0.0,39926.0,1.317220323763747,0.0,0
2.1632016341899183,0.22012025629266183,275.0,9115.0,0.39988395289034706,1.5458894175457065,0.0,39926.0,1.317220323763747,0.0,0
2.1633754363129474,0.2201461167494047,276.0,9116.0,0.4000318945566336,1.5458894175457059,0.0,39926.0,1.317220323763747,0.0,0
2.1635818878458224,0.2202061009573626,277.0,9118.0,0.400178361881551,1.5458894175457063,0.0,39926.0,1.317220323763747,0.0,0
2.1638072171849547,0.22028642180684196,278.0,9122.0,0.4003233703712035,1.5458894175457056,0.0,39926.0,1.317220323763747,0.0,0
2.1639625433207312,0.2202981834063552,279.0,9123.0,0.4004669349074666,1.5458894175457063,0.0,39926.0,1.317220323763747,0.0,0
2.1641971949599976,0.22039069990740967,280.0,9127.0,0.40060907004567875,1.545889417545706,0.0,39926.0,1.317220323763747,0.0,0
2.1643413959034907,0.22039418077093026,281.0,9128.0,0.40074979012565104,1.545889417545706,0.0,39926.0,1.317220323763747,0.0,0
2.164560801513151,0.22047426719230476,282.0,9130.0,0.40088910931393634,1.545889417545706,0.0,39926.0,1.317220323763747,0.0,0
2.164752951314077,0.22052848468642036,283.0,9131.0,0.4010270416207473,1.545889417545706,0.0,39926.0,1.317220323763747,0.0,0
2.1648935853671927,0.22053255945278732,284.0,9132.0,0.40116360090749614,1.5458894175457059,0.0,39926.0,1.317220323763747,0.0,0
2.1651536969640572,0.22065747106631803,285.0,9135.0,0.40129880089083036,1.5458894175457056,0.0,39926.0,1.317220323763747,0.0,0
2.1652875512185656,0.22065747106631803,286.0,9135.0,0.4014326551453384,1.5458894175457059,0.0,39926.0,1.317220323763747,0.0,0
2.1654743082249186,0.22071170611229265,287.0,9136.0,0.4015651771057165,1.5458894175457063,0.0,39926.0,1.317220323763747,0.0,0
2.1656715200515073,0.22077771497589402,288.0,9138.0,0.4016963800687037,1.5458894175457065,0.0,39926.0,1.317220323763747,0.0,0
2.165867432474964,0.22084373027316348,289.0,9140.0,0.4018262771948915,1.5458894175457054,0.0,39926.0,1.317220323763747,0.0,0
2.1660219294507175,0.2208696229333518,290.0,9141.0,0.4019548815104563,1.545889417545706,0.0,39926.0,1.317220323763747,0.0,0
2.1663775313757747,0.22109790046003508,291.0,9147.0,0.4020822059088301,1.5458894175457065,0.0,39926.0,1.317220323763747,0.0,0
2.1665837477171097,0.2211780595578791,292.0,9149.0,0.40220826315232094,1.545889417545706,0.0,39926.0,1.317220323763747,0.0,0
2.166725022386763,0.22119453150616603,293.0,9150.0,0.4023330658736877,1.545889417545706,0.0,39926.0,1.317220323763747,0.0,0
2.1669995021866764,0.22134545060209398,294.0,9154.0,0.4024566265776732,1.5458894175457063,0.0,39926.0,1.317220323763747,0.0,0
2.1671218332515014,0.22134545060209398,295.0,9154.0,0.4025789576424987,1.545889417545706,0.0,39926.0,1.317220323763747,0.0,0
2.167242946930325,0.22134545060209398,296.0,9154.0,0.4027000713213223,1.5458894175457054,0.0,39926.0,1.317220323763747,0.0,0
2.167475993921866,0.2214585891712928,297.0,9158.0,0.40281997974366435,1.545889417545706,0.0,39926.0,1.317220323763747,0.0,0
2.167680719368318,0.22154459944460858,298.0,9161.0,0.4029386949168004,1.5458894175457065,0.0,39926.0,1.317220323763747,0.0,0
2.1677982531786433,0.22154459944460858,299.0,9161.0,0.40305622872712554,1.5458894175457065,0.0,39926.0,1.317220323763747,0.0,0
2.1680941259675754,0.22172410801917466,300.0,9166.0,0.40317259294149166,1.545889417545706,0.0,39926.0,1.317220323763747,0.0,0
2.168321431424713,0.22183620720928682,301.0,9169.0,0.40328779920851726,1.5458894175457059,0.0,39926.0,1.317220323763747,0.0,0
2.1686243486011305,0.22202506453434806,302.0,9173.0,0.40340185905987364,1.5458894175457059,0.0,39926.0,1.317220323763747,0.0,0
2.168753760083243,0.222041551164786,303.0,9174.0,0.4035147839115478,1.5458894175457063,0.0,39926.0,1.317220323763747,0.0,0
2.168919882342137,0.22209587227014466,304.0,9175.0,0.4036265850650829,1.5458894175457056,0.0,39926.0,1.317220323763747,0.0,0
2.169148203410691,0.22221350469498286,305.0,9178.0,0.4037372737087987,1.5458894175457063,0.0,39926.0,1.317220323763747,0.0,0
2.169382941271316,0.22233865534541644,306.0,9181.0,0.40384686091899075,1.5458894175457063,0.0,39926.0,1.317220323763747,0.0,0
2.169507930967151,0.22235514829913036,307.0,9182.0,0.4039553576611117,1.5458894175457063,0.0,39926.0,1.317220323763747,0.0,0
2.1697405232574782,0.22248032345963392,308.0,9185.0,0.4040627747909353,1.545889417545706,0.0,39926.0,1.317220323763747,0.0,0
2.1698491597652048,0.22248261170259429,309.0,9186.0,0.4041691230557012,1.5458894175457063,0.0,39926.0,1.317220323763747,0.0,0
2.1699544498047474,0.22248261170259429,310.0,9186.0,0.40427441309524353,1.5458894175457065,0.0,39926.0,1.317220323763747,0.0,0
2.170120173629322,0.22254409317930696,311.0,9188.0,0.40437865544310564,1.545889417545706,0.0,39926.0,1.317220323763747,0.0,0
2.1702635070325034,0.2225842214979574,312.0,9191.0,0.40448186052763685,1.5458894175457065,0.0,39926.0,1.317220323763747,0.0,0
2.170365685177943,0.2225842214979574,313.0,9191.0,0.4045840386730764,1.5458894175457065,0.0,39926.0,1.317220323763747,0.0,0
2.170521206499353,0.22263858139182238,314.0,9192.0,0.4046852001006213,1.545889417545706,0.0,39926.0,1.317220323763747,0.0,0
2.1706213613282146,0.22263858139182238,315.0,9192.0,0.40478535492948275,1.545889417545706,0.0,39926.0,1.317220323763747,0.0,0
2.1707205195766583,0.22263858139182238,316.0,9192.0,0.4048845131779267,1.545889417545706,0.0,39926.0,1.317220323763747,0.0,0
2.170818691163036,0.22263858139182238,317.0,9192.0,0.40498268476430377,1.5458894175457067,0.0,39926.0,1.317220323763747,0.0,0
2.1709158859067967,0.22263858139182238,318.0,9192.0,0.4050798795080649,1.545889417545706,0.0,39926.0,1.317220323763747,0.0,0
2.1711539542792595,0.22278042214158497,319.0,9196.0,0.40517610713076563,1.5458894175457056,0.0,39926.0,1.317220323763747,0.0,0
2.1712492244055523,0.22278042214158497,320.0,9196.0,0.405271377257058,1.5458894175457067,0.0,39926.0,1.317220323763747,0.0,0
2.1713451834815247,0.22278801556226957,321.0,9197.0,0.40537547479717084,1.545928137380836,0.0,39925.0,1.317220323763747,0.0,0
2.171493035426344,0.22284240264283045,322.0,9198.0,0.4054689396614294,1.5459281373808356,0.0,39925.0,1.317220323763747,0.0,0
2.171639907855541,0.2228967930925236,323.0,9199.0,0.4055614216409329,1.5459281373808358,0.0,39925.0,1.317220323763747,0.0,0
2.1717314603096987,0.2228967930925236,324.0,9199.0,0.4056529740950907,1.5459281373808356,0.0,39925.0,1.317220323763747,0.0,0
2.1718764940944473,0.22295118927055232,325.0,9200.0,0.40574361170181095,1.5459281373808351,0.0,39925.0,1.317220323763747,0.0,0
2.172112801747887,0.22309776302139622,326.0,9204.0,0.4058333456044066,1.545928137380836,0.0,39925.0,1.317220323763747,0.0,0
2.1722016417285412,0.22309776302139622,327.0,9204.0,0.40592218558506066,1.545928137380836,0.0,39925.0,1.317220323763747,0.0,0
2.172289597008396,0.22309776302139622,328.0,9204.0,0.4060101408649156,1.545928137380836,0.0,39925.0,1.317220323763747,0.0,0
2.1725114689137794,0.22323255539232498,329.0,9207.0,0.40609722039937024,1.545928137380836,0.0,39925.0,1.317220323763747,0.0,0
2.1727065146641458,0.22334138855443578,330.0,9209.0,0.4061834329876259,1.5459281373808356,0.0,39925.0,1.317220323763747,0.0,0
2.172791868990382,0.22334138855443578,331.0,9209.0,0.4062687873138617,1.545928137380836,0.0,39925.0,1.317220323763747,0.0,0
2.172990064758424,0.22345507967311937,332.0,9212.0,0.40635329196322006,1.5459281373808358,0.0,39925.0,1.317220323763747,0.0,0
2.1730827296370987,0.2234640810865224,333.0,9213.0,0.4064369554284923,1.5459281373808358,0.0,39925.0,1.317220323763747,0.0,0
2.1731655603219573,0.2234640810865224,334.0,9213.0,0.40651978611335055,1.5459281373808358,0.0,39925.0,1.317220323763747,0.0,0
2.1733564297343286,0.22357294427796068,335.0,9215.0,0.4066017923342835,1.5459281373808362,0.0,39925.0,1.317220323763747,0.0,0
2.173437619722071,0.22357294427796068,336.0,9215.0,0.4066829823220257,1.545928137380836,0.0,39925.0,1.317220323763747,0.0,0
2.1735984250910394,0.22365336774617367,337.0,9217.0,0.4067633642227811,1.545928137380836,0.0,39925.0,1.317220323763747,0.0,0
2.1737039916280887,0.2236793524066615,338.0,9218.0,0.4068429460993429,1.5459281373808358,0.0,39925.0,1.317220323763747,0.0,0
2.173794596476046,0.2236911674218017,339.0,9219.0,0.40692173593216013,1.5459281373808353,0.0,39925.0,1.317220323763747,0.0,0
2.173872602164248,0.2236911674218017,340.0,9219.0,0.4069997416203622,1.5459281373808351,0.0,39925.0,1.317220323763747,0.0,0
2.1739498315266377,0.2236911674218017,341.0,9219.0,0.40707697098275153,1.545928137380836,0.0,39925.0,1.317220323763747,0.0,0
2.174026292302654,0.2236911674218017,342.0,9219.0,0.4071534317587682,1.5459281373808358,0.0,39925.0,1.317220323763747,0.0,0
2.174101992153314,0.2236911674218017,343.0,9219.0,0.40722913160942803,1.5459281373808358,0.0,39925.0,1.317220323763747,0.0,0
2.1741769386621246,0.2236911674218017,344.0,9219.0,0.4073040781182385,1.5459281373808356,0.0,39925.0,1.317220323763747,0.0,0
2.1744145152552234,0.22385454334104757,345.0,9222.0,0.40737827879209165,1.5459281373808358,0.0,39925.0,1.317220323763747,0.0,0
2.1746229013831315,0.22398946719891186,346.0,9225.0,0.40745174106213566,1.5459281373808358,0.0,39925.0,1.317220323763747,0.0,0
2.1746972663090625,0.22399709418891856,347.0,9226.0,0.40753429528099405,1.5459668591556412,0.0,39924.0,1.317220323763747,0.0,0
2.1748948335176164,0.22412257329766916,348.0,9229.0,0.40760638338079724,1.5459668591556417,0.0,39924.0,1.317220323763747,0.0,0
2.174966151475495,0.22412257329766916,349.0,9229.0,0.4076777013386761,1.545966859155642,0.0,39924.0,1.317220323763747,0.0,0
2.1751457064810773,0.224231529319131,350.0,9231.0,0.40774830032279613,1.545966859155642,0.0,39924.0,1.317220323763747,0.0,0
2.1752321361288516,0.22424806638077813,351.0,9232.0,0.4078181929089234,1.5459668591556417,0.0,39924.0,1.317220323763747,0.0,0
2.1753061801289917,0.22425291512347595,352.0,9233.0,0.40788738816636577,1.5459668591556421,0.0,39924.0,1.317220323763747,0.0,0
2.1754291725900297,0.22430740192454596,353.0,9234.0,0.4079558938263335,1.5459668591556417,0.0,39924.0,1.317220323763747,0.0,0
2.1756059776757186,0.22441638375651562,354.0,9236.0,0.40802371708005325,1.5459668591556412,0.0,39924.0,1.317220323763747,0.0,0
2.1757251453857727,0.2244684036733924,355.0,9238.0,0.40809086487323004,1.5459668591556415,0.0,39924.0,1.317220323763747,0.0,0
2.175900621678441,0.2245774008241036,356.0,9240.0,0.4081573440151878,1.5459668591556417,0.0,39924.0,1.317220323763747,0.0,0
2.1760209406284923,0.2246319025695557,357.0,9241.0,0.4082231612197867,1.5459668591556421,0.0,39924.0,1.317220323763747,0.0,0
2.1760909530006325,0.22463675304027178,358.0,9242.0,0.40828832312121033,1.5459668591556421,0.0,39924.0,1.317220323763747,0.0,0
2.176155466159892,0.22463675304027178,359.0,9242.0,0.4083528362804705,1.545966859155642,0.0,39924.0,1.317220323763747,0.0,0
2.1762193370678897,0.22463675304027178,360.0,9242.0,0.40841670718846784,1.5459668591556426,0.0,39924.0,1.317220323763747,0.0,0
2.176282572147179,0.22463675304027178,361.0,9242.0,0.40847994226775686,1.545966859155642,0.0,39924.0,1.317220323763747,0.0,0
2.1763996890229693,0.22469126431001277,362.0,9243.0,0.4085425478738062,1.5459668591556417,0.0,39924.0,1.317220323763747,0.0,0
2.1766252184628185,0.2248548113276165,363.0,9246.0,0.40860453029605215,1.5459668591556412,0.0,39924.0,1.317220323763747,0.0,0
2.1767411038329056,0.22490933123490447,364.0,9247.0,0.40866589575885115,1.5459668591556417,0.0,39924.0,1.317220323763747,0.0,0
2.1768018584964306,0.22490933123490447,365.0,9247.0,0.4087266504223761,1.5459668591556417,0.0,39924.0,1.317220323763747,0.0,0
2.1768785583632,0.22492588114057596,366.0,9248.0,0.40878680038347415,1.5459668591556421,0.0,39924.0,1.317220323763747,0.0,0
2.1769381096562164,0.22492588114057596,367.0,9248.0,0.40884635167649025,1.5459668591556421,0.0,39924.0,1.317220323763747,0.0,0
2.176997068253792,0.22492588114057596,368.0,9248.0,0.4089053102740657,1.5459668591556421,0.0,39924.0,1.317220323763747,0.0,0
2.177055440067636,0.22492588114057596,369.0,9248.0,0.4089636820879098,1.5459668591556421,0.0,39924.0,1.317220323763747,0.0,0
2.177167761497202,0.22498041168850272,370.0,9249.0,0.4090214729695494,1.5459668591556417,0.0,39924.0,1.317220323763747,0.0,0
2.177431164904352,0.2251865993541448,371.0,9254.0,0.4090786887110569,1.5459668591556417,0.0,39924.0,1.317220323763747,0.0,0
2.177487811239054,0.2251865993541448,372.0,9254.0,0.40913533504575905,1.545966859155642,0.0,39924.0,1.317220323763747,0.0,0
2.177543893842223,0.2251865993541448,373.0,9254.0,0.40919141764892797,1.5459668591556426,0.0,39924.0,1.317220323763747,0.0,0
2.177662982226262,0.22525016324865746,374.0,9256.0,0.4092469421384542,1.5459668591556421,0.0,39924.0,1.317220323763747,0.0,0
2.1777724995074084,0.2253047085927546,375.0,9257.0,0.4093019140755039,1.5459668591556415,0.0,39924.0,1.317220323763747,0.0,0
2.177826924397068,0.2253047085927546,376.0,9257.0,0.4093563389651632,1.545966859155642,0.0,39924.0,1.317220323763747,0.0,0
2.1778808076889704,0.2253047085927546,377.0,9257.0,0.40941022225706586,1.5459668591556412,0.0,39924.0,1.317220323763747,0.0,0
2.1779341547779145,0.2253047085927546,378.0,9257.0,0.40946356934600975,1.5459668591556421,0.0,39924.0,1.317220323763747,0.0,0
2.1779869710044655,0.2253047085927546,379.0,9257.0,0.4095163855725611,1.5459668591556417,0.0,39924.0,1.317220323763747,0.0,0
2.17803926165555,0.2253047085927546,380.0,9257.0,0.4095686762236456,1.5459668591556424,0.0,39924.0,1.317220323763747,0.0,0
2.178094535214885,0.2253082118426038,381.0,9258.0,0.40962044653313107,1.5459668591556421,0.0,39924.0,1.317220323763747,0.0,0
2.1781457903641517,0.2253082118426038,382.0,9258.0,0.40967170168239786,1.5459668591556417,0.0,39924.0,1.317220323763747,0.0,0
2.1781965354826536,0.2253082118426038,383.0,9258.0,0.40972244680089964,1.5459668591556421,0.0,39924.0,1.317220323763747,0.0,0
2.1782467756484705,0.2253082118426038,384.0,9258.0,0.4097726869667165,1.5459668591556428,0.0,39924.0,1.317220323763747,0.0,0
2.1782965158888503,0.2253082118426038,385.0,9258.0,0.4098224272070964,1.5459668591556417,0.0,39924.0,1.317220323763747,0.0,0
2.1785094515834476,0.22547190224530608,386.0,9261.0,0.40987167249899126,1.5459668591556415,0.0,39924.0,1.317220323763747,0.0,0
2.17855820685404,0.22547190224530608,387.0,9261.0,0.4099204277695835,1.5459668591556421,0.0,39924.0,1.317220323763747,0.0,0
2.1786230401251774,0.22548846538922354,388.0,9262.0,0.40996869789680396,1.5459668591556421,0.0,39924.0,1.317220323763747,0.0,0
2.178670829938217,0.22548846538922354,389.0,9262.0,0.4100164877098435,1.5459668591556421,0.0,39924.0,1.317220323763747,0.0,0
2.1787181442180326,0.22548846538922354,390.0,9262.0,0.41006380198965864,1.5459668591556421,0.0,39924.0,1.317220323763747,0.0,0
2.17882185797715,0.225545335668533,391.0,9264.0,0.4101106454694671,1.5459668591556417,0.0,39924.0,1.317220323763747,0.0,0
2.178922810454478,0.22559991078008818,392.0,9265.0,0.41015702283524025,1.545966859155641,0.0,39924.0,1.317220323763747,0.0,0
2.178968726345425,0.22559991078008818,393.0,9265.0,0.4102029387261867,1.5459668591556426,0.0,39924.0,1.317220323763747,0.0,0
2.1790141853544687,0.22559991078008818,394.0,9265.0,0.4102483977352305,1.5459668591556421,0.0,39924.0,1.317220323763747,0.0,0
2.1790591920287223,0.22559991078008818,395.0,9265.0,0.41029340440948414,1.5459668591556415,0.0,39924.0,1.317220323763747,0.0,0
2.1791122174349997,0.22560837734513497,396.0,9267.0,0.4103379632507146,1.5459668591556417,0.0,39924.0,1.317220323763747,0.0,0
2.179156332900089,0.22560837734513497,397.0,9267.0,0.4103820787158038,1.5459668591556426,0.0,39924.0,1.317220323763747,0.0,0
2.1792000094014896,0.22560837734513497,398.0,9267.0,0.4104257552172043,1.5459668591556421,0.0,39924.0,1.317220323763747,0.0,0
2.1792432513076743,0.22560837734513497,399.0,9267.0,0.41046899712338947,1.5459668591556417,0.0,39924.0,1.317220323763747,0.0,0
2.1792860629435826,0.22560837734513497,400.0,9267.0,0.41051180875929744,1.5459668591556428,0.0,39924.0,1.317220323763747,0.0,0
2.179383035283661,0.2256629640377394,401.0,9268.0,0.41055419440677166,1.5459668591556412,0.0,39924.0,1.317220323763747,0.0,0
2.1795460249898033,0.22578398984565773,402.0,9271.0,0.41059615830499535,1.5459668591556421,0.0,39924.0,1.317220323763747,0.0,0
2.1795875713357282,0.22578398984565773,403.0,9271.0,0.41063770465092025,1.545966859155642,0.0,39924.0,1.317220323763747,0.0,0
2.1796287042845,0.22578398984565773,404.0,9271.0,0.41067883759969254,1.5459668591556417,0.0,39924.0,1.317220323763747,0.0,0
2.179669427949881,0.22578398984565773,405.0,9271.0,0.41071956126507336,1.5459668591556417,0.0,39924.0,1.317220323763747,0.0,0
2.179709746404662,0.22578398984565773,406.0,9271.0,0.410759879719854,1.5459668591556421,0.0,39924.0,1.317220323763747,0.0,0
2.1798042602787078,0.22583858644329088,407.0,9272.0,0.4107997969962666,1.5459668591556417,0.0,39924.0,1.317220323763747,0.0,0
2.179843780368833,0.22583858644329088,408.0,9272.0,0.41083931708639226,1.5459668591556412,0.0,39924.0,1.317220323763747,0.0,0
2.179882907225003,0.22583858644329088,409.0,9272.0,0.41087844394256196,1.5459668591556424,0.0,39924.0,1.317220323763747,0.0,0
2.179921644760197,0.22583858644329088,410.0,9272.0,0.41091718147775597,1.5459668591556421,0.0,39924.0,1.317220323763747,0.0,0
2.179976570168067,0.22585515976291992,411.0,9273.0,0.4109555335659971,1.5459668591556417,0.0,39924.0,1.317220323763747,0.0,0
2.1801117800962415,0.22595239921435106,412.0,9276.0,0.4109935040427402,1.5459668591556421,0.0,39924.0,1.317220323763747,0.0,0
2.18014937275876,0.22595239921435106,413.0,9276.0,0.4110310967052589,1.5459668591556417,0.0,39924.0,1.317220323763747,0.0,0
2.1801865913665277,0.22595239921435106,414.0,9276.0,0.41106831531302634,1.545966859155642,0.0,39924.0,1.317220323763747,0.0,0
2.180223439641594,0.22595239921435106,415.0,9276.0,0.4111051635880928,1.5459668591556421,0.0,39924.0,1.317220323763747,0.0,0
2.1802599212689615,0.22595239921435106,416.0,9276.0,0.4111416452154604,1.5459668591556421,0.0,39924.0,1.317220323763747,0.0,0
2.180296039896954,0.22595239921435106,417.0,9276.0,0.41117776384345267,1.5459668591556426,0.0,39924.0,1.317220323763747,0.0,0
2.1803317991375804,0.22595239921435106,418.0,9276.0,0.4112135230840795,1.5459668591556415,0.0,39924.0,1.317220323763747,0.0,0
2.1803672025669028,0.22595239921435106,419.0,9276.0,0.41124892651340145,1.545966859155642,0.0,39924.0,1.317220323763747,0.0,0
2.1804188304390704,0.22596897592803275,420.0,9277.0,0.41128397767188735,1.5459668591556426,0.0,39924.0,1.317220323763747,0.0,0
2.1804535328319528,0.22596897592803275,421.0,9277.0,0.4113186800647696,1.545966859155642,0.0,39924.0,1.317220323763747,0.0,0
2.180487889929578,0.22596897592803275,422.0,9277.0,0.411353037162395,1.5459668591556421,0.0,39924.0,1.317220323763747,0.0,0
2.180521905167756,0.22596897592803275,423.0,9277.0,0.41138705240057316,1.5459668591556417,0.0,39924.0,1.317220323763747,0.0,0
2.1805555819481044,0.22596897592803275,424.0,9277.0,0.41142072918092143,1.5459668591556426,0.0,39924.0,1.317220323763747,0.0,0
2.1807788500583785,0.22615890234802435,425.0,9281.0,0.4114540708712038,1.5459668591556426,0.0,39924.0,1.317220323763747,0.0,0
2.1808118599928443,0.22615890234802435,426.0,9281.0,0.41148708080567015,1.5459668591556415,0.0,39924.0,1.317220323763747,0.0,0
2.1808445414725632,0.22615890234802435,427.0,9281.0,0.4115197622853893,1.5459668591556417,0.0,39924.0,1.317220323763747,0.0,0
2.1808768977657538,0.22615890234802435,428.0,9281.0,0.4115521185785795,1.5459668591556424,0.0,39924.0,1.317220323763747,0.0,0
2.18096355831246,0.22621352855237353,429.0,9282.0,0.4115841529209365,1.5459668591556415,0.0,39924.0,1.317220323763747,0.0,0
2.18099527390748,0.22621352855237353,430.0,9282.0,0.41161586851595655,1.5459668591556421,0.0,39924.0,1.317220323763747,0.0,0
2.1810266739267807,0.22621352855237353,431.0,9282.0,0.4116472685352575,1.5459668591556415,0.0,39924.0,1.317220323763747,0.0,0
2.1810577615104205,0.22621352855237353,432.0,9282.0,0.4116783561188967,1.5459668591556426,0.0,39924.0,1.317220323763747,0.0,0
2.181088539767208,0.22621352855237353,433.0,9282.0,0.4117091343756847,1.545966859155642,0.0,39924.0,1.317220323763747,0.0,0
2.18111901177502,0.22621352855237353,434.0,9282.0,0.4117396063834962,1.5459668591556421,0.0,39924.0,1.317220323763747,0.0,0
2.181149180581103,0.22621352855237353,435.0,9282.0,0.4117697751895793,1.5459668591556421,0.0,39924.0,1.317220323763747,0.0,0
2.181179049202383,0.22621352855237353,436.0,9282.0,0.411799643810859,1.5459668591556421,0.0,39924.0,1.317220323763747,0.0,0
2.1812086206257635,0.22621352855237353,437.0,9282.0,0.4118292152342399,1.5459668591556421,0.0,39924.0,1.317220323763747,0.0,0
2.181237897808429,0.22621352855237353,438.0,9282.0,0.4118584924169051,1.5459668591556421,0.0,39924.0,1.317220323763747,0.0,0
2.1812668836781346,0.22621352855237353,439.0,9282.0,0.4118874782866113,1.5459668591556417,0.0,39924.0,1.317220323763747,0.0,0
2.181295581133506,0.22621352855237353,440.0,9282.0,0.41191617574198286,1.545966859155642,0.0,39924.0,1.317220323763747,0.0,0
2.181323993044325,0.22621352855237353,441.0,9282.0,0.41194458765280123,1.5459668591556417,0.0,39924.0,1.317220323763747,0.0,0
2.1813521222518153,0.22621352855237353,442.0,9282.0,0.4119727168602917,1.5459668591556417,0.0,39924.0,1.317220323763747,0.0,0
2.181391828529185,0.2262253855126267,443.0,9283.0,0.412000566177408,1.5459668591556426,0.0,39924.0,1.317220323763747,0.0,0
2.1814194007408907,0.2262253855126267,444.0,9283.0,0.4120281383891137,1.5459668591556415,0.0,39924.0,1.317220323763747,0.0,0
2.181472777590436,0.22625146449862488,445.0,9284.0,0.41205543625266117,1.545966859155642,0.0,39924.0,1.317220323763747,0.0,0
2.1814998038356412,0.22625146449862488,446.0,9284.0,0.41208246249786645,1.5459668591556417,0.0,39924.0,1.317220323763747,0.0,0
2.181530667525597,0.22625557085906367,447.0,9285.0,0.41210921982738313,1.5459668591556417,0.0,39924.0,1.317220323763747,0.0,0
2.1816664439958333,0.22636485623971053,448.0,9287.0,0.4121357109169725,1.5459668591556421,0.0,39924.0,1.317220323763747,0.0,0
2.1816926714946314,0.22636485623971053,449.0,9287.0,0.41216193841577037,1.5459668591556421,0.0,39924.0,1.317220323763747,0.0,0
2.1817186380254148,0.22636485623971053,450.0,9287.0,0.4121879049465539,1.5459668591556424,0.0,39924.0,1.317220323763747,0.0,0
2.1817443461848627,0.22636485623971053,451.0,9287.0,0.4122136131060017,1.5459668591556421,0.0,39924.0,1.317220323763747,0.0,0
2.181769798543816,0.22636485623971053,452.0,9287.0,0.41223906546495526,1.5459668591556417,0.0,39924.0,1.317220323763747,0.0,0
2.181794997647536,0.22636485623971053,453.0,9287.0,0.41226426456867526,1.5459668591556421,0.0,39924.0,1.317220323763747,0.0,0
2.181819946015957,0.22636485623971053,454.0,9287.0,0.4122892129370964,1.5459668591556421,0.0,39924.0,1.317220323763747,0.0,0
2.181844646143939,0.22636485623971053,455.0,9287.0,0.4123139130650788,1.5459668591556421,0.0,39924.0,1.317220323763747,0.0,0
2.1819237505474325,0.22641950628562432,456.0,9288.0,0.4123383674226585,1.5459668591556415,0.0,39924.0,1.317220323763747,0.0,0
2.182057266070313,0.22652881077586828,457.0,9290.0,0.41236257845529456,1.5459668591556412,0.0,39924.0,1.317220323763747,0.0,0
2.1820812361991306,0.22652881077586828,458.0,9290.0,0.41238654858411233,1.5459668591556421,0.0,39924.0,1.317220323763747,0.0,0
2.182104967821165,0.22652881077586828,459.0,9290.0,0.41241028020614634,1.545966859155642,0.0,39924.0,1.317220323763747,0.0,0
2.182128463309599,0.22652881077586828,460.0,9290.0,0.41243377569458056,1.5459668591556421,0.0,39924.0,1.317220323763747,0.0,0
2.1821517250140037,0.22652881077586828,461.0,9290.0,0.4124570373989851,1.545966859155642,0.0,39924.0,1.317220323763747,0.0,0
2.182229413213883,0.22658346872918214,462.0,9291.0,0.412480067645551,1.5459668591556417,0.0,39924.0,1.317220323763747,0.0,0
2.182252214305656,0.22658346872918214,463.0,9291.0,0.41250286873732345,1.5459668591556426,0.0,39924.0,1.317220323763747,0.0,0
2.1822788963223823,0.22658757652879985,464.0,9292.0,0.4125254429544323,1.5459668591556426,0.0,39924.0,1.317220323763747,0.0,0
2.182301245922268,0.22658757652879985,465.0,9292.0,0.41254779255431845,1.5459668591556421,0.0,39924.0,1.317220323763747,0.0,0
2.182323373139911,0.22658757652879985,466.0,9292.0,0.4125699197719615,1.545966859155642,0.0,39924.0,1.317220323763747,0.0,0
2.1823452801880534,0.22658757652879985,467.0,9292.0,0.4125918268201032,1.5459668591556421,0.0,39924.0,1.317220323763747,0.0,0
2.182366969257417,0.22658757652879985,468.0,9292.0,0.41261351588946693,1.5459668591556417,0.0,39924.0,1.317220323763747,0.0,0
2.182388442516928,0.22658757652879985,469.0,9292.0,0.4126349891489783,1.5459668591556421,0.0,39924.0,1.317220323763747,0.0,0
2.182409702113932,0.22658757652879985,470.0,9292.0,0.41265624874598206,1.545966859155642,0.0,39924.0,1.317220323763747,0.0,0
2.182485414532884,0.22664224088727722,471.0,9293.0,0.4126772968064564,1.5459668591556421,0.0,39924.0,1.317220323763747,0.0,0
2.182506253161652,0.22664224088727722,472.0,9293.0,0.412698135435225,1.545966859155642,0.0,39924.0,1.317220323763747,0.0,0
2.182526884442596,0.22664224088727722,473.0,9293.0,0.4127187667161688,1.545966859155642,0.0,39924.0,1.317220323763747,0.0,0
2.1825473104388604,0.22664224088727722,474.0,9293.0,0.41273919271243337,1.5459668591556417,0.0,39924.0,1.317220323763747,0.0,0
2.1825675331930636,0.22664224088727722,475.0,9293.0,0.412759415466636,1.5459668591556426,0.0,39924.0,1.317220323763747,0.0,0
2.1825875547274967,0.22664224088727722,476.0,9293.0,0.41277943700106934,1.545966859155642,0.0,39924.0,1.317220323763747,0.0,0
2.1826073770443313,0.22664224088727722,477.0,9293.0,0.4127992593179037,1.5459668591556421,0.0,39924.0,1.317220323763747,0.0,0
2.1827077649740483,0.2267230037355108,478.0,9295.0,0.4128188843993873,1.5459668591556421,0.0,39924.0,1.317220323763747,0.0,0
2.1827271947827063,0.2267230037355108,479.0,9295.0,0.4128383142080453,1.5459668591556421,0.0,39924.0,1.317220323763747,0.0,0
2.1827464312615352,0.2267230037355108,480.0,9295.0,0.41285755068687496,1.5459668591556412,0.0,39924.0,1.317220323763747,0.0,0
2.182820148884511,0.22677767628582082,481.0,9296.0,0.4128765957595401,1.5459668591556417,0.0,39924.0,1.317220323763747,0.0,0
2.182893679063748,0.2268323508940332,482.0,9297.0,0.4128954513305646,1.5459668591556417,0.0,39924.0,1.317220323763747,0.0,0
2.1829123470187044,0.2268323508940332,483.0,9297.0,0.412914119285521,1.5459668591556426,0.0,39924.0,1.317220323763747,0.0,0
2.1829308292244036,0.2268323508940332,484.0,9297.0,0.4129326014912207,1.5459668591556415,0.0,39924.0,1.317220323763747,0.0,0
2.1829491275290827,0.2268323508940332,485.0,9297.0,0.41295089979589955,1.5459668591556415,0.0,39924.0,1.317220323763747,0.0,0
2.182967243762587,0.2268323508940332,486.0,9297.0,0.4129690160294039,1.5459668591556421,0.0,39924.0,1.317220323763747,0.0,0
2.182985179736555,0.2268323508940332,487.0,9297.0,0.41298695200337177,1.5459668591556421,0.0,39924.0,1.317220323763747,0.0,0
2.1830029372445994,0.2268323508940332,488.0,9297.0,0.413004709511416,1.545966859155642,0.0,39924.0,1.317220323763747,0.0,0
2.1830205180624858,0.2268323508940332,489.0,9297.0,0.41302229032930204,1.5459668591556426,0.0,39924.0,1.317220323763747,0.0,0
2.183054520826827,0.2268489477725501,490.0,9298.0,0.41303969621512676,1.5459668591556421,0.0,39924.0,1.317220323763747,0.0,0
2.183071753521193,0.2268489477725501,491.0,9298.0,0.4130569289094929,1.5459668591556421,0.0,39924.0,1.317220323763747,0.0,0
2.1830888147473844,0.2268489477725501,492.0,9298.0,0.4130739901356846,1.5459668591556412,0.0,39924.0,1.317220323763747,0.0,0
2.183134170051135,0.2268774116121461,493.0,9300.0,0.41309088159983864,1.5459668591556424,0.0,39924.0,1.317220323763747,0.0,0
2.1831508934424115,0.2268774116121461,494.0,9300.0,0.41310760499111554,1.5459668591556417,0.0,39924.0,1.317220323763747,0.0,0
2.183167450433165,0.2268774116121461,495.0,9300.0,0.41312416198186863,1.5459668591556421,0.0,39924.0,1.317220323763747,0.0,0
2.183183842679107,0.2268774116121461,496.0,9300.0,0.41314055422781065,1.5459668591556417,0.0,39924.0,1.317220323763747,0.0,0
2.183200071819476,0.2268774116121461,497.0,9300.0,0.41315678336817996,1.5459668591556415,0.0,39924.0,1.317220323763747,0.0,0
2.1832161394772007,0.2268774116121461,498.0,9300.0,0.41317285102590423,1.5459668591556421,0.0,39924.0,1.317220323763747,0.0,0
2.1832320472590587,0.2268774116121461,499.0,9300.0,0.41318875880776246,1.5459668591556417,0.0,39924.0,1.317220323763747,0.0,0
2.1832477967558424,0.2268774116121461,500.0,9300.0,0.41320450830454625,1.5459668591556417,0.0,39924.0,1.317220323763747,0.0,0
2.1832633895425144,0.2268774116121461,501.0,9300.0,0.4132201010912185,1.545966859155641,0.0,39924.0,1.317220323763747,0.0,0
2.183278827178367,0.2268774116121461,502.0,9300.0,0.4132355387270708,1.5459668591556424,0.0,39924.0,1.317220323763747,0.0,0
2.183294111207176,0.2268774116121461,503.0,9300.0,0.4132508227558797,1.5459668591556421,0.0,39924.0,1.317220323763747,0.0,0
2.183309243157357,0.2268774116121461,504.0,9300.0,0.4132659547060607,1.5459668591556417,0.0,39924.0,1.317220323763747,0.0,0
2.1833242245421176,0.2268774116121461,505.0,9300.0,0.4132809360908215,1.5459668591556412,0.0,39924.0,1.317220323763747,0.0,0
2.1833390568596096,0.2268774116121461,506.0,9300.0,0.4132957684083131,1.545966859155642,0.0,39924.0,1.317220323763747,0.0,0
2.1834631177790293,0.22698678779809994,507.0,9302.0,0.4133104531417797,1.545966859155641,0.0,39924.0,1.317220323763747,0.0,0
2.1834776563969567,0.22698678779809994,508.0,9302.0,0.4133249917597068,1.5459668591556417,0.0,39924.0,1.317220323763747,0.0,0
2.1834920503532187,0.22698678779809994,509.0,9302.0,0.41333938571596857,1.5459668591556421,0.0,39924.0,1.317220323763747,0.0,0
2.183506301087222,0.22698678779809994,510.0,9302.0,0.41335363644997214,1.5459668591556428,0.0,39924.0,1.317220323763747,0.0,0
2.183520410024053,0.22698678779809994,511.0,9302.0,0.41336774538680304,1.5459668591556412,0.0,39924.0,1.317220323763747,0.0,0
2.183534378574617,0.22698678779809994,512.0,9302.0,0.41338171393736706,1.5459668591556417,0.0,39924.0,1.317220323763747,0.0,0
2.18354820813578,0.22698678779809994,513.0,9302.0,0.41339554349853025,1.545966859155642,0.0,39924.0,1.317220323763747,0.0,0
2.183561900090511,0.22698678779809994,514.0,9302.0,0.41340923545326097,1.5459668591556421,0.0,39924.0,1.317220323763747,0.0,0
2.183575455808015,0.22698678779809994,515.0,9302.0,0.41342279117076547,1.5459668591556417,0.0,39924.0,1.317220323763747,0.0,0
2.1835888766438774,0.22698678779809994,516.0,9302.0,0.41343621200662745,1.5459668591556417,0.0,39924.0,1.317220323763747,0.0,0
2.1836021639401912,0.22698678779809994,517.0,9302.0,0.41344949930294117,1.5459668591556421,0.0,39924.0,1.317220323763747,0.0,0
2.1836153190256975,0.22698678779809994,518.0,9302.0,0.4134626543884473,1.5459668591556426,0.0,39924.0,1.317220323763747,0.0,0
2.183628343215916,0.22698678779809994,519.0,9302.0,0.41347567857866585,1.5459668591556421,0.0,39924.0,1.317220323763747,0.0,0
2.18369593272242,0.22704148270724392,520.0,9303.0,0.41348857317602605,1.5459668591556417,0.0,39924.0,1.317220323763747,0.0,0
2.183708699016393,0.22704148270724392,521.0,9303.0,0.413501339469999,1.545966859155642,0.0,39924.0,1.317220323763747,0.0,0
2.1837213382836187,0.22704148270724392,522.0,9303.0,0.4135139787372244,1.5459668591556421,0.0,39924.0,1.317220323763747,0.0,0
2.1837338517880336,0.22704148270724392,523.0,9303.0,0.4135264922416398,1.545966859155642,0.0,39924.0,1.317220323763747,0.0,0
2.1837723472096724,0.22706758913591663,524.0,9304.0,0.41353888123460564,1.5459668591556424,0.0,39924.0,1.317220323763747,0.0,0
2.1837846129300984,0.22706758913591663,525.0,9304.0,0.41355114695503176,1.545966859155642,0.0,39924.0,1.317220323763747,0.0,0
2.1837967566045675,0.22706758913591663,526.0,9304.0,0.4135632906295005,1.5459668591556424,0.0,39924.0,1.317220323763747,0.0,0
2.183808779447456,0.22706758913591663,527.0,9304.0,0.41357531347238935,1.5459668591556421,0.0,39924.0,1.317220323763747,0.0,0
2.1838907648809576,0.22713767135581533,528.0,9307.0,0.4135872166859926,1.5459668591556417,0.0,39924.0,1.317220323763747,0.0,0
2.1839025496556066,0.22713767135581533,529.0,9307.0,0.4135990014606416,1.5459668591556421,0.0,39924.0,1.317220323763747,0.0,0
2.1839403256619017,0.2271637798479279,530.0,9308.0,0.4136106689748237,1.545966859155642,0.0,39924.0,1.317220323763747,0.0,0
2.1839518770823774,0.2271637798479279,531.0,9308.0,0.4136222203952996,1.5459668591556417,0.0,39924.0,1.317220323763747,0.0,0
2.1839633135642997,0.2271637798479279,532.0,9308.0,0.41363365687722164,1.5459668591556424,0.0,39924.0,1.317220323763747,0.0,0
2.183974636251325,0.2271637798479279,533.0,9308.0,0.413644979564247,1.5459668591556421,0.0,39924.0,1.317220323763747,0.0,0
2.183985846275732,0.2271637798479279,534.0,9308.0,0.4136561895886544,1.5459668591556412,0.0,39924.0,1.317220323763747,0.0,0
2.183996944758533,0.2271637798479279,535.0,9308.0,0.4136672880714548,1.545966859155642,0.0,39924.0,1.317220323763747,0.0,0
2.1840079328095845,0.2271637798479279,536.0,9308.0,0.4136782761225065,1.5459668591556424,0.0,39924.0,1.317220323763747,0.0,0
2.1840188115277015,0.2271637798479279,537.0,9308.0,0.4136891548406234,1.5459668591556417,0.0,39924.0,1.317220323763747,0.0,0
2.1840295820007642,0.2271637798479279,538.0,9308.0,0.4136999253136863,1.5459668591556415,0.0,39924.0,1.317220323763747,0.0,0
2.18404024530583,0.2271637798479279,539.0,9308.0,0.41371058861875193,1.5459668591556417,0.0,39924.0,1.317220323763747,0.0,0
2.1840508025092373,0.2271637798479279,540.0,9308.0,0.4137211458221592,1.5459668591556426,0.0,39924.0,1.317220323763747,0.0,0
2.1841200711485964,0.22722259632980898,541.0,9310.0,0.41373159797963743,1.545966859155642,0.0,39924.0,1.317220323763747,0.0,0
2.1841304193053697,0.22722259632980898,542.0,9310.0,0.4137419461364109,1.545966859155642,0.0,39924.0,1.317220323763747,0.0,0
2.1841497120085354,0.22723164384208117,543.0,9311.0,0.4137521913273042,1.545966859155642,0.0,39924.0,1.317220323763747,0.0,0
2.1841598552580765,0.22723164384208117,544.0,9311.0,0.4137623345768449,1.5459668591556426,0.0,39924.0,1.317220323763747,0.0,0
2.184169897580597,0.22723164384208117,545.0,9311.0,0.41377237689936625,1.545966859155642,0.0,39924.0,1.317220323763747,0.0,0
2.1841798399803407,0.22723164384208117,546.0,9311.0,0.41378231929910914,1.545966859155642,0.0,39924.0,1.317220323763747,0.0,0
2.1841896834515526,0.22723164384208117,547.0,9311.0,0.41379216277032155,1.5459668591556417,0.0,39924.0,1.317220323763747,0.0,0
2.1841994289785895,0.22723164384208117,548.0,9311.0,0.4138019082973588,1.5459668591556415,0.0,39924.0,1.317220323763747,0.0,0
2.1842090775360132,0.22723164384208117,549.0,9311.0,0.41381155685478194,1.545966859155642,0.0,39924.0,1.317220323763747,0.0,0
2.1842186300886857,0.22723164384208117,550.0,9311.0,0.41382110940745453,1.5459668591556415,0.0,39924.0,1.317220323763747,0.0,0
2.184228087591871,0.22723164384208117,551.0,9311.0,0.41383056691064,1.5459668591556417,0.0,39924.0,1.317220323763747,0.0,0
2.184237450991328,0.22723164384208117,552.0,9311.0,0.41383993031009647,1.5459668591556424,0.0,39924.0,1.317220323763747,0.0,0
2.1842467212234027,0.22723164384208117,553.0,9311.0,0.41384920054217167,1.5459668591556412,0.0,39924.0,1.317220323763747,0.0,0
2.184255899215128,0.22723164384208117,554.0,9311.0,0.4138583785338966,1.5459668591556421,0.0,39924.0,1.317220323763747,0.0,0
2.184264985884309,0.22723164384208117,555.0,9311.0,0.4138674652030779,1.5459668591556421,0.0,39924.0,1.317220323763747,0.0,0
2.1842739821396213,0.22723164384208117,556.0,9311.0,0.41387646145839024,1.545966859155642,0.0,39924.0,1.317220323763747,0.0,0
2.184282888880698,0.22723164384208117,557.0,9311.0,0.41388536819946653,1.5459668591556421,0.0,39924.0,1.317220323763747,0.0,0
2.184291706998219,0.22723164384208117,558.0,9311.0,0.41389418631698827,1.5459668591556412,0.0,39924.0,1.317220323763747,0.0,0
2.1843004373740063,0.22723164384208117,559.0,9311.0,0.41390291669277485,1.5459668591556424,0.0,39924.0,1.317220323763747,0.0,0
2.184363792470236,0.2272863554312153,560.0,9312.0,0.4139115601998707,1.5459668591556415,0.0,39924.0,1.317220323763747,0.0,0
2.1843723499729992,0.2272863554312153,561.0,9312.0,0.41392011770263415,1.5459668591556415,0.0,39924.0,1.317220323763747,0.0,0
2.184380822327188,0.2272863554312153,562.0,9312.0,0.4139285900568223,1.5459668591556426,0.0,39924.0,1.317220323763747,0.0,0
2.1843892103800435,0.2272863554312153,563.0,9312.0,0.41393697810967794,1.545966859155642,0.0,39924.0,1.317220323763747,0.0,0
2.184397514970378,0.2272863554312153,564.0,9312.0,0.41394528270001285,1.5459668591556412,0.0,39924.0,1.317220323763747,0.0,0
2.184405736928659,0.2272863554312153,565.0,9312.0,0.41395350465829345,1.5459668591556426,0.0,39924.0,1.317220323763747,0.0,0
2.1844138770770876,0.2272863554312153,566.0,9312.0,0.4139616448067223,1.5459668591556417,0.0,39924.0,1.317220323763747,0.0,0
2.184421936229686,0.2272863554312153,567.0,9312.0,0.41396970395932076,1.5459668591556421,0.0,39924.0,1.317220323763747,0.0,0
2.184429915192377,0.2272863554312153,568.0,9312.0,0.4139776829220114,1.5459668591556426,0.0,39924.0,1.317220323763747,0.0,0
2.1844378147630614,0.2272863554312153,569.0,9312.0,0.41398558249269646,1.5459668591556417,0.0,39924.0,1.317220323763747,0.0,0
2.1844456357317052,0.2272863554312153,570.0,9312.0,0.41399340346134,1.5459668591556417,0.0,39924.0,1.317220323763747,0.0,0
2.1844533788804106,0.2272863554312153,571.0,9312.0,0.41400114661004517,1.5459668591556424,0.0,39924.0,1.317220323763747,0.0,0
2.184461044983499,0.2272863554312153,572.0,9312.0,0.41400881271313356,1.5459668591556421,0.0,39924.0,1.317220323763747,0.0,0
2.184468634807587,0.2272863554312153,573.0,9312.0,0.41401640253722155,1.5459668591556417,0.0,39924.0,1.317220323763747,0.0,0
2.184476149111664,0.2272863554312153,574.0,9312.0,0.41402391684129825,1.5459668591556426,0.0,39924.0,1.317220323763747,0.0,0
2.1844835886471654,0.2272863554312153,575.0,9312.0,0.41403135637680005,1.5459668591556421,0.0,39924.0,1.317220323763747,0.0,0
2.184490954158052,0.2272863554312153,576.0,9312.0,0.41403872188768676,1.545966859155642,0.0,39924.0,1.317220323763747,0.0,0
2.1844982463808806,0.2272863554312153,577.0,9312.0,0.4140460141105156,1.5459668591556417,0.0,39924.0,1.317220323763747,0.0,0
2.1845054660448806,0.2272863554312153,578.0,9312.0,0.41405323377451503,1.5459668591556421,0.0,39924.0,1.317220323763747,0.0,0
2.18453872954741,0.22731247110660233,579.0,9313.0,0.41406038160165726,1.5459668591556421,0.0,39924.0,1.317220323763747,0.0,0
2.1845458062524834,0.22731247110660233,580.0,9313.0,0.41406745830673136,1.5459668591556417,0.0,39924.0,1.317220323763747,0.0,0
2.1845528125431652,0.22731247110660233,581.0,9313.0,0.4140744645974132,1.5459668591556412,0.0,39924.0,1.317220323763747,0.0,0
2.1845597491200905,0.22731247110660233,582.0,9313.0,0.41408140117433795,1.5459668591556417,0.0,39924.0,1.317220323763747,0.0,0
2.1845666166769213,0.22731247110660233,583.0,9313.0,0.4140882687311693,1.5459668591556412,0.0,39924.0,1.317220323763747,0.0,0
2.18457341590042,0.22731247110660233,584.0,9313.0,0.4140950679546682,1.5459668591556415,0.0,39924.0,1.317220323763747,0.0,0
2.1845801474705153,0.22731247110660233,585.0,9313.0,0.414101799524763,1.5459668591556415,0.0,39924.0,1.317220323763747,0.0,0
2.184586812060369,0.22731247110660233,586.0,9313.0,0.4141084641146163,1.5459668591556426,0.0,39924.0,1.317220323763747,0.0,0
2.184593410336445,0.22731247110660233,587.0,9313.0,0.4141150623906926,1.5459668591556417,0.0,39924.0,1.317220323763747,0.0,0
2.184599942958577,0.22731247110660233,588.0,9313.0,0.4141215950128249,1.545966859155642,0.0,39924.0,1.317220323763747,0.0,0
2.184606410580033,0.22731247110660233,589.0,9313.0,0.4141280626342809,1.5459668591556421,0.0,39924.0,1.317220323763747,0.0,0
2.1846128138475804,0.22731247110660233,590.0,9313.0,0.4141344659018281,1.545966859155642,0.0,39924.0,1.317220323763747,0.0,0
2.184619153401551,0.22731247110660233,591.0,9313.0,0.4141408054557988,1.545966859155642,0.0,39924.0,1.317220323763747,0.0,0
2.1846254298759056,0.22731247110660233,592.0,9313.0,0.4141470819301534,1.5459668591556417,0.0,39924.0,1.317220323763747,0.0,0
2.1846316438982973,0.22731247110660233,593.0,9313.0,0.414153295952545,1.5459668591556417,0.0,39924.0,1.317220323763747,0.0,0
2.1846377960901324,0.22731247110660233,594.0,9313.0,0.4141594481443803,1.5459668591556417,0.0,39924.0,1.317220323763747,0.0,0
2.1846438870666365,0.22731247110660233,595.0,9313.0,0.41416553912088433,1.5459668591556417,0.0,39924.0,1.317220323763747,0.0,0
2.1846499174369116,0.22731247110660233,596.0,9313.0,0.4141715694911594,1.5459668591556417,0.0,39924.0,1.317220323763747,0.0,0
2.184655887804,0.22731247110660233,597.0,9313.0,0.4141775398582477,1.5459668591556415,0.0,39924.0,1.317220323763747,0.0,0
2.1846617987649433,0.22731247110660233,598.0,9313.0,0.41418345081919095,1.5459668591556421,0.0,39924.0,1.317220323763747,0.0,0
2.1846676509108423,0.22731247110660233,599.0,9313.0,0.41418930296509,1.545966859155642,0.0,39924.0,1.317220323763747,0.0,0
2.1846734448269167,0.22731247110660233,600.0,9313.0,0.41419509688116457,1.5459668591556421,0.0,39924.0,1.317220323763747,0.0,0
2.184679181092563,0.22731247110660233,601.0,9313.0,0.4142008331468109,1.5459668591556417,0.0,39924.0,1.317220323763747,0.0,0
2.1846848602814126,0.22731247110660233,602.0,9313.0,0.4142065123356603,1.5459668591556421,0.0,39924.0,1.317220323763747,0.0,0
2.184690482961389,0.22731247110660233,603.0,9313.0,0.41421213501563653,1.5459668591556417,0.0,39924.0,1.317220323763747,0.0,0
2.1846960496947645,0.22731247110660233,604.0,9313.0,0.4142177017490121,1.5459668591556415,0.0,39924.0,1.317220323763747,0.0,0
2.1847015610382177,0.22731247110660233,605.0,9313.0,0.4142232130924653,1.5459668591556421,0.0,39924.0,1.317220323763747,0.0,0
2.184707017542887,0.22731247110660233,606.0,9313.0,0.41422866959713467,1.5459668591556417,0.0,39924.0,1.317220323763747,0.0,0
2.184712419754428,0.22731247110660233,607.0,9313.0,0.4142340718086756,1.5459668591556417,0.0,39924.0,1.317220323763747,0.0,0
2.184717768213066,0.22731247110660233,608.0,9313.0,0.41423942026731364,1.5459668591556421,0.0,39924.0,1.317220323763747,0.0,0
2.1847230634536516,0.22731247110660233,609.0,9313.0,0.41424471550789904,1.5459668591556426,0.0,39924.0,1.317220323763747,0.0,0
2.184728306005712,0.22731247110660233,610.0,9313.0,0.41424995805996007,1.5459668591556412,0.0,39924.0,1.317220323763747,0.0,0
2.184733496393509,0.22731247110660233,611.0,9313.0,0.41425514844775674,1.5459668591556417,0.0,39924.0,1.317220323763747,0.0,0
2.184738635136084,0.22731247110660233,612.0,9313.0,0.4142602871903317,1.545966859155642,0.0,39924.0,1.317220323763747,0.0,0
2.1847437227473163,0.22731247110660233,613.0,9313.0,0.4142653748015638,1.5459668591556424,0.0,39924.0,1.317220323763747,0.0,0
2.1847487597359705,0.22731247110660233,614.0,9313.0,0.4142704117902183,1.5459668591556415,0.0,39924.0,1.317220323763747,0.0,0
2.184753746605751,0.22731247110660233,615.0,9313.0,0.4142753986599986,1.5459668591556421,0.0,39924.0,1.317220323763747,0.0,0
2.1847586838553474,0.22731247110660233,616.0,9313.0,0.41428033590959523,1.5459668591556412,0.0,39924.0,1.317220323763747,0.0,0
2.1847635719784892,0.22731247110660233,617.0,9313.0,0.41428522403273743,1.5459668591556412,0.0,39924.0,1.317220323763747,0.0,0
2.184768411463994,0.22731247110660233,618.0,9313.0,0.41429006351824177,1.5459668591556417,0.0,39924.0,1.317220323763747,0.0,0
2.1847732027958133,0.22731247110660233,619.0,9313.0,0.4142948548500609,1.5459668591556417,0.0,39924.0,1.317220323763747,0.0,0
2.1847779464530843,0.22731247110660233,620.0,9313.0,0.414299598507332,1.5459668591556421,0.0,39924.0,1.317220323763747,0.0,0
2.184782642910177,0.22731247110660233,621.0,9313.0,0.41430429496442434,1.5459668591556417,0.0,39924.0,1.317220323763747,0.0,0
2.18478729263674,0.22731247110660233,622.0,9313.0,0.41430894469098783,1.5459668591556421,0.0,39924.0,1.317220323763747,0.0,0
2.1847918960977517,0.22731247110660233,623.0,9313.0,0.41431354815199906,1.5459668591556417,0.0,39924.0,1.317220323763747,0.0,0
2.1847964537535605,0.22731247110660233,624.0,9313.0,0.4143181058078081,1.5459668591556417,0.0,39924.0,1.317220323763747,0.0,0
2.1848009660599366,0.22731247110660233,625.0,9313.0,0.41432261811418397,1.545966859155642,0.0,39924.0,1.317220323763747,0.0,0
2.1848054334681137,0.22731247110660233,626.0,9313.0,0.4143270855223613,1.5459668591556421,0.0,39924.0,1.317220323763747,0.0,0
2.184809856424837,0.22731247110660233,627.0,9313.0,0.4143315084790844,1.5459668591556421,0.0,39924.0,1.317220323763747,0.0,0
2.184814235372405,0.22731247110660233,628.0,9313.0,0.41433588742665284,1.5459668591556417,0.0,39924.0,1.317220323763747,0.0,0
2.1848185707487175,0.22731247110660233,629.0,9313.0,0.41434022280296495,1.5459668591556424,0.0,39924.0,1.317220323763747,0.0,0
2.1848228629873145,0.22731247110660233,630.0,9313.0,0.4143445150415619,1.5459668591556417,0.0,39924.0,1.317220323763747,0.0,0
2.1848271125174237,0.22731247110660233,631.0,9313.0,0.4143487645716716,1.5459668591556417,0.0,39924.0,1.317220323763747,0.0,0
2.184831319764002,0.22731247110660233,632.0,9313.0,0.41435297181824976,1.5459668591556417,0.0,39924.0,1.317220323763747,0.0,0
2.1848354851477776,0.22731247110660233,633.0,9313.0,0.4143571372020254,1.5459668591556415,0.0,39924.0,1.317220323763747,0.0,0
2.184839609085292,0.22731247110660233,634.0,9313.0,0.4143612611395397,1.5459668591556424,0.0,39924.0,1.317220323763747,0.0,0
2.1848436919889425,0.22731247110660233,635.0,9313.0,0.4143653440431901,1.5459668591556415,0.0,39924.0,1.317220323763747,0.0,0
2.184847734267023,0.22731247110660233,636.0,9313.0,0.4143693863212707,1.5459668591556421,0.0,39924.0,1.317220323763747,0.0,0
2.1848517363237647,0.22731247110660233,637.0,9313.0,0.41437338837801213,1.545966859155642,0.0,39924.0,1.317220323763747,0.0,0
2.184855698559376,0.22731247110660233,638.0,9313.0,0.41437735061362374,1.5459668591556417,0.0,39924.0,1.317220323763747,0.0,0
2.1848596213700846,0.22731247110660233,639.0,9313.0,0.4143812734243321,1.5459668591556424,0.0,39924.0,1.317220323763747,0.0,0
2.184863505148174,0.22731247110660233,640.0,9313.0,0.41438515720242186,1.5459668591556417,0.0,39924.0,1.317220323763747,0.0,0
2.184867350282026,0.22731247110660233,641.0,9313.0,0.41438900233627407,1.5459668591556415,0.0,39924.0,1.317220323763747,0.0,0
2.184871157156157,0.22731247110660233,642.0,9313.0,0.41439280921040506,1.5459668591556421,0.0,39924.0,1.317220323763747,0.0,0
2.184874926151258,0.22731247110660233,643.0,9313.0,0.4143965782055055,1.5459668591556426,0.0,39924.0,1.317220323763747,0.0,0
2.1848786576442305,0.22731247110660233,644.0,9313.0,0.41440030969847813,1.5459668591556424,0.0,39924.0,1.317220323763747,0.0,0
2.184882352008228,0.22731247110660233,645.0,9313.0,0.41440400406247546,1.5459668591556426,0.0,39924.0,1.317220323763747,0.0,0
2.1848860096126894,0.22731247110660233,646.0,9313.0,0.4144076616669367,1.5459668591556421,0.0,39924.0,1.317220323763747,0.0,0
2.1848896308233776,0.22731247110660233,647.0,9313.0,0.41441128287762546,1.5459668591556412,0.0,39924.0,1.317220323763747,0.0,0
2.1848932160024184,0.22731247110660233,648.0,9313.0,0.4144148680566659,1.5459668591556424,0.0,39924.0,1.317220323763747,0.0,0
2.184896765508331,0.22731247110660233,649.0,9313.0,0.41441841756257897,1.5459668591556417,0.0,39924.0,1.317220323763747,0.0,0
2.1849002796960706,0.22731247110660233,650.0,9313.0,0.4144219317503179,1.5459668591556426,0.0,39924.0,1.317220323763747,0.0,0
2.1849037589170566,0.22731247110660233,651.0,9313.0,0.4144254109713044,1.5459668591556421,0.0,39924.0,1.317220323763747,0.0,0
2.184907203519216,0.22731247110660233,652.0,9313.0,0.41442885557346404,1.5459668591556417,0.0,39924.0,1.317220323763747,0.0,0
2.184910613847012,0.22731247110660233,653.0,9313.0,0.41443226590125926,1.5459668591556426,0.0,39924.0,1.317220323763747,0.0,0
2.1849139902414785,0.22731247110660233,654.0,9313.0,0.41443564229572616,1.5459668591556417,0.0,39924.0,1.317220323763747,0.0,0
2.1849173330402594,0.22731247110660233,655.0,9313.0,0.4144389850945068,1.5459668591556426,0.0,39924.0,1.317220323763747,0.0,0
2.184920642577636,0.22731247110660233,656.0,9313.0,0.4144422946318836,1.545966859155642,0.0,39924.0,1.317220323763747,0.0,0
2.1849239191845657,0.22731247110660233,657.0,9313.0,0.4144455712388135,1.5459668591556426,0.0,39924.0,1.317220323763747,0.0,0
2.184927163188712,0.22731247110660233,658.0,9313.0,0.41444881524295946,1.5459668591556421,0.0,39924.0,1.317220323763747,0.0,0
2.1849303749144773,0.22731247110660233,659.0,9313.0,0.4144520269687251,1.545966859155642,0.0,39924.0,1.317220323763747,0.0,0
2.184933554683038,0.22731247110660233,660.0,9313.0,0.41445520673728536,1.5459668591556424,0.0,39924.0,1.317220323763747,0.0,0
2.184936702812372,0.22731247110660233,661.0,9313.0,0.4144583548666196,1.5459668591556415,0.0,39924.0,1.317220323763747,0.0,0
2.184939819617296,0.22731247110660233,662.0,9313.0,0.4144614716715438,1.5459668591556421,0.0,39924.0,1.317220323763747,0.0,0
2.184942905409493,0.22731247110660233,663.0,9313.0,0.4144645574637408,1.545966859155642,0.0,39924.0,1.317220323763747,0.0,0
2.184945960497545,0.22731247110660233,664.0,9313.0,0.41446761255179254,1.5459668591556421,0.0,39924.0,1.317220323763747,0.0,0
2.1849489851869626,0.22731247110660233,665.0,9313.0,0.4144706372412101,1.5459668591556421,0.0,39924.0,1.317220323763747,0.0,0
2.1849519797802177,0.22731247110660233,666.0,9313.0,0.41447363183446523,1.5459668591556426,0.0,39924.0,1.317220323763747,0.0,0
2.1849549445767718,0.22731247110660233,667.0,9313.0,0.41447659663101943,1.5459668591556415,0.0,39924.0,1.317220323763747,0.0,0
2.1849578798731075,0.22731247110660233,668.0,9313.0,0.41447953192735504,1.5459668591556421,0.0,39924.0,1.317220323763747,0.0,0
2.184960785962757,0.22731247110660233,669.0,9313.0,0.4144824380170042,1.5459668591556428,0.0,39924.0,1.317220323763747,0.0,0
2.1849636631363305,0.22731247110660233,670.0,9313.0,0.4144853151905783,1.545966859155642,0.0,39924.0,1.317220323763747,0.0,0
2.1849665116815493,0.22731247110660233,671.0,9313.0,0.4144881637357968,1.5459668591556417,0.0,39924.0,1.317220323763747,0.0,0
2.184969331883269,0.22731247110660233,672.0,9313.0,0.4144909839375169,1.5459668591556412,0.0,39924.0,1.317220323763747,0.0,0
2.1849721240235134,0.22731247110660233,673.0,9313.0,0.41449377607776106,1.545966859155642,0.0,39924.0,1.317220323763747,0.0,0
2.1849748883814977,0.22731247110660233,674.0,9313.0,0.4144965404357455,1.545966859155642,0.0,39924.0,1.317220323763747,0.0,0
2.184977625233661,0.22731247110660233,675.0,9313.0,0.41449927728790836,1.545966859155642,0.0,39924.0,1.317220323763747,0.0,0
2.18498033485369,0.22731247110660233,676.0,9313.0,0.4145019869079375,1.545966859155642,0.0,39924.0,1.317220323763747,0.0,0
2.1849830175125486,0.22731247110660233,677.0,9313.0,0.41450466956679666,1.5459668591556421,0.0,39924.0,1.317220323763747,0.0,0
2.184985673478507,0.22731247110660233,678.0,9313.0,0.4145073255327541,1.5459668591556421,0.0,39924.0,1.317220323763747,0.0,0
2.184988303017161,0.22731247110660233,679.0,9313.0,0.41450995507140875,1.5459668591556415,0.0,39924.0,1.317220323763747,0.0,0
2.184990906391469,0.22731247110660233,680.0,9313.0,0.41451255844571677,1.5459668591556417,0.0,39924.0,1.317220323763747,0.0,0
2.1849934838617697,0.22731247110660233,681.0,9313.0,0.4145151359160174,1.5459668591556412,0.0,39924.0,1.317220323763747,0.0,0
2.1849960356858125,0.22731247110660233,682.0,9313.0,0.41451768774006026,1.545966859155642,0.0,39924.0,1.317220323763747,0.0,0
2.184998562118782,0.22731247110660233,683.0,9313.0,0.41452021417302953,1.5459668591556417,0.0,39924.0,1.317220323763747,0.0,0
2.1850010634133232,0.22731247110660233,684.0,9313.0,0.41452271546757075,1.5459668591556424,0.0,39924.0,1.317220323763747,0.0,0
2.185003539819568,0.22731247110660233,685.0,9313.0,0.41452519187381554,1.545966859155642,0.0,39924.0,1.317220323763747,0.0,0
2.1850059915851587,0.22731247110660233,686.0,9313.0,0.41452764363940636,1.5459668591556417,0.0,39924.0,1.317220323763747,0.0,0
2.1850084189552748,0.22731247110660233,687.0,9313.0,0.4145300710095219,1.5459668591556421,0.0,39924.0,1.317220323763747,0.0,0
2.185010822172654,0.22731247110660233,688.0,9313.0,0.4145324742269013,1.5459668591556426,0.0,39924.0,1.317220323763747,0.0,0
2.185013201477621,0.22731247110660233,689.0,9313.0,0.4145348535318684,1.5459668591556421,0.0,39924.0,1.317220323763747,0.0,0
2.1850155571081076,0.22731247110660233,690.0,9313.0,0.41453720916235526,1.5459668591556417,0.0,39924.0,1.317220323763747,0.0,0
2.18501788929968,0.22731247110660233,691.0,9313.0,0.41453954135392734,1.5459668591556421,0.0,39924.0,1.317220323763747,0.0,0
2.185020198285558,0.22731247110660233,692.0,9313.0,0.4145418503398054,1.5459668591556417,0.0,39924.0,1.317220323763747,0.0,0
2.1850224842966424,0.22731247110660233,693.0,9313.0,0.41454413635089016,1.5459668591556417,0.0,39924.0,1.317220323763747,0.0,0
2.1850247475615374,0.22731247110660233,694.0,9313.0,0.4145463996157847,1.5459668591556421,0.0,39924.0,1.317220323763747,0.0,0
2.185026988306569,0.22731247110660233,695.0,9313.0,0.414548640360817,1.545966859155641,0.0,39924.0,1.317220323763747,0.0,0
2.1850292067558166,0.22731247110660233,696.0,9313.0,0.41455085881006404,1.545966859155642,0.0,39924.0,1.317220323763747,0.0,0
2.1850314031311244,0.22731247110660233,697.0,9313.0,0.41455305518537205,1.5459668591556421,0.0,39924.0,1.317220323763747,0.0,0
2.185033577652133,0.22731247110660233,698.0,9313.0,0.4145552297063804,1.5459668591556421,0.0,39924.0,1.317220323763747,0.0,0
2.1850357305362964,0.22731247110660233,699.0,9313.0,0.4145573825905437,1.5459668591556417,0.0,39924.0,1.317220323763747,0.0,0
2.1850378619989033,0.22731247110660233,700.0,9313.0,0.4145595140531512,1.545966859155642,0.0,39924.0,1.317220323763747,0.0,0
2.185039972253104,0.22731247110660233,701.0,9313.0,0.4145616243073516,1.545966859155642,0.0,39924.0,1.317220323763747,0.0,0
2.185042061509924,0.22731247110660233,702.0,9313.0,0.4145637135641718,1.5459668591556417,0.0,39924.0,1.317220323763747,0.0,0
2.1850441299782917,0.22731247110660233,703.0,9313.0,0.4145657820325394,1.5459668591556421,0.0,39924.0,1.317220323763747,0.0,0
2.185046177865055,0.22731247110660233,704.0,9313.0,0.41456782991930274,1.5459668591556412,0.0,39924.0,1.317220323763747,0.0,0
2.1850482053750047,0.22731247110660233,705.0,9313.0,0.4145698574292524,1.5459668591556421,0.0,39924.0,1.317220323763747,0.0,0
2.1850502127108937,0.22731247110660233,706.0,9313.0,0.414571864765141,1.5459668591556426,0.0,39924.0,1.317220323763747,0.0,0
2.1850522000734562,0.22731247110660233,707.0,9313.0,0.41457385212770387,1.5459668591556424,0.0,39924.0,1.317220323763747,0.0,0
2.1850541676614306,0.22731247110660233,708.0,9313.0,0.4145758197156785,1.5459668591556415,0.0,39924.0,1.317220323763747,0.0,0
2.1850561156715784,0.22731247110660233,709.0,9313.0,0.4145777677258261,1.5459668591556417,0.0,39924.0,1.317220323763747,0.0,0
2.185058044298701,0.22731247110660233,710.0,9313.0,0.41457969635294856,1.5459668591556415,0.0,39924.0,1.317220323763747,0.0,0
2.1850599537356628,0.22731247110660233,711.0,9313.0,0.4145816057899107,1.5459668591556417,0.0,39924.0,1.317220323763747,0.0,0
2.1850618441734095,0.22731247110660233,712.0,9313.0,0.41458349622765744,1.5459668591556415,0.0,39924.0,1.317220323763747,0.0,0
2.185063715800987,0.22731247110660233,713.0,9313.0,0.41458536785523437,1.5459668591556424,0.0,39924.0,1.317220323763747,0.0,0
2.185065568805558,0.22731247110660233,714.0,9313.0,0.4145872208598058,1.5459668591556417,0.0,39924.0,1.317220323763747,0.0,0
2.185067403372426,0.22731247110660233,715.0,9313.0,0.41458905542667374,1.5459668591556417,0.0,39924.0,1.317220323763747,0.0,0
2.1850692196850487,0.22731247110660233,716.0,9313.0,0.4145908717392962,1.5459668591556421,0.0,39924.0,1.317220323763747,0.0,0
2.185071017925059,0.22731247110660233,717.0,9313.0,0.4145926699793063,1.5459668591556428,0.0,39924.0,1.317220323763747,0.0,0
2.185072798272282,0.22731247110660233,718.0,9313.0,0.4145944503265293,1.5459668591556421,0.0,39924.0,1.317220323763747,0.0,0
2.185074560904754,0.22731247110660233,719.0,9313.0,0.41459621295900134,1.5459668591556417,0.0,39924.0,1.317220323763747,0.0,0
2.1850763059987397,0.22731247110660233,720.0,9313.0,0.4145979580529873,1.5459668591556424,0.0,39924.0,1.317220323763747,0.0,0
2.1850780337287503,0.22731247110660233,721.0,9313.0,0.41459968578299783,1.5459668591556417,0.0,39924.0,1.317220323763747,0.0,0
2.1850797442675605,0.22731247110660233,722.0,9313.0,0.4146013963218076,1.5459668591556426,0.0,39924.0,1.317220323763747,0.0,0
2.1850814377862244,0.22731247110660233,723.0,9313.0,0.414603089840472,1.5459668591556417,0.0,39924.0,1.317220323763747,0.0,0
2.185083114454096,0.22731247110660233,724.0,9313.0,0.4146047665083441,1.5459668591556412,0.0,39924.0,1.317220323763747,0.0,0
2.185084774438844,0.22731247110660233,725.0,9313.0,0.41460642649309204,1.5459668591556417,0.0,39924.0,1.317220323763747,0.0,0
2.185086417906468,0.22731247110660233,726.0,9313.0,0.4146080699607156,1.5459668591556421,0.0,39924.0,1.317220323763747,0.0,0
2.1852114301662073,0.2274358562514938,727.0,9317.0,0.4146096970755633,1.545966859155642,0.0,39924.0,1.317220323763747,0.0,0
2.185213041090992,0.2274358562514938,728.0,9317.0,0.4146113080003477,1.5459668591556424,0.0,39924.0,1.317220323763747,0.0,0
2.185214635986806,0.2274358562514938,729.0,9317.0,0.41461290289616265,1.5459668591556415,0.0,39924.0,1.317220323763747,0.0,0
2.185216215013143,0.2274358562514938,730.0,9317.0,0.414614481922499,1.5459668591556417,0.0,39924.0,1.317220323763747,0.0,0
2.1852177783279045,0.2274358562514938,731.0,9317.0,0.41461604523726114,1.545966859155641,0.0,39924.0,1.317220323763747,0.0,0
2.1852193260874246,0.2274358562514938,732.0,9317.0,0.41461759299678125,1.545966859155641,0.0,39924.0,1.317220323763747,0.0,0
2.1852208584464803,0.2274358562514938,733.0,9317.0,0.4146191253558367,1.545966859155642,0.0,39924.0,1.317220323763747,0.0,0
2.185222375558309,0.2274358562514938,734.0,9317.0,0.41462064246766495,1.545966859155642,0.0,39924.0,1.317220323763747,0.0,0
2.1852238775746224,0.2274358562514938,735.0,9317.0,0.4146221444839784,1.5459668591556426,0.0,39924.0,1.317220323763747,0.0,0
2.1852253646456234,0.2274358562514938,736.0,9317.0,0.4146236315549795,1.5459668591556421,0.0,39924.0,1.317220323763747,0.0,0
2.185226836920021,0.2274358562514938,737.0,9317.0,0.4146251038293772,1.5459668591556415,0.0,39924.0,1.317220323763747,0.0,0
2.1852282945450434,0.2274358562514938,738.0,9317.0,0.41462656145439963,1.5459668591556421,0.0,39924.0,1.317220323763747,0.0,0
2.1852297376664547,0.2274358562514938,739.0,9317.0,0.414628004575811,1.5459668591556417,0.0,39924.0,1.317220323763747,0.0,0
2.185231166428568,0.2274358562514938,740.0,9317.0,0.4146294333379243,1.5459668591556417,0.0,39924.0,1.317220323763747,0.0,0
2.1852325809742608,0.2274358562514938,741.0,9317.0,0.414630847883617,1.5459668591556421,0.0,39924.0,1.317220323763747,0.0,0
2.185233981444989,0.2274358562514938,742.0,9317.0,0.4146322483543449,1.5459668591556421,0.0,39924.0,1.317220323763747,0.0,0
2.1852353679808,0.2274358562514938,743.0,9317.0,0.41463363489015626,1.5459668591556417,0.0,39924.0,1.317220323763747,0.0,0
2.1852367407203497,0.2274358562514938,744.0,9317.0,0.4146350076297058,1.5459668591556412,0.0,39924.0,1.317220323763747,0.0,0
2.1852380998009124,0.2274358562514938,745.0,9317.0,0.41463636671026866,1.5459668591556421,0.0,39924.0,1.317220323763747,0.0,0
2.1852394453583974,0.2274358562514938,746.0,9317.0,0.41463771226775376,1.5459668591556417,0.0,39924.0,1.317220323763747,0.0,0
2.185240777527363,0.2274358562514938,747.0,9317.0,0.41463904443671845,1.5459668591556426,0.0,39924.0,1.317220323763747,0.0,0
2.185242096441024,0.2274358562514938,748.0,9317.0,0.41464036335038024,1.5459668591556421,0.0,39924.0,1.317220323763747,0.0,0
2.1852434022312757,0.2274358562514938,749.0,9317.0,0.41464166914063194,1.5459668591556417,0.0,39924.0,1.317220323763747,0.0,0
2.1852446950286972,0.2274358562514938,750.0,9317.0,0.4146429619380535,1.5459668591556417,0.0,39924.0,1.317220323763747,0.0,0
2.18524597496257,0.2274358562514938,751.0,9317.0,0.4146442418719259,1.5459668591556421,0.0,39924.0,1.317220323763747,0.0,0
2.185247242160887,0.2274358562514938,752.0,9317.0,0.41464550907024333,1.5459668591556417,0.0,39924.0,1.317220323763747,0.0,0
2.1852484967503707,0.2274358562514938,753.0,9317.0,0.41464676365972697,1.5459668591556421,0.0,39924.0,1.317220323763747,0.0,0
2.1852497388564807,0.2274358562514938,754.0,9317.0,0.4146480057658366,1.5459668591556426,0.0,39924.0,1.317220323763747,0.0,0
2.185250968603428,0.2274358562514938,755.0,9317.0,0.414649235512784,1.5459668591556421,0.0,39924.0,1.317220323763747,0.0,0
2.1852521861141887,0.2274358562514938,756.0,9317.0,0.41465045302354464,1.5459668591556417,0.0,39924.0,1.317220323763747,0.0,0
2.1852533915105146,0.2274358562514938,757.0,9317.0,0.41465165841987106,1.5459668591556412,0.0,39924.0,1.317220323763747,0.0,0
2.1852545849129474,0.2274358562514938,758.0,9317.0,0.4146528518223033,1.5459668591556421,0.0,39924.0,1.317220323763747,0.0,0
2.185255766440827,0.2274358562514938,759.0,9317.0,0.4146540333501832,1.5459668591556417,0.0,39924.0,1.317220323763747,0.0,0
2.185256936212308,0.2274358562514938,760.0,9317.0,0.414655203121664,1.5459668591556412,0.0,39924.0,1.317220323763747,0.0,0
2.1852580943443685,0.2274358562514938,761.0,9317.0,0.41465636125372446,1.5459668591556421,0.0,39924.0,1.317220323763747,0.0,0
2.185259240952822,0.2274358562514938,762.0,9317.0,0.4146575078621782,1.5459668591556421,0.0,39924.0,1.317220323763747,0.0,0
2.185260376152331,0.2274358562514938,763.0,9317.0,0.4146586430616871,1.5459668591556421,0.0,39924.0,1.317220323763747,0.0,0
2.185261500056416,0.2274358562514938,764.0,9317.0,0.41465976696577245,1.5459668591556417,0.0,39924.0,1.317220323763747,0.0,0
2.1852626127774686,0.2274358562514938,765.0,9317.0,0.414660879686825,1.5459668591556417,0.0,39924.0,1.317220323763747,0.0,0
2.185263714426762,0.2274358562514938,766.0,9317.0,0.4146619813361182,1.5459668591556417,0.0,39924.0,1.317220323763747,0.0,0
2.1852648051144614,0.2274358562514938,767.0,9317.0,0.41466307202381786,1.5459668591556412,0.0,39924.0,1.317220323763747,0.0,0
2.185265884949637,0.2274358562514938,768.0,9317.0,0.41466415185899347,1.5459668591556417,0.0,39924.0,1.317220323763747,0.0,0
2.1852669540402734,0.2274358562514938,769.0,9317.0,0.4146652209496295,1.545966859155642,0.0,39924.0,1.317220323763747,0.0,0
2.18526801249328,0.2274358562514938,770.0,9317.0,0.414666279402636,1.5459668591556421,0.0,39924.0,1.317220323763747,0.0,0
2.185269060414503,0.2274358562514938,771.0,9317.0,0.41466732732385925,1.545966859155642,0.0,39924.0,1.317220323763747,0.0,0
2.185270097908736,0.2274358562514938,772.0,9317.0,0.41466836481809194,1.5459668591556417,0.0,39924.0,1.317220323763747,0.0,0
2.185271125079729,0.2274358562514938,773.0,9317.0,0.41466939198908465,1.5459668591556426,0.0,39924.0,1.317220323763747,0.0,0
2.185298266783373,0.22746198100466794,774.0,9318.0,0.41467040893955526,1.5459668591556412,0.0,39924.0,1.317220323763747,0.0,0
2.1852992736150174,0.22746198100466794,775.0,9318.0,0.4146714157711994,1.5459668591556417,0.0,39924.0,1.317220323763747,0.0,0
2.1853002704285194,0.22746198100466794,776.0,9318.0,0.4146724125847015,1.5459668591556417,0.0,39924.0,1.317220323763747,0.0,0
2.185301257323561,0.22746198100466794,777.0,9318.0,0.4146733994797434,1.5459668591556415,0.0,39924.0,1.317220323763747,0.0,0
2.1853022343988333,0.22746198100466794,778.0,9318.0,0.4146743765550158,1.5459668591556417,0.0,39924.0,1.317220323763747,0.0,0
2.1853032017520446,0.22746198100466794,779.0,9318.0,0.41467534390822647,1.545966859155642,0.0,39924.0,1.317220323763747,0.0,0
2.18530415947993,0.22746198100466794,780.0,9318.0,0.4146763016361122,1.5459668591556417,0.0,39924.0,1.317220323763747,0.0,0
2.185305107678264,0.22746198100466794,781.0,9318.0,0.41467724983444587,1.5459668591556417,0.0,39924.0,1.317220323763747,0.0,0
2.1853060464418665,0.22746198100466794,782.0,9318.0,0.4146781885980487,1.5459668591556415,0.0,39924.0,1.317220323763747,0.0,0
2.1853069758646155,0.22746198100466794,783.0,9318.0,0.41467911802079765,1.545966859155642,0.0,39924.0,1.317220323763747,0.0,0
2.1853078960394536,0.22746198100466794,784.0,9318.0,0.41468003819563587,1.5459668591556412,0.0,39924.0,1.317220323763747,0.0,0
2.1853088070583992,0.22746198100466794,785.0,9318.0,0.41468094921458115,1.545966859155642,0.0,39924.0,1.317220323763747,0.0,0
2.185309709012555,0.22746198100466794,786.0,9318.0,0.4146818511687367,1.5459668591556426,0.0,39924.0,1.317220323763747,0.0,0
2.185310601992116,0.22746198100466794,787.0,9318.0,0.41468274414829837,1.5459668591556417,0.0,39924.0,1.317220323763747,0.0,0
2.185311486086383,0.22746198100466794,788.0,9318.0,0.4146836282425647,1.5459668591556424,0.0,39924.0,1.317220323763747,0.0,0
2.1853123613837644,0.22746198100466794,789.0,9318.0,0.41468450353994657,1.5459668591556421,0.0,39924.0,1.317220323763747,0.0,0
2.1853132279717915,0.22746198100466794,790.0,9318.0,0.41468537012797374,1.5459668591556417,0.0,39924.0,1.317220323763747,0.0,0
2.1853140859371236,0.22746198100466794,791.0,9318.0,0.4146862280933059,1.5459668591556412,0.0,39924.0,1.317220323763747,0.0,0
2.185314935365558,0.22746198100466794,792.0,9318.0,0.4146870775217403,1.5459668591556408,0.0,39924.0,1.317220323763747,0.0,0
2.1853157763420383,0.22746198100466794,793.0,9318.0,0.41468791849822056,1.5459668591556412,0.0,39924.0,1.317220323763747,0.0,0
2.185316608950663,0.22746198100466794,794.0,9318.0,0.4146887511068452,1.545966859155642,0.0,39924.0,1.317220323763747,0.0,0
2.185317433274694,0.22746198100466794,795.0,9318.0,0.4146895754308756,1.5459668591556426,0.0,39924.0,1.317220323763747,0.0,0
2.1853182493965626,0.22746198100466794,796.0,9318.0,0.41469039155274484,1.5459668591556417,0.0,39924.0,1.317220323763747,0.0,0
2.1853190573978836,0.22746198100466794,797.0,9318.0,0.4146911995540657,1.5459668591556421,0.0,39924.0,1.317220323763747,0.0,0
2.1853198573594574,0.22746198100466794,798.0,9318.0,0.4146919995156391,1.5459668591556421,0.0,39924.0,1.317220323763747,0.0,0
2.1853206493612802,0.22746198100466794,799.0,9318.0,0.414692791517462,1.5459668591556424,0.0,39924.0,1.317220323763747,0.0,0
2.1853214334825526,0.22746198100466794,800.0,9318.0,0.4146935756387348,1.5459668591556415,0.0,39924.0,1.317220323763747,0.0,0
2.1853222098016887,0.22746198100466794,801.0,9318.0,0.4146943519578709,1.5459668591556417,0.0,39924.0,1.317220323763747,0.0,0
2.18532297839632,0.22746198100466794,802.0,9318.0,0.4146951205525025,1.5459668591556417,0.0,39924.0,1.317220323763747,0.0,0
2.1853237393433074,0.22746198100466794,803.0,9318.0,0.4146958814994896,1.5459668591556417,0.0,39924.0,1.317220323763747,0.0,0
2.185324492718746,0.22746198100466794,804.0,9318.0,0.41469663487492764,1.5459668591556421,0.0,39924.0,1.317220323763747,0.0,0
2.185325238597973,0.22746198100466794,805.0,9318.0,0.414697380754155,1.545966859155642,0.0,39924.0,1.317220323763747,0.0,0
2.185325977055578,0.22746198100466794,806.0,9318.0,0.4146981192117598,1.545966859155642,0.0,39924.0,1.317220323763747,0.0,0
2.1853267081654066,0.22746198100466794,807.0,9318.0,0.41469885032158876,1.5459668591556412,0.0,39924.0,1.317220323763747,0.0,0
2.1853274320005713,0.22746198100466794,808.0,9318.0,0.4146995741567535,1.5459668591556417,0.0,39924.0,1.317220323763747,0.0,0
2.185328148633456,0.22746198100466794,809.0,9318.0,0.41470029078963777,1.5459668591556421,0.0,39924.0,1.317220323763747,0.0,0
2.185328858135724,0.22746198100466794,810.0,9318.0,0.41470100029190593,1.5459668591556426,0.0,39924.0,1.317220323763747,0.0,0
2.1853295605783267,0.22746198100466794,811.0,9318.0,0.4147017027345086,1.5459668591556426,0.0,39924.0,1.317220323763747,0.0,0
2.1853302560315084,0.22746198100466794,812.0,9318.0,0.4147023981876904,1.5459668591556417,0.0,39924.0,1.317220323763747,0.0,0
2.1853309445648157,0.22746198100466794,813.0,9318.0,0.41470308672099754,1.5459668591556421,0.0,39924.0,1.317220323763747,0.0,0
2.185331626247102,0.22746198100466794,814.0,9318.0,0.41470376840328377,1.5459668591556417,0.0,39924.0,1.317220323763747,0.0,0
2.185332301146536,0.22746198100466794,815.0,9318.0,0.4147044433027179,1.5459668591556421,0.0,39924.0,1.317220323763747,0.0,0
2.1853329693306085,0.22746198100466794,816.0,9318.0,0.41470511148679035,1.545966859155642,0.0,39924.0,1.317220323763747,0.0,0
2.1853336308661384,0.22746198100466794,817.0,9318.0,0.4147057730223203,1.5459668591556412,0.0,39924.0,1.317220323763747,0.0,0
2.18533428581928,0.22746198100466794,818.0,9318.0,0.4147064279754618,1.5459668591556421,0.0,39924.0,1.317220323763747,0.0,0
2.1853349342555286,0.22746198100466794,819.0,9318.0,0.4147070764117107,1.5459668591556417,0.0,39924.0,1.317220323763747,0.0,0
2.185335576239729,0.22746198100466794,820.0,9318.0,0.4147077183959111,1.5459668591556421,0.0,39924.0,1.317220323763747,0.0,0
2.1853362118360797,0.22746198100466794,821.0,9318.0,0.41470835399226175,1.5459668591556421,0.0,39924.0,1.317220323763747,0.0,0
2.185336841108141,0.22746198100466794,822.0,9318.0,0.41470898326432315,1.545966859155642,0.0,39924.0,1.317220323763747,0.0,0
2.185337464118841,0.22746198100466794,823.0,9318.0,0.41470960627502323,1.5459668591556417,0.0,39924.0,1.317220323763747,0.0,0
2.1853380809304808,0.22746198100466794,824.0,9318.0,0.4147102230866628,1.5459668591556417,0.0,39924.0,1.317220323763747,0.0,0
2.1853386916047426,0.22746198100466794,825.0,9318.0,0.4147108337609244,1.5459668591556428,0.0,39924.0,1.317220323763747,0.0,0
2.1853392962026934,0.22746198100466794,826.0,9318.0,0.4147114383588753,1.5459668591556426,0.0,39924.0,1.317220323763747,0.0,0
2.185339894784794,0.22746198100466794,827.0,9318.0,0.41471203694097614,1.545966859155642,0.0,39924.0,1.317220323763747,0.0,0
2.1853404874109037,0.22746198100466794,828.0,9318.0,0.41471262956708566,1.5459668591556421,0.0,39924.0,1.317220323763747,0.0,0
2.185341074140285,0.22746198100466794,829.0,9318.0,0.41471321629646685,1.545966859155642,0.0,39924.0,1.317220323763747,0.0,0
2.1853416550316114,0.22746198100466794,830.0,9318.0,0.414713797187793,1.5459668591556428,0.0,39924.0,1.317220323763747,0.0,0
2.185342230142972,0.22746198100466794,831.0,9318.0,0.41471437229915403,1.545966859155642,0.0,39924.0,1.317220323763747,0.0,0
2.1853427995318793,0.22746198100466794,832.0,9318.0,0.4147149416880614,1.545966859155642,0.0,39924.0,1.317220323763747,0.0,0
2.185343363255272,0.22746198100466794,833.0,9318.0,0.4147155054114545,1.5459668591556415,0.0,39924.0,1.317220323763747,0.0,0
2.185343921369524,0.22746198100466794,834.0,9318.0,0.41471606352570606,1.5459668591556421,0.0,39924.0,1.317220323763747,0.0,0
2.1853444739304457,0.22746198100466794,835.0,9318.0,0.41471661608662774,1.5459668591556417,0.0,39924.0,1.317220323763747,0.0,0
2.1853450209932954,0.22746198100466794,836.0,9318.0,0.4147171631494769,1.5459668591556424,0.0,39924.0,1.317220323763747,0.0,0
2.185345562612777,0.22746198100466794,837.0,9318.0,0.41471770476895936,1.5459668591556412,0.0,39924.0,1.317220323763747,0.0,0
2.185346098843056,0.22746198100466794,838.0,9318.0,0.4147182409992382,1.545966859155642,0.0,39924.0,1.317220323763747,0.0,0
2.1853466297377544,0.22746198100466794,839.0,9318.0,0.4147187718939365,1.5459668591556417,0.0,39924.0,1.317220323763747,0.0,0
2.1853471553499624,0.22746198100466794,840.0,9318.0,0.41471929750614417,1.5459668591556421,0.0,39924.0,1.317220323763747,0.0,0
2.185347675732242,0.22746198100466794,841.0,9318.0,0.41471981788842344,1.5459668591556424,0.0,39924.0,1.317220323763747,0.0,0
2.18534819093663,0.22746198100466794,842.0,9318.0,0.4147203330928122,1.5459668591556421,0.0,39924.0,1.317220323763747,0.0,0
2.1853487010146497,0.22746198100466794,843.0,9318.0,0.4147208431708317,1.5459668591556421,0.0,39924.0,1.317220323763747,0.0,0
2.1853492060173076,0.22746198100466794,844.0,9318.0,0.4147213481734899,1.5459668591556415,0.0,39924.0,1.317220323763747,0.0,0
2.185349705995106,0.22746198100466794,845.0,9318.0,0.41472184815128776,1.545966859155642,0.0,39924.0,1.317220323763747,0.0,0
2.1853502009980414,0.22746198100466794,846.0,9318.0,0.41472234315422357,1.5459668591556412,0.0,39924.0,1.317220323763747,0.0,0
2.185350691075616,0.22746198100466794,847.0,9318.0,0.41472283323179787,1.5459668591556424,0.0,39924.0,1.317220323763747,0.0,0
2.1853511762768365,0.22746198100466794,848.0,9318.0,0.4147233184330186,1.5459668591556421,0.0,39924.0,1.317220323763747,0.0,0
2.1853516566502247,0.22746198100466794,849.0,9318.0,0.4147237988064066,1.5459668591556421,0.0,39924.0,1.317220323763747,0.0,0
2.185352132243818,0.22746198100466794,850.0,9318.0,0.41472427439999976,1.545966859155643,0.0,39924.0,1.317220323763747,0.0,0
2.185352603105175,0.22746198100466794,851.0,9318.0,0.4147247452613574,1.5459668591556415,0.0,39924.0,1.317220323763747,0.0,0
2.1853530692813843,0.22746198100466794,852.0,9318.0,0.41472521143756635,1.5459668591556421,0.0,39924.0,1.317220323763747,0.0,0
2.185353530819062,0.22746198100466794,853.0,9318.0,0.41472567297524443,1.5459668591556415,0.0,39924.0,1.317220323763747,0.0,0
2.185353987764364,0.22746198100466794,854.0,9318.0,0.41472612992054597,1.5459668591556426,0.0,39924.0,1.317220323763747,0.0,0
2.1853544401629836,0.22746198100466794,855.0,9318.0,0.41472658231916554,1.545966859155642,0.0,39924.0,1.317220323763747,0.0,0
2.185354888060162,0.22746198100466794,856.0,9318.0,0.41472703021634394,1.5459668591556417,0.0,39924.0,1.317220323763747,0.0,0
2.185355331500689,0.22746198100466794,857.0,9318.0,0.4147274736568709,1.545966859155642,0.0,39924.0,1.317220323763747,0.0,0
2.1853557705289086,0.22746198100466794,858.0,9318.0,0.41472791268509074,1.5459668591556417,0.0,39924.0,1.317220323763747,0.0,0
2.1853562051887243,0.22746198100466794,859.0,9318.0,0.4147283473449068,1.5459668591556412,0.0,39924.0,1.317220323763747,0.0,0
2.1853566355236036,0.22746198100466794,860.0,9318.0,0.4147287776797855,1.5459668591556412,0.0,39924.0,1.317220323763747,0.0,0
2.185357061576579,0.22746198100466794,861.0,9318.0,0.4147292037327608,1.5459668591556417,0.0,39924.0,1.317220323763747,0.0,0
2.185357483390256,0.22746198100466794,862.0,9318.0,0.41472962554643805,1.545966859155642,0.0,39924.0,1.317220323763747,0.0,0
2.1853579010068174,0.22746198100466794,863.0,9318.0,0.414730043162999,1.5459668591556426,0.0,39924.0,1.317220323763747,0.0,0
2.1853583144680235,0.22746198100466794,864.0,9318.0,0.41473045662420577,1.545966859155642,0.0,39924.0,1.317220323763747,0.0,0
2.1853587238152232,0.22746198100466794,865.0,9318.0,0.4147308659714048,1.5459668591556426,0.0,39924.0,1.317220323763747,0.0,0
2.185359129089349,0.22746198100466794,866.0,9318.0,0.4147312712455312,1.5459668591556421,0.0,39924.0,1.317220323763747,0.0,0
2.1853595303309308,0.22746198100466794,867.0,9318.0,0.41473167248711257,1.5459668591556417,0.0,39924.0,1.317220323763747,0.0,0
2.1853599275800915,0.22746198100466794,868.0,9318.0,0.4147320697362737,1.545966859155642,0.0,39924.0,1.317220323763747,0.0,0
2.185360320876557,0.22746198100466794,869.0,9318.0,0.4147324630327393,1.5459668591556417,0.0,39924.0,1.317220323763747,0.0,0
2.185360710259658,0.22746198100466794,870.0,9318.0,0.41473285241583985,1.5459668591556421,0.0,39924.0,1.317220323763747,0.0,0
2.185361095768332,0.22746198100466794,871.0,9318.0,0.4147332379245139,1.5459668591556421,0.0,39924.0,1.317220323763747,0.0,0
2.18536147744113,0.22746198100466794,872.0,9318.0,0.4147336195973123,1.5459668591556417,0.0,39924.0,1.317220323763747,0.0,0
2.1853618553162213,0.22746198100466794,873.0,9318.0,0.41473399747240325,1.5459668591556424,0.0,39924.0,1.317220323763747,0.0,0
2.185362229431392,0.22746198100466794,874.0,9318.0,0.41473437158757404,1.5459668591556421,0.0,39924.0,1.317220323763747,0.0,0
2.1853625998240545,0.22746198100466794,875.0,9318.0,0.4147347419802365,1.5459668591556417,0.0,39924.0,1.317220323763747,0.0,0
2.185362966531249,0.22746198100466794,876.0,9318.0,0.4147351086874308,1.5459668591556421,0.0,39924.0,1.317220323763747,0.0,0
2.1853633295896455,0.22746198100466794,877.0,9318.0,0.4147354717458274,1.5459668591556417,0.0,39924.0,1.317220323763747,0.0,0
2.1853636890355506,0.22746198100466794,878.0,9318.0,0.4147358311917324,1.5459668591556424,0.0,39924.0,1.317220323763747,0.0,0
2.185364044904909,0.22746198100466794,879.0,9318.0,0.41473618706109094,1.545966859155642,0.0,39924.0,1.317220323763747,0.0,0
2.1853643972333083,0.22746198100466794,880.0,9318.0,0.4147365393894905,1.5459668591556421,0.0,39924.0,1.317220323763747,0.0,0
2.1853647460559817,0.22746198100466794,881.0,9318.0,0.41473688821216353,1.5459668591556424,0.0,39924.0,1.317220323763747,0.0,0
2.1853650914078115,0.22746198100466794,882.0,9318.0,0.4147372335639931,1.5459668591556424,0.0,39924.0,1.317220323763747,0.0,0
2.1853654333233323,0.22746198100466794,883.0,9318.0,0.4147375754795146,1.5459668591556417,0.0,39924.0,1.317220323763747,0.0,0
2.1853657718367376,0.22746198100466794,884.0,9318.0,0.41473791399291987,1.5459668591556412,0.0,39924.0,1.317220323763747,0.0,0
2.1853661069818786,0.22746198100466794,885.0,9318.0,0.41473824913806023,1.5459668591556421,0.0,39924.0,1.317220323763747,0.0,0
2.1853664387922693,0.22746198100466794,886.0,9318.0,0.414738580948451,1.545966859155642,0.0,39924.0,1.317220323763747,0.0,0
2.1853667673010913,0.22746198100466794,887.0,9318.0,0.4147389094572734,1.5459668591556421,0.0,39924.0,1.317220323763747,0.0,0
2.185367092541196,0.22746198100466794,888.0,9318.0,0.4147392346973778,1.5459668591556421,0.0,39924.0,1.317220323763747,0.0,0
2.185367414545107,0.22746198100466794,889.0,9318.0,0.4147395567012895,1.545966859155641,0.0,39924.0,1.317220323763747,0.0,0
2.1853677333450263,0.22746198100466794,890.0,9318.0,0.4147398755012085,1.5459668591556417,0.0,39924.0,1.317220323763747,0.0,0
2.1853680489728338,0.22746198100466794,891.0,9318.0,0.4147401911290155,1.5459668591556421,0.0,39924.0,1.317220323763747,0.0,0
2.185368361460091,0.22746198100466794,892.0,9318.0,0.41474050361627324,1.5459668591556421,0.0,39924.0,1.317220323763747,0.0,0
2.185368670838049,0.22746198100466794,893.0,9318.0,0.414740812994231,1.5459668591556424,0.0,39924.0,1.317220323763747,0.0,0
2.1853689771376446,0.22746198100466794,894.0,9318.0,0.41474111929382645,1.5459668591556421,0.0,39924.0,1.317220323763747,0.0,0
2.1853692803895077,0.22746198100466794,895.0,9318.0,0.4147414225456901,1.5459668591556412,0.0,39924.0,1.317220323763747,0.0,0
2.185369580623965,0.22746198100466794,896.0,9318.0,0.4147417227801472,1.545966859155642,0.0,39924.0,1.317220323763747,0.0,0
2.1853698778710395,0.22746198100466794,897.0,9318.0,0.4147420200272216,1.545966859155642,0.0,39924.0,1.317220323763747,0.0,0
2.185370172160456,0.22746198100466794,898.0,9318.0,0.41474231431663816,1.5459668591556417,0.0,39924.0,1.317220323763747,0.0,0
2.1853704635216444,0.22746198100466794,899.0,9318.0,0.4147426056778262,1.5459668591556421,0.0,39924.0,1.317220323763747,0.0,0
2.18537075198374,0.22746198100466794,900.0,9318.0,0.414742894139922,1.5459668591556417,0.0,39924.0,1.317220323763747,0.0,0
2.1853710375755897,0.22746198100466794,901.0,9318.0,0.41474317973177177,1.545966859155642,0.0,39924.0,1.317220323763747,0.0,0
2.1853713203257534,0.22746198100466794,902.0,9318.0,0.4147434624819354,1.545966859155642,0.0,39924.0,1.317220323763747,0.0,0
2.185371600262506,0.22746198100466794,903.0,9318.0,0.41474374241868783,1.5459668591556426,0.0,39924.0,1.317220323763747,0.0,0
2.1853718774138406,0.22746198100466794,904.0,9318.0,0.4147440195700229,1.5459668591556417,0.0,39924.0,1.317220323763747,0.0,0
2.1853721518074742,0.22746198100466794,905.0,9318.0,0.4147442939636562,1.5459668591556417,0.0,39924.0,1.317220323763747,0.0,0
2.185372423470845,0.22746198100466794,906.0,9318.0,0.41474456562702733,1.5459668591556417,0.0,39924.0,1.317220323763747,0.0,0
2.1853726924311205,0.22746198100466794,907.0,9318.0,0.4147448345873027,1.5459668591556421,0.0,39924.0,1.317220323763747,0.0,0
2.1853729587151967,0.22746198100466794,908.0,9318.0,0.4147451008713785,1.5459668591556421,0.0,39924.0,1.317220323763747,0.0,0
2.1853732223497015,0.22746198100466794,909.0,9318.0,0.4147453645058835,1.5459668591556421,0.0,39924.0,1.317220323763747,0.0,0
2.1853734833609995,0.22746198100466794,910.0,9318.0,0.4147456255171814,1.5459668591556421,0.0,39924.0,1.317220323763747,0.0,0
2.1853737417751913,0.22746198100466794,911.0,9318.0,0.4147458839313735,1.5459668591556417,0.0,39924.0,1.317220323763747,0.0,0
2.1853739976181195,0.22746198100466794,912.0,9318.0,0.4147461397743014,1.5459668591556415,0.0,39924.0,1.317220323763747,0.0,0
2.1853742509153675,0.22746198100466794,913.0,9318.0,0.4147463930715496,1.5459668591556424,0.0,39924.0,1.317220323763747,0.0,0
2.1853745016922663,0.22746198100466794,914.0,9318.0,0.4147466438484481,1.5459668591556417,0.0,39924.0,1.317220323763747,0.0,0
2.1853747499738927,0.22746198100466794,915.0,9318.0,0.41474689213007504,1.5459668591556421,0.0,39924.0,1.317220323763747,0.0,0
2.185374995785076,0.22746198100466794,916.0,9318.0,0.4147471379412582,1.5459668591556415,0.0,39924.0,1.317220323763747,0.0,0
2.1853752391503973,0.22746198100466794,917.0,9318.0,0.4147473813065792,1.545966859155642,0.0,39924.0,1.317220323763747,0.0,0
2.185375480094193,0.22746198100466794,918.0,9318.0,0.414747622250375,1.5459668591556421,0.0,39924.0,1.317220323763747,0.0,0
2.185375718640558,0.22746198100466794,919.0,9318.0,0.4147478607967398,1.5459668591556417,0.0,39924.0,1.317220323763747,0.0,0
2.1853759548133467,0.22746198100466794,920.0,9318.0,0.41474809696952863,1.545966859155642,0.0,39924.0,1.317220323763747,0.0,0
2.185376188636177,0.22746198100466794,921.0,9318.0,0.41474833079235895,1.5459668591556412,0.0,39924.0,1.317220323763747,0.0,0
2.1853764201324313,0.22746198100466794,922.0,9318.0,0.41474856228861323,1.5459668591556415,0.0,39924.0,1.317220323763747,0.0,0
2.1853766493252595,0.22746198100466794,923.0,9318.0,0.4147487914814414,1.5459668591556421,0.0,39924.0,1.317220323763747,0.0,0
2.1853768762375805,0.22746198100466794,924.0,9318.0,0.4147490183937627,1.5459668591556417,0.0,39924.0,1.317220323763747,0.0,0
2.185377100892087,0.22746198100466794,925.0,9318.0,0.4147492430482688,1.5459668591556426,0.0,39924.0,1.317220323763747,0.0,0
2.185377323311243,0.22746198100466794,926.0,9318.0,0.4147494654674251,1.545966859155642,0.0,39924.0,1.317220323763747,0.0,0
2.185377543517292,0.22746198100466794,927.0,9318.0,0.41474968567347387,1.5459668591556424,0.0,39924.0,1.317220323763747,0.0,0
2.1853777615322536,0.22746198100466794,928.0,9318.0,0.41474990368843573,1.545966859155642,0.0,39924.0,1.317220323763747,0.0,0
2.1853779773779305,0.22746198100466794,929.0,9318.0,0.41475011953411256,1.545966859155642,0.0,39924.0,1.317220323763747,0.0,0
2.185378191075907,0.22746198100466794,930.0,9318.0,0.41475033323208915,1.5459668591556417,0.0,39924.0,1.317220323763747,0.0,0
2.1853784026475536,0.22746198100466794,931.0,9318.0,0.4147505448037352,1.5459668591556417,0.0,39924.0,1.317220323763747,0.0,0
2.185378612114026,0.22746198100466794,932.0,9318.0,0.41475075427020813,1.5459668591556421,0.0,39924.0,1.317220323763747,0.0,0
2.185378819496273,0.22746198100466794,933.0,9318.0,0.4147509616524551,1.545966859155642,0.0,39924.0,1.317220323763747,0.0,0
2.185379024815032,0.22746198100466794,934.0,9318.0,0.41475116697121417,1.5459668591556417,0.0,39924.0,1.317220323763747,0.0,0
2.1853792280908353,0.22746198100466794,935.0,9318.0,0.4147513702470173,1.545966859155642,0.0,39924.0,1.317220323763747,0.0,0
2.1853794293440103,0.22746198100466794,936.0,9318.0,0.4147515715001923,1.5459668591556421,0.0,39924.0,1.317220323763747,0.0,0
2.185379628594683,0.22746198100466794,937.0,9318.0,0.4147517707508652,1.5459668591556421,0.0,39924.0,1.317220323763747,0.0,0
2.185379825862778,0.22746198100466794,938.0,9318.0,0.41475196801896025,1.5459668591556412,0.0,39924.0,1.317220323763747,0.0,0
2.185380021168023,0.22746198100466794,939.0,9318.0,0.4147521633242051,1.545966859155642,0.0,39924.0,1.317220323763747,0.0,0
2.1853802145299484,0.22746198100466794,940.0,9318.0,0.41475235668613064,1.5459668591556417,0.0,39924.0,1.317220323763747,0.0,0
2.1853804059678907,0.22746198100466794,941.0,9318.0,0.4147525481240725,1.5459668591556421,0.0,39924.0,1.317220323763747,0.0,0
2.1853805955009933,0.22746198100466794,942.0,9318.0,0.4147527376571751,1.5459668591556421,0.0,39924.0,1.317220323763747,0.0,0
2.1853807831482097,0.22746198100466794,943.0,9318.0,0.414752925304392,1.5459668591556417,0.0,39924.0,1.317220323763747,0.0,0
2.185380968928305,0.22746198100466794,944.0,9318.0,0.4147531110844875,1.5459668591556417,0.0,39924.0,1.317220323763747,0.0,0
2.1853811528598586,0.22746198100466794,945.0,9318.0,0.4147532950160406,1.5459668591556415,0.0,39924.0,1.317220323763747,0.0,0
2.185381334961262,0.22746198100466794,946.0,9318.0,0.41475347711744387,1.545966859155642,0.0,39924.0,1.317220323763747,0.0,0
2.185381515250726,0.22746198100466794,947.0,9318.0,0.4147536574069081,1.5459668591556421,0.0,39924.0,1.317220323763747,0.0,0
2.18538169374628,0.22746198100466794,948.0,9318.0,0.41475383590246206,1.5459668591556417,0.0,39924.0,1.317220323763747,0.0,0
2.1853818704657737,0.22746198100466794,949.0,9318.0,0.41475401262195566,1.5459668591556421,0.0,39924.0,1.317220323763747,0.0,0
2.185382045426879,0.22746198100466794,950.0,9318.0,0.4147541875830607,1.5459668591556421,0.0,39924.0,1.317220323763747,0.0,0
2.1853822186470917,0.22746198100466794,951.0,9318.0,0.4147543608032739,1.5459668591556412,0.0,39924.0,1.317220323763747,0.0,0
2.1853823901437353,0.22746198100466794,952.0,9318.0,0.41475453229991727,1.5459668591556421,0.0,39924.0,1.317220323763747,0.0,0
2.185382559933958,0.22746198100466794,953.0,9318.0,0.41475470209014037,1.5459668591556421,0.0,39924.0,1.317220323763747,0.0,0
2.18538272803474,0.22746198100466794,954.0,9318.0,0.41475487019092233,1.545966859155642,0.0,39924.0,1.317220323763747,0.0,0
2.185382894462892,0.22746198100466794,955.0,9318.0,0.41475503661907404,1.5459668591556424,0.0,39924.0,1.317220323763747,0.0,0
2.1853830592350554,0.22746198100466794,956.0,9318.0,0.4147552013912376,1.5459668591556417,0.0,39924.0,1.317220323763747,0.0,0
2.1853832223677085,0.22746198100466794,957.0,9318.0,0.41475536452389067,1.5459668591556421,0.0,39924.0,1.317220323763747,0.0,0
2.185383383877165,0.22746198100466794,958.0,9318.0,0.4147555260333469,1.5459668591556421,0.0,39924.0,1.317220323763747,0.0,0
2.1853835437795754,0.22746198100466794,959.0,9318.0,0.4147556859357573,1.5459668591556417,0.0,39924.0,1.317220323763747,0.0,0
2.1853837020909297,0.22746198100466794,960.0,9318.0,0.414755844247112,1.5459668591556417,0.0,39924.0,1.317220323763747,0.0,0
2.1853838588270604,0.22746198100466794,961.0,9318.0,0.4147560009832423,1.5459668591556421,0.0,39924.0,1.317220323763747,0.0,0
2.18538401400364,0.22746198100466794,962.0,9318.0,0.41475615615982203,1.5459668591556424,0.0,39924.0,1.317220323763747,0.0,0
2.185384167636187,0.22746198100466794,963.0,9318.0,0.4147563097923692,1.5459668591556424,0.0,39924.0,1.317220323763747,0.0,0
2.185384319740065,0.22746198100466794,964.0,9318.0,0.4147564618962469,1.5459668591556421,0.0,39924.0,1.317220323763747,0.0,0
2.185384470330484,0.22746198100466794,965.0,9318.0,0.41475661248666584,1.5459668591556421,0.0,39924.0,1.317220323763747,0.0,0
2.1853846194225026,0.22746198100466794,966.0,9318.0,0.4147567615786848,1.5459668591556417,0.0,39924.0,1.317220323763747,0.0,0
2.1853847670310316,0.22746198100466794,967.0,9318.0,0.4147569091872135,1.5459668591556426,0.0,39924.0,1.317220323763747,0.0,0
2.185384913170831,0.22746198100466794,968.0,9318.0,0.414757055327013,1.5459668591556421,0.0,39924.0,1.317220323763747,0.0,0
2.1853850578565153,0.22746198100466794,969.0,9318.0,0.4147572000126971,1.5459668591556424,0.0,39924.0,1.317220323763747,0.0,0
2.1853852011025525,0.22746198100466794,970.0,9318.0,0.4147573432587343,1.5459668591556421,0.0,39924.0,1.317220323763747,0.0,0
2.185385342923268,0.22746198100466794,971.0,9318.0,0.41475748507945,1.5459668591556417,0.0,39924.0,1.317220323763747,0.0,0
2.185385483332844,0.22746198100466794,972.0,9318.0,0.41475762548902584,1.5459668591556417,0.0,39924.0,1.317220323763747,0.0,0
2.1853856223453207,0.22746198100466794,973.0,9318.0,0.4147577645015031,1.5459668591556417,0.0,39924.0,1.317220323763747,0.0,0
2.1853857599746007,0.22746198100466794,974.0,9318.0,0.41475790213078306,1.5459668591556412,0.0,39924.0,1.317220323763747,0.0,0
2.185385896234447,0.22746198100466794,975.0,9318.0,0.4147580383906288,1.5459668591556421,0.0,39924.0,1.317220323763747,0.0,0
2.1853860311384845,0.22746198100466794,976.0,9318.0,0.4147581732946665,1.545966859155642,0.0,39924.0,1.317220323763747,0.0,0
2.1853861647002044,0.22746198100466794,977.0,9318.0,0.4147583068563863,1.5459668591556417,0.0,39924.0,1.317220323763747,0.0,0
2.1853862969329634,0.22746198100466794,978.0,9318.0,0.41475843908914517,1.5459668591556417,0.0,39924.0,1.317220323763747,0.0,0
2.185386427849984,0.22746198100466794,979.0,9318.0,0.414758570006166,1.5459668591556424,0.0,39924.0,1.317220323763747,0.0,0
2.1853865574643585,0.22746198100466794,980.0,9318.0,0.41475869962054057,1.5459668591556417,0.0,39924.0,1.317220323763747,0.0,0
2.185386685789049,0.22746198100466794,981.0,9318.0,0.4147588279452308,1.5459668591556417,0.0,39924.0,1.317220323763747,0.0,0
2.1853868128368865,0.22746198100466794,982.0,9318.0,0.41475895499306864,1.5459668591556417,0.0,39924.0,1.317220323763747,0.0,0
2.1853869386205775,0.22746198100466794,983.0,9318.0,0.41475908077675966,1.5459668591556412,0.0,39924.0,1.317220323763747,0.0,0
2.1853870631527,0.22746198100466794,984.0,9318.0,0.4147592053088819,1.545966859155642,0.0,39924.0,1.317220323763747,0.0,0
2.185387186445707,0.22746198100466794,985.0,9318.0,0.4147593286018892,1.5459668591556412,0.0,39924.0,1.317220323763747,0.0,0
2.185387308511928,0.22746198100466794,986.0,9318.0,0.41475945066811,1.5459668591556421,0.0,39924.0,1.317220323763747,0.0,0
2.1853874293635704,0.22746198100466794,987.0,9318.0,0.4147595715197522,1.5459668591556426,0.0,39924.0,1.317220323763747,0.0,0
2.185387549012718,0.22746198100466794,988.0,9318.0,0.41475969116889994,1.545966859155642,0.0,39924.0,1.317220323763747,0.0,0
2.1853876674713373,0.22746198100466794,989.0,9318.0,0.41475980962751907,1.545966859155642,0.0,39924.0,1.317220323763747,0.0,0
2.1853877847512733,0.22746198100466794,990.0,9318.0,0.4147599269074551,1.5459668591556417,0.0,39924.0,1.317220323763747,0.0,0
2.1853879008642543,0.22746198100466794,991.0,9318.0,0.4147600430204364,1.545966859155642,0.0,39924.0,1.317220323763747,0.0,0
2.1853880158218923,0.22746198100466794,992.0,9318.0,0.41476015797807425,1.545966859155642,0.0,39924.0,1.317220323763747,0.0,0
2.1853881296356823,0.22746198100466794,993.0,9318.0,0.4147602717918644,1.5459668591556421,0.0,39924.0,1.317220323763747,0.0,0
2.185388242317006,0.22746198100466794,994.0,9318.0,0.4147603844731884,1.5459668591556417,0.0,39924.0,1.317220323763747,0.0,0
2.185388353877132,0.22746198100466794,995.0,9318.0,0.41476049603331444,1.545966859155642,0.0,39924.0,1.317220323763747,0.0,0
2.1853884643272172,0.22746198100466794,996.0,9318.0,0.41476060648339885,1.5459668591556426,0.0,39924.0,1.317220323763747,0.0,0
2.1853885736783045,0.22746198100466794,997.0,9318.0,0.4147607158344864,1.5459668591556421,0.0,39924.0,1.317220323763747,0.0,0
2.1853886819413306,0.22746198100466794,998.0,9318.0,0.4147608240975125,1.5459668591556424,0.0,39924.0,1.317220323763747,0.0,0
2.1853887891271215,0.22746198100466794,999.0,9318.0,0.4147609312833036,1.545966859155642,0.0,39924.0,1.317220323763747,0.0,0
2.1853888952463962,0.22746198100466794,1000.0,9318.0,0.41476103740257814,1.5459668591556421,0.0,39924.0,1.317220323763747,0.0,0
2.1853890003097667,0.22746198100466794,1001.0,9318.0,0.4147611424659485,1.5459668591556421,0.0,39924.0,1.317220323763747,0.0,0
2.1853891043277387,0.22746198100466794,1002.0,9318.0,0.41476124648392054,1.5459668591556417,0.0,39924.0,1.317220323763747,0.0,0
2.1853892073107146,0.22746198100466794,1003.0,9318.0,0.4147613494668967,1.5459668591556424,0.0,39924.0,1.317220323763747,0.0,0
2.185389309268993,0.22746198100466794,1004.0,9318.0,0.4147614514251748,1.5459668591556424,0.0,39924.0,1.317220323763747,0.0,0
2.1853894102127693,0.22746198100466794,1005.0,9318.0,0.4147615523689513,1.5459668591556426,0.0,39924.0,1.317220323763747,0.0,0
2.1853894102127693,0.22746198100466794,1005.0,9318.0,0.4147615523689513,1.5459668591556426,0.0,39924.0,1.317220323763747,0.0,0
2.1853894102127693,0.22746198100466794,1005.0,9318.0,0.4147615523689513,1.5459668591556426,0.0,39924.0,1.317220323763747,0.0,0
0.5279687491827625,0.12038177254442213,1005.0,16239.0,0.4168744287479255,-0.00014754234694199758,0.0,39711.0,-0.00012504078956049458,0.0,0
0.5279687491827625,0.12038177254442213,1005.0,16239.0,0.4168744287479255,-0.00014754234694199758,0.0,39711.0,-0.00012504078956049458,0.0,0
0.4213369692590388,0.08954477436838638,1006.0,17573.0,0.3412402121594445,-0.00014758694524821657,0.0,39699.0,-0.00012504078956049458,0.0,0
0.38992874358423574,0.0828366339725731,1007.0,17925.0,0.3165401268804547,-0.00014758694524825486,0.0,39699.0,-0.00012504078956049458,0.0,0
0.3705896816141234,0.07908844356041021,1008.0,18134.0,0.30094925532250516,-0.00014758694524802523,0.0,39699.0,-0.00012504078956049458,0.0,0
0.3571772788774018,0.07741371886455775,1009.0,18233.0,0.2892115772816361,-0.00014758694524819377,0.0,39699.0,-0.00012504078956049458,0.0,0
0.34730931063108034,0.07740974333158403,1010.0,18234.0,0.2793475845682884,-0.00014758694524818583,0.0,39699.0,-0.00012504078956049458,0.0,0
0.33854851644455475,0.07740974333158403,1011.0,18234.0,0.27058679038176264,-0.0001475869452481471,0.0,39699.0,-0.00012504078956049458,0.0,0
0.3305692188624262,0.07740974333158403,1012.0,18234.0,0.26260749279963413,-0.00014758694524813362,0.0,39699.0,-0.00012504078956049458,0.0,0
0.32321844392810695,0.07740974333158403,1013.0,18234.0,0.25525671786531484,-0.0001475869452480407,0.0,39699.0,-0.00012504078956049458,0.0,0
0.3164085732151368,0.07740974333158403,1014.0,18234.0,0.24844684715234477,-0.00014758694524818255,0.0,39699.0,-0.00012504078956049458,0.0,0
0.31007900283230255,0.07740974333158403,1015.0,18234.0,0.2421172767695106,-0.00014758694524815889,0.0,39699.0,-0.00012504078956049458,0.0,0
0.30418175588664564,0.07740974333158403,1016.0,18234.0,0.23622002982385368,-0.00014758694524810606,0.0,39699.0,-0.00012504078956049458,0.0,0
0.2986759338299946,0.07740974333158403,1017.0,18234.0,0.2307142077672026,-0.00014758694524825289,0.0,39699.0,-0.00012504078956049458,0.0,0
0.29352544378809736,0.07740974333158403,1018.0,18234.0,0.22556371772530534,-0.00014758694524815265,0.0,39699.0,-0.00012504078956049458,0.0,0
0.28869795307931156,0.07740974333158403,1019.0,18234.0,0.22073622701651954,-0.0001475869452480688,0.0,39699.0,-0.00012504078956049458,0.0,0
0.28416431511827084,0.07740974333158403,1020.0,18234.0,0.2162025890554788,-0.00014758694524816656,0.0,39699.0,-0.00012504078956049458,0.0,0
0.27989818676324696,0.07740974333158403,1021.0,18234.0,0.2119364607004549,-0.0001475869452481587,0.0,39699.0,-0.00012504078956049458,0.0,0
0.2758757324067133,0.07740974333158403,1022.0,18234.0,0.20791400634392135,-0.00014758694524823963,0.0,39699.0,-0.00012504078956049458,0.0,0
0.27187794842562246,0.0772123170178202,1023.0,18259.0,0.2041136486765942,-0.00014758694524808378,0.0,39699.0,-0.00012504078956049458,0.0,0
0.26814795497283384,0.07708012226232665,1024.0,18276.0,0.20051584997929925,-0.00014758694524816162,0.0,39699.0,-0.00012504078956049458,0.0,0
0.2645430993737113,0.07688819991062552,1025.0,18301.0,0.19710291673187771,-0.00014758694524805418,0.0,39699.0,-0.00012504078956049458,0.0,0
0.26117759574736465,0.07676678927989604,1026.0,18317.0,0.19385882373626068,-0.00014758694524822548,0.0,39699.0,-0.00012504078956049458,0.0,0
0.2579904227843744,0.07666938473917126,1027.0,18330.0,0.19076905531399516,-0.00014758694524818642,0.0,39699.0,-0.00012504078956049458,0.0,0
0.25488672696650677,0.07651428249627702,1028.0,18351.0,0.18782046173902187,-0.00014758694524825384,0.0,39699.0,-0.00012504078956049458,0.0,0
0.2519568092932574,0.07640369718501752,1029.0,18369.0,0.1850011293770319,-0.0001475869452481393,0.0,39699.0,-0.00012504078956049458,0.0,0
0.24909190722958374,0.07623966130032259,1030.0,18397.0,0.18230026319805331,-0.00014758694524823492,0.0,39699.0,-0.00012504078956049458,0.0,0
0.2463403021147223,0.07608023890937356,1031.0,18423.0,0.1797080804741408,-0.00014758694524818586,0.0,39699.0,-0.00012504078956049458,0.0,0
0.24374260775631007,0.07597491043124702,1032.0,18442.0,0.17721571459385502,-0.0001475869452481135,0.0,39699.0,-0.00012504078956049458,0.0,0
0.24115543029074196,0.07578831953017291,1033.0,18474.0,0.17481512802936103,-0.00014758694524810752,0.0,39699.0,-0.00012504078956049458,0.0,0
0.23872078561575275,0.07566976929990173,1034.0,18494.0,0.17249903358464302,-0.00014758694524809064,0.0,39699.0,-0.00012504078956049458,0.0,0
0.2363939545107547,0.07558114864294437,1035.0,18509.0,0.17026082313660235,-0.00014758694524806846,0.0,39699.0,-0.00012504078956049458,0.0,0
0.2341357405162187,0.07548925462907208,1036.0,18525.0,0.16809450315593866,-0.00014758694524820984,0.0,39699.0,-0.00012504078956049458,0.0,0
0.23193142415281942,0.07538480505899042,1037.0,18543.0,0.16599463636262102,-0.00014758694524818323,0.0,39699.0,-0.00012504078956049458,0.0,0
0.22982525412157573,0.07531698245819902,1038.0,18554.0,0.16395628893216874,-0.0001475869452481962,0.0,39699.0,-0.00012504078956049458,0.0,0
0.2277205027398693,0.07519353728413629,1039.0,18576.0,0.161974982724525,-0.00014758694524811896,0.0,39699.0,-0.00012504078956049458,0.0,0
0.22570486767833536,0.07510623288955627,1040.0,18591.0,0.16004665205757104,-0.00014758694524806822,0.0,39699.0,-0.00012504078956049458,0.0,0
0.22370217546415358,0.07498258814012988,1041.0,18615.0,0.1581676045928157,-0.00014758694524822827,0.0,39699.0,-0.00012504078956049458,0.0,0
0.22147982847739392,0.07459335980423756,1042.0,18655.0,0.15633448594194832,-0.00014758694524813297,0.0,39699.0,-0.00012504078956049458,0.0,0
0.2191563223421672,0.07406009197077891,1043.0,18702.0,0.1545442476401803,-0.0001475869452481541,0.0,39699.0,-0.00012504078956049458,0.0,0
0.21695796138754644,0.07361186049034016,1044.0,18740.0,0.15279411816599825,-0.0001475869452481431,0.0,39699.0,-0.00012504078956049458,0.0,0
0.2147470624909589,0.07311350304231441,1045.0,18784.0,0.15108157671743652,-0.00014758694524817314,0.0,39699.0,-0.00012504078956049458,0.0,0
0.21271052945587426,0.0727542172421023,1046.0,18815.0,0.14940432948256405,-0.0001475869452481507,0.0,39699.0,-0.00012504078956049458,0.0,0
0.21069688313445983,0.0723846122364079,1047.0,18841.0,0.14776028816684392,-0.00014758694524811544,0.0,39699.0,-0.00012504078956049458,0.0,0
0.20877392369927558,0.07207439040545906,1048.0,18863.0,0.14614755056260847,-0.00014758694524810646,0.0,39699.0,-0.00012504078956049458,0.0,0
0.2068418094690756,0.0717254437715395,1049.0,18888.0,0.14456438296632815,-0.00014758694524817244,0.0,39699.0,-0.00012504078956049458,0.0,0
0.2050927813088671,0.07153159430981144,1050.0,18902.0,0.14300920426784766,-0.0001475869452480979,0.0,39699.0,-0.00012504078956049458,0.0,0
0.20326241355401647,0.07122985927031607,1051.0,18924.0,0.14148057155249238,-0.00014758694524809223,0.0,39699.0,-0.00012504078956049458,0.0,0
0.20155482070724792,0.07102567090395093,1052.0,18939.0,0.139977167072089,-0.00014758694524810145,0.0,39699.0,-0.00012504078956049458,0.0,0
0.19977901396017775,0.07072924477432767,1053.0,18961.0,0.13849778645464214,-0.0001475869452481775,0.0,39699.0,-0.00012504078956049458,0.0,0
0.1980418277653844,0.07044851699936922,1054.0,18982.0,0.13704132803480723,-0.00014758694524815588,0.0,39699.0,-0.00012504078956049458,0.0,0
0.1962362257931526,0.07007745986343279,1055.0,19010.0,0.13560678319851185,-0.00014758694524815365,0.0,39699.0,-0.00012504078956049458,0.0,0
0.19455985436536535,0.06981464398892766,1056.0,19030.0,0.13419322764522967,-0.00014758694524814585,0.0,39699.0,-0.00012504078956049458,0.0,0
0.1930491849795044,0.06969738876770434,1057.0,19039.0,0.1327998134805921,-0.00014758694524823283,0.0,39699.0,-0.00012504078956049458,0.0,0
0.19144278860772082,0.0694650438161811,1058.0,19057.0,0.13142576206033169,-0.00014758694524806025,0.0,39699.0,-0.00012504078956049458,0.0,0
0.18992095897816347,0.06929861873288469,1059.0,19070.0,0.1300703575140708,-0.00014758694524819553,0.0,39699.0,-0.00012504078956049458,0.0,0
0.18835479484243364,0.06906987122695404,1060.0,19088.0,0.12873294088427162,-0.00014758694524816913,0.0,39699.0,-0.00012504078956049458,0.0,0
0.18683311171038108,0.06886822415735686,1061.0,19104.0,0.12741290482181622,-0.00014758694524817447,0.0,39699.0,-0.00012504078956049458,0.0,0
0.1853546370687631,0.06869296555229482,1062.0,19118.0,0.12610968878526024,-0.0001475869452481363,0.0,39699.0,-0.00012504078956049458,0.0,0
0.18379467652911796,0.06841991910207157,1063.0,19140.0,0.12482277469583837,-0.0001475869452481202,0.0,39699.0,-0.00012504078956049458,0.0,0
0.1823882745554043,0.06828460881933351,1064.0,19151.0,0.12355168300486276,-0.0001475869452481781,0.0,39699.0,-0.00012504078956049458,0.0,0
0.1807908673712909,0.06794291550580149,1065.0,19179.0,0.12229596913428141,-0.00014758694524812956,0.0,39699.0,-0.00012504078956049458,0.0,0
0.17933246318545942,0.06772526019935672,1066.0,19197.0,0.1210552202548947,-0.00014758694524810937,0.0,39699.0,-0.00012504078956049458,0.0,0
0.1779621965085195,0.06758116140720129,1067.0,19209.0,0.11982905237011021,-0.0001475869452481121,0.0,39699.0,-0.00012504078956049458,0.0,0
0.17654748255705502,0.0673783921496777,1068.0,19226.0,0.11861710767616929,-0.0001475869452480971,0.0,39699.0,-0.00012504078956049458,0.0,0
0.17511319994609303,0.06714216504233875,1069.0,19246.0,0.11741905217254628,-0.00014758694524816604,0.0,39699.0,-0.00012504078956049458,0.0,0
0.17376481634238602,0.06697826011245411,1070.0,19260.0,0.11623457349872392,-0.00014758694524819212,0.0,39699.0,-0.00012504078956049458,0.0,0
0.17240765478328463,0.06679229307626475,1071.0,19276.0,0.11506337897581186,-0.00014758694524810885,0.0,39699.0,-0.00012504078956049458,0.0,0
0.17099565316749854,0.0665384766027645,1072.0,19298.0,0.11390519383352604,-0.00014758694524814596,0.0,39699.0,-0.00012504078956049458,0.0,0
0.1696441280368406,0.06633238570073392,1073.0,19316.0,0.1127597596048987,-0.00014758694524815853,0.0,39699.0,-0.00012504078956049458,0.0,0
0.16842039137439585,0.06624157597042059,1074.0,19324.0,0.11162683267276725,-0.00014758694524814387,0.0,39699.0,-0.00012504078956049458,0.0,0
0.16711938352633998,0.06606121784152308,1075.0,19340.0,0.11050618295360888,-0.0001475869452481326,0.0,39699.0,-0.00012504078956049458,0.0,0
0.16588770690920104,0.06593813147233392,1076.0,19351.0,0.10939759270565909,-0.00014758694524812712,0.0,39699.0,-0.00012504078956049458,0.0,0
0.164635406214187,0.06578256803348059,1077.0,19365.0,0.1083008554494984,-0.00014758694524811744,0.0,39699.0,-0.00012504078956049458,0.0,0
0.16341809767047313,0.06565033994885325,1078.0,19377.0,0.10721577499041186,-0.00014758694524809104,0.0,39699.0,-0.00012504078956049458,0.0,0
0.16220233658272007,0.06550818931866421,1079.0,19390.0,0.10614216453284786,-0.00014758694524813858,0.0,39699.0,-0.00012504078956049458,0.0,0
0.1610531349609386,0.06542130635151103,1080.0,19398.0,0.10507984587821956,-0.00014758694524814474,0.0,39699.0,-0.00012504078956049458,0.0,0
0.1599156969122456,0.06533506548290964,1081.0,19406.0,0.10402864869812803,-0.00014758694524820445,0.0,39699.0,-0.00012504078956049458,0.0,0
0.1587255371048902,0.06518514449784377,1082.0,19420.0,0.10298840987583845,-0.00014758694524817287,0.0,39699.0,-0.00012504078956049458,0.0,0
0.15752596691807846,0.06501501127734709,1083.0,19436.0,0.10195897290952342,-0.00014758694524817802,0.0,39699.0,-0.00012504078956049458,0.0,0
0.15644389197783165,0.06495172187521937,1084.0,19442.0,0.10094018737140432,-0.00014758694524819583,0.0,39699.0,-0.00012504078956049458,0.0,0
0.15535176054987804,0.06486786940118955,1085.0,19450.0,0.09993190841748051,-0.00014758694524819274,0.0,39699.0,-0.00012504078956049458,0.0,0
0.15435384847543812,0.06486786940118955,1086.0,19450.0,0.09893399634304059,-0.00014758694524817726,0.0,39699.0,-0.00012504078956049458,0.0,0
0.15336616831200559,0.06486786940118955,1087.0,19450.0,0.097946316179608,-0.0001475869452480771,0.0,39699.0,-0.00012504078956049458,0.0,0
0.1523885894617838,0.06486786940118955,1088.0,19450.0,0.0969687373293863,-0.00014758694524815715,0.0,39699.0,-0.00012504078956049458,0.0,0
0.1514209853660422,0.06486786940118955,1089.0,19450.0,0.09600113323364459,-0.00014758694524808104,0.0,39699.0,-0.00012504078956049458,0.0,0
0.15046323320421873,0.06486786940118955,1090.0,19450.0,0.09504338107182118,-0.00014758694524813923,0.0,39699.0,-0.00012504078956049458,0.0,0
0.14951521362082798,0.06486786940118955,1091.0,19450.0,0.09409536148843042,-0.00014758694524814002,0.0,39699.0,-0.00012504078956049458,0.0,0
0.14857681047753366,0.06486786940118955,1092.0,19450.0,0.09315695834513615,-0.00014758694524817808,0.0,39699.0,-0.00012504078956049458,0.0,0
0.14764791062800126,0.06486786940118955,1093.0,19450.0,0.09222805849560373,-0.00014758694524814279,0.0,39699.0,-0.00012504078956049458,0.0,0
0.14672840371336973,0.06486786940118955,1094.0,19450.0,0.09130855158097217,-0.00014758694524812042,0.0,39699.0,-0.00012504078956049458,0.0,0
0.14581818197638904,0.06486786940118955,1095.0,19450.0,0.09039832984399156,-0.000147586945248207,0.0,39699.0,-0.00012504078956049458,0.0,0
0.14491714009245496,0.06486786940118955,1096.0,19450.0,0.08949728796005742,-0.00014758694524813856,0.0,39699.0,-0.00012504078956049458,0.0,0
0.14402517501593978,0.06486786940118955,1097.0,19450.0,0.08860532288354223,-0.00014758694524814907,0.0,39699.0,-0.00012504078956049458,0.0,0
0.14314218584037378,0.06486786940118955,1098.0,19450.0,0.08772233370797622,-0.00014758694524813707,0.0,39699.0,-0.00012504078956049458,0.0,0
0.14226807367116412,0.06486786940118955,1099.0,19450.0,0.08684822153876659,-0.0001475869452481564,0.0,39699.0,-0.00012504078956049458,0.0,0
0.14140274150966795,0.06486786940118955,1100.0,19450.0,0.0859828893772704,-0.0001475869452481186,0.0,39699.0,-0.00012504078956049458,0.0,0
0.14054609414754513,0.06486786940118955,1101.0,19450.0,0.08512624201514762,-0.0001475869452481945,0.0,39699.0,-0.00012504078956049458,0.0,0
0.13969803807042167,0.06486786940118955,1102.0,19450.0,0.08427818593802411,-0.0001475869452481356,0.0,39699.0,-0.00012504078956049458,0.0,0
0.13885848136998263,0.06486786940118955,1103.0,19450.0,0.0834386292375851,-0.0001475869452481722,0.0,39699.0,-0.00012504078956049458,0.0,0
0.13802733366370298,0.06486786940118955,1104.0,19450.0,0.08260748153130541,-0.00014758694524812064,0.0,39699.0,-0.00012504078956049458,0.0,0
0.13720450602149328,0.06486786940118955,1105.0,19450.0,0.08178465388909577,-0.00014758694524813522,0.0,39699.0,-0.00012504078956049458,0.0,0
0.13638991089861252,0.06486786940118955,1106.0,19450.0,0.08097005876621496,-0.00014758694524810693,0.0,39699.0,-0.00012504078956049458,0.0,0
0.13558346207425634,0.06486786940118955,1107.0,19450.0,0.08016360994185881,-0.00014758694524815203,0.0,39699.0,-0.00012504078956049458,0.0,0
0.13478507459528943,0.06486786940118955,1108.0,19450.0,0.07936522246289192,-0.0001475869452481691,0.0,39699.0,-0.00012504078956049458,0.0,0
0.1339946647246382,0.06486786940118955,1109.0,19450.0,0.07857481259224067,-0.00014758694524817732,0.0,39699.0,-0.00012504078956049458,0.0,0
0.13321214989390792,0.06486786940118955,1110.0,19450.0,0.07779229776151039,-0.00014758694524816894,0.0,39699.0,-0.00012504078956049458,0.0,0
0.13243744865982904,0.06486786940118955,1111.0,19450.0,0.07701759652743152,-0.00014758694524816382,0.0,39699.0,-0.00012504078956049458,0.0,0
0.13167048066417472,0.06486786940118955,1112.0,19450.0,0.07625062853177722,-0.00014758694524814937,0.0,39699.0,-0.00012504078956049458,0.0,0
0.13091116659682636,0.06486786940118955,1113.0,19450.0,0.07549131446442879,-0.00014758694524812267,0.0,39699.0,-0.00012504078956049458,0.0,0
0.13015942816169382,0.06486786940118955,1114.0,19450.0,0.07473957602929633,-0.0001475869452481919,0.0,39699.0,-0.00012504078956049458,0.0,0
0.12941518804522598,0.06486786940118955,1115.0,19450.0,0.07399533591282847,-0.00014758694524816526,0.0,39699.0,-0.00012504078956049458,0.0,0
0.12867836988727002,0.06486786940118955,1116.0,19450.0,0.07325851775487247,-0.00014758694524814287,0.0,39699.0,-0.00012504078956049458,0.0,0
0.1279488982540644,0.06486786940118955,1117.0,19450.0,0.07252904612166686,-0.00014758694524811468,0.0,39699.0,-0.00012504078956049458,0.0,0
0.12722669861316746,0.06486786940118955,1118.0,19450.0,0.07180684648076995,-0.0001475869452481576,0.0,39699.0,-0.00012504078956049458,0.0,0
0.12651169731014422,0.06486786940118955,1119.0,19450.0,0.07109184517774668,-0.00014758694524812847,0.0,39699.0,-0.00012504078956049458,0.0,0
0.12580382154685005,0.06486786940118955,1120.0,19450.0,0.07038396941445252,-0.00014758694524812032,0.0,39699.0,-0.00012504078956049458,0.0,0
0.12510299936116598,0.06486786940118955,1121.0,19450.0,0.0696831472287684,-0.00014758694524810058,0.0,39699.0,-0.00012504078956049458,0.0,0
0.124409159608053,0.06486786940118955,1122.0,19450.0,0.06898930747565543,-0.000147586945248136,0.0,39699.0,-0.00012504078956049458,0.0,0
0.12372223194180647,0.06486786940118955,1123.0,19450.0,0.0683023798094089,-0.00014758694524810904,0.0,39699.0,-0.00012504078956049458,0.0,0
0.12304214679940167,0.06486786940118955,1124.0,19450.0,0.06762229466700412,-0.0001475869452481286,0.0,39699.0,-0.00012504078956049458,0.0,0
0.12236883538483362,0.06486786940118955,1125.0,19450.0,0.06694898325243608,-0.0001475869452481366,0.0,39699.0,-0.00012504078956049458,0.0,0
0.12170222965436141,0.06486786940118955,1126.0,19450.0,0.06628237752196386,-0.00014758694524812183,0.0,39699.0,-0.00012504078956049458,0.0,0
0.12104226230257752,0.06486786940118955,1127.0,19450.0,0.06562241017017997,-0.00014758694524813427,0.0,39699.0,-0.00012504078956049458,0.0,0
0.12038886674922915,0.06486786940118955,1128.0,19450.0,0.06496901461683163,-0.00014758694524815547,0.0,39699.0,-0.00012504078956049458,0.0,0
0.11974197712672552,0.06486786940118955,1129.0,19450.0,0.06432212499432798,-0.00014758694524815105,0.0,39699.0,-0.00012504078956049458,0.0,0
0.11910152826827174,0.06486786940118955,1130.0,19450.0,0.06368167613587418,-0.00014758694524809806,0.0,39699.0,-0.00012504078956049458,0.0,0
0.11846745569657507,0.06486786940118955,1131.0,19450.0,0.06304760356417753,-0.00014758694524812492,0.0,39699.0,-0.00012504078956049458,0.0,0
0.1178396956130751,0.06486786940118955,1132.0,19450.0,0.06241984348067758,-0.00014758694524816086,0.0,39699.0,-0.00012504078956049458,0.0,0
0.11721818488765261,0.06486786940118955,1133.0,19450.0,0.06179833275525506,-0.00014758694524813877,0.0,39699.0,-0.00012504078956049458,0.0,0
0.1166028610487776,0.06486786940118955,1134.0,19450.0,0.06118300891638009,-0.00014758694524816526,0.0,39699.0,-0.00012504078956049458,0.0,0
0.11599366227406031,0.06486786940118955,1135.0,19450.0,0.06057381014166277,-0.00014758694524813536,0.0,39699.0,-0.00012504078956049458,0.0,0
0.1153905273811713,0.06486786940118955,1136.0,19450.0,0.05997067524877373,-0.0001475869452481214,0.0,39699.0,-0.00012504078956049458,0.0,0
0.11479339581910167,0.06486786940118955,1137.0,19450.0,0.05937354368670412,-0.00014758694524811769,0.0,39699.0,-0.00012504078956049458,0.0,0
0.11420220765973578,0.06486786940118955,1138.0,19450.0,0.058782355527338216,-0.0001475869452481313,0.0,39699.0,-0.00012504078956049458,0.0,0
0.11361690358971194,0.06486786940118955,1139.0,19450.0,0.05819705145731443,-0.0001475869452481728,0.0,39699.0,-0.00012504078956049458,0.0,0
0.11303742490254902,0.06486786940118955,1140.0,19450.0,0.05761757277015144,-0.00014758694524810766,0.0,39699.0,-0.00012504078956049458,0.0,0
0.11246371349101801,0.06486786940118955,1141.0,19450.0,0.05704386135862049,-0.0001475869452481381,0.0,39699.0,-0.00012504078956049458,0.0,0
0.11189571183974167,0.06486786940118955,1142.0,19450.0,0.05647585970734416,-0.00014758694524816428,0.0,39699.0,-0.00012504078956049458,0.0,0
0.1113333630180039,0.06486786940118955,1143.0,19450.0,0.05591351088560639,-0.00014758694524817374,0.0,39699.0,-0.00012504078956049458,0.0,0
0.11077661067275475,0.06486786940118955,1144.0,19450.0,0.05535675854035721,-0.00014758694524813842,0.0,39699.0,-0.00012504078956049458,0.0,0
0.11022539902179711,0.06486786940118955,1145.0,19450.0,0.05480554688939957,-0.00014758694524813444,0.0,39699.0,-0.00012504078956049458,0.0,0
0.1096796728471426,0.06486786940118955,1146.0,19450.0,0.054259820714745076,-0.00014758694524815368,0.0,39699.0,-0.00012504078956049458,0.0,0
0.1091393774885254,0.06486786940118955,1147.0,19450.0,0.05371952535612787,-0.00014758694524814073,0.0,39699.0,-0.00012504078956049458,0.0,0
0.10860445883706321,0.06486786940118955,1148.0,19450.0,0.0531846067046657,-0.00014758694524816417,0.0,39699.0,-0.00012504078956049458,0.0,0
0.10807486332905705,0.06486786940118955,1149.0,19450.0,0.05265501119665952,-0.00014758694524813408,0.0,39699.0,-0.00012504078956049458,0.0,0
0.10755053793992009,0.06486786940118955,1150.0,19450.0,0.052130685807522566,-0.00014758694524813745,0.0,39699.0,-0.00012504078956049458,0.0,0
0.10703143017822882,0.06486786940118955,1151.0,19450.0,0.05161157804583128,-0.00014758694524813802,0.0,39699.0,-0.00012504078956049458,0.0,0
0.10651748807988884,0.06486786940118955,1152.0,19450.0,0.051097635947491296,-0.00014758694524813173,0.0,39699.0,-0.00012504078956049458,0.0,0
0.10600866020240914,0.06486786940118955,1153.0,19450.0,0.05058880807001159,-0.00014758694524813362,0.0,39699.0,-0.00012504078956049458,0.0,0
0.10550489561927885,0.06486786940118955,1154.0,19450.0,0.05008504348688128,-0.00014758694524809804,0.0,39699.0,-0.00012504078956049458,0.0,0
0.10500614391444117,0.06486786940118955,1155.0,19450.0,0.04958629178204363,-0.000147586945248122,0.0,39699.0,-0.00012504078956049458,0.0,0
0.10451235517685972,0.06486786940118955,1156.0,19450.0,0.04909250304446218,-0.0001475869452481394,0.0,39699.0,-0.00012504078956049458,0.0,0
0.10402347999517256,0.06486786940118955,1157.0,19450.0,0.048603627862774994,-0.00014758694524809915,0.0,39699.0,-0.00012504078956049458,0.0,0
0.10353946945242971,0.06486786940118955,1158.0,19450.0,0.048119617320032185,-0.00014758694524816027,0.0,39699.0,-0.00012504078956049458,0.0,0
0.10306027512091147,0.06486786940118955,1159.0,19450.0,0.04764042298851393,-0.00014758694524814547,0.0,39699.0,-0.00012504078956049458,0.0,0
0.10258584905702225,0.06486786940118955,1160.0,19450.0,0.04716599692462472,-0.00014758694524813596,0.0,39699.0,-0.00012504078956049458,0.0,0
0.10211614379625861,0.06486786940118955,1161.0,19450.0,0.046696291663861085,-0.00014758694524816748,0.0,39699.0,-0.00012504078956049458,0.0,0
0.10165111234824759,0.06486786940118955,1162.0,19450.0,0.04623126021585001,-0.000147586945248098,0.0,39699.0,-0.00012504078956049458,0.0,0
0.10119070819185262,0.06486786940118955,1163.0,19450.0,0.04577085605945505,-0.00014758694524811446,0.0,39699.0,-0.00012504078956049458,0.0,0
0.10073488527034559,0.06486786940118955,1164.0,19450.0,0.04531503313794807,-0.00014758694524815767,0.0,39699.0,-0.00012504078956049458,0.0,0
0.10028359798664155,0.06486786940118955,1165.0,19450.0,0.044863745854244026,-0.00014758694524815937,0.0,39699.0,-0.00012504078956049458,0.0,0
0.09983680119859459,0.06486786940118955,1166.0,19450.0,0.04441694906619704,-0.00014758694524812715,0.0,39699.0,-0.00012504078956049458,0.0,0
0.09939445021435316,0.06486786940118955,1167.0,19450.0,0.04397459808195561,-0.00014758694524813287,0.0,39699.0,-0.00012504078956049458,0.0,0
0.0989565007877728,0.06486786940118955,1168.0,19450.0,0.04353664865537526,-0.00014758694524813197,0.0,39699.0,-0.00012504078956049458,0.0,0
0.09852290911388456,0.06486786940118955,1169.0,19450.0,0.04310305698148702,-0.00014758694524812262,0.0,39699.0,-0.00012504078956049458,0.0,0
0.09809363182441773,0.06486786940118955,1170.0,19450.0,0.04267377969202021,-0.0001475869452481706,0.0,39699.0,-0.00012504078956049458,0.0,0
0.09766862598337575,0.06486786940118955,1171.0,19450.0,0.042248773850978194,-0.00014758694524812842,0.0,39699.0,-0.00012504078956049458,0.0,0
0.09724784908266292,0.06486786940118955,1172.0,19450.0,0.04182799695026538,-0.00014758694524813604,0.0,39699.0,-0.00012504078956049458,0.0,0
0.09681941344791797,0.06485602381134514,1173.0,19453.0,0.04141140690536481,-0.0001475869452481223,0.0,39699.0,-0.00012504078956049458,0.0,0
0.09639516508245104,0.06484422030017806,1174.0,19456.0,0.040998962051065,-0.00014758694524813875,0.0,39699.0,-0.00012504078956049458,0.0,0
0.09595941421383926,0.06481681034539673,1175.0,19463.0,0.04059062113723453,-0.000147586945248131,0.0,39699.0,-0.00012504078956049458,0.0,0
0.09554343331540859,0.06480510725955654,1176.0,19466.0,0.04018634332464406,-0.00014758694524813837,0.0,39699.0,-0.00012504078956049458,0.0,0
0.09512376495205668,0.06478569404001436,1177.0,19471.0,0.03978608818083432,-0.00014758694524811915,0.0,39699.0,-0.00012504078956049458,0.0,0
0.09471589111532303,0.06477409270808564,1178.0,19474.0,0.039389815676029366,-0.000147586945248112,0.0,39699.0,-0.00012504078956049458,0.0,0
0.09430815776258719,0.06475868885228488,1179.0,19478.0,0.0389974861790943,-0.00014758694524813693,0.0,39699.0,-0.00012504078956049458,0.0,0
0.0939120614070679,0.06475101822232339,1180.0,19480.0,0.038609060453536494,-0.0001475869452481117,0.0,39699.0,-0.00012504078956049458,0.0,0
0.09350459184394654,0.06472810945918873,1181.0,19486.0,0.03822449965354978,-0.0001475869452481311,0.0,39699.0,-0.00012504078956049458,0.0,0
0.09310865370635756,0.06471290565504889,1182.0,19490.0,0.03784376532010065,-0.00014758694524812232,0.0,39699.0,-0.00012504078956049458,0.0,0
0.09271279273932231,0.06469399063105832,1183.0,19495.0,0.037466819377056024,-0.00014758694524817924,0.0,39699.0,-0.00012504078956049458,0.0,0
0.09232451842446265,0.0646789115659029,1184.0,19499.0,0.037093624127351746,-0.00014758694524813671,0.0,39699.0,-0.00012504078956049458,0.0,0
0.09193626904534603,0.06466014406493675,1185.0,19504.0,0.036724142249201286,-0.00014758694524814195,0.0,39699.0,-0.00012504078956049458,0.0,0
0.09156299306245648,0.06465267353890454,1186.0,19506.0,0.03635833679234393,-0.00014758694524814116,0.0,39699.0,-0.00012504078956049458,0.0,0
0.09118966261721033,0.0646415087116702,1187.0,19509.0,0.03599617117433215,-0.00014758694524814032,0.0,39699.0,-0.00012504078956049458,0.0,0
0.09081998320559807,0.06463039129753277,1188.0,19512.0,0.0356376091768573,-0.00014758694524813802,0.0,39699.0,-0.00012504078956049458,0.0,0
0.09046129355587303,0.06462669588255172,1189.0,19513.0,0.03528261494211332,-0.00014758694524815246,0.0,39699.0,-0.00012504078956049458,0.0,0
0.09010614775395864,0.06462301205355281,1190.0,19514.0,0.03493115296919781,-0.0001475869452481308,0.0,39699.0,-0.00012504078956049458,0.0,0
0.0897435479265915,0.0646083770848334,1191.0,19518.0,0.0345831881105501,-0.00014758694524813736,0.0,39699.0,-0.00012504078956049458,0.0,0
0.08938081703207829,0.0645901487324446,1192.0,19523.0,0.0342386855684257,-0.0001475869452481495,0.0,39699.0,-0.00012504078956049458,0.0,0
0.08903247495810344,0.06458288133548859,1193.0,19525.0,0.033897610891406874,-0.00014758694524814523,0.0,39699.0,-0.00012504078956049458,0.0,0
0.08869117495057251,0.0645792622484159,1194.0,19526.0,0.0335599299709486,-0.00014758694524812368,0.0,39699.0,-0.00012504078956049458,0.0,0
0.08835325121730088,0.06457565944813294,1195.0,19527.0,0.03322560903795991,-0.00014758694524810899,0.0,39699.0,-0.00012504078956049458,0.0,0
0.08801866292049365,0.06457206552986612,1196.0,19528.0,0.032894614659419556,-0.0001475869452481562,0.0,39699.0,-0.00012504078956049458,0.0,0
0.08768738924779294,0.06456849278155856,1197.0,19529.0,0.03256691373502636,-0.0001475869452481159,0.0,39699.0,-0.00012504078956049458,0.0,0
0.08736294900664979,0.06456849278155856,1198.0,19529.0,0.032242473493883234,-0.00014758694524813528,0.0,39699.0,-0.00012504078956049458,0.0,0
0.08701686426008677,0.06454362003766415,1199.0,19536.0,0.031921261491214624,-0.00014758694524815674,0.0,39699.0,-0.00012504078956049458,0.0,0
0.08669530912812722,0.06454008079180179,1200.0,19537.0,0.03160324560511741,-0.00014758694524812633,0.0,39699.0,-0.00012504078956049458,0.0,0
0.08637692790057296,0.06453655113602083,1201.0,19538.0,0.031288394033344116,-0.00014758694524815295,0.0,39699.0,-0.00012504078956049458,0.0,0
0.08605116319308015,0.06452250517175327,1202.0,19542.0,0.030976675290118872,-0.00014758694524812357,0.0,39699.0,-0.00012504078956049458,0.0,0
0.085718068511787,0.06449802757759389,1203.0,19549.0,0.03066805820298514,-0.000147586945248155,0.0,39699.0,-0.00012504078956049458,0.0,0
0.08540206869490728,0.064487574054014,1204.0,19552.0,0.030362511909685273,-0.00014758694524812509,0.0,39699.0,-0.00012504078956049458,0.0,0
0.08508915087063784,0.06447716228435847,1205.0,19555.0,0.03006000585507135,-0.00014758694524811639,0.0,39699.0,-0.00012504078956049458,0.0,0
0.08478273371566816,0.0644702411964132,1206.0,19557.0,0.029760509788046955,-0.00014758694524814883,0.0,39699.0,-0.00012504078956049458,0.0,0
0.0844724217662566,0.06445644527650896,1207.0,19561.0,0.029463993758539652,-0.0001475869452481317,0.0,39699.0,-0.00012504078956049458,0.0,0
0.0841788561222208,0.06445644527650896,1208.0,19561.0,0.029170428114503866,-0.00014758694524814943,0.0,39699.0,-0.00012504078956049458,0.0,0
0.08387793619748748,0.06444616996732593,1209.0,19564.0,0.028879783498953576,-0.00014758694524815235,0.0,39699.0,-0.00012504078956049458,0.0,0
0.08359018354555882,0.06444616996732593,1210.0,19564.0,0.028592030847024916,-0.00014758694524815225,0.0,39699.0,-0.00012504078956049458,0.0,0
0.08330189274349702,0.064442768629221,1211.0,19565.0,0.028307141383068016,-0.00014758694524812828,0.0,39699.0,-0.00012504078956049458,0.0,0
0.08301307060723284,0.06443600125825687,1212.0,19567.0,0.02802508661776797,-0.0001475869452481315,0.0,39699.0,-0.00012504078956049458,0.0,0
0.08273045207848966,0.06443263100198704,1213.0,19568.0,0.027745838345294614,-0.0001475869452481376,0.0,39699.0,-0.00012504078956049458,0.0,0
0.08245062115164505,0.0644292697799564,1214.0,19569.0,0.027469368640480656,-0.00014758694524814062,0.0,39699.0,-0.00012504078956049458,0.0,0
0.08216350593769775,0.06441587335046166,1215.0,19573.0,0.02719564985602811,-0.0001475869452481518,0.0,39699.0,-0.00012504078956049458,0.0,0
0.08188583584213527,0.06440919849118472,1216.0,19575.0,0.02692465461974253,-0.00014758694524811346,0.0,39699.0,-0.00012504078956049458,0.0,0
0.08160754558386078,0.06439920702085782,1217.0,19578.0,0.026656355831794994,-0.00014758694524813726,0.0,39699.0,-0.00012504078956049458,0.0,0
0.08133196617416784,0.06438925678094871,1218.0,19581.0,0.026390726662011137,-0.00014758694524815845,0.0,39699.0,-0.00012504078956049458,0.0,0
0.08106898005934425,0.06438925678094871,1219.0,19581.0,0.02612774054718756,-0.00014758694524815485,0.0,39699.0,-0.00012504078956049458,0.0,0
0.08080861070059142,0.06438925678094871,1220.0,19581.0,0.025867371188434695,-0.00014758694524813528,0.0,39699.0,-0.00012504078956049458,0.0,0
0.0805508320607031,0.06438925678094871,1221.0,19581.0,0.025609592548546417,-0.0001475869452481683,0.0,39699.0,-0.00012504078956049458,0.0,0
0.08029561836155237,0.06438925678094871,1222.0,19581.0,0.025354378849395662,-0.00014758694524814623,0.0,39699.0,-0.00012504078956049458,0.0,0
0.08004294408151294,0.06438925678094871,1223.0,19581.0,0.025101704569356224,-0.0001475869452481427,0.0,39699.0,-0.00012504078956049458,0.0,0
0.07979278395290679,0.06438925678094871,1224.0,19581.0,0.024851544440750068,-0.00014758694524813305,0.0,39699.0,-0.00012504078956049458,0.0,0
0.07954511295947682,0.06438925678094871,1225.0,19581.0,0.024603873447320113,-0.00014758694524815298,0.0,39699.0,-0.00012504078956049458,0.0,0
0.07929990633388505,0.06438925678094871,1226.0,19581.0,0.0243586668217283,-0.00014758694524810882,0.0,39699.0,-0.00012504078956049458,0.0,0
0.0790571395552352,0.06438925678094871,1227.0,19581.0,0.02411590004307849,-0.00014758694524814235,0.0,39699.0,-0.00012504078956049458,0.0,0
0.07881678834662076,0.06438925678094871,1228.0,19581.0,0.023875548834464043,-0.00014758694524814745,0.0,39699.0,-0.00012504078956049458,0.0,0
0.07857882867269657,0.06438925678094871,1229.0,19581.0,0.02363758916053986,-0.00014758694524814498,0.0,39699.0,-0.00012504078956049458,0.0,0
0.07834323673727527,0.06438925678094871,1230.0,19581.0,0.023401997225118563,-0.00014758694524814113,0.0,39699.0,-0.00012504078956049458,0.0,0
0.07810998898094737,0.06438925678094871,1231.0,19581.0,0.023168749468790682,-0.00014758694524816886,0.0,39699.0,-0.00012504078956049458,0.0,0
0.07787906207872518,0.06438925678094871,1232.0,19581.0,0.022937822566568466,-0.00014758694524814105,0.0,39699.0,-0.00012504078956049458,0.0,0
0.07765043293770993,0.06438925678094871,1233.0,19581.0,0.022709193425553217,-0.00014758694524815178,0.0,39699.0,-0.00012504078956049458,0.0,0
0.07742407869478246,0.06438925678094871,1234.0,19581.0,0.022482839182625773,-0.00014758694524816157,0.0,39699.0,-0.00012504078956049458,0.0,0
0.07719997671431679,0.06438925678094871,1235.0,19581.0,0.02225873720216006,-0.00014758694524812902,0.0,39699.0,-0.00012504078956049458,0.0,0
0.07697810458591609,0.06438925678094871,1236.0,19581.0,0.02203686507375941,-0.00014758694524818176,0.0,39699.0,-0.00012504078956049458,0.0,0
0.07675844012217198,0.06438925678094871,1237.0,19581.0,0.021817200610015294,-0.00014758694524818122,0.0,39699.0,-0.00012504078956049458,0.0,0
0.07654096135644527,0.06438925678094871,1238.0,19581.0,0.021599721844288582,-0.0001475869452481705,0.0,39699.0,-0.00012504078956049458,0.0,0
0.07632564654066937,0.06438925678094871,1239.0,19581.0,0.02138440702851264,-0.0001475869452481176,0.0,39699.0,-0.00012504078956049458,0.0,0
0.07611247414317521,0.06438925678094871,1240.0,19581.0,0.021171234631018495,-0.0001475869452481428,0.0,39699.0,-0.00012504078956049458,0.0,0
0.07590142284653825,0.06438925678094871,1241.0,19581.0,0.020960183334381533,-0.00014758694524814433,0.0,39699.0,-0.00012504078956049458,0.0,0
0.07569247154544641,0.06438925678094871,1242.0,19581.0,0.020751232033289685,-0.00014758694524814135,0.0,39699.0,-0.00012504078956049458,0.0,0
0.07548559934458957,0.06438925678094871,1243.0,19581.0,0.020544359832432833,-0.00014758694524812807,0.0,39699.0,-0.00012504078956049458,0.0,0
0.07528078555656986,0.06438925678094871,1244.0,19581.0,0.020339546044413126,-0.00014758694524811508,0.0,39699.0,-0.00012504078956049458,0.0,0
0.07507800969983297,0.06438925678094871,1245.0,19581.0,0.020136770187676272,-0.00014758694524815303,0.0,39699.0,-0.00012504078956049458,0.0,0
0.07487725149661993,0.06438925678094871,1246.0,19581.0,0.01993601198446321,-0.00014758694524813495,0.0,39699.0,-0.00012504078956049458,0.0,0
0.07467849087093908,0.06438925678094871,1247.0,19581.0,0.019737251358782397,-0.00014758694524816076,0.0,39699.0,-0.00012504078956049458,0.0,0
0.07448170794655876,0.06438925678094871,1248.0,19581.0,0.01954046843440203,-0.0001475869452481253,0.0,39699.0,-0.00012504078956049458,0.0,0
0.07428688304501913,0.06438925678094871,1249.0,19581.0,0.019345643532862437,-0.0001475869452481669,0.0,39699.0,-0.00012504078956049458,0.0,0
0.07409399668366487,0.06438925678094871,1250.0,19581.0,0.01915275717150819,-0.00014758694524816894,0.0,39699.0,-0.00012504078956049458,0.0,0
0.07390302957369646,0.06438925678094871,1251.0,19581.0,0.01896179006153975,-0.00014758694524814715,0.0,39699.0,-0.00012504078956049458,0.0,0
0.07371396261824133,0.06438925678094871,1252.0,19581.0,0.018772723106084598,-0.00014758694524811704,0.0,39699.0,-0.00012504078956049458,0.0,0
0.07352677691044414,0.06438925678094871,1253.0,19581.0,0.018585537398287427,-0.0001475869452481504,0.0,39699.0,-0.00012504078956049458,0.0,0
0.07334145373157626,0.06438925678094871,1254.0,19581.0,0.018400214219419543,-0.00014758694524814338,0.0,39699.0,-0.00012504078956049458,0.0,0
0.07315797454916353,0.06438925678094871,1255.0,19581.0,0.018216735037006816,-0.00014758694524813682,0.0,39699.0,-0.00012504078956049458,0.0,0
0.07297632101513321,0.06438925678094871,1256.0,19581.0,0.018035081502976513,-0.0001475869452481535,0.0,39699.0,-0.00012504078956049458,0.0,0
0.07279647496397909,0.06438925678094871,1257.0,19581.0,0.017855235451822365,-0.00014758694524813398,0.0,39699.0,-0.00012504078956049458,0.0,0
0.07261841841094481,0.06438925678094871,1258.0,19581.0,0.0176771788987881,-0.00014758694524813937,0.0,39699.0,-0.00012504078956049458,0.0,0
0.07244213355022557,0.06438925678094871,1259.0,19581.0,0.01750089403806884,-0.00014758694524812303,0.0,39699.0,-0.00012504078956049458,0.0,0
0.07226760275318722,0.06438925678094871,1260.0,19581.0,0.017326363241030512,-0.00014758694524814433,0.0,39699.0,-0.00012504078956049458,0.0,0
0.07209480856660372,0.06438925678094871,1261.0,19581.0,0.017153569054447003,-0.00014758694524812406,0.0,39699.0,-0.00012504078956049458,0.0,0
0.0719237337109115,0.06438925678094871,1262.0,19581.0,0.016982494198754767,-0.00014758694524812587,0.0,39699.0,-0.00012504078956049458,0.0,0
0.07175436107848158,0.06438925678094871,1263.0,19581.0,0.01681312156632489,-0.00014758694524815523,0.0,39699.0,-0.00012504078956049458,0.0,0
0.07158667373190894,0.06438925678094871,1264.0,19581.0,0.01664543421975224,-0.00014758694524815276,0.0,39699.0,-0.00012504078956049458,0.0,0
0.07142065490231851,0.06438925678094871,1265.0,19581.0,0.01647941539016177,-0.000147586945248113,0.0,39699.0,-0.00012504078956049458,0.0,0
0.07125628798768831,0.06438925678094871,1266.0,19581.0,0.016315048475531602,-0.00014758694524814704,0.0,39699.0,-0.00012504078956049458,0.0,0
0.07109355655118946,0.06438925678094871,1267.0,19581.0,0.016152317039032745,-0.00014758694524814119,0.0,39699.0,-0.00012504078956049458,0.0,0
0.07093244431954217,0.06438925678094871,1268.0,19581.0,0.015991204807385445,-0.00014758694524813357,0.0,39699.0,-0.00012504078956049458,0.0,0
0.07077293518138858,0.06438925678094871,1269.0,19581.0,0.015831695669231868,-0.00014758694524813148,0.0,39699.0,-0.00012504078956049458,0.0,0
0.07061501318568156,0.06438925678094871,1270.0,19581.0,0.01567377367352485,-0.00014758694524815216,0.0,39699.0,-0.00012504078956049458,0.0,0
0.07045866254008956,0.06438925678094871,1271.0,19581.0,0.015517423027932868,-0.0001475869452481556,0.0,39699.0,-0.00012504078956049458,0.0,0
0.07030386760941747,0.06438925678094871,1272.0,19581.0,0.015362628097260739,-0.00014758694524812996,0.0,39699.0,-0.00012504078956049458,0.0,0
0.07015061291404283,0.06438925678094871,1273.0,19581.0,0.015209373401886129,-0.00014758694524815474,0.0,39699.0,-0.00012504078956049458,0.0,0
0.06999888312836819,0.06438925678094871,1274.0,19581.0,0.015057643616211492,-0.00014758694524816287,0.0,39699.0,-0.00012504078956049458,0.0,0
0.06984866307928833,0.06438925678094871,1275.0,19581.0,0.014907423567131593,-0.00014758694524811156,0.0,39699.0,-0.00012504078956049458,0.0,0
0.06969993774467284,0.06438925678094871,1276.0,19581.0,0.014758698232516129,-0.00014758694524814005,0.0,39699.0,-0.00012504078956049458,0.0,0
0.0695526922518642,0.06438925678094871,1277.0,19581.0,0.01461145273970748,-0.00014758694524814067,0.0,39699.0,-0.00012504078956049458,0.0,0
0.06940691187619023,0.06438925678094871,1278.0,19581.0,0.01446567236403351,-0.0001475869452481279,0.0,39699.0,-0.00012504078956049458,0.0,0
0.0692625820394917,0.06438925678094871,1279.0,19581.0,0.014321342527334982,-0.00014758694524813075,0.0,39699.0,-0.00012504078956049458,0.0,0
0.06911968830866454,0.06438925678094871,1280.0,19581.0,0.014178448796507818,-0.00014758694524812227,0.0,39699.0,-0.00012504078956049458,0.0,0
0.06897821639421645,0.06438925678094871,1281.0,19581.0,0.014036976882059718,-0.00014758694524813026,0.0,39699.0,-0.00012504078956049458,0.0,0
0.06883815214883797,0.06438925678094871,1282.0,19581.0,0.013896912636681242,-0.00014758694524813205,0.0,39699.0,-0.00012504078956049458,0.0,0
0.0686994815659877,0.06438925678094871,1283.0,19581.0,0.013758242053830997,-0.00014758694524815149,0.0,39699.0,-0.00012504078956049458,0.0,0
0.0685621907784918,0.06438925678094871,1284.0,19581.0,0.013620951266335057,-0.00014758694524810492,0.0,39699.0,-0.00012504078956049458,0.0,0
0.06842626605715689,0.06438925678094871,1285.0,19581.0,0.013485026545000172,-0.00014758694524813015,0.0,39699.0,-0.00012504078956049458,0.0,0
0.06829169380939758,0.06438925678094871,1286.0,19581.0,0.013350454297240851,-0.00014758694524812286,0.0,39699.0,-0.00012504078956049458,0.0,0
0.06815846057787682,0.06438925678094871,1287.0,19581.0,0.013217221065720113,-0.00014758694524815303,0.0,39699.0,-0.00012504078956049458,0.0,0
0.06802655303916041,0.06438925678094871,1288.0,19581.0,0.013085313527003707,-0.000147586945248142,0.0,39699.0,-0.00012504078956049458,0.0,0
0.0678959580023845,0.06438925678094871,1289.0,19581.0,0.012954718490227774,-0.00014758694524813224,0.0,39699.0,-0.00012504078956049458,0.0,0
0.06776666240793648,0.06438925678094871,1290.0,19581.0,0.01282542289577976,-0.000147586945248131,0.0,39699.0,-0.00012504078956049458,0.0,0
0.06763865332614914,0.06438925678094871,1291.0,19581.0,0.012697413813992421,-0.00014758694524813062,0.0,39699.0,-0.00012504078956049458,0.0,0
0.06751191795600757,0.06438925678094871,1292.0,19581.0,0.012570678443850859,-0.00014758694524815002,0.0,39699.0,-0.00012504078956049458,0.0,0
0.06738644362386913,0.06438925678094871,1293.0,19581.0,0.012445204111712412,-0.0001475869452481375,0.0,39699.0,-0.00012504078956049458,0.0,0
0.06726221778219597,0.06438925678094871,1294.0,19581.0,0.012320978270039258,-0.0001475869452481427,0.0,39699.0,-0.00012504078956049458,0.0,0
0.0671392280083004,0.06438925678094871,1295.0,19581.0,0.01219798849614368,-0.00014758694524813956,0.0,39699.0,-0.00012504078956049458,0.0,0
0.06701746200310249,0.06438925678094871,1296.0,19581.0,0.01207622249094578,-0.00014758694524814476,0.0,39699.0,-0.00012504078956049458,0.0,0
0.06689690758990026,0.06438925678094871,1297.0,19581.0,0.011955668077743517,-0.00014758694524811782,0.0,39699.0,-0.00012504078956049458,0.0,0
0.06677755271315182,0.06438925678094871,1298.0,19581.0,0.011836313200995107,-0.00014758694524813918,0.0,39699.0,-0.00012504078956049458,0.0,0
0.06665938543727008,0.06438925678094871,1299.0,19581.0,0.011718145925113365,-0.00014758694524814414,0.0,39699.0,-0.00012504078956049458,0.0,0
0.06654239394542895,0.06438925678094871,1300.0,19581.0,0.011601154433272233,-0.00014758694524813633,0.0,39699.0,-0.00012504078956049458,0.0,0
0.0664265665383817,0.06438925678094871,1301.0,19581.0,0.011485327026225,-0.00014758694524814775,0.0,39699.0,-0.00012504078956049458,0.0,0
0.06631189163329114,0.06438925678094871,1302.0,19581.0,0.011370652121134438,-0.00014758694524815683,0.0,39699.0,-0.00012504078956049458,0.0,0
0.06619835776257116,0.06438925678094871,1303.0,19581.0,0.011257118250414443,-0.00014758694524813503,0.0,39699.0,-0.00012504078956049458,0.0,0
0.06608595357274004,0.06438925678094871,1304.0,19581.0,0.011144714060583335,-0.00014758694524814406,0.0,39699.0,-0.00012504078956049458,0.0,0
0.06597466782328515,0.06438925678094871,1305.0,19581.0,0.011033428311128439,-0.0001475869452481535,0.0,39699.0,-0.00012504078956049458,0.0,0
0.06586448938553878,0.06438925678094871,1306.0,19581.0,0.010923249873382054,-0.0001475869452481293,0.0,39699.0,-0.00012504078956049458,0.0,0
0.0657554072415653,0.06438925678094871,1307.0,19581.0,0.010814167729408594,-0.00014758694524814932,0.0,39699.0,-0.00012504078956049458,0.0,0
0.06564741048305946,0.06438925678094871,1308.0,19581.0,0.010706170970902732,-0.0001475869452481313,0.0,39699.0,-0.00012504078956049458,0.0,0
0.06554048831025536,0.06438925678094871,1309.0,19581.0,0.010599248798098634,-0.00014758694524813246,0.0,39699.0,-0.00012504078956049458,0.0,0
0.06543463003084661,0.06438925678094871,1310.0,19581.0,0.010493390518689902,-0.00014758694524813923,0.0,39699.0,-0.00012504078956049458,0.0,0
0.06532982505891709,0.06438925678094871,1311.0,19581.0,0.010388585546760356,-0.00014758694524812435,0.0,39699.0,-0.00012504078956049458,0.0,0
0.0652260629138822,0.06438925678094871,1312.0,19581.0,0.010284823401725485,-0.00014758694524814254,0.0,39699.0,-0.00012504078956049458,0.0,0
0.06512333321944103,0.06438925678094871,1313.0,19581.0,0.010182093707284299,-0.00014758694524812687,0.0,39699.0,-0.00012504078956049458,0.0,0
0.06502162570253844,0.06438925678094871,1314.0,19581.0,0.010080386190381744,-0.00014758694524815344,0.0,39699.0,-0.00012504078956049458,0.0,0
0.06492093019233806,0.06438925678094871,1315.0,19581.0,0.009979690680181364,-0.00014758694524815696,0.0,39699.0,-0.00012504078956049458,0.0,0
0.06482123661920491,0.06438925678094871,1316.0,19581.0,0.009879997107048224,-0.0001475869452481666,0.0,39699.0,-0.00012504078956049458,0.0,0
0.06472253501369864,0.06438925678094871,1317.0,19581.0,0.009781295501541927,-0.00014758694524814363,0.0,39699.0,-0.00012504078956049458,0.0,0
0.0646248155055764,0.06438925678094871,1318.0,19581.0,0.00968357599341967,-0.0001475869452481252,0.0,39699.0,-0.00012504078956049458,0.0,0
0.06452806832280594,0.06438925678094871,1319.0,19581.0,0.009586828810649204,-0.0001475869452481217,0.0,39699.0,-0.00012504078956049458,0.0,0
0.06443228379058835,0.06438925678094871,1320.0,19581.0,0.009491044278431634,-0.00014758694524814124,0.0,39699.0,-0.00012504078956049458,0.0,0
0.06433745233039061,0.06438925678094871,1321.0,19581.0,0.009396212818233904,-0.00014758694524814273,0.0,39699.0,-0.00012504078956049458,0.0,0
0.06424356445898768,0.06438925678094871,1322.0,19581.0,0.009302324946830968,-0.00014758694524813216,0.0,39699.0,-0.00012504078956049458,0.0,0
0.06415061078751415,0.06438925678094871,1323.0,19581.0,0.009209371275357455,-0.00014758694524814466,0.0,39699.0,-0.00012504078956049458,0.0,0
0.06405858202052545,0.06438925678094871,1324.0,19581.0,0.009117342508368723,-0.00014758694524812744,0.0,39699.0,-0.00012504078956049458,0.0,0
0.06396746895506814,0.06438925678094871,1325.0,19581.0,0.009026229442911416,-0.00014758694524813642,0.0,39699.0,-0.00012504078956049458,0.0,0
0.06387726247975975,0.06438925678094871,1326.0,19581.0,0.008936022967603038,-0.0001475869452481462,0.0,39699.0,-0.00012504078956049458,0.0,0
0.06378795357387759,0.06438925678094871,1327.0,19581.0,0.008846714061720898,-0.0001475869452481646,0.0,39699.0,-0.00012504078956049458,0.0,0
0.06369953330645668,0.06438925678094871,1328.0,19581.0,0.008758293794299973,-0.00014758694524814918,0.0,39699.0,-0.00012504078956049458,0.0,0
0.06361199283539656,0.06438925678094871,1329.0,19581.0,0.008670753323239837,-0.00014758694524813647,0.0,39699.0,-0.00012504078956049458,0.0,0
0.06352532340657716,0.06438925678094871,1330.0,19581.0,0.008584083894420438,-0.00014758694524813522,0.0,39699.0,-0.00012504078956049458,0.0,0
0.06343951635298338,0.06438925678094871,1331.0,19581.0,0.008498276840826663,-0.00014758694524812866,0.0,39699.0,-0.00012504078956049458,0.0,0
0.06335456309383837,0.06438925678094871,1332.0,19581.0,0.008413323581681644,-0.00014758694524812818,0.0,39699.0,-0.00012504078956049458,0.0,0
0.06327045513374538,0.06438925678094871,1333.0,19581.0,0.008329215621588679,-0.0001475869452481473,0.0,39699.0,-0.00012504078956049458,0.0,0
0.06318718406183838,0.06438925678094871,1334.0,19581.0,0.00824594454968166,-0.00014758694524813793,0.0,39699.0,-0.00012504078956049458,0.0,0
0.06310474155094072,0.06438925678094871,1335.0,19581.0,0.008163502038784003,-0.00014758694524814287,0.0,39699.0,-0.00012504078956049458,0.0,0
0.06302311935673265,0.06438925678094871,1336.0,19581.0,0.008081879844575927,-0.0001475869452481333,0.0,39699.0,-0.00012504078956049458,0.0,0
0.06294230931692668,0.06438925678094871,1337.0,19581.0,0.008001069804769974,-0.00014758694524814154,0.0,39699.0,-0.00012504078956049458,0.0,0
0.06286230335045155,0.06438925678094871,1338.0,19581.0,0.007921063838294832,-0.00014758694524813425,0.0,39699.0,-0.00012504078956049458,0.0,0
0.0627830934566439,0.06438925678094871,1339.0,19581.0,0.007841853944487184,-0.00014758694524814826,0.0,39699.0,-0.00012504078956049458,0.0,0
0.06270467171444834,0.06438925678094871,1340.0,19581.0,0.007763432202291635,-0.00014758694524815203,0.0,39699.0,-0.00012504078956049458,0.0,0
0.06262703028162532,0.06438925678094871,1341.0,19581.0,0.007685790769468614,-0.00014758694524815485,0.0,39699.0,-0.00012504078956049458,0.0,0
0.06255016139396684,0.06438925678094871,1342.0,19581.0,0.007608921881810133,-0.00014758694524815487,0.0,39699.0,-0.00012504078956049458,0.0,0
0.062474057364520094,0.06438925678094871,1343.0,19581.0,0.007532817852363374,-0.00014758694524813848,0.0,39699.0,-0.00012504078956049458,0.0,0
0.062398710582818685,0.06438925678094871,1344.0,19581.0,0.007457471070661975,-0.00014758694524814745,0.0,39699.0,-0.00012504078956049458,0.0,0
0.06232411351412169,0.06438925678094871,1345.0,19581.0,0.00738287400196497,-0.00014758694524812796,0.0,39699.0,-0.00012504078956049458,0.0,0
0.062250258698660056,0.06438925678094871,1346.0,19581.0,0.007309019186503333,-0.00014758694524812178,0.0,39699.0,-0.00012504078956049458,0.0,0
0.062177138750890676,0.06438925678094871,1347.0,19581.0,0.007235899238733955,-0.0001475869452481306,0.0,39699.0,-0.00012504078956049458,0.0,0
0.062104746358757845,0.06438925678094871,1348.0,19581.0,0.0071635068466011425,-0.00014758694524813905,0.0,39699.0,-0.00012504078956049458,0.0,0
0.06203307428296205,0.06438925678094871,1349.0,19581.0,0.007091834770805344,-0.00014758694524814317,0.0,39699.0,-0.00012504078956049458,0.0,0
0.06196211535623596,0.06438925678094871,1350.0,19581.0,0.0070208758440792555,-0.000147586945248149,0.0,39699.0,-0.00012504078956049458,0.0,0
0.06189186248262779,0.06438925678094871,1351.0,19581.0,0.006950622970471072,-0.00014758694524813614,0.0,39699.0,-0.00012504078956049458,0.0,0
0.06182230863679161,0.06438925678094871,1352.0,19581.0,0.006881069124634897,-0.00014758694524813598,0.0,39699.0,-0.00012504078956049458,0.0,0
0.061753446863284905,0.06438925678094871,1353.0,19581.0,0.006812207351128175,-0.00014758694524812763,0.0,39699.0,-0.00012504078956049458,0.0,0
0.061685270275872874,0.06438925678094871,1354.0,19581.0,0.00674403076371617,-0.00014758694524814815,0.0,39699.0,-0.00012504078956049458,0.0,0
0.06161777205684004,0.06438925678094871,1355.0,19581.0,0.006676532544683336,-0.00014758694524814777,0.0,39699.0,-0.00012504078956049458,0.0,0
0.06155094545630822,0.06438925678094871,1356.0,19581.0,0.0066097059441515005,-0.00014758694524812753,0.0,39699.0,-0.00012504078956049458,0.0,0
0.06148478379156168,0.06438925678094871,1357.0,19581.0,0.0065435442794049515,-0.00014758694524813026,0.0,39699.0,-0.00012504078956049458,0.0,0
0.06141928044637876,0.06438925678094871,1358.0,19581.0,0.006478040934222053,-0.00014758694524814813,0.0,39699.0,-0.00012504078956049458,0.0,0
0.061354428870370445,0.06438925678094871,1359.0,19581.0,0.006413189358213719,-0.00014758694524812064,0.0,39699.0,-0.00012504078956049458,0.0,0
0.061290222578325025,0.06438925678094871,1360.0,19581.0,0.006348983066168286,-0.00014758694524811617,0.0,39699.0,-0.00012504078956049458,0.0,0
0.061226655149559765,0.06438925678094871,1361.0,19581.0,0.0062854156374030625,-0.00014758694524815482,0.0,39699.0,-0.00012504078956049458,0.0,0
0.0611637202272789,0.06438925678094871,1362.0,19581.0,0.006222480715122186,-0.0001475869452481482,0.0,39699.0,-0.00012504078956049458,0.0,0
0.0611014115179377,0.06438925678094871,1363.0,19581.0,0.006160172005780991,-0.00014758694524814148,0.0,39699.0,-0.00012504078956049458,0.0,0
0.061039722790613336,0.06438925678094871,1364.0,19581.0,0.006098483278456614,-0.0001475869452481402,0.0,39699.0,-0.00012504078956049458,0.0,0
0.060978647876381645,0.06438925678094871,1365.0,19581.0,0.006037408364224926,-0.0001475869452481323,0.0,39699.0,-0.00012504078956049458,0.0,0
0.060918180667700314,0.06438925678094871,1366.0,19581.0,0.0059769411555435845,-0.0001475869452481308,0.0,39699.0,-0.00012504078956049458,0.0,0
0.06085831511779809,0.06438925678094871,1367.0,19581.0,0.005917075605641359,-0.00014758694524812273,0.0,39699.0,-0.00012504078956049458,0.0,0
0.06079904524007006,0.06438925678094871,1368.0,19581.0,0.005857805727913348,-0.0001475869452481352,0.0,39699.0,-0.00012504078956049458,0.0,0
0.06074036510747913,0.06438925678094871,1369.0,19581.0,0.005799125595322403,-0.00014758694524812406,0.0,39699.0,-0.00012504078956049458,0.0,0
0.06068226885196308,0.06438925678094871,1370.0,19581.0,0.005741029339806356,-0.0001475869452481341,0.0,39699.0,-0.00012504078956049458,0.0,0
0.060624750663847975,0.06438925678094871,1371.0,19581.0,0.0056835111516912494,-0.00014758694524812327,0.0,39699.0,-0.00012504078956049458,0.0,0
0.060567804791267055,0.06438925678094871,1372.0,19581.0,0.005626565279110333,-0.000147586945248134,0.0,39699.0,-0.00012504078956049458,0.0,0
0.06051142553958563,0.06438925678094871,1373.0,19581.0,0.0055701860274288955,-0.00014758694524811972,0.0,39699.0,-0.00012504078956049458,0.0,0
0.060455607270831484,0.06438925678094871,1374.0,19581.0,0.005514367758674786,-0.00014758694524815105,0.0,39699.0,-0.00012504078956049458,0.0,0
0.06040034440313131,0.06438925678094871,1375.0,19581.0,0.005459104890974608,-0.00014758694524815498,0.0,39699.0,-0.00012504078956049458,0.0,0
0.06034563141015226,0.06438925678094871,1376.0,19581.0,0.005404391897995551,-0.0001475869452481365,0.0,39699.0,-0.00012504078956049458,0.0,0
0.06029146282054941,0.06438925678094871,1377.0,19581.0,0.005350223308392715,-0.00014758694524815078,0.0,39699.0,-0.00012504078956049458,0.0,0
0.060237833217418706,0.06438925678094871,1378.0,19581.0,0.005296593705262001,-0.00014758694524814726,0.0,39699.0,-0.00012504078956049458,0.0,0
0.06018473723775512,0.06438925678094871,1379.0,19581.0,0.0052434977255984,-0.00014758694524813438,0.0,39699.0,-0.00012504078956049458,0.0,0
0.06013216957191642,0.06438925678094871,1380.0,19581.0,0.005190930059759708,-0.00014758694524813845,0.0,39699.0,-0.00012504078956049458,0.0,0
0.06008012496309222,0.06438925678094871,1381.0,19581.0,0.0051388854509355235,-0.00014758694524815848,0.0,39699.0,-0.00012504078956049458,0.0,0
0.060028598206778305,0.06438925678094871,1382.0,19581.0,0.005087358694621602,-0.00014758694524815628,0.0,39699.0,-0.00012504078956049458,0.0,0
0.059977584150256065,0.06438925678094871,1383.0,19581.0,0.005036344638099365,-0.00014758694524815805,0.0,39699.0,-0.00012504078956049458,0.0,0
0.05992707769207738,0.06438925678094871,1384.0,19581.0,0.004985838179920666,-0.00014758694524814666,0.0,39699.0,-0.00012504078956049458,0.0,0
0.059877073781554296,0.06438925678094871,1385.0,19581.0,0.004935834269397572,-0.00014758694524812734,0.0,39699.0,-0.00012504078956049458,0.0,0
0.05982756741825409,0.06438925678094871,1386.0,19581.0,0.004886327906097385,-0.00014758694524814794,0.0,39699.0,-0.00012504078956049458,0.0,0
0.059778553651499214,0.06438925678094871,1387.0,19581.0,0.004837314139342507,-0.0001475869452481419,0.0,39699.0,-0.00012504078956049458,0.0,0
0.05973002757987213,0.06438925678094871,1388.0,19581.0,0.004788788067715414,-0.00014758694524813772,0.0,39699.0,-0.00012504078956049458,0.0,0
0.05968198435072523,0.06438925678094871,1389.0,19581.0,0.004740744838568512,-0.00014758694524813804,0.0,39699.0,-0.00012504078956049458,0.0,0
0.05963441915969556,0.06438925678094871,1390.0,19581.0,0.004693179647538851,-0.00014758694524814612,0.0,39699.0,-0.00012504078956049458,0.0,0
0.0595873272502244,0.06438925678094871,1391.0,19581.0,0.0046460877380676896,-0.0001475869452481445,0.0,39699.0,-0.00012504078956049458,0.0,0
0.05954070391308155,0.06438925678094871,1392.0,19581.0,0.004599464400924832,-0.00014758694524813747,0.0,39699.0,-0.00012504078956049458,0.0,0
0.05949454448589442,0.06438925678094871,1393.0,19581.0,0.004553304973737721,-0.0001475869452481499,0.0,39699.0,-0.00012504078956049458,0.0,0
0.05944884435268186,0.06438925678094871,1394.0,19581.0,0.004507604840525153,-0.00014758694524815046,0.0,39699.0,-0.00012504078956049458,0.0,0
0.059403598943392436,0.06438925678094871,1395.0,19581.0,0.0044623594312357415,-0.00014758694524816683,0.0,39699.0,-0.00012504078956049458,0.0,0
0.059358803733447575,0.06438925678094871,1396.0,19581.0,0.0044175642212908465,-0.0001475869452481204,0.0,39699.0,-0.00012504078956049458,0.0,0
0.05931445424328886,0.06438925678094871,1397.0,19581.0,0.004373214731132151,-0.00014758694524813989,0.0,39699.0,-0.00012504078956049458,0.0,0
0.05927054603793038,0.06438925678094871,1398.0,19581.0,0.004329306525773663,-0.00014758694524813677,0.0,39699.0,-0.00012504078956049458,0.0,0
0.05922707472651497,0.06438925678094871,1399.0,19581.0,0.004285835214358273,-0.00014758694524815187,0.0,39699.0,-0.00012504078956049458,0.0,0
0.059184035961875325,0.06438925678094871,1400.0,19581.0,0.004242796449718607,-0.00014758694524813888,0.0,39699.0,-0.00012504078956049458,0.0,0
0.05914142544009903,0.06438925678094871,1401.0,19581.0,0.004200185927942338,-0.00014758694524816255,0.0,39699.0,-0.00012504078956049458,0.0,0
0.059099238900098494,0.06438925678094871,1402.0,19581.0,0.004157999387941773,-0.00014758694524813593,0.0,39699.0,-0.00012504078956049458,0.0,0
0.059057472123184476,0.06438925678094871,1403.0,19581.0,0.004116232611027764,-0.00014758694524815097,0.0,39699.0,-0.00012504078956049458,0.0,0
0.05901612093264452,0.06438925678094871,1404.0,19581.0,0.004074881420487809,-0.0001475869452481486,0.0,39699.0,-0.00012504078956049458,0.0,0
0.058975181193325114,0.06438925678094871,1405.0,19581.0,0.004033941681168397,-0.0001475869452481435,0.0,39699.0,-0.00012504078956049458,0.0,0
0.0589346488112182,0.06438925678094871,1406.0,19581.0,0.003993409299061484,-0.00014758694524813642,0.0,39699.0,-0.00012504078956049458,0.0,0
0.05889451973305178,0.06438925678094871,1407.0,19581.0,0.003953280220895071,-0.00014758694524815067,0.0,39699.0,-0.00012504078956049458,0.0,0
0.05885478994588462,0.06438925678094871,1408.0,19581.0,0.003913550433727911,-0.000147586945248148,0.0,39699.0,-0.00012504078956049458,0.0,0
0.058815455476704866,0.06438925678094871,1409.0,19581.0,0.0038742159645481725,-0.00014758694524815493,0.0,39699.0,-0.00012504078956049458,0.0,0
0.058776512392032874,0.06438925678094871,1410.0,19581.0,0.0038352728798761566,-0.0001475869452481355,0.0,39699.0,-0.00012504078956049458,0.0,0
0.05873795679752765,0.06438925678094871,1411.0,19581.0,0.0037967172853709498,-0.00014758694524815618,0.0,39699.0,-0.00012504078956049458,0.0,0
0.05869978483759768,0.06438925678094871,1412.0,19581.0,0.0037585453254409713,-0.000147586945248137,0.0,39699.0,-0.00012504078956049458,0.0,0
0.05866199269501512,0.06438925678094871,1413.0,19581.0,0.0037207531828584157,-0.00014758694524814823,0.0,39699.0,-0.00012504078956049458,0.0,0
0.05862457659053424,0.06438925678094871,1414.0,19581.0,0.00368333707837753,-0.00014758694524814173,0.0,39699.0,-0.00012504078956049458,0.0,0
0.05858753278251339,0.06438925678094871,1415.0,19581.0,0.0036462932703566877,-0.00014758694524815582,0.0,39699.0,-0.00012504078956049458,0.0,0
0.05855085756654094,0.06438925678094871,1416.0,19581.0,0.0036096180543842183,-0.00014758694524813522,0.0,39699.0,-0.00012504078956049458,0.0,0
0.058514547275064666,0.06438925678094871,1417.0,19581.0,0.0035733077629079633,-0.00014758694524814953,0.0,39699.0,-0.00012504078956049458,0.0,0
0.05847859827702523,0.06438925678094871,1418.0,19581.0,0.0035373587648685084,-0.00014758694524813636,0.0,39699.0,-0.00012504078956049458,0.0,0
0.0584430069774928,0.06438925678094871,1419.0,19581.0,0.0035017674653360976,-0.00014758694524815544,0.0,39699.0,-0.00012504078956049458,0.0,0
0.05840776981730784,0.06438925678094871,1420.0,19581.0,0.0034665303051511147,-0.0001475869452481379,0.0,39699.0,-0.00012504078956049458,0.0,0
0.05837288327272489,0.06438925678094871,1421.0,19581.0,0.0034316437605681842,-0.0001475869452481479,0.0,39699.0,-0.00012504078956049458,0.0,0
0.05833834385506049,0.06438925678094871,1422.0,19581.0,0.003397104342903772,-0.00014758694524814013,0.0,39699.0,-0.00012504078956049458,0.0,0
0.058304148110344026,0.06438925678094871,1423.0,19581.0,0.003362908598187322,-0.00014758694524814886,0.0,39699.0,-0.00012504078956049458,0.0,0
0.058270292618972576,0.06438925678094871,1424.0,19581.0,0.0033290531068158784,-0.00014758694524815555,0.0,39699.0,-0.00012504078956049458,0.0,0
0.05823677399536878,0.06438925678094871,1425.0,19581.0,0.0032955344832120786,-0.0001475869452481555,0.0,39699.0,-0.00012504078956049458,0.0,0
0.05820358888764235,0.06438925678094871,1426.0,19581.0,0.003262349375485637,-0.0001475869452481396,0.0,39699.0,-0.00012504078956049458,0.0,0
0.05817073397725484,0.06438925678094871,1427.0,19581.0,0.0032294944650981244,-0.0001475869452481353,0.0,39699.0,-0.00012504078956049458,0.0,0
0.05813820597868783,0.06438925678094871,1428.0,19581.0,0.003196966466531124,-0.0001475869452481559,0.0,39699.0,-0.00012504078956049458,0.0,0
0.05810600163911439,0.06438925678094871,1429.0,19581.0,0.003164762126957676,-0.00014758694524813918,0.0,39699.0,-0.00012504078956049458,0.0,0
0.058074117738073694,0.06438925678094871,1430.0,19581.0,0.003132878225916981,-0.00014758694524813989,0.0,39699.0,-0.00012504078956049458,0.0,0
0.058042551087149064,0.06438925678094871,1431.0,19581.0,0.0031013115749923613,-0.00014758694524815146,0.0,39699.0,-0.00012504078956049458,0.0,0
0.05801129852964913,0.06438925678094871,1432.0,19581.0,0.0030700590174924285,-0.00014758694524815024,0.0,39699.0,-0.00012504078956049458,0.0,0
0.05798035694029209,0.06438925678094871,1433.0,19581.0,0.003039117428135381,-0.00014758694524814978,0.0,39699.0,-0.00012504078956049458,0.0,0
0.0579497232248932,0.06438925678094871,1434.0,19581.0,0.0030084837127365006,-0.00014758694524814916,0.0,39699.0,-0.00012504078956049458,0.0,0
0.057919394320055426,0.06438925678094871,1435.0,19581.0,0.002978154807898723,-0.00014758694524814888,0.0,39699.0,-0.00012504078956049458,0.0,0
0.05788936719286299,0.06438925678094871,1436.0,19581.0,0.0029481276807062843,-0.000147586945248147,0.0,39699.0,-0.00012504078956049458,0.0,0
0.05785963884057817,0.06438925678094871,1437.0,19581.0,0.0029183993284214414,-0.00014758694524813932,0.0,39699.0,-0.00012504078956049458,0.0,0
0.05783020629034091,0.06438925678094871,1438.0,19581.0,0.0028889667781842056,-0.00014758694524815143,0.0,39699.0,-0.00012504078956049458,0.0,0
0.05780106659887172,0.06438925678094871,1439.0,19581.0,0.0028598270867150094,-0.0001475869452481425,0.0,39699.0,-0.00012504078956049458,0.0,0
0.05777221685217715,0.06438925678094871,1440.0,19581.0,0.0028309773400204317,-0.00014758694524813997,0.0,39699.0,-0.00012504078956049458,0.0,0
0.057743654165258465,0.06438925678094871,1441.0,19581.0,0.00280241465310176,-0.00014758694524815073,0.0,39699.0,-0.00012504078956049458,0.0,0
0.0577153756818232,0.06438925678094871,1442.0,19581.0,0.0027741361696664983,-0.00014758694524815075,0.0,39699.0,-0.00012504078956049458,0.0,0
0.05768737857399944,0.06438925678094871,1443.0,19581.0,0.00274613906184274,-0.0001475869452481628,0.0,39699.0,-0.00012504078956049458,0.0,0
0.057659660042053085,0.06438925678094871,1444.0,19581.0,0.002718420529896372,-0.00014758694524813772,0.0,39699.0,-0.00012504078956049458,0.0,0
0.05763221731410781,0.06438925678094871,1445.0,19581.0,0.002690977801951099,-0.00014758694524813693,0.0,39699.0,-0.00012504078956049458,0.0,0
0.05760504764586796,0.06438925678094871,1446.0,19581.0,0.002663808133711253,-0.00014758694524815206,0.0,39699.0,-0.00012504078956049458,0.0,0
0.057578148320344094,0.06438925678094871,1447.0,19581.0,0.0026369088081873793,-0.00014758694524814314,0.0,39699.0,-0.00012504078956049458,0.0,0
0.0575515166475812,0.06438925678094871,1448.0,19581.0,0.0026102771354245004,-0.00014758694524814788,0.0,39699.0,-0.00012504078956049458,0.0,0
0.057525149964389864,0.06438925678094871,1449.0,19581.0,0.002583910452233148,-0.00014758694524814436,0.0,39699.0,-0.00012504078956049458,0.0,0
0.057499045634079746,0.06438925678094871,1450.0,19581.0,0.0025578061219230373,-0.00014758694524814596,0.0,39699.0,-0.00012504078956049458,0.0,0
0.057473201046196076,0.06438925678094871,1451.0,19581.0,0.0025319615340393766,-0.00014758694524815615,0.0,39699.0,-0.00012504078956049458,0.0,0
0.05744761361625855,0.06438925678094871,1452.0,19581.0,0.00250637410410184,-0.00014758694524813604,0.0,39699.0,-0.00012504078956049458,0.0,0
0.057422280785502836,0.06438925678094871,1453.0,19581.0,0.0024810412733461155,-0.00014758694524813013,0.0,39699.0,-0.00012504078956049458,0.0,0
0.05739720002062473,0.06438925678094871,1454.0,19581.0,0.002455960508468018,-0.000147586945248145,0.0,39699.0,-0.00012504078956049458,0.0,0
0.05737236881352687,0.06438925678094871,1455.0,19581.0,0.002431129301370149,-0.00014758694524812032,0.0,39699.0,-0.00012504078956049458,0.0,0
0.05734778468106781,0.06438925678094871,1456.0,19581.0,0.0024065451689111172,-0.00014758694524816043,0.0,39699.0,-0.00012504078956049458,0.0,0
0.05732344516481389,0.06438925678094871,1457.0,19581.0,0.0023822056526571806,-0.00014758694524814273,0.0,39699.0,-0.00012504078956049458,0.0,0
0.05729934783079316,0.06438925678094871,1458.0,19581.0,0.002358108318636442,-0.00014758694524814335,0.0,39699.0,-0.00012504078956049458,0.0,0
0.05727549026925212,0.06438925678094871,1459.0,19581.0,0.0023342507570954076,-0.00014758694524814704,0.0,39699.0,-0.00012504078956049458,0.0,0
0.05725187009441476,0.06438925678094871,1460.0,19581.0,0.0023106305822580505,-0.00014758694524814037,0.0,39699.0,-0.00012504078956049458,0.0,0
0.0572284849442439,0.06438925678094871,1461.0,19581.0,0.0022872454320871944,-0.000147586945248142,0.0,39699.0,-0.00012504078956049458,0.0,0
0.05720533248020506,0.06438925678094871,1462.0,19581.0,0.0022640929680483386,-0.00014758694524813205,0.0,39699.0,-0.00012504078956049458,0.0,0
0.057182410387032485,0.06438925678094871,1463.0,19581.0,0.0022411708748757875,-0.00014758694524815916,0.0,39699.0,-0.00012504078956049458,0.0,0
0.05715971637249784,0.06438925678094871,1464.0,19581.0,0.0022184768603411183,-0.00014758694524813975,0.0,39699.0,-0.00012504078956049458,0.0,0
0.057137248167180674,0.06438925678094871,1465.0,19581.0,0.00219600865502397,-0.00014758694524814146,0.0,39699.0,-0.00012504078956049458,0.0,0
0.05711500352424181,0.06438925678094871,1466.0,19581.0,0.0021737640120850837,-0.00014758694524813574,0.0,39699.0,-0.00012504078956049458,0.0,0
0.057092980219198335,0.06438925678094871,1467.0,19581.0,0.0021517407070416328,-0.00014758694524815016,0.0,39699.0,-0.00012504078956049458,0.0,0
0.057071176049701466,0.06438925678094871,1468.0,19581.0,0.0021299365375447555,-0.0001475869452481521,0.0,39699.0,-0.00012504078956049458,0.0,0
0.05704958883531604,0.06438925678094871,1469.0,19581.0,0.0021083493231593303,-0.00014758694524813804,0.0,39699.0,-0.00012504078956049458,0.0,0
0.057028216417302637,0.06438925678094871,1470.0,19581.0,0.0020869769051459334,-0.00014758694524814463,0.0,39699.0,-0.00012504078956049458,0.0,0
0.05700705665840167,0.06438925678094871,1471.0,19581.0,0.002065817146244952,-0.00014758694524814008,0.0,39699.0,-0.00012504078956049458,0.0,0
0.056986107442619574,0.06438925678094871,1472.0,19581.0,0.002044867930462866,-0.0001475869452481465,0.0,39699.0,-0.00012504078956049458,0.0,0
0.05696536667501733,0.06438925678094871,1473.0,19581.0,0.0020241271628606335,-0.00014758694524815262,0.0,39699.0,-0.00012504078956049458,0.0,0
0.05694483228150093,0.06438925678094871,1474.0,19581.0,0.002003592769344213,-0.00014758694524813883,0.0,39699.0,-0.00012504078956049458,0.0,0
0.05692450220861386,0.06438925678094871,1475.0,19581.0,0.001983262696457145,-0.00014758694524814243,0.0,39699.0,-0.00012504078956049458,0.0,0
0.056904374423331884,0.06438925678094871,1476.0,19581.0,0.0019631349111751913,-0.00014758694524816236,0.0,39699.0,-0.00012504078956049458,0.0,0
0.056884446912859765,0.06438925678094871,1477.0,19581.0,0.0019432074007030525,-0.00014758694524813525,0.0,39699.0,-0.00012504078956049458,0.0,0
0.05686471768442979,0.06438925678094871,1478.0,19581.0,0.00192347817227308,-0.00014758694524813056,0.0,39699.0,-0.00012504078956049458,0.0,0
0.056845184765102696,0.06438925678094871,1479.0,19581.0,0.001903945252945985,-0.0001475869452481416,0.0,39699.0,-0.00012504078956049458,0.0,0
0.05682584620157027,0.06438925678094871,1480.0,19581.0,0.0018846066894135586,-0.00014758694524814842,0.0,39699.0,-0.00012504078956049458,0.0,0
0.056806700059960046,0.06438925678094871,1481.0,19581.0,0.001865460547803335,-0.00014758694524813918,0.0,39699.0,-0.00012504078956049458,0.0,0
0.056787744425641884,0.06438925678094871,1482.0,19581.0,0.001846504913485192,-0.00014758694524816222,0.0,39699.0,-0.00012504078956049458,0.0,0
0.056768977403036616,0.06438925678094871,1483.0,19581.0,0.0018277378908799027,-0.00014758694524813587,0.0,39699.0,-0.00012504078956049458,0.0,0
0.0567503971154263,0.06438925678094871,1484.0,19581.0,0.0018091576032695726,-0.00014758694524813002,0.0,39699.0,-0.00012504078956049458,0.0,0
0.05673200170476667,0.06438925678094871,1485.0,19581.0,0.0017907621926099532,-0.0001475869452481396,0.0,39699.0,-0.00012504078956049458,0.0,0
0.05671378933150136,0.06438925678094871,1486.0,19581.0,0.001772549819344647,-0.00014758694524813972,0.0,39699.0,-0.00012504078956049458,0.0,0
0.056695758174377865,0.06438925678094871,1487.0,19581.0,0.0017545186622211532,-0.00014758694524814685,0.0,39699.0,-0.00012504078956049458,0.0,0
0.056677906430265435,0.06438925678094871,1488.0,19581.0,0.0017366669181087366,-0.00014758694524816092,0.0,39699.0,-0.00012504078956049458,0.0,0
0.0566602323139748,0.06438925678094871,1489.0,19581.0,0.001718992801818104,-0.00014758694524814696,0.0,39699.0,-0.00012504078956049458,0.0,0
0.05664273405807962,0.06438925678094871,1490.0,19581.0,0.001701494545922897,-0.00014758694524812414,0.0,39699.0,-0.00012504078956049458,0.0,0
0.05662540991273964,0.06438925678094871,1491.0,19581.0,0.00168417040058295,-0.00014758694524816273,0.0,39699.0,-0.00012504078956049458,0.0,0
0.056608258145525996,0.06438925678094871,1492.0,19581.0,0.0016670186333692877,-0.00014758694524814487,0.0,39699.0,-0.00012504078956049458,0.0,0
0.05659127704124761,0.06438925678094871,1493.0,19581.0,0.0016500375290908972,-0.0001475869452481441,0.0,39699.0,-0.00012504078956049458,0.0,0
0.05657446490177991,0.06438925678094871,1494.0,19581.0,0.0016332253896232018,-0.000147586945248137,0.0,39699.0,-0.00012504078956049458,0.0,0
0.05655782004589494,0.06438925678094871,1495.0,19581.0,0.0016165805337382405,-0.0001475869452481426,0.0,39699.0,-0.00012504078956049458,0.0,0
0.056541340809093274,0.06438925678094871,1496.0,19581.0,0.001600101296936554,-0.0001475869452481277,0.0,39699.0,-0.00012504078956049458,0.0,0
0.05652502554343746,0.06438925678094871,1497.0,19581.0,0.001583786031280731,-0.0001475869452481188,0.0,39699.0,-0.00012504078956049458,0.0,0
0.056508872617387323,0.06438925678094871,1498.0,19581.0,0.0015676331052306154,-0.00014758694524814523,0.0,39699.0,-0.00012504078956049458,0.0,0
0.056492880415636826,0.06438925678094871,1499.0,19581.0,0.0015516409034801294,-0.0001475869452481573,0.0,39699.0,-0.00012504078956049458,0.0,0
0.056477047338952494,0.06438925678094871,1500.0,19581.0,0.0015358078267957785,-0.00014758694524814707,0.0,39699.0,-0.00012504078956049458,0.0,0
0.056461371804013415,0.06438925678094871,1501.0,19581.0,0.0015201322918566996,-0.00014758694524814932,0.0,39699.0,-0.00012504078956049458,0.0,0
0.056445852243253054,0.06438925678094871,1502.0,19581.0,0.0015046127310963389,-0.00014758694524813942,0.0,39699.0,-0.00012504078956049458,0.0,0
0.056430487104702394,0.06438925678094871,1503.0,19581.0,0.0014892475925456787,-0.00014758694524813967,0.0,39699.0,-0.00012504078956049458,0.0,0
0.056415274851834785,0.06438925678094871,1504.0,19581.0,0.0014740353396780663,-0.00014758694524812896,0.0,39699.0,-0.00012504078956049458,0.0,0
0.05640021396341225,0.06438925678094871,1505.0,19581.0,0.001458974451255539,-0.00014758694524813232,0.0,39699.0,-0.00012504078956049458,0.0,0
0.056385302933333395,0.06438925678094871,1506.0,19581.0,0.0014440634211766996,-0.00014758694524815767,0.0,39699.0,-0.00012504078956049458,0.0,0
0.056370540270482807,0.06438925678094871,1507.0,19581.0,0.0014293007583261123,-0.000147586945248161,0.0,39699.0,-0.00012504078956049458,0.0,0
0.05635592449858191,0.06438925678094871,1508.0,19581.0,0.0014146849864251985,-0.0001475869452481412,0.0,39699.0,-0.00012504078956049458,0.0,0
0.05634145415604129,0.06438925678094871,1509.0,19581.0,0.0014002146438845797,-0.00014758694524814658,0.0,39699.0,-0.00012504078956049458,0.0,0
0.056327127795814655,0.06438925678094871,1510.0,19581.0,0.0013858882836579453,-0.00014758694524814246,0.0,39699.0,-0.00012504078956049458,0.0,0
0.05631294398525403,0.06438925678094871,1511.0,19581.0,0.0013717044730973396,-0.00014758694524815693,0.0,39699.0,-0.00012504078956049458,0.0,0
0.056298901305966584,0.06438925678094871,1512.0,19581.0,0.00135766179380988,-0.0001475869452481505,0.0,39699.0,-0.00012504078956049458,0.0,0
0.05628499835367265,0.06438925678094871,1513.0,19581.0,0.0013437588415159366,-0.0001475869452481446,0.0,39699.0,-0.00012504078956049458,0.0,0
0.056271233738065404,0.06438925678094871,1514.0,19581.0,0.0013299942259086981,-0.0001475869452481488,0.0,39699.0,-0.00012504078956049458,0.0,0
0.05625760608267183,0.06438925678094871,1515.0,19581.0,0.0013163665705151263,-0.00014758694524815203,0.0,39699.0,-0.00012504078956049458,0.0,0
0.05624411402471505,0.06438925678094871,1516.0,19581.0,0.0013028745125583303,-0.00014758694524812872,0.0,39699.0,-0.00012504078956049458,0.0,0
0.05623075621497798,0.06438925678094871,1517.0,19581.0,0.0012895167028212759,-0.00014758694524814363,0.0,39699.0,-0.00012504078956049458,0.0,0
0.05621753131766855,0.06438925678094871,1518.0,19581.0,0.0012762918055118457,-0.00014758694524814306,0.0,39699.0,-0.00012504078956049458,0.0,0
0.05620443801028601,0.06438925678094871,1519.0,19581.0,0.0012631984981292988,-0.0001475869452481397,0.0,39699.0,-0.00012504078956049458,0.0,0
0.05619147498348869,0.06438925678094871,1520.0,19581.0,0.0012502354713319777,-0.00014758694524813826,0.0,39699.0,-0.00012504078956049458,0.0,0
0.056178640940963115,0.06438925678094871,1521.0,19581.0,0.0012374014288064053,-0.00014758694524813905,0.0,39699.0,-0.00012504078956049458,0.0,0
0.05616593459929436,0.06438925678094871,1522.0,19581.0,0.0012246950871376368,-0.00014758694524814165,0.0,39699.0,-0.00012504078956049458,0.0,0
0.05615335468783763,0.06438925678094871,1523.0,19581.0,0.0012121151756809077,-0.00014758694524813395,0.0,39699.0,-0.00012504078956049458,0.0,0
0.056140899948591304,0.06438925678094871,1524.0,19581.0,0.0011996604364345959,-0.00014758694524814701,0.0,39699.0,-0.00012504078956049458,0.0,0
0.0561285691360711,0.06438925678094871,1525.0,19581.0,0.0011873296239143939,-0.00014758694524814867,0.0,39699.0,-0.00012504078956049458,0.0,0
0.05611636101718549,0.06438925678094871,1526.0,19581.0,0.0011751215050287789,-0.00014758694524813829,0.0,39699.0,-0.00012504078956049458,0.0,0
0.05610427437111239,0.06438925678094871,1527.0,19581.0,0.0011630348589556792,-0.00014758694524813877,0.0,39699.0,-0.00012504078956049458,0.0,0
0.056092307989177144,0.06438925678094871,1528.0,19581.0,0.0011510684770204278,-0.0001475869452481283,0.0,39699.0,-0.00012504078956049458,0.0,0
0.05608046067473156,0.06438925678094871,1529.0,19581.0,0.0011392211625748502,-0.00014758694524814295,0.0,39699.0,-0.00012504078956049458,0.0,0
0.05606873124303436,0.06438925678094871,1530.0,19581.0,0.0011274917308776347,-0.0001475869452481307,0.0,39699.0,-0.00012504078956049458,0.0,0
0.05605711852113253,0.06438925678094871,1531.0,19581.0,0.0011158790089758326,-0.00014758694524816179,0.0,39699.0,-0.00012504078956049458,0.0,0
0.05604562134774429,0.06438925678094871,1532.0,19581.0,0.0011043818355875768,-0.00014758694524814392,0.0,39699.0,-0.00012504078956049458,0.0,0
0.05603423857314267,0.06438925678094871,1533.0,19581.0,0.0010929990609859536,-0.0001475869452481384,0.0,39699.0,-0.00012504078956049458,0.0,0
0.0560229690590407,0.06438925678094871,1534.0,19581.0,0.001081729546884005,-0.000147586945248157,0.0,39699.0,-0.00012504078956049458,0.0,0
0.056011811678477644,0.06438925678094871,1535.0,19581.0,0.0010705721663209417,-0.00014758694524815032,0.0,39699.0,-0.00012504078956049458,0.0,0
0.05600076531570611,0.06438925678094871,1536.0,19581.0,0.001059525803549401,-0.0001475869452481473,0.0,39699.0,-0.00012504078956049458,0.0,0
0.055989828866080615,0.06438925678094871,1537.0,19581.0,0.0010485893539239112,-0.0001475869452481425,0.0,39699.0,-0.00012504078956049458,0.0,0
0.055979001235947096,0.06438925678094871,1538.0,19581.0,0.0010377617237903839,-0.0001475869452481457,0.0,39699.0,-0.00012504078956049458,0.0,0
0.055968281342533496,0.06438925678094871,1539.0,19581.0,0.0010270418303767873,-0.00014758694524814962,0.0,39699.0,-0.00012504078956049458,0.0,0
0.05595766811384157,0.06438925678094871,1540.0,19581.0,0.0010164286016848489,-0.00014758694524813484,0.0,39699.0,-0.00012504078956049458,0.0,0
0.05594716048853955,0.06438925678094871,1541.0,19581.0,0.001005920976382853,-0.00014758694524814815,0.0,39699.0,-0.00012504078956049458,0.0,0
0.05593675741585623,0.06438925678094871,1542.0,19581.0,0.0009955179036995122,-0.00014758694524812828,0.0,39699.0,-0.00012504078956049458,0.0,0
0.0559264578554756,0.06438925678094871,1543.0,19581.0,0.0009852183433188921,-0.00014758694524814766,0.0,39699.0,-0.00012504078956049458,0.0,0
0.05591626077743307,0.06438925678094871,1544.0,19581.0,0.0009750212652763691,-0.00014758694524815707,0.0,39699.0,-0.00012504078956049458,0.0,0
0.05590616516201235,0.06438925678094871,1545.0,19581.0,0.0009649256498556428,-0.00014758694524814615,0.0,39699.0,-0.00012504078956049458,0.0,0
0.05589616999964346,0.06438925678094871,1546.0,19581.0,0.0009549304874867528,-0.00014758694524814113,0.0,39699.0,-0.00012504078956049458,0.0,0
0.05588627429080184,0.06438925678094871,1547.0,19581.0,0.0009450347786451409,-0.00014758694524815138,0.0,39699.0,-0.00012504078956049458,0.0,0
0.05587647704590838,0.06438925678094871,1548.0,19581.0,0.000935237533751671,-0.00014758694524814729,0.0,39699.0,-0.00012504078956049458,0.0,0
0.055866777285230394,0.06438925678094871,1549.0,19581.0,0.0009255377730736945,-0.0001475869452481565,0.0,39699.0,-0.00012504078956049458,0.0,0
0.05585717403878376,0.06438925678094871,1550.0,19581.0,0.0009159345266270541,-0.00014758694524814528,0.0,39699.0,-0.00012504078956049458,0.0,0
0.05584766634623581,0.06438925678094871,1551.0,19581.0,0.0009064268340791057,-0.00014758694524814235,0.0,39699.0,-0.00012504078956049458,0.0,0
0.05583825325680938,0.06438925678094871,1552.0,19581.0,0.0008970137446526708,-0.00014758694524815504,0.0,39699.0,-0.00012504078956049458,0.0,0
0.05582893382918767,0.06438925678094871,1553.0,19581.0,0.000887694317030964,-0.00014758694524814956,0.0,39699.0,-0.00012504078956049458,0.0,0
0.05581970713142017,0.06438925678094871,1554.0,19581.0,0.0008784676192634558,-0.00014758694524813368,0.0,39699.0,-0.00012504078956049458,0.0,0
0.055810572240829366,0.06438925678094871,1555.0,19581.0,0.0008693327286726826,-0.00014758694524816832,0.0,39699.0,-0.00012504078956049458,0.0,0
0.05580152824391868,0.06438925678094871,1556.0,19581.0,0.0008602887317619681,-0.00014758694524812847,0.0,39699.0,-0.00012504078956049458,0.0,0
0.0557925742362808,0.06438925678094871,1557.0,19581.0,0.000851334724124089,-0.00014758694524813753,0.0,39699.0,-0.00012504078956049458,0.0,0
0.05578370932250753,0.06438925678094871,1558.0,19581.0,0.0008424698103508138,-0.0001475869452481366,0.0,39699.0,-0.00012504078956049458,0.0,0
0.055774932616100094,0.06438925678094871,1559.0,19581.0,0.0008336931039433871,-0.0001475869452481402,0.0,39699.0,-0.00012504078956049458,0.0,0
0.05576624323938056,0.06438925678094871,1560.0,19581.0,0.000825003727223848,-0.00014758694524814734,0.0,39699.0,-0.00012504078956049458,0.0,0
0.05575764032340399,0.06438925678094871,1561.0,19581.0,0.0008164008112472837,-0.00014758694524815368,0.0,39699.0,-0.00012504078956049458,0.0,0
0.05574912300787164,0.06438925678094871,1562.0,19581.0,0.0008078834957149272,-0.0001475869452481345,0.0,39699.0,-0.00012504078956049458,0.0,0
0.055740690441044835,0.06438925678094871,1563.0,19581.0,0.0007994509288881307,-0.00014758694524815062,0.0,39699.0,-0.00012504078956049458,0.0,0
0.05573234177965989,0.06438925678094871,1564.0,19581.0,0.000791102267503178,-0.00014758694524814398,0.0,39699.0,-0.00012504078956049458,0.0,0
0.055724076188843695,0.06438925678094871,1565.0,19581.0,0.0007828366766869815,-0.00014758694524814468,0.0,39699.0,-0.00012504078956049458,0.0,0
0.05571589284203028,0.06438925678094871,1566.0,19581.0,0.000774653329873563,-0.00014758694524814626,0.0,39699.0,-0.00012504078956049458,0.0,0
0.05570779092087814,0.06438925678094871,1567.0,19581.0,0.0007665514087214311,-0.0001475869452481479,0.0,39699.0,-0.00012504078956049458,0.0,0
0.055699769615188424,0.06438925678094871,1568.0,19581.0,0.0007585301030317103,-0.00014758694524814387,0.0,39699.0,-0.00012504078956049458,0.0,0
0.05569182812282386,0.06438925678094871,1569.0,19581.0,0.0007505886106671525,-0.00014758694524814002,0.0,39699.0,-0.00012504078956049458,0.0,0
0.05568396564962862,0.06438925678094871,1570.0,19581.0,0.0007427261374719028,-0.00014758694524813487,0.0,39699.0,-0.00012504078956049458,0.0,0
0.055676181409348796,0.06438925678094871,1571.0,19581.0,0.0007349418971920896,-0.00014758694524814127,0.0,39699.0,-0.00012504078956049458,0.0,0
0.05566847462355389,0.06438925678094871,1572.0,19581.0,0.0007272351113971952,-0.00014758694524815983,0.0,39699.0,-0.00012504078956049458,0.0,0
0.05566084452155892,0.06438925678094871,1573.0,19581.0,0.0007196050094022183,-0.00014758694524814517,0.0,39699.0,-0.00012504078956049458,0.0,0
0.05565329034034732,0.06438925678094871,1574.0,19581.0,0.0007120508281906023,-0.00014758694524812267,0.0,39699.0,-0.00012504078956049458,0.0,0
0.05564581132449464,0.06438925678094871,1575.0,19581.0,0.0007045718123379354,-0.00014758694524814663,0.0,39699.0,-0.00012504078956049458,0.0,0
0.05563840672609311,0.06438925678094871,1576.0,19581.0,0.0006971672139363869,-0.00014758694524813558,0.0,39699.0,-0.00012504078956049458,0.0,0
0.05563107580467668,0.06438925678094871,1577.0,19581.0,0.0006898362925199624,-0.00014758694524813406,0.0,39699.0,-0.00012504078956049458,0.0,0
0.05562381782714711,0.06438925678094871,1578.0,19581.0,0.0006825783149904013,-0.00014758694524815227,0.0,39699.0,-0.00012504078956049458,0.0,0
0.055616632067700615,0.06438925678094871,1579.0,19581.0,0.0006753925555439004,-0.00014758694524813652,0.0,39699.0,-0.00012504078956049458,0.0,0
0.05560951780775524,0.06438925678094871,1580.0,19581.0,0.0006682782955985344,-0.00014758694524815243,0.0,39699.0,-0.00012504078956049458,0.0,0
0.05560247433587908,0.06438925678094871,1581.0,19581.0,0.0006612348237223722,-0.00014758694524814243,0.0,39699.0,-0.00012504078956049458,0.0,0
0.05559550094771909,0.06438925678094871,1582.0,19581.0,0.0006542614355623652,-0.00014758694524812633,0.0,39699.0,-0.00012504078956049458,0.0,0
0.05558859694593059,0.06438925678094871,1583.0,19581.0,0.0006473574337738842,-0.0001475869452481428,0.0,39699.0,-0.00012504078956049458,0.0,0
0.05558176164010769,0.06438925678094871,1584.0,19581.0,0.0006405221279509902,-0.0001475869452481489,0.0,39699.0,-0.00012504078956049458,0.0,0
0.05557499434671411,0.06438925678094871,1585.0,19581.0,0.000633754834557407,-0.0001475869452481528,0.0,39699.0,-0.00012504078956049458,0.0,0
0.05556829438901486,0.06438925678094871,1586.0,19581.0,0.0006270548768581608,-0.00014758694524814867,0.0,39699.0,-0.00012504078956049458,0.0,0
0.0555616610970086,0.06438925678094871,1587.0,19581.0,0.0006204215848518963,-0.00014758694524814701,0.0,39699.0,-0.00012504078956049458,0.0,0
0.05555509380736059,0.06438925678094871,1588.0,19581.0,0.0006138542952038834,-0.00014758694524814864,0.0,39699.0,-0.00012504078956049458,0.0,0
0.05554859186333641,0.06438925678094871,1589.0,19581.0,0.0006073523511796856,-0.00014758694524813254,0.0,39699.0,-0.00012504078956049458,0.0,0
0.055542154614736196,0.06438925678094871,1590.0,19581.0,0.0006009151025794864,-0.00014758694524814964,0.0,39699.0,-0.00012504078956049458,0.0,0
0.055535781417829756,0.06438925678094871,1591.0,19581.0,0.0005945419056730528,-0.00014758694524814715,0.0,39699.0,-0.00012504078956049458,0.0,0
0.0555294716352921,0.06438925678094871,1592.0,19581.0,0.0005882321231353839,-0.00014758694524813915,0.0,39699.0,-0.00012504078956049458,0.0,0
0.055523224636139686,0.06438925678094871,1593.0,19581.0,0.0005819851239829795,-0.00014758694524814628,0.0,39699.0,-0.00012504078956049458,0.0,0
0.05551703979566741,0.06438925678094871,1594.0,19581.0,0.0005758002835107075,-0.00014758694524814365,0.0,39699.0,-0.00012504078956049458,0.0,0
0.05551091649538609,0.06438925678094871,1595.0,19581.0,0.0005696769832293699,-0.0001475869452481302,0.0,39699.0,-0.00012504078956049458,0.0,0
0.05550485412296055,0.06438925678094871,1596.0,19581.0,0.0005636146108038302,-0.0001475869452481328,0.0,39699.0,-0.00012504078956049458,0.0,0
0.05549885207214851,0.06438925678094871,1597.0,19581.0,0.0005576125599918031,-0.00014758694524814422,0.0,39699.0,-0.00012504078956049458,0.0,0
0.0554929097427399,0.06438925678094871,1598.0,19581.0,0.0005516702305832,-0.00014758694524814994,0.0,39699.0,-0.00012504078956049458,0.0,0
0.05548702654049684,0.06438925678094871,1599.0,19581.0,0.0005457870283401335,-0.00014758694524814756,0.0,39699.0,-0.00012504078956049458,0.0,0
0.055481201877094176,0.06438925678094871,1600.0,19581.0,0.0005399623649374722,-0.00014758694524814983,0.0,39699.0,-0.00012504078956049458,0.0,0
0.05547543517006071,0.06438925678094871,1601.0,19581.0,0.0005341956579040168,-0.00014758694524816222,0.0,39699.0,-0.00012504078956049458,0.0,0
0.05546972584272097,0.06438925678094871,1602.0,19581.0,0.000528486330564268,-0.00014758694524814802,0.0,39699.0,-0.00012504078956049458,0.0,0
0.055464073324137435,0.06438925678094871,1603.0,19581.0,0.0005228338119807298,-0.00014758694524815298,0.0,39699.0,-0.00012504078956049458,0.0,0
0.055458477049053545,0.06438925678094871,1604.0,19581.0,0.0005172375368968342,-0.00014758694524813907,0.0,39699.0,-0.00012504078956049458,0.0,0
0.05545293645783712,0.06438925678094871,1605.0,19581.0,0.0005116969456804074,-0.00014758694524814734,0.0,39699.0,-0.00012504078956049458,0.0,0
0.05544745099642442,0.06438925678094871,1606.0,19581.0,0.0005062114842677129,-0.00014758694524814742,0.0,39699.0,-0.00012504078956049458,0.0,0
0.055442020116264756,0.06438925678094871,1607.0,19581.0,0.0005007806041080399,-0.00014758694524813777,0.0,39699.0,-0.00012504078956049458,0.0,0
0.05543664327426554,0.06438925678094871,1608.0,19581.0,0.000495403762108843,-0.00014758694524814238,0.0,39699.0,-0.00012504078956049458,0.0,0
0.05543131993273816,0.06438925678094871,1609.0,19581.0,0.0004900804205814373,-0.00014758694524813227,0.0,39699.0,-0.00012504078956049458,0.0,0
0.05542604955934396,0.06438925678094871,1610.0,19581.0,0.00048481004718724534,-0.00014758694524813452,0.0,39699.0,-0.00012504078956049458,0.0,0
0.055420831627041235,0.06438925678094871,1611.0,19581.0,0.00047959211488452793,-0.00014758694524814907,0.0,39699.0,-0.00012504078956049458,0.0,0
0.05541566561403241,0.06438925678094871,1612.0,19581.0,0.00047442610187570727,-0.00014758694524813937,0.0,39699.0,-0.00012504078956049458,0.0,0
0.05541055100371188,0.06438925678094871,1613.0,19581.0,0.00046931149155517886,-0.00014758694524814514,0.0,39699.0,-0.00012504078956049458,0.0,0
0.05540548728461436,0.06438925678094871,1614.0,19581.0,0.00046424777245764694,-0.0001475869452481384,0.0,39699.0,-0.00012504078956049458,0.0,0
0.0554004739503637,0.06438925678094871,1615.0,19581.0,0.000459234438206985,-0.0001475869452481343,0.0,39699.0,-0.00012504078956049458,0.0,0
0.05539551049962231,0.06438925678094871,1616.0,19581.0,0.00045427098746558575,-0.0001475869452481221,0.0,39699.0,-0.00012504078956049458,0.0,0
0.05539059643604094,0.06438925678094871,1617.0,19581.0,0.00044935692388424183,-0.00014758694524815525,0.0,39699.0,-0.00012504078956049458,0.0,0
0.0553857312682092,0.06438925678094871,1618.0,19581.0,0.0004444917560524972,-0.00014758694524816325,0.0,39699.0,-0.00012504078956049458,0.0,0
0.05538091450960623,0.06438925678094871,1619.0,19581.0,0.00043967499744952204,-0.00014758694524814476,0.0,39699.0,-0.00012504078956049458,0.0,0
0.05537614567855214,0.06438925678094871,1620.0,19581.0,0.0004349061663954346,-0.00014758694524814243,0.0,39699.0,-0.00012504078956049458,0.0,0
0.05537142429815986,0.06438925678094871,1621.0,19581.0,0.0004301847860031535,-0.00014758694524813717,0.0,39699.0,-0.00012504078956049458,0.0,0
0.05536674989628742,0.06438925678094871,1622.0,19581.0,0.0004255103841307138,-0.00014758694524814335,0.0,39699.0,-0.00012504078956049458,0.0,0
0.055362122005490726,0.06438925678094871,1623.0,19581.0,0.00042088249333402855,-0.00014758694524815943,0.0,39699.0,-0.00012504078956049458,0.0,0
0.055357540162976844,0.06438925678094871,1624.0,19581.0,0.000416300650820158,-0.00014758694524816924,0.0,39699.0,-0.00012504078956049458,0.0,0
0.05535300391055774,0.06438925678094871,1625.0,19581.0,0.0004117643984010373,-0.000147586945248154,0.0,39699.0,-0.00012504078956049458,0.0,0
0.055348512794604336,0.06438925678094871,1626.0,19581.0,0.00040727328244763997,-0.00014758694524815664,0.0,39699.0,-0.00012504078956049458,0.0,0
0.055344066366001345,0.06438925678094871,1627.0,19581.0,0.00040282685384463135,-0.00014758694524813699,0.0,39699.0,-0.00012504078956049458,0.0,0
0.05533966418010216,0.06438925678094871,1628.0,19581.0,0.0003984246679454476,-0.0001475869452481475,0.0,39699.0,-0.00012504078956049458,0.0,0
0.05533530579668454,0.06438925678094871,1629.0,19581.0,0.000394066284527827,-0.0001475869452481417,0.0,39699.0,-0.00012504078956049458,0.0,0
0.055330990779906504,0.06438925678094871,1630.0,19581.0,0.0003897512677497951,-0.0001475869452481435,0.0,39699.0,-0.00012504078956049458,0.0,0
0.0553267186982628,0.06438925678094871,1631.0,19581.0,0.0003854791861060798,-0.0001475869452481395,0.0,39699.0,-0.00012504078956049458,0.0,0
0.055322489124541664,0.06438925678094871,1632.0,19581.0,0.0003812496123849589,-0.00014758694524814143,0.0,39699.0,-0.00012504078956049458,0.0,0
0.05531830163578225,0.06438925678094871,1633.0,19581.0,0.00037706212362553256,-0.00014758694524814146,0.0,39699.0,-0.00012504078956049458,0.0,0
0.055314155813232145,0.06438925678094871,1634.0,19581.0,0.0003729163010754356,-0.00014758694524814677,0.0,39699.0,-0.00012504078956049458,0.0,0
0.05531005124230567,0.06438925678094871,1635.0,19581.0,0.0003688117301489604,-0.00014758694524814176,0.0,39699.0,-0.00012504078956049458,0.0,0
0.0553059875125423,0.06438925678094871,1636.0,19581.0,0.00036474800038559154,-0.0001475869452481463,0.0,39699.0,-0.00012504078956049458,0.0,0
0.05530196421756567,0.06438925678094871,1637.0,19581.0,0.0003607247054089615,-0.00014758694524814574,0.0,39699.0,-0.00012504078956049458,0.0,0
0.055297980955042944,0.06438925678094871,1638.0,19581.0,0.0003567414428862316,-0.00014758694524813894,0.0,39699.0,-0.00012504078956049458,0.0,0
0.05529403732664452,0.06438925678094871,1639.0,19581.0,0.0003527978144878189,-0.00014758694524815642,0.0,39699.0,-0.00012504078956049458,0.0,0
0.055290132938004326,0.06438925678094871,1640.0,19581.0,0.0003488934258476046,-0.00014758694524812294,0.0,39699.0,-0.00012504078956049458,0.0,0
0.05528626739868017,0.06438925678094871,1641.0,19581.0,0.0003450278865234678,-0.0001475869452481568,0.0,39699.0,-0.00012504078956049458,0.0,0
0.05528244032211497,0.06438925678094871,1642.0,19581.0,0.0003412008099582538,-0.00014758694524813742,0.0,39699.0,-0.00012504078956049458,0.0,0
0.05527865132559783,0.06438925678094871,1643.0,19581.0,0.00033741181344111863,-0.00014758694524813642,0.0,39699.0,-0.00012504078956049458,0.0,0
0.05527490003022597,0.06438925678094871,1644.0,19581.0,0.0003336605180692547,-0.00014758694524814368,0.0,39699.0,-0.00012504078956049458,0.0,0
0.0552711860608667,0.06438925678094871,1645.0,19581.0,0.0003299465487099939,-0.00014758694524815712,0.0,39699.0,-0.00012504078956049458,0.0,0
0.05526750904612001,0.06438925678094871,1646.0,19581.0,0.0003262695339633097,-0.00014758694524814826,0.0,39699.0,-0.00012504078956049458,0.0,0
0.055263868618281364,0.06438925678094871,1647.0,19581.0,0.00032262910612466115,-0.00014758694524815073,0.0,39699.0,-0.00012504078956049458,0.0,0
0.055260264413304935,0.06438925678094871,1648.0,19581.0,0.0003190249011482312,-0.00014758694524814872,0.0,39699.0,-0.00012504078956049458,0.0,0
0.055256696070767226,0.06438925678094871,1649.0,19581.0,0.0003154565586105193,-0.00014758694524814636,0.0,39699.0,-0.00012504078956049458,0.0,0
0.055253163233831004,0.06438925678094871,1650.0,19581.0,0.0003119237216742985,-0.00014758694524815262,0.0,39699.0,-0.00012504078956049458,0.0,0
0.05524966554920963,0.06438925678094871,1651.0,19581.0,0.0003084260370529308,-0.00014758694524815393,0.0,39699.0,-0.00012504078956049458,0.0,0
0.05524620266713175,0.06438925678094871,1652.0,19581.0,0.0003049631549750375,-0.00014758694524813408,0.0,39699.0,-0.00012504078956049458,0.0,0
0.05524277424130623,0.06438925678094871,1653.0,19581.0,0.0003015347291495274,-0.00014758694524813826,0.0,39699.0,-0.00012504078956049458,0.0,0
0.055239379928887666,0.06438925678094871,1654.0,19581.0,0.0002981404167309571,-0.00014758694524814338,0.0,39699.0,-0.00012504078956049458,0.0,0
0.05523601939044197,0.06438925678094871,1655.0,19581.0,0.00029477987828525963,-0.00014758694524813577,0.0,39699.0,-0.00012504078956049458,0.0,0
0.0552326922899125,0.06438925678094871,1656.0,19581.0,0.00029145277775579254,-0.00014758694524815672,0.0,39699.0,-0.00012504078956049458,0.0,0
0.05522939829458644,0.06438925678094871,1657.0,19581.0,0.00028815878242972317,-0.00014758694524813446,0.0,39699.0,-0.00012504078956049458,0.0,0
0.055226137075061486,0.06438925678094871,1658.0,19581.0,0.000284897562904779,-0.0001475869452481423,0.0,39699.0,-0.00012504078956049458,0.0,0
0.05522290830521299,0.06438925678094871,1659.0,19581.0,0.00028166879305628476,-0.00014758694524815824,0.0,39699.0,-0.00012504078956049458,0.0,0
0.0552197116621613,0.06438925678094871,1660.0,19581.0,0.00027847215000457613,-0.00014758694524812094,0.0,39699.0,-0.00012504078956049458,0.0,0
0.05521654682623939,0.06438925678094871,1661.0,19581.0,0.0002753073140826728,-0.000147586945248137,0.0,39699.0,-0.00012504078956049458,0.0,0
0.05521341348096105,0.06438925678094871,1662.0,19581.0,0.00027217396880435104,-0.00014758694524815978,0.0,39699.0,-0.00012504078956049458,0.0,0
0.05521031131298916,0.06438925678094871,1663.0,19581.0,0.0002690718008324623,-0.00014758694524816802,0.0,39699.0,-0.00012504078956049458,0.0,0
0.05520724001210433,0.06438925678094871,1664.0,19581.0,0.0002660004999476414,-0.0001475869452481752,0.0,39699.0,-0.00012504078956049458,0.0,0
0.05520419927117393,0.06438925678094871,1665.0,19581.0,0.00026295975901722434,-0.00014758694524814953,0.0,39699.0,-0.00012504078956049458,0.0,0
0.055201188786121305,0.06438925678094871,1666.0,19581.0,0.0002599492739645935,-0.00014758694524813726,0.0,39699.0,-0.00012504078956049458,0.0,0
0.05519820825589544,0.06438925678094871,1667.0,19581.0,0.0002569687437387312,-0.0001475869452481368,0.0,39699.0,-0.00012504078956049458,0.0,0
0.05519525738244085,0.06438925678094871,1668.0,19581.0,0.0002540178702841324,-0.0001475869452481434,0.0,39699.0,-0.00012504078956049458,0.0,0
0.05519233587066769,0.06438925678094871,1669.0,19581.0,0.0002510963585109917,-0.00014758694524815493,0.0,39699.0,-0.00012504078956049458,0.0,0
0.0551894434284224,0.06438925678094871,1670.0,19581.0,0.0002482039162657006,-0.00014758694524815832,0.0,39699.0,-0.00012504078956049458,0.0,0
0.05518657976645833,0.06438925678094871,1671.0,19581.0,0.0002453402543016151,-0.00014758694524814254,0.0,39699.0,-0.00012504078956049458,0.0,0
0.055183744598406886,0.06438925678094871,1672.0,19581.0,0.00024250508625016202,-0.0001475869452481328,0.0,39699.0,-0.00012504078956049458,0.0,0
0.055180937640748884,0.06438925678094871,1673.0,19581.0,0.0002396981285921694,-0.00014758694524813167,0.0,39699.0,-0.00012504078956049458,0.0,0
0.05517815861278622,0.06438925678094871,1674.0,19581.0,0.0002369191006295339,-0.00014758694524815889,0.0,39699.0,-0.00012504078956049458,0.0,0
0.055175407236613835,0.06438925678094871,1675.0,19581.0,0.00023416772445713775,-0.00014758694524814758,0.0,39699.0,-0.00012504078956049458,0.0,0
0.0551726832370918,0.06438925678094871,1676.0,19581.0,0.0002314437249350777,-0.000147586945248141,0.0,39699.0,-0.00012504078956049458,0.0,0
0.055169986341817835,0.06438925678094871,1677.0,19581.0,0.00022874682966113327,-0.00014758694524814837,0.0,39699.0,-0.00012504078956049458,0.0,0
0.05516731628110024,0.06438925678094871,1678.0,19581.0,0.00022607676894351996,-0.0001475869452481294,0.0,39699.0,-0.00012504078956049458,0.0,0
0.055164672787930656,0.06438925678094871,1679.0,19581.0,0.0002234332757739519,-0.0001475869452481588,0.0,39699.0,-0.00012504078956049458,0.0,0
0.05516205559795761,0.06438925678094871,1680.0,19581.0,0.0002208160858009023,-0.00014758694524815227,0.0,39699.0,-0.00012504078956049458,0.0,0
0.055159464449459884,0.06438925678094871,1681.0,19581.0,0.00021822493730319303,-0.00014758694524815208,0.0,39699.0,-0.00012504078956049458,0.0,0
0.05515689908332052,0.06438925678094871,1682.0,19581.0,0.00021565957116381618,-0.0001475869452481609,0.0,39699.0,-0.00012504078956049458,0.0,0
0.05515435924300072,0.06438925678094871,1683.0,19581.0,0.00021311973084402509,-0.00014758694524816114,0.0,39699.0,-0.00012504078956049458,0.0,0
0.055151844674514366,0.06438925678094871,1684.0,19581.0,0.0002106051623576613,-0.00014758694524814856,0.0,39699.0,-0.00012504078956049458,0.0,0
0.05514935512640249,0.06438925678094871,1685.0,19581.0,0.00020811561424578543,-0.0001475869452481363,0.0,39699.0,-0.00012504078956049458,0.0,0
0.05514689034970822,0.06438925678094871,1686.0,19581.0,0.00020565083755151578,-0.00014758694524815019,0.0,39699.0,-0.00012504078956049458,0.0,0
0.055144450097951846,0.06438925678094871,1687.0,19581.0,0.0002032105857951243,-0.00014758694524813636,0.0,39699.0,-0.00012504078956049458,0.0,0
0.055142034127106124,0.06438925678094871,1688.0,19581.0,0.00020079461494940307,-0.0001475869452481372,0.0,39699.0,-0.00012504078956049458,0.0,0
0.055139642195571964,0.06438925678094871,1689.0,19581.0,0.00019840268341525551,-0.0001475869452481495,0.0,39699.0,-0.00012504078956049458,0.0,0
0.055137274064154244,0.06438925678094871,1690.0,19581.0,0.00019603455199752775,-0.00014758694524813154,0.0,39699.0,-0.00012504078956049458,0.0,0
0.055134929496037835,0.06438925678094871,1691.0,19581.0,0.00019368998388111526,-0.00014758694524813422,0.0,39699.0,-0.00012504078956049458,0.0,0
0.05513260825676395,0.06438925678094871,1692.0,19581.0,0.00019136874460724528,-0.00014758694524813753,0.0,39699.0,-0.00012504078956049458,0.0,0
0.055130310114206764,0.06438925678094871,1693.0,19581.0,0.00018907060205005665,-0.0001475869452481432,0.0,39699.0,-0.00012504078956049458,0.0,0
0.05512803483855009,0.06438925678094871,1694.0,19581.0,0.00018679532639338583,-0.00014758694524814436,0.0,39699.0,-0.00012504078956049458,0.0,0
0.05512578220226447,0.06438925678094871,1695.0,19581.0,0.00018454269010776084,-0.00014758694524814701,0.0,39699.0,-0.00012504078956049458,0.0,0
0.05512355198008439,0.06438925678094871,1696.0,19581.0,0.00018231246792767988,-0.00014758694524814224,0.0,39699.0,-0.00012504078956049458,0.0,0
0.05512134394898578,0.06438925678094871,1697.0,19581.0,0.000180104436829071,-0.0001475869452481402,0.0,39699.0,-0.00012504078956049458,0.0,0
0.055119157888163704,0.06438925678094871,1698.0,19581.0,0.00017791837600697683,-0.00014758694524812763,0.0,39699.0,-0.00012504078956049458,0.0,0
0.055116993579010225,0.06438925678094871,1699.0,19581.0,0.00017575406685349951,-0.00014758694524812338,0.0,39699.0,-0.00012504078956049458,0.0,0
0.05511485080509263,0.06438925678094871,1700.0,19581.0,0.00017361129293591676,-0.00014758694524812972,0.0,39699.0,-0.00012504078956049458,0.0,0
0.05511272935213177,0.06438925678094871,1701.0,19581.0,0.00017148983997504914,-0.0001475869452481383,0.0,39699.0,-0.00012504078956049458,0.0,0
0.055110629007980555,0.06438925678094871,1702.0,19581.0,0.00016938949582383857,-0.00014758694524813685,0.0,39699.0,-0.00012504078956049458,0.0,0
0.05510854956260284,0.06438925678094871,1703.0,19581.0,0.00016731005044611364,-0.000147586945248134,0.0,39699.0,-0.00012504078956049458,0.0,0
0.05510649080805233,0.06438925678094871,1704.0,19581.0,0.0001652512958956107,-0.00014758694524814002,0.0,39699.0,-0.00012504078956049458,0.0,0
0.055104452538451865,0.06438925678094871,1705.0,19581.0,0.00016321302629515228,-0.00014758694524813837,0.0,39699.0,-0.00012504078956049458,0.0,0
0.055102434549972795,0.06438925678094871,1706.0,19581.0,0.00016119503781608324,-0.00014758694524815078,0.0,39699.0,-0.00012504078956049458,0.0,0
0.055100436640814564,0.06438925678094871,1707.0,19581.0,0.00015919712865787255,-0.00014758694524815645,0.0,39699.0,-0.00012504078956049458,0.0,0
0.05509845861118465,0.06438925678094871,1708.0,19581.0,0.00015721909902793836,-0.00014758694524814186,0.0,39699.0,-0.00012504078956049458,0.0,0
0.05509650026327838,0.06438925678094871,1709.0,19581.0,0.0001552607511216754,-0.00014758694524813755,0.0,39699.0,-0.00012504078956049458,0.0,0
0.05509456140125935,0.06438925678094871,1710.0,19581.0,0.00015332188910265377,-0.0001475869452481512,0.0,39699.0,-0.00012504078956049458,0.0,0
0.05509264183123976,0.06438925678094871,1711.0,19581.0,0.0001514023190830578,-0.0001475869452481445,0.0,39699.0,-0.00012504078956049458,0.0,0
0.055090741361261006,0.06438925678094871,1712.0,19581.0,0.00014950184910428785,-0.00014758694524813726,0.0,39699.0,-0.00012504078956049458,0.0,0
0.05508885980127447,0.06438925678094871,1713.0,19581.0,0.00014762028911776174,-0.00014758694524815303,0.0,39699.0,-0.00012504078956049458,0.0,0
0.05508699696312261,0.06438925678094871,1714.0,19581.0,0.00014575745096591483,-0.0001475869452481683,0.0,39699.0,-0.00012504078956049458,0.0,0
0.05508515266052008,0.06438925678094871,1715.0,19581.0,0.00014391314836337423,-0.0001475869452481485,0.0,39699.0,-0.00012504078956049458,0.0,0
0.05508332670903505,0.06438925678094871,1716.0,19581.0,0.0001420871968783472,-0.00014758694524815157,0.0,39699.0,-0.00012504078956049458,0.0,0
0.05508151892607088,0.06438925678094871,1717.0,19581.0,0.00014027941391416105,-0.00014758694524813194,0.0,39699.0,-0.00012504078956049458,0.0,0
0.055079729130847736,0.06438925678094871,1718.0,19581.0,0.0001384896186910145,-0.00014758694524813072,0.0,39699.0,-0.00012504078956049458,0.0,0
0.0550779571443846,0.06438925678094871,1719.0,19581.0,0.00013671763222789478,-0.0001475869452481428,0.0,39699.0,-0.00012504078956049458,0.0,0
0.05507620278948139,0.06438925678094871,1720.0,19581.0,0.00013496327732467434,-0.00014758694524814541,0.0,39699.0,-0.00012504078956049458,0.0,0
0.05507446589070112,0.06438925678094871,1721.0,19581.0,0.00013322637854440734,-0.00014758694524813932,0.0,39699.0,-0.00012504078956049458,0.0,0
0.05507274627435248,0.06438925678094871,1722.0,19581.0,0.00013150676219576276,-0.00014758694524813636,0.0,39699.0,-0.00012504078956049458,0.0,0
0.055071043768472376,0.06438925678094871,1723.0,19581.0,0.00012980425631567525,-0.00014758694524815243,0.0,39699.0,-0.00012504078956049458,0.0,0
0.05506935820280884,0.06438925678094871,1724.0,19581.0,0.00012811869065213833,-0.00014758694524815005,0.0,39699.0,-0.00012504078956049458,0.0,0
0.05506768940880389,0.06438925678094871,1725.0,19581.0,0.00012644989664717645,-0.00014758694524813915,0.0,39699.0,-0.00012504078956049458,0.0,0
0.0550660372195767,0.06438925678094871,1726.0,19581.0,0.00012479770742000742,-0.0001475869452481556,0.0,39699.0,-0.00012504078956049458,0.0,0
0.055064401469907036,0.06438925678094871,1727.0,19581.0,0.00012316195775032381,-0.0001475869452481335,0.0,39699.0,-0.00012504078956049458,0.0,0
0.05506278199621851,0.06438925678094871,1728.0,19581.0,0.00012154248406179936,-0.00014758694524814392,0.0,39699.0,-0.00012504078956049458,0.0,0
0.05506117863656241,0.06438925678094871,1729.0,19581.0,0.00011993912440571285,-0.00014758694524815748,0.0,39699.0,-0.00012504078956049458,0.0,0
0.05505959123060147,0.06438925678094871,1730.0,19581.0,0.00011835171844476374,-0.00014758694524815374,0.0,39699.0,-0.00012504078956049458,0.0,0
0.05505801961959376,0.06438925678094871,1731.0,19581.0,0.00011678010743703666,-0.00014758694524812568,0.0,39699.0,-0.00012504078956049458,0.0,0
0.05505646364637682,0.06438925678094871,1732.0,19581.0,0.00011522413422011536,-0.00014758694524815344,0.0,39699.0,-0.00012504078956049458,0.0,0
0.05505492315535209,0.06438925678094871,1733.0,19581.0,0.00011368364319538644,-0.0001475869452481392,0.0,39699.0,-0.00012504078956049458,0.0,0
0.05505339799246918,0.06438925678094871,1734.0,19581.0,0.00011215848031246143,-0.00014758694524813956,0.0,39699.0,-0.00012504078956049458,0.0,0
0.055051888005210485,0.06438925678094871,1735.0,19581.0,0.00011064849305378046,-0.00014758694524815265,0.0,39699.0,-0.00012504078956049458,0.0,0
0.05505039304257607,0.06438925678094871,1736.0,19581.0,0.00010915353041936101,-0.0001475869452481469,0.0,39699.0,-0.00012504078956049458,0.0,0
0.0550489129550684,0.06438925678094871,1737.0,19581.0,0.00010767344291169083,-0.0001475869452481477,0.0,39699.0,-0.00012504078956049458,0.0,0
0.0550474475946775,0.06438925678094871,1738.0,19581.0,0.00010620808252078618,-0.00014758694524813932,0.0,39699.0,-0.00012504078956049458,0.0,0
0.0550459968148661,0.06438925678094871,1739.0,19581.0,0.00010475730270939618,-0.00014758694524814948,0.0,39699.0,-0.00012504078956049458,0.0,0
0.055044560470555025,0.06438925678094871,1740.0,19581.0,0.00010332095839831555,-0.00014758694524814945,0.0,39699.0,-0.00012504078956049458,0.0,0
0.05504313841810862,0.06438925678094871,1741.0,19581.0,0.00010189890595192399,-0.0001475869452481628,0.0,39699.0,-0.00012504078956049458,0.0,0
0.05504173051532051,0.06438925678094871,1742.0,19581.0,0.00010049100316379165,-0.00014758694524813333,0.0,39699.0,-0.00012504078956049458,0.0,0
0.05504033662139917,0.06438925678094871,1743.0,19581.0,9.909710924247038e-05,-0.00014758694524815135,0.0,39699.0,-0.00012504078956049458,0.0,0
0.055038956596954104,0.06438925678094871,1744.0,19581.0,9.771708479739983e-05,-0.0001475869452481513,0.0,39699.0,-0.00012504078956049458,0.0,0
0.055037590303981705,0.06438925678094871,1745.0,19581.0,9.635079182498724e-05,-0.00014758694524813593,0.0,39699.0,-0.00012504078956049458,0.0,0
0.05503623760585151,0.06438925678094871,1746.0,19581.0,9.499809369479838e-05,-0.0001475869452481472,0.0,39699.0,-0.00012504078956049458,0.0,0
0.055034898367292605,0.06438925678094871,1747.0,19581.0,9.365885513589413e-05,-0.00014758694524814165,0.0,39699.0,-0.00012504078956049458,0.0,0
0.05503357245438001,0.06438925678094871,1748.0,19581.0,9.233294222329718e-05,-0.00014758694524814257,0.0,39699.0,-0.00012504078956049458,0.0,0
0.05503225973452131,0.06438925678094871,1749.0,19581.0,9.102022236461696e-05,-0.0001475869452481644,0.0,39699.0,-0.00012504078956049458,0.0,0
0.055030960076443466,0.06438925678094871,1750.0,19581.0,8.972056428676907e-05,-0.00014758694524814094,0.0,39699.0,-0.00012504078956049458,0.0,0
0.05502967335017958,0.06438925678094871,1751.0,19581.0,8.843383802286505e-05,-0.00014758694524814127,0.0,39699.0,-0.00012504078956049458,0.0,0
0.0550283994270559,0.06438925678094871,1752.0,19581.0,8.715991489920563e-05,-0.00014758694524816677,0.0,39699.0,-0.00012504078956049458,0.0,0
0.05502713817967912,0.06438925678094871,1753.0,19581.0,8.589866752241862e-05,-0.00014758694524814926,0.0,39699.0,-0.00012504078956049458,0.0,0
0.05502588948192342,0.06438925678094871,1754.0,19581.0,8.464996976671478e-05,-0.00014758694524815094,0.0,39699.0,-0.00012504078956049458,0.0,0
0.055024653208917994,0.06438925678094871,1755.0,19581.0,8.341369676127542e-05,-0.00014758694524814322,0.0,39699.0,-0.00012504078956049458,0.0,0
0.055023429237034495,0.06438925678094871,1756.0,19581.0,8.218972487777317e-05,-0.00014758694524813983,0.0,39699.0,-0.00012504078956049458,0.0,0
0.055022217443874706,0.06438925678094871,1757.0,19581.0,8.097793171799846e-05,-0.00014758694524814382,0.0,39699.0,-0.00012504078956049458,0.0,0
0.055021017708258346,0.06438925678094871,1758.0,19581.0,7.977819610162629e-05,-0.00014758694524813997,0.0,39699.0,-0.00012504078956049458,0.0,0
0.055019829910210795,0.06438925678094871,1759.0,19581.0,7.859039805409394e-05,-0.00014758694524814075,0.0,39699.0,-0.00012504078956049458,0.0,0
0.05501865393095131,0.06438925678094871,1760.0,19581.0,7.741441879460307e-05,-0.00014758694524814653,0.0,39699.0,-0.00012504078956049458,0.0,0
0.05501748965288095,0.06438925678094871,1761.0,19581.0,7.625014072425374e-05,-0.00014758694524816363,0.0,39699.0,-0.00012504078956049458,0.0,0
0.055016336959570984,0.06438925678094871,1762.0,19581.0,7.509744741426692e-05,-0.0001475869452481344,0.0,39699.0,-0.00012504078956049458,0.0,0
0.05501519573575104,0.06438925678094871,1763.0,19581.0,7.395622359434854e-05,-0.00014758694524815967,0.0,39699.0,-0.00012504078956049458,0.0,0
0.05501406586729787,0.06438925678094871,1764.0,19581.0,7.282635514117043e-05,-0.00014758694524815523,0.0,39699.0,-0.00012504078956049458,0.0,0
0.05501294724122365,0.06438925678094871,1765.0,19581.0,7.17077290669439e-05,-0.00014758694524814533,0.0,39699.0,-0.00012504078956049458,0.0,0
0.05501183974566484,0.06438925678094871,1766.0,19581.0,7.060023350812514e-05,-0.00014758694524814078,0.0,39699.0,-0.00012504078956049458,0.0,0
0.05501074326987096,0.06438925678094871,1767.0,19581.0,6.950375771423675e-05,-0.00014758694524812923,0.0,39699.0,-0.00012504078956049458,0.0,0
0.055009657704193506,0.06438925678094871,1768.0,19581.0,6.841819203679759e-05,-0.0001475869452481452,0.0,39699.0,-0.00012504078956049458,0.0,0
0.055008582940075025,0.06438925678094871,1769.0,19581.0,6.73434279183179e-05,-0.00014758694524814764,0.0,39699.0,-0.00012504078956049458,0.0,0
0.055007518870038206,0.06438925678094871,1770.0,19581.0,6.627935788149678e-05,-0.0001475869452481409,0.0,39699.0,-0.00012504078956049458,0.0,0
0.05500646538767518,0.06438925678094871,1771.0,19581.0,6.522587551844764e-05,-0.00014758694524811544,0.0,39699.0,-0.00012504078956049458,0.0,0
0.05500542238763675,0.06438925678094871,1772.0,19581.0,6.418287548005159e-05,-0.00014758694524815818,0.0,39699.0,-0.00012504078956049458,0.0,0
0.05500438976562214,0.06438925678094871,1773.0,19581.0,6.315025346543666e-05,-0.00014758694524815073,0.0,39699.0,-0.00012504078956049458,0.0,0
0.055003367418368254,0.06438925678094871,1774.0,19581.0,6.212790621153945e-05,-0.0001475869452481413,0.0,39699.0,-0.00012504078956049458,0.0,0
0.05500235524363951,0.06438925678094871,1775.0,19581.0,6.111573148279117e-05,-0.00014758694524813362,0.0,39699.0,-0.00012504078956049458,0.0,0
0.055001353140217576,0.06438925678094871,1776.0,19581.0,6.011362806086341e-05,-0.00014758694524813888,0.0,39699.0,-0.00012504078956049458,0.0,0
0.05500036100789129,0.06438925678094871,1777.0,19581.0,5.912149573458752e-05,-0.00014758694524814745,0.0,39699.0,-0.00012504078956049458,0.0,0
0.05499937874744662,0.06438925678094871,1778.0,19581.0,5.8139235289896494e-05,-0.00014758694524813452,0.0,39699.0,-0.00012504078956049458,0.0,0
0.054998406260656656,0.06438925678094871,1779.0,19581.0,5.716674849993557e-05,-0.00014758694524813154,0.0,39699.0,-0.00012504078956049458,0.0,0
0.05499744345027192,0.06438925678094871,1780.0,19581.0,5.6203938115211785e-05,-0.00014758694524814287,0.0,39699.0,-0.00012504078956049458,0.0,0
0.05499649022001058,0.06438925678094871,1781.0,19581.0,5.525070785388142e-05,-0.00014758694524815544,0.0,39699.0,-0.00012504078956049458,0.0,0
0.05499554647454883,0.06438925678094871,1782.0,19581.0,5.4306962392127773e-05,-0.00014758694524814523,0.0,39699.0,-0.00012504078956049458,0.0,0
0.0549946121195113,0.06438925678094871,1783.0,19581.0,5.3372607354618614e-05,-0.00014758694524817683,0.0,39699.0,-0.00012504078956049458,0.0,0
0.054993687061461766,0.06438925678094871,1784.0,19581.0,5.244754930506685e-05,-0.0001475869452481536,0.0,39699.0,-0.00012504078956049458,0.0,0
0.05499277120789361,0.06438925678094871,1785.0,19581.0,5.153169573690298e-05,-0.00014758694524814853,0.0,39699.0,-0.00012504078956049458,0.0,0
0.0549918644672207,0.06438925678094871,1786.0,19581.0,5.062495506400062e-05,-0.00014758694524814953,0.0,39699.0,-0.00012504078956049458,0.0,0
0.05499096674876826,0.06438925678094871,1787.0,19581.0,4.9727236611541036e-05,-0.00014758694524813755,0.0,39699.0,-0.00012504078956049458,0.0,0
0.05499007796276364,0.06438925678094871,1788.0,19581.0,4.883845060692938e-05,-0.00014758694524814758,0.0,39699.0,-0.00012504078956049458,0.0,0
0.054989198020327534,0.06438925678094871,1789.0,19581.0,4.7958508170828175e-05,-0.0001475869452481524,0.0,39699.0,-0.00012504078956049458,0.0,0
0.05498832683346497,0.06438925678094871,1790.0,19581.0,4.70873213082551e-05,-0.00014758694524814064,0.0,39699.0,-0.00012504078956049458,0.0,0
0.054987464315056515,0.06438925678094871,1791.0,19581.0,4.6224802899800414e-05,-0.0001475869452481338,0.0,39699.0,-0.00012504078956049458,0.0,0
0.054986610378849624,0.06438925678094871,1792.0,19581.0,4.537086669290364e-05,-0.0001475869452481256,0.0,39699.0,-0.00012504078956049458,0.0,0
0.054985764939449934,0.06438925678094871,1793.0,19581.0,4.4525427293234905e-05,-0.00014758694524815005,0.0,39699.0,-0.00012504078956049458,0.0,0
0.05498492791231285,0.06438925678094871,1794.0,19581.0,4.3688400156144446e-05,-0.00014758694524814298,0.0,39699.0,-0.00012504078956049458,0.0,0
0.05498409921373494,0.06438925678094871,1795.0,19581.0,4.2859701578228995e-05,-0.00014758694524814555,0.0,39699.0,-0.00012504078956049458,0.0,0
0.05498327876084563,0.06438925678094871,1796.0,19581.0,4.2039248688931144e-05,-0.00014758694524815122,0.0,39699.0,-0.00012504078956049458,0.0,0
0.054982466471599004,0.06438925678094871,1797.0,19581.0,4.12269594422845e-05,-0.00014758694524813867,0.0,39699.0,-0.00012504078956049458,0.0,0
0.054981662264765384,0.06438925678094871,1798.0,19581.0,4.042275260868652e-05,-0.00014758694524816623,0.0,39699.0,-0.00012504078956049458,0.0,0
0.0549808660599235,0.06438925678094871,1799.0,19581.0,3.962654776677901e-05,-0.00014758694524813276,0.0,39699.0,-0.00012504078956049458,0.0,0
0.05498007777745213,0.06438925678094871,1800.0,19581.0,3.88382652954237e-05,-0.00014758694524813774,0.0,39699.0,-0.00012504078956049458,0.0,0
0.05497929733852243,0.06438925678094871,1801.0,19581.0,3.8057826365710376e-05,-0.00014758694524813113,0.0,39699.0,-0.00012504078956049458,0.0,0
0.05497852466508979,0.06438925678094871,1802.0,19581.0,3.728515293309192e-05,-0.0001475869452481559,0.0,39699.0,-0.00012504078956049458,0.0,0
0.05497775967988631,0.06438925678094871,1803.0,19581.0,3.6520167729591375e-05,-0.00014758694524813647,0.0,39699.0,-0.00012504078956049458,0.0,0
0.05497700230641275,0.06438925678094871,1804.0,19581.0,3.5762794256042216e-05,-0.00014758694524814222,0.0,39699.0,-0.00012504078956049458,0.0,0
0.05497625246893117,0.06438925678094871,1805.0,19581.0,3.501295677446807e-05,-0.00014758694524816073,0.0,39699.0,-0.00012504078956049458,0.0,0
0.05497551009245721,0.06438925678094871,1806.0,19581.0,3.4270580300498615e-05,-0.00014758694524814804,0.0,39699.0,-0.00012504078956049458,0.0,0
0.05497477510275257,0.06438925678094871,1807.0,19581.0,3.35355905958641e-05,-0.0001475869452481443,0.0,39699.0,-0.00012504078956049458,0.0,0
0.05497404742631769,0.06438925678094871,1808.0,19581.0,3.2807914160983124e-05,-0.00014758694524815628,0.0,39699.0,-0.00012504078956049458,0.0,0
0.05497332699038432,0.06438925678094871,1809.0,19581.0,3.208747822760558e-05,-0.00014758694524813154,0.0,39699.0,-0.00012504078956049458,0.0,0
0.054972613722908244,0.06438925678094871,1810.0,19581.0,3.137421075154199e-05,-0.00014758694524814157,0.0,39699.0,-0.00012504078956049458,0.0,0
0.05497190755256215,0.06438925678094871,1811.0,19581.0,3.066804040544488e-05,-0.00014758694524815005,0.0,39699.0,-0.00012504078956049458,0.0,0
0.05497120840872839,0.06438925678094871,1812.0,19581.0,2.9968896571691487e-05,-0.00014758694524815864,0.0,39699.0,-0.00012504078956049458,0.0,0
0.05497051622149202,0.06438925678094871,1813.0,19581.0,2.9276709335317076e-05,-0.00014758694524814186,0.0,39699.0,-0.00012504078956049458,0.0,0
0.05496983092163372,0.06438925678094871,1814.0,19581.0,2.859140947702354e-05,-0.0001475869452481591,0.0,39699.0,-0.00012504078956049458,0.0,0
0.054969152440622955,0.06438925678094871,1815.0,19581.0,2.7912928466248217e-05,-0.00014758694524814422,0.0,39699.0,-0.00012504078956049458,0.0,0
0.05496848071061104,0.06438925678094871,1816.0,19581.0,2.7241198454332315e-05,-0.00014758694524814333,0.0,39699.0,-0.00012504078956049458,0.0,0
0.05496781566442442,0.06438925678094871,1817.0,19581.0,2.6576152267707613e-05,-0.00014758694524813365,0.0,39699.0,-0.00012504078956049458,0.0,0
0.054967157235557916,0.06438925678094871,1818.0,19581.0,2.591772340120458e-05,-0.00014758694524814948,0.0,39699.0,-0.00012504078956049458,0.0,0
0.05496650535816811,0.06438925678094871,1819.0,19581.0,2.5265846011387068e-05,-0.00014758694524814135,0.0,39699.0,-0.00012504078956049458,0.0,0
0.05496585996706669,0.06438925678094871,1820.0,19581.0,2.4620454909974122e-05,-0.0001475869452481317,0.0,39699.0,-0.00012504078956049458,0.0,0
0.05496522099771403,0.06438925678094871,1821.0,19581.0,2.398148555732181e-05,-0.00014758694524814176,0.0,39699.0,-0.00012504078956049458,0.0,0
0.05496458838621266,0.06438925678094871,1822.0,19581.0,2.3348874055950295e-05,-0.00014758694524813772,0.0,39699.0,-0.00012504078956049458,0.0,0
0.0549639620693009,0.06438925678094871,1823.0,19581.0,2.2722557144191524e-05,-0.00014758694524815195,0.0,39699.0,-0.00012504078956049458,0.0,0
0.05496334198434655,0.06438925678094871,1824.0,19581.0,2.2102472189832664e-05,-0.00014758694524814208,0.0,39699.0,-0.00012504078956049458,0.0,0
0.05496272806934056,0.06438925678094871,1825.0,19581.0,2.148855718385804e-05,-0.0001475869452481524,0.0,39699.0,-0.00012504078956049458,0.0,0
0.054962120262890976,0.06438925678094871,1826.0,19581.0,2.088075073425663e-05,-0.00014758694524813593,0.0,39699.0,-0.00012504078956049458,0.0,0
0.05496151850421658,0.06438925678094871,1827.0,19581.0,2.0278992059879437e-05,-0.00014758694524814794,0.0,39699.0,-0.00012504078956049458,0.0,0
0.05496092273314107,0.06438925678094871,1828.0,19581.0,1.9683220984350733e-05,-0.00014758694524813785,0.0,39699.0,-0.00012504078956049458,0.0,0
0.05496033289008678,0.06438925678094871,1829.0,19581.0,1.90933779300736e-05,-0.00014758694524813783,0.0,39699.0,-0.00012504078956049458,0.0,0
0.054959748916068946,0.06438925678094871,1830.0,19581.0,1.850940391224923e-05,-0.00014758694524815262,0.0,39699.0,-0.00012504078956049458,0.0,0
0.054959170752689704,0.06438925678094871,1831.0,19581.0,1.793124053298287e-05,-0.00014758694524812603,0.0,39699.0,-0.00012504078956049458,0.0,0
0.054958598342132174,0.06438925678094871,1832.0,19581.0,1.7358829975467194e-05,-0.00014758694524814634,0.0,39699.0,-0.00012504078956049458,0.0,0
0.05495803162715487,0.06438925678094871,1833.0,19581.0,1.6792114998161687e-05,-0.0001475869452481449,0.0,39699.0,-0.00012504078956049458,0.0,0
0.054957470551085796,0.06438925678094871,1834.0,19581.0,1.6231038929094514e-05,-0.0001475869452481497,0.0,39699.0,-0.00012504078956049458,0.0,0
0.054956915057816885,0.06438925678094871,1835.0,19581.0,1.5675545660193267e-05,-0.00014758694524817325,0.0,39699.0,-0.00012504078956049458,0.0,0
0.05495636509179838,0.06438925678094871,1836.0,19581.0,1.5125579641672005e-05,-0.00014758694524813997,0.0,39699.0,-0.00012504078956049458,0.0,0
0.05495582059803317,0.06438925678094871,1837.0,19581.0,1.4581085876464097e-05,-0.00014758694524813926,0.0,39699.0,-0.00012504078956049458,0.0,0
0.05495528152207147,0.06438925678094871,1838.0,19581.0,1.4042009914743924e-05,-0.00014758694524812614,0.0,39699.0,-0.00012504078956049458,0.0,0
0.054954747810005186,0.06438925678094871,1839.0,19581.0,1.3508297848468037e-05,-0.0001475869452481318,0.0,39699.0,-0.00012504078956049458,0.0,0
0.054954219408462686,0.06438925678094871,1840.0,19581.0,1.2979896305977887e-05,-0.00014758694524815802,0.0,39699.0,-0.00012504078956049458,0.0,0
0.054953696264603384,0.06438925678094871,1841.0,19581.0,1.2456752446682585e-05,-0.00014758694524815192,0.0,39699.0,-0.00012504078956049458,0.0,0
0.05495317832611247,0.06438925678094871,1842.0,19581.0,1.1938813955760516e-05,-0.0001475869452481459,0.0,39699.0,-0.00012504078956049458,0.0,0
0.05495266554119563,0.06438925678094871,1843.0,19581.0,1.1426029038931965e-05,-0.00014758694524816103,0.0,39699.0,-0.00012504078956049458,0.0,0
0.054952157858573984,0.06438925678094871,1844.0,19581.0,1.0918346417273913e-05,-0.00014758694524814853,0.0,39699.0,-0.00012504078956049458,0.0,0
0.05495165522747882,0.06438925678094871,1845.0,19581.0,1.0415715322106298e-05,-0.00014758694524814382,0.0,39699.0,-0.00012504078956049458,0.0,0
0.05495115759764661,0.06438925678094871,1846.0,19581.0,9.918085489900846e-06,-0.00014758694524812956,0.0,39699.0,-0.00012504078956049458,0.0,0
0.05495066491931396,0.06438925678094871,1847.0,19581.0,9.425407157254439e-06,-0.00014758694524815783,0.0,39699.0,-0.00012504078956049458,0.0,0
0.05495017714321263,0.06438925678094871,1848.0,19581.0,8.937631055926906e-06,-0.00014758694524814663,0.0,39699.0,-0.00012504078956049458,0.0,0
0.054949694220564615,0.06438925678094871,1849.0,19581.0,8.454708407902181e-06,-0.00014758694524813446,0.0,39699.0,-0.00012504078956049458,0.0,0
0.05494921610307721,0.06438925678094871,1850.0,19581.0,7.976590920508844e-06,-0.00014758694524815333,0.0,39699.0,-0.00012504078956049458,0.0,0
0.054948742742938296,0.06438925678094871,1851.0,19581.0,7.503230781602984e-06,-0.00014758694524815647,0.0,39699.0,-0.00012504078956049458,0.0,0
0.05494827409281147,0.06438925678094871,1852.0,19581.0,7.034580654775758e-06,-0.00014758694524816615,0.0,39699.0,-0.00012504078956049458,0.0,0
0.05494781010583134,0.06438925678094871,1853.0,19581.0,6.570593674621743e-06,-0.00014758694524813937,0.0,39699.0,-0.00012504078956049458,0.0,0
0.05494735073559877,0.06438925678094871,1854.0,19581.0,6.111223442063786e-06,-0.00014758694524814848,0.0,39699.0,-0.00012504078956049458,0.0,0
0.05494689593617641,0.06438925678094871,1855.0,19581.0,5.656424019685178e-06,-0.00014758694524812875,0.0,39699.0,-0.00012504078956049458,0.0,0
0.05494644566208388,0.06438925678094871,1856.0,19581.0,5.206149927176388e-06,-0.00014758694524815596,0.0,39699.0,-0.00012504078956049458,0.0,0
0.05494599986829344,0.06438925678094871,1857.0,19581.0,4.760356136741389e-06,-0.00014758694524816268,0.0,39699.0,-0.00012504078956049458,0.0,0
0.05494555851022535,0.06438925678094871,1858.0,19581.0,4.318998068638929e-06,-0.00014758694524814414,0.0,39699.0,-0.00012504078956049458,0.0,0
0.054945121543743404,0.06438925678094871,1859.0,19581.0,3.882031586683975e-06,-0.0001475869452481336,0.0,39699.0,-0.00012504078956049458,0.0,0
0.05494468892515059,0.06438925678094871,1860.0,19581.0,3.4494129938748618e-06,-0.00014758694524814775,0.0,39699.0,-0.00012504078956049458,0.0,0
0.05494426061118471,0.06438925678094871,1861.0,19581.0,3.0210990279903727e-06,-0.0001475869452481261,0.0,39699.0,-0.00012504078956049458,0.0,0
0.05494383655901399,0.06438925678094871,1862.0,19581.0,2.5970468572690256e-06,-0.00014758694524813736,0.0,39699.0,-0.00012504078956049458,0.0,0
0.054943416726232853,0.06438925678094871,1863.0,19581.0,2.1772140761476983e-06,-0.00014758694524813883,0.0,39699.0,-0.00012504078956049458,0.0,0
0.05494300107085771,0.06438925678094871,1864.0,19581.0,1.7615587009972459e-06,-0.00014758694524813755,0.0,39699.0,-0.00012504078956049458,0.0,0
0.05494258955132263,0.06438925678094871,1865.0,19581.0,1.3500391659262365e-06,-0.00014758694524815062,0.0,39699.0,-0.00012504078956049458,0.0,0
0.054942182126475364,0.06438925678094871,1866.0,19581.0,9.426143186480484e-07,-0.00014758694524813484,0.0,39699.0,-0.00012504078956049458,0.0,0
0.05494177875557305,0.06438925678094871,1867.0,19581.0,5.392434163380807e-07,-0.00014758694524814783,0.0,39699.0,-0.00012504078956049458,0.0,0
0.05494137939827826,0.06438925678094871,1868.0,19581.0,1.398861215623632e-07,-0.00014758694524815086,0.0,39699.0,-0.00012504078956049458,0.0,0
0.054940984014654984,0.06438925678094871,1869.0,19581.0,-2.554975017340214e-07,-0.00014758694524813723,0.0,39699.0,-0.00012504078956049458,0.0,0
0.054940592565164446,0.06438925678094871,1870.0,19581.0,-6.469469922451395e-07,-0.00014758694524815685,0.0,39699.0,-0.00012504078956049458,0.0,0
0.05494020501066145,0.06438925678094871,1871.0,19581.0,-1.0345014952523928e-06,-0.00014758694524815132,0.0,39699.0,-0.00012504078956049458,0.0,0
0.05493982131239019,0.06438925678094871,1872.0,19581.0,-1.4181997665174126e-06,-0.0001475869452481474,0.0,39699.0,-0.00012504078956049458,0.0,0
0.05493944143198052,0.06438925678094871,1873.0,19581.0,-1.7980801761954157e-06,-0.000147586945248134,0.0,39699.0,-0.00012504078956049458,0.0,0
0.05493906533144406,0.06438925678094871,1874.0,19581.0,-2.1741807126397765e-06,-0.0001475869452481481,0.0,39699.0,-0.00012504078956049458,0.0,0
0.054938692973170486,0.06438925678094871,1875.0,19581.0,-2.546538986223943e-06,-0.000147586945248139,0.0,39699.0,-0.00012504078956049458,0.0,0
0.054938324319923626,0.06438925678094871,1876.0,19581.0,-2.915192233077685e-06,-0.00014758694524815135,0.0,39699.0,-0.00012504078956049458,0.0,0
0.05493795933483787,0.06438925678094871,1877.0,19581.0,-3.2801773188350754e-06,-0.00014758694524813967,0.0,39699.0,-0.00012504078956049458,0.0,0
0.05493759798141439,0.06438925678094871,1878.0,19581.0,-3.6415307423140384e-06,-0.00014758694524815325,0.0,39699.0,-0.00012504078956049458,0.0,0
0.05493724022351756,0.06438925678094871,1879.0,19581.0,-3.999288639151942e-06,-0.00014758694524814008,0.0,39699.0,-0.00012504078956049458,0.0,0
0.054936886025371265,0.06438925678094871,1880.0,19581.0,-4.353486785438749e-06,-0.00014758694524814883,0.0,39699.0,-0.00012504078956049458,0.0,0
0.054936535351555425,0.06438925678094871,1881.0,19581.0,-4.704160601282967e-06,-0.00014758694524815805,0.0,39699.0,-0.00012504078956049458,0.0,0
0.05493618816700235,0.06438925678094871,1882.0,19581.0,-5.051345154361909e-06,-0.00014758694524814888,0.0,39699.0,-0.00012504078956049458,0.0,0
0.0549358444369933,0.06438925678094871,1883.0,19581.0,-5.395075163418283e-06,-0.00014758694524814157,0.0,39699.0,-0.00012504078956049458,0.0,0
0.05493550412715496,0.06438925678094871,1884.0,19581.0,-5.735385001733488e-06,-0.00014758694524815498,0.0,39699.0,-0.00012504078956049458,0.0,0
0.054935167203456134,0.06438925678094871,1885.0,19581.0,-6.072308700588279e-06,-0.00014758694524813764,0.0,39699.0,-0.00012504078956049458,0.0,0
0.05493483363220409,0.06438925678094871,1886.0,19581.0,-6.405879952622576e-06,-0.00014758694524814165,0.0,39699.0,-0.00012504078956049458,0.0,0
0.05493450338004147,0.06438925678094871,1887.0,19581.0,-6.736132115240157e-06,-0.0001475869452481479,0.0,39699.0,-0.00012504078956049458,0.0,0
0.05493417641394276,0.06438925678094871,1888.0,19581.0,-7.063098213938662e-06,-0.0001475869452481538,0.0,39699.0,-0.00012504078956049458,0.0,0
0.05493385270121111,0.06438925678094871,1889.0,19581.0,-7.38681094559891e-06,-0.00014758694524815615,0.0,39699.0,-0.00012504078956049458,0.0,0
0.05493353220947495,0.06438925678094871,1890.0,19581.0,-7.707302681756376e-06,-0.00014758694524815078,0.0,39699.0,-0.00012504078956049458,0.0,0
0.05493321490668485,0.06438925678094871,1891.0,19581.0,-8.024605471857824e-06,-0.0001475869452481386,0.0,39699.0,-0.00012504078956049458,0.0,0
0.05493290076111026,0.06438925678094871,1892.0,19581.0,-8.338751046447594e-06,-0.0001475869452481428,0.0,39699.0,-0.00012504078956049458,0.0,0
0.054932589741336364,0.06438925678094871,1893.0,19581.0,-8.649770820340975e-06,-0.00014758694524814425,0.0,39699.0,-0.00012504078956049458,0.0,0
0.05493228181626093,0.06438925678094871,1894.0,19581.0,-8.95769589577688e-06,-0.00014758694524813815,0.0,39699.0,-0.00012504078956049458,0.0,0
0.05493197695509118,0.06438925678094871,1895.0,19581.0,-9.262557065520488e-06,-0.00014758694524815048,0.0,39699.0,-0.00012504078956049458,0.0,0
0.05493167512734076,0.06438925678094871,1896.0,19581.0,-9.564384815945966e-06,-0.00014758694524814273,0.0,39699.0,-0.00012504078956049458,0.0,0
0.054931376302826636,0.06438925678094871,1897.0,19581.0,-9.863209330069726e-06,-0.00014758694524814704,0.0,39699.0,-0.00012504078956049458,0.0,0
0.05493108045166611,0.06438925678094871,1898.0,19581.0,-1.0159060490601213e-05,-0.0001475869452481482,0.0,39699.0,-0.00012504078956049458,0.0,0
0.05493078754427381,0.06438925678094871,1899.0,19581.0,-1.045196788289881e-05,-0.00014758694524813362,0.0,39699.0,-0.00012504078956049458,0.0,0
0.05493049755135876,0.06438925678094871,1900.0,19581.0,-1.0741960797947771e-05,-0.00014758694524814734,0.0,39699.0,-0.00012504078956049458,0.0,0
0.054930210443921414,0.06438925678094871,1901.0,19581.0,-1.1029068235278243e-05,-0.00014758694524815786,0.0,39699.0,-0.00012504078956049458,0.0,0
0.054929926193250815,0.06438925678094871,1902.0,19581.0,-1.1313318905879231e-05,-0.00014758694524815195,0.0,39699.0,-0.00012504078956049458,0.0,0
0.054929644770921646,0.06438925678094871,1903.0,19581.0,-1.1594741235046574e-05,-0.00014758694524815834,0.0,39699.0,-0.00012504078956049458,0.0,0
0.054929366148791445,0.06438925678094871,1904.0,19581.0,-1.1873363365255378e-05,-0.00014758694524815932,0.0,39699.0,-0.00012504078956049458,0.0,0
0.054929090298997764,0.06438925678094871,1905.0,19581.0,-1.2149213158946332e-05,-0.00014758694524813834,0.0,39699.0,-0.00012504078956049458,0.0,0
0.054928817193955384,0.06438925678094871,1906.0,19581.0,-1.2422318201328499e-05,-0.00014758694524814167,0.0,39699.0,-0.00012504078956049458,0.0,0
0.05492854680635357,0.06438925678094871,1907.0,19581.0,-1.2692705803135246e-05,-0.0001475869452481559,0.0,39699.0,-0.00012504078956049458,0.0,0
0.05492827910915335,0.06438925678094871,1908.0,19581.0,-1.2960403003350216e-05,-0.00014758694524815715,0.0,39699.0,-0.00012504078956049458,0.0,0
0.054928014075584765,0.06438925678094871,1909.0,19581.0,-1.3225436571923635e-05,-0.00014758694524816152,0.0,39699.0,-0.00012504078956049458,0.0,0
0.05492775167914428,0.06438925678094871,1910.0,19581.0,-1.3487833012424835e-05,-0.00014758694524816084,0.0,39699.0,-0.00012504078956049458,0.0,0
0.054927491893591994,0.06438925678094871,1911.0,19581.0,-1.3747618564720064e-05,-0.0001475869452481343,0.0,39699.0,-0.00012504078956049458,0.0,0
0.05492723469294911,0.06438925678094871,1912.0,19581.0,-1.4004819207574547e-05,-0.00014758694524816436,0.0,39699.0,-0.00012504078956049458,0.0,0
0.05492698005149541,0.06438925678094871,1913.0,19581.0,-1.4259460661282966e-05,-0.00014758694524816214,0.0,39699.0,-0.00012504078956049458,0.0,0
0.05492672794376652,0.06438925678094871,1914.0,19581.0,-1.451156839018491e-05,-0.00014758694524815994,0.0,39699.0,-0.00012504078956049458,0.0,0
0.05492647834455143,0.06438925678094871,1915.0,19581.0,-1.4761167605275572e-05,-0.0001475869452481423,0.0,39699.0,-0.00012504078956049458,0.0,0
0.05492623122889003,0.06438925678094871,1916.0,19581.0,-1.500828326667803e-05,-0.0001475869452481509,0.0,39699.0,-0.00012504078956049458,0.0,0
0.05492598657207054,0.06438925678094871,1917.0,19581.0,-1.5252940086165494e-05,-0.00014758694524814897,0.0,39699.0,-0.00012504078956049458,0.0,0
0.054925744349627104,0.06438925678094871,1918.0,19581.0,-1.5495162529627147e-05,-0.00014758694524812154,0.0,39699.0,-0.00012504078956049458,0.0,0
0.054925504537337216,0.06438925678094871,1919.0,19581.0,-1.573497481950353e-05,-0.00014758694524813013,0.0,39699.0,-0.00012504078956049458,0.0,0
0.05492526711121947,0.06438925678094871,1920.0,19581.0,-1.597240093722564e-05,-0.0001475869452481567,0.0,39699.0,-0.00012504078956049458,0.0,0
0.054925032047531096,0.06438925678094871,1921.0,19581.0,-1.620746462560521e-05,-0.00014758694524815758,0.0,39699.0,-0.00012504078956049458,0.0,0
0.054924799322765484,0.06438925678094871,1922.0,19581.0,-1.64401893912095e-05,-0.00014758694524815178,0.0,39699.0,-0.00012504078956049458,0.0,0
0.05492456891365002,0.06438925678094871,1923.0,19581.0,-1.667059850670245e-05,-0.00014758694524814214,0.0,39699.0,-0.00012504078956049458,0.0,0
0.05492434079714353,0.06438925678094871,1924.0,19581.0,-1.6898715013191036e-05,-0.00014758694524813376,0.0,39699.0,-0.00012504078956049458,0.0,0
0.05492411495043419,0.06438925678094871,1925.0,19581.0,-1.7124561722516267e-05,-0.00014758694524814913,0.0,39699.0,-0.00012504078956049458,0.0,0
0.05492389135093716,0.06438925678094871,1926.0,19581.0,-1.73481612195363e-05,-0.00014758694524814935,0.0,39699.0,-0.00012504078956049458,0.0,0
0.05492366997629232,0.06438925678094871,1927.0,19581.0,-1.756953586438541e-05,-0.00014758694524814235,0.0,39699.0,-0.00012504078956049458,0.0,0
0.05492345080436198,0.06438925678094871,1928.0,19581.0,-1.7788707794717303e-05,-0.00014758694524815726,0.0,39699.0,-0.00012504078956049458,0.0,0
0.05492323381322882,0.06438925678094871,1929.0,19581.0,-1.8005698927904862e-05,-0.00014758694524812267,0.0,39699.0,-0.00012504078956049458,0.0,0
0.05492301898119348,0.06438925678094871,1930.0,19581.0,-1.822053096324347e-05,-0.00014758694524813395,0.0,39699.0,-0.00012504078956049458,0.0,0
0.054922806286772596,0.06438925678094871,1931.0,19581.0,-1.8433225384108632e-05,-0.00014758694524814864,0.0,39699.0,-0.00012504078956049458,0.0,0
0.05492259570869658,0.06438925678094871,1932.0,19581.0,-1.864380346013059e-05,-0.0001475869452481514,0.0,39699.0,-0.00012504078956049458,0.0,0
0.05492238722590742,0.06438925678094871,1933.0,19581.0,-1.8852286249283962e-05,-0.00014758694524815417,0.0,39699.0,-0.00012504078956049458,0.0,0
0.054922180817556676,0.06438925678094871,1934.0,19581.0,-1.9058694600030016e-05,-0.00014758694524814878,0.0,39699.0,-0.00012504078956049458,0.0,0
0.054921976463003334,0.06438925678094871,1935.0,19581.0,-1.9263049153365014e-05,-0.00014758694524815246,0.0,39699.0,-0.00012504078956049458,0.0,0
0.05492177414181178,0.06438925678094871,1936.0,19581.0,-1.946537034492159e-05,-0.00014758694524815086,0.0,39699.0,-0.00012504078956049458,0.0,0
0.05492157383374973,0.06438925678094871,1937.0,19581.0,-1.966567840698755e-05,-0.00014758694524813292,0.0,39699.0,-0.00012504078956049458,0.0,0
0.05492137551878618,0.06438925678094871,1938.0,19581.0,-1.986399337053383e-05,-0.00014758694524813772,0.0,39699.0,-0.00012504078956049458,0.0,0
0.05492117917708948,0.06438925678094871,1939.0,19581.0,-2.0060335067220898e-05,-0.00014758694524815108,0.0,39699.0,-0.00012504078956049458,0.0,0
0.05492098478902532,0.06438925678094871,1940.0,19581.0,-2.025472313138785e-05,-0.00014758694524814186,0.0,39699.0,-0.00012504078956049458,0.0,0
0.054920792335154706,0.06438925678094871,1941.0,19581.0,-2.044717700199704e-05,-0.00014758694524815157,0.0,39699.0,-0.00012504078956049458,0.0,0
0.05492060179623211,0.06438925678094871,1942.0,19581.0,-2.0637715924601814e-05,-0.0001475869452481512,0.0,39699.0,-0.00012504078956049458,0.0,0
0.05492041315320345,0.06438925678094871,1943.0,19581.0,-2.0826358953240504e-05,-0.0001475869452481497,0.0,39699.0,-0.00012504078956049458,0.0,0
0.05492022638720432,0.06438925678094871,1944.0,19581.0,-2.101312495239206e-05,-0.00014758694524814325,0.0,39699.0,-0.00012504078956049458,0.0,0
0.05492004147955791,0.06438925678094871,1945.0,19581.0,-2.119803259879555e-05,-0.00014758694524814574,0.0,39699.0,-0.00012504078956049458,0.0,0
0.05491985841177333,0.06438925678094871,1946.0,19581.0,-2.1381100383378256e-05,-0.00014758694524815105,0.0,39699.0,-0.00012504078956049458,0.0,0
0.05491967716554364,0.06438925678094871,1947.0,19581.0,-2.1562346613071383e-05,-0.00014758694524814826,0.0,39699.0,-0.00012504078956049458,0.0,0
0.054919497722744064,0.06438925678094871,1948.0,19581.0,-2.1741789412640817e-05,-0.00014758694524814753,0.0,39699.0,-0.00012504078956049458,0.0,0
0.054919320065430176,0.06438925678094871,1949.0,19581.0,-2.191944672652524e-05,-0.00014758694524815056,0.0,39699.0,-0.00012504078956049458,0.0,0
0.054919144175836106,0.06438925678094871,1950.0,19581.0,-2.209533632060222e-05,-0.00014758694524814463,0.0,39699.0,-0.00012504078956049458,0.0,0
0.05491897003637273,0.06438925678094871,1951.0,19581.0,-2.2269475783975226e-05,-0.000147586945248136,0.0,39699.0,-0.00012504078956049458,0.0,0
0.054918797629625975,0.06438925678094871,1952.0,19581.0,-2.244188253073672e-05,-0.00014758694524813652,0.0,39699.0,-0.00012504078956049458,0.0,0
0.054918626938355,0.06438925678094871,1953.0,19581.0,-2.2612573801707066e-05,-0.00014758694524813913,0.0,39699.0,-0.00012504078956049458,0.0,0
0.05491845794549056,0.06438925678094871,1954.0,19581.0,-2.278156666615015e-05,-0.000147586945248144,0.0,39699.0,-0.00012504078956049458,0.0,0
0.05491829063413319,0.06438925678094871,1955.0,19581.0,-2.294887802350022e-05,-0.00014758694524815975,0.0,39699.0,-0.00012504078956049458,0.0,0
0.05491812498755168,0.06438925678094871,1956.0,19581.0,-2.3114524605029027e-05,-0.00014758694524814604,0.0,39699.0,-0.00012504078956049458,0.0,0
0.05491796098918118,0.06438925678094871,1957.0,19581.0,-2.3278522975533044e-05,-0.0001475869452481421,0.0,39699.0,-0.00012504078956049458,0.0,0
0.05491779862262172,0.06438925678094871,1958.0,19581.0,-2.344088953498272e-05,-0.00014758694524815054,0.0,39699.0,-0.00012504078956049458,0.0,0
0.05491763787163653,0.06438925678094871,1959.0,19581.0,-2.3601640520174646e-05,-0.0001475869452481527,0.0,39699.0,-0.00012504078956049458,0.0,0
0.054917478720150376,0.06438925678094871,1960.0,19581.0,-2.376079200633573e-05,-0.00014758694524813883,0.0,39699.0,-0.00012504078956049458,0.0,0
0.054917321152247955,0.06438925678094871,1961.0,19581.0,-2.391835990875141e-05,-0.00014758694524814804,0.0,39699.0,-0.00012504078956049458,0.0,0
0.05491716515217237,0.06438925678094871,1962.0,19581.0,-2.4074359984347483e-05,-0.00014758694524813522,0.0,39699.0,-0.00012504078956049458,0.0,0
0.05491701070432346,0.06438925678094871,1963.0,19581.0,-2.4228807833250823e-05,-0.0001475869452481372,0.0,39699.0,-0.00012504078956049458,0.0,0
0.05491685779325631,0.06438925678094871,1964.0,19581.0,-2.438171890038062e-05,-0.00014758694524816832,0.0,39699.0,-0.00012504078956049458,0.0,0
0.05491670640367973,0.06438925678094871,1965.0,19581.0,-2.4533108476973146e-05,-0.00014758694524814888,0.0,39699.0,-0.00012504078956049458,0.0,0
0.0549165565204546,0.06438925678094871,1966.0,19581.0,-2.4682991702107497e-05,-0.0001475869452481476,0.0,39699.0,-0.00012504078956049458,0.0,0
0.054916408128592456,0.06438925678094871,1967.0,19581.0,-2.4831383564236833e-05,-0.00014758694524816515,0.0,39699.0,-0.00012504078956049458,0.0,0
0.05491626121325404,0.06438925678094871,1968.0,19581.0,-2.497829890266752e-05,-0.0001475869452481458,0.0,39699.0,-0.00012504078956049458,0.0,0
0.054916115759747655,0.06438925678094871,1969.0,19581.0,-2.5123752409054257e-05,-0.00014758694524815477,0.0,39699.0,-0.00012504078956049458,0.0,0
0.054915971753527845,0.06438925678094871,1970.0,19581.0,-2.5267758628869743e-05,-0.00014758694524813446,0.0,39699.0,-0.00012504078956049458,0.0,0
0.05491582918019386,0.06438925678094871,1971.0,19581.0,-2.5410331962860106e-05,-0.0001475869452481329,0.0,39699.0,-0.00012504078956049458,0.0,0
0.05491568802548824,0.06438925678094871,1972.0,19581.0,-2.555148666847182e-05,-0.0001475869452481384,0.0,39699.0,-0.00012504078956049458,0.0,0
0.05491554827529542,0.06438925678094871,1973.0,19581.0,-2.5691236861295963e-05,-0.00014758694524813197,0.0,39699.0,-0.00012504078956049458,0.0,0
0.054915409915640236,0.06438925678094871,1974.0,19581.0,-2.582959651646496e-05,-0.00014758694524815197,0.0,39699.0,-0.00012504078956049458,0.0,0
0.054915272932686644,0.06438925678094871,1975.0,19581.0,-2.5966579470066737e-05,-0.00014758694524814775,0.0,39699.0,-0.00012504078956049458,0.0,0
0.0549151373127362,0.06438925678094871,1976.0,19581.0,-2.6102199420506176e-05,-0.00014758694524814962,0.0,39699.0,-0.00012504078956049458,0.0,0
0.05491500304222681,0.06438925678094871,1977.0,19581.0,-2.6236469929891144e-05,-0.00014758694524815758,0.0,39699.0,-0.00012504078956049458,0.0,0
0.05491487010773132,0.06438925678094871,1978.0,19581.0,-2.6369404425384625e-05,-0.00014758694524815192,0.0,39699.0,-0.00012504078956049458,0.0,0
0.05491473849595616,0.06438925678094871,1979.0,19581.0,-2.6501016200547674e-05,-0.00014758694524814005,0.0,39699.0,-0.00012504078956049458,0.0,0
0.05491460819374004,0.06438925678094871,1980.0,19581.0,-2.6631318416666653e-05,-0.0001475869452481388,0.0,39699.0,-0.00012504078956049458,0.0,0
0.054914479188052624,0.06438925678094871,1981.0,19581.0,-2.6760324104075183e-05,-0.00014758694524814872,0.0,39699.0,-0.00012504078956049458,0.0,0
0.054914351465993265,0.06438925678094871,1982.0,19581.0,-2.688804616344309e-05,-0.00014758694524813633,0.0,39699.0,-0.00012504078956049458,0.0,0
0.05491422501478961,0.06438925678094871,1983.0,19581.0,-2.7014497367087808e-05,-0.0001475869452481515,0.0,39699.0,-0.00012504078956049458,0.0,0
0.054914099821796465,0.06438925678094871,1984.0,19581.0,-2.7139690360234682e-05,-0.00014758694524815027,0.0,39699.0,-0.00012504078956049458,0.0,0
0.054913975874494425,0.06438925678094871,1985.0,19581.0,-2.726363766228816e-05,-0.00014758694524813552,0.0,39699.0,-0.00012504078956049458,0.0,0
0.05491385316048862,0.06438925678094871,1986.0,19581.0,-2.7386351668074962e-05,-0.00014758694524815962,0.0,39699.0,-0.00012504078956049458,0.0,0
0.05491373166750759,0.06438925678094871,1987.0,19581.0,-2.7507844649105974e-05,-0.00014758694524815094,0.0,39699.0,-0.00012504078956049458,0.0,0
0.054913611383401936,0.06438925678094871,1988.0,19581.0,-2.7628128754778083e-05,-0.00014758694524813994,0.0,39699.0,-0.00012504078956049458,0.0,0
0.05491349229614311,0.06438925678094871,1989.0,19581.0,-2.774721601360072e-05,-0.00014758694524813438,0.0,39699.0,-0.00012504078956049458,0.0,0
0.05491337439382231,0.06438925678094871,1990.0,19581.0,-2.7865118334398753e-05,-0.0001475869452481546,0.0,39699.0,-0.00012504078956049458,0.0,0
0.05491325766464922,0.06438925678094871,1991.0,19581.0,-2.7981847507501778e-05,-0.00014758694524813614,0.0,39699.0,-0.00012504078956049458,0.0,0
0.05491314209695078,0.06438925678094871,1992.0,19581.0,-2.8097415205928598e-05,-0.0001475869452481463,0.0,39699.0,-0.00012504078956049458,0.0,0
0.054913027679170154,0.06438925678094871,1993.0,19581.0,-2.821183298654287e-05,-0.00014758694524814926,0.0,39699.0,-0.00012504078956049458,0.0,0
0.054912914399865495,0.06438925678094871,1994.0,19581.0,-2.8325112291218733e-05,-0.00014758694524814338,0.0,39699.0,-0.00012504078956049458,0.0,0
0.05491280224770873,0.06438925678094871,1995.0,19581.0,-2.8437264447976936e-05,-0.00014758694524814235,0.0,39699.0,-0.00012504078956049458,0.0,0
0.05491269121148457,0.06438925678094871,1996.0,19581.0,-2.85483006721334e-05,-0.0001475869452481504,0.0,39699.0,-0.00012504078956049458,0.0,0
0.05491258128008931,0.06438925678094871,1997.0,19581.0,-2.865823206739819e-05,-0.00014758694524815187,0.0,39699.0,-0.00012504078956049458,0.0,0
0.054912472442529704,0.06438925678094871,1998.0,19581.0,-2.8767069627003847e-05,-0.00014758694524814463,0.0,39699.0,-0.00012504078956049458,0.0,0
0.054912364687921905,0.06438925678094871,1999.0,19581.0,-2.8874824234795597e-05,-0.00014758694524815127,0.0,39699.0,-0.00012504078956049458,0.0,0
0.05491225800549039,0.06438925678094871,2000.0,19581.0,-2.8981506666329557e-05,-0.00014758694524813284,0.0,39699.0,-0.00012504078956049458,0.0,0
0.05491215238456676,0.06438925678094871,2001.0,19581.0,-2.9087127589928607e-05,-0.0001475869452481746,0.0,39699.0,-0.00012504078956049458,0.0,0
0.054912047814588937,0.06438925678094871,2002.0,19581.0,-2.9191697567784334e-05,-0.0001475869452481383,0.0,39699.0,-0.00012504078956049458,0.0,0
0.05491194428509973,0.06438925678094871,2003.0,19581.0,-2.929522705696859e-05,-0.00014758694524814924,0.0,39699.0,-0.00012504078956049458,0.0,0
0.05491184178574617,0.06438925678094871,2004.0,19581.0,-2.939772641053179e-05,-0.0001475869452481436,0.0,39699.0,-0.00012504078956049458,0.0,0
0.05491174030627822,0.06438925678094871,2005.0,19581.0,-2.9499205878479134e-05,-0.00014758694524815154,0.0,39699.0,-0.00012504078956049458,0.0,0
0.05491174030627822,0.06438925678094871,2005.0,19581.0,-2.9499205878479134e-05,-0.00014758694524815154,0.0,39699.0,-0.00012504078956049458,0.0,0
