Total_strain,Slip_strain,Time,Slip Count,Creep,Elastic,Hygroexp,Number_of_fibers,Load,Moisture,Broken
0.0,0.0,0.0,0.0,0.0,0.0,0.0,40000.0,0.0,0.0,0
0.0,0.0,5.0,0.0,0.0,0.0,0.0,40000.0,0.0,0.0,0
1.4835550821399202,0.08790097902563974,5.0,5133.0,0.0,1.3963651716885574,0.0,39966.0,1.1290459917974973,0.0,0
1.4835550821399202,0.08790097902563974,5.0,5133.0,0.0,1.3963651716885574,0.0,39966.0,1.1290459917974973,0.0,0
1.5745176054190384,0.10557067458645841,6.0,5822.0,0.07331181188796189,1.3965748361287509,0.0,39960.0,1.1290459917974973,0.0,0
1.604193143518605,0.11134900337613085,7.0,6037.0,0.09722421099831255,1.3966796919614808,0.0,39957.0,1.1290459917974973,0.0,0
1.6224976591913736,0.11456524084051495,8.0,6169.0,0.11231797384901002,1.3967146474047676,0.0,39956.0,1.1290459917974973,0.0,0
1.6366121022612357,0.11732065201210232,9.0,6273.0,0.12368272073591524,1.3967496045977954,0.0,39955.0,1.1290459917974973,0.0,0
1.64889749178576,0.12006050840339304,10.0,6373.0,0.1332343257022648,1.3967845635406941,0.0,39954.0,1.1290459917974973,0.0,0
1.6595159344436632,0.12220125213263923,11.0,6453.0,0.14171850115061452,1.396819524233597,0.0,39953.0,1.1290459917974973,0.0,0
1.6689193713820638,0.12388025299669184,12.0,6521.0,0.1494429372249627,1.3968195242335968,0.0,39953.0,1.1290459917974973,0.0,0
1.6778496432011767,0.12569765991269902,13.0,6580.0,0.15656267721912903,1.3968544866766337,0.0,39952.0,1.1290459917974973,0.0,0
1.6860801324646468,0.12733560005369773,14.0,6638.0,0.1631552263416002,1.3968544866766346,0.0,39952.0,1.1290459917974973,0.0,0
1.693829743170728,0.12895767465293365,15.0,6693.0,0.16928276244844556,1.3968544866766341,0.0,39952.0,1.1290459917974973,0.0,0
1.7006591935988256,0.13008135421578412,16.0,6745.0,0.1749960091580602,1.3968894508699379,0.0,39951.0,1.1290459917974973,0.0,0
1.707946691600311,0.13204195104825486,17.0,6814.0,0.18033066430301123,1.3969244168136397,0.0,39950.0,1.1290459917974973,0.0,0
1.7140067012086255,0.13311553907207668,18.0,6856.0,0.18531708588750387,1.3969244168136392,0.0,39950.0,1.1290459917974973,0.0,0
1.7200630819937899,0.13450166702354374,19.0,6900.0,0.18999535348393784,1.3969593845078694,0.0,39949.0,1.1290459917974973,0.0,0
1.7259506566329499,0.13599989416022357,20.0,6955.0,0.19438470098641805,1.3969593845078692,0.0,39949.0,1.1290459917974973,0.0,0
1.7316500320124737,0.13756896125565615,21.0,7006.0,0.19851500927050905,1.3969593845078696,0.0,39949.0,1.1290459917974973,0.0,0
1.7370817434953247,0.13910628512416648,22.0,7049.0,0.2024093968848496,1.3969593845078698,0.0,39949.0,1.1290459917974973,0.0,0
1.7417394408782245,0.1400846200641914,23.0,7081.0,0.20608875932772455,1.39695938450787,0.0,39949.0,1.1290459917974973,0.0,0
1.7462442208633375,0.1411061454251113,24.0,7110.0,0.20957201395191774,1.3969593845078696,0.0,39949.0,1.1290459917974973,0.0,0
1.7502929668728886,0.14185431080178534,25.0,7135.0,0.2128814580836787,1.3969943539527607,0.0,39948.0,1.1290459917974973,0.0,0
1.754125797486179,0.14254618259981588,26.0,7158.0,0.2160224168989386,1.3969943539527607,0.0,39948.0,1.1290459917974973,0.0,0
1.7575658198868642,0.14299840002957556,27.0,7180.0,0.21901922430299797,1.3970293251484438,0.0,39947.0,1.1290459917974973,0.0,0
1.7611379552803899,0.14371558691547548,28.0,7206.0,0.22187417281062347,1.3970293251484436,0.0,39947.0,1.1290459917974973,0.0,0
1.7646857872821577,0.14453746344597726,29.0,7237.0,0.2246093680459719,1.3970642980950503,0.0,39946.0,1.1290459917974973,0.0,0
1.7679941908092558,0.145230698560684,30.0,7263.0,0.22722453645836332,1.3970642980950507,0.0,39946.0,1.1290459917974973,0.0,0
1.7713591281654428,0.14608574918402004,31.0,7290.0,0.2297344231912143,1.39706429809505,0.0,39946.0,1.1290459917974973,0.0,0
1.7743418477119652,0.14665906112350127,32.0,7309.0,0.23215328664366094,1.3970992727927123,0.0,39945.0,1.1290459917974973,0.0,0
1.77785947618475,0.1478521987626431,33.0,7346.0,0.23447777747730383,1.3970992727927116,0.0,39945.0,1.1290459917974973,0.0,0
1.7808444748649153,0.1485945675454927,34.0,7377.0,0.23672040737461975,1.397099272792712,0.0,39945.0,1.1290459917974973,0.0,0
1.784133916997927,0.1497168006055493,35.0,7414.0,0.23888761644757472,1.3970992727927118,0.0,39945.0,1.1290459917974973,0.0,0
1.786662420300298,0.15015161368742147,36.0,7433.0,0.24099105585306752,1.3971342492415604,0.0,39944.0,1.1290459917974973,0.0,0
1.7892809498530553,0.1507367714006522,37.0,7453.0,0.2430244276925939,1.3971342492415604,0.0,39944.0,1.1290459917974973,0.0,0
1.791668803001741,0.15115087228118054,38.0,7468.0,0.24499817996075135,1.39713424924156,0.0,39944.0,1.1290459917974973,0.0,0
1.7942617791912774,0.15182533756798763,39.0,7490.0,0.24691669086348056,1.3971342492415602,0.0,39944.0,1.1290459917974973,0.0,0
1.7967045453078543,0.15240089218032613,40.0,7509.0,0.24878390236771905,1.3971342492415606,0.0,39944.0,1.1290459917974973,0.0,0
1.7991363364054567,0.15301319397310803,41.0,7527.0,0.2506033916725393,1.3971342492415606,0.0,39944.0,1.1290459917974973,0.0,0
1.8015555523655176,0.1536573940650584,42.0,7545.0,0.2523784075406498,1.3971342492415604,0.0,39944.0,1.1290459917974973,0.0,0
1.8035981129604182,0.1539664601333653,43.0,7558.0,0.2541119020672438,1.3971342492415606,0.0,39944.0,1.1290459917974973,0.0,0
1.805708542380146,0.15438223260006198,44.0,7573.0,0.2558065590202747,1.3971342492415604,0.0,39944.0,1.1290459917974973,0.0,0
1.808233955262283,0.15524938516699988,45.0,7600.0,0.2574648193354739,1.3971342492415606,0.0,39944.0,1.1290459917974973,0.0,0
1.8103052000656914,0.1556965451744622,46.0,7618.0,0.25908890413142,1.3971342492415604,0.0,39944.0,1.1290459917974973,0.0,0
1.8126007988027115,0.1564002125274602,47.0,7639.0,0.2606808355154419,1.3971342492415608,0.0,39944.0,1.1290459917974973,0.0,0
1.8145733924444505,0.15681118628127977,48.0,7654.0,0.2622424554033616,1.3971342492415604,0.0,39944.0,1.1290459917974973,0.0,0
1.8164392185469893,0.15714402524039034,49.0,7667.0,0.2637754425467897,1.3971342492415606,0.0,39944.0,1.1290459917974973,0.0,0
1.8183719005108379,0.1575749370739191,50.0,7680.0,0.26528775100956997,1.3971692274417264,0.0,39943.0,1.1290459917974973,0.0,0
1.8199432955343338,0.15766604211977206,51.0,7682.0,0.26676804098721296,1.3971692274417267,0.0,39943.0,1.1290459917974973,0.0,0
1.8221193610419184,0.1583862982751711,52.0,7706.0,0.26822385033939844,1.3971692274417264,0.0,39943.0,1.1290459917974973,0.0,0
1.8238554450678097,0.15868984481882847,53.0,7719.0,0.2696563878216323,1.397169227441727,0.0,39943.0,1.1290459917974973,0.0,0
1.8257162825265725,0.1591445439522546,54.0,7733.0,0.2710732916782596,1.3972042073933424,0.0,39942.0,1.1290459917974973,0.0,0
1.8275535854707174,0.15959262503756413,55.0,7747.0,0.27246251353709533,1.3972042073933424,0.0,39942.0,1.1290459917974973,0.0,0
1.8293007531708352,0.15997517492863644,56.0,7760.0,0.27383799025459904,1.3972391890965397,0.0,39941.0,1.1290459917974973,0.0,0
1.8308938919153033,0.16021887679804647,57.0,7768.0,0.2751874271296572,1.3972391890965397,0.0,39941.0,1.1290459917974973,0.0,0
1.8325571095912145,0.16055146225782302,58.0,7780.0,0.27651805934579177,1.3972391890965392,0.0,39941.0,1.1290459917974973,0.0,0
1.8341548917941104,0.16083668018965647,59.0,7789.0,0.2778306236168543,1.3972391890965392,0.0,39941.0,1.1290459917974973,0.0,0
1.8360406502184072,0.16142729825571742,60.0,7810.0,0.2791257639750901,1.3972391890965397,0.0,39941.0,1.1290459917974973,0.0,0
1.8374769534514046,0.16158529464263544,61.0,7818.0,0.2804040708211696,1.3972391890965394,0.0,39941.0,1.1290459917974973,0.0,0
1.8389845520553612,0.16183087619156203,62.0,7828.0,0.28166608787619946,1.3972391890965394,0.0,39941.0,1.1290459917974973,0.0,0
1.840711478506218,0.16231157328176082,63.0,7842.0,0.28291231723685756,1.3972391890965397,0.0,39941.0,1.1290459917974973,0.0,0
1.8422363106160917,0.16260549913238337,64.0,7854.0,0.2841432234961086,1.3972391890965394,0.0,39941.0,1.1290459917974973,0.0,0
1.8441101254207266,0.16326330012747445,65.0,7873.0,0.28535923730565227,1.3972391890965394,0.0,39941.0,1.1290459917974973,0.0,0
1.8457078761256966,0.16365952959920133,66.0,7887.0,0.28656075853889573,1.397239189096539,0.0,39941.0,1.1290459917974973,0.0,0
1.8471802976457956,0.16394455052686974,67.0,7895.0,0.28774815913132595,1.3972391890965399,0.0,39941.0,1.1290459917974973,0.0,0
1.8486011838793142,0.16419181024843876,68.0,7903.0,0.28892178564327575,1.3972391890965392,0.0,39941.0,1.1290459917974973,0.0,0
1.8502661421803213,0.16469659261597155,69.0,7917.0,0.2900819615767501,1.3972391890965392,0.0,39941.0,1.1290459917974973,0.0,0
1.8516691976572766,0.16495262019803325,70.0,7924.0,0.29122898947164344,1.3972391890965394,0.0,39941.0,1.1290459917974973,0.0,0
1.853270554167171,0.16542418678571047,71.0,7938.0,0.29237023197869744,1.397274172551449,0.0,39940.0,1.1290459917974973,0.0,0
1.8548033452971762,0.16583531292864534,72.0,7951.0,0.29349189696576783,1.397274172551449,0.0,39940.0,1.1290459917974973,0.0,0
1.8564043246358024,0.16632702653694825,73.0,7963.0,0.29460116269609116,1.3972741725514488,0.0,39940.0,1.1290459917974973,0.0,0
1.8579797623083287,0.1668053197857632,74.0,7978.0,0.2956983071198022,1.397274172551449,0.0,39940.0,1.1290459917974973,0.0,0
1.8593421230248302,0.16708242933407647,75.0,7985.0,0.2967835582879904,1.3972741725514493,0.0,39940.0,1.1290459917974973,0.0,0
1.8606402637028545,0.16730699925586046,76.0,7992.0,0.29785712904423084,1.397274172551449,0.0,39940.0,1.1290459917974973,0.0,0
1.8621065498352158,0.16771119430936995,77.0,8008.0,0.29891922012308253,1.3972741725514495,0.0,39940.0,1.1290459917974973,0.0,0
1.8633140088441167,0.16786785158915346,78.0,8016.0,0.2999700218521999,1.3972741725514493,0.0,39940.0,1.1290459917974973,0.0,0
1.8648232102142464,0.16833735952325216,79.0,8030.0,0.3010097152882308,1.3972741725514497,0.0,39940.0,1.1290459917974973,0.0,0
1.8665088688407727,0.16899426034153475,80.0,8054.0,0.302038473096475,1.3972741725514495,0.0,39940.0,1.1290459917974973,0.0,0
1.8677464470790812,0.16921385138342954,81.0,8061.0,0.30305646029288835,1.3972741725514486,0.0,39940.0,1.1290459917974973,0.0,0
1.868959651905325,0.1694196816063735,82.0,8070.0,0.30406383489618827,1.3972741725514493,0.0,39940.0,1.1290459917974973,0.0,0
1.870291816589055,0.16975493267494116,83.0,8080.0,0.3050607485113509,1.3972741725514486,0.0,39940.0,1.1290459917974973,0.0,0
1.871898738172153,0.17037525591367356,84.0,8102.0,0.30604734685571633,1.397274172551449,0.0,39940.0,1.1290459917974973,0.0,0
1.8731135475272358,0.17061364188959535,85.0,8109.0,0.3070237702348772,1.3972741725514495,0.0,39940.0,1.1290459917974973,0.0,0
1.8743912401721035,0.17092495079558437,86.0,8121.0,0.30799015397375584,1.3972741725514493,0.0,39940.0,1.1290459917974973,0.0,0
1.875539426341408,0.1711166621312828,87.0,8127.0,0.308946628807362,1.3972741725514493,0.0,39940.0,1.1290459917974973,0.0,0
1.8767026696941318,0.1713332130562261,88.0,8135.0,0.3098933212351426,1.3972741725514493,0.0,39940.0,1.1290459917974973,0.0,0
1.8777889338128742,0.17148244456769834,89.0,8141.0,0.3108303538424125,1.3972741725514493,0.0,39940.0,1.1290459917974973,0.0,0
1.879060036733372,0.17182605573860518,90.0,8150.0,0.3117578455920036,1.3972741725514493,0.0,39940.0,1.1290459917974973,0.0,0
1.8801719158671166,0.17201986837539118,91.0,8157.0,0.31267591208896245,1.3972741725514484,0.0,39940.0,1.1290459917974973,0.0,0
1.8812965164385793,0.1722357152149648,92.0,8163.0,0.3135846658208511,1.3972741725514493,0.0,39940.0,1.1290459917974973,0.0,0
1.8824535665084359,0.17249321472970144,93.0,8172.0,0.3144842163759711,1.3972741725514497,0.0,39940.0,1.1290459917974973,0.0,0
1.8839814095129745,0.17313060346861078,94.0,8189.0,0.31537467064160063,1.3972741725514488,0.0,39940.0,1.1290459917974973,0.0,0
1.8851055358856843,0.17337326749878298,95.0,8200.0,0.31625613298413796,1.3972741725514495,0.0,39940.0,1.1290459917974973,0.0,0
1.8861995447975817,0.17359470398194907,96.0,8207.0,0.3171287054128695,1.3972741725514488,0.0,39940.0,1.1290459917974973,0.0,0
1.8871381583378959,0.173669535206224,97.0,8210.0,0.3179924877289087,1.3972741725514497,0.0,39940.0,1.1290459917974973,0.0,0
1.8881161155923565,0.17379240252888098,98.0,8215.0,0.31884757766071237,1.3972741725514493,0.0,39940.0,1.1290459917974973,0.0,0
1.8891903344279868,0.17402012803777966,99.0,8223.0,0.3196940709874435,1.3972741725514495,0.0,39940.0,1.1290459917974973,0.0,0
1.8902068787841413,0.17419868173004824,100.0,8229.0,0.3205320616513297,1.3972741725514493,0.0,39940.0,1.1290459917974973,0.0,0
1.8913283766164126,0.1744905993535939,101.0,8239.0,0.32136164186005584,1.397274172551449,0.0,39940.0,1.1290459917974973,0.0,0
1.892604855486134,0.17494581790323555,102.0,8252.0,0.3221829021801353,1.3972741725514493,0.0,39940.0,1.1290459917974973,0.0,0
1.8936403794863015,0.17516831246143086,103.0,8258.0,0.3229959316221075,1.3972741725514488,0.0,39940.0,1.1290459917974973,0.0,0
1.8948639748003318,0.17558702167923318,104.0,8272.0,0.32380081771833513,1.3972741725514493,0.0,39940.0,1.1290459917974973,0.0,0
1.8959330776169132,0.17585929562005428,105.0,8281.0,0.3245976465940959,1.3972741725514493,0.0,39940.0,1.1290459917974973,0.0,0
1.897101304294616,0.17623866585924983,106.0,8292.0,0.32538650303260286,1.3972741725514497,0.0,39940.0,1.1290459917974973,0.0,0
1.8981486862298473,0.1765050802925621,107.0,8299.0,0.32616747053452216,1.3972741725514488,0.0,39940.0,1.1290459917974973,0.0,0
1.8991540972247893,0.17673733044952175,108.0,8308.0,0.3269406313725045,1.3972741725514493,0.0,39940.0,1.1290459917974973,0.0,0
1.900196782656176,0.17701458061221276,109.0,8317.0,0.3277060666412001,1.3972741725514493,0.0,39940.0,1.1290459917974973,0.0,0
1.901465509777824,0.17752551807188197,110.0,8330.0,0.32846385630317904,1.3972741725514488,0.0,39940.0,1.1290459917974973,0.0,0
1.9026567171429731,0.17796650250906995,111.0,8343.0,0.32921407923114,1.3972741725514495,0.0,39940.0,1.1290459917974973,0.0,0
1.9035210517487264,0.17809282627377596,112.0,8348.0,0.32996479790278194,1.3973091577582035,0.0,39939.0,1.1290459917974973,0.0,0
1.904667741674144,0.1785041013774448,113.0,8361.0,0.3307002127245308,1.3973091577582035,0.0,39939.0,1.1290459917974973,0.0,0
1.9054843034630629,0.1785926368730785,114.0,8365.0,0.3314282390178161,1.397309157758203,0.0,39939.0,1.1290459917974973,0.0,0
1.9065751967921143,0.17896277462124277,115.0,8376.0,0.33214899459870306,1.3973091577582037,0.0,39939.0,1.1290459917974973,0.0,0
1.9076643821607904,0.1793383958364164,116.0,8387.0,0.3328625587522055,1.3973091577582029,0.0,39939.0,1.1290459917974973,0.0,0
1.908647017066291,0.1796145829597072,117.0,8394.0,0.33356900653441557,1.397309157758203,0.0,39939.0,1.1290459917974973,0.0,0
1.9097869934153946,0.18005515494382995,118.0,8404.0,0.3342684108993961,1.3973091577582033,0.0,39939.0,1.1290459917974973,0.0,0
1.9108151332031569,0.1803908621358228,119.0,8413.0,0.33496084349516575,1.3973091577582035,0.0,39939.0,1.1290459917974973,0.0,0
1.9117835725890207,0.18067377004726315,120.0,8422.0,0.335646374969589,1.3973091577582033,0.0,39939.0,1.1290459917974973,0.0,0
1.912674481461209,0.1808859787939357,121.0,8428.0,0.3363250750951049,1.3973091577582033,0.0,39939.0,1.1290459917974973,0.0,0
1.9134448728271318,0.18098443242894718,122.0,8431.0,0.3369970128260164,1.3973091577582033,0.0,39939.0,1.1290459917974973,0.0,0
1.914362345447638,0.1812366615452147,123.0,8440.0,0.3376622563302548,1.3973091577582042,0.0,39939.0,1.1290459917974973,0.0,0
1.9151396101748812,0.18135530959161333,124.0,8446.0,0.3383208730110994,1.3973091577582037,0.0,39939.0,1.1290459917974973,0.0,0
1.9159619448109448,0.18153041449156385,125.0,8452.0,0.338981132617299,1.3973441447169335,0.0,39938.0,1.1290459917974973,0.0,0
1.9167803082239512,0.1817031248311963,126.0,8458.0,0.33962678569067284,1.3973441447169335,0.0,39938.0,1.1290459917974973,0.0,0
1.917732740851194,0.18201638556020278,127.0,8466.0,0.3402659575889091,1.3973441447169335,0.0,39938.0,1.1290459917974973,0.0,0
1.9185951499244431,0.18224599656710808,128.0,8472.0,0.3408987556552532,1.3973441447169326,0.0,39938.0,1.1290459917974973,0.0,0
1.9194081306041184,0.18243248386668437,129.0,8479.0,0.341525249035352,1.3973441447169328,0.0,39938.0,1.1290459917974973,0.0,0
1.9201243622838557,0.18252846171895684,130.0,8483.0,0.34214550286281703,1.3973441447169326,0.0,39938.0,1.1290459917974973,0.0,0
1.9209583387406812,0.18274836066590183,131.0,8492.0,0.3427595803726976,1.3973441447169328,0.0,39938.0,1.1290459917974973,0.0,0
1.9219239387512972,0.18310599736382244,132.0,8504.0,0.34336754368539274,1.3973441447169335,0.0,39938.0,1.1290459917974973,0.0,0
1.9228475097135287,0.18342765790984986,133.0,8513.0,0.34396945410159696,1.397344144716933,0.0,39938.0,1.1290459917974973,0.0,0
1.9235145651414394,0.18349879522228676,134.0,8515.0,0.3445653722170707,1.3973441447169328,0.0,39938.0,1.1290459917974973,0.0,0
1.9243432009971952,0.18373744532425582,135.0,8521.0,0.3451553579708576,1.3973441447169328,0.0,39938.0,1.1290459917974973,0.0,0
1.9250194211638143,0.18382955279296465,136.0,8525.0,0.34573947066876765,1.3973441447169335,0.0,39938.0,1.1290459917974973,0.0,0
1.9257025246196644,0.18393435792004584,137.0,8531.0,0.34631776899753663,1.3973441447169335,0.0,39938.0,1.1290459917974973,0.0,0
1.9265192946207874,0.18417858588336142,138.0,8537.0,0.3468903110353438,1.3973441447169337,0.0,39938.0,1.1290459917974973,0.0,0
1.9273571386097577,0.18444958664687683,139.0,8546.0,0.347457154260799,1.3973441447169335,0.0,39938.0,1.1290459917974973,0.0,0
1.9282773642190854,0.1848086109558147,140.0,8556.0,0.3480183555611888,1.397344144716933,0.0,39938.0,1.1290459917974973,0.0,0
1.9291067729478233,0.1850824040054566,141.0,8565.0,0.34857397124028466,1.3973441447169335,0.0,39938.0,1.1290459917974973,0.0,0
1.9299621898577035,0.18538773512977758,142.0,8577.0,0.3491240570258439,1.3973441447169335,0.0,39938.0,1.1290459917974973,0.0,0
1.9307273377854246,0.1856082720064911,143.0,8586.0,0.3496686680768515,1.3973441447169337,0.0,39938.0,1.1290459917974973,0.0,0
1.9314115765637991,0.1857533198711739,144.0,8589.0,0.35020785899054324,1.397344144716933,0.0,39938.0,1.1290459917974973,0.0,0
1.932075040144032,0.18588790260009738,145.0,8595.0,0.3507501688610018,1.3973791334277708,0.0,39937.0,1.1290459917974973,0.0,0
1.9327611184988756,0.18604537998524973,146.0,8600.0,0.351278769830693,1.3973791334277703,0.0,39937.0,1.1290459917974973,0.0,0
1.933449478960025,0.18621045164077618,147.0,8605.0,0.351802058636316,1.3973791334277708,0.0,39937.0,1.1290459917974973,0.0,0
1.933967551173485,0.18621045164077618,148.0,8605.0,0.3523201308497759,1.3973791334277712,0.0,39937.0,1.1290459917974973,0.0,0
1.9347794021468139,0.18650938972578066,149.0,8613.0,0.35283304373810037,1.3973791334277708,0.0,39937.0,1.1290459917974973,0.0,0
1.9353451671236632,0.18657231809364377,150.0,8616.0,0.3533493974684689,1.3974141238908475,0.0,39936.0,1.1290459917974973,0.0,0
1.9359258977995615,0.18665020808380084,151.0,8619.0,0.35385223815420996,1.3974141238908475,0.0,39936.0,1.1290459917974973,0.0,0
1.9365474289130162,0.18677395455368,152.0,8623.0,0.3543500227977855,1.3974141238908477,0.0,39936.0,1.1290459917974973,0.0,0
1.9371776891528887,0.18691139315827585,153.0,8630.0,0.354842844433062,1.397414123890847,0.0,39936.0,1.1290459917974973,0.0,0
1.9377668021276047,0.18701757742446729,154.0,8634.0,0.35533935231866626,1.397449116106295,0.0,39935.0,1.1290459917974973,0.0,0
1.9384638918379358,0.1872315234419342,155.0,8642.0,0.35582249601153015,1.397449116106295,0.0,39935.0,1.1290459917974973,0.0,0
1.9391410976548804,0.18743044607325918,156.0,8650.0,0.3563007791971499,1.3974491161062947,0.0,39935.0,1.1290459917974973,0.0,0
1.9397095307767904,0.1875253652752498,157.0,8653.0,0.35677429311706904,1.3974491161062952,0.0,39935.0,1.1290459917974973,0.0,0
1.9403873505522748,0.1877343874643361,158.0,8660.0,0.35724309070346744,1.3974491161062945,0.0,39935.0,1.1290459917974973,0.0,0
1.9410771056682188,0.18796001228811096,159.0,8666.0,0.35770722099563623,1.3974491161062945,0.0,39935.0,1.1290459917974973,0.0,0
1.9417774817215858,0.18820087803926672,160.0,8672.0,0.3581667312978478,1.3974491161062947,0.0,39935.0,1.1290459917974973,0.0,0
1.942429827276478,0.18840832124599804,161.0,8680.0,0.3586390159778246,1.3975191057948293,0.0,39933.0,1.1290459917974973,0.0,0
1.9430358054275478,0.18856873406604113,162.0,8687.0,0.3590982825346556,1.3975541032681782,0.0,39932.0,1.1290459917974973,0.0,0
1.943629601519182,0.18871644768686682,163.0,8693.0,0.3595443650054645,1.3975541032681775,0.0,39932.0,1.1290459917974973,0.0,0
1.944292798488635,0.18893807160420895,164.0,8699.0,0.35998593805757495,1.397554103268178,0.0,39932.0,1.1290459917974973,0.0,0
1.9447532004346852,0.18896131158199428,165.0,8700.0,0.36042310002583994,1.397554103268178,0.0,39932.0,1.1290459917974973,0.0,0
1.9452939946458283,0.18906930165703986,166.0,8703.0,0.3608559041619374,1.397554103268178,0.0,39932.0,1.1290459917974973,0.0,0
1.9459406419047267,0.18928745565428323,167.0,8708.0,0.36128439742359236,1.3975541032681784,0.0,39932.0,1.1290459917974973,0.0,0
1.9464771377657615,0.18939972477223477,168.0,8711.0,0.36170862416667565,1.3975541032681777,0.0,39932.0,1.1290459917974973,0.0,0
1.9472836193912162,0.18978620305715097,169.0,8724.0,0.36212862750721425,1.397554103268178,0.0,39932.0,1.1290459917974973,0.0,0
1.9479176942162497,0.19000445556288081,170.0,8731.0,0.3625444498265179,1.3975541032681784,0.0,39932.0,1.1290459917974973,0.0,0
1.9485626124823077,0.1902376906945421,171.0,8737.0,0.36295613296091467,1.3975541032681777,0.0,39932.0,1.1290459917974973,0.0,0
1.9490783140096344,0.1903458069074704,172.0,8742.0,0.363363718275313,1.3975541032681782,0.0,39932.0,1.1290459917974973,0.0,0
1.949702523089737,0.190566487568995,173.0,8748.0,0.36376724669389093,1.397554103268178,0.0,39932.0,1.1290459917974973,0.0,0
1.950303737898548,0.19076819035680756,174.0,8754.0,0.3641667587148894,1.3975541032681773,0.0,39932.0,1.1290459917974973,0.0,0
1.9511027865115569,0.19117170326526442,175.0,8765.0,0.3645622944194415,1.397554103268178,0.0,39932.0,1.1290459917974973,0.0,0
1.95158990124675,0.19126721894179832,176.0,8768.0,0.3649538934781007,1.397554103268178,0.0,39932.0,1.1290459917974973,0.0,0
1.9520753602232686,0.19136497623998971,177.0,8770.0,0.36534159515642783,1.3975541032681775,0.0,39932.0,1.1290459917974973,0.0,0
1.9526058808604725,0.19151165371348552,178.0,8773.0,0.3657254383201359,1.397554103268178,0.0,39932.0,1.1290459917974973,0.0,0
1.953132623911323,0.19165837364448027,179.0,8776.0,0.3661054614399917,1.3975541032681782,0.0,39932.0,1.1290459917974973,0.0,0
1.9536300526694648,0.19177956124606776,180.0,8779.0,0.36648170259654617,1.397554103268177,0.0,39932.0,1.1290459917974973,0.0,0
1.9542450012934975,0.19202201298191462,181.0,8787.0,0.3668541994847323,1.3975541032681777,0.0,39932.0,1.1290459917974973,0.0,0
1.9547514038139937,0.1921647487336535,182.0,8792.0,0.3672318698093235,1.3975891024944247,0.0,39931.0,1.1290459917974973,0.0,0
1.955263481829855,0.19231162147031605,183.0,8795.0,0.36759707508852174,1.3975891024944254,0.0,39931.0,1.1290459917974973,0.0,0
1.955688831947237,0.19237545241461432,184.0,8797.0,0.36795859426160565,1.3975891024944251,0.0,39931.0,1.1290459917974973,0.0,0
1.9560467444822216,0.19237545241461432,185.0,8797.0,0.36831650679659067,1.3975891024944254,0.0,39931.0,1.1290459917974973,0.0,0
1.9564500829999147,0.192424443803078,186.0,8798.0,0.3686708539258197,1.3975891024944254,0.0,39931.0,1.1290459917974973,0.0,0
1.9568009022263924,0.192424443803078,187.0,8798.0,0.3690216731522973,1.3975891024944254,0.0,39931.0,1.1290459917974973,0.0,0
1.957280200324982,0.19255641467440204,188.0,8804.0,0.3693690003795631,1.3975891024944251,0.0,39931.0,1.1290459917974973,0.0,0
1.9577966500876616,0.1927289941190769,189.0,8809.0,0.36971287069756775,1.3975891024944256,0.0,39931.0,1.1290459917974973,0.0,0
1.9583887257037242,0.19298062175819194,190.0,8815.0,0.3700533186745153,1.3975891024944254,0.0,39931.0,1.1290459917974973,0.0,0
1.958798244301711,0.1930530805638044,191.0,8817.0,0.3703903784668896,1.3975891024944256,0.0,39931.0,1.1290459917974973,0.0,0
1.959244962471365,0.1931660933378257,192.0,8820.0,0.37072408386252237,1.397589102494425,0.0,39931.0,1.1290459917974973,0.0,0
1.9595753469078094,0.1931660933378257,193.0,8820.0,0.37105446829896654,1.3975891024944254,0.0,39931.0,1.1290459917974973,0.0,0
1.960000604377638,0.1932642542338978,194.0,8822.0,0.37138156487272317,1.3975891024944251,0.0,39931.0,1.1290459917974973,0.0,0
1.9605557473322526,0.19349555571618765,195.0,8832.0,0.3717054063450482,1.3975891024944254,0.0,39931.0,1.1290459917974973,0.0,0
1.9609012983681406,0.19352565486148107,196.0,8834.0,0.3720350171544133,1.3976241034737011,0.0,39930.0,1.1290459917974973,0.0,0
1.961317036421203,0.1936238802623225,197.0,8836.0,0.37235252980663397,1.3976241034737016,0.0,39930.0,1.1290459917974973,0.0,0
1.9616553774089263,0.19364792005227696,198.0,8839.0,0.3726668310044029,1.3976241034737018,0.0,39930.0,1.1290459917974973,0.0,0
1.9620754692991005,0.19375684745849067,199.0,8842.0,0.3729779954883635,1.3976241034737007,0.0,39930.0,1.1290459917974973,0.0,0
1.9624122437161382,0.19378555755576238,200.0,8844.0,0.37328605980812934,1.3976241034737014,0.0,39930.0,1.1290459917974973,0.0,0
1.9627855215369283,0.19385383835496195,201.0,8848.0,0.37359105682972016,1.3976241034737011,0.0,39930.0,1.1290459917974973,0.0,0
1.963251344543198,0.19401770032493765,202.0,8854.0,0.37389301786601414,1.397624103473701,0.0,39930.0,1.1290459917974973,0.0,0
1.96374791798745,0.1942153181727086,203.0,8860.0,0.3741919734624951,1.397624103473701,0.0,39930.0,1.1290459917974973,0.0,0
1.9642186258571748,0.19439004581621383,204.0,8865.0,0.3744879536887147,1.3976241034737014,0.0,39930.0,1.1290459917974973,0.0,0
1.9646207319840217,0.19449911738392275,205.0,8868.0,0.37478098824785294,1.397624103473701,0.0,39930.0,1.1290459917974973,0.0,0
1.964925756972719,0.19451402410117502,206.0,8871.0,0.37507110651929776,1.3976241034737007,0.0,39930.0,1.1290459917974973,0.0,0
1.9653114140640353,0.19461245013526324,207.0,8873.0,0.37535833757652576,1.3976241034737011,0.0,39930.0,1.1290459917974973,0.0,0
1.9656022449877284,0.19461890843963975,208.0,8874.0,0.37564271019584194,1.3976241034737014,0.0,39930.0,1.1290459917974973,0.0,0
1.966060251585048,0.1947953723710941,209.0,8879.0,0.37592425286170744,1.3976241034737014,0.0,39930.0,1.1290459917974973,0.0,0
1.9663624954544139,0.19481887533140305,210.0,8880.0,0.3762029937707645,1.3976241034737011,0.0,39930.0,1.1290459917974973,0.0,0
1.9667369583077723,0.19491737112018917,211.0,8882.0,0.376478960835337,1.3976241034737011,0.0,39930.0,1.1290459917974973,0.0,0
1.9670594380433546,0.19496663000440967,212.0,8883.0,0.37675218168669844,1.3976241034737016,0.0,39930.0,1.1290459917974973,0.0,0
1.9674391630502372,0.19507585301977715,213.0,8886.0,0.37702268367821373,1.397624103473701,0.0,39930.0,1.1290459917974973,0.0,0
1.967706973260421,0.19507585301977715,214.0,8886.0,0.37729049388839764,1.3976241034737011,0.0,39930.0,1.1290459917974973,0.0,0
1.968271934572346,0.19537566909619036,215.0,8896.0,0.3775556391239096,1.3976241034737007,0.0,39930.0,1.1290459917974973,0.0,0
1.968607262962817,0.19544849068808146,216.0,8898.0,0.3778181459224894,1.397624103473701,0.0,39930.0,1.1290459917974973,0.0,0
1.9690406799326816,0.19562201302459256,217.0,8903.0,0.37807804055584265,1.3976241034737016,0.0,39930.0,1.1290459917974973,0.0,0
1.969347303379643,0.19567132799492082,218.0,8904.0,0.3783353490324758,1.3976241034737011,0.0,39930.0,1.1290459917974973,0.0,0
1.9697799638766227,0.19584924042389004,219.0,8909.0,0.37859009710048624,1.397624103473701,0.0,39930.0,1.1290459917974973,0.0,0
1.9704289143513147,0.19624597774876182,220.0,8920.0,0.3788423102503067,1.3976241034737016,0.0,39930.0,1.1290459917974973,0.0,0
1.9708008781846649,0.19636823811500898,221.0,8923.0,0.37909201371740964,1.3976241034737011,0.0,39930.0,1.1290459917974973,0.0,0
1.9710480969522253,0.19636823811500898,222.0,8923.0,0.37933923248496976,1.3976241034737014,0.0,39930.0,1.1290459917974973,0.0,0
1.9712965654905505,0.19637194785181541,223.0,8924.0,0.37958399128648873,1.3976241034737011,0.0,39930.0,1.1290459917974973,0.0,0
1.9717279421834095,0.19656100122278033,224.0,8930.0,0.3798263146083829,1.397624103473701,0.0,39930.0,1.1290459917974973,0.0,0
1.9719743331036705,0.196567480058889,225.0,8931.0,0.38006622669253515,1.3976241034737007,0.0,39930.0,1.1290459917974973,0.0,0
1.9722118579499492,0.196567480058889,226.0,8931.0,0.3803037515388139,1.3976241034737016,0.0,39930.0,1.1290459917974973,0.0,0
1.9724964142724972,0.19661687501269579,227.0,8932.0,0.38053891290755537,1.3976241034737011,0.0,39930.0,1.1290459917974973,0.0,0
1.9728280454885958,0.19671568481433094,228.0,8934.0,0.38077173432201855,1.3976241034737014,0.0,39930.0,1.1290459917974973,0.0,0
1.97316583202554,0.19682296660248785,229.0,8938.0,0.38100223907080605,1.3976241034737014,0.0,39930.0,1.1290459917974973,0.0,0
1.9734176298202637,0.19684655325776262,230.0,8939.0,0.38123045021025487,1.3976241034737011,0.0,39930.0,1.1290459917974973,0.0,0
1.973692997269342,0.19689598035029568,231.0,8940.0,0.3814563905668001,1.3976241034737011,0.0,39930.0,1.1290459917974973,0.0,0
1.9739166894418503,0.19689598035029568,232.0,8940.0,0.3816800827393083,1.3976241034737011,0.0,39930.0,1.1290459917974973,0.0,0
1.9741875946009289,0.19694541914729843,233.0,8941.0,0.3819015491013841,1.3976241034737014,0.0,39930.0,1.1290459917974973,0.0,0
1.9744068573031937,0.19694541914729843,234.0,8941.0,0.38212081180364893,1.397624103473701,0.0,39930.0,1.1290459917974973,0.0,0
1.9747119984871742,0.1970334793589324,235.0,8944.0,0.38233789277599545,1.3976241034737014,0.0,39930.0,1.1290459917974973,0.0,0
1.974926919440992,0.1970334793589324,236.0,8944.0,0.3825528137298134,1.3976241034737014,0.0,39930.0,1.1290459917974973,0.0,0
1.9751891632299858,0.1970829407175463,237.0,8945.0,0.38276559616019357,1.3976241034737014,0.0,39930.0,1.1290459917974973,0.0,0
1.9754600327451939,0.19714314504484368,238.0,8947.0,0.3829762613481038,1.3976241034737011,0.0,39930.0,1.1290459917974973,0.0,0
1.9758223168867413,0.19729686017195083,239.0,8951.0,0.3831848303625442,1.3976241034737011,0.0,39930.0,1.1290459917974973,0.0,0
1.9760782968136343,0.19734634639871193,240.0,8952.0,0.38339132406267606,1.3976241034737016,0.0,39930.0,1.1290459917974973,0.0,0
1.9763817200043097,0.1974453305521347,241.0,8954.0,0.38359576309992877,1.397624103473701,0.0,39930.0,1.1290459917974973,0.0,0
1.9768444035742039,0.19770560930187286,242.0,8961.0,0.38379816792008475,1.3976241034737018,0.0,39930.0,1.1290459917974973,0.0,0
1.9770637262925561,0.19772454117497035,243.0,8963.0,0.3839985587653395,1.3976241034737016,0.0,39930.0,1.1290459917974973,0.0,0
1.9773116367374153,0.19777405470882595,244.0,8964.0,0.38419695567634315,1.3976241034737014,0.0,39930.0,1.1290459917974973,0.0,0
1.9776307427081965,0.19789673786173284,245.0,8967.0,0.3843933784942175,1.3976241034737011,0.0,39930.0,1.1290459917974973,0.0,0
1.977874739767467,0.1979462665526679,246.0,8968.0,0.3845878468625528,1.3976241034737011,0.0,39930.0,1.1290459917974973,0.0,0
1.9783148594356705,0.19819385285404062,247.0,8975.0,0.38478038022938366,1.3976241034737016,0.0,39930.0,1.1290459917974973,0.0,0
1.9785550259375246,0.19824340173613347,248.0,8976.0,0.38497099784914474,1.3976241034737016,0.0,39930.0,1.1290459917974973,0.0,0
1.978743746872985,0.19824340173613347,249.0,8976.0,0.3851597187846051,1.397624103473701,0.0,39930.0,1.1290459917974973,0.0,0
1.9789801487917698,0.19829296053074072,250.0,8977.0,0.38534656190878247,1.3976241034737014,0.0,39930.0,1.1290459917974973,0.0,0
1.9793153033782538,0.1984431311191676,251.0,8982.0,0.3855315459068398,1.397624103473701,0.0,39930.0,1.1290459917974973,0.0,0
1.9794984467493728,0.1984431311191676,252.0,8982.0,0.3857146892779592,1.3976241034737011,0.0,39930.0,1.1290459917974973,0.0,0
1.9796797678086129,0.1984431311191676,253.0,8982.0,0.38589601033719906,1.3976241034737011,0.0,39930.0,1.1290459917974973,0.0,0
1.9798592846887446,0.1984431311191676,254.0,8982.0,0.38607552721733074,1.3976241034737014,0.0,39930.0,1.1290459917974973,0.0,0
1.9800714439653673,0.19847755974246353,255.0,8984.0,0.38625325787065734,1.3976241034737014,0.0,39930.0,1.1290459917974973,0.0,0
1.9802521805917257,0.19848233416866623,256.0,8986.0,0.3864292200708131,1.3976241034737016,0.0,39930.0,1.1290459917974973,0.0,0
1.9804414456106565,0.19849738784386387,257.0,8987.0,0.3866034314145464,1.3976241034737011,0.0,39930.0,1.1290459917974973,0.0,0
1.9808360021588367,0.1987194664831092,258.0,8992.0,0.38677590932348116,1.3976241034737014,0.0,39930.0,1.1290459917974973,0.0,0
1.981105985804589,0.19881868840647868,259.0,8994.0,0.38694667104586405,1.3976241034737016,0.0,39930.0,1.1290459917974973,0.0,0
1.9813246629976418,0.1988683029871032,260.0,8995.0,0.38711573365829205,1.3976241034737016,0.0,39930.0,1.1290459917974973,0.0,0
1.9816728062249307,0.19904906580526135,261.0,9000.0,0.3872831140674229,1.3976241034737014,0.0,39930.0,1.1290459917974973,0.0,0
1.9820047033177828,0.19921524795386852,262.0,9005.0,0.3874488290116679,1.3976241034737016,0.0,39930.0,1.1290459917974973,0.0,0
1.9821977722386737,0.19924425082355898,263.0,9007.0,0.38761289506286845,1.3976241034737011,0.0,39930.0,1.1290459917974973,0.0,0
1.9823709792314634,0.19925502425126107,264.0,9008.0,0.38777532862795616,1.3976241034737011,0.0,39930.0,1.1290459917974973,0.0,0
1.9826310930460296,0.1993543207431893,265.0,9010.0,0.3879361459505939,1.3976241034737016,0.0,39930.0,1.1290459917974973,0.0,0
1.982988939600814,0.1995529501357648,266.0,9014.0,0.3880953631128029,1.3976241034737016,0.0,39930.0,1.1290459917974973,0.0,0
1.983293314893841,0.19969969250502262,267.0,9018.0,0.38825299603657226,1.3976241034737011,0.0,39930.0,1.1290459917974973,0.0,0
1.983449379342721,0.19969969250502262,268.0,9018.0,0.3884090604854522,1.397624103473701,0.0,39930.0,1.1290459917974973,0.0,0
1.9836686455984147,0.19976444718003536,269.0,9020.0,0.38856357206613334,1.397624103473701,0.0,39930.0,1.1290459917974973,0.0,0
1.983821619762287,0.19976444718003536,270.0,9020.0,0.38871654623000546,1.3976241034737014,0.0,39930.0,1.1290459917974973,0.0,0
1.9839758235860792,0.19976719895912565,271.0,9021.0,0.38886799827470714,1.3976241034737011,0.0,39930.0,1.1290459917974973,0.0,0
1.9841408508187384,0.19978228112083857,272.0,9022.0,0.38901794334565354,1.3976241034737016,0.0,39930.0,1.1290459917974973,0.0,0
1.9842893039106386,0.19978228112083857,273.0,9022.0,0.38916639643755374,1.3976241034737007,0.0,39930.0,1.1290459917974973,0.0,0
1.9845356726156136,0.19988167386745662,274.0,9024.0,0.3893133723959104,1.3976241034737016,0.0,39930.0,1.1290459917974973,0.0,0
1.9846811861382079,0.19988167386745662,275.0,9024.0,0.38945888591850497,1.3976241034737011,0.0,39930.0,1.1290459917974973,0.0,0
1.9849743761107175,0.2000307982016034,276.0,9027.0,0.38960295155686775,1.3976241034737014,0.0,39930.0,1.1290459917974973,0.0,0
1.9852498799592047,0.20016903339906664,277.0,9032.0,0.38975499100436256,1.3976591062061383,0.0,39929.0,1.1290459917974973,0.0,0
1.985391173287933,0.20016903339906664,278.0,9032.0,0.3898962843330911,1.3976591062061379,0.0,39929.0,1.1290459917974973,0.0,0
1.9856386855408201,0.20027670989100013,279.0,9035.0,0.39003612009404476,1.3976591062061383,0.0,39929.0,1.1290459917974973,0.0,0
1.9858268512871036,0.20032644034454333,280.0,9036.0,0.3901745553867851,1.3976591062061376,0.0,39929.0,1.1290459917974973,0.0,0
1.9859639053474567,0.20032644034454333,281.0,9036.0,0.3903116094471382,1.397659106206138,0.0,39929.0,1.1290459917974973,0.0,0
1.9861493317026409,0.20037617813689404,282.0,9037.0,0.39044729800997147,1.3976591062061385,0.0,39929.0,1.1290459917974973,0.0,0
1.9864219997924688,0.20051450880412447,283.0,9041.0,0.39058163543256885,1.3976591062061385,0.0,39929.0,1.1290459917974973,0.0,0
1.9867648083945904,0.20072431736223967,284.0,9046.0,0.3907146354765754,1.3976591062061379,0.0,39929.0,1.1290459917974973,0.0,0
1.9869960031462734,0.2008238359936142,285.0,9048.0,0.3908463115968838,1.3976591062061383,0.0,39929.0,1.1290459917974973,0.0,0
1.9871307973613315,0.2008282647564642,286.0,9049.0,0.3909766770490918,1.3976591062061385,0.0,39929.0,1.1290459917974973,0.0,0
1.9872598652424127,0.2008282647564642,287.0,9049.0,0.39110574493017325,1.397659106206138,0.0,39929.0,1.1290459917974973,0.0,0
1.9873876485067827,0.2008282647564642,288.0,9049.0,0.39123352819454316,1.3976591062061383,0.0,39929.0,1.1290459917974973,0.0,0
1.9875223915000646,0.2008364962832553,289.0,9050.0,0.3913600396610341,1.397659106206138,0.0,39929.0,1.1290459917974973,0.0,0
1.9876627528772908,0.20085160530501786,290.0,9051.0,0.39148529201649773,1.397659106206138,0.0,39929.0,1.1290459917974973,0.0,0
1.9878365393524837,0.20090138597857454,291.0,9052.0,0.39160929781813375,1.3976591062061388,0.0,39929.0,1.1290459917974973,0.0,0
1.988032860293033,0.20097493524193238,292.0,9054.0,0.3917320694953252,1.397659106206138,0.0,39929.0,1.1290459917974973,0.0,0
1.9883037857852195,0.20112431087818164,293.0,9057.0,0.39185361935126256,1.397659106206138,0.0,39929.0,1.1290459917974973,0.0,0
1.9884392407071756,0.2011394255869318,294.0,9058.0,0.39197395956446845,1.397659106206138,0.0,39929.0,1.1290459917974973,0.0,0
1.988608185071295,0.20118922732525532,295.0,9059.0,0.3920931021902642,1.3976591062061385,0.0,39929.0,1.1290459917974973,0.0,0
1.988726142043222,0.20118922732525532,296.0,9059.0,0.39221105916219146,1.3976591062061383,0.0,39929.0,1.1290459917974973,0.0,0
1.9888666983432621,0.20121300049408716,297.0,9060.0,0.39232784229339945,1.3976591062061385,0.0,39929.0,1.1290459917974973,0.0,0
1.9889823193278628,0.20121300049408716,298.0,9060.0,0.3924434632780004,1.3976591062061385,0.0,39929.0,1.1290459917974973,0.0,0
1.9890967897422598,0.20121300049408716,299.0,9060.0,0.39255793369239694,1.3976591062061383,0.0,39929.0,1.1290459917974973,0.0,0
1.9892101210464437,0.20121300049408716,300.0,9060.0,0.3926712649965812,1.3976591062061385,0.0,39929.0,1.1290459917974973,0.0,0
1.989323807476989,0.20121988444277736,301.0,9061.0,0.3927929437812711,1.3976941106918677,0.0,39928.0,1.1290459917974973,0.0,0
1.9896210879447118,0.20140599824289157,302.0,9067.0,0.3929041104488798,1.3976941106918683,0.0,39928.0,1.1290459917974973,0.0,0
1.9897462218535769,0.20142112328096845,303.0,9068.0,0.3930141193196679,1.3976941106918679,0.0,39928.0,1.1290459917974973,0.0,0
1.989855126969218,0.20142112328096845,304.0,9068.0,0.39312302443530905,1.3976941106918677,0.0,39928.0,1.1290459917974973,0.0,0
1.9899629446146847,0.20142112328096845,305.0,9068.0,0.3932308420807757,1.3976941106918683,0.0,39928.0,1.1290459917974973,0.0,0
1.990069687606446,0.20142112328096845,306.0,9068.0,0.3933375850725372,1.3976941106918679,0.0,39928.0,1.1290459917974973,0.0,0
1.9902252096182773,0.20147096548606466,307.0,9069.0,0.3934432648792723,1.3976941106918679,0.0,39928.0,1.1290459917974973,0.0,0
1.9903406542138469,0.20148178255821514,308.0,9070.0,0.3935478924026914,1.3976941106918679,0.0,39928.0,1.1290459917974973,0.0,0
1.9905439388033204,0.20158148128451012,309.0,9072.0,0.3936514782658699,1.3976941106918679,0.0,39928.0,1.1290459917974973,0.0,0
1.9906963478549553,0.20163133568166006,310.0,9073.0,0.39375403292035477,1.3976941106918674,0.0,39928.0,1.1290459917974973,0.0,0
1.9908715359334064,0.20170498999390274,311.0,9075.0,0.3938555666865631,1.3976941106918677,0.0,39928.0,1.1290459917974973,0.0,0
1.9910565403892426,0.2017894713667066,312.0,9078.0,0.3939560897695957,1.3976941106918677,0.0,39928.0,1.1290459917974973,0.0,0
1.9912210670600334,0.2018544755411168,313.0,9080.0,0.3940556122659761,1.3976941106918679,0.0,39928.0,1.1290459917974973,0.0,0
1.9914193426070377,0.20195421918708337,314.0,9082.0,0.39415414416701405,1.3976941106918677,0.0,39928.0,1.1290459917974973,0.0,0
1.9915667707110347,0.20200409609719544,315.0,9083.0,0.39425169536089855,1.397694110691868,0.0,39928.0,1.1290459917974973,0.0,0
1.9917435828307641,0.20208432794352807,316.0,9086.0,0.39434827563429553,1.3976941106918677,0.0,39928.0,1.1290459917974973,0.0,0
1.992012667695718,0.20225779376904124,317.0,9090.0,0.3944438946737358,1.397694110691868,0.0,39928.0,1.1290459917974973,0.0,0
1.992157226072697,0.20230768475285252,318.0,9091.0,0.394538562066904,1.3976941106918679,0.0,39928.0,1.1290459917974973,0.0,0
1.9923246613329908,0.20238139477618391,319.0,9093.0,0.3946322873038666,1.3976941106918677,0.0,39928.0,1.1290459917974973,0.0,0
1.992417453807384,0.20238139477618391,320.0,9093.0,0.3947250797782599,1.3976941106918677,0.0,39928.0,1.1290459917974973,0.0,0
1.9925093228175637,0.20238139477618391,321.0,9093.0,0.3948169487884393,1.397694110691868,0.0,39928.0,1.1290459917974973,0.0,0
1.9926002775677272,0.20238139477618391,322.0,9093.0,0.3949079035386029,1.3976941106918677,0.0,39928.0,1.1290459917974973,0.0,0
1.9926903271690068,0.20238139477618391,323.0,9093.0,0.39499795313988245,1.3976941106918679,0.0,39928.0,1.1290459917974973,0.0,0
1.9927794806405361,0.20238139477618391,324.0,9093.0,0.3950871066114118,1.397694110691868,0.0,39928.0,1.1290459917974973,0.0,0
1.9928915687245765,0.2024052165902673,325.0,9094.0,0.39517537288136867,1.397694110691868,0.0,39928.0,1.1290459917974973,0.0,0
1.9929789566312048,0.2024052165902673,326.0,9094.0,0.3952627607879968,1.397694110691868,0.0,39928.0,1.1290459917974973,0.0,0
1.9930654749238113,0.2024052165902673,327.0,9094.0,0.3953492790806037,1.3976941106918674,0.0,39928.0,1.1290459917974973,0.0,0
1.993151132263749,0.2024052165902673,328.0,9094.0,0.3954349364205411,1.397694110691868,0.0,39928.0,1.1290459917974973,0.0,0
1.993244193099592,0.20241347246448593,329.0,9095.0,0.3955197413821656,1.3976941106918672,0.0,39928.0,1.1290459917974973,0.0,0
1.9933281541712078,0.20241347246448593,330.0,9095.0,0.3956037024537814,1.3976941106918672,0.0,39928.0,1.1290459917974973,0.0,0
1.9934712322973371,0.20247886364759266,331.0,9099.0,0.39569636729826574,1.3977291169310213,0.0,39927.0,1.1290459917974973,0.0,0
1.993553609656689,0.20247886364759266,332.0,9099.0,0.39577874465761786,1.3977291169310215,0.0,39927.0,1.1290459917974973,0.0,0
1.9936351158075014,0.20247886364759266,333.0,9099.0,0.3958602508084304,1.3977291169310213,0.0,39927.0,1.1290459917974973,0.0,0
1.9937158018518168,0.20247886364759266,334.0,9099.0,0.3959409368527457,1.3977291169310209,0.0,39927.0,1.1290459917974973,0.0,0
1.9937956812399629,0.20247886364759266,335.0,9099.0,0.39602081624089186,1.3977291169310215,0.0,39927.0,1.1290459917974973,0.0,0
1.9938747639883945,0.20247886364759266,336.0,9099.0,0.3960998989893233,1.3977291169310213,0.0,39927.0,1.1290459917974973,0.0,0
1.9939530587961256,0.20247886364759266,337.0,9099.0,0.3961781937970546,1.3977291169310213,0.0,39927.0,1.1290459917974973,0.0,0
1.994030573823795,0.20247886364759266,338.0,9099.0,0.39625570882472394,1.3977291169310213,0.0,39927.0,1.1290459917974973,0.0,0
1.9941234980699702,0.2024950447364001,339.0,9101.0,0.39633245198209177,1.3977291169310213,0.0,39927.0,1.1290459917974973,0.0,0
1.994349313307892,0.20264488092175026,340.0,9104.0,0.39640843103466317,1.3977291169310209,0.0,39927.0,1.1290459917974973,0.0,0
1.9944245359169537,0.20264488092175026,341.0,9104.0,0.3964836536437249,1.397729116931021,0.0,39927.0,1.1290459917974973,0.0,0
1.9945004857025306,0.20265180587974968,342.0,9105.0,0.3965676859477677,1.3977641249237316,0.0,39926.0,1.1290459917974973,0.0,0
1.9945742966649957,0.20265180587974968,343.0,9105.0,0.39664149691023276,1.3977641249237316,0.0,39926.0,1.1290459917974973,0.0,0
1.994647321495623,0.20265180587974968,344.0,9105.0,0.39671452174086014,1.3977641249237318,0.0,39926.0,1.1290459917974973,0.0,0
1.9947695692240595,0.20270176471861162,345.0,9106.0,0.3967868106304346,1.3977641249237314,0.0,39926.0,1.1290459917974973,0.0,0
1.9948411347967774,0.20270176471861162,346.0,9106.0,0.39685837620315245,1.3977641249237316,0.0,39926.0,1.1290459917974973,0.0,0
1.9950440270027796,0.2028338054649065,347.0,9110.0,0.3969292276628599,1.3977641249237316,0.0,39926.0,1.1290459917974973,0.0,0
1.9951224361690818,0.2028420693892571,348.0,9111.0,0.3969993729048117,1.397764124923731,0.0,39926.0,1.1290459917974973,0.0,0
1.9953917737139222,0.20304196054581744,349.0,9115.0,0.39706881929309173,1.3977641249237307,0.0,39926.0,1.1290459917974973,0.0,0
1.9954843824103967,0.203065814587813,350.0,9116.0,0.3971375739475705,1.3977641249237314,0.0,39926.0,1.1290459917974973,0.0,0
1.9955524523132044,0.203065814587813,351.0,9116.0,0.3972056438503782,1.3977641249237311,0.0,39926.0,1.1290459917974973,0.0,0
1.9956198443487598,0.203065814587813,352.0,9116.0,0.39727303588593343,1.3977641249237314,0.0,39926.0,1.1290459917974973,0.0,0
1.9957527428873443,0.2031319921558505,353.0,9119.0,0.39733975685648065,1.3977641249237307,0.0,39926.0,1.1290459917974973,0.0,0
1.9958820412716285,0.20319523390803526,354.0,9122.0,0.3974058134885802,1.3977641249237314,0.0,39926.0,1.1290459917974973,0.0,0
1.995947440219278,0.20319523390803526,355.0,9122.0,0.3974712124362295,1.3977641249237314,0.0,39926.0,1.1290459917974973,0.0,0
1.9960121880657617,0.20319523390803526,356.0,9122.0,0.3975359602827132,1.3977641249237311,0.0,39926.0,1.1290459917974973,0.0,0
1.9960954085045146,0.20321435108754887,357.0,9124.0,0.3976000635419525,1.3977641249237314,0.0,39926.0,1.1290459917974973,0.0,0
1.9961620840637013,0.2032175615290447,358.0,9125.0,0.39766352865964344,1.3977641249237314,0.0,39926.0,1.1290459917974973,0.0,0
1.9962987773556191,0.20329142146631757,359.0,9127.0,0.39772636201428835,1.3977641249237314,0.0,39926.0,1.1290459917974973,0.0,0
1.9963641960560214,0.20329463226284095,360.0,9128.0,0.39778856991816736,1.3977641249237314,0.0,39926.0,1.1290459917974973,0.0,0
1.9964257847561178,0.20329463226284095,361.0,9128.0,0.39785015861826356,1.3977641249237316,0.0,39926.0,1.1290459917974973,0.0,0
1.996486760435004,0.20329463226284095,362.0,9128.0,0.39791113429714986,1.3977641249237316,0.0,39926.0,1.1290459917974973,0.0,0
1.9966210020314163,0.20336850508255705,363.0,9130.0,0.3979715030738461,1.3977641249237311,0.0,39926.0,1.1290459917974973,0.0,0
1.9966807699622149,0.20336850508255705,364.0,9130.0,0.3980312710046447,1.3977641249237316,0.0,39926.0,1.1290459917974973,0.0,0
1.9967899540058798,0.20341851604695677,365.0,9131.0,0.39809044408390976,1.3977641249237314,0.0,39926.0,1.1290459917974973,0.0,0
1.9968485381668226,0.20341851604695677,366.0,9131.0,0.3981490282448525,1.3977641249237314,0.0,39926.0,1.1290459917974973,0.0,0
1.996910297902954,0.2034222746676573,367.0,9132.0,0.3982070293602835,1.3977641249237311,0.0,39926.0,1.1290459917974973,0.0,0
1.996967721786013,0.2034222746676573,368.0,9132.0,0.39826445324334236,1.3977641249237311,0.0,39926.0,1.1290459917974973,0.0,0
1.9971246114066963,0.20352231188347222,369.0,9134.0,0.39832130564821067,1.3977641249237314,0.0,39926.0,1.1290459917974973,0.0,0
1.9971960810087137,0.20353749486289685,370.0,9135.0,0.3983775922708035,1.397764124923731,0.0,39926.0,1.1290459917974973,0.0,0
1.997251807487356,0.20353749486289685,371.0,9135.0,0.3984333187494458,1.3977641249237316,0.0,39926.0,1.1290459917974973,0.0,0
1.9973069794034428,0.20353749486289685,372.0,9135.0,0.3984884906655326,1.3977641249237314,0.0,39926.0,1.1290459917974973,0.0,0
1.9973616022820848,0.20353749486289685,373.0,9135.0,0.3985431135441748,1.3977641249237311,0.0,39926.0,1.1290459917974973,0.0,0
1.9974657087472159,0.20358752201737343,374.0,9136.0,0.3985971928548293,1.3977641249237316,0.0,39926.0,1.1290459917974973,0.0,0
1.9975692799685285,0.2036375520815978,375.0,9137.0,0.3986507340119177,1.3977641249237307,0.0,39926.0,1.1290459917974973,0.0,0
1.9976331457540728,0.20364840950362642,376.0,9138.0,0.3987037423754331,1.3977641249237316,0.0,39926.0,1.1290459917974973,0.0,0
1.9976856266301728,0.20364840950362642,377.0,9138.0,0.39875622325153304,1.3977641249237316,0.0,39926.0,1.1290459917974973,0.0,0
1.9977984786925211,0.2037093029243836,378.0,9140.0,0.3988081818931244,1.3977641249237311,0.0,39926.0,1.1290459917974973,0.0,0
1.9978499202998319,0.2037093029243836,379.0,9140.0,0.39885962350043513,1.3977641249237316,0.0,39926.0,1.1290459917974973,0.0,0
1.9979008500209754,0.2037093029243836,380.0,9140.0,0.3989105532215786,1.3977641249237311,0.0,39926.0,1.1290459917974973,0.0,0
1.9979751566994013,0.20373318667128143,381.0,9141.0,0.39896097615310644,1.3977641249237311,0.0,39926.0,1.1290459917974973,0.0,0
1.9980855042407693,0.20379361302520094,382.0,9144.0,0.399010897340555,1.3977641249237314,0.0,39926.0,1.1290459917974973,0.0,0
1.9982850686645435,0.20394375301054962,383.0,9147.0,0.3990603217789807,1.3977641249237311,0.0,39926.0,1.1290459917974973,0.0,0
1.9984079411565463,0.2040176928680437,384.0,9149.0,0.3991092544134896,1.397764124923731,0.0,39926.0,1.1290459917974973,0.0,0
1.998456386882814,0.2040176928680437,385.0,9149.0,0.39915770013975693,1.3977641249237314,0.0,39926.0,1.1290459917974973,0.0,0
1.9985043505475981,0.2040176928680437,386.0,9149.0,0.39920566380454126,1.3977641249237316,0.0,39926.0,1.1290459917974973,0.0,0
1.9985518369492477,0.2040176928680437,387.0,9149.0,0.39925315020619073,1.3977641249237311,0.0,39926.0,1.1290459917974973,0.0,0
1.9986140447904974,0.20403288682034282,388.0,9150.0,0.3993001640951414,1.397764124923731,0.0,39926.0,1.1290459917974973,0.0,0
1.9986605908697674,0.20403288682034282,389.0,9150.0,0.3993467101744113,1.3977641249237316,0.0,39926.0,1.1290459917974973,0.0,0
1.9988458836511673,0.20417209667606948,390.0,9154.0,0.3993927931000848,1.3977641249237311,0.0,39926.0,1.1290459917974973,0.0,0
1.9988915080328775,0.20417209667606948,391.0,9154.0,0.3994384174817948,1.3977641249237311,0.0,39926.0,1.1290459917974973,0.0,0
1.9989366784342772,0.20417209667606948,392.0,9154.0,0.39948358788319466,1.3977641249237311,0.0,39926.0,1.1290459917974973,0.0,0
1.9989813993735104,0.20417209667606948,393.0,9154.0,0.3995283088224277,1.3977641249237311,0.0,39926.0,1.1290459917974973,0.0,0
1.9990256753236721,0.20417209667606948,394.0,9154.0,0.3995725847725894,1.3977641249237318,0.0,39926.0,1.1290459917974973,0.0,0
1.9990695107132666,0.20417209667606948,395.0,9154.0,0.3996164201621839,1.3977641249237307,0.0,39926.0,1.1290459917974973,0.0,0
1.9991129099266587,0.20417209667606948,396.0,9154.0,0.39965981937557593,1.397764124923731,0.0,39926.0,1.1290459917974973,0.0,0
1.9992581294709713,0.20427434884252066,397.0,9157.0,0.39970278675343746,1.3977641249237307,0.0,39926.0,1.1290459917974973,0.0,0
1.9993006693107218,0.20427434884252066,398.0,9157.0,0.3997453265931879,1.3977641249237311,0.0,39926.0,1.1290459917974973,0.0,0
1.9993448942772758,0.20427645725283045,399.0,9158.0,0.3997874431494319,1.3977641249237318,0.0,39926.0,1.1290459917974973,0.0,0
1.9994158500148285,0.20430571550542603,400.0,9160.0,0.39982914063438874,1.3977641249237316,0.0,39926.0,1.1290459917974973,0.0,0
1.9995072114086196,0.20435579431528555,401.0,9161.0,0.39987042321832106,1.397764124923731,0.0,39926.0,1.1290459917974973,0.0,0
1.9995480832202528,0.20435579431528555,402.0,9161.0,0.3999112950299543,1.3977641249237307,0.0,39926.0,1.1290459917974973,0.0,0
1.9995885483471945,0.20435579431528555,403.0,9161.0,0.399951760156896,1.3977641249237314,0.0,39926.0,1.1290459917974973,0.0,0
1.999628610836346,0.20435579431528555,404.0,9161.0,0.399991822646047,1.3977641249237314,0.0,39926.0,1.1290459917974973,0.0,0
1.9996682746943095,0.20435579431528555,405.0,9161.0,0.40003148650401066,1.3977641249237314,0.0,39926.0,1.1290459917974973,0.0,0
1.999873125072955,0.2045213755004456,406.0,9166.0,0.4000707556974963,1.397764124923731,0.0,39926.0,1.1290459917974973,0.0,0
1.9999120035291773,0.2045213755004456,407.0,9166.0,0.40010963415371836,1.3977641249237316,0.0,39926.0,1.1290459917974973,0.0,0
1.999950495136252,0.2045213755004456,408.0,9166.0,0.4001481257607929,1.397764124923731,0.0,39926.0,1.1290459917974973,0.0,0
2.000092005582742,0.20462477733960077,409.0,9169.0,0.40018623436812784,1.3977641249237316,0.0,39926.0,1.1290459917974973,0.0,0
2.0001297350014244,0.20462477733960077,410.0,9169.0,0.4002239637868103,1.3977641249237316,0.0,39926.0,1.1290459917974973,0.0,0
2.000341293606169,0.20479898194116591,411.0,9173.0,0.4002613177899896,1.3977641249237311,0.0,39926.0,1.1290459917974973,0.0,0
2.0003934834247534,0.20481418943648366,412.0,9174.0,0.4002983001132566,1.3977641249237316,0.0,39926.0,1.1290459917974973,0.0,0
2.0004300977665155,0.20481418943648366,413.0,9174.0,0.40033491445501856,1.3977641249237314,0.0,39926.0,1.1290459917974973,0.0,0
2.0004663477883677,0.20481418943648366,414.0,9174.0,0.4003711644768709,1.3977641249237311,0.0,39926.0,1.1290459917974973,0.0,0
2.000502237115461,0.20481418943648366,415.0,9174.0,0.4004070538039639,1.3977641249237316,0.0,39926.0,1.1290459917974973,0.0,0
2.0005377693368636,0.20481418943648366,416.0,9174.0,0.40044258602536675,1.3977641249237311,0.0,39926.0,1.1290459917974973,0.0,0
2.0006230545427646,0.20486429597332312,417.0,9175.0,0.4004777646944284,1.3977641249237316,0.0,39926.0,1.1290459917974973,0.0,0
2.0006578831774684,0.20486429597332312,418.0,9175.0,0.400512593329132,1.3977641249237311,0.0,39926.0,1.1290459917974973,0.0,0
2.000800871031973,0.20497280174451007,419.0,9178.0,0.4005470754124497,1.3977641249237311,0.0,39926.0,1.1290459917974973,0.0,0
2.0008350100122128,0.20497280174451007,420.0,9178.0,0.4005812143926896,1.3977641249237311,0.0,39926.0,1.1290459917974973,0.0,0
2.0009842499895427,0.2050882424306859,421.0,9181.0,0.4006150136838434,1.3977641249237316,0.0,39926.0,1.1290459917974973,0.0,0
2.0010177129716262,0.2050882424306859,422.0,9181.0,0.4006484766659271,1.3977641249237311,0.0,39926.0,1.1290459917974973,0.0,0
2.0010508429910185,0.2050882424306859,423.0,9181.0,0.4006816066853193,1.3977641249237311,0.0,39926.0,1.1290459917974973,0.0,0
2.001083643360797,0.2050882424306859,424.0,9181.0,0.4007144070550979,1.3977641249237311,0.0,39926.0,1.1290459917974973,0.0,0
2.0011161173610694,0.2050882424306859,425.0,9181.0,0.40074688105537065,1.3977641249237307,0.0,39926.0,1.1290459917974973,0.0,0
2.0011634815672976,0.20510345575868066,426.0,9182.0,0.400779031933604,1.3977641249237316,0.0,39926.0,1.1290459917974973,0.0,0
2.0011953125386417,0.20510345575868066,427.0,9182.0,0.40081086290494783,1.397764124923731,0.0,39926.0,1.1290459917974973,0.0,0
2.0012420406324685,0.20511866960489725,428.0,9183.0,0.40084237715255827,1.3977641249237311,0.0,39926.0,1.1290459917974973,0.0,0
2.0013734907562117,0.20521891905328304,429.0,9185.0,0.4008735778279153,1.3977641249237311,0.0,39926.0,1.1290459917974973,0.0,0
2.001404380979435,0.20521891905328304,430.0,9185.0,0.4009044680511388,1.3977641249237316,0.0,39926.0,1.1290459917974973,0.0,0
2.001434963839597,0.20521891905328304,431.0,9185.0,0.4009350509113008,1.3977641249237311,0.0,39926.0,1.1290459917974973,0.0,0
2.0014652423950303,0.20521891905328304,432.0,9185.0,0.40096532946673435,1.3977641249237307,0.0,39926.0,1.1290459917974973,0.0,0
2.0014973303805044,0.20522102976015166,433.0,9186.0,0.40099530674533956,1.397764124923731,0.0,39926.0,1.1290459917974973,0.0,0
2.0015270093800517,0.20522102976015166,434.0,9186.0,0.401024985744887,1.3977641249237314,0.0,39926.0,1.1290459917974973,0.0,0
2.0015563930684825,0.20522102976015166,435.0,9186.0,0.4010543694333175,1.3977641249237316,0.0,39926.0,1.1290459917974973,0.0,0
2.0015854843842034,0.20522102976015166,436.0,9186.0,0.40108346074903856,1.3977641249237314,0.0,39926.0,1.1290459917974973,0.0,0
2.0016208635304356,0.20522760705420262,437.0,9187.0,0.4011122626012193,1.3977641249237311,0.0,39926.0,1.1290459917974973,0.0,0
2.001649378799297,0.20522760705420262,438.0,9187.0,0.4011407778700809,1.3977641249237314,0.0,39926.0,1.1290459917974973,0.0,0
2.001727744404489,0.20527774112229175,439.0,9188.0,0.4011690094071841,1.3977641249237311,0.0,39926.0,1.1290459917974973,0.0,0
2.0017556950330215,0.20527774112229175,440.0,9188.0,0.4011969600357167,1.397764124923731,0.0,39926.0,1.1290459917974973,0.0,0
2.001783367548078,0.20527774112229175,441.0,9188.0,0.4012246325507731,1.397764124923731,0.0,39926.0,1.1290459917974973,0.0,0
2.0018259829507596,0.2052929593561104,442.0,9189.0,0.40125202971963575,1.3977641249237311,0.0,39926.0,1.1290459917974973,0.0,0
2.001874904193974,0.205314756036909,443.0,9191.0,0.4012791542820518,1.397764124923731,0.0,39926.0,1.1290459917974973,0.0,0
2.001901758862428,0.205314756036909,444.0,9191.0,0.40130600895050633,1.397764124923731,0.0,39926.0,1.1290459917974973,0.0,0
2.001928346322417,0.205314756036909,445.0,9191.0,0.4013325964104945,1.3977641249237314,0.0,39926.0,1.1290459917974973,0.0,0
2.0019546692327124,0.205314756036909,446.0,9191.0,0.40135891932079004,1.3977641249237314,0.0,39926.0,1.1290459917974973,0.0,0
2.001980730225633,0.205314756036909,447.0,9191.0,0.40138498031371067,1.3977641249237314,0.0,39926.0,1.1290459917974973,0.0,0
2.0020566742231964,0.20536489835280172,448.0,9192.0,0.4014107819953813,1.3977641249237314,0.0,39926.0,1.1290459917974973,0.0,0
2.002082219173811,0.20536489835280172,449.0,9192.0,0.40143632694599607,1.3977641249237311,0.0,39926.0,1.1290459917974973,0.0,0
2.0021075099478898,0.20536489835280172,450.0,9192.0,0.40146161772007466,1.3977641249237316,0.0,39926.0,1.1290459917974973,0.0,0
2.002132549074534,0.20536489835280172,451.0,9192.0,0.40148665684671897,1.3977641249237314,0.0,39926.0,1.1290459917974973,0.0,0
2.00215733905768,0.20536489835280172,452.0,9192.0,0.4015114468298651,1.397764124923731,0.0,39926.0,1.1290459917974973,0.0,0
2.0021818823763495,0.20536489835280172,453.0,9192.0,0.4015359901485347,1.3977641249237311,0.0,39926.0,1.1290459917974973,0.0,0
2.002206181484898,0.20536489835280172,454.0,9192.0,0.4015602892570829,1.3977641249237311,0.0,39926.0,1.1290459917974973,0.0,0
2.0022302388132576,0.20536489835280172,455.0,9192.0,0.4015843465854428,1.3977641249237311,0.0,39926.0,1.1290459917974973,0.0,0
2.002254056767184,0.20536489835280172,456.0,9192.0,0.4016081645393689,1.3977641249237318,0.0,39926.0,1.1290459917974973,0.0,0
2.0022776377284934,0.20536489835280172,457.0,9192.0,0.4016317455006786,1.3977641249237311,0.0,39926.0,1.1290459917974973,0.0,0
2.002300984055304,0.20536489835280172,458.0,9192.0,0.40165509182748893,1.397764124923731,0.0,39926.0,1.1290459917974973,0.0,0
2.0023240980822687,0.20536489835280172,459.0,9192.0,0.40167820585445385,1.3977641249237314,0.0,39926.0,1.1290459917974973,0.0,0
2.002346982120811,0.20536489835280172,460.0,9192.0,0.40170108989299635,1.3977641249237314,0.0,39926.0,1.1290459917974973,0.0,0
2.002369638459356,0.20536489835280172,461.0,9192.0,0.40172374623154067,1.3977641249237318,0.0,39926.0,1.1290459917974973,0.0,0
2.0023920693635557,0.20536489835280172,462.0,9192.0,0.40174617713574085,1.3977641249237316,0.0,39926.0,1.1290459917974973,0.0,0
2.0024142770765216,0.20536489835280172,463.0,9192.0,0.4017683848487065,1.3977641249237318,0.0,39926.0,1.1290459917974973,0.0,0
2.0024362638190434,0.20536489835280172,464.0,9192.0,0.40179037159122855,1.3977641249237311,0.0,39926.0,1.1290459917974973,0.0,0
2.0024580317898155,0.20536489835280172,465.0,9192.0,0.40181213956200035,1.3977641249237311,0.0,39926.0,1.1290459917974973,0.0,0
2.0024795831656528,0.20536489835280172,466.0,9192.0,0.40183369093783794,1.3977641249237311,0.0,39926.0,1.1290459917974973,0.0,0
2.002500920101712,0.20536489835280172,467.0,9192.0,0.4018550278738972,1.3977641249237311,0.0,39926.0,1.1290459917974973,0.0,0
2.0025220447317054,0.20536489835280172,468.0,9192.0,0.40187615250389064,1.397764124923731,0.0,39926.0,1.1290459917974973,0.0,0
2.002542959168114,0.20536489835280172,469.0,9192.0,0.40189706694029886,1.397764124923731,0.0,39926.0,1.1290459917974973,0.0,0
2.002620402511128,0.20542163536153107,470.0,9194.0,0.4019177732745836,1.3977641249237311,0.0,39926.0,1.1290459917974973,0.0,0
2.002715001669216,0.20549573421680686,471.0,9196.0,0.40193827357739614,1.3977641249237316,0.0,39926.0,1.1290459917974973,0.0,0
2.002735297990604,0.20549573421680686,472.0,9196.0,0.4019585698987839,1.3977641249237316,0.0,39926.0,1.1290459917974973,0.0,0
2.002755392360217,0.20549573421680686,473.0,9196.0,0.4019786642683966,1.3977641249237314,0.0,39926.0,1.1290459917974973,0.0,0
2.0027752867875086,0.20549573421680686,474.0,9196.0,0.40199855869568846,1.3977641249237316,0.0,39926.0,1.1290459917974973,0.0,0
2.0027949832619383,0.20549573421680686,475.0,9196.0,0.4020182551701183,1.3977641249237311,0.0,39926.0,1.1290459917974973,0.0,0
2.002814483753171,0.20549573421680686,476.0,9196.0,0.4020377556613511,1.3977641249237314,0.0,39926.0,1.1290459917974973,0.0,0
2.0028352484387586,0.20550273849278317,477.0,9197.0,0.402066733342109,1.3977991346701286,0.0,39925.0,1.1290459917974973,0.0,0
2.00285443955771,0.20550273849278317,478.0,9197.0,0.4020859244610602,1.3977991346701286,0.0,39925.0,1.1290459917974973,0.0,0
2.002873388907594,0.20550273849278317,479.0,9197.0,0.402104873810944,1.3977991346701286,0.0,39925.0,1.1290459917974973,0.0,0
2.002892140756598,0.20550273849278317,480.0,9197.0,0.40212362565994825,1.3977991346701288,0.0,39925.0,1.1290459917974973,0.0,0
2.0029107022874504,0.20550273849278317,481.0,9197.0,0.4021421871908005,1.3977991346701288,0.0,39925.0,1.1290459917974973,0.0,0
2.0029290773548274,0.20550273849278317,482.0,9197.0,0.40216056225817753,1.3977991346701288,0.0,39925.0,1.1290459917974973,0.0,0
2.0029974359667637,0.2055529058860591,483.0,9198.0,0.4021787534768382,1.3977991346701286,0.0,39925.0,1.1290459917974973,0.0,0
2.003015445479802,0.2055529058860591,484.0,9198.0,0.40219676298987617,1.3977991346701293,0.0,39925.0,1.1290459917974973,0.0,0
2.003033275241769,0.2055529058860591,485.0,9198.0,0.4022145927518435,1.3977991346701284,0.0,39925.0,1.1290459917974973,0.0,0
2.003050927123292,0.2055529058860591,486.0,9198.0,0.4022322446333661,1.3977991346701286,0.0,39925.0,1.1290459917974973,0.0,0
2.0031185734509935,0.2056030763870692,487.0,9199.0,0.40224972046005764,1.3977991346701286,0.0,39925.0,1.1290459917974973,0.0,0
2.0031358750181654,0.2056030763870692,488.0,9199.0,0.4022670220272295,1.397799134670129,0.0,39925.0,1.1290459917974973,0.0,0
2.003153004096607,0.2056030763870692,489.0,9199.0,0.40228415110567095,1.3977991346701288,0.0,39925.0,1.1290459917974973,0.0,0
2.003169962435052,0.2056030763870692,490.0,9199.0,0.40230110944411607,1.3977991346701288,0.0,39925.0,1.1290459917974973,0.0,0
2.0031867517614073,0.2056030763870692,491.0,9199.0,0.4023178987704715,1.3977991346701288,0.0,39925.0,1.1290459917974973,0.0,0
2.0032033737835,0.2056030763870692,492.0,9199.0,0.4023345207925643,1.3977991346701288,0.0,39925.0,1.1290459917974973,0.0,0
2.003219830189632,0.2056030763870692,493.0,9199.0,0.402350977198696,1.3977991346701284,0.0,39925.0,1.1290459917974973,0.0,0
2.0032361226490423,0.2056030763870692,494.0,9199.0,0.40236726965810643,1.3977991346701288,0.0,39925.0,1.1290459917974973,0.0,0
2.003252252812326,0.2056030763870692,495.0,9199.0,0.4023833998213901,1.3977991346701286,0.0,39925.0,1.1290459917974973,0.0,0
2.00331839809672,0.205653252171975,496.0,9200.0,0.4023993693208789,1.3977991346701282,0.0,39925.0,1.1290459917974973,0.0,0
2.003334208546842,0.205653252171975,497.0,9200.0,0.40241517977100094,1.3977991346701282,0.0,39925.0,1.1290459917974973,0.0,0
2.003349861544458,0.205653252171975,498.0,9200.0,0.4024308327686166,1.3977991346701286,0.0,39925.0,1.1290459917974973,0.0,0
2.0033653586691784,0.205653252171975,499.0,9200.0,0.40244632989333706,1.3977991346701286,0.0,39925.0,1.1290459917974973,0.0,0
2.003380701483667,0.205653252171975,500.0,9200.0,0.4024616727078255,1.3977991346701288,0.0,39925.0,1.1290459917974973,0.0,0
2.003395891533924,0.205653252171975,501.0,9200.0,0.40247686275808225,1.397799134670129,0.0,39925.0,1.1290459917974973,0.0,0
2.0034109303495593,0.205653252171975,502.0,9200.0,0.4024919015737179,1.3977991346701282,0.0,39925.0,1.1290459917974973,0.0,0
2.003537069507854,0.20576450223577641,503.0,9203.0,0.402506790668211,1.3977991346701288,0.0,39925.0,1.1290459917974973,0.0,0
2.003575761964482,0.20578845382146035,504.0,9204.0,0.4025215315391553,1.3977991346701286,0.0,39925.0,1.1290459917974973,0.0,0
2.0035903560938246,0.20578845382146035,505.0,9204.0,0.40253612566849767,1.3977991346701288,0.0,39925.0,1.1290459917974973,0.0,0
2.00360480494809,0.20578845382146035,506.0,9204.0,0.40255057452276355,1.3977991346701286,0.0,39925.0,1.1290459917974973,0.0,0
2.003619109978602,0.20578845382146035,507.0,9204.0,0.40256487955327463,1.397799134670129,0.0,39925.0,1.1290459917974973,0.0,0
2.0036332726216863,0.20578845382146035,508.0,9204.0,0.4025790421963596,1.3977991346701286,0.0,39925.0,1.1290459917974973,0.0,0
2.003647294298881,0.20578845382146035,509.0,9204.0,0.4025930638735545,1.3977991346701286,0.0,39925.0,1.1290459917974973,0.0,0
2.003661176417125,0.20578845382146035,510.0,9204.0,0.402606945991798,1.397799134670129,0.0,39925.0,1.1290459917974973,0.0,0
2.0036749203689475,0.20578845382146035,511.0,9204.0,0.40262068994362066,1.3977991346701293,0.0,39925.0,1.1290459917974973,0.0,0
2.0036885275326517,0.20578845382146035,512.0,9204.0,0.40263429710732485,1.397799134670129,0.0,39925.0,1.1290459917974973,0.0,0
2.0037019992724923,0.20578845382146035,513.0,9204.0,0.40264776884716535,1.397799134670129,0.0,39925.0,1.1290459917974973,0.0,0
2.003715336938844,0.20578845382146035,514.0,9204.0,0.402661106513517,1.3977991346701288,0.0,39925.0,1.1290459917974973,0.0,0
2.0037285418683712,0.20578845382146035,515.0,9204.0,0.4026743114430444,1.3977991346701288,0.0,39925.0,1.1290459917974973,0.0,0
2.0037416153841905,0.20578845382146035,516.0,9204.0,0.40268738495886386,1.3977991346701286,0.0,39925.0,1.1290459917974973,0.0,0
2.003754558796028,0.20578845382146035,517.0,9204.0,0.40270032837070124,1.3977991346701286,0.0,39925.0,1.1290459917974973,0.0,0
2.003767373400374,0.20578845382146035,518.0,9204.0,0.4027131429750469,1.3977991346701293,0.0,39925.0,1.1290459917974973,0.0,0
2.0037800604806337,0.20578845382146035,519.0,9204.0,0.4027258300553072,1.3977991346701282,0.0,39925.0,1.1290459917974973,0.0,0
2.0038165758380773,0.20581240835225936,520.0,9205.0,0.4027383908819516,1.397799134670128,0.0,39925.0,1.1290459917974973,0.0,0
2.0039293914801344,0.2059127881636101,521.0,9207.0,0.4027508267126576,1.397799134670129,0.0,39925.0,1.1290459917974973,0.0,0
2.0039417035599287,0.2059127881636101,522.0,9207.0,0.4027631387924523,1.3977991346701286,0.0,39925.0,1.1290459917974973,0.0,0
2.003953893121327,0.2059127881636101,523.0,9207.0,0.4027753283538506,1.397799134670129,0.0,39925.0,1.1290459917974973,0.0,0
2.0039659613844694,0.2059127881636101,524.0,9207.0,0.40278739661699303,1.3977991346701284,0.0,39925.0,1.1290459917974973,0.0,0
2.0039779095572543,0.2059127881636101,525.0,9207.0,0.4027993447897775,1.3977991346701284,0.0,39925.0,1.1290459917974973,0.0,0
2.003989738835469,0.2059127881636101,526.0,9207.0,0.4028111740679924,1.3977991346701284,0.0,39925.0,1.1290459917974973,0.0,0
2.004101839612799,0.20601317737348823,527.0,9209.0,0.40282288563544466,1.3977991346701284,0.0,39925.0,1.1290459917974973,0.0,0
2.0041134346414426,0.20601317737348823,528.0,9209.0,0.4028344806640879,1.3977991346701286,0.0,39925.0,1.1290459917974973,0.0,0
2.004124914291501,0.20601317737348823,529.0,9209.0,0.4028459603141461,1.3977991346701286,0.0,39925.0,1.1290459917974973,0.0,0
2.0041362797115934,0.20601317737348823,530.0,9209.0,0.40285732573423855,1.3977991346701286,0.0,39925.0,1.1290459917974973,0.0,0
2.004147532038854,0.20601317737348823,531.0,9209.0,0.4028685780614989,1.3977991346701293,0.0,39925.0,1.1290459917974973,0.0,0
2.004158672399052,0.20601317737348823,532.0,9209.0,0.40287971842169706,1.3977991346701288,0.0,39925.0,1.1290459917974973,0.0,0
2.00416970190671,0.20601317737348823,533.0,9209.0,0.40289074792935525,1.3977991346701286,0.0,39925.0,1.1290459917974973,0.0,0
2.00418062166522,0.20601317737348823,534.0,9209.0,0.40290166768786545,1.3977991346701288,0.0,39925.0,1.1290459917974973,0.0,0
2.0041914327669574,0.20601317737348823,535.0,9209.0,0.4029124787896028,1.3977991346701284,0.0,39925.0,1.1290459917974973,0.0,0
2.0042021362933955,0.20601317737348823,536.0,9209.0,0.40292318231604046,1.3977991346701288,0.0,39925.0,1.1290459917974973,0.0,0
2.004212733315215,0.20601317737348823,537.0,9209.0,0.40293377933785995,1.397799134670129,0.0,39925.0,1.1290459917974973,0.0,0
2.0042232248924163,0.20601317737348823,538.0,9209.0,0.4029442709150615,1.3977991346701286,0.0,39925.0,1.1290459917974973,0.0,0
2.0042336120744277,0.20601317737348823,539.0,9209.0,0.4029546580970734,1.3977991346701286,0.0,39925.0,1.1290459917974973,0.0,0
2.0042438959002142,0.20601317737348823,540.0,9209.0,0.4029649419228593,1.3977991346701286,0.0,39925.0,1.1290459917974973,0.0,0
2.0043042777096054,0.20606337768471367,541.0,9210.0,0.4029751234210252,1.397799134670129,0.0,39925.0,1.1290459917974973,0.0,0
2.004314357898503,0.20606337768471367,542.0,9210.0,0.4029852036099232,1.3977991346701286,0.0,39925.0,1.1290459917974973,0.0,0
2.004324337786336,0.20606337768471367,543.0,9210.0,0.402995183497756,1.3977991346701284,0.0,39925.0,1.1290459917974973,0.0,0
2.004388888316061,0.20611804762951533,544.0,9212.0,0.4030050640826796,1.3977991346701282,0.0,39925.0,1.1290459917974973,0.0,0
2.0043986705862866,0.20611804762951533,545.0,9212.0,0.40301484635290463,1.3977991346701288,0.0,39925.0,1.1290459917974973,0.0,0
2.0044083555201784,0.20611804762951533,546.0,9212.0,0.40302453128679633,1.397799134670129,0.0,39925.0,1.1290459917974973,0.0,0
2.0044179440863554,0.20611804762951533,547.0,9212.0,0.4030341198529736,1.3977991346701288,0.0,39925.0,1.1290459917974973,0.0,0
2.0044274372437894,0.20611804762951533,548.0,9212.0,0.40304361301040753,1.3977991346701288,0.0,39925.0,1.1290459917974973,0.0,0
2.0044368359419003,0.20611804762951533,549.0,9212.0,0.4030530117085183,1.397799134670129,0.0,39925.0,1.1290459917974973,0.0,0
2.0044461411206522,0.20611804762951533,550.0,9212.0,0.40306231688727046,1.3977991346701288,0.0,39925.0,1.1290459917974973,0.0,0
2.0044553537106506,0.20611804762951533,551.0,9212.0,0.4030715294772687,1.3977991346701286,0.0,39925.0,1.1290459917974973,0.0,0
2.0044727776611135,0.2061263506573957,552.0,9213.0,0.40308065039985125,1.397799134670129,0.0,39925.0,1.1290459917974973,0.0,0
2.0044818078284448,0.2061263506573957,553.0,9213.0,0.4030896805671824,1.3977991346701293,0.0,39925.0,1.1290459917974973,0.0,0
2.0044907481436067,0.2061263506573957,554.0,9213.0,0.4030986208823447,1.3977991346701288,0.0,39925.0,1.1290459917974973,0.0,0
2.0044995995006922,0.2061263506573957,555.0,9213.0,0.40310747223943,1.3977991346701286,0.0,39925.0,1.1290459917974973,0.0,0
2.0045083627848914,0.2061263506573957,556.0,9213.0,0.4031162355236294,1.3977991346701288,0.0,39925.0,1.1290459917974973,0.0,0
2.0045170388725837,0.2061263506573957,557.0,9213.0,0.4031249116113217,1.3977991346701288,0.0,39925.0,1.1290459917974973,0.0,0
2.0045256286314244,0.2061263506573957,558.0,9213.0,0.4031335013701623,1.3977991346701288,0.0,39925.0,1.1290459917974973,0.0,0
2.0045341329204316,0.2061263506573957,559.0,9213.0,0.40314200565916947,1.3977991346701286,0.0,39925.0,1.1290459917974973,0.0,0
2.004542552590074,0.2061263506573957,560.0,9213.0,0.40315042532881157,1.397799134670129,0.0,39925.0,1.1290459917974973,0.0,0
2.0045508884823535,0.2061263506573957,561.0,9213.0,0.4031587612210914,1.3977991346701288,0.0,39925.0,1.1290459917974973,0.0,0
2.0045591414308936,0.2061263506573957,562.0,9213.0,0.40316701416963135,1.3977991346701288,0.0,39925.0,1.1290459917974973,0.0,0
2.004667729170363,0.20622676756673963,563.0,9215.0,0.40317518499975696,1.397799134670129,0.0,39925.0,1.1290459917974973,0.0,0
2.004675818699185,0.20622676756673963,564.0,9215.0,0.4031832745285794,1.3977991346701284,0.0,39925.0,1.1290459917974973,0.0,0
2.004683827735684,0.20622676756673963,565.0,9215.0,0.40319128356507783,1.3977991346701288,0.0,39925.0,1.1290459917974973,0.0,0
2.0046917570807867,0.20622676756673963,566.0,9215.0,0.4031992129101805,1.397799134670129,0.0,39925.0,1.1290459917974973,0.0,0
2.00469960752745,0.20622676756673963,567.0,9215.0,0.40320706335684403,1.397799134670129,0.0,39925.0,1.1290459917974973,0.0,0
2.00470737986074,0.20622676756673963,568.0,9215.0,0.40321483569013417,1.3977991346701288,0.0,39925.0,1.1290459917974973,0.0,0
2.0047150748579097,0.20622676756673963,569.0,9215.0,0.4032225306873037,1.3977991346701288,0.0,39925.0,1.1290459917974973,0.0,0
2.004722693288477,0.20622676756673963,570.0,9215.0,0.4032301491178708,1.3977991346701284,0.0,39925.0,1.1290459917974973,0.0,0
2.0047302359143013,0.20622676756673963,571.0,9215.0,0.4032376917436954,1.3977991346701286,0.0,39925.0,1.1290459917974973,0.0,0
2.0047377034896616,0.20622676756673963,572.0,9215.0,0.40324515931905597,1.3977991346701277,0.0,39925.0,1.1290459917974973,0.0,0
2.004745096761331,0.20622676756673963,573.0,9215.0,0.4032525525907251,1.3977991346701288,0.0,39925.0,1.1290459917974973,0.0,0
2.0047524164686497,0.20622676756673963,574.0,9215.0,0.4032598722980437,1.3977991346701284,0.0,39925.0,1.1290459917974973,0.0,0
2.0047596633436027,0.20622676756673963,575.0,9215.0,0.4032671191729965,1.3977991346701288,0.0,39925.0,1.1290459917974973,0.0,0
2.004766838110889,0.20622676756673963,576.0,9215.0,0.4032742939402827,1.3977991346701297,0.0,39925.0,1.1290459917974973,0.0,0
2.0047739414879975,0.20622676756673963,577.0,9215.0,0.4032813973173913,1.3977991346701288,0.0,39925.0,1.1290459917974973,0.0,0
2.004780974185277,0.20622676756673963,578.0,9215.0,0.4032884300146711,1.3977991346701284,0.0,39925.0,1.1290459917974973,0.0,0
2.0047879369060086,0.20622676756673963,579.0,9215.0,0.4032953927354025,1.3977991346701286,0.0,39925.0,1.1290459917974973,0.0,0
2.0047948303464738,0.20622676756673963,580.0,9215.0,0.40330228617586783,1.3977991346701286,0.0,39925.0,1.1290459917974973,0.0,0
2.004801655196027,0.20622676756673963,581.0,9215.0,0.40330911102542066,1.3977991346701282,0.0,39925.0,1.1290459917974973,0.0,0
2.0048084121371614,0.20622676756673963,582.0,9215.0,0.4033158679665552,1.3977991346701288,0.0,39925.0,1.1290459917974973,0.0,0
2.0048151018455806,0.20622676756673963,583.0,9215.0,0.40332255767497466,1.3977991346701286,0.0,39925.0,1.1290459917974973,0.0,0
2.004821724990264,0.20622676756673963,584.0,9215.0,0.40332918081965796,1.3977991346701286,0.0,39925.0,1.1290459917974973,0.0,0
2.004828282233534,0.20622676756673963,585.0,9215.0,0.40333573806292805,1.397799134670129,0.0,39925.0,1.1290459917974973,0.0,0
2.004834774231123,0.20622676756673963,586.0,9215.0,0.4033422300605168,1.397799134670129,0.0,39925.0,1.1290459917974973,0.0,0
2.004841201632238,0.20622676756673963,587.0,9215.0,0.4033486574616317,1.3977991346701288,0.0,39925.0,1.1290459917974973,0.0,0
2.0048475650796265,0.20622676756673963,588.0,9215.0,0.4033550209090204,1.3977991346701288,0.0,39925.0,1.1290459917974973,0.0,0
2.00485386520964,0.20622676756673963,589.0,9215.0,0.4033613210390341,1.3977991346701286,0.0,39925.0,1.1290459917974973,0.0,0
2.0048601026522994,0.20622676756673963,590.0,9215.0,0.4033675584816933,1.3977991346701288,0.0,39925.0,1.1290459917974973,0.0,0
2.0048662780313546,0.20622676756673963,591.0,9215.0,0.40337373386074865,1.3977991346701284,0.0,39925.0,1.1290459917974973,0.0,0
2.0048723919643505,0.20622676756673963,592.0,9215.0,0.4033798477937445,1.3977991346701286,0.0,39925.0,1.1290459917974973,0.0,0
2.0049526287790553,0.20630095128310852,593.0,9217.0,0.4033859008920804,1.3977991346701284,0.0,39925.0,1.1290459917974973,0.0,0
2.004958621648047,0.20630095128310852,594.0,9217.0,0.4033918937610722,1.3977991346701284,0.0,39925.0,1.1290459917974973,0.0,0
2.004964554886988,0.20630095128310852,595.0,9217.0,0.40339782700001325,1.3977991346701286,0.0,39925.0,1.1290459917974973,0.0,0
2.0049943976984506,0.20632491989235158,596.0,9218.0,0.40340370120223246,1.3977991346701286,0.0,39925.0,1.1290459917974973,0.0,0
2.0050002134513742,0.20632491989235158,597.0,9218.0,0.40340951695515637,1.3977991346701284,0.0,39925.0,1.1290459917974973,0.0,0
2.0050059713365838,0.20632491989235158,598.0,9218.0,0.40341527484036577,1.3977991346701288,0.0,39925.0,1.1290459917974973,0.0,0
2.0050116719298723,0.20632491989235158,599.0,9218.0,0.40342097543365424,1.3977991346701282,0.0,39925.0,1.1290459917974973,0.0,0
2.0050173158013047,0.20632491989235158,600.0,9218.0,0.4034266193050868,1.3977991346701288,0.0,39925.0,1.1290459917974973,0.0,0
2.005022903515274,0.20632491989235158,601.0,9218.0,0.40343220701905586,1.3977991346701288,0.0,39925.0,1.1290459917974973,0.0,0
2.005028435630556,0.20632491989235158,602.0,9218.0,0.4034377391343375,1.3977991346701286,0.0,39925.0,1.1290459917974973,0.0,0
2.0050339127003673,0.20632491989235158,603.0,9218.0,0.40344321620414897,1.397799134670129,0.0,39925.0,1.1290459917974973,0.0,0
2.00503933527242,0.20632491989235158,604.0,9218.0,0.40344863877620185,1.3977991346701286,0.0,39925.0,1.1290459917974973,0.0,0
2.0050447038889763,0.20632491989235158,605.0,9218.0,0.4034540073927581,1.3977991346701286,0.0,39925.0,1.1290459917974973,0.0,0
2.0050500190869025,0.20632491989235158,606.0,9218.0,0.40345932259068445,1.3977991346701288,0.0,39925.0,1.1290459917974973,0.0,0
2.005055281397723,0.20632491989235158,607.0,9218.0,0.403464584901505,1.397799134670128,0.0,39925.0,1.1290459917974973,0.0,0
2.005060491347674,0.20632491989235158,608.0,9218.0,0.40346979485145584,1.3977991346701288,0.0,39925.0,1.1290459917974973,0.0,0
2.0050765477906856,0.20633581822528266,609.0,9219.0,0.40347495296153646,1.3977991346701286,0.0,39925.0,1.1290459917974973,0.0,0
2.005081654576712,0.20633581822528266,610.0,9219.0,0.4034800597475626,1.397799134670129,0.0,39925.0,1.1290459917974973,0.0,0
2.005086710549366,0.20633581822528266,611.0,9219.0,0.403485115720217,1.3977991346701284,0.0,39925.0,1.1290459917974973,0.0,0
2.0050917162142503,0.20633581822528266,612.0,9219.0,0.4034901213851011,1.3977991346701286,0.0,39925.0,1.1290459917974973,0.0,0
2.0050966720719354,0.20633581822528266,613.0,9219.0,0.40349507724278644,1.397799134670129,0.0,39925.0,1.1290459917974973,0.0,0
2.0051015786180115,0.20633581822528266,614.0,9219.0,0.4034999837888623,1.3977991346701288,0.0,39925.0,1.1290459917974973,0.0,0
2.0051064363431372,0.20633581822528266,615.0,9219.0,0.4035048415139883,1.397799134670129,0.0,39925.0,1.1290459917974973,0.0,0
2.0051112457330897,0.20633581822528266,616.0,9219.0,0.4035096509039403,1.397799134670129,0.0,39925.0,1.1290459917974973,0.0,0
2.005116007268811,0.20633581822528266,617.0,9219.0,0.40351441243966185,1.3977991346701284,0.0,39925.0,1.1290459917974973,0.0,0
2.0051207214264597,0.20633581822528266,618.0,9219.0,0.40351912659731065,1.397799134670129,0.0,39925.0,1.1290459917974973,0.0,0
2.0051253886774556,0.20633581822528266,619.0,9219.0,0.4035237938483062,1.397799134670129,0.0,39925.0,1.1290459917974973,0.0,0
2.005130009488527,0.20633581822528266,620.0,9219.0,0.4035284146593779,1.397799134670129,0.0,39925.0,1.1290459917974973,0.0,0
2.00513458432176,0.20633581822528266,621.0,9219.0,0.4035329894926106,1.397799134670129,0.0,39925.0,1.1290459917974973,0.0,0
2.00513911363464,0.20633581822528266,622.0,9219.0,0.4035375188054912,1.3977991346701288,0.0,39925.0,1.1290459917974973,0.0,0
2.0051435978801044,0.20633581822528266,623.0,9219.0,0.4035420030509555,1.3977991346701284,0.0,39925.0,1.1290459917974973,0.0,0
2.0051480375065807,0.20633581822528266,624.0,9219.0,0.4035464426774314,1.3977991346701295,0.0,39925.0,1.1290459917974973,0.0,0
2.005152432958034,0.20633581822528266,625.0,9219.0,0.40355083812888515,1.3977991346701284,0.0,39925.0,1.1290459917974973,0.0,0
2.005156784674015,0.20633581822528266,626.0,9219.0,0.4035551898448659,1.3977991346701286,0.0,39925.0,1.1290459917974973,0.0,0
2.005161093089698,0.20633581822528266,627.0,9219.0,0.4035594982605491,1.3977991346701286,0.0,39925.0,1.1290459917974973,0.0,0
2.0051653586359284,0.20633581822528266,628.0,9219.0,0.4035637638067793,1.3977991346701284,0.0,39925.0,1.1290459917974973,0.0,0
2.0051695817392643,0.20633581822528266,629.0,9219.0,0.40356798691011503,1.3977991346701288,0.0,39925.0,1.1290459917974973,0.0,0
2.00517376282202,0.20633581822528266,630.0,9219.0,0.4035721679928706,1.3977991346701286,0.0,39925.0,1.1290459917974973,0.0,0
2.005177902302306,0.20633581822528266,631.0,9219.0,0.4035763074731572,1.3977991346701286,0.0,39925.0,1.1290459917974973,0.0,0
2.005182000594076,0.20633581822528266,632.0,9219.0,0.4035804057649266,1.3977991346701295,0.0,39925.0,1.1290459917974973,0.0,0
2.0051860581071606,0.20633581822528266,633.0,9219.0,0.40358446327801134,1.3977991346701286,0.0,39925.0,1.1290459917974973,0.0,0
2.0051900752473153,0.20633581822528266,634.0,9219.0,0.4035884804181659,1.3977991346701288,0.0,39925.0,1.1290459917974973,0.0,0
2.0051940524162575,0.20633581822528266,635.0,9219.0,0.4035924575871083,1.3977991346701286,0.0,39925.0,1.1290459917974973,0.0,0
2.0051979900117076,0.20633581822528266,636.0,9219.0,0.4035963951825584,1.3977991346701288,0.0,39925.0,1.1290459917974973,0.0,0
2.0052018884274276,0.20633581822528266,637.0,9219.0,0.4036002935982787,1.397799134670128,0.0,39925.0,1.1290459917974973,0.0,0
2.005205748053264,0.20633581822528266,638.0,9219.0,0.4036041532241145,1.3977991346701288,0.0,39925.0,1.1290459917974973,0.0,0
2.0052095692751806,0.20633581822528266,639.0,9219.0,0.4036079744460315,1.3977991346701286,0.0,39925.0,1.1290459917974973,0.0,0
2.0052133524753044,0.20633581822528266,640.0,9219.0,0.40361175764615514,1.3977991346701288,0.0,39925.0,1.1290459917974973,0.0,0
2.0052170980319572,0.20633581822528266,641.0,9219.0,0.40361550320280826,1.3977991346701288,0.0,39925.0,1.1290459917974973,0.0,0
2.005220806319699,0.20633581822528266,642.0,9219.0,0.4036192114905502,1.397799134670129,0.0,39925.0,1.1290459917974973,0.0,0
2.005224477709361,0.20633581822528266,643.0,9219.0,0.40362288288021225,1.3977991346701284,0.0,39925.0,1.1290459917974973,0.0,0
2.0052281125680858,0.20633581822528266,644.0,9219.0,0.40362651773893693,1.3977991346701282,0.0,39925.0,1.1290459917974973,0.0,0
2.0052317112593623,0.20633581822528266,645.0,9219.0,0.40363011643021296,1.3977991346701286,0.0,39925.0,1.1290459917974973,0.0,0
2.0052352741430615,0.20633581822528266,646.0,9219.0,0.40363367931391236,1.3977991346701286,0.0,39925.0,1.1290459917974973,0.0,0
2.0052388015754756,0.20633581822528266,647.0,9219.0,0.4036372067463265,1.397799134670129,0.0,39925.0,1.1290459917974973,0.0,0
2.0052422939093506,0.20633581822528266,648.0,9219.0,0.4036406990802018,1.3977991346701286,0.0,39925.0,1.1290459917974973,0.0,0
2.005245751493924,0.20633581822528266,649.0,9219.0,0.4036441566647744,1.397799134670129,0.0,39925.0,1.1290459917974973,0.0,0
2.0052491746749546,0.20633581822528266,650.0,9219.0,0.40364757984580535,1.3977991346701284,0.0,39925.0,1.1290459917974973,0.0,0
2.0052525637947656,0.20633581822528266,651.0,9219.0,0.40365096896561625,1.3977991346701288,0.0,39925.0,1.1290459917974973,0.0,0
2.0052559191922708,0.20633581822528266,652.0,9219.0,0.4036543243631215,1.397799134670129,0.0,39925.0,1.1290459917974973,0.0,0
2.005259241203013,0.20633581822528266,653.0,9219.0,0.40365764637386364,1.3977991346701293,0.0,39925.0,1.1290459917974973,0.0,0
2.0052625301591958,0.20633581822528266,654.0,9219.0,0.40366093533004654,1.3977991346701286,0.0,39925.0,1.1290459917974973,0.0,0
2.005265786389718,0.20633581822528266,655.0,9219.0,0.4036641915605685,1.397799134670129,0.0,39925.0,1.1290459917974973,0.0,0
2.005269010220205,0.20633581822528266,656.0,9219.0,0.4036674153910558,1.3977991346701286,0.0,39925.0,1.1290459917974973,0.0,0
2.0052722019730425,0.20633581822528266,657.0,9219.0,0.40367060714389336,1.3977991346701288,0.0,39925.0,1.1290459917974973,0.0,0
2.0052753619674086,0.20633581822528266,658.0,9219.0,0.4036737671382596,1.3977991346701284,0.0,39925.0,1.1290459917974973,0.0,0
2.0052784905193057,0.20633581822528266,659.0,9219.0,0.40367689569015675,1.3977991346701286,0.0,39925.0,1.1290459917974973,0.0,0
2.0052815879415915,0.20633581822528266,660.0,9219.0,0.40367999311244224,1.3977991346701288,0.0,39925.0,1.1290459917974973,0.0,0
2.0052846545440097,0.20633581822528266,661.0,9219.0,0.4036830597148609,1.3977991346701286,0.0,39925.0,1.1290459917974973,0.0,0
2.0052876906332253,0.20633581822528266,662.0,9219.0,0.403686095804076,1.397799134670129,0.0,39925.0,1.1290459917974973,0.0,0
2.0052906965128474,0.20633581822528266,663.0,9219.0,0.40368910168369837,1.3977991346701286,0.0,39925.0,1.1290459917974973,0.0,0
2.005293672483468,0.20633581822528266,664.0,9219.0,0.4036920776543189,1.3977991346701288,0.0,39925.0,1.1290459917974973,0.0,0
2.005296618842686,0.20633581822528266,665.0,9219.0,0.40369502401353685,1.3977991346701286,0.0,39925.0,1.1290459917974973,0.0,0
2.00529953588514,0.20633581822528266,666.0,9219.0,0.40369794105599094,1.397799134670129,0.0,39925.0,1.1290459917974973,0.0,0
2.005302423902537,0.20633581822528266,667.0,9219.0,0.4037008290733875,1.397799134670129,0.0,39925.0,1.1290459917974973,0.0,0
2.00530528318368,0.20633581822528266,668.0,9219.0,0.4037036883545308,1.3977991346701288,0.0,39925.0,1.1290459917974973,0.0,0
2.005308114014501,0.20633581822528266,669.0,9219.0,0.4037065191853515,1.397799134670129,0.0,39925.0,1.1290459917974973,0.0,0
2.005310916678084,0.20633581822528266,670.0,9219.0,0.40370932184893465,1.3977991346701286,0.0,39925.0,1.1290459917974973,0.0,0
2.005313691454699,0.20633581822528266,671.0,9219.0,0.40371209662554963,1.3977991346701295,0.0,39925.0,1.1290459917974973,0.0,0
2.0053164386218247,0.20633581822528266,672.0,9219.0,0.40371484379267564,1.3977991346701286,0.0,39925.0,1.1290459917974973,0.0,0
2.005319158454181,0.20633581822528266,673.0,9219.0,0.40371756362503214,1.3977991346701286,0.0,39925.0,1.1290459917974973,0.0,0
2.0053218512237536,0.20633581822528266,674.0,9219.0,0.40372025639460446,1.3977991346701288,0.0,39925.0,1.1290459917974973,0.0,0
2.005324517199821,0.20633581822528266,675.0,9219.0,0.4037229223706717,1.3977991346701286,0.0,39925.0,1.1290459917974973,0.0,0
2.0053271566489834,0.20633581822528266,676.0,9219.0,0.4037255618198341,1.3977991346701288,0.0,39925.0,1.1290459917974973,0.0,0
2.0053297698351877,0.20633581822528266,677.0,9219.0,0.4037281750060386,1.3977991346701288,0.0,39925.0,1.1290459917974973,0.0,0
2.0053323570197548,0.20633581822528266,678.0,9219.0,0.40373076219060566,1.3977991346701284,0.0,39925.0,1.1290459917974973,0.0,0
2.0053349184614055,0.20633581822528266,679.0,9219.0,0.40373332363225634,1.397799134670129,0.0,39925.0,1.1290459917974973,0.0,0
2.005337454416286,0.20633581822528266,680.0,9219.0,0.40373585958713654,1.3977991346701288,0.0,39925.0,1.1290459917974973,0.0,0
2.0053399651379933,0.20633581822528266,681.0,9219.0,0.4037383703088443,1.3977991346701286,0.0,39925.0,1.1290459917974973,0.0,0
2.0053424508776025,0.20633581822528266,682.0,9219.0,0.40374085604845356,1.397799134670129,0.0,39925.0,1.1290459917974973,0.0,0
2.0053449118836895,0.20633581822528266,683.0,9219.0,0.4037433170545403,1.3977991346701288,0.0,39925.0,1.1290459917974973,0.0,0
2.0053473484023563,0.20633581822528266,684.0,9219.0,0.4037457535732075,1.3977991346701282,0.0,39925.0,1.1290459917974973,0.0,0
2.0053497606772583,0.20633581822528266,685.0,9219.0,0.4037481658481089,1.397799134670129,0.0,39925.0,1.1290459917974973,0.0,0
2.005352148949623,0.20633581822528266,686.0,9219.0,0.403750554120474,1.3977991346701286,0.0,39925.0,1.1290459917974973,0.0,0
2.005354513458281,0.20633581822528266,687.0,9219.0,0.4037529186291319,1.3977991346701284,0.0,39925.0,1.1290459917974973,0.0,0
2.0053568544396847,0.20633581822528266,688.0,9219.0,0.4037552596105355,1.3977991346701284,0.0,39925.0,1.1290459917974973,0.0,0
2.005359172127934,0.20633581822528266,689.0,9219.0,0.4037575772987852,1.3977991346701286,0.0,39925.0,1.1290459917974973,0.0,0
2.0053614667548008,0.20633581822528266,690.0,9219.0,0.4037598719256514,1.3977991346701286,0.0,39925.0,1.1290459917974973,0.0,0
2.0053637385497476,0.20633581822528266,691.0,9219.0,0.40376214372059877,1.3977991346701284,0.0,39925.0,1.1290459917974973,0.0,0
2.0053659877399577,0.20633581822528266,692.0,9219.0,0.40376439291080873,1.397799134670129,0.0,39925.0,1.1290459917974973,0.0,0
2.0053682145503515,0.20633581822528266,693.0,9219.0,0.4037666197212022,1.3977991346701288,0.0,39925.0,1.1290459917974973,0.0,0
2.005370419203611,0.20633581822528266,694.0,9219.0,0.40376882437446193,1.3977991346701284,0.0,39925.0,1.1290459917974973,0.0,0
2.0053726019202043,0.20633581822528266,695.0,9219.0,0.40377100709105523,1.3977991346701282,0.0,39925.0,1.1290459917974973,0.0,0
2.005374762918405,0.20633581822528266,696.0,9219.0,0.40377316808925556,1.397799134670129,0.0,39925.0,1.1290459917974973,0.0,0
2.005376902414314,0.20633581822528266,697.0,9219.0,0.4037753075851646,1.3977991346701286,0.0,39925.0,1.1290459917974973,0.0,0
2.005379020621883,0.20633581822528266,698.0,9219.0,0.40377742579273357,1.3977991346701286,0.0,39925.0,1.1290459917974973,0.0,0
2.0053811177529344,0.20633581822528266,699.0,9219.0,0.4037795229237851,1.3977991346701288,0.0,39925.0,1.1290459917974973,0.0,0
2.0053831940171833,0.20633581822528266,700.0,9219.0,0.40378159918803413,1.3977991346701288,0.0,39925.0,1.1290459917974973,0.0,0
2.005385249622258,0.20633581822528266,701.0,9219.0,0.4037836547931087,1.3977991346701293,0.0,39925.0,1.1290459917974973,0.0,0
2.00538728477372,0.20633581822528266,702.0,9219.0,0.40378568994457087,1.3977991346701284,0.0,39925.0,1.1290459917974973,0.0,0
2.0053892996750866,0.20633581822528266,703.0,9219.0,0.4037877048459377,1.3977991346701286,0.0,39925.0,1.1290459917974973,0.0,0
2.00539129452785,0.20633581822528266,704.0,9219.0,0.40378969969870093,1.3977991346701286,0.0,39925.0,1.1290459917974973,0.0,0
2.005393269531497,0.20633581822528266,705.0,9219.0,0.40379167470234745,1.3977991346701288,0.0,39925.0,1.1290459917974973,0.0,0
2.0053952248835287,0.20633581822528266,706.0,9219.0,0.4037936300543795,1.3977991346701284,0.0,39925.0,1.1290459917974973,0.0,0
2.005397160779483,0.20633581822528266,707.0,9219.0,0.4037955659503337,1.3977991346701286,0.0,39925.0,1.1290459917974973,0.0,0
2.0053990774129504,0.20633581822528266,708.0,9219.0,0.4037974825838013,1.3977991346701286,0.0,39925.0,1.1290459917974973,0.0,0
2.0054009749755966,0.20633581822528266,709.0,9219.0,0.4037993801464474,1.397799134670129,0.0,39925.0,1.1290459917974973,0.0,0
2.005402853657179,0.20633581822528266,710.0,9219.0,0.4038012588280296,1.3977991346701293,0.0,39925.0,1.1290459917974973,0.0,0
2.0054047136455666,0.20633581822528266,711.0,9219.0,0.40380311881641745,1.3977991346701282,0.0,39925.0,1.1290459917974973,0.0,0
2.005406555126761,0.20633581822528266,712.0,9219.0,0.40380496029761187,1.3977991346701284,0.0,39925.0,1.1290459917974973,0.0,0
2.0054083782849115,0.20633581822528266,713.0,9219.0,0.40380678345576226,1.3977991346701288,0.0,39925.0,1.1290459917974973,0.0,0
2.005410183302335,0.20633581822528266,714.0,9219.0,0.40380858847318596,1.397799134670129,0.0,39925.0,1.1290459917974973,0.0,0
2.0054119703595354,0.20633581822528266,715.0,9219.0,0.4038103755303861,1.3977991346701288,0.0,39925.0,1.1290459917974973,0.0,0
2.005413739635219,0.20633581822528266,716.0,9219.0,0.4038121448060702,1.3977991346701284,0.0,39925.0,1.1290459917974973,0.0,0
2.0054154913063162,0.20633581822528266,717.0,9219.0,0.4038138964771669,1.3977991346701288,0.0,39925.0,1.1290459917974973,0.0,0
2.005417225547994,0.20633581822528266,718.0,9219.0,0.40381563071884513,1.3977991346701288,0.0,39925.0,1.1290459917974973,0.0,0
2.0054189425336792,0.20633581822528266,719.0,9219.0,0.4038173477045302,1.3977991346701282,0.0,39925.0,1.1290459917974973,0.0,0
2.005420642435072,0.20633581822528266,720.0,9219.0,0.40381904760592247,1.3977991346701288,0.0,39925.0,1.1290459917974973,0.0,0
2.0054223254221624,0.20633581822528266,721.0,9219.0,0.40382073059301293,1.397799134670129,0.0,39925.0,1.1290459917974973,0.0,0
2.0054239916632515,0.20633581822528266,722.0,9219.0,0.4038223968341022,1.397799134670129,0.0,39925.0,1.1290459917974973,0.0,0
2.005425641324965,0.20633581822528266,723.0,9219.0,0.40382404649581577,1.397799134670129,0.0,39925.0,1.1290459917974973,0.0,0
2.00542727457227,0.20633581822528266,724.0,9219.0,0.4038256797431208,1.3977991346701286,0.0,39925.0,1.1290459917974973,0.0,0
2.005428891568493,0.20633581822528266,725.0,9219.0,0.4038272967393438,1.3977991346701288,0.0,39925.0,1.1290459917974973,0.0,0
2.0054304924753343,0.20633581822528266,726.0,9219.0,0.4038288976461854,1.3977991346701284,0.0,39925.0,1.1290459917974973,0.0,0
2.005432077452887,0.20633581822528266,727.0,9219.0,0.40383048262373794,1.3977991346701286,0.0,39925.0,1.1290459917974973,0.0,0
2.0054336466596494,0.20633581822528266,728.0,9219.0,0.40383205183050025,1.397799134670129,0.0,39925.0,1.1290459917974973,0.0,0
2.0054352002525433,0.20633581822528266,729.0,9219.0,0.4038336054233943,1.3977991346701284,0.0,39925.0,1.1290459917974973,0.0,0
2.00543673838693,0.20633581822528266,730.0,9219.0,0.40383514355778083,1.3977991346701284,0.0,39925.0,1.1290459917974973,0.0,0
2.0054382612166237,0.20633581822528266,731.0,9219.0,0.4038366663874745,1.3977991346701288,0.0,39925.0,1.1290459917974973,0.0,0
2.005439768893909,0.20633581822528266,732.0,9219.0,0.40383817406475975,1.3977991346701288,0.0,39925.0,1.1290459917974973,0.0,0
2.0054412615695543,0.20633581822528266,733.0,9219.0,0.4038396667404052,1.3977991346701286,0.0,39925.0,1.1290459917974973,0.0,0
2.005442739392829,0.20633581822528266,734.0,9219.0,0.40384114456367975,1.3977991346701288,0.0,39925.0,1.1290459917974973,0.0,0
2.0054442025115162,0.20633581822528266,735.0,9219.0,0.4038426076823671,1.3977991346701286,0.0,39925.0,1.1290459917974973,0.0,0
2.005445651071929,0.20633581822528266,736.0,9219.0,0.4038440562427802,1.3977991346701284,0.0,39925.0,1.1290459917974973,0.0,0
2.0054470852189255,0.20633581822528266,737.0,9219.0,0.4038454903897764,1.3977991346701293,0.0,39925.0,1.1290459917974973,0.0,0
2.0054485050959205,0.20633581822528266,738.0,9219.0,0.4038469102667715,1.3977991346701286,0.0,39925.0,1.1290459917974973,0.0,0
2.0054499108449035,0.20633581822528266,739.0,9219.0,0.4038483160157545,1.397799134670129,0.0,39925.0,1.1290459917974973,0.0,0
2.005451302606451,0.20633581822528266,740.0,9219.0,0.40384970777730167,1.3977991346701293,0.0,39925.0,1.1290459917974973,0.0,0
2.005452680519739,0.20633581822528266,741.0,9219.0,0.40385108569058975,1.3977991346701288,0.0,39925.0,1.1290459917974973,0.0,0
2.0054540447225606,0.20633581822528266,742.0,9219.0,0.40385244989341157,1.3977991346701288,0.0,39925.0,1.1290459917974973,0.0,0
2.0054553953513374,0.20633581822528266,743.0,9219.0,0.4038538005221885,1.3977991346701284,0.0,39925.0,1.1290459917974973,0.0,0
2.0054567325411337,0.20633581822528266,744.0,9219.0,0.4038551377119846,1.3977991346701286,0.0,39925.0,1.1290459917974973,0.0,0
2.005458056425669,0.20633581822528266,745.0,9219.0,0.40385646159652,1.3977991346701284,0.0,39925.0,1.1290459917974973,0.0,0
2.005459367137333,0.20633581822528266,746.0,9219.0,0.4038577723081841,1.3977991346701284,0.0,39925.0,1.1290459917974973,0.0,0
2.005460664807198,0.20633581822528266,747.0,9219.0,0.40385906997804905,1.3977991346701288,0.0,39925.0,1.1290459917974973,0.0,0
2.0054619495650328,0.20633581822528266,748.0,9219.0,0.4038603547358834,1.397799134670129,0.0,39925.0,1.1290459917974973,0.0,0
2.0054632215393124,0.20633581822528266,749.0,9219.0,0.40386162671016357,1.3977991346701284,0.0,39925.0,1.1290459917974973,0.0,0
2.0054644808572375,0.20633581822528266,750.0,9219.0,0.4038628860280882,1.3977991346701288,0.0,39925.0,1.1290459917974973,0.0,0
2.005465727644739,0.20633581822528266,751.0,9219.0,0.4038641328155902,1.3977991346701284,0.0,39925.0,1.1290459917974973,0.0,0
2.0054669620264987,0.20633581822528266,752.0,9219.0,0.4038653671973493,1.3977991346701286,0.0,39925.0,1.1290459917974973,0.0,0
2.0054681841259536,0.20633581822528266,753.0,9219.0,0.4038665892968046,1.3977991346701286,0.0,39925.0,1.1290459917974973,0.0,0
2.005469394065316,0.20633581822528266,754.0,9219.0,0.40386779923616695,1.3977991346701284,0.0,39925.0,1.1290459917974973,0.0,0
2.005470591965581,0.20633581822528266,755.0,9219.0,0.40386899713643176,1.3977991346701284,0.0,39925.0,1.1290459917974973,0.0,0
2.0054717779465387,0.20633581822528266,756.0,9219.0,0.4038701831173898,1.3977991346701288,0.0,39925.0,1.1290459917974973,0.0,0
2.005472952126789,0.20633581822528266,757.0,9219.0,0.4038713572976399,1.397799134670129,0.0,39925.0,1.1290459917974973,0.0,0
2.005474114623751,0.20633581822528266,758.0,9219.0,0.40387251979460154,1.397799134670129,0.0,39925.0,1.1290459917974973,0.0,0
2.005475265553674,0.20633581822528266,759.0,9219.0,0.4038736707245249,1.3977991346701286,0.0,39925.0,1.1290459917974973,0.0,0
2.005476405031654,0.20633581822528266,760.0,9219.0,0.40387481020250443,1.3977991346701288,0.0,39925.0,1.1290459917974973,0.0,0
2.005477533171638,0.20633581822528266,761.0,9219.0,0.4038759383424885,1.3977991346701286,0.0,39925.0,1.1290459917974973,0.0,0
2.0054786500864417,0.20633581822528266,762.0,9219.0,0.4038770552572922,1.397799134670129,0.0,39925.0,1.1290459917974973,0.0,0
2.005479755887757,0.20633581822528266,763.0,9219.0,0.4038781610586079,1.397799134670129,0.0,39925.0,1.1290459917974973,0.0,0
2.005480850686166,0.20633581822528266,764.0,9219.0,0.4038792558570167,1.3977991346701286,0.0,39925.0,1.1290459917974973,0.0,0
2.0054819345911485,0.20633581822528266,765.0,9219.0,0.4038803397619992,1.3977991346701288,0.0,39925.0,1.1290459917974973,0.0,0
2.005483007711096,0.20633581822528266,766.0,9219.0,0.40388141288194707,1.3977991346701286,0.0,39925.0,1.1290459917974973,0.0,0
2.005484070153322,0.20633581822528266,767.0,9219.0,0.40388247532417293,1.397799134670129,0.0,39925.0,1.1290459917974973,0.0,0
2.0054851220240715,0.20633581822528266,768.0,9219.0,0.40388352719492215,1.3977991346701293,0.0,39925.0,1.1290459917974973,0.0,0
2.0054861634285315,0.20633581822528266,769.0,9219.0,0.4038845685993824,1.3977991346701286,0.0,39925.0,1.1290459917974973,0.0,0
2.0054871944708443,0.20633581822528266,770.0,9219.0,0.4038855996416951,1.3977991346701288,0.0,39925.0,1.1290459917974973,0.0,0
2.0054882152541147,0.20633581822528266,771.0,9219.0,0.4038866204249656,1.3977991346701284,0.0,39925.0,1.1290459917974973,0.0,0
2.0054892258804218,0.20633581822528266,772.0,9219.0,0.4038876310512727,1.3977991346701288,0.0,39925.0,1.1290459917974973,0.0,0
2.005490226450829,0.20633581822528266,773.0,9219.0,0.40388863162168,1.397799134670129,0.0,39925.0,1.1290459917974973,0.0,0
2.0054912170653947,0.20633581822528266,774.0,9219.0,0.4038896222362456,1.3977991346701288,0.0,39925.0,1.1290459917974973,0.0,0
2.0054921978231808,0.20633581822528266,775.0,9219.0,0.40389060299403146,1.3977991346701293,0.0,39925.0,1.1290459917974973,0.0,0
2.0054931688222633,0.20633581822528266,776.0,9219.0,0.40389157399311415,1.3977991346701288,0.0,39925.0,1.1290459917974973,0.0,0
2.005494130159744,0.20633581822528266,777.0,9219.0,0.4038925353305947,1.3977991346701288,0.0,39925.0,1.1290459917974973,0.0,0
2.0054950819317563,0.20633581822528266,778.0,9219.0,0.4038934871026074,1.3977991346701284,0.0,39925.0,1.1290459917974973,0.0,0
2.0054960242334796,0.20633581822528266,779.0,9219.0,0.40389442940433057,1.3977991346701286,0.0,39925.0,1.1290459917974973,0.0,0
2.005496957159144,0.20633581822528266,780.0,9219.0,0.40389536232999484,1.3977991346701282,0.0,39925.0,1.1290459917974973,0.0,0
2.005497880802043,0.20633581822528266,781.0,9219.0,0.4038962859728934,1.397799134670129,0.0,39925.0,1.1290459917974973,0.0,0
2.0054987952545407,0.20633581822528266,782.0,9219.0,0.40389720042539173,1.3977991346701286,0.0,39925.0,1.1290459917974973,0.0,0
2.005499700608085,0.20633581822528266,783.0,9219.0,0.4038981057789358,1.3977991346701288,0.0,39925.0,1.1290459917974973,0.0,0
2.005500596953211,0.20633581822528266,784.0,9219.0,0.4038990021240615,1.3977991346701295,0.0,39925.0,1.1290459917974973,0.0,0
2.0055014843795536,0.20633581822528266,785.0,9219.0,0.4038998895504042,1.3977991346701284,0.0,39925.0,1.1290459917974973,0.0,0
2.0055023629758564,0.20633581822528266,786.0,9219.0,0.4039007681467071,1.397799134670129,0.0,39925.0,1.1290459917974973,0.0,0
2.0055032328299798,0.20633581822528266,787.0,9219.0,0.4039016380008308,1.3977991346701286,0.0,39925.0,1.1290459917974973,0.0,0
2.0055040940289106,0.20633581822528266,788.0,9219.0,0.4039024991997615,1.3977991346701286,0.0,39925.0,1.1290459917974973,0.0,0
2.005504946658769,0.20633581822528266,789.0,9219.0,0.40390335182961956,1.397799134670129,0.0,39925.0,1.1290459917974973,0.0,0
2.0055057908048175,0.20633581822528266,790.0,9219.0,0.4039041959756686,1.3977991346701282,0.0,39925.0,1.1290459917974973,0.0,0
2.0055066265514734,0.20633581822528266,791.0,9219.0,0.40390503172232434,1.3977991346701288,0.0,39925.0,1.1290459917974973,0.0,0
2.005507453982311,0.20633581822528266,792.0,9219.0,0.403905859153162,1.3977991346701284,0.0,39925.0,1.1290459917974973,0.0,0
2.005508273180074,0.20633581822528266,793.0,9219.0,0.40390667835092514,1.3977991346701284,0.0,39925.0,1.1290459917974973,0.0,0
2.0055090842266834,0.20633581822528266,794.0,9219.0,0.40390748939753424,1.397799134670129,0.0,39925.0,1.1290459917974973,0.0,0
2.0055098872032437,0.20633581822528266,795.0,9219.0,0.40390829237409487,1.3977991346701286,0.0,39925.0,1.1290459917974973,0.0,0
2.0055106821900544,0.20633581822528266,796.0,9219.0,0.40390908736090525,1.3977991346701288,0.0,39925.0,1.1290459917974973,0.0,0
2.005511469266614,0.20633581822528266,797.0,9219.0,0.4039098744374647,1.3977991346701286,0.0,39925.0,1.1290459917974973,0.0,0
2.005512248511631,0.20633581822528266,798.0,9219.0,0.4039106536824814,1.3977991346701295,0.0,39925.0,1.1290459917974973,0.0,0
2.00551302000303,0.20633581822528266,799.0,9219.0,0.4039114251738807,1.3977991346701293,0.0,39925.0,1.1290459917974973,0.0,0
2.0055137838179613,0.20633581822528266,800.0,9219.0,0.40391218898881226,1.3977991346701286,0.0,39925.0,1.1290459917974973,0.0,0
2.0055145400328076,0.20633581822528266,801.0,9219.0,0.4039129452036584,1.397799134670129,0.0,39925.0,1.1290459917974973,0.0,0
2.00551528872319,0.20633581822528266,802.0,9219.0,0.40391369389404097,1.397799134670129,0.0,39925.0,1.1290459917974973,0.0,0
2.005516029963979,0.20633581822528266,803.0,9219.0,0.40391443513482983,1.3977991346701286,0.0,39925.0,1.1290459917974973,0.0,0
2.0055167638292986,0.20633581822528266,804.0,9219.0,0.40391516900014945,1.397799134670129,0.0,39925.0,1.1290459917974973,0.0,0
2.0055174903925366,0.20633581822528266,805.0,9219.0,0.4039158955633875,1.3977991346701286,0.0,39925.0,1.1290459917974973,0.0,0
2.0055182097263495,0.20633581822528266,806.0,9219.0,0.40391661489720027,1.397799134670129,0.0,39925.0,1.1290459917974973,0.0,0
2.0055189219026714,0.20633581822528266,807.0,9219.0,0.403917327073522,1.3977991346701295,0.0,39925.0,1.1290459917974973,0.0,0
2.0055196269927205,0.20633581822528266,808.0,9219.0,0.40391803216357114,1.397799134670129,0.0,39925.0,1.1290459917974973,0.0,0
2.005520325067006,0.20633581822528266,809.0,9219.0,0.4039187302378568,1.3977991346701288,0.0,39925.0,1.1290459917974973,0.0,0
2.0055210161953365,0.20633581822528266,810.0,9219.0,0.40391942136618736,1.3977991346701282,0.0,39925.0,1.1290459917974973,0.0,0
2.005521700446825,0.20633581822528266,811.0,9219.0,0.40392010561767605,1.3977991346701282,0.0,39925.0,1.1290459917974973,0.0,0
2.0056228426634375,0.20643628299882208,812.0,9221.0,0.4039207830607489,1.3977991346701282,0.0,39925.0,1.1290459917974973,0.0,0
2.005623513365839,0.20643628299882208,813.0,9221.0,0.40392145376315025,1.397799134670129,0.0,39925.0,1.1290459917974973,0.0,0
2.0056241773946404,0.20643628299882208,814.0,9221.0,0.40392211779195164,1.3977991346701286,0.0,39925.0,1.1290459917974973,0.0,0
2.005624834816244,0.20643628299882208,815.0,9221.0,0.4039227752135557,1.397799134670129,0.0,39925.0,1.1290459917974973,0.0,0
2.005625485696394,0.20643628299882208,816.0,9221.0,0.4039234260937056,1.3977991346701286,0.0,39925.0,1.1290459917974973,0.0,0
2.0056261301001785,0.20643628299882208,817.0,9221.0,0.4039240704974898,1.3977991346701293,0.0,39925.0,1.1290459917974973,0.0,0
2.0056267680920374,0.20643628299882208,818.0,9221.0,0.4039247084893491,1.3977991346701286,0.0,39925.0,1.1290459917974973,0.0,0
2.005627399735772,0.20643628299882208,819.0,9221.0,0.4039253401330835,1.3977991346701288,0.0,39925.0,1.1290459917974973,0.0,0
2.005628025094546,0.20643628299882208,820.0,9221.0,0.4039259654918578,1.3977991346701286,0.0,39925.0,1.1290459917974973,0.0,0
2.005628644230897,0.20643628299882208,821.0,9221.0,0.40392658462820813,1.3977991346701286,0.0,39925.0,1.1290459917974973,0.0,0
2.0056292572067376,0.20643628299882208,822.0,9221.0,0.40392719760404894,1.397799134670129,0.0,39925.0,1.1290459917974973,0.0,0
2.005629864083367,0.20643628299882208,823.0,9221.0,0.4039278044806782,1.397799134670129,0.0,39925.0,1.1290459917974973,0.0,0
2.005630464921473,0.20643628299882208,824.0,9221.0,0.40392840531878427,1.3977991346701286,0.0,39925.0,1.1290459917974973,0.0,0
2.0056310597811398,0.20643628299882208,825.0,9221.0,0.40392900017845085,1.397799134670129,0.0,39925.0,1.1290459917974973,0.0,0
2.0056316487218537,0.20643628299882208,826.0,9221.0,0.4039295891191652,1.397799134670129,0.0,39925.0,1.1290459917974973,0.0,0
2.00563223180251,0.20643628299882208,827.0,9221.0,0.4039301721998216,1.3977991346701282,0.0,39925.0,1.1290459917974973,0.0,0
2.005632809081417,0.20643628299882208,828.0,9221.0,0.4039307494787282,1.3977991346701286,0.0,39925.0,1.1290459917974973,0.0,0
2.0056333806163025,0.20643628299882208,829.0,9221.0,0.40393132101361395,1.3977991346701286,0.0,39925.0,1.1290459917974973,0.0,0
2.005633946464321,0.20643628299882208,830.0,9221.0,0.4039318868616327,1.3977991346701288,0.0,39925.0,1.1290459917974973,0.0,0
2.005634506682058,0.20643628299882208,831.0,9221.0,0.40393244707936926,1.3977991346701288,0.0,39925.0,1.1290459917974973,0.0,0
2.0056350613255347,0.20643628299882208,832.0,9221.0,0.4039330017228463,1.397799134670128,0.0,39925.0,1.1290459917974973,0.0,0
2.0056356104502173,0.20643628299882208,833.0,9221.0,0.40393355084752874,1.3977991346701282,0.0,39925.0,1.1290459917974973,0.0,0
2.0056361541110177,0.20643628299882208,834.0,9221.0,0.40393409450832923,1.397799134670129,0.0,39925.0,1.1290459917974973,0.0,0
2.0056366923623026,0.20643628299882208,835.0,9221.0,0.4039346327596142,1.3977991346701286,0.0,39925.0,1.1290459917974973,0.0,0
2.005637225257898,0.20643628299882208,836.0,9221.0,0.4039351656552095,1.3977991346701282,0.0,39925.0,1.1290459917974973,0.0,0
2.0056377528510936,0.20643628299882208,837.0,9221.0,0.403935693248405,1.3977991346701284,0.0,39925.0,1.1290459917974973,0.0,0
2.005638275194649,0.20643628299882208,838.0,9221.0,0.40393621559196047,1.3977991346701286,0.0,39925.0,1.1290459917974973,0.0,0
2.0056387923407994,0.20643628299882208,839.0,9221.0,0.40393673273811065,1.3977991346701293,0.0,39925.0,1.1290459917974973,0.0,0
2.0056393043412593,0.20643628299882208,840.0,9221.0,0.40393724473857084,1.397799134670129,0.0,39925.0,1.1290459917974973,0.0,0
2.00563981124723,0.20643628299882208,841.0,9221.0,0.4039377516445414,1.397799134670129,0.0,39925.0,1.1290459917974973,0.0,0
2.0056403131094016,0.20643628299882208,842.0,9221.0,0.40393825350671314,1.3977991346701288,0.0,39925.0,1.1290459917974973,0.0,0
2.0056408099779612,0.20643628299882208,843.0,9221.0,0.40393875037527266,1.3977991346701284,0.0,39925.0,1.1290459917974973,0.0,0
2.005641301902596,0.20643628299882208,844.0,9221.0,0.40393924229990763,1.3977991346701286,0.0,39925.0,1.1290459917974973,0.0,0
2.005641788932499,0.20643628299882208,845.0,9221.0,0.40393972932981076,1.3977991346701286,0.0,39925.0,1.1290459917974973,0.0,0
2.0056422711163737,0.20643628299882208,846.0,9221.0,0.4039402115136851,1.3977991346701286,0.0,39925.0,1.1290459917974973,0.0,0
2.0056427485024386,0.20643628299882208,847.0,9221.0,0.4039406888997501,1.3977991346701288,0.0,39925.0,1.1290459917974973,0.0,0
2.005643221138433,0.20643628299882208,848.0,9221.0,0.4039411615357443,1.3977991346701293,0.0,39925.0,1.1290459917974973,0.0,0
2.0056436890716203,0.20643628299882208,849.0,9221.0,0.40394162946893164,1.3977991346701286,0.0,39925.0,1.1290459917974973,0.0,0
2.0056441523487942,0.20643628299882208,850.0,9221.0,0.403942092746106,1.3977991346701284,0.0,39925.0,1.1290459917974973,0.0,0
2.005644611016284,0.20643628299882208,851.0,9221.0,0.4039425514135955,1.3977991346701288,0.0,39925.0,1.1290459917974973,0.0,0
2.0056450651199556,0.20643628299882208,852.0,9221.0,0.4039430055172672,1.3977991346701284,0.0,39925.0,1.1290459917974973,0.0,0
2.00564551470522,0.20643628299882208,853.0,9221.0,0.40394345510253166,1.3977991346701284,0.0,39925.0,1.1290459917974973,0.0,0
2.005645959817037,0.20643628299882208,854.0,9221.0,0.40394390021434823,1.3977991346701288,0.0,39925.0,1.1290459917974973,0.0,0
2.005646400499917,0.20643628299882208,855.0,9221.0,0.4039443408972283,1.3977991346701293,0.0,39925.0,1.1290459917974973,0.0,0
2.005646836797929,0.20643628299882208,856.0,9221.0,0.4039447771952403,1.3977991346701288,0.0,39925.0,1.1290459917974973,0.0,0
2.005647268754703,0.20643628299882208,857.0,9221.0,0.4039452091520147,1.3977991346701288,0.0,39925.0,1.1290459917974973,0.0,0
2.0056476964134355,0.20643628299882208,858.0,9221.0,0.4039456368107472,1.3977991346701282,0.0,39925.0,1.1290459917974973,0.0,0
2.005648119816893,0.20643628299882208,859.0,9221.0,0.4039460602142041,1.397799134670129,0.0,39925.0,1.1290459917974973,0.0,0
2.005648539007415,0.20643628299882208,860.0,9221.0,0.40394647940472656,1.3977991346701286,0.0,39925.0,1.1290459917974973,0.0,0
2.0056489540269222,0.20643628299882208,861.0,9221.0,0.4039468944242335,1.3977991346701293,0.0,39925.0,1.1290459917974973,0.0,0
2.005649364916916,0.20643628299882208,862.0,9221.0,0.40394730531422735,1.3977991346701288,0.0,39925.0,1.1290459917974973,0.0,0
2.0057000071463196,0.206486518426656,863.0,9222.0,0.4039477121157973,1.3977991346701282,0.0,39925.0,1.1290459917974973,0.0,0
2.0057004099001468,0.206486518426656,864.0,9222.0,0.4039481148696242,1.397799134670129,0.0,39925.0,1.1290459917974973,0.0,0
2.005700808646506,0.206486518426656,865.0,9222.0,0.40394851361598344,1.3977991346701288,0.0,39925.0,1.1290459917974973,0.0,0
2.0057012034252724,0.206486518426656,866.0,9222.0,0.40394890839475006,1.3977991346701284,0.0,39925.0,1.1290459917974973,0.0,0
2.005701594275925,0.206486518426656,867.0,9222.0,0.4039492992454025,1.3977991346701288,0.0,39925.0,1.1290459917974973,0.0,0
2.0057019812375487,0.206486518426656,868.0,9222.0,0.4039496862070259,1.3977991346701288,0.0,39925.0,1.1290459917974973,0.0,0
2.005702364348839,0.206486518426656,869.0,9222.0,0.40395006931831673,1.3977991346701282,0.0,39925.0,1.1290459917974973,0.0,0
2.005702743648109,0.206486518426656,870.0,9222.0,0.4039504486175866,1.3977991346701284,0.0,39925.0,1.1290459917974973,0.0,0
2.005703119173288,0.206486518426656,871.0,9222.0,0.4039508241427658,1.3977991346701288,0.0,39925.0,1.1290459917974973,0.0,0
2.0057034909619293,0.206486518426656,872.0,9222.0,0.4039511959314069,1.3977991346701286,0.0,39925.0,1.1290459917974973,0.0,0
2.005703859051212,0.206486518426656,873.0,9222.0,0.403951564020689,1.3977991346701293,0.0,39925.0,1.1290459917974973,0.0,0
2.0057042234779443,0.206486518426656,874.0,9222.0,0.4039519284474218,1.3977991346701286,0.0,39925.0,1.1290459917974973,0.0,0
2.005704584278571,0.206486518426656,875.0,9222.0,0.4039522892480482,1.3977991346701293,0.0,39925.0,1.1290459917974973,0.0,0
2.0057049414891703,0.206486518426656,876.0,9222.0,0.403952646458648,1.3977991346701282,0.0,39925.0,1.1290459917974973,0.0,0
2.0057052951454657,0.206486518426656,877.0,9222.0,0.403953000114943,1.3977991346701286,0.0,39925.0,1.1290459917974973,0.0,0
2.0057056452828217,0.206486518426656,878.0,9222.0,0.4039533502522993,1.3977991346701286,0.0,39925.0,1.1290459917974973,0.0,0
2.005705991936253,0.206486518426656,879.0,9222.0,0.40395369690573074,1.3977991346701284,0.0,39925.0,1.1290459917974973,0.0,0
2.005706335140425,0.206486518426656,880.0,9222.0,0.40395404010990277,1.397799134670129,0.0,39925.0,1.1290459917974973,0.0,0
2.0057066749296584,0.206486518426656,881.0,9222.0,0.4039543798991361,1.3977991346701284,0.0,39925.0,1.1290459917974973,0.0,0
2.0057070113379325,0.206486518426656,882.0,9222.0,0.40395471630741003,1.3977991346701288,0.0,39925.0,1.1290459917974973,0.0,0
2.005707344398888,0.206486518426656,883.0,9222.0,0.4039550493683659,1.3977991346701286,0.0,39925.0,1.1290459917974973,0.0,0
2.005707674145832,0.206486518426656,884.0,9222.0,0.4039553791153099,1.3977991346701282,0.0,39925.0,1.1290459917974973,0.0,0
2.0057080006117394,0.206486518426656,885.0,9222.0,0.4039557055812168,1.3977991346701288,0.0,39925.0,1.1290459917974973,0.0,0
2.005708323829256,0.206486518426656,886.0,9222.0,0.40395602879873377,1.3977991346701286,0.0,39925.0,1.1290459917974973,0.0,0
2.005708643830705,0.206486518426656,887.0,9222.0,0.4039563488001827,1.3977991346701286,0.0,39925.0,1.1290459917974973,0.0,0
2.0057089606480862,0.206486518426656,888.0,9222.0,0.40395666561756405,1.3977991346701282,0.0,39925.0,1.1290459917974973,0.0,0
2.005709274313082,0.206486518426656,889.0,9222.0,0.40395697928255986,1.3977991346701286,0.0,39925.0,1.1290459917974973,0.0,0
2.005709584857059,0.206486518426656,890.0,9222.0,0.4039572898265367,1.397799134670129,0.0,39925.0,1.1290459917974973,0.0,0
2.0057098923110717,0.206486518426656,891.0,9222.0,0.4039575972805493,1.3977991346701286,0.0,39925.0,1.1290459917974973,0.0,0
2.005710196705866,0.206486518426656,892.0,9222.0,0.40395790167534334,1.3977991346701288,0.0,39925.0,1.1290459917974973,0.0,0
2.005710498071881,0.206486518426656,893.0,9222.0,0.40395820304135877,1.3977991346701286,0.0,39925.0,1.1290459917974973,0.0,0
2.0057107964392547,0.206486518426656,894.0,9222.0,0.4039585014087322,1.3977991346701288,0.0,39925.0,1.1290459917974973,0.0,0
2.005711091837823,0.206486518426656,895.0,9222.0,0.40395879680730046,1.3977991346701286,0.0,39925.0,1.1290459917974973,0.0,0
2.0057113842971264,0.206486518426656,896.0,9222.0,0.40395908926660407,1.3977991346701284,0.0,39925.0,1.1290459917974973,0.0,0
2.0057116738464114,0.206486518426656,897.0,9222.0,0.40395937881588895,1.3977991346701288,0.0,39925.0,1.1290459917974973,0.0,0
2.0057119605146325,0.206486518426656,898.0,9222.0,0.4039596654841101,1.3977991346701286,0.0,39925.0,1.1290459917974973,0.0,0
2.0057122443304576,0.206486518426656,899.0,9222.0,0.40395994929993506,1.3977991346701288,0.0,39925.0,1.1290459917974973,0.0,0
2.0057125253222674,0.206486518426656,900.0,9222.0,0.40396023029174516,1.3977991346701286,0.0,39925.0,1.1290459917974973,0.0,0
2.0057128035181626,0.206486518426656,901.0,9222.0,0.40396050848764015,1.3977991346701288,0.0,39925.0,1.1290459917974973,0.0,0
2.005713078945962,0.206486518426656,902.0,9222.0,0.40396078391543966,1.3977991346701284,0.0,39925.0,1.1290459917974973,0.0,0
2.0057133516332093,0.206486518426656,903.0,9222.0,0.403961056602687,1.3977991346701286,0.0,39925.0,1.1290459917974973,0.0,0
2.005713621607173,0.206486518426656,904.0,9222.0,0.40396132657665057,1.3977991346701286,0.0,39925.0,1.1290459917974973,0.0,0
2.005713888894851,0.206486518426656,905.0,9222.0,0.40396159386432845,1.3977991346701288,0.0,39925.0,1.1290459917974973,0.0,0
2.005714153522972,0.206486518426656,906.0,9222.0,0.4039618584924497,1.3977991346701286,0.0,39925.0,1.1290459917974973,0.0,0
2.0057144155179993,0.206486518426656,907.0,9222.0,0.403962120487477,1.3977991346701284,0.0,39925.0,1.1290459917974973,0.0,0
2.0057146749061325,0.206486518426656,908.0,9222.0,0.4039623798756101,1.3977991346701286,0.0,39925.0,1.1290459917974973,0.0,0
2.005714931713311,0.206486518426656,909.0,9222.0,0.4039626366827883,1.3977991346701295,0.0,39925.0,1.1290459917974973,0.0,0
2.0057151859652147,0.206486518426656,910.0,9222.0,0.40396289093469234,1.3977991346701288,0.0,39925.0,1.1290459917974973,0.0,0
2.00571543768727,0.206486518426656,911.0,9222.0,0.4039631426567476,1.3977991346701288,0.0,39925.0,1.1290459917974973,0.0,0
2.005715686904649,0.206486518426656,912.0,9222.0,0.40396339187412666,1.3977991346701284,0.0,39925.0,1.1290459917974973,0.0,0
2.005715933642274,0.206486518426656,913.0,9222.0,0.4039636386117514,1.397799134670129,0.0,39925.0,1.1290459917974973,0.0,0
2.005716177924818,0.206486518426656,914.0,9222.0,0.4039638828942956,1.3977991346701288,0.0,39925.0,1.1290459917974973,0.0,0
2.0057164197767103,0.206486518426656,915.0,9222.0,0.4039641247461879,1.3977991346701284,0.0,39925.0,1.1290459917974973,0.0,0
2.005716659222136,0.206486518426656,916.0,9222.0,0.40396436419161375,1.3977991346701282,0.0,39925.0,1.1290459917974973,0.0,0
2.00571689628504,0.206486518426656,917.0,9222.0,0.4039646012545177,1.3977991346701284,0.0,39925.0,1.1290459917974973,0.0,0
2.005717130989129,0.206486518426656,918.0,9222.0,0.4039648359586065,1.3977991346701288,0.0,39925.0,1.1290459917974973,0.0,0
2.005717363357873,0.206486518426656,919.0,9222.0,0.40396506832735046,1.3977991346701293,0.0,39925.0,1.1290459917974973,0.0,0
2.0057175934145097,0.206486518426656,920.0,9222.0,0.403965298383987,1.3977991346701293,0.0,39925.0,1.1290459917974973,0.0,0
2.005717821182044,0.206486518426656,921.0,9222.0,0.4039655261515214,1.3977991346701284,0.0,39925.0,1.1290459917974973,0.0,0
2.005718046683254,0.206486518426656,922.0,9222.0,0.40396575165273135,1.397799134670129,0.0,39925.0,1.1290459917974973,0.0,0
2.005718269940689,0.206486518426656,923.0,9222.0,0.4039659749101664,1.3977991346701286,0.0,39925.0,1.1290459917974973,0.0,0
2.0057184909766756,0.206486518426656,924.0,9222.0,0.40396619594615313,1.3977991346701286,0.0,39925.0,1.1290459917974973,0.0,0
2.0057187098133173,0.206486518426656,925.0,9222.0,0.40396641478279494,1.397799134670129,0.0,39925.0,1.1290459917974973,0.0,0
2.0057189264724986,0.206486518426656,926.0,9222.0,0.4039666314419759,1.3977991346701295,0.0,39925.0,1.1290459917974973,0.0,0
2.0057191409758843,0.206486518426656,927.0,9222.0,0.40396684594536186,1.3977991346701288,0.0,39925.0,1.1290459917974973,0.0,0
2.005719353344926,0.206486518426656,928.0,9222.0,0.40396705831440344,1.3977991346701284,0.0,39925.0,1.1290459917974973,0.0,0
2.0057195636008602,0.206486518426656,929.0,9222.0,0.40396726857033777,1.3977991346701286,0.0,39925.0,1.1290459917974973,0.0,0
2.005719771764713,0.206486518426656,930.0,9222.0,0.40396747673419053,1.3977991346701288,0.0,39925.0,1.1290459917974973,0.0,0
2.005719977857301,0.206486518426656,931.0,9222.0,0.40396768282677864,1.3977991346701284,0.0,39925.0,1.1290459917974973,0.0,0
2.005720181899233,0.206486518426656,932.0,9222.0,0.40396788686871093,1.3977991346701286,0.0,39925.0,1.1290459917974973,0.0,0
2.0057203839109143,0.206486518426656,933.0,9222.0,0.4039680888803922,1.3977991346701284,0.0,39925.0,1.1290459917974973,0.0,0
2.005720583912546,0.206486518426656,934.0,9222.0,0.4039682888820237,1.3977991346701284,0.0,39925.0,1.1290459917974973,0.0,0
2.005720781924128,0.206486518426656,935.0,9222.0,0.40396848689360565,1.3977991346701282,0.0,39925.0,1.1290459917974973,0.0,0
2.005720977965462,0.206486518426656,936.0,9222.0,0.4039686829349395,1.3977991346701288,0.0,39925.0,1.1290459917974973,0.0,0
2.005721172056152,0.206486518426656,937.0,9222.0,0.40396887702562945,1.3977991346701288,0.0,39925.0,1.1290459917974973,0.0,0
2.005721364215607,0.206486518426656,938.0,9222.0,0.40396906918508463,1.3977991346701282,0.0,39925.0,1.1290459917974973,0.0,0
2.0057215544630442,0.206486518426656,939.0,9222.0,0.4039692594325215,1.397799134670129,0.0,39925.0,1.1290459917974973,0.0,0
2.005721742817487,0.206486518426656,940.0,9222.0,0.4039694477869645,1.3977991346701282,0.0,39925.0,1.1290459917974973,0.0,0
2.005721929297772,0.206486518426656,941.0,9222.0,0.40396963426724963,1.3977991346701286,0.0,39925.0,1.1290459917974973,0.0,0
2.005722113922548,0.206486518426656,942.0,9222.0,0.40396981889202516,1.3977991346701293,0.0,39925.0,1.1290459917974973,0.0,0
2.0057222967102755,0.206486518426656,943.0,9222.0,0.40397000167975294,1.3977991346701286,0.0,39925.0,1.1290459917974973,0.0,0
2.0057224776792353,0.206486518426656,944.0,9222.0,0.4039701826487129,1.3977991346701284,0.0,39925.0,1.1290459917974973,0.0,0
2.0057226568475235,0.206486518426656,945.0,9222.0,0.4039703618170013,1.3977991346701282,0.0,39925.0,1.1290459917974973,0.0,0
2.005722834233058,0.206486518426656,946.0,9222.0,0.40397053920253573,1.3977991346701286,0.0,39925.0,1.1290459917974973,0.0,0
2.0057230098535768,0.206486518426656,947.0,9222.0,0.4039707148230545,1.3977991346701286,0.0,39925.0,1.1290459917974973,0.0,0
2.0057231837266425,0.206486518426656,948.0,9222.0,0.4039708886961198,1.3977991346701293,0.0,39925.0,1.1290459917974973,0.0,0
2.005723355869642,0.206486518426656,949.0,9222.0,0.4039710608391194,1.3977991346701284,0.0,39925.0,1.1290459917974973,0.0,0
2.0057235262997897,0.206486518426656,950.0,9222.0,0.4039712312692673,1.3977991346701286,0.0,39925.0,1.1290459917974973,0.0,0
2.0057236950341295,0.206486518426656,951.0,9222.0,0.4039714000036072,1.3977991346701282,0.0,39925.0,1.1290459917974973,0.0,0
2.0057238620895346,0.206486518426656,952.0,9222.0,0.40397156705901227,1.3977991346701288,0.0,39925.0,1.1290459917974973,0.0,0
2.0057240274827106,0.206486518426656,953.0,9222.0,0.40397173245218804,1.3977991346701284,0.0,39925.0,1.1290459917974973,0.0,0
2.005724191230197,0.206486518426656,954.0,9222.0,0.40397189619967433,1.3977991346701288,0.0,39925.0,1.1290459917974973,0.0,0
2.005724353348368,0.206486518426656,955.0,9222.0,0.4039720583178459,1.3977991346701286,0.0,39925.0,1.1290459917974973,0.0,0
2.005724513853437,0.206486518426656,956.0,9222.0,0.40397221882291473,1.3977991346701284,0.0,39925.0,1.1290459917974973,0.0,0
2.005724672761454,0.206486518426656,957.0,9222.0,0.4039723777309315,1.3977991346701286,0.0,39925.0,1.1290459917974973,0.0,0
2.0057248300883095,0.206486518426656,958.0,9222.0,0.40397253505778713,1.3977991346701286,0.0,39925.0,1.1290459917974973,0.0,0
2.005724985849737,0.206486518426656,959.0,9222.0,0.40397269081921433,1.3977991346701288,0.0,39925.0,1.1290459917974973,0.0,0
2.005725140061312,0.206486518426656,960.0,9222.0,0.4039728450307894,1.397799134670129,0.0,39925.0,1.1290459917974973,0.0,0
2.005725292738456,0.206486518426656,961.0,9222.0,0.40397299770793366,1.3977991346701288,0.0,39925.0,1.1290459917974973,0.0,0
2.0057254438964374,0.206486518426656,962.0,9222.0,0.4039731488659149,1.3977991346701288,0.0,39925.0,1.1290459917974973,0.0,0
2.0057255935503715,0.206486518426656,963.0,9222.0,0.4039732985198492,1.3977991346701286,0.0,39925.0,1.1290459917974973,0.0,0
2.0057257417152243,0.206486518426656,964.0,9222.0,0.4039734466847019,1.3977991346701286,0.0,39925.0,1.1290459917974973,0.0,0
2.005725888405812,0.206486518426656,965.0,9222.0,0.4039735933752897,1.3977991346701284,0.0,39925.0,1.1290459917974973,0.0,0
2.0057260336368046,0.206486518426656,966.0,9222.0,0.4039737386062819,1.3977991346701288,0.0,39925.0,1.1290459917974973,0.0,0
2.0057261774227237,0.206486518426656,967.0,9222.0,0.40397388239220144,1.397799134670129,0.0,39925.0,1.1290459917974973,0.0,0
2.0057263197779496,0.206486518426656,968.0,9222.0,0.403974024747427,1.3977991346701293,0.0,39925.0,1.1290459917974973,0.0,0
2.0057264607167173,0.206486518426656,969.0,9222.0,0.4039741656861947,1.397799134670129,0.0,39925.0,1.1290459917974973,0.0,0
2.0057266002531207,0.206486518426656,970.0,9222.0,0.4039743052225983,1.3977991346701286,0.0,39925.0,1.1290459917974973,0.0,0
2.0057267384011137,0.206486518426656,971.0,9222.0,0.4039744433705913,1.3977991346701284,0.0,39925.0,1.1290459917974973,0.0,0
2.005726875174511,0.206486518426656,972.0,9222.0,0.40397458014398874,1.3977991346701286,0.0,39925.0,1.1290459917974973,0.0,0
2.0057270105869907,0.206486518426656,973.0,9222.0,0.4039747155564683,1.397799134670129,0.0,39925.0,1.1290459917974973,0.0,0
2.0057271446520937,0.206486518426656,974.0,9222.0,0.40397484962157115,1.3977991346701288,0.0,39925.0,1.1290459917974973,0.0,0
2.005727277383226,0.206486518426656,975.0,9222.0,0.4039749823527037,1.3977991346701286,0.0,39925.0,1.1290459917974973,0.0,0
2.005727408793662,0.206486518426656,976.0,9222.0,0.4039751137631396,1.3977991346701286,0.0,39925.0,1.1290459917974973,0.0,0
2.0057275388965423,0.206486518426656,977.0,9222.0,0.40397524386601974,1.3977991346701286,0.0,39925.0,1.1290459917974973,0.0,0
2.0057276677048774,0.206486518426656,978.0,9222.0,0.40397537267435485,1.3977991346701293,0.0,39925.0,1.1290459917974973,0.0,0
2.005727795231548,0.206486518426656,979.0,9222.0,0.40397550020102546,1.3977991346701286,0.0,39925.0,1.1290459917974973,0.0,0
2.005727921489307,0.206486518426656,980.0,9222.0,0.4039756264587844,1.397799134670129,0.0,39925.0,1.1290459917974973,0.0,0
2.00572804649078,0.206486518426656,981.0,9222.0,0.4039757514602578,1.3977991346701284,0.0,39925.0,1.1290459917974973,0.0,0
2.005728170248468,0.206486518426656,982.0,9222.0,0.40397587521794553,1.397799134670129,0.0,39925.0,1.1290459917974973,0.0,0
2.005728292774746,0.206486518426656,983.0,9222.0,0.4039759977442239,1.3977991346701288,0.0,39925.0,1.1290459917974973,0.0,0
2.005728414081868,0.206486518426656,984.0,9222.0,0.4039761190513454,1.3977991346701288,0.0,39925.0,1.1290459917974973,0.0,0
2.005728534181963,0.206486518426656,985.0,9222.0,0.40397623915144065,1.3977991346701286,0.0,39925.0,1.1290459917974973,0.0,0
2.0057286530870426,0.206486518426656,986.0,9222.0,0.4039763580565203,1.3977991346701288,0.0,39925.0,1.1290459917974973,0.0,0
2.005728770808997,0.206486518426656,987.0,9222.0,0.40397647577847434,1.3977991346701288,0.0,39925.0,1.1290459917974973,0.0,0
2.005728887359598,0.206486518426656,988.0,9222.0,0.40397659232907573,1.3977991346701286,0.0,39925.0,1.1290459917974973,0.0,0
2.0057290027505013,0.206486518426656,989.0,9222.0,0.40397670771997896,1.3977991346701282,0.0,39925.0,1.1290459917974973,0.0,0
2.005729116993246,0.206486518426656,990.0,9222.0,0.4039768219627236,1.3977991346701284,0.0,39925.0,1.1290459917974973,0.0,0
2.005729230099256,0.206486518426656,991.0,9222.0,0.403976935068734,1.3977991346701282,0.0,39925.0,1.1290459917974973,0.0,0
2.005729342079843,0.206486518426656,992.0,9222.0,0.40397704704932075,1.3977991346701282,0.0,39925.0,1.1290459917974973,0.0,0
2.0057294529462046,0.206486518426656,993.0,9222.0,0.403977157915682,1.3977991346701284,0.0,39925.0,1.1290459917974973,0.0,0
2.005729562709427,0.206486518426656,994.0,9222.0,0.40397726767890463,1.3977991346701288,0.0,39925.0,1.1290459917974973,0.0,0
2.0057296713804873,0.206486518426656,995.0,9222.0,0.4039773763499649,1.3977991346701286,0.0,39925.0,1.1290459917974973,0.0,0
2.0057297789702524,0.206486518426656,996.0,9222.0,0.4039774839397301,1.3977991346701284,0.0,39925.0,1.1290459917974973,0.0,0
2.005729885489482,0.206486518426656,997.0,9222.0,0.40397759045895926,1.3977991346701286,0.0,39925.0,1.1290459917974973,0.0,0
2.0057299909488266,0.206486518426656,998.0,9222.0,0.4039776959183041,1.3977991346701282,0.0,39925.0,1.1290459917974973,0.0,0
2.0057300953588335,0.206486518426656,999.0,9222.0,0.4039778003283112,1.3977991346701286,0.0,39925.0,1.1290459917974973,0.0,0
2.005730198729944,0.206486518426656,1000.0,9222.0,0.40397790369942144,1.397799134670129,0.0,39925.0,1.1290459917974973,0.0,0
2.0057303010724943,0.206486518426656,1001.0,9222.0,0.40397800604197187,1.3977991346701288,0.0,39925.0,1.1290459917974973,0.0,0
2.0057304023967193,0.206486518426656,1002.0,9222.0,0.40397810736619677,1.397799134670129,0.0,39925.0,1.1290459917974973,0.0,0
2.005730502712751,0.206486518426656,1003.0,9222.0,0.40397820768222875,1.397799134670129,0.0,39925.0,1.1290459917974973,0.0,0
2.005730602030622,0.206486518426656,1004.0,9222.0,0.40397830700009985,1.3977991346701282,0.0,39925.0,1.1290459917974973,0.0,0
2.005730700360264,0.206486518426656,1005.0,9222.0,0.4039784053297413,1.3977991346701286,0.0,39925.0,1.1290459917974973,0.0,0
2.005730700360264,0.206486518426656,1005.0,9222.0,0.4039784053297413,1.3977991346701286,0.0,39925.0,1.1290459917974973,0.0,0
2.005730700360264,0.206486518426656,1005.0,9222.0,0.4039784053297413,1.3977991346701286,0.0,39925.0,1.1290459917974973,0.0,0
0.5196198764457739,0.12179538148161419,1005.0,15481.0,0.4057003103386169,2.0151476022262974e-16,0.0,39748.0,0.0,0.0,0
0.5196198764457739,0.12179538148161419,1005.0,15481.0,0.4057003103386169,2.0151476022262974e-16,0.0,39748.0,0.0,0.0,0
0.4101418504294832,0.08623715706657967,1006.0,17156.0,0.3323657620237752,-9.288491256347088e-18,0.0,39702.0,0.0,0.0,0
0.3794577970275455,0.07961098123308698,1007.0,17486.0,0.3083078844553302,-1.2992830031199795e-18,0.0,39702.0,0.0,0.0,0
0.36027486934513514,0.07561206265450379,1008.0,17717.0,0.2931238753515028,1.4777270836548618e-16,0.0,39702.0,0.0,0.0,0
0.3461368702168997,0.07290523848398801,1009.0,17878.0,0.2816927003937833,-7.028568160494783e-18,0.0,39702.0,0.0,0.0,0
0.3346022881568165,0.07097698490767196,1010.0,17995.0,0.2720863719100161,6.555850301912833e-17,0.0,39702.0,0.0,0.0,0
0.3253926430843062,0.07029925096932403,1011.0,18045.0,0.26355446077585387,3.9199644647321937e-17,0.0,39702.0,0.0,0.0,0
0.31762182570089426,0.07029925096932403,1012.0,18045.0,0.2557836433924418,1.4312846273731263e-16,0.0,39702.0,0.0,0.0,0
0.31046311501942714,0.07029925096932403,1013.0,18045.0,0.2486249327109747,7.322289052157545e-17,0.0,39702.0,0.0,0.0,0
0.30383117820820615,0.07029925096932403,1014.0,18045.0,0.24199299589975365,1.541309017850095e-16,0.0,39702.0,0.0,0.0,0
0.2976669934534429,0.07029925096932403,1015.0,18045.0,0.2358288111449905,7.59389448844805e-17,0.0,39702.0,0.0,0.0,0
0.2919238368762673,0.07029925096932403,1016.0,18045.0,0.2300856545678149,-5.033339421129155e-17,0.0,39702.0,0.0,0.0,0
0.28656187831587265,0.07029925096932403,1017.0,18045.0,0.22472369600742031,-5.182618744891876e-17,0.0,39702.0,0.0,0.0,0
0.28154596784068014,0.07029925096932403,1018.0,18045.0,0.21970778553222772,9.983400330622162e-17,0.0,39702.0,0.0,0.0,0
0.27684461751025763,0.07029925096932403,1019.0,18045.0,0.2150064352018052,5.510203927593403e-17,0.0,39702.0,0.0,0.0,0
0.272429442251941,0.07029925096932403,1020.0,18045.0,0.21059125994348862,-1.3255451063745324e-17,0.0,39702.0,0.0,0.0,0
0.2682747871960727,0.07029925096932403,1021.0,18045.0,0.2064366048876203,5.946984171195438e-17,0.0,39702.0,0.0,0.0,0
0.26435743949426843,0.07029925096932403,1022.0,18045.0,0.202519257185816,7.982297173423279e-17,0.0,39702.0,0.0,0.0,0
0.26065638559398796,0.07029925096932403,1023.0,18045.0,0.19881820328553557,3.4921686248751363e-17,0.0,39702.0,0.0,0.0,0
0.25715259824416,0.07029925096932403,1024.0,18045.0,0.19531441593570759,-1.3227806744530004e-17,0.0,39702.0,0.0,0.0,0
0.25382884620894436,0.07029925096932403,1025.0,18045.0,0.19199066390049183,1.569298891055605e-16,0.0,39702.0,0.0,0.0,0
0.2505605771436561,0.07019030512705783,1026.0,18060.0,0.18883134067746996,-4.199172088806913e-17,0.0,39702.0,0.0,0.0,0
0.24743674654809825,0.07007550536474695,1027.0,18076.0,0.18582230984422293,2.7354053863557868e-17,0.0,39702.0,0.0,0.0,0
0.24438808906670925,0.06989839248546248,1028.0,18101.0,0.18295076524211837,7.631905427369114e-17,0.0,39702.0,0.0,0.0,0
0.241537314698407,0.06979327885071077,1029.0,18116.0,0.1802051045085679,-1.8037918287995462e-17,0.0,39702.0,0.0,0.0,0
0.2388101618453078,0.06969641584694186,1030.0,18130.0,0.1775748146592375,8.878664223979987e-17,0.0,39702.0,0.0,0.0,0
0.23619688521520943,0.0696075853129555,1031.0,18143.0,0.17505036856312559,2.8625692547462527e-17,0.0,39702.0,0.0,0.0,0
0.23366124126280244,0.0694991786535673,1032.0,18159.0,0.17262313127010673,7.428028573156138e-17,0.0,39702.0,0.0,0.0,0
0.23117951264339615,0.06935530605230565,1033.0,18185.0,0.1702852752519621,3.44171774230718e-17,0.0,39702.0,0.0,0.0,0
0.22882907691692475,0.06926044186963301,1034.0,18203.0,0.16802970370816336,2.951031076235273e-17,0.0,39702.0,0.0,0.0,0
0.2265263133606088,0.06913740085270974,1035.0,18225.0,0.16584998116877064,5.70302305412025e-17,0.0,39702.0,0.0,0.0,0
0.22430146947237323,0.06902226743326761,1036.0,18246.0,0.16374027069997726,8.072141210873064e-18,0.0,39702.0,0.0,0.0,0
0.22211044251112427,0.06887623408803258,1037.0,18274.0,0.1616952770839633,5.0361038530506865e-17,0.0,39702.0,0.0,0.0,0
0.22003261995659487,0.06878349321293353,1038.0,18291.0,0.15971019540453302,5.26969835042013e-18,0.0,39702.0,0.0,0.0,0
0.21802135033673367,0.0687017544734887,1039.0,18306.0,0.15778066452411663,3.179096709761652e-19,0.0,39702.0,0.0,0.0,0
0.21606487981187317,0.06862322348606947,1040.0,18321.0,0.15590272498667526,8.976456003204178e-17,0.0,39702.0,0.0,0.0,0
0.21414471247774447,0.06853300021327599,1041.0,18338.0,0.15407278092534002,7.272529277569971e-17,0.0,39702.0,0.0,0.0,0
0.2122968276467012,0.06847033071387389,1042.0,18349.0,0.15228756559369896,3.966959807398236e-18,0.0,39702.0,0.0,0.0,0
0.21045263089010915,0.06836958937507266,1043.0,18368.0,0.15054411017590819,-8.984403744978582e-18,0.0,39702.0,0.0,0.0,0
0.20866748222958947,0.06828883532684168,1044.0,18383.0,0.14883971556361944,2.182173448059221e-17,0.0,39702.0,0.0,0.0,0
0.2068949109525338,0.06818405279599847,1045.0,18405.0,0.14717192681740696,6.0471948283509685e-19,0.0,39702.0,0.0,0.0,0
0.20516564619992833,0.06808820480355803,1046.0,18424.0,0.14553851005724194,1.4955576695487424e-17,0.0,39702.0,0.0,0.0,0
0.20313249995978544,0.06765613706978342,1047.0,18468.0,0.14393743155087363,-1.655894720997591e-17,0.0,39702.0,0.0,0.0,0
0.2012409343338601,0.06733516420376122,1048.0,18499.0,0.14236683879097053,3.3643136485042874e-17,0.0,39702.0,0.0,0.0,0
0.19923916521659069,0.06687519050568412,1049.0,18544.0,0.1408250433717782,-2.3165939502437083e-17,0.0,39702.0,0.0,0.0,0
0.19731138350532307,0.06646194667213369,1050.0,18584.0,0.13931050549406096,2.559863959338513e-17,0.0,39702.0,0.0,0.0,0
0.1955023559524558,0.06614160466994226,1051.0,18612.0,0.13782181994338516,7.248340498256567e-17,0.0,39702.0,0.0,0.0,0
0.1936784853887731,0.06578185064809337,1052.0,18641.0,0.13635770340155137,5.346411336242639e-17,0.0,39702.0,0.0,0.0,0
0.19197846766805146,0.06552255336460218,1053.0,18661.0,0.13491698296432092,-3.6504323523828364e-17,0.0,39702.0,0.0,0.0,0
0.19025171251090858,0.06521419542112636,1054.0,18685.0,0.13349858575065382,5.588299129376678e-17,0.0,39702.0,0.0,0.0,0
0.18868907470835775,0.06504861386963065,1055.0,18698.0,0.13210152949959875,2.23780764048005e-17,0.0,39702.0,0.0,0.0,0
0.1869968415074606,0.06473299610747203,1056.0,18723.0,0.1307249140608602,4.391300107353378e-17,0.0,39702.0,0.0,0.0,0
0.18548973687998396,0.06458289184684707,1057.0,18735.0,0.12936791369400852,6.407262086130494e-17,0.0,39702.0,0.0,0.0,0
0.18385387979449302,0.06428517835597299,1058.0,18759.0,0.1280297700993917,-2.2668341756561343e-18,0.0,39702.0,0.0,0.0,0
0.18226335784154224,0.06401464039128386,1059.0,18781.0,0.12670978611113,1.1278882239850036e-17,0.0,39702.0,0.0,0.0,0
0.1806315513466939,0.06368530001836686,1060.0,18808.0,0.12540731998919863,6.8661577851047855e-18,0.0,39702.0,0.0,0.0,0
0.17915240344622396,0.06349169185349705,1061.0,18824.0,0.12412178025359859,2.6538546446705966e-17,0.0,39702.0,0.0,0.0,0
0.17776334110028572,0.06337178875211728,1062.0,18834.0,0.12285262100904007,3.178405601781269e-17,0.0,39702.0,0.0,0.0,0
0.17631975860189344,0.06318148954929347,1063.0,18850.0,0.12159933771347163,2.4375378468107274e-17,0.0,39702.0,0.0,0.0,0
0.17490494823889666,0.06300455355154193,1064.0,18865.0,0.12036146334822631,1.0485490278370388e-16,0.0,39702.0,0.0,0.0,0
0.1734713489174102,0.0627938526267032,1065.0,18883.0,0.11913856495157854,7.184758564061333e-17,0.0,39702.0,0.0,0.0,0
0.1720657499048463,0.06259657808458041,1066.0,18900.0,0.11793024048113752,-1.074672909495515e-17,0.0,39702.0,0.0,0.0,0
0.1706988789301101,0.062423831617186454,1067.0,18915.0,0.1167361159737953,1.6489836411937613e-17,0.0,39702.0,0.0,0.0,0
0.1693127752669455,0.06221800095289376,1068.0,18933.0,0.11555584297492337,-1.7754564016038444e-17,0.0,39702.0,0.0,0.0,0
0.16796485153175633,0.06203682398142171,1069.0,18949.0,0.11438909621120621,7.721058356838517e-17,0.0,39702.0,0.0,0.0,0
0.16651914144395855,0.06174463862089495,1070.0,18975.0,0.11323557148393518,3.605510333657943e-17,0.0,39702.0,0.0,0.0,0
0.16517815939558772,0.06154424429466428,1071.0,18993.0,0.11209498376179505,5.69127421845374e-17,0.0,39702.0,0.0,0.0,0
0.16387357769417352,0.06136758090087818,1072.0,19009.0,0.11096706545416697,-1.5370241483717204e-17,0.0,39702.0,0.0,0.0,0
0.16265922856158538,0.06126873237467612,1073.0,19018.0,0.10985156484778084,5.685054246630293e-17,0.0,39702.0,0.0,0.0,0
0.16132717519160616,0.06103999916129759,1074.0,19039.0,0.10874824469118022,-1.5546474018714862e-17,0.0,39702.0,0.0,0.0,0
0.16007396679463523,0.06087815454256197,1075.0,19054.0,0.10765688091294487,3.9192733567518103e-17,0.0,39702.0,0.0,0.0,0
0.15881232313972124,0.06069613033964271,1076.0,19071.0,0.10657726146095017,1.6531302890760592e-17,0.0,39702.0,0.0,0.0,0
0.15751039511992013,0.06046227852963618,1077.0,19093.0,0.10550918525115555,6.300140349171135e-17,0.0,39702.0,0.0,0.0,0
0.15629534706009646,0.06030395450546035,1078.0,19108.0,0.10445246121550775,1.6379259135076338e-18,0.0,39702.0,0.0,0.0,0
0.1551347330858917,0.06018889430722729,1079.0,19119.0,0.103406907439536,6.589023484971215e-17,0.0,39702.0,0.0,0.0,0
0.15394441582305574,0.06003313410281447,1080.0,19134.0,0.1023723503811129,1.1641713929551094e-17,0.0,39702.0,0.0,0.0,0
0.1528073321233627,0.059919776621568006,1081.0,19145.0,0.1013486241626663,4.947642031561667e-17,0.0,39702.0,0.0,0.0,0
0.15167133469694066,0.05979683342795121,1082.0,19157.0,0.10033556992986108,5.899297720549014e-17,0.0,39702.0,0.0,0.0,0
0.15052660039848578,0.05965463378892354,1083.0,19171.0,0.09933303527043387,7.429410789116904e-18,0.0,39702.0,0.0,0.0,0
0.1494034804862838,0.05952367545968921,1084.0,19184.0,0.09834087368746622,2.0899105326780948e-17,0.0,39702.0,0.0,0.0,0
0.14835153050754635,0.05945365504649541,1085.0,19191.0,0.09735894412192256,6.120452274271563e-17,0.0,39702.0,0.0,0.0,0
0.14729031619261132,0.059364274333707785,1086.0,19200.0,0.09638711051977518,-1.6061349464100172e-17,0.0,39702.0,0.0,0.0,0
0.1461608309965993,0.0591966582179902,1087.0,19217.0,0.0954252414394807,4.320807093354315e-17,0.0,39702.0,0.0,0.0,0
0.14509126839576958,0.05907912736066505,1088.0,19229.0,0.09447320969597611,2.858422606863955e-17,0.0,39702.0,0.0,0.0,0
0.14407125358380404,0.05900143020694696,1089.0,19237.0,0.09353089203772869,3.140394662860206e-17,0.0,39702.0,0.0,0.0,0
0.14304217205136974,0.058905071858540554,1090.0,19247.0,0.09259816885370083,1.5605218197047413e-17,0.0,39702.0,0.0,0.0,0
0.14207093731399864,0.05885708206747753,1091.0,19252.0,0.09167492390739272,3.484566437090924e-17,0.0,39702.0,0.0,0.0,0
0.14115705750199897,0.05885708206747753,1092.0,19252.0,0.0907610440953931,-1.6282504017822723e-17,0.0,39702.0,0.0,0.0,0
0.14025243263471995,0.05885708206747753,1093.0,19252.0,0.08985641922811408,3.320082737759777e-17,0.0,39702.0,0.0,0.0,0
0.1393569552372127,0.05885708206747753,1094.0,19252.0,0.08896094183060677,5.60488572090587e-17,0.0,39702.0,0.0,0.0,0
0.1384705203681611,0.05885708206747753,1095.0,19252.0,0.08807450696155518,5.094848031383239e-17,0.0,39702.0,0.0,0.0,0
0.13759302545533092,0.05885708206747753,1096.0,19252.0,0.08719701204872501,2.9289156208630176e-17,0.0,39702.0,0.0,0.0,0
0.1367243701459163,0.05885708206747753,1097.0,19252.0,0.08632835673931033,5.1086701909908985e-17,0.0,39702.0,0.0,0.0,0
0.13586445617037327,0.05885708206747753,1098.0,19252.0,0.08546844276376736,4.50602403209695e-18,0.0,39702.0,0.0,0.0,0
0.1350131872184652,0.05885708206747753,1099.0,19252.0,0.08461717381185935,-2.941355564509911e-17,0.0,39702.0,0.0,0.0,0
0.13417046882636413,0.05885708206747753,1100.0,19252.0,0.08377445541975827,-6.606992292461172e-18,0.0,39702.0,0.0,0.0,0
0.13333620827376425,0.05885708206747753,1101.0,19252.0,0.08294019486715835,2.5018108889863435e-18,0.0,39702.0,0.0,0.0,0
0.1325103144900619,0.05885708206747753,1102.0,19252.0,0.08211430108345599,4.5060240320969505e-17,0.0,39702.0,0.0,0.0,0
0.13169269796874591,0.05885708206747753,1103.0,19252.0,0.08129668456214006,-1.3794515288444038e-17,0.0,39702.0,0.0,0.0,0
0.1308832706892253,0.05885708206747753,1104.0,19252.0,0.08048725728261939,2.689792259650511e-17,0.0,39702.0,0.0,0.0,0
0.13008194604539178,0.05885708206747753,1105.0,19252.0,0.07968593263878584,4.7962893838577965e-17,0.0,39702.0,0.0,0.0,0
0.1292886387802851,0.05885708206747753,1106.0,19252.0,0.07889262537367915,5.5095128196130195e-17,0.0,39702.0,0.0,0.0,0
0.12850326492628633,0.05885708206747753,1107.0,19252.0,0.07810725151968043,2.537748503966258e-17,0.0,39702.0,0.0,0.0,0
0.1277257417503201,0.05885708206747753,1108.0,19252.0,0.07732972834371415,6.269731598034284e-17,0.0,39702.0,0.0,0.0,0
0.12695598770359554,0.05885708206747753,1109.0,19252.0,0.07655997429698966,1.6144282421746127e-17,0.0,39702.0,0.0,0.0,0
0.12619392237546206,0.05885708206747753,1110.0,19252.0,0.07579790896885612,6.671956442617171e-17,0.0,39702.0,0.0,0.0,0
0.1254394664509928,0.05885708206747753,1111.0,19252.0,0.0750434530443869,2.0470618378943508e-17,0.0,39702.0,0.0,0.0,0
0.12469254167195028,0.05885708206747753,1112.0,19252.0,0.07429652826534437,3.180478925722418e-17,0.0,39702.0,0.0,0.0,0
0.12395307080081637,0.05885708206747753,1113.0,19252.0,0.0735570573942105,-4.3125137975897195e-18,0.0,39702.0,0.0,0.0,0
0.12322097758760348,0.05885708206747753,1114.0,19252.0,0.07282496418099756,2.338709405615963e-17,0.0,39702.0,0.0,0.0,0
0.12249618673918712,0.05885708206747753,1115.0,19252.0,0.07210017333258123,3.795565028263259e-17,0.0,39702.0,0.0,0.0,0
0.12177862389092742,0.05885708206747753,1116.0,19252.0,0.07138261048432153,9.799911161830484e-18,0.0,39702.0,0.0,0.0,0
0.1210682155803675,0.05885708206747753,1117.0,19252.0,0.07067220217376158,2.7754896492179987e-17,0.0,39702.0,0.0,0.0,0
0.12036488922281686,0.05885708206747753,1118.0,19252.0,0.06996887581621093,3.9586665116336395e-17,0.0,39702.0,0.0,0.0,0
0.11966857308864758,0.05885708206747753,1119.0,19252.0,0.0692725596820417,-9.537290129284956e-18,0.0,39702.0,0.0,0.0,0
0.11897919628214562,0.05885708206747753,1120.0,19252.0,0.06858318287553973,1.5950772187238898e-17,0.0,39702.0,0.0,0.0,0
0.1182966887217752,0.05885708206747753,1121.0,19252.0,0.06790067531516933,-7.795698018719878e-18,0.0,39702.0,0.0,0.0,0
0.11762098112172854,0.05885708206747753,1122.0,19252.0,0.06722496771512267,-7.035479240298612e-18,0.0,39702.0,0.0,0.0,0
0.11695200497464361,0.05885708206747753,1123.0,19252.0,0.0665559915680377,3.5412372914823274e-17,0.0,39702.0,0.0,0.0,0
0.11628969253538503,0.05885708206747753,1124.0,19252.0,0.06589367912877912,5.335353608556512e-18,0.0,39702.0,0.0,0.0,0
0.11563397680579317,0.05885708206747753,1125.0,19252.0,0.06523796339918722,3.997368558535086e-17,0.0,39702.0,0.0,0.0,0
0.11498479152031377,0.05885708206747753,1126.0,19252.0,0.06458877811370789,1.9212801854646505e-18,0.0,39702.0,0.0,0.0,0
0.1143420711324318,0.05885708206747753,1127.0,19252.0,0.06394605772582591,2.1023504763249883e-17,0.0,39702.0,0.0,0.0,0
0.11370575080183645,0.05885708206747753,1128.0,19252.0,0.06330973739523053,4.005661854299682e-17,0.0,39702.0,0.0,0.0,0
0.11307576638225529,0.05885708206747753,1129.0,19252.0,0.06267975297564939,3.9033778732030026e-17,0.0,39702.0,0.0,0.0,0
0.11245205440989822,0.05885708206747753,1130.0,19252.0,0.06205604100329232,4.000132990456618e-17,0.0,39702.0,0.0,0.0,0
0.11183455209245882,0.05885708206747753,1131.0,19252.0,0.06143853868585289,4.553019374762992e-17,0.0,39702.0,0.0,0.0,0
0.11122319729862566,0.05885708206747753,1132.0,19252.0,0.06082718389201979,8.293295764595614e-19,0.0,39702.0,0.0,0.0,0
0.11061792854806052,0.05885708206747753,1133.0,19252.0,0.0602219151414546,1.9820976877383516e-17,0.0,39702.0,0.0,0.0,0
0.11001868500180358,0.05885708206747753,1134.0,19252.0,0.05962267159519765,4.6732721633496286e-17,0.0,39702.0,0.0,0.0,0
0.10942540645307126,0.05885708206747753,1135.0,19252.0,0.05902939304646536,2.405055771732728e-17,0.0,39702.0,0.0,0.0,0
0.10883803331841402,0.05885708206747753,1136.0,19252.0,0.05844201991180811,2.2944784948714533e-17,0.0,39702.0,0.0,0.0,0
0.10825650662920445,0.05885708206747753,1137.0,19252.0,0.05786049322259859,-1.3573360734721488e-17,0.0,39702.0,0.0,0.0,0
0.10768076802343063,0.05885708206747753,1138.0,19252.0,0.057284754616824744,1.2135856135524915e-17,0.0,39702.0,0.0,0.0,0
0.10711075973776907,0.05885708206747753,1139.0,19252.0,0.05671474633116318,7.878630976365833e-18,0.0,39702.0,0.0,0.0,0
0.10654642459991734,0.05885708206747753,1140.0,19252.0,0.05615041119331146,-1.1278882239850036e-17,0.0,39702.0,0.0,0.0,0
0.10598770602116518,0.05885708206747753,1141.0,19252.0,0.05559169261455929,-6.606992292461172e-18,0.0,39702.0,0.0,0.0,0
0.1054345479891871,0.05885708206747753,1142.0,19252.0,0.055038534582581185,1.1223593601419397e-17,0.0,39702.0,0.0,0.0,0
0.10488689506103972,0.05885708206747753,1143.0,19252.0,0.054490881654433845,-3.3449626250535642e-18,0.0,39702.0,0.0,0.0,0
0.10434469235635,0.05885708206747753,1144.0,19252.0,0.053948678949744096,1.1030083366912166e-17,0.0,39702.0,0.0,0.0,0
0.10380788555067944,0.05885708206747753,1145.0,19252.0,0.05341187214407356,-1.8521693874263536e-18,0.0,39702.0,0.0,0.0,0
0.10327642086905406,0.05885708206747753,1146.0,19252.0,0.05288040746244814,4.984270754521964e-17,0.0,39702.0,0.0,0.0,0
0.10275024507964715,0.05885708206747753,1147.0,19252.0,0.052354231673041235,2.74784533000268e-17,0.0,39702.0,0.0,0.0,0
0.10222930548760661,0.05885708206747753,1148.0,19252.0,0.051833292081000716,2.751991977884978e-17,0.0,39702.0,0.0,0.0,0
0.10171354992901613,0.05885708206747753,1149.0,19252.0,0.0513175365224102,3.386429103876542e-17,0.0,39702.0,0.0,0.0,0
0.10120292676498309,0.05885708206747753,1150.0,19252.0,0.05080691335837715,4.388535675431846e-17,0.0,39702.0,0.0,0.0,0
0.10069738487584494,0.05885708206747753,1151.0,19252.0,0.05030137146923903,2.992497555058251e-17,0.0,39702.0,0.0,0.0,0
0.10019687365548767,0.05885708206747753,1152.0,19252.0,0.04980086024888174,5.1833098528722586e-17,0.0,39702.0,0.0,0.0,0
0.09970134300576942,0.05885708206747753,1153.0,19252.0,0.04930532959916351,2.255776447970007e-17,0.0,39702.0,0.0,0.0,0
0.09921074333104453,0.05885708206747753,1154.0,19252.0,0.04881472992443864,-7.795698018719878e-18,0.0,39702.0,0.0,0.0,0
0.09872502553278174,0.05885708206747753,1155.0,19252.0,0.04832901212617583,3.303496146230586e-17,0.0,39702.0,0.0,0.0,0
0.09824414100427224,0.05885708206747753,1156.0,19252.0,0.04784812759766634,1.4955576695487424e-17,0.0,39702.0,0.0,0.0,0
0.09776804162542385,0.05885708206747753,1157.0,19252.0,0.047372028218817946,1.161061407043386e-17,0.0,39702.0,0.0,0.0,0
0.09729667975763599,0.05885708206747753,1158.0,19252.0,0.046900666351030094,1.6503658571545273e-17,0.0,39702.0,0.0,0.0,0
0.09683000823875298,0.05885708206747753,1159.0,19252.0,0.04643399483214711,-4.2848694783744005e-19,0.0,39702.0,0.0,0.0,0
0.09636798037809191,0.05885708206747753,1160.0,19252.0,0.04597196697148601,4.837755862680775e-18,0.0,39702.0,0.0,0.0,0
0.09591054995154173,0.05885708206747753,1161.0,19252.0,0.04551453654493584,-5.528863843063742e-20,0.0,39702.0,0.0,0.0,0
0.09545767119673142,0.05885708206747753,1162.0,19252.0,0.045061657790125505,2.345620485419793e-17,0.0,39702.0,0.0,0.0,0
0.09500929880826388,0.05885708206747753,1163.0,19252.0,0.04461328540165795,3.040875113685059e-17,0.0,39702.0,0.0,0.0,0
0.09456538793301396,0.05885708206747753,1164.0,19252.0,0.044169374526408074,3.0408751136850585e-18,0.0,39702.0,0.0,0.0,0
0.09412589416548782,0.05885708206747753,1165.0,19252.0,0.043729880758881914,1.1361815197495991e-17,0.0,39702.0,0.0,0.0,0
0.09369077354324169,0.05885708206747753,1166.0,19252.0,0.04329476013663581,-1.097479472848153e-17,0.0,39702.0,0.0,0.0,0
0.09325998254235873,0.05885708206747753,1167.0,19252.0,0.04286396913575286,-1.5162909089602314e-17,0.0,39702.0,0.0,0.0,0
0.09283347807298144,0.05885708206747753,1168.0,19252.0,0.042437464666375525,1.2716386839046608e-17,0.0,39702.0,0.0,0.0,0
0.09241121747489846,0.05885708206747753,1169.0,19252.0,0.04201520406829254,2.3083006544791125e-17,0.0,39702.0,0.0,0.0,0
0.09199315851318457,0.05885708206747753,1170.0,19252.0,0.04159714510657867,8.569738956748801e-19,0.0,39702.0,0.0,0.0,0
0.09157925937389193,0.05885708206747753,1171.0,19252.0,0.041183245967286015,2.7091432831012338e-17,0.0,39702.0,0.0,0.0,0
0.09116947865979132,0.05885708206747753,1172.0,19252.0,0.04077346525318543,1.1665902708864497e-17,0.0,39702.0,0.0,0.0,0
0.09076377538616294,0.05885708206747753,1173.0,19252.0,0.040367761979557014,4.1176213471217224e-17,0.0,39702.0,0.0,0.0,0
0.09036210897663442,0.05885708206747753,1174.0,19252.0,0.039966095570028545,-6.828146846183722e-18,0.0,39702.0,0.0,0.0,0
0.08996443925906654,0.05885708206747753,1175.0,19252.0,0.03956842585246061,3.333904897367437e-17,0.0,39702.0,0.0,0.0,0
0.08957072646148369,0.05885708206747753,1176.0,19252.0,0.03917471305487779,1.7332988148004833e-17,0.0,39702.0,0.0,0.0,0
0.08918093120805036,0.05885708206747753,1177.0,19252.0,0.038784917801444475,-2.128612579579541e-18,0.0,39702.0,0.0,0.0,0
0.08878414667799446,0.058846214230380944,1178.0,19255.0,0.038399001108485126,2.7865473769041264e-17,0.0,39702.0,0.0,0.0,0
0.08837320457855713,0.05881734885888126,1179.0,19263.0,0.038016924380547525,-1.9641288802483945e-17,0.0,39702.0,0.0,0.0,0
0.08798416610081537,0.05880658535517849,1180.0,19266.0,0.037638649406508504,8.777071350863692e-18,0.0,39702.0,0.0,0.0,0
0.08759534664421514,0.05879227694936525,1181.0,19270.0,0.037264138355721524,-8.320940083810933e-18,0.0,39702.0,0.0,0.0,0
0.08721032359552468,0.058778038482191125,1182.0,19274.0,0.036893353774205204,-4.1604700419054664e-18,0.0,39702.0,0.0,0.0,0
0.08683259101820899,0.05876740109820844,1183.0,19277.0,0.03652625858087219,2.100968260364222e-18,0.0,39702.0,0.0,0.0,0
0.08645151605114731,0.058749768648221165,1184.0,19282.0,0.0361628160637978,-3.953137647790576e-18,0.0,39702.0,0.0,0.0,0
0.08607763711184041,0.058735715896184204,1185.0,19286.0,0.03580298987652785,5.943528631293523e-19,0.0,39702.0,0.0,0.0,0
0.0857143895488129,0.058728714175259635,1186.0,19288.0,0.0354467440344249,4.975977458757369e-18,0.0,39702.0,0.0,0.0,0
0.08533727967618641,0.05870430542600548,1187.0,19295.0,0.035094042911052586,-9.67551172536155e-18,0.0,39702.0,0.0,0.0,0
0.08496728667945871,0.058683504105732955,1188.0,19301.0,0.03474485123459736,2.9385911325883795e-17,0.0,39702.0,0.0,0.0,0
0.08461466793432448,0.05867660251086883,1189.0,19303.0,0.034399134084327265,3.61864138528522e-17,0.0,39702.0,0.0,0.0,0
0.08426550781015854,0.05866971958394322,1190.0,19305.0,0.034056856887086935,1.80240961283878e-17,0.0,39702.0,0.0,0.0,0
0.08391635414717907,0.058659437394221754,1191.0,19308.0,0.03371798541382893,2.0097420069536704e-17,0.0,39702.0,0.0,0.0,0
0.08357061621616364,0.05864919910085509,1192.0,19311.0,0.033382485776180186,4.423091074450994e-19,0.0,39702.0,0.0,0.0,0
0.08323505710511123,0.05864580134293905,1193.0,19312.0,0.033050324423043786,1.912986889700055e-17,0.0,39702.0,0.0,0.0,0
0.08290620081930274,0.05864580134293905,1194.0,19312.0,0.0327214681372353,1.2771675477477246e-17,0.0,39702.0,0.0,0.0,0
0.08256038198422096,0.05862556661293932,1195.0,19318.0,0.03239588403215325,2.3939980440466006e-17,0.0,39702.0,0.0,0.0,0
0.0822212578998045,0.05860878701219262,1196.0,19323.0,0.03207353954848349,1.930955697190012e-17,0.0,39702.0,0.0,0.0,0
0.08189878275867503,0.05860544896860979,1197.0,19324.0,0.031754402450936886,9.412890692816023e-18,0.0,39702.0,0.0,0.0,0
0.08157949811119965,0.05860212594705127,1198.0,19325.0,0.03143844082502,2.687027827728979e-17,0.0,39702.0,0.0,0.0,0
0.0812633655307347,0.058598811117767845,1199.0,19326.0,0.031125623073838482,1.0864217451620254e-17,0.0,39702.0,0.0,0.0,0
0.08095366037182893,0.058598811117767845,1200.0,19326.0,0.03081591791493272,8.085963370480724e-18,0.0,39702.0,0.0,0.0,0
0.08064374153074481,0.0585955158144713,1201.0,19327.0,0.030509294377145176,9.150269660270494e-18,0.0,39702.0,0.0,0.0,0
0.08032049777864096,0.0585758446419931,1202.0,19333.0,0.030205721797519496,1.8576982512694176e-17,0.0,39702.0,0.0,0.0,0
0.08001341134091358,0.05856931018355441,1203.0,19335.0,0.0299051698182308,2.841836015334764e-17,0.0,39702.0,0.0,0.0,0
0.07971259434907008,0.05856605462639523,1204.0,19336.0,0.02960760838354651,-3.4555399019148392e-18,0.0,39702.0,0.0,0.0,0
0.0794050384901718,0.05855309941422531,1205.0,19340.0,0.029313007736818133,4.2848694783744e-18,0.0,39702.0,0.0,0.0,0
0.07909401350728183,0.0585337437506506,1206.0,19346.0,0.029021338417502856,1.2108211816309597e-17,0.0,39702.0,0.0,0.0,0
0.07879238350146718,0.05852088090412355,1207.0,19350.0,0.028732571258215232,3.373989160229649e-17,0.0,39702.0,0.0,0.0,0
0.07849688639082278,0.058511277669886154,1208.0,19353.0,0.028446677381808217,3.7250720142641966e-17,0.0,39702.0,0.0,0.0,0
0.07820745358291606,0.058504894045304096,1209.0,19355.0,0.028163628198483608,3.1238080713310146e-18,0.0,39702.0,0.0,0.0,0
0.07791449620213522,0.05849216946007562,1210.0,19359.0,0.027883395402931242,7.533076986174349e-18,0.0,39702.0,0.0,0.0,0
0.07763705177070096,0.05849216946007562,1211.0,19359.0,0.027605950971496974,1.076746233436664e-17,0.0,39702.0,0.0,0.0,0
0.07735289058785606,0.05848269208934894,1212.0,19362.0,0.02733126715937876,-4.754822905034819e-18,0.0,39702.0,0.0,0.0,0
0.0770809399263283,0.05848269208934894,1213.0,19362.0,0.027059316497851,7.629832103427965e-18,0.0,39702.0,0.0,0.0,0
0.07680855801588499,0.05847955488524026,1214.0,19363.0,0.02679007179151637,4.6718899473888625e-18,0.0,39702.0,0.0,0.0,0
0.07653575049532133,0.058473313040607676,1215.0,19365.0,0.026523506115585294,3.1238080713310146e-18,0.0,39702.0,0.0,0.0,0
0.07626872865695682,0.058470204504645976,1216.0,19366.0,0.02625959281318245,3.137630230938674e-17,0.0,39702.0,0.0,0.0,0
0.07600434113317005,0.05846710430136142,1217.0,19367.0,0.02599830549268027,9.454357171639e-18,0.0,39702.0,0.0,0.0,0
0.07573329754793955,0.05845474818375232,1218.0,19371.0,0.025739618025058857,1.4941754535879764e-17,0.0,39702.0,0.0,0.0,0
0.07546795291755656,0.05844551703713567,1219.0,19374.0,0.02548350454129252,2.3055362225575806e-17,0.0,39702.0,0.0,0.0,0
0.07520824686198392,0.058439376093093506,1220.0,19376.0,0.025229939429762056,-6.634636611676492e-19,0.0,39702.0,0.0,0.0,0
0.07494802722091289,0.05843019854809141,1221.0,19379.0,0.02497889733369312,-8.265651445380296e-18,0.0,39702.0,0.0,0.0,0
0.07469644008879786,0.05842715560104955,1222.0,19380.0,0.024730353148619946,1.2343188529639805e-17,0.0,39702.0,0.0,0.0,0
0.07444429505677373,0.058421081697771,1223.0,19382.0,0.02448428201987439,-1.0587774259467068e-17,0.0,39702.0,0.0,0.0,0
0.07420067237699943,0.058421081697771,1224.0,19382.0,0.024240659340100067,1.5840194910377624e-17,0.0,39702.0,0.0,0.0,0
0.07395947378369057,0.058421081697771,1225.0,19382.0,0.023999460746791188,2.324887246008304e-17,0.0,39702.0,0.0,0.0,0
0.07372067515675533,0.058421081697771,1226.0,19382.0,0.02376066211985596,1.852169387426354e-17,0.0,39702.0,0.0,0.0,0
0.07348425261610356,0.058421081697771,1227.0,19382.0,0.023524239579204173,2.2253676968331565e-17,0.0,39702.0,0.0,0.0,0
0.07325018251925837,0.058421081697771,1228.0,19382.0,0.023290169482359006,1.3034296510022773e-17,0.0,39702.0,0.0,0.0,0
0.0730184414589917,0.058421081697771,1229.0,19382.0,0.023058428422092353,-1.4969398855095082e-17,0.0,39702.0,0.0,0.0,0
0.07278900626098335,0.058421081697771,1230.0,19382.0,0.02282899322408398,8.127429849303702e-18,0.0,39702.0,0.0,0.0,0
0.07256185398150318,0.058421081697771,1231.0,19382.0,0.022601840944603817,2.4879887293786843e-18,0.0,39702.0,0.0,0.0,0
0.0723369619051167,0.058421081697771,1232.0,19382.0,0.022376948868217325,1.8549338193478858e-17,0.0,39702.0,0.0,0.0,0
0.07211430754241317,0.058421081697771,1233.0,19382.0,0.022154294505513806,1.4098602799812544e-18,0.0,39702.0,0.0,0.0,0
0.07189386862775671,0.058421081697771,1234.0,19382.0,0.021933855590857324,2.3359449736944313e-17,0.0,39702.0,0.0,0.0,0
0.0716756231170593,0.058421081697771,1235.0,19382.0,0.021715610080159913,2.8888313580008057e-17,0.0,39702.0,0.0,0.0,0
0.0714595491855764,0.058421081697771,1236.0,19382.0,0.02149953614867703,1.8037918287995462e-17,0.0,39702.0,0.0,0.0,0
0.07124562522572436,0.058421081697771,1237.0,19382.0,0.02128561218882499,7.173700836375206e-18,0.0,39702.0,0.0,0.0,0
0.07103382984491943,0.058421081697771,1238.0,19382.0,0.021073816808020073,2.6262103254552778e-18,0.0,39702.0,0.0,0.0,0
0.07082414186343847,0.058421081697771,1239.0,19382.0,0.020864128826539104,6.88343548461436e-18,0.0,39702.0,0.0,0.0,0
0.07061654031230082,0.058421081697771,1240.0,19382.0,0.020656527275401435,1.2550520923754695e-17,0.0,39702.0,0.0,0.0,0
0.0704110044311713,0.058421081697771,1241.0,19382.0,0.020450991394271936,1.419535791706616e-17,0.0,39702.0,0.0,0.0,0
0.07020751366628422,0.058421081697771,1242.0,19382.0,0.02024750062938485,1.2522876604539377e-17,0.0,39702.0,0.0,0.0,0
0.07000604766838771,0.058421081697771,1243.0,19382.0,0.020046034631488366,-3.1514523905463335e-18,0.0,39702.0,0.0,0.0,0
0.06980658629070895,0.058421081697771,1244.0,19382.0,0.019846573253809577,1.4679133503334237e-17,0.0,39702.0,0.0,0.0,0
0.0696091095869392,0.058421081697771,1245.0,19382.0,0.01964909655003982,2.493517593221748e-17,0.0,39702.0,0.0,0.0,0
0.06941359780923925,0.058421081697771,1246.0,19382.0,0.01945358477233987,2.3276516779298357e-17,0.0,39702.0,0.0,0.0,0
0.06922003140626456,0.058421081697771,1247.0,19382.0,0.0192600183693652,1.7526498382512066e-17,0.0,39702.0,0.0,0.0,0
0.06902839102121007,0.058421081697771,1248.0,19382.0,0.019068377984310686,2.594419358357661e-17,0.0,39702.0,0.0,0.0,0
0.06883865748987436,0.058421081697771,1249.0,19382.0,0.018878644452974998,4.588956989742906e-18,0.0,39702.0,0.0,0.0,0
0.06865081183874336,0.058421081697771,1250.0,19382.0,0.01869079880184401,-1.2591987402577675e-17,0.0,39702.0,0.0,0.0,0
0.06846483528309286,0.058421081697771,1251.0,19382.0,0.01850482224619349,3.262029667407608e-18,0.0,39702.0,0.0,0.0,0
0.06828070922510993,0.058421081697771,1252.0,19382.0,0.01832069618821057,-2.4879887293786843e-18,0.0,39702.0,0.0,0.0,0
0.06809841525203325,0.058421081697771,1253.0,19382.0,0.018138402215133884,1.5342597164501886e-17,0.0,39702.0,0.0,0.0,0
0.06791793513431167,0.058421081697771,1254.0,19382.0,0.017957922097412298,1.3213984584922345e-17,0.0,39702.0,0.0,0.0,0
0.06773925082378128,0.058421081697771,1255.0,19382.0,0.017779237786881907,2.0733239411489034e-17,0.0,39702.0,0.0,0.0,0
0.06756234445186055,0.058421081697771,1256.0,19382.0,0.017602331414961186,-3.4693620615224984e-18,0.0,39702.0,0.0,0.0,0
0.06738719832776349,0.058421081697771,1257.0,19382.0,0.017427185290864112,3.226092052427694e-17,0.0,39702.0,0.0,0.0,0
0.06721379493673038,0.058421081697771,1258.0,19382.0,0.01725378189983103,2.833542719570168e-18,0.0,39702.0,0.0,0.0,0
0.06704211693827652,0.058421081697771,1259.0,19382.0,0.01708210390137717,3.690516615245048e-18,0.0,39702.0,0.0,0.0,0
0.06687214716445793,0.058421081697771,1260.0,19382.0,0.016912134127558553,3.980781967005895e-18,0.0,39702.0,0.0,0.0,0
0.06670386861815462,0.058421081697771,1261.0,19382.0,0.016743855581255244,2.208781105303965e-17,0.0,39702.0,0.0,0.0,0
0.06653726447137086,0.058421081697771,1262.0,19382.0,0.016577251434471495,5.114199054833962e-19,0.0,39702.0,0.0,0.0,0
0.06637231806355237,0.058421081697771,1263.0,19382.0,0.016412305026653015,2.833542719570168e-18,0.0,39702.0,0.0,0.0,0
0.06620901289992022,0.058421081697771,1264.0,19382.0,0.016248999863020867,-1.7968807489957163e-18,0.0,39702.0,0.0,0.0,0
0.06604733264982134,0.058421081697771,1265.0,19382.0,0.016087319612921952,2.999408634862081e-17,0.0,39702.0,0.0,0.0,0
0.06588726114509533,0.058421081697771,1266.0,19382.0,0.01592724810819596,1.3296917542568301e-17,0.0,39702.0,0.0,0.0,0
0.06572878237845788,0.058421081697771,1267.0,19382.0,0.015768769341558492,1.1444748155141948e-17,0.0,39702.0,0.0,0.0,0
0.06557188050189973,0.058421081697771,1268.0,19382.0,0.01561186746500037,-7.1875229959828655e-19,0.0,39702.0,0.0,0.0,0
0.0654165398251021,0.058421081697771,1269.0,19382.0,0.015456526788202729,8.348584403026251e-18,0.0,39702.0,0.0,0.0,0
0.06526274481386744,0.058421081697771,1270.0,19382.0,0.015302731776968065,2.876391414353912e-17,0.0,39702.0,0.0,0.0,0
0.06511048008856611,0.058421081697771,1271.0,19382.0,0.01515046705166674,7.463966188136053e-18,0.0,39702.0,0.0,0.0,0
0.06495973042259841,0.058421081697771,1272.0,19382.0,0.014999717385699033,1.4319757353535094e-17,0.0,39702.0,0.0,0.0,0
0.06481048074087178,0.058421081697771,1273.0,19382.0,0.014850467703972425,5.459753045025446e-18,0.0,39702.0,0.0,0.0,0
0.06466271611829347,0.058421081697771,1274.0,19382.0,0.014702703081394099,9.855199800261121e-18,0.0,39702.0,0.0,0.0,0
0.06451642177827782,0.058421081697771,1275.0,19382.0,0.014556408741378438,2.233660992597752e-17,0.0,39702.0,0.0,0.0,0
0.06437158309126868,0.058421081697771,1276.0,19382.0,0.014411570054369317,5.708551917963315e-18,0.0,39702.0,0.0,0.0,0
0.06422818557327652,0.058421081697771,1277.0,19382.0,0.014268172536377133,3.0049374987051444e-17,0.0,39702.0,0.0,0.0,0
0.0640862148844298,0.058421081697771,1278.0,19382.0,0.01412620184753043,-1.7968807489957164e-19,0.0,39702.0,0.0,0.0,0
0.06394565682754119,0.058421081697771,1279.0,19382.0,0.013985643790641841,-1.075364017475898e-17,0.0,39702.0,0.0,0.0,0
0.0638064973466878,0.058421081697771,1280.0,19382.0,0.01384648430978842,2.2032522414609014e-17,0.0,39702.0,0.0,0.0,0
0.06366872252580531,0.058421081697771,1281.0,19382.0,0.013708709488905964,-5.37682008737949e-18,0.0,39702.0,0.0,0.0,0
0.06353231858729683,0.058421081697771,1282.0,19382.0,0.013572305550397472,-9.288491256347088e-18,0.0,39702.0,0.0,0.0,0
0.06339727189065471,0.058421081697771,1283.0,19382.0,0.013437258853755314,3.9932219106527884e-17,0.0,39702.0,0.0,0.0,0
0.06326356893109655,0.058421081697771,1284.0,19382.0,0.013303555894197199,-4.008426286221213e-18,0.0,39702.0,0.0,0.0,0
0.06313119633821501,0.058421081697771,1285.0,19382.0,0.01317118330131564,4.3816245956280164e-18,0.0,39702.0,0.0,0.0,0
0.06300014087464038,0.058421081697771,1286.0,19382.0,0.013040127837740997,3.361549216582755e-17,0.0,39702.0,0.0,0.0,0
0.06287038943471697,0.058421081697771,1287.0,19382.0,0.012910376397817593,1.2840786275515542e-17,0.0,39702.0,0.0,0.0,0
0.06274192904319265,0.058421081697771,1288.0,19382.0,0.01278191600629327,2.1963411616570717e-17,0.0,39702.0,0.0,0.0,0
0.0626147468539211,0.058421081697771,1289.0,19382.0,0.012654733817021755,-8.542094637533482e-18,0.0,39702.0,0.0,0.0,0
0.062488830148577465,0.058421081697771,1290.0,19382.0,0.012528817111678086,2.3138295183221762e-17,0.0,39702.0,0.0,0.0,0
0.06236416633538612,0.058421081697771,1291.0,19382.0,0.01240415329848675,9.316135575562407e-18,0.0,39702.0,0.0,0.0,0
0.062240742947861874,0.058421081697771,1292.0,19382.0,0.0122807299109625,1.3296917542568301e-17,0.0,39702.0,0.0,0.0,0
0.06211854764356303,0.058421081697771,1293.0,19382.0,0.012158534606663688,-1.2218789093170871e-17,0.0,39702.0,0.0,0.0,0
0.0619975682028574,0.058421081697771,1294.0,19382.0,0.012037555165958022,2.0318574623259255e-17,0.0,39702.0,0.0,0.0,0
0.061877792527699954,0.058421081697771,1295.0,19382.0,0.011917779490800584,1.4084780640204885e-17,0.0,39702.0,0.0,0.0,0
0.06175920864042339,0.058421081697771,1296.0,19382.0,0.011799195603524016,2.0899105326780948e-17,0.0,39702.0,0.0,0.0,0
0.06164180468254013,0.058421081697771,1297.0,19382.0,0.011681791645640743,1.9627466642876287e-17,0.0,39702.0,0.0,0.0,0
0.0615255689135565,0.058421081697771,1298.0,19382.0,0.011565555876657115,1.5356419324109547e-17,0.0,39702.0,0.0,0.0,0
0.061410489709798725,0.058421081697771,1299.0,19382.0,0.011450476672899357,9.537290129284956e-18,0.0,39702.0,0.0,0.0,0
0.061296555563250546,0.058421081697771,1300.0,19382.0,0.01133654252635116,2.1438169551479663e-17,0.0,39702.0,0.0,0.0,0
0.06118375508040231,0.058421081697771,1301.0,19382.0,0.011223742043502913,3.090634888272632e-17,0.0,39702.0,0.0,0.0,0
0.06107207698111168,0.058421081697771,1302.0,19382.0,0.011112063944212325,-3.7319830940680265e-18,0.0,39702.0,0.0,0.0,0
0.06096151009747573,0.058421081697771,1303.0,19382.0,0.011001497060576368,2.1424347391872e-18,0.0,39702.0,0.0,0.0,0
0.060852043372713896,0.058421081697771,1304.0,19382.0,0.01089203033581454,9.122625341055176e-19,0.0,39702.0,0.0,0.0,0
0.060743665860062496,0.058421081697771,1305.0,19382.0,0.010783652823163127,1.5480818760578478e-17,0.0,39702.0,0.0,0.0,0
0.060636366721679914,0.058421081697771,1306.0,19382.0,0.010676353684780536,2.7754896492179987e-17,0.0,39702.0,0.0,0.0,0
0.06053013522756289,0.058421081697771,1307.0,19382.0,0.010570122190663507,3.1293369351740784e-17,0.0,39702.0,0.0,0.0,0
0.06042496075447346,0.058421081697771,1308.0,19382.0,0.010464947717574091,5.915884312078205e-18,0.0,39702.0,0.0,0.0,0
0.06032083278487668,0.058421081697771,1309.0,19382.0,0.01036081974797733,4.395446755235676e-18,0.0,39702.0,0.0,0.0,0
0.06021774090588884,0.058421081697771,1310.0,19382.0,0.010257727868989468,1.3462783457860214e-17,0.0,39702.0,0.0,0.0,0
0.060115674808236076,0.058421081697771,1311.0,19382.0,0.010155661771336706,1.3905092565305314e-17,0.0,39702.0,0.0,0.0,0
0.06001462428522359,0.058421081697771,1312.0,19382.0,0.010054611248324212,1.722241087114356e-17,0.0,39702.0,0.0,0.0,0
0.05991457923171484,0.058421081697771,1313.0,19382.0,0.009954566194815476,3.3449626250535642e-18,0.0,39702.0,0.0,0.0,0
0.05981552964312113,0.058421081697771,1314.0,19382.0,0.00985551660622176,1.629632617743038e-17,0.0,39702.0,0.0,0.0,0
0.05971746561440105,0.058421081697771,1315.0,19382.0,0.009757452577501668,2.1839012180101785e-17,0.0,39702.0,0.0,0.0,0
0.059620377339069955,0.058421081697771,1316.0,19382.0,0.009660364302170606,-4.395446755235676e-18,0.0,39702.0,0.0,0.0,0
0.05952425510821948,0.058421081697771,1317.0,19382.0,0.009564242071320122,2.79207624074719e-18,0.0,39702.0,0.0,0.0,0
0.05942908930954638,0.058421081697771,1318.0,19382.0,0.009469076272647018,2.8750091983931462e-18,0.0,39702.0,0.0,0.0,0
0.0593348704263915,0.058421081697771,1319.0,19382.0,0.00937485738949214,-1.354571641550617e-18,0.0,39702.0,0.0,0.0,0
0.05924158903678801,0.058421081697771,1320.0,19382.0,0.00928157599988864,1.487264373784147e-17,0.0,39702.0,0.0,0.0,0
0.0591492358125192,0.058421081697771,1321.0,19382.0,0.009189222775619824,1.5093798291564017e-17,0.0,39702.0,0.0,0.0,0
0.059057801518185675,0.058421081697771,1322.0,19382.0,0.009097788481286307,6.496415015599898e-18,0.0,39702.0,0.0,0.0,0
0.0589672770102818,0.058421081697771,1323.0,19382.0,0.009007263973382444,6.358193419523304e-19,0.0,39702.0,0.0,0.0,0
0.058877653236281385,0.058421081697771,1324.0,19382.0,0.008917640199382017,7.975386093619449e-18,0.0,39702.0,0.0,0.0,0
0.05878892123373232,0.058421081697771,1325.0,19382.0,0.008828908196832932,2.380175884438941e-17,0.0,39702.0,0.0,0.0,0
0.05870107212936038,0.058421081697771,1326.0,19382.0,0.008741059092461,2.0774705890312014e-17,0.0,39702.0,0.0,0.0,0
0.05861409713818194,0.058421081697771,1327.0,19382.0,0.008654084101282562,3.072666080782675e-17,0.0,39702.0,0.0,0.0,0
0.05852798756262539,0.058421081697771,1328.0,19382.0,0.008567974525726023,5.860595673647567e-18,0.0,39702.0,0.0,0.0,0
0.05844273479166144,0.058421081697771,1329.0,19382.0,0.00848272175476207,8.652671914394757e-18,0.0,39702.0,0.0,0.0,0
0.058358330299941925,0.058421081697771,1330.0,19382.0,0.00839831726304256,5.888239992862886e-18,0.0,39702.0,0.0,0.0,0
0.05827476564694736,0.058421081697771,1331.0,19382.0,0.008314752610047986,1.6254859698607404e-17,0.0,39702.0,0.0,0.0,0
0.05819203247614276,0.058421081697771,1332.0,19382.0,0.008232019439243406,-5.418286566202468e-18,0.0,39702.0,0.0,0.0,0
0.05811012251414217,0.058421081697771,1333.0,19382.0,0.0081501094772428,1.6254859698607404e-17,0.0,39702.0,0.0,0.0,0
0.05802902756988106,0.058421081697771,1334.0,19382.0,0.008069014532981693,9.703156044576868e-18,0.0,39702.0,0.0,0.0,0
0.057948739533797464,0.058421081697771,1335.0,19382.0,0.007988726496898102,7.325744592059459e-18,0.0,39702.0,0.0,0.0,0
0.05786925037702087,0.058421081697771,1336.0,19382.0,0.007909237340121502,8.984403744978582e-18,0.0,39702.0,0.0,0.0,0
0.05779055215056934,0.058421081697771,1337.0,19382.0,0.007830539113669967,1.3186340265707026e-17,0.0,39702.0,0.0,0.0,0
0.057712636984554644,0.058421081697771,1338.0,19382.0,0.0077526239476552695,1.226025557199385e-17,0.0,39702.0,0.0,0.0,0
0.057635497087395265,0.058421081697771,1339.0,19382.0,0.0076754840504958885,2.3262694619690696e-17,0.0,39702.0,0.0,0.0,0
0.0575591247450372,0.058421081697771,1340.0,19382.0,0.007599111708137815,1.8286717160933328e-17,0.0,39702.0,0.0,0.0,0
0.05748351232018257,0.058421081697771,1341.0,19382.0,0.007523499283283175,3.262029667407608e-17,0.0,39702.0,0.0,0.0,0
0.05740865225152584,0.058421081697771,1342.0,19382.0,0.007448639214626466,1.4457978949611686e-17,0.0,39702.0,0.0,0.0,0
0.05733453705299781,0.058421081697771,1343.0,19382.0,0.007374524016098445,2.018035302718266e-18,0.0,39702.0,0.0,0.0,0
0.05726115931301686,0.058421081697771,1344.0,19382.0,0.0073011462761175,6.524059334815216e-18,0.0,39702.0,0.0,0.0,0
0.05718851169374783,0.058421081697771,1345.0,19382.0,0.007228498656848467,7.173700836375206e-18,0.0,39702.0,0.0,0.0,0
0.057116586930368266,0.058421081697771,1346.0,19382.0,0.0071565738934688955,6.358193419523304e-18,0.0,39702.0,0.0,0.0,0
0.057045377830341866,0.058421081697771,1347.0,19382.0,0.007085364793442504,1.009017651359133e-18,0.0,39702.0,0.0,0.0,0
0.05697487727269931,0.058421081697771,1348.0,19382.0,0.007014864235799945,7.850986657150514e-18,0.0,39702.0,0.0,0.0,0
0.05690507820732608,0.058421081697771,1349.0,19382.0,0.006945065170426712,8.542094637533482e-18,0.0,39702.0,0.0,0.0,0
0.056835973654257466,0.058421081697771,1350.0,19382.0,0.0068759606173580895,1.1776479985725772e-17,0.0,39702.0,0.0,0.0,0
0.05676755670298056,0.058421081697771,1351.0,19382.0,0.006807543666081194,-4.0084262862212135e-19,0.0,39702.0,0.0,0.0,0
0.056699820511743236,0.058421081697771,1352.0,19382.0,0.006739807474843875,1.0781284493974299e-18,0.0,39702.0,0.0,0.0,0
0.05663275830686993,0.058421081697771,1353.0,19382.0,0.006672745269970576,-3.179096709761652e-18,0.0,39702.0,0.0,0.0,0
0.056566363382084275,0.058421081697771,1354.0,19382.0,0.006606350345184912,5.943528631293523e-18,0.0,39702.0,0.0,0.0,0
0.05650062909783844,0.058421081697771,1355.0,19382.0,0.006540616060939075,1.202527885866364e-18,0.0,39702.0,0.0,0.0,0
0.05643554888064923,0.058421081697771,1356.0,19382.0,0.00647553584374986,1.2578165242970015e-17,0.0,39702.0,0.0,0.0,0
0.05637111622244068,0.058421081697771,1357.0,19382.0,0.0064111031855413276,-8.5697389567488e-18,0.0,39702.0,0.0,0.0,0
0.05630732467989332,0.058421081697771,1358.0,19382.0,0.006347311642993948,1.1306526559065354e-17,0.0,39702.0,0.0,0.0,0
0.05624416787379969,0.058421081697771,1359.0,19382.0,0.006284154836900312,2.3331805417728994e-17,0.0,39702.0,0.0,0.0,0
0.05618163948842655,0.058421081697771,1360.0,19382.0,0.0062216264515271855,1.3822159607659355e-20,0.0,39702.0,0.0,0.0,0
0.05611973327088329,0.058421081697771,1361.0,19382.0,0.00615972023398391,2.841836015334764e-17,0.0,39702.0,0.0,0.0,0
0.05605844303049652,0.058421081697771,1362.0,19382.0,0.006098429993597154,6.855791165399041e-18,0.0,39702.0,0.0,0.0,0
0.055997762638191166,0.058421081697771,1363.0,19382.0,0.0060377496012918,9.730800363792187e-18,0.0,39702.0,0.0,0.0,0
0.05593768602587741,0.058421081697771,1364.0,19382.0,0.00597767298897805,1.0781284493974299e-17,0.0,39702.0,0.0,0.0,0
0.05587820718584397,0.058421081697771,1365.0,19382.0,0.005918194148944604,4.699534266604181e-18,0.0,39702.0,0.0,0.0,0
0.055819320170157276,0.058421081697771,1366.0,19382.0,0.005859307133257905,1.3352206180998938e-17,0.0,39702.0,0.0,0.0,0
0.055761019090066664,0.058421081697771,1367.0,19382.0,0.005801006053167305,-3.593761497991433e-18,0.0,39702.0,0.0,0.0,0
0.05570329811541557,0.058421081697771,1368.0,19382.0,0.005743285078516206,1.1347993037888332e-17,0.0,39702.0,0.0,0.0,0
0.05564615147405842,0.058421081697771,1369.0,19382.0,0.005686138437159044,1.8590804672301834e-17,0.0,39702.0,0.0,0.0,0
0.05558957345128345,0.058421081697771,1370.0,19382.0,0.005629560414384063,2.689792259650511e-17,0.0,39702.0,0.0,0.0,0
0.055533558389241205,0.058421081697771,1371.0,19382.0,0.005573545352341842,5.086554735618643e-18,0.0,39702.0,0.0,0.0,0
0.05547810068637886,0.058421081697771,1372.0,19382.0,0.005518087649479485,1.3089585148453412e-17,0.0,39702.0,0.0,0.0,0
0.05542319479687987,0.058421081697771,1373.0,19382.0,0.005463181759980497,1.8798137066416725e-18,0.0,39702.0,0.0,0.0,0
0.05536883523010956,0.058421081697771,1374.0,19382.0,0.005408822193210185,1.0200753790452605e-17,0.0,39702.0,0.0,0.0,0
0.055315016550065925,0.058421081697771,1375.0,19382.0,0.005355003513166551,1.7332988148004833e-17,0.0,39702.0,0.0,0.0,0
0.05526173337483611,0.058421081697771,1376.0,19382.0,0.005301720337936755,-7.325744592059459e-18,0.0,39702.0,0.0,0.0,0
0.05520898037605824,0.058421081697771,1377.0,19382.0,0.005248967339158864,1.3131051627276389e-17,0.0,39702.0,0.0,0.0,0
0.0551567522783884,0.058421081697771,1378.0,19382.0,0.005196739241489048,-1.2191144773955552e-17,0.0,39702.0,0.0,0.0,0
0.055105043858973364,0.058421081697771,1379.0,19382.0,0.005145030822074008,-1.9351023450723098e-18,0.0,39702.0,0.0,0.0,0
0.05505384994692809,0.058421081697771,1380.0,19382.0,0.005093836910028718,1.461002270529594e-17,0.0,39702.0,0.0,0.0,0
0.05500316542281869,0.058421081697771,1381.0,19382.0,0.005043152385919309,1.4637667024511257e-17,0.0,39702.0,0.0,0.0,0
0.0549529852181505,0.058421081697771,1382.0,19382.0,0.004992972181251133,1.6738635284875482e-17,0.0,39702.0,0.0,0.0,0
0.05490330431486129,0.058421081697771,1383.0,19382.0,0.004943291277961902,2.781018513061063e-17,0.0,39702.0,0.0,0.0,0
0.05485411774481927,0.058421081697771,1384.0,19382.0,0.004894104707919893,1.7305343828789515e-17,0.0,39702.0,0.0,0.0,0
0.05480542058932647,0.058421081697771,1385.0,19382.0,0.004845407552427114,-9.951954917514737e-19,0.0,39702.0,0.0,0.0,0
0.05475720797862679,0.058421081697771,1386.0,19382.0,0.004797194941727424,6.924901963437338e-18,0.0,39702.0,0.0,0.0,0
0.05470947509141896,0.058421081697771,1387.0,19382.0,0.004749462054519585,2.384322532321239e-17,0.0,39702.0,0.0,0.0,0
0.05466221715437448,0.058421081697771,1388.0,19382.0,0.004702204117475102,1.7028900636636327e-17,0.0,39702.0,0.0,0.0,0
0.05461542944166023,0.058421081697771,1389.0,19382.0,0.004655416404760876,-4.340158116805038e-18,0.0,39702.0,0.0,0.0,0
0.054569107274466025,0.058421081697771,1390.0,19382.0,0.0046090942375666575,2.6123881658476185e-18,0.0,39702.0,0.0,0.0,0
0.05452324602053649,0.058421081697771,1391.0,19382.0,0.004563232983637117,9.841377640653462e-18,0.0,39702.0,0.0,0.0,0
0.05447784109370801,0.058421081697771,1392.0,19382.0,0.004517828056808644,1.440269031118105e-17,0.0,39702.0,0.0,0.0,0
0.0544328879534501,0.058421081697771,1393.0,19382.0,0.004472874916550725,7.215167315198184e-18,0.0,39702.0,0.0,0.0,0
0.05438838210441125,0.058421081697771,1394.0,19382.0,0.004428369067511872,1.995919847346011e-17,0.0,39702.0,0.0,0.0,0
0.05434431909596945,0.058421081697771,1395.0,19382.0,0.004384306059070088,-3.3449626250535642e-18,0.0,39702.0,0.0,0.0,0
0.05430069452178717,0.058421081697771,1396.0,19382.0,0.004340681484887808,5.80530703521693e-18,0.0,39702.0,0.0,0.0,0
0.05425750401937063,0.058421081697771,1397.0,19382.0,0.004297490982471266,-2.6538546446705966e-18,0.0,39702.0,0.0,0.0,0
0.054214743269633596,0.058421081697771,1398.0,19382.0,0.004254730232734228,5.445930885417786e-18,0.0,39702.0,0.0,0.0,0
0.054172407996465465,0.058421081697771,1399.0,19382.0,0.004212394959566079,2.40782020365426e-17,0.0,39702.0,0.0,0.0,0
0.05413049396630361,0.058421081697771,1400.0,19382.0,0.004170480929404233,2.2861851991068577e-17,0.0,39702.0,0.0,0.0,0
0.054088996987710115,0.058421081697771,1401.0,19382.0,0.004128983950810736,1.9655110962091605e-17,0.0,39702.0,0.0,0.0,0
0.05404791291095252,0.058421081697771,1402.0,19382.0,0.004087899874053155,6.289082621485008e-18,0.0,39702.0,0.0,0.0,0
0.054007237627588946,0.058421081697771,1403.0,19382.0,0.004047224590689568,1.6199571060176767e-17,0.0,39702.0,0.0,0.0,0
0.05396696707005711,0.058421081697771,1404.0,19382.0,0.0040069540331577535,-1.4789710780195512e-18,0.0,39702.0,0.0,0.0,0
0.05392709721126777,0.058421081697771,1405.0,19382.0,0.003967084174368388,2.7188187948265954e-17,0.0,39702.0,0.0,0.0,0
0.05388762406420176,0.058421081697771,1406.0,19382.0,0.003927611027302383,2.858422606863955e-17,0.0,39702.0,0.0,0.0,0
0.05384854368151149,0.058421081697771,1407.0,19382.0,0.0038885306446121213,1.0587774259467068e-17,0.0,39702.0,0.0,0.0,0
0.05380985215512613,0.058421081697771,1408.0,19382.0,0.0038498391182267763,-2.79207624074719e-18,0.0,39702.0,0.0,0.0,0
0.053771545615860825,0.058421081697771,1409.0,19382.0,0.0038115325789614624,1.1030083366912166e-17,0.0,39702.0,0.0,0.0,0
0.05373362023302971,0.058421081697771,1410.0,19382.0,0.0037736071961303346,7.989208253227108e-18,0.0,39702.0,0.0,0.0,0
0.053696072214062876,0.058421081697771,1411.0,19382.0,0.0037360591771635012,1.3573360734721488e-17,0.0,39702.0,0.0,0.0,0
0.05365889780412714,0.058421081697771,1412.0,19382.0,0.0036988847672277786,2.7644319215318713e-19,0.0,39702.0,0.0,0.0,0
0.053622093285750565,0.058421081697771,1413.0,19382.0,0.0036620802488511947,1.2992830031199795e-17,0.0,39702.0,0.0,0.0,0
0.053585654978450616,0.058421081697771,1414.0,19382.0,0.0036256419415512356,1.997302063306777e-17,0.0,39702.0,0.0,0.0,0
0.05354957923836619,0.058421081697771,1415.0,19382.0,0.0035895662014668113,2.3525315652236226e-17,0.0,39702.0,0.0,0.0,0
0.053513862457893226,0.058421081697771,1416.0,19382.0,0.00355384942099385,1.785823021309589e-17,0.0,39702.0,0.0,0.0,0
0.05347850106532389,0.058421081697771,1417.0,19382.0,0.0035184880284245407,-1.459620054568828e-17,0.0,39702.0,0.0,0.0,0
0.053443491524489524,0.058421081697771,1418.0,19382.0,0.0034834784875901505,9.730800363792187e-18,0.0,39702.0,0.0,0.0,0
0.053408830334406805,0.058421081697771,1419.0,19382.0,0.0034488172975074356,1.1555325432003222e-17,0.0,39702.0,0.0,0.0,0
0.05337451402892787,0.058421081697771,1420.0,19382.0,0.0034145009920284928,2.9137112452945926e-17,0.0,39702.0,0.0,0.0,0
0.053340539176393545,0.058421081697771,1421.0,19382.0,0.00338052613949418,2.709143283101234e-18,0.0,39702.0,0.0,0.0,0
0.0533069023792903,0.058421081697771,1422.0,19382.0,0.0033468893423909277,1.9599822323660968e-17,0.0,39702.0,0.0,0.0,0
0.05327360027391037,0.058421081697771,1423.0,19382.0,0.0033135872370110013,2.125848147658009e-17,0.0,39702.0,0.0,0.0,0
0.05324062953001548,0.058421081697771,1424.0,19382.0,0.0032806164931161036,6.427304217561601e-18,0.0,39702.0,0.0,0.0,0
0.05320798685050374,0.058421081697771,1425.0,19382.0,0.003247973813604381,6.703747409714788e-18,0.0,39702.0,0.0,0.0,0
0.05317566897108003,0.058421081697771,1426.0,19382.0,0.003215655934180666,4.146647882297807e-18,0.0,39702.0,0.0,0.0,0
0.05314367265992946,0.058421081697771,1427.0,19382.0,0.0031836596230300947,5.8329513544322485e-18,0.0,39702.0,0.0,0.0,0
0.05311199471739426,0.058421081697771,1428.0,19382.0,0.0031519816804948843,1.2011456699055981e-17,0.0,39702.0,0.0,0.0,0
0.05308063197565374,0.058421081697771,1429.0,19382.0,0.0031206189387543866,1.658659152919123e-19,0.0,39702.0,0.0,0.0,0
0.05304958129840765,0.058421081697771,1430.0,19382.0,0.003089568261508283,9.081158862232198e-18,0.0,39702.0,0.0,0.0,0
0.053018839580562346,0.058421081697771,1431.0,19382.0,0.003058826543662983,3.483184221130158e-18,0.0,39702.0,0.0,0.0,0
0.052988403747920444,0.058421081697771,1432.0,19382.0,0.0030283907110210785,1.3366028340606598e-17,0.0,39702.0,0.0,0.0,0
0.05295827075687332,0.058421081697771,1433.0,19382.0,0.00299825771997394,1.9931554154244793e-17,0.0,39702.0,0.0,0.0,0
0.052928437594096746,0.058421081697771,1434.0,19382.0,0.0029684245571973645,2.1341414434226047e-17,0.0,39702.0,0.0,0.0,0
0.05289890127624956,0.058421081697771,1435.0,19382.0,0.0029388882393501983,-2.405055771732728e-18,0.0,39702.0,0.0,0.0,0
0.05286965884967543,0.058421081697771,1436.0,19382.0,0.0029096458127760485,2.934444484706081e-17,0.0,39702.0,0.0,0.0,0
0.05284070739010726,0.058421081697771,1437.0,19382.0,0.002880694353207888,1.4568556226472963e-17,0.0,39702.0,0.0,0.0,0
0.052812044002375005,0.058421081697771,1438.0,19382.0,0.0028520309654756406,4.8930445011114125e-18,0.0,39702.0,0.0,0.0,0
0.052783665820116,0.058421081697771,1439.0,19382.0,0.0028236527832166355,1.1195949282204079e-17,0.0,39702.0,0.0,0.0,0
0.05275557000548838,0.058421081697771,1440.0,19382.0,0.0027955569685890057,1.6503658571545273e-17,0.0,39702.0,0.0,0.0,0
0.052727753748887246,0.058421081697771,1441.0,19382.0,0.0027677407119878756,2.297242926792985e-17,0.0,39702.0,0.0,0.0,0
0.05270021426866377,0.058421081697771,1442.0,19382.0,0.0027402012317643996,1.1140660643773442e-17,0.0,39702.0,0.0,0.0,0
0.05267294881084698,0.058421081697771,1443.0,19382.0,0.0027129357739476075,1.2370832848855124e-17,0.0,39702.0,0.0,0.0,0
0.05264595464886838,0.058421081697771,1444.0,19382.0,0.0026859416119689988,2.1424347391872002e-17,0.0,39702.0,0.0,0.0,0
0.05261922908328927,0.058421081697771,1445.0,19382.0,0.002659216046389882,2.5405129358877897e-17,0.0,39702.0,0.0,0.0,0
0.052592769441530775,0.058421081697771,1446.0,19382.0,0.002632756404631423,-4.588956989742906e-18,0.0,39702.0,0.0,0.0,0
0.052566573077606774,0.058421081697771,1447.0,19382.0,0.002606560040707397,2.062266213462776e-17,0.0,39702.0,0.0,0.0,0
0.05254063737185895,0.058421081697771,1448.0,19382.0,0.0025806243349595836,5.487397364240765e-18,0.0,39702.0,0.0,0.0,0
0.05251495973069517,0.058421081697771,1449.0,19382.0,0.0025549466937957893,1.697361199820569e-17,0.0,39702.0,0.0,0.0,0
0.052489537586329876,0.058421081697771,1450.0,19382.0,0.0025295245494305124,1.310340730806107e-17,0.0,39702.0,0.0,0.0,0
0.05246436839652749,0.058421081697771,1451.0,19382.0,0.0025043553596281205,1.1002439047696848e-17,0.0,39702.0,0.0,0.0,0
0.052439449644348025,0.058421081697771,1452.0,19382.0,0.0024794366074486567,1.3075762988845752e-17,0.0,39702.0,0.0,0.0,0
0.05241477883789552,0.058421081697771,1453.0,19382.0,0.0024547658009961434,1.6033705144884853e-17,0.0,39702.0,0.0,0.0,0
0.052390353510068745,0.058421081697771,1454.0,19382.0,0.002430340473169375,1.0173109471237286e-17,0.0,39702.0,0.0,0.0,0
0.05236617121831457,0.058421081697771,1455.0,19382.0,0.002406158181415214,-5.957350790901183e-18,0.0,39702.0,0.0,0.0,0
0.052342229544383695,0.058421081697771,1456.0,19382.0,0.0023822165074843305,-2.0456796219335848e-18,0.0,39702.0,0.0,0.0,0
0.052318526094088734,0.058421081697771,1457.0,19382.0,0.0023585130571893882,-1.1002439047696848e-17,0.0,39702.0,0.0,0.0,0
0.05229505849706498,0.058421081697771,1458.0,19382.0,0.002335045460165595,1.8604626831909495e-17,0.0,39702.0,0.0,0.0,0
0.05227182440653307,0.058421081697771,1459.0,19382.0,0.0023118113696337017,1.6033705144884853e-17,0.0,39702.0,0.0,0.0,0
0.05224882149906464,0.058421081697771,1460.0,19382.0,0.002288808462165282,-6.606992292461172e-18,0.0,39702.0,0.0,0.0,0
0.0522260474743498,0.058421081697771,1461.0,19382.0,0.0022660344374504262,8.625027595179439e-18,0.0,39702.0,0.0,0.0,0
0.05220350005496705,0.058421081697771,1462.0,19382.0,0.002243487018067685,1.7139477913497602e-18,0.0,39702.0,0.0,0.0,0
0.05218117698615569,0.058421081697771,1463.0,19382.0,0.00222116394925633,4.699534266604181e-18,0.0,39702.0,0.0,0.0,0
0.052159076035590245,0.058421081697771,1464.0,19382.0,0.0021990629986908695,1.1693547028079816e-17,0.0,39702.0,0.0,0.0,0
0.052137194993157214,0.058421081697771,1465.0,19382.0,0.0021771819562578423,3.593761497991433e-18,0.0,39702.0,0.0,0.0,0
0.05211553167073413,0.058421081697771,1466.0,19382.0,0.0021555186338347676,2.709143283101234e-18,0.0,39702.0,0.0,0.0,0
0.052094083901970706,0.058421081697771,1467.0,19382.0,0.002134070865071346,7.602187784212647e-18,0.0,39702.0,0.0,0.0,0
0.052072849542072204,0.058421081697771,1468.0,19382.0,0.0021128365051728284,1.9268090493077144e-17,0.0,39702.0,0.0,0.0,0
0.052051826467584904,0.058421081697771,1469.0,19382.0,0.002091813430685533,2.902653517608465e-18,0.0,39702.0,0.0,0.0,0
0.05203101257618386,0.058421081697771,1470.0,19382.0,0.0020709995392844856,1.6448369933114633e-17,0.0,39702.0,0.0,0.0,0
0.05201040578646258,0.058421081697771,1471.0,19382.0,0.002050392749563208,2.985586475254421e-18,0.0,39702.0,0.0,0.0,0
0.05199000403772493,0.058421081697771,1472.0,19382.0,0.0020299910008255554,1.3255451063745324e-17,0.0,39702.0,0.0,0.0,0
0.05196980528977902,0.058421081697771,1473.0,19382.0,0.00200979225287965,1.701507847702867e-17,0.0,39702.0,0.0,0.0,0
0.051949807522733246,0.058421081697771,1474.0,19382.0,0.0019897944858338627,2.840453799373998e-17,0.0,39702.0,0.0,0.0,0
0.05193000873679419,0.058421081697771,1475.0,19382.0,0.0019699956998948296,-6.081750227370117e-19,0.0,39702.0,0.0,0.0,0
0.05191040695206682,0.058421081697771,1476.0,19382.0,0.0019503939151674487,1.5176731249209975e-17,0.0,39702.0,0.0,0.0,0
0.0518910002083563,0.058421081697771,1477.0,19382.0,0.001930987171456922,2.493517593221748e-17,0.0,39702.0,0.0,0.0,0
0.05187178656497207,0.058421081697771,1478.0,19382.0,0.0019117735280727015,8.777071350863692e-18,0.0,39702.0,0.0,0.0,0
0.05185276410053381,0.058421081697771,1479.0,19382.0,0.0018927510636344404,9.039692383409219e-18,0.0,39702.0,0.0,0.0,0
0.05183393091277921,0.058421081697771,1480.0,19382.0,0.0018739178758798414,1.2826964115907883e-17,0.0,39702.0,0.0,0.0,0
0.051815285118373806,0.058421081697771,1481.0,19382.0,0.0018552720814744284,1.2771675477477246e-17,0.0,39702.0,0.0,0.0,0
0.051796824852722606,0.058421081697771,1482.0,19382.0,0.0018368118158232343,1.8604626831909495e-17,0.0,39702.0,0.0,0.0,0
0.05177854826978366,0.058421081697771,1483.0,19382.0,0.001818535232884298,-3.483184221130158e-18,0.0,39702.0,0.0,0.0,0
0.051760453541883474,0.058421081697771,1484.0,19382.0,0.0018004405049841072,6.759036048145425e-18,0.0,39702.0,0.0,0.0,0
0.05174253885953415,0.058421081697771,1485.0,19382.0,0.0017825258226347833,1.957217800444565e-17,0.0,39702.0,0.0,0.0,0
0.05172480243125255,0.058421081697771,1486.0,19382.0,0.0017647893943531655,3.0616083530965474e-17,0.0,39702.0,0.0,0.0,0
0.051707242483381016,0.058421081697771,1487.0,19382.0,0.0017472294464816458,6.026461588939479e-18,0.0,39702.0,0.0,0.0,0
0.051689857259910175,0.058421081697771,1488.0,19382.0,0.001729844223010805,7.560721305389668e-18,0.0,39702.0,0.0,0.0,0
0.051672645022303176,0.058421081697771,1489.0,19382.0,0.0017126319854038053,9.758444683007507e-18,0.0,39702.0,0.0,0.0,0
0.05165560404932191,0.058421081697771,1490.0,19382.0,0.0016955910124225489,8.431517360672208e-18,0.0,39702.0,0.0,0.0,0
0.05163873263685492,0.058421081697771,1491.0,19382.0,0.0016787195999555264,2.8266316397663384e-17,0.0,39702.0,0.0,0.0,0
0.05162202909774682,0.058421081697771,1492.0,19382.0,0.0016620160608474374,1.1707369187687475e-17,0.0,39702.0,0.0,0.0,0
0.05160549176162982,0.058421081697771,1493.0,19382.0,0.001645478724730455,9.482001490854319e-18,0.0,39702.0,0.0,0.0,0
0.051589118974756536,0.058421081697771,1494.0,19382.0,0.0016291059378571806,-9.716978204184527e-18,0.0,39702.0,0.0,0.0,0
0.05157290909983464,0.058421081697771,1495.0,19382.0,0.0016128960629352832,2.197723377617838e-18,0.0,39702.0,0.0,0.0,0
0.05155686051586313,0.058421081697771,1496.0,19382.0,0.0015968474789637623,2.4741665697710247e-18,0.0,39702.0,0.0,0.0,0
0.05154097161797023,0.058421081697771,1497.0,19382.0,0.0015809585810708522,1.5162909089602314e-17,0.0,39702.0,0.0,0.0,0
0.05152524081725289,0.058421081697771,1498.0,19382.0,0.0015652277803535168,1.5563751718224437e-17,0.0,39702.0,0.0,0.0,0
0.05150966654061796,0.058421081697771,1499.0,19382.0,0.0015496535037185799,2.865333686667785e-17,0.0,39702.0,0.0,0.0,0
0.051494247230624776,0.058421081697771,1500.0,19382.0,0.0015342341937253936,8.044496891657745e-18,0.0,39702.0,0.0,0.0,0
0.05147898134532951,0.058421081697771,1501.0,19382.0,0.0015189683084301181,3.821827131517812e-17,0.0,39702.0,0.0,0.0,0
0.05146386735813086,0.058421081697771,1502.0,19382.0,0.0015038543212314956,9.23320261791645e-18,0.0,39702.0,0.0,0.0,0
0.05144890375761758,0.058421081697771,1503.0,19382.0,0.001488890720718208,4.975977458757369e-18,0.0,39702.0,0.0,0.0,0
0.05143408904741711,0.058421081697771,1504.0,19382.0,0.0014740760105177416,1.0947150409266211e-17,0.0,39702.0,0.0,0.0,0
0.05141942174604609,0.058421081697771,1505.0,19382.0,0.001459408709146726,-3.897849009359939e-18,0.0,39702.0,0.0,0.0,0
0.051404900386762174,0.058421081697771,1506.0,19382.0,0.0014448873498628073,-4.008426286221213e-18,0.0,39702.0,0.0,0.0,0
0.05139052351741734,0.058421081697771,1507.0,19382.0,0.0014305104805179452,3.051932841371186e-17,0.0,39702.0,0.0,0.0,0
0.0513762897003126,0.058421081697771,1508.0,19382.0,0.0014162766634132381,-3.4555399019148392e-18,0.0,39702.0,0.0,0.0,0
0.05136219751205449,0.058421081697771,1509.0,19382.0,0.0014021844751551003,3.250971939721481e-17,0.0,39702.0,0.0,0.0,0
0.051348245543412344,0.058421081697771,1510.0,19382.0,0.0013882325065129719,1.073981801515132e-17,0.0,39702.0,0.0,0.0,0
0.05133443239917773,0.058421081697771,1511.0,19382.0,0.0013744193622783581,1.1665902708864497e-17,0.0,39702.0,0.0,0.0,0
0.051320756698024696,0.058421081697771,1512.0,19382.0,0.0013607436611253248,1.420918007667382e-17,0.0,39702.0,0.0,0.0,0
0.051307217072371736,0.058421081697771,1513.0,19382.0,0.0013472040354723669,5.335353608556512e-18,0.0,39702.0,0.0,0.0,0
0.05129381216824499,0.058421081697771,1514.0,19382.0,0.0013337991313456215,-2.9302978368237835e-18,0.0,39702.0,0.0,0.0,0
0.051280540645142876,0.058421081697771,1515.0,19382.0,0.0013205276082435204,-8.293295764595614e-18,0.0,39702.0,0.0,0.0,0
0.05126740117590204,0.058421081697771,1516.0,19382.0,0.0013073881390026811,-5.8329513544322485e-18,0.0,39702.0,0.0,0.0,0
0.051254392446564614,0.058421081697771,1517.0,19382.0,0.00129437940966524,1.051866346142877e-17,0.0,39702.0,0.0,0.0,0
0.051241513156246796,0.058421081697771,1518.0,19382.0,0.0012815001193474175,1.910222457778523e-17,0.0,39702.0,0.0,0.0,0
0.05122876201700883,0.058421081697771,1519.0,19382.0,0.001268748980109451,1.9503067206407352e-17,0.0,39702.0,0.0,0.0,0
0.05121613775372617,0.058421081697771,1520.0,19382.0,0.0012561247168267915,2.3110650864006443e-17,0.0,39702.0,0.0,0.0,0
0.051203639103961945,0.058421081697771,1521.0,19382.0,0.0012436260670625843,1.5066153972348698e-18,0.0,39702.0,0.0,0.0,0
0.05119126481784081,0.058421081697771,1522.0,19382.0,0.0012312517809414426,1.3131051627276389e-17,0.0,39702.0,0.0,0.0,0
0.05117901365792381,0.058421081697771,1523.0,19382.0,0.0012190006210244409,7.353388911274778e-18,0.0,39702.0,0.0,0.0,0
0.05116688439908475,0.058421081697771,1524.0,19382.0,0.0012068713621853802,1.6144282421746127e-17,0.0,39702.0,0.0,0.0,0
0.05115487582838763,0.058421081697771,1525.0,19382.0,0.0011948627914882702,-2.79207624074719e-18,0.0,39702.0,0.0,0.0,0
0.05114298674496541,0.058421081697771,1526.0,19382.0,0.0011829737080660272,2.4575799782418337e-17,0.0,39702.0,0.0,0.0,0
0.05113121595989977,0.058421081697771,1527.0,19382.0,0.0011712029230004104,1.2011456699055981e-17,0.0,39702.0,0.0,0.0,0
0.05111956229610247,0.058421081697771,1528.0,19382.0,0.0011595492592030912,1.3656293692367445e-17,0.0,39702.0,0.0,0.0,0
0.051108024588197354,0.058421081697771,1529.0,19382.0,0.0011480115512979957,3.953137647790576e-18,0.0,39702.0,0.0,0.0,0
0.051096601682404076,0.058421081697771,1530.0,19382.0,0.0011365886455047033,2.044297405972819e-17,0.0,39702.0,0.0,0.0,0
0.051085292436422486,0.058421081697771,1531.0,19382.0,0.0011252793995231254,2.9717643156467616e-18,0.0,39702.0,0.0,0.0,0
0.0510740957193186,0.058421081697771,1532.0,19382.0,0.0011140826824192326,-1.6586591529191229e-18,0.0,39702.0,0.0,0.0,0
0.05106301041141137,0.058421081697771,1533.0,19382.0,0.0011029973745119881,2.103732692285754e-17,0.0,39702.0,0.0,0.0,0
0.05105203540416074,0.058421081697771,1534.0,19382.0,0.0010920223672613654,1.9406312089153736e-17,0.0,39702.0,0.0,0.0,0
0.05104116960005686,0.058421081697771,1535.0,19382.0,0.001081156563157485,1.7263877349966536e-17,0.0,39702.0,0.0,0.0,0
0.05103041191251025,0.058421081697771,1536.0,19382.0,0.001070398875610888,-3.538472859560795e-18,0.0,39702.0,0.0,0.0,0
0.05101976126574323,0.058421081697771,1537.0,19382.0,0.0010597482288438598,4.008426286221213e-18,0.0,39702.0,0.0,0.0,0
0.05100921659468221,0.058421081697771,1538.0,19382.0,0.001049203557782837,1.1942345901017685e-17,0.0,39702.0,0.0,0.0,0
0.0509987768448513,0.058421081697771,1539.0,19382.0,0.0010387638079519335,7.850986657150514e-18,0.0,39702.0,0.0,0.0,0
0.05098844097226684,0.058421081697771,1540.0,19382.0,0.001028427935367464,2.0567373496197124e-17,0.0,39702.0,0.0,0.0,0
0.05097820794333291,0.058421081697771,1541.0,19382.0,0.0010181949064335565,-1.7139477913497602e-18,0.0,39702.0,0.0,0.0,0
0.05096807673473816,0.058421081697771,1542.0,19382.0,0.0010080636978387894,9.399068533208362e-18,0.0,39702.0,0.0,0.0,0
0.05095804633335325,0.058421081697771,1543.0,19382.0,0.0009980332964538681,2.576450550867704e-17,0.0,39702.0,0.0,0.0,0
0.05094811573612965,0.058421081697771,1544.0,19382.0,0.0009881026992302872,1.0836573132404936e-17,0.0,39702.0,0.0,0.0,0
0.05093828394999943,0.058421081697771,1545.0,19382.0,0.0009782709131000513,7.436321868920735e-18,0.0,39702.0,0.0,0.0,0
0.05092854999177572,0.058421081697771,1546.0,19382.0,0.0009685369548763509,6.219971823446711e-18,0.0,39702.0,0.0,0.0,0
0.05091891288805462,0.058421081697771,1547.0,19382.0,0.0009588998511552594,3.9393154881829165e-18,0.0,39702.0,0.0,0.0,0
0.050909371675117734,0.058421081697771,1548.0,19382.0,0.0009493586382183679,2.2253676968331563e-18,0.0,39702.0,0.0,0.0,0
0.050899925398835796,0.058421081697771,1549.0,19382.0,0.0009399123619364305,1.0449552663390474e-17,0.0,39702.0,0.0,0.0,0
0.05089057311457333,0.058421081697771,1550.0,19382.0,0.0009305600776739477,3.1293369351740784e-17,0.0,39702.0,0.0,0.0,0
0.05088131388709408,0.058421081697771,1551.0,19382.0,0.000921300850194711,1.545317444136316e-17,0.0,39702.0,0.0,0.0,0
0.050872146790467615,0.058421081697771,1552.0,19382.0,0.0009121337535682373,2.537748503966258e-17,0.0,39702.0,0.0,0.0,0
0.05086307090797661,0.058421081697771,1553.0,19382.0,0.0009030578710772398,5.224776331695237e-18,0.0,39702.0,0.0,0.0,0
0.05085408533202527,0.058421081697771,1554.0,19382.0,0.0008940722951258985,1.1942345901017685e-17,0.0,39702.0,0.0,0.0,0
0.0508451891640485,0.058421081697771,1555.0,19382.0,0.0008851761271491346,1.5729617633516347e-17,0.0,39702.0,0.0,0.0,0
0.0508363815144221,0.058421081697771,1556.0,19382.0,0.0008763684775227311,9.592578767715594e-18,0.0,39702.0,0.0,0.0,0
0.050827661502373764,0.058421081697771,1557.0,19382.0,0.0008676484654743933,2.2447187202838794e-17,0.0,39702.0,0.0,0.0,0
0.05081902825589502,0.058421081697771,1558.0,19382.0,0.0008590152189956401,1.8452583076225242e-17,0.0,39702.0,0.0,0.0,0
0.050810480911654,0.058421081697771,1559.0,19382.0,0.000850467874754644,-1.6586591529191229e-18,0.0,39702.0,0.0,0.0,0
0.0508020186149092,0.058421081697771,1560.0,19382.0,0.0008420055780098422,-3.372606944268883e-18,0.0,39702.0,0.0,0.0,0
0.0507936405194239,0.058421081697771,1561.0,19382.0,0.0008336274825245125,3.223327620506162e-17,0.0,39702.0,0.0,0.0,0
0.0507853457873815,0.058421081697771,1562.0,19382.0,0.0008253327504821373,2.764431921531871e-20,0.0,39702.0,0.0,0.0,0
0.050777133589301957,0.058421081697771,1563.0,19382.0,0.0008171205524025799,1.780294157466525e-17,0.0,39702.0,0.0,0.0,0
0.05076900310395857,0.058421081697771,1564.0,19382.0,0.0008089900670592037,1.0504841301821111e-17,0.0,39702.0,0.0,0.0,0
0.05076095351829607,0.058421081697771,1565.0,19382.0,0.0008009404813966934,1.4651489184118918e-17,0.0,39702.0,0.0,0.0,0
0.05075298402734914,0.058421081697771,1566.0,19382.0,0.0007929709904497738,-3.414073423091861e-18,0.0,39702.0,0.0,0.0,0
0.05074509383416209,0.058421081697771,1567.0,19382.0,0.0007850807972627098,1.781676373427291e-17,0.0,39702.0,0.0,0.0,0
0.050737282149709,0.058421081697771,1568.0,19382.0,0.000777269112809613,2.92476897298072e-17,0.0,39702.0,0.0,0.0,0
0.050729548192814895,0.058421081697771,1569.0,19382.0,0.0007695351559155207,1.46238448649036e-17,0.0,39702.0,0.0,0.0,0
0.05072189119007767,0.058421081697771,1570.0,19382.0,0.0007618781531783028,6.800502526968404e-18,0.0,39702.0,0.0,0.0,0
0.05071431037579067,0.058421081697771,1571.0,19382.0,0.0007542973388912997,5.639441119925018e-18,0.0,39702.0,0.0,0.0,0
0.050706804991866146,0.058421081697771,1572.0,19382.0,0.0007467919549667728,9.357602054385384e-18,0.0,39702.0,0.0,0.0,0
0.05069937428775943,0.058421081697771,1573.0,19382.0,0.0007393612508600683,2.0318574623259255e-18,0.0,39702.0,0.0,0.0,0
0.05069201752039395,0.058421081697771,1574.0,19382.0,0.000732004483494589,7.989208253227108e-18,0.0,39702.0,0.0,0.0,0
0.05068473395408684,0.058421081697771,1575.0,19382.0,0.0007247209171874656,2.833542719570168e-17,0.0,39702.0,0.0,0.0,0
0.05067752286047535,0.058421081697771,1576.0,19382.0,0.0007175098235759938,-4.50602403209695e-18,0.0,39702.0,0.0,0.0,0
0.050670383518444176,0.058421081697771,1577.0,19382.0,0.0007103704815448039,4.810111543465456e-18,0.0,39702.0,0.0,0.0,0
0.05066331521405313,0.058421081697771,1578.0,19382.0,0.0007033021771537497,2.1521102509125618e-17,0.0,39702.0,0.0,0.0,0
0.050656317240465876,0.058421081697771,1579.0,19382.0,0.0006963042035664965,1.3780693128836379e-17,0.0,39702.0,0.0,0.0,0
0.05064938889787923,0.058421081697771,1580.0,19382.0,0.0006893758609798594,1.629632617743038e-17,0.0,39702.0,0.0,0.0,0
0.05064252949345316,0.058421081697771,1581.0,19382.0,0.0006825164565537992,6.275260461877348e-18,0.0,39702.0,0.0,0.0,0
0.05063573834124153,0.058421081697771,1582.0,19382.0,0.0006757253043421619,1.459620054568828e-17,0.0,39702.0,0.0,0.0,0
0.050629014762123434,0.058421081697771,1583.0,19382.0,0.0006690017252240626,7.201345155590525e-18,0.0,39702.0,0.0,0.0,0
0.05062235808373535,0.058421081697771,1584.0,19382.0,0.00066234504683599,5.445930885417786e-18,0.0,39702.0,0.0,0.0,0
0.05061576764040393,0.058421081697771,1585.0,19382.0,0.0006557546035045559,1.5743439793124008e-17,0.0,39702.0,0.0,0.0,0
0.05060924277307931,0.058421081697771,1586.0,19382.0,0.0006492297361799387,2.1424347391872002e-17,0.0,39702.0,0.0,0.0,0
0.05060278282926932,0.058421081697771,1587.0,19382.0,0.0006427697923699646,-1.0007243555945374e-17,0.0,39702.0,0.0,0.0,0
0.05059638716297423,0.058421081697771,1588.0,19382.0,0.0006363741260748698,-1.9351023450723099e-19,0.0,39702.0,0.0,0.0,0
0.05059005513462208,0.058421081697771,1589.0,19382.0,0.0006300420977226967,2.3096828704398786e-17,0.0,39702.0,0.0,0.0,0
0.05058378611100472,0.058421081697771,1590.0,19382.0,0.0006237730741053324,1.8632271151124813e-17,0.0,39702.0,0.0,0.0,0
0.05057757946521455,0.058421081697771,1591.0,19382.0,0.0006175664283151927,1.0380441865352176e-17,0.0,39702.0,0.0,0.0,0
0.050571434576581885,0.058421081697771,1592.0,19382.0,0.000611421539682524,5.5288638430637424e-18,0.0,39702.0,0.0,0.0,0
0.05056535083061271,0.058421081697771,1593.0,19382.0,0.000605337793713342,8.61120543557178e-18,0.0,39702.0,0.0,0.0,0
0.05055932761892735,0.058421081697771,1594.0,19382.0,0.0005993145820279861,-7.51925482656669e-18,0.0,39702.0,0.0,0.0,0
0.05055336433919962,0.058421081697771,1595.0,19382.0,0.0005933513023002591,1.3932736884520632e-17,0.0,39702.0,0.0,0.0,0
0.050547460395096604,0.058421081697771,1596.0,19382.0,0.0005874473581972231,2.087146100756563e-17,0.0,39702.0,0.0,0.0,0
0.05054161519621892,0.058421081697771,1597.0,19382.0,0.0005816021593195493,1.2080567497094279e-17,0.0,39702.0,0.0,0.0,0
0.05053582815804185,0.058421081697771,1598.0,19382.0,0.0005758151211424776,7.657476422643284e-18,0.0,39702.0,0.0,0.0,0
0.050530098701856735,0.058421081697771,1599.0,19382.0,0.0005700856649573677,2.6262103254552778e-18,0.0,39702.0,0.0,0.0,0
0.0505244262547132,0.058421081697771,1600.0,19382.0,0.000564413217813826,1.570197331430103e-17,0.0,39702.0,0.0,0.0,0
0.05051881024936177,0.058421081697771,1601.0,19382.0,0.0005587972124624067,1.1320348718673013e-17,0.0,39702.0,0.0,0.0,0
0.05051325012419729,0.058421081697771,1602.0,19382.0,0.0005532370872979072,1.8742848427986087e-17,0.0,39702.0,0.0,0.0,0
0.050507745323202534,0.058421081697771,1603.0,19382.0,0.0005477322863031656,9.896666279084099e-18,0.0,39702.0,0.0,0.0,0
0.050502295295892875,0.058421081697771,1604.0,19382.0,0.0005422822589935022,1.2052923177878959e-17,0.0,39702.0,0.0,0.0,0
0.050496899497261,0.058421081697771,1605.0,19382.0,0.0005368864603616408,-7.809520178327537e-18,0.0,39702.0,0.0,0.0,0
0.05049155738772259,0.058421081697771,1606.0,19382.0,0.0005315443508232199,1.7512676222904405e-17,0.0,39702.0,0.0,0.0,0
0.0504862684330622,0.058421081697771,1607.0,19382.0,0.0005262553961628407,-8.790893510471351e-18,0.0,39702.0,0.0,0.0,0
0.05048103210437998,0.058421081697771,1608.0,19382.0,0.0005210190674806201,-9.23320261791645e-18,0.0,39702.0,0.0,0.0,0
0.0504758478780387,0.058421081697771,1609.0,19382.0,0.0005158348411393346,4.6718899473888625e-18,0.0,39702.0,0.0,0.0,0
0.050470715235611405,0.058421081697771,1610.0,19382.0,0.0005107021987120258,2.3083006544791125e-17,0.0,39702.0,0.0,0.0,0
0.05046563366382954,0.058421081697771,1611.0,19382.0,0.000505620626930181,4.6718899473888625e-18,0.0,39702.0,0.0,0.0,0
0.05046060265453173,0.058421081697771,1612.0,19382.0,0.0005005896176323722,4.036070605436532e-18,0.0,39702.0,0.0,0.0,0
0.05045562170461287,0.058421081697771,1613.0,19382.0,0.0004956086677134887,2.2723630394991982e-17,0.0,39702.0,0.0,0.0,0
0.050450690315973754,0.058421081697771,1614.0,19382.0,0.0004906772790743884,1.0504841301821111e-17,0.0,39702.0,0.0,0.0,0
0.05044580799547146,0.058421081697771,1615.0,19382.0,0.00048579495857209253,1.3407494819429575e-17,0.0,39702.0,0.0,0.0,0
0.05044097425486985,0.058421081697771,1616.0,19382.0,0.00048096121797048207,8.625027595179439e-18,0.0,39702.0,0.0,0.0,0
0.05043618861079084,0.058421081697771,1617.0,19382.0,0.00047617557389147337,4.879222341503753e-18,0.0,39702.0,0.0,0.0,0
0.05043145058466603,0.058421081697771,1618.0,19382.0,0.0004714375477666709,3.8702046901446195e-18,0.0,39702.0,0.0,0.0,0
0.05042675970268888,0.058421081697771,1619.0,19382.0,0.0004667466657895078,9.758444683007507e-18,0.0,39702.0,0.0,0.0,0
0.05042211549576725,0.058421081697771,1620.0,19382.0,0.0004621024588678787,9.730800363792187e-18,0.0,39702.0,0.0,0.0,0
0.05041751749947659,0.058421081697771,1621.0,19382.0,0.0004575044625772272,-6.44112637716926e-18,0.0,39702.0,0.0,0.0,0
0.05041296525401345,0.058421081697771,1622.0,19382.0,0.00045295221711408426,2.3912336121250686e-18,0.0,39702.0,0.0,0.0,0
0.05040845830414949,0.058421081697771,1623.0,19382.0,0.0004484452672501163,3.842560370929301e-18,0.0,39702.0,0.0,0.0,0
0.050403996199185945,0.058421081697771,1624.0,19382.0,0.00044398316228658186,-3.814916051713983e-18,0.0,39702.0,0.0,0.0,0
0.050399578492908624,0.058421081697771,1625.0,19382.0,0.00043956545600925645,1.4043314161381906e-17,0.0,39702.0,0.0,0.0,0
0.050395204743543226,0.058421081697771,1626.0,19382.0,0.0004351917066438445,2.7257298746304252e-17,0.0,39702.0,0.0,0.0,0
0.05039087451371113,0.058421081697771,1627.0,19382.0,0.0004308614768117571,1.6876856880952074e-17,0.0,39702.0,0.0,0.0,0
0.050386587370385774,0.058421081697771,1628.0,19382.0,0.0004265743334863971,1.998684279267543e-17,0.0,39702.0,0.0,0.0,0
0.050382342884849246,0.058421081697771,1629.0,19382.0,0.0004223298479498724,1.2412299327678103e-17,0.0,39702.0,0.0,0.0,0
0.05037814063264945,0.058421081697771,1630.0,19382.0,0.00041812759575008155,4.146647882297807e-18,0.0,39702.0,0.0,0.0,0
0.050373980193557676,0.058421081697771,1631.0,19382.0,0.00041396715665830656,1.1748835666510454e-17,0.0,39702.0,0.0,0.0,0
0.05036986115152655,0.058421081697771,1632.0,19382.0,0.00040984811462717183,8.873826468117307e-18,0.0,39702.0,0.0,0.0,0
0.05036578309464839,0.058421081697771,1633.0,19382.0,0.000405770057749045,-1.3296917542568301e-17,0.0,39702.0,0.0,0.0,0
0.050361745615114195,0.058421081697771,1634.0,19382.0,0.0004017325782148292,2.018035302718266e-18,0.0,39702.0,0.0,0.0,0
0.05035774830917258,0.058421081697771,1635.0,19382.0,0.0003977352722732177,5.639441119925018e-18,0.0,39702.0,0.0,0.0,0
0.05035379077708965,0.058421081697771,1636.0,19382.0,0.00039377774019027967,2.5018108889863435e-17,0.0,39702.0,0.0,0.0,0
0.05034987262310889,0.058421081697771,1637.0,19382.0,0.0003898595862095082,2.2682163916169006e-17,0.0,39702.0,0.0,0.0,0
0.0503459934554116,0.058421081697771,1638.0,19382.0,0.00038598041851224316,8.680316233610076e-18,0.0,39702.0,0.0,0.0,0
0.05034215288607785,0.058421081697771,1639.0,19382.0,0.00038213984917848223,1.7250055190358878e-17,0.0,39702.0,0.0,0.0,0
0.050338350531047446,0.058421081697771,1640.0,19382.0,0.000378337494148088,4.630423468565885e-18,0.0,39702.0,0.0,0.0,0
0.05033458601008176,0.058421081697771,1641.0,19382.0,0.0003745729731823884,1.871520410877077e-17,0.0,39702.0,0.0,0.0,0
0.05033085894672552,0.058421081697771,1642.0,19382.0,0.00037084590982615714,1.5342597164501887e-18,0.0,39702.0,0.0,0.0,0
0.050327168968269304,0.058421081697771,1643.0,19382.0,0.00036715593136994626,3.980781967005895e-18,0.0,39702.0,0.0,0.0,0
0.0503235157057122,0.058421081697771,1644.0,19382.0,0.0003635026688128351,1.1444748155141948e-17,0.0,39702.0,0.0,0.0,0
0.05031989879372491,0.058421081697771,1645.0,19382.0,0.00035988575682552857,2.815573912080211e-17,0.0,39702.0,0.0,0.0,0
0.05031631787061318,0.058421081697771,1646.0,19382.0,0.00035630483371380697,6.966368442260316e-18,0.0,39702.0,0.0,0.0,0
0.05031277257828175,0.058421081697771,1647.0,19382.0,0.0003527595413823784,1.1721191347295134e-17,0.0,39702.0,0.0,0.0,0
0.05030926256219843,0.058421081697771,1648.0,19382.0,0.00034924952529905934,1.1126838484165783e-17,0.0,39702.0,0.0,0.0,0
0.05030578747135867,0.058421081697771,1649.0,19382.0,0.0003457744344593063,6.8419690057913815e-18,0.0,39702.0,0.0,0.0,0
0.050302346958250525,0.058421081697771,1650.0,19382.0,0.0003423339213511519,1.2771675477477246e-17,0.0,39702.0,0.0,0.0,0
0.05029894067881976,0.058421081697771,1651.0,19382.0,0.00033892764192040744,-6.828146846183722e-18,0.0,39702.0,0.0,0.0,0
0.050295568292435665,0.058421081697771,1652.0,19382.0,0.0003355552555362965,-5.528863843063742e-20,0.0,39702.0,0.0,0.0,0
0.05029222946185674,0.058421081697771,1653.0,19382.0,0.0003322164249573695,1.3849803926874675e-17,0.0,39702.0,0.0,0.0,0
0.050288923853197165,0.058421081697771,1654.0,19382.0,0.0003289108162977875,2.409202419615026e-17,0.0,39702.0,0.0,0.0,0
0.0502856511358933,0.058421081697771,1655.0,19382.0,0.0003256380989939291,-7.325744592059459e-19,0.0,39702.0,0.0,0.0,0
0.050282410982670694,0.058421081697771,1656.0,19382.0,0.0003223979457713324,1.0256042428883243e-17,0.0,39702.0,0.0,0.0,0
0.05027920306951134,0.058421081697771,1657.0,19382.0,0.0003191900326119828,2.6538546446705966e-18,0.0,39702.0,0.0,0.0,0
0.050276027075621246,0.058421081697771,1658.0,19382.0,0.0003160140387218833,1.9627466642876286e-18,0.0,39702.0,0.0,0.0,0
0.050272882683398384,0.058421081697771,1659.0,19382.0,0.0003128696464990038,2.366353724831282e-17,0.0,39702.0,0.0,0.0,0
0.050269769578400875,0.058421081697771,1660.0,19382.0,0.0003097565415015012,1.9254268333469483e-17,0.0,39702.0,0.0,0.0,0
0.05026668744931563,0.058421081697771,1661.0,19382.0,0.00030667441241627973,-1.2052923177878959e-17,0.0,39702.0,0.0,0.0,0
0.050263635987927234,0.058421081697771,1662.0,19382.0,0.000303622951027859,9.592578767715594e-18,0.0,39702.0,0.0,0.0,0
0.05026061488908694,0.058421081697771,1663.0,19382.0,0.0003006018521875663,1.5204375568425294e-17,0.0,39702.0,0.0,0.0,0
0.05025762385068235,0.058421081697771,1664.0,19382.0,0.00029761081378299446,-9.841377640653462e-18,0.0,39702.0,0.0,0.0,0
0.05025466257360718,0.058421081697771,1665.0,19382.0,0.0002946495367078056,1.592312786802358e-17,0.0,39702.0,0.0,0.0,0
0.05025173076173119,0.058421081697771,1666.0,19382.0,0.00029171772483183175,-4.989799618365028e-18,0.0,39702.0,0.0,0.0,0
0.05024882812187081,0.058421081697771,1667.0,19382.0,0.00028881508497144,-1.6863034721344415e-18,0.0,39702.0,0.0,0.0,0
0.0502459543637596,0.058421081697771,1668.0,19382.0,0.00028594132686022737,9.523467969677297e-18,0.0,39702.0,0.0,0.0,0
0.05024310920001934,0.058421081697771,1669.0,19382.0,0.00028309616311998414,-4.4507353936663125e-18,0.0,39702.0,0.0,0.0,0
0.050240292346131345,0.058421081697771,1670.0,19382.0,0.0002802793092319668,1.2412299327678103e-17,0.0,39702.0,0.0,0.0,0
0.0502375035204078,0.058421081697771,1671.0,19382.0,0.0002774904835084428,3.897849009359939e-18,0.0,39702.0,0.0,0.0,0
0.05023474244396387,0.058421081697771,1672.0,19382.0,0.00027472940706450757,3.5108285403454765e-18,0.0,39702.0,0.0,0.0,0
0.0502320088406896,0.058421081697771,1673.0,19382.0,0.0002719958037902237,1.5397885802932523e-17,0.0,39702.0,0.0,0.0,0
0.05022930243722235,0.058421081697771,1674.0,19382.0,0.00026928940032298074,1.1251237920634717e-17,0.0,39702.0,0.0,0.0,0
0.05022662296291955,0.058421081697771,1675.0,19382.0,0.0002666099260201823,7.574543464997327e-18,0.0,39702.0,0.0,0.0,0
0.05022397014983153,0.058421081697771,1676.0,19382.0,0.00026395711293215716,2.9164756772161243e-18,0.0,39702.0,0.0,0.0,0
0.05022134373267478,0.058421081697771,1677.0,19382.0,0.00026133069577539454,1.8549338193478858e-17,0.0,39702.0,0.0,0.0,0
0.05021874344880536,0.058421081697771,1678.0,19382.0,0.0002587304119059834,1.9046935939354593e-17,0.0,39702.0,0.0,0.0,0
0.05021616903819275,0.058421081697771,1679.0,19382.0,0.00025615600129337383,2.4644910580456632e-17,0.0,39702.0,0.0,0.0,0
0.050213620243393715,0.058421081697771,1680.0,19382.0,0.0002536072064943564,3.538472859560795e-18,0.0,39702.0,0.0,0.0,0
0.050211096809526706,0.058421081697771,1681.0,19382.0,0.0002510837726273293,9.564934448500274e-18,0.0,39702.0,0.0,0.0,0
0.050208598484246164,0.058421081697771,1682.0,19382.0,0.0002485854473468017,-2.239189856440816e-18,0.0,39702.0,0.0,0.0,0
0.05020612501771753,0.058421081697771,1683.0,19382.0,0.0002461119808181608,8.970581585370923e-18,0.0,39702.0,0.0,0.0,0
0.050203676162592074,0.058421081697771,1684.0,19382.0,0.00024366312569270185,1.611663810253081e-17,0.0,39702.0,0.0,0.0,0
0.050201251673982226,0.058421081697771,1685.0,19382.0,0.0002412386370828608,3.0408751136850583e-19,0.0,39702.0,0.0,0.0,0
0.050198851309437124,0.058421081697771,1686.0,19382.0,0.0002388382725377636,1.3573360734721488e-17,0.0,39702.0,0.0,0.0,0
0.05019647482891832,0.058421081697771,1687.0,19382.0,0.00023646179201895157,7.146056517159888e-18,0.0,39702.0,0.0,0.0,0
0.05019412199477577,0.058421081697771,1688.0,19382.0,0.00023410895787639215,2.062266213462776e-17,0.0,39702.0,0.0,0.0,0
0.05019179257172409,0.058421081697771,1689.0,19382.0,0.00023177953482471218,1.4319757353535094e-17,0.0,39702.0,0.0,0.0,0
0.050189486326819036,0.058421081697771,1690.0,19382.0,0.00022947328991966665,1.679392392330612e-17,0.0,39702.0,0.0,0.0,0
0.05018720302943421,0.058421081697771,1691.0,19382.0,0.00022718999253484176,5.238598491302896e-18,0.0,39702.0,0.0,0.0,0
0.05018494245123798,0.058421081697771,1692.0,19382.0,0.0002249294143385921,3.715396502538835e-17,0.0,39702.0,0.0,0.0,0
0.05018270436617058,0.058421081697771,1693.0,19382.0,0.0002226913292712232,-6.385837738738623e-18,0.0,39702.0,0.0,0.0,0
0.05018048855042172,0.058421081697771,1694.0,19382.0,0.0002204755135223545,7.602187784212647e-18,0.0,39702.0,0.0,0.0,0
0.05017829478240794,0.058421081697771,1695.0,19382.0,0.00021828174550856693,1.5757261952731666e-17,0.0,39702.0,0.0,0.0,0
0.05017612284275061,0.058421081697771,1696.0,19382.0,0.00021610980585123467,1.93510234507231e-17,0.0,39702.0,0.0,0.0,0
0.05017397251425395,0.058421081697771,1697.0,19382.0,0.00021395947735458162,9.647867406146231e-18,0.0,39702.0,0.0,0.0,0
0.05017184358188335,0.058421081697771,1698.0,19382.0,0.00021183054498396395,2.3083006544791125e-17,0.0,39702.0,0.0,0.0,0
0.050169735832743735,0.058421081697771,1699.0,19382.0,0.00020972279584436675,5.058910416403325e-18,0.0,39702.0,0.0,0.0,0
0.050167649056058514,0.058421081697771,1700.0,19382.0,0.00020763601915912812,3.5080641084239447e-17,0.0,39702.0,0.0,0.0,0
0.05016558304314821,0.058421081697771,1701.0,19382.0,0.00020557000624883587,1.4886465897449127e-17,0.0,39702.0,0.0,0.0,0
0.05016353758740985,0.058421081697771,1702.0,19382.0,0.00020352455051047776,1.7775297255449932e-17,0.0,39702.0,0.0,0.0,0
0.05016151248429615,0.058421081697771,1703.0,19382.0,0.00020149944739676832,1.1071549845735144e-17,0.0,39702.0,0.0,0.0,0
0.05015950753129508,0.058421081697771,1704.0,19382.0,0.00019949449439572015,4.0913592438671695e-18,0.0,39702.0,0.0,0.0,0
0.050157522527909726,0.058421081697771,1705.0,19382.0,0.00019750949101035733,8.59738327596412e-18,0.0,39702.0,0.0,0.0,0
0.05015555727563805,0.058421081697771,1706.0,19382.0,0.00019554423873868713,9.371424213993044e-18,0.0,39702.0,0.0,0.0,0
0.050153611577953214,0.058421081697771,1707.0,19382.0,0.0001935985410538431,1.6254859698607404e-17,0.0,39702.0,0.0,0.0,0
0.050151685240283815,0.058421081697771,1708.0,19382.0,0.00019167220338443754,2.1009682603642222e-17,0.0,39702.0,0.0,0.0,0
0.05014977806999449,0.058421081697771,1709.0,19382.0,0.00018976503309510253,2.8446004472562955e-17,0.0,39702.0,0.0,0.0,0
0.050147889876366585,0.058421081697771,1710.0,19382.0,0.00018787683946721283,7.159878676767547e-18,0.0,39702.0,0.0,0.0,0
0.05014602047057921,0.058421081697771,1711.0,19382.0,0.00018600743367983293,1.8576982512694176e-17,0.0,39702.0,0.0,0.0,0
0.05014416966569021,0.058421081697771,1712.0,19382.0,0.00018415662879082758,1.9682755281306924e-17,0.0,39702.0,0.0,0.0,0
0.05014233727661753,0.058421081697771,1713.0,19382.0,0.0001823242397181671,5.197132012479918e-18,0.0,39702.0,0.0,0.0,0
0.05014052312012077,0.058421081697771,1714.0,19382.0,0.000180510083221413,-1.6393081294683997e-17,0.0,39702.0,0.0,0.0,0
0.05013872701478278,0.058421081697771,1715.0,19382.0,0.00017871397788340717,1.5784906271946984e-17,0.0,39702.0,0.0,0.0,0
0.05013694878099149,0.058421081697771,1716.0,19382.0,0.00017693574409212103,8.777071350863692e-18,0.0,39702.0,0.0,0.0,0
0.050135188240922064,0.058421081697771,1717.0,19382.0,0.00017517520402269245,8.15507416851902e-18,0.0,39702.0,0.0,0.0,0
0.05013344521851902,0.058421081697771,1718.0,19382.0,0.00017343218161963887,1.8217606362895033e-17,0.0,39702.0,0.0,0.0,0
0.05013171953947865,0.058421081697771,1719.0,19382.0,0.00017170650257928118,8.15507416851902e-19,0.0,39702.0,0.0,0.0,0
0.050130011031231644,0.058421081697771,1720.0,19382.0,0.00016999799433226916,1.8535516033871197e-17,0.0,39702.0,0.0,0.0,0
0.05012831952292573,0.058421081697771,1721.0,19382.0,0.00016830648602635334,1.097479472848153e-17,0.0,39702.0,0.0,0.0,0
0.05012664484540867,0.058421081697771,1722.0,19382.0,0.0001666318085092994,1.6697168806052503e-17,0.0,39702.0,0.0,0.0,0
0.05012498683121132,0.058421081697771,1723.0,19382.0,0.00016497379431195644,5.528863843063742e-20,0.0,39702.0,0.0,0.0,0
0.050123345314530894,0.058421081697771,1724.0,19382.0,0.00016333227763152004,9.0120480641939e-18,0.0,39702.0,0.0,0.0,0
0.050121720131214326,0.058421081697771,1725.0,19382.0,0.00016170709431496011,5.777662716001611e-18,0.0,39702.0,0.0,0.0,0
0.050120111118741956,0.058421081697771,1726.0,19382.0,0.00016009808184258448,-2.0733239411489036e-18,0.0,39702.0,0.0,0.0,0
0.05011851811621119,0.058421081697771,1727.0,19382.0,0.0001585050793118137,2.6676768042782558e-17,0.0,39702.0,0.0,0.0,0
0.05011694096432044,0.058421081697771,1728.0,19382.0,0.0001569279274210589,2.2433365043231137e-17,0.0,39702.0,0.0,0.0,0
0.05011537950535319,0.058421081697771,1729.0,19382.0,0.00015536646845382143,1.3932736884520632e-17,0.0,39702.0,0.0,0.0,0
0.05011383358316227,0.058421081697771,1730.0,19382.0,0.00015382054626290244,1.0338975386529199e-17,0.0,39702.0,0.0,0.0,0
0.05011230304315417,0.058421081697771,1731.0,19382.0,0.0001522900062547896,2.933062268745316e-17,0.0,39702.0,0.0,0.0,0
0.05011078773227358,0.058421081697771,1732.0,19382.0,0.00015077469537421847,2.7644319215318713e-19,0.0,39702.0,0.0,0.0,0
0.05010928749898818,0.058421081697771,1733.0,19382.0,0.00014927446208882434,-1.7360632467220152e-17,0.0,39702.0,0.0,0.0,0
0.050107802193273404,0.058421081697771,1734.0,19382.0,0.00014778915637403748,1.4762066460980192e-17,0.0,39702.0,0.0,0.0,0
0.05010633166659741,0.058421081697771,1735.0,19382.0,0.0001463186296980451,-1.1334170878280672e-18,0.0,39702.0,0.0,0.0,0
0.050104875771906324,0.058421081697771,1736.0,19382.0,0.00014486273500695677,4.340158116805038e-18,0.0,39702.0,0.0,0.0,0
0.05010343436360947,0.058421081697771,1737.0,19382.0,0.0001434213267100845,3.118279207487951e-17,0.0,39702.0,0.0,0.0,0
0.05010200729756477,0.058421081697771,1738.0,19382.0,0.0001419942606654079,1.202527885866364e-17,0.0,39702.0,0.0,0.0,0
0.0501005944310645,0.058421081697771,1739.0,19382.0,0.0001405813941651208,1.4250646555496796e-17,0.0,39702.0,0.0,0.0,0
0.05009919562282077,0.058421081697771,1740.0,19382.0,0.0001391825859214051,1.2619631721792993e-17,0.0,39702.0,0.0,0.0,0
0.05009781073295164,0.058421081697771,1741.0,19382.0,0.0001377976960522655,2.1230837157364773e-17,0.0,39702.0,0.0,0.0,0
0.05009643962296692,0.058421081697771,1742.0,19382.0,0.00013642658606756398,-9.951954917514737e-19,0.0,39702.0,0.0,0.0,0
0.05009508215575454,0.058421081697771,1743.0,19382.0,0.00013506911885515557,2.7188187948265954e-17,0.0,39702.0,0.0,0.0,0
0.05009373819556656,0.058421081697771,1744.0,19382.0,0.0001337251586671966,7.71276506107392e-18,0.0,39702.0,0.0,0.0,0
0.050092407608005915,0.058421081697771,1745.0,19382.0,0.00013239457110653718,8.445339520279867e-18,0.0,39702.0,0.0,0.0,0
0.05009109026001269,0.058421081697771,1746.0,19382.0,0.00013107722311331987,9.786089002222825e-18,0.0,39702.0,0.0,0.0,0
0.050089786019851014,0.058421081697771,1747.0,19382.0,0.0001297729829516452,2.085763884795797e-17,0.0,39702.0,0.0,0.0,0
0.05008849475709578,0.058421081697771,1748.0,19382.0,0.00012848172019641046,1.675245744448314e-17,0.0,39702.0,0.0,0.0,0
0.05008721634261964,0.058421081697771,1749.0,19382.0,0.00012720330572026166,2.1866656499317104e-17,0.0,39702.0,0.0,0.0,0
0.05008595064858006,0.058421081697771,1750.0,19382.0,0.00012593761168069103,1.141710383592663e-17,0.0,39702.0,0.0,0.0,0
0.05008469754840661,0.058421081697771,1751.0,19382.0,0.00012468451150723694,1.4333579513142754e-17,0.0,39702.0,0.0,0.0,0
0.05008345691678821,0.058421081697771,1752.0,19382.0,0.0001234438798888349,1.5480818760578478e-17,0.0,39702.0,0.0,0.0,0
0.050082228629660656,0.058421081697771,1753.0,19382.0,0.00012221559276129535,-1.2439943646893422e-18,0.0,39702.0,0.0,0.0,0
0.05008101256419425,0.058421081697771,1754.0,19382.0,0.00012099952729487612,7.698942901466261e-18,0.0,39702.0,0.0,0.0,0
0.05007980859878139,0.058421081697771,1755.0,19382.0,0.00011979556188202019,8.099785530088384e-18,0.0,39702.0,0.0,0.0,0
0.05007861661302456,0.058421081697771,1756.0,19382.0,0.00011860357612518033,3.311789441995182e-17,0.0,39702.0,0.0,0.0,0
0.050077436487724156,0.058421081697771,1757.0,19382.0,0.00011742345082479231,1.3670115851975104e-17,0.0,39702.0,0.0,0.0,0
0.050076268104866706,0.058421081697771,1758.0,19382.0,0.00011625506796733836,1.592312786802358e-17,0.0,39702.0,0.0,0.0,0
0.050075111347612944,0.058421081697771,1759.0,19382.0,0.00011509831071356154,2.7754896492179987e-17,0.0,39702.0,0.0,0.0,0
0.050073966100286145,0.058421081697771,1760.0,19382.0,0.00011395306338677402,8.569738956748801e-19,0.0,39702.0,0.0,0.0,0
0.050072832248360635,0.058421081697771,1761.0,19382.0,0.00011281921146128326,-1.1334170878280673e-17,0.0,39702.0,0.0,0.0,0
0.05007170967845031,0.058421081697771,1762.0,19382.0,0.00011169664155095443,-5.224776331695237e-18,0.0,39702.0,0.0,0.0,0
0.050070598278297226,0.058421081697771,1763.0,19382.0,0.0001105852413978619,1.0145465152021968e-17,0.0,39702.0,0.0,0.0,0
0.05006949793676044,0.058421081697771,1764.0,19382.0,0.0001094848998610686,8.929115106547945e-18,0.0,39702.0,0.0,0.0,0
0.05006840854380487,0.058421081697771,1765.0,19382.0,0.00010839550690549167,1.9931554154244793e-17,0.0,39702.0,0.0,0.0,0
0.0500673299904903,0.058421081697771,1766.0,19382.0,0.00010731695359094286,-4.8930445011114125e-18,0.0,39702.0,0.0,0.0,0
0.05006626216896054,0.058421081697771,1767.0,19382.0,0.00010624913206118093,-5.667085439140336e-18,0.0,39702.0,0.0,0.0,0
0.050065204972432525,0.058421081697771,1768.0,19382.0,0.00010519193553316015,5.487397364240765e-18,0.0,39702.0,0.0,0.0,0
0.05006415829518572,0.058421081697771,1769.0,19382.0,0.0001041452582863583,-2.7644319215318712e-18,0.0,39702.0,0.0,0.0,0
0.05006312203255154,0.058421081697771,1770.0,19382.0,0.00010310899565217311,-5.3215314489488524e-18,0.0,39702.0,0.0,0.0,0
0.05006209608090284,0.058421081697771,1771.0,19382.0,0.00010208304400347964,5.1694876932645994e-18,0.0,39702.0,0.0,0.0,0
0.05006108033764362,0.058421081697771,1772.0,19382.0,0.00010106730074425615,1.0145465152021968e-17,0.0,39702.0,0.0,0.0,0
0.050060074701198685,0.058421081697771,1773.0,19382.0,0.00010006166429932825,-3.911671168967598e-18,0.0,39702.0,0.0,0.0,0
0.05005907907100359,0.058421081697771,1774.0,19382.0,9.90660341042115e-05,2.2253676968331565e-17,0.0,39702.0,0.0,0.0,0
0.050058093347494455,0.058421081697771,1775.0,19382.0,9.808031059506416e-05,2.6842633958074472e-17,0.0,39702.0,0.0,0.0,0
0.05005711743209808,0.058421081697771,1776.0,19382.0,9.710439519870946e-05,7.270455953628822e-18,0.0,39702.0,0.0,0.0,0
0.050056151227222165,0.058421081697771,1777.0,19382.0,9.613819032279743e-05,1.5149086929994654e-17,0.0,39702.0,0.0,0.0,0
0.050055194636245394,0.058421081697771,1778.0,19382.0,9.518159934603014e-05,3.4278955826995204e-18,0.0,39702.0,0.0,0.0,0
0.05005424756350789,0.058421081697771,1779.0,19382.0,9.423452660852022e-05,1.6462192092722294e-17,0.0,39702.0,0.0,0.0,0
0.05005330991430157,0.058421081697771,1780.0,19382.0,9.329687740219477e-05,1.1900879422194706e-17,0.0,39702.0,0.0,0.0,0
0.050052381594860716,0.058421081697771,1781.0,19382.0,9.236855796135901e-05,-8.846182148901987e-19,0.0,39702.0,0.0,0.0,0
0.05005146251235268,0.058421081697771,1782.0,19382.0,9.14494754532937e-05,2.4948998091825138e-17,0.0,39702.0,0.0,0.0,0
0.05005055257486835,0.058421081697771,1783.0,19382.0,9.053953796898138e-05,1.1555325432003222e-17,0.0,39702.0,0.0,0.0,0
0.05004965169141329,0.058421081697771,1784.0,19382.0,8.963865451391642e-05,6.01263942933182e-18,0.0,39702.0,0.0,0.0,0
0.05004875977189838,0.058421081697771,1785.0,19382.0,8.874673499900241e-05,1.7968807489957164e-19,0.0,39702.0,0.0,0.0,0
0.05004787672713092,0.058421081697771,1786.0,19382.0,8.786369023154492e-05,1.4485623268827004e-17,0.0,39702.0,0.0,0.0,0
0.0500470024688057,0.058421081697771,1787.0,19382.0,8.69894319063287e-05,1.0283686748098562e-17,0.0,39702.0,0.0,0.0,0
0.05004613690949617,0.058421081697771,1788.0,19382.0,8.612387259679615e-05,1.9655110962091605e-17,0.0,39702.0,0.0,0.0,0
0.05004527996264566,0.058421081697771,1789.0,19382.0,8.526692574629214e-05,1.3490427777075532e-17,0.0,39702.0,0.0,0.0,0
0.05004443154255879,0.058421081697771,1790.0,19382.0,8.441850565941906e-05,1.4444156790004028e-17,0.0,39702.0,0.0,0.0,0
0.05004359156439283,0.058421081697771,1791.0,19382.0,8.357852749346433e-05,6.247616142662029e-18,0.0,39702.0,0.0,0.0,0
0.050042759944149265,0.058421081697771,1792.0,19382.0,8.274690724990007e-05,2.861187038785487e-18,0.0,39702.0,0.0,0.0,0
0.050041936598665404,0.058421081697771,1793.0,19382.0,8.192356176602248e-05,1.4430334630396368e-17,0.0,39702.0,0.0,0.0,0
0.05004112144560594,0.058421081697771,1794.0,19382.0,8.110840870659164e-05,-1.0477196982605793e-17,0.0,39702.0,0.0,0.0,0
0.05004031440345499,0.058421081697771,1795.0,19382.0,8.030136655561841e-05,6.358193419523304e-18,0.0,39702.0,0.0,0.0,0
0.05003951539150758,0.058421081697771,1796.0,19382.0,7.950235460822324e-05,4.837755862680774e-19,0.0,39702.0,0.0,0.0,0
0.050038724329861894,0.058421081697771,1797.0,19382.0,7.871129296253905e-05,-2.211545537225497e-19,0.0,39702.0,0.0,0.0,0
0.0500379411394111,0.058421081697771,1798.0,19382.0,7.792810251174289e-05,-1.9627466642876286e-18,0.0,39702.0,0.0,0.0,0
0.0500371657418355,0.058421081697771,1799.0,19382.0,7.71527049361392e-05,-5.971172950508842e-18,0.0,39702.0,0.0,0.0,0
0.0500363980595947,0.058421081697771,1800.0,19382.0,7.638502269532034e-05,2.841836015334764e-17,0.0,39702.0,0.0,0.0,0
0.05003563801591981,0.058421081697771,1801.0,19382.0,7.562497902043275e-05,1.459620054568828e-17,0.0,39702.0,0.0,0.0,0
0.05003488553480583,0.058421081697771,1802.0,19382.0,7.487249790646267e-05,1.0186931630844946e-17,0.0,39702.0,0.0,0.0,0
0.050034140541004045,0.058421081697771,1803.0,19382.0,7.412750410467603e-05,5.141843374049281e-18,0.0,39702.0,0.0,0.0,0
0.05003340296001444,0.058421081697771,1804.0,19382.0,7.338992311507913e-05,9.841377640653462e-18,0.0,39702.0,0.0,0.0,0
0.05003267271807831,0.058421081697771,1805.0,19382.0,7.265968117894525e-05,6.814324686576063e-18,0.0,39702.0,0.0,0.0,0
0.05003194974217085,0.058421081697771,1806.0,19382.0,7.193670527148226e-05,4.699534266604181e-18,0.0,39702.0,0.0,0.0,0
0.050031233959993864,0.058421081697771,1807.0,19382.0,7.12209230944944e-05,5.80530703521693e-18,0.0,39702.0,0.0,0.0,0
0.050030525299968535,0.058421081697771,1808.0,19382.0,7.051226306916589e-05,1.0352797546136858e-17,0.0,39702.0,0.0,0.0,0
0.05002982369122827,0.058421081697771,1809.0,19382.0,6.98106543289053e-05,6.703747409714788e-18,0.0,39702.0,0.0,0.0,0
0.050029129063611615,0.058421081697771,1810.0,19382.0,6.911602671225412e-05,6.302904781092667e-18,0.0,39702.0,0.0,0.0,0
0.05002844134765525,0.058421081697771,1811.0,19382.0,6.84283107558695e-05,2.9772931794898253e-17,0.0,39702.0,0.0,0.0,0
0.05002776047458696,0.058421081697771,1812.0,19382.0,6.774743768758568e-05,1.8355827958971626e-17,0.0,39702.0,0.0,0.0,0
0.05002708637631889,0.058421081697771,1813.0,19382.0,6.707333941952368e-05,7.906275295581151e-18,0.0,39702.0,0.0,0.0,0
0.05002641898544069,0.058421081697771,1814.0,19382.0,6.64059485413013e-05,3.3836646719550107e-17,0.0,39702.0,0.0,0.0,0
0.05002575823521265,0.058421081697771,1815.0,19382.0,6.574519831327376e-05,9.951954917514737e-18,0.0,39702.0,0.0,0.0,0
0.050025104059559226,0.058421081697771,1816.0,19382.0,6.50910226598609e-05,-1.9351023450723099e-19,0.0,39702.0,0.0,0.0,0
0.05002445639306232,0.058421081697771,1817.0,19382.0,6.444335616295996e-05,3.179096709761652e-19,0.0,39702.0,0.0,0.0,0
0.05002381517095474,0.058421081697771,1818.0,19382.0,6.38021340553735e-05,6.924901963437338e-18,0.0,39702.0,0.0,0.0,0
0.05002318032911372,0.058421081697771,1819.0,19382.0,6.316729221436963e-05,-7.408677549705415e-18,0.0,39702.0,0.0,0.0,0
0.050022551804054585,0.058421081697771,1820.0,19382.0,6.253876715522108e-05,1.5619040356655073e-18,0.0,39702.0,0.0,0.0,0
0.05002192953292427,0.058421081697771,1821.0,19382.0,6.191649602490524e-05,1.4568556226472963e-17,0.0,39702.0,0.0,0.0,0
0.050021313453495156,0.058421081697771,1822.0,19382.0,6.130041659578672e-05,1.181794646454875e-17,0.0,39702.0,0.0,0.0,0
0.050020703504158784,0.058421081697771,1823.0,19382.0,6.069046725941535e-05,-1.7692364297803975e-18,0.0,39702.0,0.0,0.0,0
0.050020099623919706,0.058421081697771,1824.0,19382.0,6.008658702034152e-05,3.1514523905463335e-18,0.0,39702.0,0.0,0.0,0
0.05001950175238941,0.058421081697771,1825.0,19382.0,5.948871549004587e-05,7.698942901466261e-18,0.0,39702.0,0.0,0.0,0
0.05001890982978024,0.058421081697771,1826.0,19382.0,5.8896792880869596e-05,1.528730852607125e-17,0.0,39702.0,0.0,0.0,0
0.050018323796899425,0.058421081697771,1827.0,19382.0,5.831076000006725e-05,-1.0228398109667924e-18,0.0,39702.0,0.0,0.0,0
0.05001774359514323,0.058421081697771,1828.0,19382.0,5.773055824385201e-05,1.741592110565079e-17,0.0,39702.0,0.0,0.0,0
0.05001716916649094,0.058421081697771,1829.0,19382.0,5.715612959157424e-05,6.855791165399041e-18,0.0,39702.0,0.0,0.0,0
0.05001660045349925,0.058421081697771,1830.0,19382.0,5.658741659988128e-05,5.2524206509105555e-18,0.0,39702.0,0.0,0.0,0
0.05001603739929637,0.058421081697771,1831.0,19382.0,5.602436239700998e-05,-1.0643062897897705e-18,0.0,39702.0,0.0,0.0,0
0.050015479947576436,0.058421081697771,1832.0,19382.0,5.546691067705984e-05,1.4057136320989567e-17,0.0,39702.0,0.0,0.0,0
0.05001492804259377,0.058421081697771,1833.0,19382.0,5.491500569440375e-05,4.547490510919929e-18,0.0,39702.0,0.0,0.0,0
0.05001438162915745,0.058421081697771,1834.0,19382.0,5.436859225807751e-05,1.4637667024511257e-17,0.0,39702.0,0.0,0.0,0
0.05001384065262565,0.058421081697771,1835.0,19382.0,5.382761572628857e-05,-3.358784784661224e-18,0.0,39702.0,0.0,0.0,0
0.05001330505890029,0.058421081697771,1836.0,19382.0,5.329202200092679e-05,8.652671914394757e-18,0.0,39702.0,0.0,0.0,0
0.05001277479442154,0.058421081697771,1837.0,19382.0,5.2761757522172775e-05,1.1057727686127484e-19,0.0,39702.0,0.0,0.0,0
0.050012249806162506,0.058421081697771,1838.0,19382.0,5.223676926314189e-05,1.1665902708864497e-17,0.0,39702.0,0.0,0.0,0
0.05001173004162394,0.058421081697771,1839.0,19382.0,5.171700472456578e-05,1.695978983859803e-17,0.0,39702.0,0.0,0.0,0
0.05001121544882894,0.058421081697771,1840.0,19382.0,5.1202411929561e-05,1.4679133503334237e-17,0.0,39702.0,0.0,0.0,0
0.050010705976317786,0.058421081697771,1841.0,19382.0,5.069293941841969e-05,6.7728582077530846e-18,0.0,39702.0,0.0,0.0,0
0.05001020157314282,0.058421081697771,1842.0,19382.0,5.018853624346609e-05,7.629832103427965e-18,0.0,39702.0,0.0,0.0,0
0.05000970218886333,0.058421081697771,1843.0,19382.0,4.968915196395595e-05,1.7941163170741846e-17,0.0,39702.0,0.0,0.0,0
0.05000920777354041,0.058421081697771,1844.0,19382.0,4.919473664105462e-05,-4.146647882297807e-19,0.0,39702.0,0.0,0.0,0
0.05000871827773218,0.058421081697771,1845.0,19382.0,4.8705240832805726e-05,2.294478494871453e-18,0.0,39702.0,0.0,0.0,0
0.05000823365248862,0.058421081697771,1846.0,19382.0,4.822061558923395e-05,2.0899105326780948e-17,0.0,39702.0,0.0,0.0,0
0.05000775384934677,0.058421081697771,1847.0,19382.0,4.774081244740475e-05,1.9351023450723099e-19,0.0,39702.0,0.0,0.0,0
0.05000727882032596,0.058421081697771,1848.0,19382.0,4.726578342660228e-05,6.9110798038296784e-18,0.0,39702.0,0.0,0.0,0
0.05000680851792289,0.058421081697771,1849.0,19382.0,4.6795481023530214e-05,-3.483184221130158e-18,0.0,39702.0,0.0,0.0,0
0.05000634289510694,0.058421081697771,1850.0,19382.0,4.6329858207556564e-05,2.9620888039214003e-17,0.0,39702.0,0.0,0.0,0
0.05000588190531539,0.058421081697771,1851.0,19382.0,4.5868868416015803e-05,1.8908714343278e-17,0.0,39702.0,0.0,0.0,0
0.0500054255024489,0.058421081697771,1852.0,19382.0,4.5412465549538595e-05,-1.2163500454740233e-18,0.0,39702.0,0.0,0.0,0
0.05000497364086683,0.058421081697771,1853.0,19382.0,4.4960603967462756e-05,1.9268090493077144e-17,0.0,39702.0,0.0,0.0,0
0.05000452627538261,0.058421081697771,1854.0,19382.0,4.451323848324762e-05,-1.3822159607659357e-19,0.0,39702.0,0.0,0.0,0
0.05000408336125934,0.058421081697771,1855.0,19382.0,4.4070324359974816e-05,1.824525068211035e-18,0.0,39702.0,0.0,0.0,0
0.05000364485420524,0.058421081697771,1856.0,19382.0,4.363181730586277e-05,1.0504841301821111e-17,0.0,39702.0,0.0,0.0,0
0.050003210710369214,0.058421081697771,1857.0,19382.0,4.3197673469847076e-05,1.1859412943371728e-17,0.0,39702.0,0.0,0.0,0
0.05000278088633655,0.058421081697771,1858.0,19382.0,4.276784943717283e-05,2.1203192838149454e-17,0.0,39702.0,0.0,0.0,0
0.05000235533912446,0.058421081697771,1859.0,19382.0,4.2342302225082616e-05,1.6669524486837184e-17,0.0,39702.0,0.0,0.0,0
0.050001934026177856,0.058421081697771,1860.0,19382.0,4.192098927849919e-05,1.2163500454740233e-18,0.0,39702.0,0.0,0.0,0
0.050001516905365154,0.058421081697771,1861.0,19382.0,4.1503868465778796e-05,1.1306526559065354e-17,0.0,39702.0,0.0,0.0,0
0.05000110393497387,0.058421081697771,1862.0,19382.0,4.10908980744914e-05,1.7332988148004833e-17,0.0,39702.0,0.0,0.0,0
0.050000695073706636,0.058421081697771,1863.0,19382.0,4.0682036807254694e-05,2.258540879891539e-17,0.0,39702.0,0.0,0.0,0
0.05000029028067697,0.058421081697771,1864.0,19382.0,4.0277243777598084e-05,3.64905013642207e-18,0.0,39702.0,0.0,0.0,0
0.04999988951540526,0.058421081697771,1865.0,19382.0,3.9876478505889394e-05,3.566117178776114e-18,0.0,39702.0,0.0,0.0,0
0.049999492737814615,0.058421081697771,1866.0,19382.0,3.947970091525611e-05,5.667085439140336e-19,0.0,39702.0,0.0,0.0,0
0.04999909990822699,0.058421081697771,1867.0,19382.0,3.9086871327613744e-05,1.376687096922872e-17,0.0,39702.0,0.0,0.0,0
0.04999871098735905,0.058421081697771,1868.0,19382.0,3.869795045968203e-05,-7.740409380289239e-19,0.0,39702.0,0.0,0.0,0
0.0499983259363184,0.058421081697771,1869.0,19382.0,3.8312899419040956e-05,7.159878676767547e-18,0.0,39702.0,0.0,0.0,0
0.04999794471659964,0.058421081697771,1870.0,19382.0,3.7931679700265736e-05,1.6365436975468678e-17,0.0,39702.0,0.0,0.0,0
0.04999756729008044,0.058421081697771,1871.0,19382.0,3.7554253181075944e-05,1.0643062897897705e-17,0.0,39702.0,0.0,0.0,0
0.04999719361901786,0.058421081697771,1872.0,19382.0,3.718058211850103e-05,-2.5156330485940028e-18,0.0,39702.0,0.0,0.0,0
0.04999682366604449,0.058421081697771,1873.0,19382.0,3.6810629145118335e-05,2.145199171108732e-17,0.0,39702.0,0.0,0.0,0
0.0499964573941647,0.058421081697771,1874.0,19382.0,3.64443572653295e-05,1.9903909835029475e-17,0.0,39702.0,0.0,0.0,0
0.049996094766751,0.058421081697771,1875.0,19382.0,3.6081729851632224e-05,8.998225904586241e-18,0.0,39702.0,0.0,0.0,0
0.04999573574754036,0.058421081697771,1876.0,19382.0,3.572271064099062e-05,1.073981801515132e-17,0.0,39702.0,0.0,0.0,0
0.049995380300630554,0.058421081697771,1877.0,19382.0,3.536726373118272e-05,4.395446755235676e-18,0.0,39702.0,0.0,0.0,0
0.0499950283904766,0.058421081697771,1878.0,19382.0,3.501535357722162e-05,1.2122033975917256e-17,0.0,39702.0,0.0,0.0,0
0.049994679981887176,0.058421081697771,1879.0,19382.0,3.466694498779698e-05,1.2301722050816828e-17,0.0,39702.0,0.0,0.0,0
0.049994335040021126,0.058421081697771,1880.0,19382.0,3.4322003121761314e-05,-1.741592110565079e-18,0.0,39702.0,0.0,0.0,0
0.049993993530384015,0.058421081697771,1881.0,19382.0,3.3980493484640416e-05,1.2329366370032146e-17,0.0,39702.0,0.0,0.0,0
0.04999365541882454,0.058421081697771,1882.0,19382.0,3.3642381925181125e-05,5.5288638430637424e-18,0.0,39702.0,0.0,0.0,0
0.049993320671531304,0.058421081697771,1883.0,19382.0,3.330763463195097e-05,-7.187522995982865e-18,0.0,39702.0,0.0,0.0,0
0.04999298925502931,0.058421081697771,1884.0,19382.0,3.297621812994104e-05,1.9876265515814156e-17,0.0,39702.0,0.0,0.0,0
0.049992661136176605,0.058421081697771,1885.0,19382.0,3.2648099277221375e-05,3.22056318858463e-17,0.0,39702.0,0.0,0.0,0
0.04999233628216101,0.058421081697771,1886.0,19382.0,3.2323245261640365e-05,7.173700836375206e-18,0.0,39702.0,0.0,0.0,0
0.04999201466049689,0.058421081697771,1887.0,19382.0,3.200162359752074e-05,4.257225159159082e-18,0.0,39702.0,0.0,0.0,0
0.0499916962390218,0.058421081697771,1888.0,19382.0,3.168320212242983e-05,1.3822159607659355e-20,0.0,39702.0,0.0,0.0,0
0.04999138098589333,0.058421081697771,1889.0,19382.0,3.136794899395127e-05,7.823342337935196e-18,0.0,39702.0,0.0,0.0,0
0.04999106886958589,0.058421081697771,1890.0,19382.0,3.105583268651732e-05,1.0781284493974299e-17,0.0,39702.0,0.0,0.0,0
0.0499907598588876,0.058421081697771,1891.0,19382.0,3.0746821988226766e-05,2.6593835085136603e-17,0.0,39702.0,0.0,0.0,0
0.04999045392289712,0.058421081697771,1892.0,19382.0,3.0440885997761773e-05,-3.593761497991433e-18,0.0,39702.0,0.0,0.0,0
0.049990151031020634,0.058421081697771,1893.0,19382.0,3.0137994121258064e-05,1.6863034721344416e-17,0.0,39702.0,0.0,0.0,0
0.04998985115296866,0.058421081697771,1894.0,19382.0,2.9838116069284786e-05,2.4672554899671953e-17,0.0,39702.0,0.0,0.0,0
0.04998955425875315,0.058421081697771,1895.0,19382.0,2.9541221853788376e-05,7.394855390097755e-18,0.0,39702.0,0.0,0.0,0
0.04998926031868445,0.058421081697771,1896.0,19382.0,2.9247281785086085e-05,6.385837738738623e-18,0.0,39702.0,0.0,0.0,0
0.04998896930336832,0.058421081697771,1897.0,19382.0,2.895626646893944e-05,7.602187784212647e-18,0.0,39702.0,0.0,0.0,0
0.049988681183702935,0.058421081697771,1898.0,19382.0,2.866814680356973e-05,7.50543266695903e-18,0.0,39702.0,0.0,0.0,0
0.04998839593087614,0.058421081697771,1899.0,19382.0,2.8382893976772753e-05,-1.1472392474357266e-18,0.0,39702.0,0.0,0.0,0
0.049988113516362384,0.058421081697771,1900.0,19382.0,2.8100479463026318e-05,4.699534266604181e-18,0.0,39702.0,0.0,0.0,0
0.04998783391192,0.058421081697771,1901.0,19382.0,2.782087502063714e-05,2.1147904199718817e-18,0.0,39702.0,0.0,0.0,0
0.0499875570895883,0.058421081697771,1902.0,19382.0,2.75440526889424e-05,3.2343853481922896e-18,0.0,39702.0,0.0,0.0,0
0.04998728302168484,0.058421081697771,1903.0,19382.0,2.7269984785461944e-05,2.2502475841269434e-17,0.0,39702.0,0.0,0.0,0
0.049987011680802544,0.058421081697771,1904.0,19382.0,2.6998643903190842e-05,-9.094981021839857e-18,0.0,39702.0,0.0,0.0,0
0.04998674303980718,0.058421081697771,1905.0,19382.0,2.673000290780686e-05,8.044496891657745e-18,0.0,39702.0,0.0,0.0,0
0.04998647707183435,0.058421081697771,1906.0,19382.0,2.6464034934987062e-05,-6.786680367360744e-18,0.0,39702.0,0.0,0.0,0
0.04998621375028709,0.058421081697771,1907.0,19382.0,2.620071338771674e-05,8.528272477925823e-18,0.0,39702.0,0.0,0.0,0
0.049985953048832986,0.058421081697771,1908.0,19382.0,2.5940011933620354e-05,4.4645575532739725e-18,0.0,39702.0,0.0,0.0,0
0.0499856949414017,0.058421081697771,1909.0,19382.0,2.568190450233361e-05,5.528863843063743e-19,0.0,39702.0,0.0,0.0,0
0.049985439402182266,0.058421081697771,1910.0,19382.0,2.54263652828952e-05,2.02356416656133e-17,0.0,39702.0,0.0,0.0,0
0.049985186405620545,0.058421081697771,1911.0,19382.0,2.5173368721175958e-05,2.902653517608465e-19,0.0,39702.0,0.0,0.0,0
0.04998493592641669,0.058421081697771,1912.0,19382.0,2.4922889517305557e-05,1.3808337448051698e-17,0.0,39702.0,0.0,0.0,0
0.049984687939522536,0.058421081697771,1913.0,19382.0,2.467490262315731e-05,2.728494306551957e-17,0.0,39702.0,0.0,0.0,0
0.04998444242013921,0.058421081697771,1914.0,19382.0,2.4429383239836766e-05,8.846182148901988e-18,0.0,39702.0,0.0,0.0,0
0.049984199343714564,0.058421081697771,1915.0,19382.0,2.4186306815196295e-05,8.707960552825395e-19,0.0,39702.0,0.0,0.0,0
0.049983958685940764,0.058421081697771,1916.0,19382.0,2.3945649041390327e-05,2.0498262698158826e-17,0.0,39702.0,0.0,0.0,0
0.04998372042275182,0.058421081697771,1917.0,19382.0,2.3707385852443785e-05,2.1963411616570717e-17,0.0,39702.0,0.0,0.0,0
0.0499834845303212,0.058421081697771,1918.0,19382.0,2.3471493421837388e-05,1.0905683930443232e-17,0.0,39702.0,0.0,0.0,0
0.049983250985059506,0.058421081697771,1919.0,19382.0,2.32379481601368e-05,1.788587453231121e-17,0.0,39702.0,0.0,0.0,0
0.049983019763611976,0.058421081697771,1920.0,19382.0,2.30067267126145e-05,1.5757261952731667e-18,0.0,39702.0,0.0,0.0,0
0.049982790842856305,0.058421081697771,1921.0,19382.0,2.277780595693547e-05,8.846182148901987e-19,0.0,39702.0,0.0,0.0,0
0.04998256419990019,0.058421081697771,1922.0,19382.0,2.2551163000836917e-05,-1.0228398109667924e-18,0.0,39702.0,0.0,0.0,0
0.0499823398120792,0.058421081697771,1923.0,19382.0,2.2326775179827035e-05,2.2889496310283896e-17,0.0,39702.0,0.0,0.0,0
0.04998211765695432,0.058421081697771,1924.0,19382.0,2.21046200549462e-05,8.625027595179439e-18,0.0,39702.0,0.0,0.0,0
0.04998189771230986,0.058421081697771,1925.0,19382.0,2.1884675410485636e-05,1.1748835666510454e-17,0.0,39702.0,0.0,0.0,0
0.04998167995615118,0.058421081697771,1926.0,19382.0,2.1666919251804602e-05,1.2094389656701938e-17,0.0,39702.0,0.0,0.0,0
0.04998146436670247,0.058421081697771,1927.0,19382.0,2.1451329803105932e-05,3.538472859560795e-18,0.0,39702.0,0.0,0.0,0
0.04998125092240462,0.058421081697771,1928.0,19382.0,2.123788550526584e-05,7.1875229959828655e-19,0.0,39702.0,0.0,0.0,0
0.049981039601913045,0.058421081697771,1929.0,19382.0,2.1026565013668747e-05,3.5799393383837734e-18,0.0,39702.0,0.0,0.0,0
0.04998083038409548,0.058421081697771,1930.0,19382.0,2.081734719609995e-05,2.5266907762801305e-17,0.0,39702.0,0.0,0.0,0
0.04998062324802997,0.058421081697771,1931.0,19382.0,2.0610211130600234e-05,1.226025557199385e-17,0.0,39702.0,0.0,0.0,0
0.04998041817300276,0.058421081697771,1932.0,19382.0,2.0405136103385498e-05,1.1513858953180244e-17,0.0,39702.0,0.0,0.0,0
0.04998021513850616,0.058421081697771,1933.0,19382.0,2.0202101606787424e-05,7.381033230490096e-18,0.0,39702.0,0.0,0.0,0
0.049980014124236576,0.058421081697771,1934.0,19382.0,2.0001087337181968e-05,3.553677235129221e-17,0.0,39702.0,0.0,0.0,0
0.049979815110092356,0.058421081697771,1935.0,19382.0,1.980207319297996e-05,1.8411116597402262e-17,0.0,39702.0,0.0,0.0,0
0.04997961807617196,0.058421081697771,1936.0,19382.0,1.9605039272597723e-05,-4.257225159159082e-18,0.0,39702.0,0.0,0.0,0
0.04997942300277187,0.058421081697771,1937.0,19382.0,1.9409965872480724e-05,2.258540879891539e-17,0.0,39702.0,0.0,0.0,0
0.04997922987038449,0.058421081697771,1938.0,19382.0,1.9216833485129446e-05,-4.3125137975897195e-18,0.0,39702.0,0.0,0.0,0
0.0499790386596965,0.058421081697771,1939.0,19382.0,1.9025622797140057e-05,1.0449552663390474e-17,0.0,39702.0,0.0,0.0,0
0.04997884935158666,0.058421081697771,1940.0,19382.0,1.883631468727819e-05,1.852169387426354e-17,0.0,39702.0,0.0,0.0,0
0.04997866192712395,0.058421081697771,1941.0,19382.0,1.8648890224588593e-05,7.228989474805843e-18,0.0,39702.0,0.0,0.0,0
0.049978476367565826,0.058421081697771,1942.0,19382.0,1.8463330666459304e-05,-5.335353608556512e-18,0.0,39702.0,0.0,0.0,0
0.04997829265435617,0.058421081697771,1943.0,19382.0,1.827961745678457e-05,1.893635866249332e-17,0.0,39702.0,0.0,0.0,0
0.04997811076912346,0.058421081697771,1944.0,19382.0,1.8097732224089592e-05,1.763707565937334e-17,0.0,39702.0,0.0,0.0,0
0.04997793069367908,0.058421081697771,1945.0,19382.0,1.7917656779695725e-05,2.40782020365426e-17,0.0,39702.0,0.0,0.0,0
0.04997775241001528,0.058421081697771,1946.0,19382.0,1.7739373115914993e-05,1.3352206180998938e-17,0.0,39702.0,0.0,0.0,0
0.049977575900303585,0.058421081697771,1947.0,19382.0,1.7562863404221534e-05,3.8010938921063234e-18,0.0,39702.0,0.0,0.0,0
0.049977401146892884,0.058421081697771,1948.0,19382.0,1.7388109993512007e-05,1.67662796040908e-17,0.0,39702.0,0.0,0.0,0
0.049977228132307656,0.058421081697771,1949.0,19382.0,1.7215095408289095e-05,7.588365624604988e-18,0.0,39702.0,0.0,0.0,0
0.049977056839246324,0.058421081697771,1950.0,19382.0,1.704380234695375e-05,1.6918323359775053e-17,0.0,39702.0,0.0,0.0,0
0.04997688725057943,0.058421081697771,1951.0,19382.0,1.6874213680054494e-05,1.5480818760578478e-17,0.0,39702.0,0.0,0.0,0
0.04997671934934795,0.058421081697771,1952.0,19382.0,1.6706312448585155e-05,-2.0733239411489036e-18,0.0,39702.0,0.0,0.0,0
0.04997655311876165,0.058421081697771,1953.0,19382.0,1.654008186228266e-05,-1.6586591529191229e-18,0.0,39702.0,0.0,0.0,0
0.04997638854219733,0.058421081697771,1954.0,19382.0,1.6375505297949216e-05,2.8860669260792735e-17,0.0,39702.0,0.0,0.0,0
0.04997622560319716,0.058421081697771,1955.0,19382.0,1.62125662977959e-05,-3.4693620615224984e-18,0.0,39702.0,0.0,0.0,0
0.04997606428546714,0.058421081697771,1956.0,19382.0,1.605124856777552e-05,-3.8010938921063234e-18,0.0,39702.0,0.0,0.0,0
0.04997590457287537,0.058421081697771,1957.0,19382.0,1.5891535975994568e-05,8.666494074002417e-18,0.0,39702.0,0.0,0.0,0
0.049975746449450416,0.058421081697771,1958.0,19382.0,1.573341255105331e-05,6.3305491003079854e-18,0.0,39702.0,0.0,0.0,0
0.04997558989937984,0.058421081697771,1959.0,19382.0,1.5576862480474363e-05,6.150861025408414e-18,0.0,39702.0,0.0,0.0,0
0.049975434907008495,0.058421081697771,1960.0,19382.0,1.5421870109129286e-05,6.6899252501071284e-18,0.0,39702.0,0.0,0.0,0
0.049975281456837,0.058421081697771,1961.0,19382.0,1.5268419937646136e-05,-3.5799393383837734e-18,0.0,39702.0,0.0,0.0,0
0.049975129533520256,0.058421081697771,1962.0,19382.0,1.5116496620876569e-05,1.852169387426354e-17,0.0,39702.0,0.0,0.0,0
0.049974979121865735,0.058421081697771,1963.0,19382.0,1.4966084966368118e-05,1.7692364297803975e-18,0.0,39702.0,0.0,0.0,0
0.049974830206832216,0.058421081697771,1964.0,19382.0,1.4817169932830044e-05,2.5018108889863435e-17,0.0,39702.0,0.0,0.0,0
0.04997468277352801,0.058421081697771,1965.0,19382.0,1.4669736628631958e-05,2.1590213307163916e-17,0.0,39702.0,0.0,0.0,0
0.04997453680720971,0.058421081697771,1966.0,19382.0,1.4523770310320244e-05,2.446522250555706e-17,0.0,39702.0,0.0,0.0,0
0.049974392293280524,0.058421081697771,1967.0,19382.0,1.4379256381143824e-05,6.703747409714788e-18,0.0,39702.0,0.0,0.0,0
0.049974249217288956,0.058421081697771,1968.0,19382.0,1.423618038959194e-05,2.1424347391872e-18,0.0,39702.0,0.0,0.0,0
0.0499741075649273,0.058421081697771,1969.0,19382.0,1.4094528027933812e-05,1.3601005053936808e-17,0.0,39702.0,0.0,0.0,0
0.04997396732203021,0.058421081697771,1970.0,19382.0,1.3954285130829789e-05,2.434082306908813e-17,0.0,39702.0,0.0,0.0,0
0.04997382847457323,0.058421081697771,1971.0,19382.0,1.3815437673869527e-05,1.7139477913497602e-18,0.0,39702.0,0.0,0.0,0
0.04997369100867155,0.058421081697771,1972.0,19382.0,1.3677971772186845e-05,1.0228398109667923e-17,0.0,39702.0,0.0,0.0,0
0.049973554910578435,0.058421081697771,1973.0,19382.0,1.3541873679079256e-05,-3.4555399019148392e-18,0.0,39702.0,0.0,0.0,0
0.049973420166683984,0.058421081697771,1974.0,19382.0,1.3407129784621488e-05,-4.0913592438671695e-18,0.0,39702.0,0.0,0.0,0
0.04997328676351369,0.058421081697771,1975.0,19382.0,1.3273726614318566e-05,9.067336702624537e-18,0.0,39702.0,0.0,0.0,0
0.0499731546877271,0.058421081697771,1976.0,19382.0,1.3141650827741743e-05,5.528863843063743e-19,0.0,39702.0,0.0,0.0,0
0.049973023926116564,0.058421081697771,1977.0,19382.0,1.3010889217191012e-05,8.182718487734339e-18,0.0,39702.0,0.0,0.0,0
0.04997289446560577,0.058421081697771,1978.0,19382.0,1.2881428706410643e-05,-2.778254081139531e-18,0.0,39702.0,0.0,0.0,0
0.049972766293248615,0.058421081697771,1979.0,19382.0,1.2753256349233912e-05,2.9980264189013146e-17,0.0,39702.0,0.0,0.0,0
0.049972639396227696,0.058421081697771,1980.0,19382.0,1.2626359328318452e-05,1.031133106731388e-17,0.0,39702.0,0.0,0.0,0
0.04997251376185323,0.058421081697771,1981.0,19382.0,1.2500724953860645e-05,1.226025557199385e-17,0.0,39702.0,0.0,0.0,0
0.04997238937756169,0.058421081697771,1982.0,19382.0,1.2376340662310216e-05,2.14934581899103e-17,0.0,39702.0,0.0,0.0,0
0.049972266230914504,0.058421081697771,1983.0,19382.0,1.2253194015145698e-05,-1.0256042428883243e-17,0.0,39702.0,0.0,0.0,0
0.049972144309596955,0.058421081697771,1984.0,19382.0,1.2131272697589934e-05,3.953137647790576e-18,0.0,39702.0,0.0,0.0,0
0.04997202360141678,0.058421081697771,1985.0,19382.0,1.2010564517415486e-05,3.897849009359939e-18,0.0,39702.0,0.0,0.0,0
0.04997190409430306,0.058421081697771,1986.0,19382.0,1.1891057403700503e-05,1.7139477913497602e-18,0.0,39702.0,0.0,0.0,0
0.049971785776305,0.058421081697771,1987.0,19382.0,1.1772739405637619e-05,1.1444748155141948e-17,0.0,39702.0,0.0,0.0,0
0.049971668635590695,0.058421081697771,1988.0,19382.0,1.165559869132045e-05,9.647867406146231e-18,0.0,39702.0,0.0,0.0,0
0.04997155266044594,0.058421081697771,1989.0,19382.0,1.1539623546591511e-05,-4.975977458757369e-19,0.0,39702.0,0.0,0.0,0
0.04997143783927319,0.058421081697771,1990.0,19382.0,1.1424802373826993e-05,1.542553012214784e-17,0.0,39702.0,0.0,0.0,0
0.04997132416059019,0.058421081697771,1991.0,19382.0,1.131112369082509e-05,2.709143283101234e-18,0.0,39702.0,0.0,0.0,0
0.04997121161302898,0.058421081697771,1992.0,19382.0,1.1198576129619154e-05,8.625027595179439e-18,0.0,39702.0,0.0,0.0,0
0.049971100185334724,0.058421081697771,1993.0,19382.0,1.1087148435355327e-05,2.3497671333020905e-18,0.0,39702.0,0.0,0.0,0
0.04997098986636455,0.058421081697771,1994.0,19382.0,1.0976829465176567e-05,1.9820976877383516e-17,0.0,39702.0,0.0,0.0,0
0.049970880645086466,0.058421081697771,1995.0,19382.0,1.086760818709362e-05,1.0394264024959836e-17,0.0,39702.0,0.0,0.0,0
0.04997077251057826,0.058421081697771,1996.0,19382.0,1.0759473678881568e-05,1.7263877349966536e-17,0.0,39702.0,0.0,0.0,0
0.04997066545202637,0.058421081697771,1997.0,19382.0,1.065241512700766e-05,2.100968260364222e-18,0.0,39702.0,0.0,0.0,0
0.049970559458724896,0.058421081697771,1998.0,19382.0,1.0546421825517604e-05,2.3083006544791125e-17,0.0,39702.0,0.0,0.0,0
0.04997045452007439,0.058421081697771,1999.0,19382.0,1.0441483175004107e-05,2.450668898438004e-17,0.0,39702.0,0.0,0.0,0
0.04997035062558088,0.058421081697771,2000.0,19382.0,1.0337588681508116e-05,1.805174044760312e-17,0.0,39702.0,0.0,0.0,0
0.049970247764854876,0.058421081697771,2001.0,19382.0,1.0234727955495197e-05,1.977951039856054e-17,0.0,39702.0,0.0,0.0,0
0.04997014592761017,0.058421081697771,2002.0,19382.0,1.013289071080694e-05,2.764431921531871e-20,0.0,39702.0,0.0,0.0,0
0.049970045103663,0.058421081697771,2003.0,19382.0,1.0032066763631853e-05,2.4327000909480466e-18,0.0,39702.0,0.0,0.0,0
0.04996994528293087,0.058421081697771,2004.0,19382.0,9.932246031492103e-06,9.993421396337715e-18,0.0,39702.0,0.0,0.0,0
0.049969846455431594,0.058421081697771,2005.0,19382.0,9.83341853223723e-06,-9.86902195986878e-18,0.0,39702.0,0.0,0.0,0
0.049969846455431594,0.058421081697771,2005.0,19382.0,9.83341853223723e-06,-9.86902195986878e-18,0.0,39702.0,0.0,0.0,0
