Total_strain,Slip_strain,Time,Slip Count,Creep,Elastic,Hygroexp,Number_of_fibers,Load,Moisture,Broken
0.0,0.0,0.0,0.0,0.0,0.0,0.0,40000.0,0.0,0.0,0
0.0,0.0,5.0,0.0,0.0,0.0,0.0,40000.0,0.0,0.0,0
1.2091981372669773,0.0315449240268747,5.0,2216.0,0.0,1.1780521545413818,0.0,39979.0,1.1290459917974973,0.0,0
1.2091981372669773,0.0315449240268747,5.0,2216.0,0.0,1.1780521545413818,0.0,39979.0,1.1290459917974973,0.0,0
1.2598187093582125,0.035268897940460675,6.0,2391.0,0.04689972046657384,1.1781110910375943,0.0,39977.0,1.1290459917974973,0.0,0
1.2765471824540906,0.03670459254496669,7.0,2456.0,0.06219249895794592,1.1781110910375936,0.0,39977.0,1.1290459917974973,0.0,0
1.287010674853179,0.037515608117974206,8.0,2490.0,0.07184759952284728,1.1781405614971463,0.0,39976.0,1.1290459917974973,0.0,0
1.2947302360490254,0.03796730155985642,9.0,2511.0,0.07911546727681133,1.1781405614971459,0.0,39976.0,1.1290459917974973,0.0,0
1.3013244330092224,0.038453785857764496,10.0,2533.0,0.08522317993910046,1.178140561497146,0.0,39976.0,1.1290459917974973,0.0,0
1.3072784006829716,0.0389841438765096,11.0,2555.0,0.09065001988376528,1.1781700334311425,0.0,39975.0,1.1290459917974973,0.0,0
1.3126564045834979,0.03942124751853831,12.0,2575.0,0.09559092014226266,1.1781700334311422,0.0,39975.0,1.1290459917974973,0.0,0
1.3175196997728407,0.03973285106358013,13.0,2589.0,0.1001426117865636,1.1781700334311422,0.0,39975.0,1.1290459917974973,0.0,0
1.3222040704389848,0.04020046398029693,14.0,2611.0,0.10435936953599091,1.1781700334311418,0.0,39975.0,1.1290459917974973,0.0,0
1.3265426313276127,0.04061967262728056,15.0,2630.0,0.10827872177763528,1.178170033431142,0.0,39975.0,1.1290459917974973,0.0,0
1.3305155389735308,0.040940925252188974,16.0,2645.0,0.11193037679864501,1.1781700334311422,0.0,39975.0,1.1290459917974973,0.0,0
1.3343664138262,0.04138251747456257,17.0,2662.0,0.11533965942894066,1.178170033431142,0.0,39975.0,1.1290459917974973,0.0,0
1.337853203157021,0.041680047617612834,18.0,2675.0,0.1185289186167113,1.1781700334311422,0.0,39975.0,1.1290459917974973,0.0,0
1.341106041055995,0.04194362921791388,19.0,2686.0,0.12151817491538418,1.178170033431142,0.0,39975.0,1.1290459917974973,0.0,0
1.344118280799213,0.04214856786583159,20.0,2697.0,0.12432547601068447,1.1781700334311418,0.0,39975.0,1.1290459917974973,0.0,0
1.3470149658360908,0.042403595236514276,21.0,2709.0,0.1269671336768796,1.1781700334311422,0.0,39975.0,1.1290459917974973,0.0,0
1.3497579861242572,0.04265584219060825,22.0,2717.0,0.12945790701095208,1.1781700334311422,0.0,39975.0,1.1290459917974973,0.0,0
1.3523050842480875,0.0428496905628123,23.0,2725.0,0.13181115676257826,1.1781700334311422,0.0,39975.0,1.1290459917974973,0.0,0
1.3547654156979083,0.04308219801544463,24.0,2736.0,0.13403898075976678,1.1781700334311425,0.0,39975.0,1.1290459917974973,0.0,0
1.3570546599299103,0.04325808811122355,25.0,2745.0,0.13615233489598966,1.1781700334311422,0.0,39975.0,1.1290459917974973,0.0,0
1.3593911423884333,0.04358576343185092,26.0,2756.0,0.1381611420338855,1.1781700334311422,0.0,39975.0,1.1290459917974973,0.0,0
1.3614271428044418,0.04370851554541292,27.0,2762.0,0.1400743903363319,1.1781700334311422,0.0,39975.0,1.1290459917974973,0.0,0
1.3634573762229483,0.04391291713647682,28.0,2771.0,0.1419002221637746,1.1781700334311422,0.0,39975.0,1.1290459917974973,0.0,0
1.3653330855598387,0.04404283415275732,29.0,2779.0,0.14364601448438455,1.1781700334311422,0.0,39975.0,1.1290459917974973,0.0,0
1.367134725987345,0.04417203744198031,30.0,2784.0,0.1453184516226676,1.1781700334311418,0.0,39975.0,1.1290459917974973,0.0,0
1.3688295113563624,0.04426286638933937,31.0,2789.0,0.14692715165661457,1.1781995068396935,0.0,39974.0,1.1290459917974973,0.0,0
1.3705948998874031,0.04448484204881641,32.0,2796.0,0.14847056452817808,1.178199506839693,0.0,39974.0,1.1290459917974973,0.0,0
1.3722903470509764,0.0446937387850955,33.0,2803.0,0.14995711495547218,1.1781995068396938,0.0,39974.0,1.1290459917974973,0.0,0
1.3739126826338655,0.044881848783389224,34.0,2809.0,0.1513913405400675,1.178199506839694,0.0,39974.0,1.1290459917974973,0.0,0
1.3755240764083183,0.045107246833025826,35.0,2819.0,0.15277733626488385,1.178199506839694,0.0,39974.0,1.1290459917974973,0.0,0
1.3770091392633343,0.04525083135109913,36.0,2825.0,0.1541188146018267,1.1781995068396935,0.0,39974.0,1.1290459917974973,0.0,0
1.3785475340001718,0.04548889782334205,37.0,2836.0,0.1554191428664211,1.1781995068396938,0.0,39974.0,1.1290459917974973,0.0,0
1.3800751922710315,0.045754322600810665,38.0,2847.0,0.1566813763598123,1.178199506839693,0.0,39974.0,1.1290459917974973,0.0,0
1.3814244214491074,0.04587664002303118,39.0,2852.0,0.15790828811566762,1.1781995068396935,0.0,39974.0,1.1290459917974973,0.0,0
1.382759901373178,0.046018012334682334,40.0,2857.0,0.159102395728087,1.1781995068396938,0.0,39974.0,1.1290459917974973,0.0,0
1.3841114285351799,0.04620594963018681,41.0,2864.0,0.16026598559458446,1.1781995068396935,0.0,39974.0,1.1290459917974973,0.0,0
1.385442051203825,0.046401423052583914,42.0,2871.0,0.16140113484083263,1.1781995068396933,0.0,39974.0,1.1290459917974973,0.0,0
1.3867314472495853,0.04658222278378811,43.0,2879.0,0.16250973115538844,1.178199506839694,0.0,39974.0,1.1290459917974973,0.0,0
1.3879652924059598,0.046732308359463744,44.0,2885.0,0.16359349073608725,1.178199506839694,0.0,39974.0,1.1290459917974973,0.0,0
1.3891251032255711,0.046831635386335474,45.0,2890.0,0.16465397452882702,1.1781995068396933,0.0,39974.0,1.1290459917974973,0.0,0
1.3902843345171527,0.046952238285131564,46.0,2895.0,0.1656926029216125,1.178199506839694,0.0,39974.0,1.1290459917974973,0.0,0
1.3913398038149178,0.04698964146351473,47.0,2897.0,0.16671066904099438,1.178199506839694,0.0,39974.0,1.1290459917974973,0.0,0
1.3924504362616237,0.0471015921672691,48.0,2903.0,0.16770935078394608,1.1781995068396938,0.0,39974.0,1.1290459917974973,0.0,0
1.3935171380090192,0.047187922993083935,49.0,2906.0,0.16868972170552662,1.1781995068396933,0.0,39974.0,1.1290459917974973,0.0,0
1.3946011436659078,0.04730888948428146,50.0,2911.0,0.1696527608712177,1.1781995068396938,0.0,39974.0,1.1290459917974973,0.0,0
1.3957552680737548,0.047516412990894326,51.0,2919.0,0.17059936177245186,1.178199506839694,0.0,39974.0,1.1290459917974973,0.0,0
1.3967427642796737,0.04757423952458282,52.0,2923.0,0.17153449411159513,1.178228981722911,0.0,39973.0,1.1290459917974973,0.0,0
1.397753043566201,0.047668350447310055,53.0,2929.0,0.17245066247539526,1.178228981722911,0.0,39973.0,1.1290459917974973,0.0,0
1.3987325388062466,0.047745902627098956,54.0,2932.0,0.17335260553565218,1.1782289817229106,0.0,39973.0,1.1290459917974973,0.0,0
1.399706087583638,0.04783108377487822,55.0,2936.0,0.17424097316526407,1.178228981722911,0.0,39973.0,1.1290459917974973,0.0,0
1.4006834349092774,0.047933063400091645,56.0,2941.0,0.1751163408656901,1.178228981722911,0.0,39973.0,1.1290459917974973,0.0,0
1.4016618722583072,0.048048606749303925,57.0,2946.0,0.17597923486550768,1.1782289817229108,0.0,39973.0,1.1290459917974973,0.0,0
1.402616117225159,0.04815194879340055,58.0,2951.0,0.1768301377882629,1.1782289817229106,0.0,39973.0,1.1290459917974973,0.0,0
1.4035649857281,0.04826146196698742,59.0,2956.0,0.17766949311761718,1.1782289817229106,0.0,39973.0,1.1290459917974973,0.0,0
1.4045504914528586,0.048418751815117136,60.0,2961.0,0.17849770899424583,1.1782289817229104,0.0,39973.0,1.1290459917974973,0.0,0
1.4055322080604513,0.04858301585462121,61.0,2968.0,0.17931516156233443,1.1782289817229108,0.0,39973.0,1.1290459917974973,0.0,0
1.4064783344328293,0.0487221058240603,62.0,2973.0,0.18012219796527346,1.1782289817229108,0.0,39973.0,1.1290459917974973,0.0,0
1.407397674942304,0.048844505254001906,63.0,2977.0,0.1809191390448066,1.1782289817229106,0.0,39973.0,1.1290459917974973,0.0,0
1.4083609590154917,0.04902064659247057,64.0,2982.0,0.18170628177952558,1.178228981722911,0.0,39973.0,1.1290459917974973,0.0,0
1.4091385787262987,0.04902064659247057,65.0,2982.0,0.18248390149033275,1.1782289817229106,0.0,39973.0,1.1290459917974973,0.0,0
1.4100049982080258,0.04911871372844659,66.0,2986.0,0.18325225383608362,1.178228981722911,0.0,39973.0,1.1290459917974973,0.0,0
1.410834883465854,0.049189276202609454,67.0,2988.0,0.18401157661974887,1.1782289817229106,0.0,39973.0,1.1290459917974973,0.0,0
1.4117331115460336,0.049336989479274805,68.0,2995.0,0.18476209142326322,1.178228981722911,0.0,39973.0,1.1290459917974973,0.0,0
1.4125348837268257,0.049396847995921464,69.0,2998.0,0.18550400508740866,1.1782289817229112,0.0,39973.0,1.1290459917974973,0.0,0
1.4133790776311865,0.049507535936199366,70.0,3002.0,0.18623751105149178,1.1782289817229104,0.0,39973.0,1.1290459917974973,0.0,0
1.4141919550733733,0.04959513386371996,71.0,3005.0,0.1869627905661576,1.178228981722911,0.0,39973.0,1.1290459917974973,0.0,0
1.4150507165774422,0.04973667214253678,72.0,3009.0,0.18768001379140967,1.1782289817229106,0.0,39973.0,1.1290459917974973,0.0,0
1.4159401534507936,0.04991678201654265,73.0,3016.0,0.18838934079075537,1.1782289817229106,0.0,39973.0,1.1290459917974973,0.0,0
1.416652488465074,0.049927535390224195,74.0,3017.0,0.18909092243135417,1.178228981722911,0.0,39973.0,1.1290459917974973,0.0,0
1.4174203969486547,0.05000146510604875,75.0,3021.0,0.18978490119911023,1.178228981722911,0.0,39973.0,1.1290459917974973,0.0,0
1.418106907686339,0.05000146510604875,76.0,3021.0,0.1904714119367948,1.1782289817229106,0.0,39973.0,1.1290459917974973,0.0,0
1.4188385015907765,0.05005388843476104,77.0,3023.0,0.19115058251251996,1.178228981722911,0.0,39973.0,1.1290459917974973,0.0,0
1.4195104535034404,0.05005388843476104,78.0,3023.0,0.1918225344251837,1.1782289817229106,0.0,39973.0,1.1290459917974973,0.0,0
1.4203034950536075,0.05018208105723248,79.0,3028.0,0.19248738335287943,1.1782289817229108,0.0,39973.0,1.1290459917974973,0.0,0
1.421006221639793,0.05022695134660635,80.0,3031.0,0.19314523964969105,1.1782289817229108,0.0,39973.0,1.1290459917974973,0.0,0
1.4217452754132645,0.05031503597398796,81.0,3034.0,0.19379620879578077,1.1782289817229104,0.0,39973.0,1.1290459917974973,0.0,0
1.422425027165908,0.05035060471720424,82.0,3035.0,0.1944403918052081,1.1782289817229108,0.0,39973.0,1.1290459917974973,0.0,0
1.423167681340924,0.05045576510193192,83.0,3039.0,0.19507788559549644,1.1782289817229112,0.0,39973.0,1.1290459917974973,0.0,0
1.423820194219658,0.050477380253579465,84.0,3041.0,0.19570878332258287,1.1782289817229106,0.0,39973.0,1.1290459917974973,0.0,0
1.4244910296250015,0.05052382429706648,85.0,3043.0,0.19633317468443942,1.1782289817229106,0.0,39973.0,1.1290459917974973,0.0,0
1.4251973029800646,0.050612126140227975,86.0,3046.0,0.19695114619634121,1.1782289817229106,0.0,39973.0,1.1290459917974973,0.0,0
1.425863589338416,0.050666777254445676,87.0,3049.0,0.19756278144047473,1.1782289817229106,0.0,39973.0,1.1290459917974973,0.0,0
1.4265387133045035,0.050736521368684284,88.0,3052.0,0.1981681612923236,1.178228981722911,0.0,39973.0,1.1290459917974973,0.0,0
1.4272263422093865,0.05082494743985667,89.0,3055.0,0.19876736412603424,1.178228981722911,0.0,39973.0,1.1290459917974973,0.0,0
1.4278629116169361,0.050868414972681505,90.0,3057.0,0.19936046600075896,1.1782289817229106,0.0,39973.0,1.1290459917974973,0.0,0
1.4284693362262921,0.0508877647530161,91.0,3059.0,0.19994754082978056,1.1782289817229106,0.0,39973.0,1.1290459917974973,0.0,0
1.4290862045010977,0.050923513323551675,92.0,3060.0,0.2005286605340505,1.178228981722911,0.0,39973.0,1.1290459917974973,0.0,0
1.429703614390944,0.0509656885658264,93.0,3063.0,0.201103895181622,1.1782289817229108,0.0,39973.0,1.1290459917974973,0.0,0
1.4303258806610872,0.051018536903279676,94.0,3065.0,0.20167331311431191,1.1782289817229108,0.0,39973.0,1.1290459917974973,0.0,0
1.4309253340741963,0.0510543223678969,95.0,3066.0,0.20223698106280383,1.1782289817229108,0.0,39973.0,1.1290459917974973,0.0,0
1.431519124202388,0.0510901293076045,96.0,3067.0,0.20279496425128765,1.1782289817229115,0.0,39973.0,1.1290459917974973,0.0,0
1.4321602275187086,0.051178870382588844,97.0,3070.0,0.20334732649262433,1.1782289817229106,0.0,39973.0,1.1290459917974973,0.0,0
1.4327599739201737,0.05123181300174282,98.0,3072.0,0.20389413027493547,1.1782289817229115,0.0,39973.0,1.1290459917974973,0.0,0
1.433387711597104,0.05131824411318225,99.0,3076.0,0.20443543684042612,1.1782289817229108,0.0,39973.0,1.1290459917974973,0.0,0
1.433945406673534,0.05134006977285966,100.0,3078.0,0.20497130625717871,1.1782289817229106,0.0,39973.0,1.1290459917974973,0.0,0
1.4345149750760566,0.05137914694798319,101.0,3080.0,0.20550179748457773,1.178228981722911,0.0,39973.0,1.1290459917974973,0.0,0
1.435074409966894,0.05141341089042662,102.0,3082.0,0.2060269684329718,1.1782289817229108,0.0,39973.0,1.1290459917974973,0.0,0
1.4356704465253574,0.05148953986374972,103.0,3086.0,0.20654687601811222,1.1782289817229106,0.0,39973.0,1.1290459917974973,0.0,0
1.4362647885421114,0.05156918168775216,104.0,3089.0,0.20706157621086363,1.1782289817229106,0.0,39973.0,1.1290459917974973,0.0,0
1.436860311003731,0.051655156277604045,105.0,3093.0,0.2075711240826312,1.1782289817229106,0.0,39973.0,1.1290459917974973,0.0,0
1.4374405023256174,0.051730897835214,106.0,3096.0,0.20807557384690775,1.1782289817229106,0.0,39973.0,1.1290459917974973,0.0,0
1.4379758758062107,0.051766866265411146,107.0,3097.0,0.20857497889730378,1.1782289817229108,0.0,39973.0,1.1290459917974973,0.0,0
1.438473491162419,0.05177006867652789,108.0,3098.0,0.20906939184239573,1.178228981722911,0.0,39973.0,1.1290459917974973,0.0,0
1.438997324969996,0.05180442978881714,109.0,3100.0,0.20955886453768316,1.178228981722911,0.0,39973.0,1.1290459917974973,0.0,0
1.439499096036941,0.05182161727851064,110.0,3101.0,0.21004344811493475,1.178228981722911,0.0,39973.0,1.1290459917974973,0.0,0
1.440050875924999,0.05189365227234463,111.0,3103.0,0.21052319300915875,1.1782289817229106,0.0,39973.0,1.1290459917974973,0.0,0
1.440561865551793,0.051929685924870274,112.0,3104.0,0.21099814898342717,1.1782289817229108,0.0,39973.0,1.1290459917974973,0.0,0
1.44107594563832,0.05197354984307703,113.0,3106.0,0.21146836515174744,1.1782289817229106,0.0,39973.0,1.1290459917974973,0.0,0
1.4416605983873587,0.05209267774369521,114.0,3110.0,0.21193389000016793,1.178228981722911,0.0,39973.0,1.1290459917974973,0.0,0
1.442193622058486,0.05216482000871077,115.0,3112.0,0.21239477140627946,1.1782289817229112,0.0,39973.0,1.1290459917974973,0.0,0
1.442703212806586,0.05221812550582924,116.0,3114.0,0.21285105665726126,1.1782289817229106,0.0,39973.0,1.1290459917974973,0.0,0
1.443274210006595,0.05233738689649314,117.0,3118.0,0.21330279246660613,1.1782289817229106,0.0,39973.0,1.1290459917974973,0.0,0
1.4437936691580715,0.05240961352492921,118.0,3120.0,0.21375002498964674,1.178228981722911,0.0,39973.0,1.1290459917974973,0.0,0
1.4442835313634133,0.05245670088192474,119.0,3122.0,0.21419279983799305,1.1782289817229106,0.0,39973.0,1.1290459917974973,0.0,0
1.4448486319961709,0.052583439259694116,120.0,3128.0,0.2146311620929811,1.1782289817229108,0.0,39973.0,1.1290459917974973,0.0,0
1.4453949468582798,0.0526957598965619,121.0,3132.0,0.21506515631822223,1.1782289817229108,0.0,39973.0,1.1290459917974973,0.0,0
1.4459975276169197,0.05286867040208776,122.0,3138.0,0.21549482657133626,1.1782289817229106,0.0,39973.0,1.1290459917974973,0.0,0
1.446422917460524,0.05286867040208776,123.0,3138.0,0.21592021641494075,1.178228981722911,0.0,39973.0,1.1290459917974973,0.0,0
1.4469699250244767,0.05299452545401653,124.0,3142.0,0.21634136892696462,1.178228981722911,0.0,39973.0,1.1290459917974973,0.0,0
1.4474954999960188,0.05310314264217667,125.0,3145.0,0.21675832671034673,1.1782289817229106,0.0,39973.0,1.1290459917974973,0.0,0
1.4479445268061912,0.053139364260522445,126.0,3146.0,0.21717113190217305,1.178228981722911,0.0,39973.0,1.1290459917974973,0.0,0
1.4483532210863224,0.053139364260522445,127.0,3146.0,0.2175798261823043,1.1782289817229112,0.0,39973.0,1.1290459917974973,0.0,0
1.4487751402889741,0.053156658863941574,128.0,3147.0,0.21798445078153683,1.1782289817229112,0.0,39973.0,1.1290459917974973,0.0,0
1.4492119859561285,0.05319290882329386,129.0,3148.0,0.21838504648933912,1.1782289817229108,0.0,39973.0,1.1290459917974973,0.0,0
1.44960859312799,0.05319290882329386,130.0,3148.0,0.2187816536612006,1.1782289817229108,0.0,39973.0,1.1290459917974973,0.0,0
1.4501100531402042,0.0533017102710842,131.0,3151.0,0.21917431222562464,1.1782289817229104,0.0,39973.0,1.1290459917974973,0.0,0
1.450498802605379,0.0533017102710842,132.0,3151.0,0.21956306169079906,1.1782289817229106,0.0,39973.0,1.1290459917974973,0.0,0
1.451046160784648,0.05346418899018344,133.0,3156.0,0.21994794115096905,1.1782289817229108,0.0,39973.0,1.1290459917974973,0.0,0
1.4514272089262164,0.05346418899018344,134.0,3156.0,0.22032898929253733,1.1782289817229108,0.0,39973.0,1.1290459917974973,0.0,0
1.4519103050758244,0.05357003003241214,135.0,3162.0,0.22070624439991668,1.1782289817229106,0.0,39973.0,1.1290459917974973,0.0,0
1.4523413601296933,0.053627585125044966,136.0,3165.0,0.22107974436115277,1.178228981722911,0.0,39973.0,1.1290459917974973,0.0,0
1.4527111424418762,0.053627585125044966,137.0,3165.0,0.22144952667333545,1.1782289817229106,0.0,39973.0,1.1290459917974973,0.0,0
1.45307724421636,0.053627585125044966,138.0,3165.0,0.22181562844781932,1.1782289817229115,0.0,39973.0,1.1290459917974973,0.0,0
1.453529764197137,0.053717647138379225,139.0,3168.0,0.2221780864152622,1.1782289817229112,0.0,39973.0,1.1290459917974973,0.0,0
1.4539692439979772,0.05379827642397926,140.0,3171.0,0.22253693693050253,1.1782289817229106,0.0,39973.0,1.1290459917974973,0.0,0
1.4543972747061626,0.05387102808538467,141.0,3173.0,0.22289221597728248,1.1782289817229106,0.0,39973.0,1.1290459917974973,0.0,0
1.4548241336062209,0.053946143789894395,142.0,3176.0,0.22324395917283096,1.1782289817229106,0.0,39973.0,1.1290459917974973,0.0,0
1.455278375747031,0.05405214333121836,143.0,3181.0,0.22359220177231703,1.178228981722911,0.0,39973.0,1.1290459917974973,0.0,0
1.4557133519918823,0.054142342675205776,144.0,3184.0,0.22393697867318124,1.1782289817229108,0.0,39973.0,1.1290459917974973,0.0,0
1.4560546977380557,0.054142342675205776,145.0,3184.0,0.2242783244193544,1.1782289817229108,0.0,39973.0,1.1290459917974973,0.0,0
1.4563926465240749,0.054142342675205776,146.0,3184.0,0.22461627320537336,1.1782289817229108,0.0,39973.0,1.1290459917974973,0.0,0
1.4567556860649502,0.054170796541057976,147.0,3186.0,0.2249508588803965,1.1782289817229106,0.0,39973.0,1.1290459917974973,0.0,0
1.4572595420573788,0.0543433964617529,148.0,3193.0,0.22528211495213027,1.1782289817229115,0.0,39973.0,1.1290459917974973,0.0,0
1.4575875016959166,0.0543433964617529,149.0,3193.0,0.22561007459066795,1.1782289817229108,0.0,39973.0,1.1290459917974973,0.0,0
1.4579708544166765,0.054402053140931016,150.0,3196.0,0.2259347706322498,1.1782289817229106,0.0,39973.0,1.1290459917974973,0.0,0
1.458365280239139,0.05447501401269676,151.0,3198.0,0.2262562355829465,1.1782289817229106,0.0,39973.0,1.1290459917974973,0.0,0
1.4587422394679783,0.05453370720220975,152.0,3201.0,0.226574501622273,1.178228981722911,0.0,39973.0,1.1290459917974973,0.0,0
1.459130335485074,0.05460670423484502,153.0,3203.0,0.22688960060673335,1.1782289817229108,0.0,39973.0,1.1290459917974973,0.0,0
1.4594422989516438,0.05460670423484502,154.0,3203.0,0.22720156407330325,1.178228981722911,0.0,39973.0,1.1290459917974973,0.0,0
1.459849610172039,0.0547051562856908,155.0,3208.0,0.22751042324285262,1.178228981722911,0.0,39973.0,1.1290459917974973,0.0,0
1.460155395952696,0.0547051562856908,156.0,3208.0,0.22781620902350966,1.1782289817229106,0.0,39973.0,1.1290459917974973,0.0,0
1.4604581389431588,0.0547051562856908,157.0,3208.0,0.22811895201397242,1.1782289817229108,0.0,39973.0,1.1290459917974973,0.0,0
1.460757869435953,0.0547051562856908,158.0,3208.0,0.22841868250676667,1.1782289817229108,0.0,39973.0,1.1290459917974973,0.0,0
1.4610546174206418,0.0547051562856908,159.0,3208.0,0.22871543049145532,1.1782289817229106,0.0,39973.0,1.1290459917974973,0.0,0
1.461384970951454,0.0547417146501576,160.0,3209.0,0.22900922565780066,1.1782289817229104,0.0,39973.0,1.1290459917974973,0.0,0
1.4617489644453483,0.054814836402972696,161.0,3211.0,0.2293000973988798,1.178228981722911,0.0,39973.0,1.1290459917974973,0.0,0
1.462094878093829,0.05487277263617523,162.0,3214.0,0.22958807481415822,1.1782289817229108,0.0,39973.0,1.1290459917974973,0.0,0
1.4623820160339382,0.05487479867792354,163.0,3215.0,0.22987318671251905,1.1782289817229112,0.0,39973.0,1.1290459917974973,0.0,0
1.4627374654899463,0.05494797323119603,164.0,3217.0,0.23015546161525477,1.178228981722911,0.0,39973.0,1.1290459917974973,0.0,0
1.4630196817828747,0.054950723380362325,165.0,3218.0,0.23043492775901667,1.178228981722911,0.0,39973.0,1.1290459917974973,0.0,0
1.463296367122586,0.054950723380362325,166.0,3218.0,0.2307116130987283,1.178228981722911,0.0,39973.0,1.1290459917974973,0.0,0
1.4636304387960046,0.0550108628420468,167.0,3221.0,0.23098554531046217,1.1782289817229108,0.0,39973.0,1.1290459917974973,0.0,0
1.463901645279823,0.0550108628420468,168.0,3221.0,0.2312567517942804,1.1782289817229106,0.0,39973.0,1.1290459917974973,0.0,0
1.4641876326432184,0.055028342322682736,169.0,3222.0,0.23152525967704018,1.1782289817229106,0.0,39973.0,1.1290459917974973,0.0,0
1.4644534687813462,0.055028342322682736,170.0,3222.0,0.23179109581516782,1.1782289817229106,0.0,39973.0,1.1290459917974973,0.0,0
1.4647389545693694,0.0550506371284771,171.0,3224.0,0.23205428679739698,1.1782289817229106,0.0,39973.0,1.1290459917974973,0.0,0
1.46499952671945,0.0550506371284771,172.0,3224.0,0.2323148589474775,1.178228981722911,0.0,39973.0,1.1290459917974973,0.0,0
1.4652575060988255,0.0550506371284771,173.0,3224.0,0.2325728383268528,1.178228981722911,0.0,39973.0,1.1290459917974973,0.0,0
1.465512918509277,0.0550506371284771,174.0,3224.0,0.2328282507373042,1.1782289817229106,0.0,39973.0,1.1290459917974973,0.0,0
1.4657657894955423,0.0550506371284771,175.0,3224.0,0.23308112172356957,1.1782289817229108,0.0,39973.0,1.1290459917974973,0.0,0
1.4660703227579652,0.055104815538540255,176.0,3226.0,0.23333147657592934,1.1782289817229108,0.0,39973.0,1.1290459917974973,0.0,0
1.4663293190198334,0.05511594804357189,177.0,3227.0,0.2335793403327659,1.1782289817229112,0.0,39973.0,1.1290459917974973,0.0,0
1.4665747164701612,0.05511594804357189,178.0,3227.0,0.23382473778309373,1.1782289817229106,0.0,39973.0,1.1290459917974973,0.0,0
1.4668176721561315,0.05511594804357189,179.0,3227.0,0.23406769346906386,1.178228981722911,0.0,39973.0,1.1290459917974973,0.0,0
1.4670630252284087,0.0551207628964743,180.0,3228.0,0.2343082316884387,1.178228981722911,0.0,39973.0,1.1290459917974973,0.0,0
1.4674112829342991,0.0552308757937607,181.0,3231.0,0.23454637649704294,1.1782289817229108,0.0,39973.0,1.1290459917974973,0.0,0
1.4676470581484424,0.0552308757937607,182.0,3231.0,0.23478215171118622,1.1782289817229104,0.0,39973.0,1.1290459917974973,0.0,0
1.4678804873473186,0.0552308757937607,183.0,3231.0,0.23501558091006222,1.178228981722911,0.0,39973.0,1.1290459917974973,0.0,0
1.468119563730051,0.055238845648435064,184.0,3232.0,0.23524668743812033,1.1782289817229106,0.0,39973.0,1.1290459917974973,0.0,0
1.4683851036472846,0.055275578596375205,185.0,3233.0,0.2354754944074138,1.1782289817229115,0.0,39973.0,1.1290459917974973,0.0,0
1.4686116339397939,0.055275578596375205,186.0,3233.0,0.23570202469992313,1.1782289817229106,0.0,39973.0,1.1290459917974973,0.0,0
1.4688838042055872,0.05532347259223595,187.0,3235.0,0.23592630096985562,1.1782289817229106,0.0,39973.0,1.1290459917974973,0.0,0
1.4691426005920887,0.05536022430267299,188.0,3236.0,0.2361483456459201,1.1782289817229108,0.0,39973.0,1.1290459917974973,0.0,0
1.4693624358797472,0.05536022430267299,189.0,3236.0,0.23636818093357884,1.1782289817229106,0.0,39973.0,1.1290459917974973,0.0,0
1.4695800837634447,0.05536022430267299,190.0,3236.0,0.23658582881727622,1.1782289817229112,0.0,39973.0,1.1290459917974973,0.0,0
1.4698690989567256,0.055433757250584734,191.0,3238.0,0.23680131106264538,1.1782289817229106,0.0,39973.0,1.1290459917974973,0.0,0
1.4701192096424716,0.055470529780285986,192.0,3239.0,0.2370146492186899,1.1782289817229108,0.0,39973.0,1.1290459917974973,0.0,0
1.470330425043728,0.055470529780285986,193.0,3239.0,0.23722586461994646,1.1782289817229106,0.0,39973.0,1.1290459917974973,0.0,0
1.4705395388124034,0.055470529780285986,194.0,3239.0,0.23743497838862185,1.1782289817229112,0.0,39973.0,1.1290459917974973,0.0,0
1.4707641316205398,0.05548808954033246,195.0,3240.0,0.23764201143671168,1.178228981722911,0.0,39973.0,1.1290459917974973,0.0,0
1.4709691046519238,0.05548808954033246,196.0,3240.0,0.23784698446809557,1.1782289817229108,0.0,39973.0,1.1290459917974973,0.0,0
1.4711720381644395,0.05548808954033246,197.0,3240.0,0.23804991798061137,1.1782289817229108,0.0,39973.0,1.1290459917974973,0.0,0
1.4713729524519361,0.05548808954033246,198.0,3240.0,0.2382508322681082,1.1782289817229108,0.0,39973.0,1.1290459917974973,0.0,0
1.4715718676063085,0.05548808954033246,199.0,3240.0,0.23844974742248057,1.1782289817229108,0.0,39973.0,1.1290459917974973,0.0,0
1.4717688035195071,0.05548808954033246,200.0,3240.0,0.23864668333567907,1.178228981722911,0.0,39973.0,1.1290459917974973,0.0,0
1.4719637798855312,0.05548808954033246,201.0,3240.0,0.2388416597017031,1.1782289817229106,0.0,39973.0,1.1290459917974973,0.0,0
1.4722112218532948,0.05554249519122687,202.0,3242.0,0.2390346960185723,1.178228981722911,0.0,39973.0,1.1290459917974973,0.0,0
1.4724023374250015,0.05554249519122687,203.0,3242.0,0.239225811590279,1.1782289817229106,0.0,39973.0,1.1290459917974973,0.0,0
1.472594319806296,0.055545263634080286,204.0,3243.0,0.2394150255287201,1.1782289817229108,0.0,39973.0,1.1290459917974973,0.0,0
1.4727961118340362,0.05555972443492986,205.0,3245.0,0.23960235675561095,1.1782289817229106,0.0,39973.0,1.1290459917974973,0.0,0
1.4729815790828034,0.05555972443492986,206.0,3245.0,0.23978782400437798,1.1782289817229108,0.0,39973.0,1.1290459917974973,0.0,0
1.4731652009004599,0.05555972443492986,207.0,3245.0,0.23997144582203453,1.1782289817229106,0.0,39973.0,1.1290459917974973,0.0,0
1.4733838532160055,0.05559658200147333,208.0,3246.0,0.24015324057103668,1.1782289817229106,0.0,39973.0,1.1290459917974973,0.0,0
1.4736007010703747,0.055633443995758584,209.0,3247.0,0.24033322643112037,1.1782289817229106,0.0,39973.0,1.1290459917974973,0.0,0
1.4737788960403746,0.055633443995758584,210.0,3247.0,0.24051142140112047,1.1782289817229108,0.0,39973.0,1.1290459917974973,0.0,0
1.4739553179400264,0.055633443995758584,211.0,3247.0,0.24068784330077234,1.1782289817229104,0.0,39973.0,1.1290459917974973,0.0,0
1.4742020613617033,0.05570552094571315,212.0,3250.0,0.2408625097724943,1.178228981722911,0.0,39973.0,1.1290459917974973,0.0,0
1.474392592791292,0.05572312386464399,213.0,3251.0,0.2410354382831526,1.1782289817229106,0.0,39973.0,1.1290459917974973,0.0,0
1.474600688140425,0.05576001137112093,214.0,3252.0,0.2412066461258086,1.1782289817229106,0.0,39973.0,1.1290459917974973,0.0,0
1.4747701924360659,0.05576001137112093,215.0,3252.0,0.24137615042144947,1.1782289817229106,0.0,39973.0,1.1290459917974973,0.0,0
1.4749810086486337,0.05580300988443755,216.0,3254.0,0.24154396812070045,1.1782289817229106,0.0,39973.0,1.1290459917974973,0.0,0
1.4751471565334537,0.05580300988443755,217.0,3254.0,0.24171011600552061,1.1782289817229106,0.0,39973.0,1.1290459917974973,0.0,0
1.4753116512188147,0.05580300988443755,218.0,3254.0,0.2418746106908814,1.178228981722911,0.0,39973.0,1.1290459917974973,0.0,0
1.4754745091543617,0.05580300988443755,219.0,3254.0,0.24203746862642872,1.1782289817229106,0.0,39973.0,1.1290459917974973,0.0,0
1.4756726619150646,0.055839925173440406,220.0,3255.0,0.24219870609812863,1.178228981722911,0.0,39973.0,1.1290459917974973,0.0,0
1.4758322950468312,0.055839925173440406,221.0,3255.0,0.24235833922989522,1.1782289817229106,0.0,39973.0,1.1290459917974973,0.0,0
1.4760333687563993,0.05588295412769917,222.0,3257.0,0.2425163839852046,1.1782289817229106,0.0,39973.0,1.1290459917974973,0.0,0
1.4763551836296558,0.05604829681746881,223.0,3262.0,0.24267285616869128,1.1782289817229108,0.0,39973.0,1.1290459917974973,0.0,0
1.4765582442893188,0.05609644221809468,224.0,3264.0,0.2428277714277285,1.178228981722911,0.0,39973.0,1.1290459917974973,0.0,0
1.4767485584400906,0.0561333825426019,225.0,3265.0,0.242981145253993,1.1782289817229106,0.0,39973.0,1.1290459917974973,0.0,0
1.476900406171113,0.0561333825426019,226.0,3265.0,0.24313299298501567,1.1782289817229106,0.0,39973.0,1.1290459917974973,0.0,0
1.4770507429918114,0.0561333825426019,227.0,3265.0,0.2432833298057139,1.178228981722911,0.0,39973.0,1.1290459917974973,0.0,0
1.4771995839360093,0.0561333825426019,228.0,3265.0,0.24343217074991177,1.1782289817229108,0.0,39973.0,1.1290459917974973,0.0,0
1.4773645835138567,0.05615102216851895,229.0,3266.0,0.24357953070184235,1.178228981722911,0.0,39973.0,1.1290459917974973,0.0,0
1.4775184979969764,0.056159042955843924,230.0,3267.0,0.24372542439763703,1.1782289817229106,0.0,39973.0,1.1290459917974973,0.0,0
1.4776629400261387,0.056159042955843924,231.0,3267.0,0.24386986642679911,1.1782289817229108,0.0,39973.0,1.1290459917974973,0.0,0
1.4778059448330025,0.056159042955843924,232.0,3267.0,0.24401287123366291,1.178228981722911,0.0,39973.0,1.1290459917974973,0.0,0
1.4779475267181779,0.056159042955843924,233.0,3267.0,0.2441544531188384,1.1782289817229108,0.0,39973.0,1.1290459917974973,0.0,0
1.4780876998399803,0.056159042955843924,234.0,3267.0,0.24429462624064102,1.1782289817229106,0.0,39973.0,1.1290459917974973,0.0,0
1.4782264782158474,0.056159042955843924,235.0,3267.0,0.24443340461650762,1.178228981722911,0.0,39973.0,1.1290459917974973,0.0,0
1.4783638757237387,0.056159042955843924,236.0,3267.0,0.24457080212439908,1.178228981722911,0.0,39973.0,1.1290459917974973,0.0,0
1.4785738770065815,0.05623301385889857,237.0,3269.0,0.24470683250418715,1.178228981722911,0.0,39973.0,1.1290459917974973,0.0,0
1.4787085538614235,0.05623301385889857,238.0,3269.0,0.2448415093590294,1.1782289817229112,0.0,39973.0,1.1290459917974973,0.0,0
1.4788595471575114,0.05625067035728684,239.0,3270.0,0.244974846156729,1.1782289817229112,0.0,39973.0,1.1290459917974973,0.0,0
1.4789915572318637,0.05625067035728684,240.0,3270.0,0.24510685623108136,1.1782289817229108,0.0,39973.0,1.1290459917974973,0.0,0
1.4791460333629758,0.05627444993627123,241.0,3272.0,0.24523755278320894,1.1782289817229106,0.0,39973.0,1.1290459917974973,0.0,0
1.4792754294626465,0.05627444993627123,242.0,3272.0,0.24536694888287966,1.1782289817229106,0.0,39973.0,1.1290459917974973,0.0,0
1.479432434814939,0.05630334670162841,243.0,3274.0,0.24549505746981498,1.1782289817229106,0.0,39973.0,1.1290459917974973,0.0,0
1.4795769339697582,0.05632101197127898,244.0,3275.0,0.24562189135498372,1.178228981722911,0.0,39973.0,1.1290459917974973,0.0,0
1.4797025058366575,0.05632101197127898,245.0,3275.0,0.24574746322188304,1.1782289817229106,0.0,39973.0,1.1290459917974973,0.0,0
1.4799008667517253,0.05639505048042257,246.0,3277.0,0.24587178562780707,1.1782289817229115,0.0,39973.0,1.1290459917974973,0.0,0
1.4800239521290202,0.05639505048042257,247.0,3277.0,0.24599487100510214,1.1782289817229106,0.0,39973.0,1.1290459917974973,0.0,0
1.4801458127863294,0.05639505048042257,248.0,3277.0,0.2461167316624112,1.1782289817229112,0.0,39973.0,1.1290459917974973,0.0,0
1.4802664609098213,0.05639505048042257,249.0,3277.0,0.2462373797859031,1.1782289817229106,0.0,39973.0,1.1290459917974973,0.0,0
1.480385908564411,0.05639505048042257,250.0,3277.0,0.246356827440493,1.1782289817229108,0.0,39973.0,1.1290459917974973,0.0,0
1.4805041676949655,0.05639505048042257,251.0,3277.0,0.2464750865710472,1.1782289817229115,0.0,39973.0,1.1290459917974973,0.0,0
1.4807436117105628,0.05651741206348821,252.0,3281.0,0.24659216900357897,1.1782289817229106,0.0,39973.0,1.1290459917974973,0.0,0
1.4808852488679933,0.05654313177806718,253.0,3283.0,0.24670808644643055,1.1782289817229112,0.0,39973.0,1.1290459917974973,0.0,0
1.4810000129130063,0.05654313177806718,254.0,3283.0,0.24682285049144376,1.1782289817229106,0.0,39973.0,1.1290459917974973,0.0,0
1.4811136350366827,0.05654313177806718,255.0,3283.0,0.24693647261512003,1.1782289817229108,0.0,39973.0,1.1290459917974973,0.0,0
1.4812261266013302,0.05654313177806718,256.0,3283.0,0.24704896417976735,1.178228981722911,0.0,39973.0,1.1290459917974973,0.0,0
1.4813374988561998,0.05654313177806718,257.0,3283.0,0.24716033643463692,1.178228981722911,0.0,39973.0,1.1290459917974973,0.0,0
1.4814848214871965,0.056580190326653124,258.0,3284.0,0.24727060051704783,1.178228981722911,0.0,39973.0,1.1290459917974973,0.0,0
1.4816052379251865,0.05659143982819024,259.0,3285.0,0.24737976745350077,1.1782289817229108,0.0,39973.0,1.1290459917974973,0.0,0
1.4817503864435846,0.05662850763930783,260.0,3286.0,0.24748784816078107,1.1782289817229108,0.0,39973.0,1.1290459917974973,0.0,0
1.4819492267845735,0.05672034269402743,261.0,3289.0,0.2475948534470506,1.1782289817229106,0.0,39973.0,1.1290459917974973,0.0,0
1.48205516735045,0.05672034269402743,262.0,3289.0,0.24770079401292702,1.1782289817229108,0.0,39973.0,1.1290459917974973,0.0,0
1.4822342108085156,0.05679449971246391,263.0,3291.0,0.24780568045255613,1.1782289817229112,0.0,39973.0,1.1290459917974973,0.0,0
1.4823831822929336,0.056839628394768346,264.0,3293.0,0.24790952325466958,1.178228981722911,0.0,39973.0,1.1290459917974973,0.0,0
1.4824859918418984,0.056839628394768346,265.0,3293.0,0.2480123328036346,1.1782289817229106,0.0,39973.0,1.1290459917974973,0.0,0
1.482587778418756,0.056839628394768346,266.0,3293.0,0.24811411938049208,1.1782289817229106,0.0,39973.0,1.1290459917974973,0.0,0
1.4826885522022486,0.056839628394768346,267.0,3293.0,0.24821489316398485,1.1782289817229106,0.0,39973.0,1.1290459917974973,0.0,0
1.4827911108546903,0.05684241597961914,268.0,3294.0,0.24831466423157553,1.1782289817229112,0.0,39973.0,1.1290459917974973,0.0,0
1.482889889183569,0.05684241597961914,269.0,3294.0,0.24841344256045425,1.1782289817229106,0.0,39973.0,1.1290459917974973,0.0,0
1.4829957351592744,0.05685046648724224,270.0,3295.0,0.24851123802853672,1.1782289817229106,0.0,39973.0,1.1290459917974973,0.0,0
1.4831296589335903,0.056887567874643566,271.0,3296.0,0.24860806041545117,1.1782289817229106,0.0,39973.0,1.1290459917974973,0.0,0
1.4832255179216565,0.056887567874643566,272.0,3296.0,0.24870391940351733,1.178228981722911,0.0,39973.0,1.1290459917974973,0.0,0
1.4833204230968535,0.056887567874643566,273.0,3296.0,0.2487988245787142,1.1782289817229112,0.0,39973.0,1.1290459917974973,0.0,0
1.483414383949777,0.056887567874643566,274.0,3296.0,0.248892785431638,1.1782289817229106,0.0,39973.0,1.1290459917974973,0.0,0
1.4835074098765924,0.056887567874643566,275.0,3296.0,0.2489858113584532,1.1782289817229112,0.0,39973.0,1.1290459917974973,0.0,0
1.4835995101799688,0.056887567874643566,276.0,3296.0,0.24907791166182958,1.178228981722911,0.0,39973.0,1.1290459917974973,0.0,0
1.4836906940700139,0.056887567874643566,277.0,3296.0,0.24916909555187464,1.1782289817229108,0.0,39973.0,1.1290459917974973,0.0,0
1.4837809706651925,0.056887567874643566,278.0,3296.0,0.24925937214705335,1.178228981722911,0.0,39973.0,1.1290459917974973,0.0,0
1.4838703489932399,0.056887567874643566,279.0,3296.0,0.24934875047510072,1.1782289817229106,0.0,39973.0,1.1290459917974973,0.0,0
1.4839588379920632,0.056887567874643566,280.0,3296.0,0.249437239473924,1.1782289817229106,0.0,39973.0,1.1290459917974973,0.0,0
1.484046446510636,0.056887567874643566,281.0,3296.0,0.24952484799249686,1.1782289817229108,0.0,39973.0,1.1290459917974973,0.0,0
1.4841331833098834,0.056887567874643566,282.0,3296.0,0.2496115847917442,1.178228981722911,0.0,39973.0,1.1290459917974973,0.0,0
1.4842190570635576,0.056887567874643566,283.0,3296.0,0.24969745854541853,1.1782289817229106,0.0,39973.0,1.1290459917974973,0.0,0
1.4843040763591058,0.056887567874643566,284.0,3296.0,0.24978247784096655,1.1782289817229106,0.0,39973.0,1.1290459917974973,0.0,0
1.4843882496985281,0.056887567874643566,285.0,3296.0,0.2498666511803891,1.1782289817229106,0.0,39973.0,1.1290459917974973,0.0,0
1.484471585499229,0.056887567874643566,286.0,3296.0,0.24994998698109003,1.1782289817229106,0.0,39973.0,1.1290459917974973,0.0,0
1.484554092094858,0.056887567874643566,287.0,3296.0,0.2500324935767188,1.178228981722911,0.0,39973.0,1.1290459917974973,0.0,0
1.484813348292639,0.057065138431139396,288.0,3302.0,0.2501141792180039,1.1782289817229106,0.0,39973.0,1.1290459917974973,0.0,0
1.484894221148213,0.057065138431139396,289.0,3302.0,0.2501950520735779,1.178228981722911,0.0,39973.0,1.1290459917974973,0.0,0
1.485011438678124,0.05710228780383523,290.0,3303.0,0.25027512023079324,1.1782289817229106,0.0,39973.0,1.1290459917974973,0.0,0
1.4850907101438633,0.05710228780383523,291.0,3303.0,0.25035439169653256,1.1782289817229106,0.0,39973.0,1.1290459917974973,0.0,0
1.4851691928453397,0.05710228780383523,292.0,3303.0,0.2504328743980088,1.1782289817229108,0.0,39973.0,1.1290459917974973,0.0,0
1.485246894630888,0.05710228780383523,293.0,3303.0,0.2505105761835572,1.1782289817229106,0.0,39973.0,1.1290459917974973,0.0,0
1.485323823270752,0.05710228780383523,294.0,3303.0,0.25058750482342107,1.1782289817229108,0.0,39973.0,1.1290459917974973,0.0,0
1.48539998645786,0.05710228780383523,295.0,3303.0,0.25066366801052903,1.178228981722911,0.0,39973.0,1.1290459917974973,0.0,0
1.4854931282617743,0.05712002425701599,296.0,3304.0,0.2507390733612626,1.178228981722911,0.0,39973.0,1.1290459917974973,0.0,0
1.485567783316732,0.05712002425701599,297.0,3304.0,0.2508137284162201,1.1782289817229115,0.0,39973.0,1.1290459917974973,0.0,0
1.4856416955414808,0.05712002425701599,298.0,3304.0,0.25088764064096924,1.1782289817229104,0.0,39973.0,1.1290459917974973,0.0,0
1.4857148723273057,0.05712002425701599,299.0,3304.0,0.25096081742679416,1.1782289817229106,0.0,39973.0,1.1290459917974973,0.0,0
1.4857873209919457,0.05712002425701599,300.0,3304.0,0.2510332660914342,1.178228981722911,0.0,39973.0,1.1290459917974973,0.0,0
1.4858590487803278,0.05712002425701599,301.0,3304.0,0.25110499387981616,1.1782289817229112,0.0,39973.0,1.1290459917974973,0.0,0
1.4859696219592846,0.05715958335100989,302.0,3306.0,0.2511760079647791,1.1782289817229106,0.0,39973.0,1.1290459917974973,0.0,0
1.4860399294422957,0.05715958335100989,303.0,3306.0,0.2512463154477902,1.178228981722911,0.0,39973.0,1.1290459917974973,0.0,0
1.4861095373541622,0.05715958335100989,304.0,3306.0,0.2513159233596568,1.178228981722911,0.0,39973.0,1.1290459917974973,0.0,0
1.4861784526557333,0.05715958335100989,305.0,3306.0,0.2513848386612278,1.1782289817229108,0.0,39973.0,1.1290459917974973,0.0,0
1.4862466822385962,0.05715958335100989,306.0,3306.0,0.2514530682440907,1.1782289817229106,0.0,39973.0,1.1290459917974973,0.0,0
1.4863691607880072,0.057214511213250406,307.0,3308.0,0.25152061893126104,1.1782289817229106,0.0,39973.0,1.1290459917974973,0.0,0
1.4864732243416794,0.05725169622032033,308.0,3309.0,0.2515874974778635,1.1782289817229106,0.0,39973.0,1.1290459917974973,0.0,0
1.4865394374356249,0.05725169622032033,309.0,3309.0,0.25165371057180885,1.1782289817229106,0.0,39973.0,1.1290459917974973,0.0,0
1.486642180936153,0.057288885458196104,310.0,3310.0,0.2517192648344614,1.1782289817229106,0.0,39973.0,1.1290459917974973,0.0,0
1.4867070829229936,0.057288885458196104,311.0,3310.0,0.25178416682130184,1.1782289817229108,0.0,39973.0,1.1290459917974973,0.0,0
1.486771339124275,0.057288885458196104,312.0,3310.0,0.25184842302258337,1.1782289817229106,0.0,39973.0,1.1290459917974973,0.0,0
1.486834955965671,0.057288885458196104,313.0,3310.0,0.2519120398639793,1.1782289817229108,0.0,39973.0,1.1290459917974973,0.0,0
1.4868979398089186,0.057288885458196104,314.0,3310.0,0.2519750237072271,1.1782289817229104,0.0,39973.0,1.1290459917974973,0.0,0
1.4869602969524551,0.057288885458196104,315.0,3310.0,0.25203738085076344,1.1782289817229106,0.0,39973.0,1.1290459917974973,0.0,0
1.4870220336320463,0.057288885458196104,316.0,3310.0,0.2520991175303546,1.178228981722911,0.0,39973.0,1.1290459917974973,0.0,0
1.4870831560214117,0.057288885458196104,317.0,3310.0,0.2521602399197201,1.1782289817229108,0.0,39973.0,1.1290459917974973,0.0,0
1.487143670232841,0.057288885458196104,318.0,3310.0,0.2522207541311495,1.1782289817229106,0.0,39973.0,1.1290459917974973,0.0,0
1.487206893162461,0.05729219630285044,319.0,3311.0,0.252280666216115,1.1782289817229106,0.0,39973.0,1.1290459917974973,0.0,0
1.4872662091122204,0.05729219630285044,320.0,3311.0,0.2523399821658744,1.1782289817229106,0.0,39973.0,1.1290459917974973,0.0,0
1.4873249348584183,0.05729219630285044,321.0,3311.0,0.25239870791207236,1.1782289817229108,0.0,39973.0,1.1290459917974973,0.0,0
1.4873830762736784,0.05729219630285044,322.0,3311.0,0.2524568493273324,1.1782289817229104,0.0,39973.0,1.1290459917974973,0.0,0
1.4874406391721906,0.05729219630285044,323.0,3311.0,0.2525144122258447,1.1782289817229106,0.0,39973.0,1.1290459917974973,0.0,0
1.4874976293102928,0.05729219630285044,324.0,3311.0,0.25257140236394676,1.178228981722911,0.0,39973.0,1.1290459917974973,0.0,0
1.4875540523870463,0.05729219630285044,325.0,3311.0,0.25262782544070006,1.1782289817229108,0.0,39973.0,1.1290459917974973,0.0,0
1.48761389524817,0.05729617750621502,326.0,3312.0,0.25268368709845945,1.1782289817229106,0.0,39973.0,1.1290459917974973,0.0,0
1.4876692010731476,0.05729617750621502,327.0,3312.0,0.252738992923437,1.1782289817229108,0.0,39973.0,1.1290459917974973,0.0,0
1.4877611745905464,0.05733339550078965,328.0,3313.0,0.25279374844626123,1.1782289817229106,0.0,39973.0,1.1290459917974973,0.0,0
1.4878153852868155,0.05733339550078965,329.0,3313.0,0.25284795914253033,1.1782289817229108,0.0,39973.0,1.1290459917974973,0.0,0
1.4878690565776442,0.05733339550078965,330.0,3313.0,0.25290163043335895,1.1782289817229106,0.0,39973.0,1.1290459917974973,0.0,0
1.487959416259805,0.05737061793038852,331.0,3314.0,0.2529547676859209,1.1782289817229112,0.0,39973.0,1.1290459917974973,0.0,0
1.4880120247878699,0.05737061793038852,332.0,3314.0,0.25300737621398584,1.1782289817229106,0.0,39973.0,1.1290459917974973,0.0,0
1.488213018759089,0.057519526837143224,333.0,3318.0,0.25305946127845014,1.1782289817229108,0.0,39973.0,1.1290459917974973,0.0,0
1.4882645855685028,0.057519526837143224,334.0,3318.0,0.253111028087864,1.1782289817229108,0.0,39973.0,1.1290459917974973,0.0,0
1.48831563927959,0.057519526837143224,335.0,3318.0,0.2531620817989512,1.1782289817229106,0.0,39973.0,1.1290459917974973,0.0,0
1.4883661849977639,0.057519526837143224,336.0,3318.0,0.25321262751712514,1.1782289817229104,0.0,39973.0,1.1290459917974973,0.0,0
1.488416227777639,0.057519526837143224,337.0,3318.0,0.2532626702970001,1.178228981722911,0.0,39973.0,1.1290459917974973,0.0,0
1.4884657726235344,0.057519526837143224,338.0,3318.0,0.25331221514289554,1.1782289817229106,0.0,39973.0,1.1290459917974973,0.0,0
1.4885148244899764,0.057519526837143224,339.0,3318.0,0.2533612670093376,1.1782289817229106,0.0,39973.0,1.1290459917974973,0.0,0
1.4885633882821925,0.057519526837143224,340.0,3318.0,0.25340983080155355,1.178228981722911,0.0,39973.0,1.1290459917974973,0.0,0
1.488611468856602,0.057519526837143224,341.0,3318.0,0.2534579113759632,1.1782289817229106,0.0,39973.0,1.1290459917974973,0.0,0
1.488659071021303,0.057519526837143224,342.0,3318.0,0.2535055135406642,1.1782289817229106,0.0,39973.0,1.1290459917974973,0.0,0
1.4887061995365511,0.057519526837143224,343.0,3318.0,0.2535526420559124,1.1782289817229106,0.0,39973.0,1.1290459917974973,0.0,0
1.4887901020149876,0.05755676973689328,344.0,3319.0,0.2535993016345988,1.1782289817229108,0.0,39973.0,1.1290459917974973,0.0,0
1.4888362973231086,0.05755676973689328,345.0,3319.0,0.2536454969427199,1.1782289817229108,0.0,39973.0,1.1290459917974973,0.0,0
1.488919280030891,0.05759401678755032,346.0,3320.0,0.2536912325998451,1.1782289817229106,0.0,39973.0,1.1290459917974973,0.0,0
1.4889645606106243,0.05759401678755032,347.0,3320.0,0.25373651317957857,1.1782289817229108,0.0,39973.0,1.1290459917974973,0.0,0
1.4890093906410615,0.05759401678755032,348.0,3320.0,0.25378134321001566,1.1782289817229106,0.0,39973.0,1.1290459917974973,0.0,0
1.4890537746052428,0.05759401678755032,349.0,3320.0,0.2538257271741968,1.178228981722911,0.0,39973.0,1.1290459917974973,0.0,0
1.4891058010094982,0.05760210085544713,350.0,3321.0,0.2538696695105556,1.1782289817229106,0.0,39973.0,1.1290459917974973,0.0,0
1.489149306112305,0.05760210085544713,351.0,3321.0,0.25391317461336216,1.1782289817229108,0.0,39973.0,1.1290459917974973,0.0,0
1.4891923783321057,0.05760210085544713,352.0,3321.0,0.2539562468331631,1.1782289817229106,0.0,39973.0,1.1290459917974973,0.0,0
1.4892350219761588,0.05760210085544713,353.0,3321.0,0.2539988904772161,1.1782289817229106,0.0,39973.0,1.1290459917974973,0.0,0
1.489277241308864,0.05760210085544713,354.0,3321.0,0.2540411098099212,1.1782289817229108,0.0,39973.0,1.1290459917974973,0.0,0
1.4893562985820017,0.05763935888525909,355.0,3322.0,0.2540829090532469,1.1782289817229106,0.0,39973.0,1.1290459917974973,0.0,0
1.4893976819159072,0.05763935888525909,356.0,3322.0,0.2541242923871525,1.178228981722911,0.0,39973.0,1.1290459917974973,0.0,0
1.4894386534787603,0.05763935888525909,357.0,3322.0,0.2541652639500056,1.1782289817229108,0.0,39973.0,1.1290459917974973,0.0,0
1.4894792173677516,0.05763935888525909,358.0,3322.0,0.2542058278389968,1.1782289817229106,0.0,39973.0,1.1290459917974973,0.0,0
1.4895193776393034,0.05763935888525909,359.0,3322.0,0.2542459881105487,1.1782289817229106,0.0,39973.0,1.1290459917974973,0.0,0
1.4895591383094766,0.05763935888525909,360.0,3322.0,0.25428574878072197,1.1782289817229106,0.0,39973.0,1.1290459917974973,0.0,0
1.4895985033543715,0.05763935888525909,361.0,3322.0,0.25432511382561673,1.1782289817229106,0.0,39973.0,1.1290459917974973,0.0,0
1.4896374767105254,0.05763935888525909,362.0,3322.0,0.25436408718177045,1.178228981722911,0.0,39973.0,1.1290459917974973,0.0,0
1.4896760622753056,0.05763935888525909,363.0,3322.0,0.25440267274655093,1.1782289817229104,0.0,39973.0,1.1290459917974973,0.0,0
1.489714263907302,0.05763935888525909,364.0,3322.0,0.2544408743785473,1.1782289817229106,0.0,39973.0,1.1290459917974973,0.0,0
1.4897520854267086,0.05763935888525909,365.0,3322.0,0.25447869589795385,1.178228981722911,0.0,39973.0,1.1290459917974973,0.0,0
1.4897895306157092,0.05763935888525909,366.0,3322.0,0.2545161410869546,1.1782289817229106,0.0,39973.0,1.1290459917974973,0.0,0
1.4898266032188543,0.05763935888525909,367.0,3322.0,0.25455321369009953,1.178228981722911,0.0,39973.0,1.1290459917974973,0.0,0
1.4898633069434346,0.05763935888525909,368.0,3322.0,0.2545899174146799,1.1782289817229108,0.0,39973.0,1.1290459917974973,0.0,0
1.4898996454598534,0.05763935888525909,369.0,3322.0,0.25462625593109844,1.178228981722911,0.0,39973.0,1.1290459917974973,0.0,0
1.489953412511281,0.05765714899454784,370.0,3323.0,0.25466223287323764,1.1782289817229108,0.0,39973.0,1.1290459917974973,0.0,0
1.4899890314768645,0.05765714899454784,371.0,3323.0,0.25469785183882104,1.1782289817229108,0.0,39973.0,1.1290459917974973,0.0,0
1.4900242960278187,0.05765714899454784,372.0,3323.0,0.2547331163897753,1.1782289817229106,0.0,39973.0,1.1290459917974973,0.0,0
1.4900592096906282,0.05765714899454784,373.0,3323.0,0.25476803005258486,1.178228981722911,0.0,39973.0,1.1290459917974973,0.0,0
1.4900937759566883,0.05765714899454784,374.0,3323.0,0.254802596318645,1.1782289817229104,0.0,39973.0,1.1290459917974973,0.0,0
1.4901279982826545,0.05765714899454784,375.0,3323.0,0.254836818644611,1.1782289817229108,0.0,39973.0,1.1290459917974973,0.0,0
1.4901618800907879,0.05765714899454784,376.0,3323.0,0.25487070045274446,1.1782289817229106,0.0,39973.0,1.1290459917974973,0.0,0
1.4901954247692974,0.05765714899454784,377.0,3323.0,0.25490424513125387,1.1782289817229106,0.0,39973.0,1.1290459917974973,0.0,0
1.490228635672679,0.05765714899454784,378.0,3323.0,0.2549374560346355,1.1782289817229112,0.0,39973.0,1.1290459917974973,0.0,0
1.4902615161220505,0.05765714899454784,379.0,3323.0,0.25497033648400697,1.1782289817229108,0.0,39973.0,1.1290459917974973,0.0,0
1.490294069405484,0.05765714899454784,380.0,3323.0,0.25500288976744095,1.178228981722911,0.0,39973.0,1.1290459917974973,0.0,0
1.4903262987783361,0.05765714899454784,381.0,3323.0,0.25503511914029253,1.1782289817229108,0.0,39973.0,1.1290459917974973,0.0,0
1.4903582074635697,0.05765714899454784,382.0,3323.0,0.2550670278255261,1.1782289817229112,0.0,39973.0,1.1290459917974973,0.0,0
1.4903897986520802,0.05765714899454784,383.0,3323.0,0.25509861901403685,1.1782289817229106,0.0,39973.0,1.1290459917974973,0.0,0
1.4904210755030134,0.05765714899454784,384.0,3323.0,0.2551298958649698,1.1782289817229106,0.0,39973.0,1.1290459917974973,0.0,0
1.4904520411440798,0.05765714899454784,385.0,3323.0,0.25516086150603645,1.1782289817229106,0.0,39973.0,1.1290459917974973,0.0,0
1.4904826986718693,0.05765714899454784,386.0,3323.0,0.25519151903382603,1.178228981722911,0.0,39973.0,1.1290459917974973,0.0,0
1.490513051152161,0.05765714899454784,387.0,3323.0,0.2552218715141174,1.1782289817229106,0.0,39973.0,1.1290459917974973,0.0,0
1.4905608990762584,0.057674946450578975,388.0,3324.0,0.25525192198218377,1.178228981722911,0.0,39973.0,1.1290459917974973,0.0,0
1.4905906505371718,0.057674946450578975,389.0,3324.0,0.2552816734430971,1.1782289817229106,0.0,39973.0,1.1290459917974973,0.0,0
1.4906201059661024,0.057674946450578975,390.0,3324.0,0.25531112887202784,1.1782289817229106,0.0,39973.0,1.1290459917974973,0.0,0
1.4906492683086185,0.057674946450578975,391.0,3324.0,0.2553402912145439,1.178228981722911,0.0,39973.0,1.1290459917974973,0.0,0
1.4906781404809784,0.057674946450578975,392.0,3324.0,0.25536916338690374,1.1782289817229112,0.0,39973.0,1.1290459917974973,0.0,0
1.4907440178236107,0.0577122389037666,393.0,3325.0,0.2553977482763485,1.1782289817229108,0.0,39973.0,1.1290459917974973,0.0,0
1.4907723182886532,0.0577122389037666,394.0,3325.0,0.255426048741391,1.178228981722911,0.0,39973.0,1.1290459917974973,0.0,0
1.4908003371593637,0.0577122389037666,395.0,3325.0,0.2554540676121013,1.178228981722911,0.0,39973.0,1.1290459917974973,0.0,0
1.490828077237652,0.0577122389037666,396.0,3325.0,0.25548180769039003,1.178228981722911,0.0,39973.0,1.1290459917974973,0.0,0
1.49085554129755,0.0577122389037666,397.0,3325.0,0.25550927175028776,1.1782289817229106,0.0,39973.0,1.1290459917974973,0.0,0
1.490882732085486,0.0577122389037666,398.0,3325.0,0.2555364625382238,1.1782289817229112,0.0,39973.0,1.1290459917974973,0.0,0
1.4909096523205616,0.0577122389037666,399.0,3325.0,0.2555633827732993,1.1782289817229112,0.0,39973.0,1.1290459917974973,0.0,0
1.4909363046948223,0.0577122389037666,400.0,3325.0,0.2555900351475601,1.178228981722911,0.0,39973.0,1.1290459917974973,0.0,0
1.4909626918735286,0.0577122389037666,401.0,3325.0,0.2556164223262662,1.1782289817229112,0.0,39973.0,1.1290459917974973,0.0,0
1.4909888164954197,0.0577122389037666,402.0,3325.0,0.25564254694815747,1.1782289817229106,0.0,39973.0,1.1290459917974973,0.0,0
1.4910146811729796,0.0577122389037666,403.0,3325.0,0.2556684116257174,1.1782289817229106,0.0,39973.0,1.1290459917974973,0.0,0
1.4910402884926979,0.0577122389037666,404.0,3325.0,0.25569401894543575,1.1782289817229106,0.0,39973.0,1.1290459917974973,0.0,0
1.4911402444252762,0.057786842313715225,405.0,3327.0,0.25571937146806545,1.1782289817229108,0.0,39973.0,1.1290459917974973,0.0,0
1.4911653446860913,0.057786842313715225,406.0,3327.0,0.25574447172888043,1.1782289817229108,0.0,39973.0,1.1290459917974973,0.0,0
1.4912274999731483,0.05782414709172567,407.0,3328.0,0.25576932223792725,1.1782289817229108,0.0,39973.0,1.1290459917974973,0.0,0
1.4912521032154986,0.05782414709172567,408.0,3328.0,0.2557939254802774,1.1782289817229108,0.0,39973.0,1.1290459917974973,0.0,0
1.4912764616514973,0.05782414709172567,409.0,3328.0,0.25581828391627615,1.1782289817229106,0.0,39973.0,1.1290459917974973,0.0,0
1.4913005777170083,0.05782414709172567,410.0,3328.0,0.255842399981787,1.1782289817229108,0.0,39973.0,1.1290459917974973,0.0,0
1.4913244538236579,0.05782414709172567,411.0,3328.0,0.2558662760884367,1.1782289817229106,0.0,39973.0,1.1290459917974973,0.0,0
1.4913542624500802,0.05783031718272894,412.0,3329.0,0.25588991462385563,1.1782289817229106,0.0,39973.0,1.1290459917974973,0.0,0
1.491377665778142,0.05783031718272894,413.0,3329.0,0.25591331795191746,1.1782289817229106,0.0,39973.0,1.1290459917974973,0.0,0
1.4914008362391986,0.05783031718272894,414.0,3329.0,0.25593648841297406,1.1782289817229108,0.0,39973.0,1.1290459917974973,0.0,0
1.4914237761503155,0.05783031718272894,415.0,3329.0,0.25595942832409124,1.1782289817229104,0.0,39973.0,1.1290459917974973,0.0,0
1.4914464878055034,0.05783031718272894,416.0,3329.0,0.25598213997927893,1.1782289817229106,0.0,39973.0,1.1290459917974973,0.0,0
1.491468973475946,0.05783031718272894,417.0,3329.0,0.2560046256497216,1.1782289817229106,0.0,39973.0,1.1290459917974973,0.0,0
1.4915025607885313,0.057841642561030526,418.0,3330.0,0.2560268875840051,1.1782289817229106,0.0,39973.0,1.1290459917974973,0.0,0
1.4915797239065791,0.05789676525474189,419.0,3332.0,0.2560489280083416,1.1782289817229108,0.0,39973.0,1.1290459917974973,0.0,0
1.491601545025029,0.05789676525474189,420.0,3332.0,0.25607074912679173,1.1782289817229106,0.0,39973.0,1.1290459917974973,0.0,0
1.491623149019723,0.05789676525474189,421.0,3332.0,0.2560923531214853,1.1782289817229115,0.0,39973.0,1.1290459917974973,0.0,0
1.4916445380510774,0.05789676525474189,422.0,3332.0,0.25611374215284005,1.1782289817229108,0.0,39973.0,1.1290459917974973,0.0,0
1.4916657142580143,0.05789676525474189,423.0,3332.0,0.2561349183597769,1.1782289817229106,0.0,39973.0,1.1290459917974973,0.0,0
1.4916866797581716,0.05789676525474189,424.0,3332.0,0.2561558838599342,1.1782289817229106,0.0,39973.0,1.1290459917974973,0.0,0
1.4917074366481167,0.05789676525474189,425.0,3332.0,0.2561766407498793,1.1782289817229106,0.0,39973.0,1.1290459917974973,0.0,0
1.491727987003556,0.05789676525474189,426.0,3332.0,0.2561971911053188,1.1782289817229106,0.0,39973.0,1.1290459917974973,0.0,0
1.4917483328795422,0.05789676525474189,427.0,3332.0,0.2562175369813049,1.1782289817229106,0.0,39973.0,1.1290459917974973,0.0,0
1.49176847631068,0.05789676525474189,428.0,3332.0,0.2562376804124425,1.1782289817229106,0.0,39973.0,1.1290459917974973,0.0,0
1.4917884193113289,0.05789676525474189,429.0,3332.0,0.25625762341309155,1.1782289817229106,0.0,39973.0,1.1290459917974973,0.0,0
1.4918081638758058,0.05789676525474189,430.0,3332.0,0.25627736797756845,1.1782289817229106,0.0,39973.0,1.1290459917974973,0.0,0
1.4918277119785839,0.05789676525474189,431.0,3332.0,0.2562969160803463,1.1782289817229106,0.0,39973.0,1.1290459917974973,0.0,0
1.491847065574489,0.05789676525474189,432.0,3332.0,0.2563162696762516,1.1782289817229106,0.0,39973.0,1.1290459917974973,0.0,0
1.4918662265988976,0.05789676525474189,433.0,3332.0,0.2563354307006602,1.1782289817229101,0.0,39973.0,1.1290459917974973,0.0,0
1.4918851969679279,0.05789676525474189,434.0,3332.0,0.2563544010696903,1.178228981722911,0.0,39973.0,1.1290459917974973,0.0,0
1.4919039785786323,0.05789676525474189,435.0,3332.0,0.25637318268039483,1.1782289817229112,0.0,39973.0,1.1290459917974973,0.0,0
1.4919225733091876,0.05789676525474189,436.0,3332.0,0.2563917774109503,1.178228981722911,0.0,39973.0,1.1290459917974973,0.0,0
1.4919409830190828,0.05789676525474189,437.0,3332.0,0.2564101871208454,1.1782289817229106,0.0,39973.0,1.1290459917974973,0.0,0
1.4919592095493037,0.05789676525474189,438.0,3332.0,0.25642841365106617,1.1782289817229106,0.0,39973.0,1.1290459917974973,0.0,0
1.4920161507381264,0.057935661270349485,439.0,3334.0,0.25644645882428135,1.1782289817229106,0.0,39973.0,1.1290459917974973,0.0,0
1.4920340163588681,0.057935661270349485,440.0,3334.0,0.2564643244450229,1.1782289817229108,0.0,39973.0,1.1290459917974973,0.0,0
1.492051704213713,0.057935661270349485,441.0,3334.0,0.256482012299868,1.1782289817229106,0.0,39973.0,1.1290459917974973,0.0,0
1.492069216071462,0.057935661270349485,442.0,3334.0,0.25649952415761673,1.178228981722911,0.0,39973.0,1.1290459917974973,0.0,0
1.4920978835689735,0.057946991156008404,443.0,3335.0,0.25651686176946936,1.178228981722911,0.0,39973.0,1.1290459917974973,0.0,0
1.4921150486687058,0.057946991156008404,444.0,3335.0,0.25653402686920185,1.1782289817229104,0.0,39973.0,1.1290459917974973,0.0,0
1.4921320429728422,0.057946991156008404,445.0,3335.0,0.25655102117333806,1.1782289817229106,0.0,39973.0,1.1290459917974973,0.0,0
1.4921488681808273,0.057946991156008404,446.0,3335.0,0.2565678463813232,1.1782289817229106,0.0,39973.0,1.1290459917974973,0.0,0
1.4921655259751954,0.057946991156008404,447.0,3335.0,0.2565845041756913,1.1782289817229106,0.0,39973.0,1.1290459917974973,0.0,0
1.49218201802174,0.057946991156008404,448.0,3335.0,0.25660099622223614,1.1782289817229106,0.0,39973.0,1.1290459917974973,0.0,0
1.4921983459696802,0.057946991156008404,449.0,3335.0,0.25661732417017613,1.1782289817229106,0.0,39973.0,1.1290459917974973,0.0,0
1.4922145114518235,0.057946991156008404,450.0,3335.0,0.2566334896523196,1.178228981722911,0.0,39973.0,1.1290459917974973,0.0,0
1.492230516084732,0.057946991156008404,451.0,3335.0,0.2566494942852282,1.178228981722911,0.0,39973.0,1.1290459917974973,0.0,0
1.4922463614688823,0.057946991156008404,452.0,3335.0,0.25666533966937843,1.178228981722911,0.0,39973.0,1.1290459917974973,0.0,0
1.492262049188826,0.057946991156008404,453.0,3335.0,0.2566810273893222,1.1782289817229106,0.0,39973.0,1.1290459917974973,0.0,0
1.4922775808133484,0.057946991156008404,454.0,3335.0,0.2566965590138444,1.1782289817229106,0.0,39973.0,1.1290459917974973,0.0,0
1.4923107761898762,0.05796480945025997,455.0,3336.0,0.25671193609612036,1.1782289817229106,0.0,39973.0,1.1290459917974973,0.0,0
1.492326000267627,0.05796480945025997,456.0,3336.0,0.2567271601738714,1.178228981722911,0.0,39973.0,1.1290459917974973,0.0,0
1.4923410728632733,0.05796480945025997,457.0,3336.0,0.2567422327695177,1.1782289817229115,0.0,39973.0,1.1290459917974973,0.0,0
1.492355995484087,0.05796480945025997,458.0,3336.0,0.2567571553903316,1.1782289817229106,0.0,39973.0,1.1290459917974973,0.0,0
1.4923707696223432,0.05796480945025997,459.0,3336.0,0.2567719295285875,1.1782289817229106,0.0,39973.0,1.1290459917974973,0.0,0
1.492385396755467,0.05796480945025997,460.0,3336.0,0.2567865566617113,1.178228981722911,0.0,39973.0,1.1290459917974973,0.0,0
1.4923998783461845,0.05796480945025997,461.0,3336.0,0.25680103825242895,1.1782289817229106,0.0,39973.0,1.1290459917974973,0.0,0
1.4924142158426672,0.05796480945025997,462.0,3336.0,0.25681537574891133,1.1782289817229117,0.0,39973.0,1.1290459917974973,0.0,0
1.4924284106786756,0.05796480945025997,463.0,3336.0,0.25682957058492006,1.1782289817229106,0.0,39973.0,1.1290459917974973,0.0,0
1.4924424642737062,0.05796480945025997,464.0,3336.0,0.25684362417995077,1.178228981722911,0.0,39973.0,1.1290459917974973,0.0,0
1.4924563780331297,0.05796480945025997,465.0,3336.0,0.2568575379393742,1.1782289817229106,0.0,39973.0,1.1290459917974973,0.0,0
1.492470153348334,0.05796480945025997,466.0,3336.0,0.2568713132545784,1.1782289817229106,0.0,39973.0,1.1290459917974973,0.0,0
1.4924837915968618,0.05796480945025997,467.0,3336.0,0.2568849515031062,1.1782289817229112,0.0,39973.0,1.1290459917974973,0.0,0
1.4925086271574408,0.05797614246515166,468.0,3337.0,0.25689845404879363,1.1782289817229104,0.0,39973.0,1.1290459917974973,0.0,0
1.4925219953505542,0.05797614246515166,469.0,3337.0,0.25691182224190673,1.178228981722911,0.0,39973.0,1.1290459917974973,0.0,0
1.4925352305279234,0.05797614246515166,470.0,3337.0,0.25692505741927607,1.178228981722911,0.0,39973.0,1.1290459917974973,0.0,0
1.4925483340130772,0.05797614246515166,471.0,3337.0,0.2569381609044299,1.178228981722911,0.0,39973.0,1.1290459917974973,0.0,0
1.4925613071163755,0.05797614246515166,472.0,3337.0,0.2569511340077282,1.1782289817229106,0.0,39973.0,1.1290459917974973,0.0,0
1.4925741511351391,0.05797614246515166,473.0,3337.0,0.2569639780264918,1.1782289817229108,0.0,39973.0,1.1290459917974973,0.0,0
1.4925868673537803,0.05797614246515166,474.0,3337.0,0.25697669424513325,1.1782289817229106,0.0,39973.0,1.1290459917974973,0.0,0
1.4925994570439325,0.05797614246515166,475.0,3337.0,0.25698928393528525,1.1782289817229106,0.0,39973.0,1.1290459917974973,0.0,0
1.4926119214645743,0.05797614246515166,476.0,3337.0,0.2570017483559272,1.1782289817229108,0.0,39973.0,1.1290459917974973,0.0,0
1.4926242618621588,0.05797614246515166,477.0,3337.0,0.2570140887535116,1.1782289817229106,0.0,39973.0,1.1290459917974973,0.0,0
1.4926364794707356,0.05797614246515166,478.0,3337.0,0.2570263063620885,1.1782289817229106,0.0,39973.0,1.1290459917974973,0.0,0
1.492648575512076,0.05797614246515166,479.0,3337.0,0.25703840240342873,1.178228981722911,0.0,39973.0,1.1290459917974973,0.0,0
1.492660551195794,0.05797614246515166,480.0,3337.0,0.25705037808714654,1.1782289817229112,0.0,39973.0,1.1290459917974973,0.0,0
1.492672407719468,0.05797614246515166,481.0,3337.0,0.25706223461082056,1.178228981722911,0.0,39973.0,1.1290459917974973,0.0,0
1.4926841462687603,0.05797614246515166,482.0,3337.0,0.2570739731601129,1.1782289817229115,0.0,39973.0,1.1290459917974973,0.0,0
1.4926957680175355,0.05797614246515166,483.0,3337.0,0.2570855949088881,1.178228981722911,0.0,39973.0,1.1290459917974973,0.0,0
1.4927072741279783,0.05797614246515166,484.0,3337.0,0.25709710101933103,1.178228981722911,0.0,39973.0,1.1290459917974973,0.0,0
1.4927186657507094,0.05797614246515166,485.0,3337.0,0.25710849264206215,1.1782289817229106,0.0,39973.0,1.1290459917974973,0.0,0
1.4927299440249002,0.05797614246515166,486.0,3337.0,0.25711977091625293,1.1782289817229108,0.0,39973.0,1.1290459917974973,0.0,0
1.4927411100783878,0.05797614246515166,487.0,3337.0,0.2571309369697407,1.1782289817229106,0.0,39973.0,1.1290459917974973,0.0,0
1.4927521650277873,0.05797614246515166,488.0,3337.0,0.25714199191913995,1.1782289817229108,0.0,39973.0,1.1290459917974973,0.0,0
1.492763109978602,0.05797614246515166,489.0,3337.0,0.2571529368699547,1.1782289817229112,0.0,39973.0,1.1290459917974973,0.0,0
1.4927739460253364,0.05797614246515166,490.0,3337.0,0.25716377291668924,1.1782289817229106,0.0,39973.0,1.1290459917974973,0.0,0
1.4927846742516047,0.05797614246515166,491.0,3337.0,0.2571745011429573,1.1782289817229112,0.0,39973.0,1.1290459917974973,0.0,0
1.492795295730238,0.05797614246515166,492.0,3337.0,0.25718512262159055,1.1782289817229108,0.0,39973.0,1.1290459917974973,0.0,0
1.4928058115233924,0.05797614246515166,493.0,3337.0,0.25719563841474535,1.1782289817229106,0.0,39973.0,1.1290459917974973,0.0,0
1.4928162226826573,0.05797614246515166,494.0,3337.0,0.25720604957401005,1.178228981722911,0.0,39973.0,1.1290459917974973,0.0,0
1.4928265302491566,0.05797614246515166,495.0,3337.0,0.25721635714050933,1.1782289817229108,0.0,39973.0,1.1290459917974973,0.0,0
1.4928367352536553,0.05797614246515166,496.0,3337.0,0.25722656214500805,1.1782289817229106,0.0,39973.0,1.1290459917974973,0.0,0
1.4928468387166631,0.05797614246515166,497.0,3337.0,0.2572366656080156,1.178228981722911,0.0,39973.0,1.1290459917974973,0.0,0
1.4928568416485337,0.05797614246515166,498.0,3337.0,0.2572466685398865,1.1782289817229106,0.0,39973.0,1.1290459917974973,0.0,0
1.4928667450495696,0.05797614246515166,499.0,3337.0,0.2572565719409223,1.1782289817229112,0.0,39973.0,1.1290459917974973,0.0,0
1.4928765499101186,0.05797614246515166,500.0,3337.0,0.25726637680147146,1.1782289817229106,0.0,39973.0,1.1290459917974973,0.0,0
1.492886257210675,0.05797614246515166,501.0,3337.0,0.2572760841020278,1.1782289817229104,0.0,39973.0,1.1290459917974973,0.0,0
1.4928958679219773,0.05797614246515166,502.0,3337.0,0.25728569481332997,1.178228981722911,0.0,39973.0,1.1290459917974973,0.0,0
1.492905383005104,0.05797614246515166,503.0,3337.0,0.2572952098964568,1.1782289817229106,0.0,39973.0,1.1290459917974973,0.0,0
1.492914803411572,0.05797614246515166,504.0,3337.0,0.25730463030292455,1.1782289817229112,0.0,39973.0,1.1290459917974973,0.0,0
1.4929241300834293,0.05797614246515166,505.0,3337.0,0.2573139569747821,1.1782289817229106,0.0,39973.0,1.1290459917974973,0.0,0
1.4929333639533513,0.05797614246515166,506.0,3337.0,0.25732319084470395,1.1782289817229112,0.0,39973.0,1.1290459917974973,0.0,0
1.492942505944732,0.05797614246515166,507.0,3337.0,0.25733233283608486,1.1782289817229106,0.0,39973.0,1.1290459917974973,0.0,0
1.4929515569717788,0.05797614246515166,508.0,3337.0,0.2573413838631316,1.1782289817229108,0.0,39973.0,1.1290459917974973,0.0,0
1.492960517939602,0.05797614246515166,509.0,3337.0,0.25735034483095454,1.1782289817229108,0.0,39973.0,1.1290459917974973,0.0,0
1.4929693897443053,0.05797614246515166,510.0,3337.0,0.2573592166356579,1.178228981722911,0.0,39973.0,1.1290459917974973,0.0,0
1.492978173273077,0.05797614246515166,511.0,3337.0,0.2573680001644297,1.1782289817229106,0.0,39973.0,1.1290459917974973,0.0,0
1.492986869404277,0.05797614246515166,512.0,3337.0,0.2573766962956298,1.178228981722911,0.0,39973.0,1.1290459917974973,0.0,0
1.492995479007526,0.05797614246515166,513.0,3337.0,0.25738530589887854,1.178228981722911,0.0,39973.0,1.1290459917974973,0.0,0
1.4930040029437912,0.05797614246515166,514.0,3337.0,0.2573938298351439,1.1782289817229106,0.0,39973.0,1.1290459917974973,0.0,0
1.4930124420654733,0.05797614246515166,515.0,3337.0,0.25740226895682605,1.1782289817229106,0.0,39973.0,1.1290459917974973,0.0,0
1.493020797216492,0.05797614246515166,516.0,3337.0,0.2574106241078446,1.1782289817229106,0.0,39973.0,1.1290459917974973,0.0,0
1.4930290692323689,0.05797614246515166,517.0,3337.0,0.2574188961237215,1.178228981722911,0.0,39973.0,1.1290459917974973,0.0,0
1.4930372589403125,0.05797614246515166,518.0,3337.0,0.2574270858316652,1.178228981722911,0.0,39973.0,1.1290459917974973,0.0,0
1.4930453671593005,0.05797614246515166,519.0,3337.0,0.2574351940506532,1.1782289817229106,0.0,39973.0,1.1290459917974973,0.0,0
1.4930533947001614,0.05797614246515166,520.0,3337.0,0.2574432215915143,1.1782289817229106,0.0,39973.0,1.1290459917974973,0.0,0
1.4930613423656565,0.05797614246515166,521.0,3337.0,0.2574511692570092,1.178228981722911,0.0,39973.0,1.1290459917974973,0.0,0
1.4930692109505586,0.05797614246515166,522.0,3337.0,0.2574590378419112,1.178228981722911,0.0,39973.0,1.1290459917974973,0.0,0
1.4930770012417325,0.05797614246515166,523.0,3337.0,0.2574668281330853,1.1782289817229106,0.0,39973.0,1.1290459917974973,0.0,0
1.4930847140182142,0.05797614246515166,524.0,3337.0,0.257474540909567,1.1782289817229108,0.0,39973.0,1.1290459917974973,0.0,0
1.493092350051288,0.05797614246515166,525.0,3337.0,0.2574821769426406,1.1782289817229112,0.0,39973.0,1.1290459917974973,0.0,0
1.4930999101045628,0.05797614246515166,526.0,3337.0,0.25748973699591543,1.1782289817229112,0.0,39973.0,1.1290459917974973,0.0,0
1.4931073949340508,0.05797614246515166,527.0,3337.0,0.25749722182540336,1.178228981722911,0.0,39973.0,1.1290459917974973,0.0,0
1.493114805288241,0.05797614246515166,528.0,3337.0,0.25750463217959374,1.1782289817229108,0.0,39973.0,1.1290459917974973,0.0,0
1.4931221419081748,0.05797614246515166,529.0,3337.0,0.2575119687995276,1.1782289817229106,0.0,39973.0,1.1290459917974973,0.0,0
1.4932041128543823,0.05805084979201318,530.0,3339.0,0.2575192324188735,1.1782289817229106,0.0,39973.0,1.1290459917974973,0.0,0
1.493211304199508,0.05805084979201318,531.0,3339.0,0.25752642376399937,1.1782289817229106,0.0,39973.0,1.1290459917974973,0.0,0
1.4932184239895545,0.05805084979201318,532.0,3339.0,0.25753354355404573,1.178228981722911,0.0,39973.0,1.1290459917974973,0.0,0
1.4932254729365064,0.05805084979201318,533.0,3339.0,0.2575405925009974,1.178228981722911,0.0,39973.0,1.1290459917974973,0.0,0
1.493232451745264,0.05805084979201318,534.0,3339.0,0.2575475713097551,1.1782289817229106,0.0,39973.0,1.1290459917974973,0.0,0
1.4932393611137142,0.05805084979201318,535.0,3339.0,0.2575544806782053,1.1782289817229106,0.0,39973.0,1.1290459917974973,0.0,0
1.4932462017327996,0.05805084979201318,536.0,3339.0,0.2575613212972908,1.178228981722911,0.0,39973.0,1.1290459917974973,0.0,0
1.4932529742865879,0.05805084979201318,537.0,3339.0,0.2575680938510792,1.178228981722911,0.0,39973.0,1.1290459917974973,0.0,0
1.4932596794523403,0.05805084979201318,538.0,3339.0,0.2575747990168313,1.1782289817229106,0.0,39973.0,1.1290459917974973,0.0,0
1.4932663179005783,0.05805084979201318,539.0,3339.0,0.25758143746506945,1.1782289817229106,0.0,39973.0,1.1290459917974973,0.0,0
1.4933102473105262,0.05808820680738656,540.0,3340.0,0.2575880098596441,1.1782289817229106,0.0,39973.0,1.1290459917974973,0.0,0
1.4933167543086823,0.05808820680738656,541.0,3340.0,0.2575945168578001,1.1782289817229106,0.0,39973.0,1.1290459917974973,0.0,0
1.4933231965611247,0.05808820680738656,542.0,3340.0,0.25760095911024256,1.1782289817229104,0.0,39973.0,1.1290459917974973,0.0,0
1.4933295747120845,0.05808820680738656,543.0,3340.0,0.25760733726120216,1.1782289817229115,0.0,39973.0,1.1290459917974973,0.0,0
1.4933358893993816,0.05808820680738656,544.0,3340.0,0.2576136519484993,1.178228981722911,0.0,39973.0,1.1290459917974973,0.0,0
1.4933421412544903,0.05808820680738656,545.0,3340.0,0.2576199038036081,1.1782289817229108,0.0,39973.0,1.1290459917974973,0.0,0
1.4933483309026014,0.05808820680738656,546.0,3340.0,0.2576260934517192,1.1782289817229115,0.0,39973.0,1.1290459917974973,0.0,0
1.4933544589626848,0.05808820680738656,547.0,3340.0,0.25763222151180254,1.1782289817229108,0.0,39973.0,1.1290459917974973,0.0,0
1.4933605260475513,0.05808820680738656,548.0,3340.0,0.2576382885966691,1.1782289817229112,0.0,39973.0,1.1290459917974973,0.0,0
1.4933665327639152,0.05808820680738656,549.0,3340.0,0.2576442953130329,1.178228981722911,0.0,39973.0,1.1290459917974973,0.0,0
1.4933724797124521,0.05808820680738656,550.0,3340.0,0.25765024226157,1.1782289817229104,0.0,39973.0,1.1290459917974973,0.0,0
1.4933783674878627,0.05808820680738656,551.0,3340.0,0.25765613003698046,1.1782289817229106,0.0,39973.0,1.1290459917974973,0.0,0
1.4933841966789292,0.05808820680738656,552.0,3340.0,0.25766195922804697,1.1782289817229108,0.0,39973.0,1.1290459917974973,0.0,0
1.4933899678685754,0.05808820680738656,553.0,3340.0,0.25766773041769314,1.1782289817229106,0.0,39973.0,1.1290459917974973,0.0,0
1.4933956816339249,0.05808820680738656,554.0,3340.0,0.25767344418304283,1.1782289817229106,0.0,39973.0,1.1290459917974973,0.0,0
1.4934013385463594,0.05808820680738656,555.0,3340.0,0.25767910109547726,1.1782289817229108,0.0,39973.0,1.1290459917974973,0.0,0
1.493406939171575,0.05808820680738656,556.0,3340.0,0.2576847017206928,1.1782289817229112,0.0,39973.0,1.1290459917974973,0.0,0
1.4934124840696383,0.05808820680738656,557.0,3340.0,0.2576902466187562,1.178228981722911,0.0,39973.0,1.1290459917974973,0.0,0
1.4934179737950442,0.05808820680738656,558.0,3340.0,0.257695736344162,1.1782289817229106,0.0,39973.0,1.1290459917974973,0.0,0
1.4934234088967695,0.05808820680738656,559.0,3340.0,0.2577011714458873,1.1782289817229115,0.0,39973.0,1.1290459917974973,0.0,0
1.4934287899183292,0.05808820680738656,560.0,3340.0,0.2577065524674469,1.1782289817229112,0.0,39973.0,1.1290459917974973,0.0,0
1.4934341173978296,0.05808820680738656,561.0,3340.0,0.2577118799469474,1.1782289817229104,0.0,39973.0,1.1290459917974973,0.0,0
1.493439391868023,0.05808820680738656,562.0,3340.0,0.25771715441714105,1.1782289817229106,0.0,39973.0,1.1290459917974973,0.0,0
1.4934446138563617,0.05808820680738656,563.0,3340.0,0.25772237640547946,1.1782289817229112,0.0,39973.0,1.1290459917974973,0.0,0
1.493449783885048,0.05808820680738656,564.0,3340.0,0.2577275464341658,1.1782289817229112,0.0,39973.0,1.1290459917974973,0.0,0
1.4934549024710893,0.05808820680738656,565.0,3340.0,0.25773266502020703,1.1782289817229108,0.0,39973.0,1.1290459917974973,0.0,0
1.4934599701263487,0.05808820680738656,566.0,3340.0,0.2577377326754664,1.1782289817229112,0.0,39973.0,1.1290459917974973,0.0,0
1.4934649873575956,0.05808820680738656,567.0,3340.0,0.25774274990671336,1.1782289817229108,0.0,39973.0,1.1290459917974973,0.0,0
1.4934699546665573,0.05808820680738656,568.0,3340.0,0.2577477172156752,1.1782289817229106,0.0,39973.0,1.1290459917974973,0.0,0
1.4934748725499694,0.05808820680738656,569.0,3340.0,0.25775263509908714,1.178228981722911,0.0,39973.0,1.1290459917974973,0.0,0
1.4934797414996237,0.05808820680738656,570.0,3340.0,0.25775750404874165,1.1782289817229115,0.0,39973.0,1.1290459917974973,0.0,0
1.4934845620024195,0.05808820680738656,571.0,3340.0,0.2577623245515373,1.1782289817229108,0.0,39973.0,1.1290459917974973,0.0,0
1.493489334540411,0.05808820680738656,572.0,3340.0,0.2577670970895289,1.1782289817229106,0.0,39973.0,1.1290459917974973,0.0,0
1.4934940595908561,0.05808820680738656,573.0,3340.0,0.25777182213997396,1.1782289817229106,0.0,39973.0,1.1290459917974973,0.0,0
1.4934987376262638,0.05808820680738656,574.0,3340.0,0.25777650017538173,1.178228981722911,0.0,39973.0,1.1290459917974973,0.0,0
1.4935033691144417,0.05808820680738656,575.0,3340.0,0.25778113166355954,1.178228981722911,0.0,39973.0,1.1290459917974973,0.0,0
1.493507954518542,0.05808820680738656,576.0,3340.0,0.25778571706765974,1.1782289817229112,0.0,39973.0,1.1290459917974973,0.0,0
1.493512494297109,0.05808820680738656,577.0,3340.0,0.25779025684622686,1.1782289817229106,0.0,39973.0,1.1290459917974973,0.0,0
1.4935169889041247,0.05808820680738656,578.0,3340.0,0.2577947514532425,1.1782289817229104,0.0,39973.0,1.1290459917974973,0.0,0
1.4935214387890532,0.05808820680738656,579.0,3340.0,0.2577992013381711,1.1782289817229106,0.0,39973.0,1.1290459917974973,0.0,0
1.4935258443968873,0.05808820680738656,580.0,3340.0,0.25780360694600496,1.1782289817229106,0.0,39973.0,1.1290459917974973,0.0,0
1.4935302061681905,0.05808820680738656,581.0,3340.0,0.25780796871730843,1.1782289817229106,0.0,39973.0,1.1290459917974973,0.0,0
1.4935345245391445,0.05808820680738656,582.0,3340.0,0.25781228708826226,1.1782289817229106,0.0,39973.0,1.1290459917974973,0.0,0
1.4935387999415892,0.05808820680738656,583.0,3340.0,0.2578165624907072,1.178228981722911,0.0,39973.0,1.1290459917974973,0.0,0
1.4935430328030692,0.05808820680738656,584.0,3340.0,0.2578207953521869,1.178228981722911,0.0,39973.0,1.1290459917974973,0.0,0
1.4935472235468734,0.05808820680738656,585.0,3340.0,0.25782498609599136,1.1782289817229108,0.0,39973.0,1.1290459917974973,0.0,0
1.4935513725920802,0.05808820680738656,586.0,3340.0,0.25782913514119804,1.1782289817229106,0.0,39973.0,1.1290459917974973,0.0,0
1.4935554803535975,0.05808820680738656,587.0,3340.0,0.25783324290271525,1.1782289817229108,0.0,39973.0,1.1290459917974973,0.0,0
1.4935595472422045,0.05808820680738656,588.0,3340.0,0.2578373097913224,1.178228981722911,0.0,39973.0,1.1290459917974973,0.0,0
1.493563573664594,0.05808820680738656,589.0,3340.0,0.25784133621371186,1.1782289817229115,0.0,39973.0,1.1290459917974973,0.0,0
1.493567560023411,0.05808820680738656,590.0,3340.0,0.25784532257252896,1.1782289817229108,0.0,39973.0,1.1290459917974973,0.0,0
1.4935715067172952,0.05808820680738656,591.0,3340.0,0.2578492692664131,1.1782289817229106,0.0,39973.0,1.1290459917974973,0.0,0
1.4935754141409192,0.05808820680738656,592.0,3340.0,0.2578531766900371,1.1782289817229108,0.0,39973.0,1.1290459917974973,0.0,0
1.4935792826850285,0.05808820680738656,593.0,3340.0,0.2578570452341463,1.1782289817229104,0.0,39973.0,1.1290459917974973,0.0,0
1.4935831127364807,0.05808820680738656,594.0,3340.0,0.2578608752855987,1.1782289817229108,0.0,39973.0,1.1290459917974973,0.0,0
1.4935869046782846,0.05808820680738656,595.0,3340.0,0.25786466722740237,1.1782289817229112,0.0,39973.0,1.1290459917974973,0.0,0
1.4935906588896366,0.05808820680738656,596.0,3340.0,0.25786842143875444,1.1782289817229108,0.0,39973.0,1.1290459917974973,0.0,0
1.4935943757459615,0.05808820680738656,597.0,3340.0,0.25787213829507943,1.1782289817229106,0.0,39973.0,1.1290459917974973,0.0,0
1.4935980556189485,0.05808820680738656,598.0,3340.0,0.2578758181680664,1.1782289817229108,0.0,39973.0,1.1290459917974973,0.0,0
1.4936016988765872,0.05808820680738656,599.0,3340.0,0.2578794614257051,1.178228981722911,0.0,39973.0,1.1290459917974973,0.0,0
1.4936053058832066,0.05808820680738656,600.0,3340.0,0.25788306843232456,1.1782289817229106,0.0,39973.0,1.1290459917974973,0.0,0
1.4936088769995108,0.05808820680738656,601.0,3340.0,0.2578866395486286,1.178228981722911,0.0,39973.0,1.1290459917974973,0.0,0
1.4936124125826138,0.05808820680738656,602.0,3340.0,0.2578901751317317,1.1782289817229104,0.0,39973.0,1.1290459917974973,0.0,0
1.493615912986077,0.05808820680738656,603.0,3340.0,0.25789367553519515,1.178228981722911,0.0,39973.0,1.1290459917974973,0.0,0
1.4936567442361353,0.05812557248357775,604.0,3341.0,0.257897141109062,1.178228981722911,0.0,39973.0,1.1290459917974973,0.0,0
1.4936601753269663,0.05812557248357775,605.0,3341.0,0.257900572199893,1.1782289817229106,0.0,39973.0,1.1290459917974973,0.0,0
1.493663572277873,0.05812557248357775,606.0,3341.0,0.25790396915079966,1.1782289817229108,0.0,39973.0,1.1290459917974973,0.0,0
1.4936669354285534,0.05812557248357775,607.0,3341.0,0.25790733230148005,1.1782289817229112,0.0,39973.0,1.1290459917974973,0.0,0
1.4936702651153253,0.05812557248357775,608.0,3341.0,0.257910661988252,1.1782289817229106,0.0,39973.0,1.1290459917974973,0.0,0
1.4936735616711605,0.05812557248357775,609.0,3341.0,0.2579139585440872,1.1782289817229106,0.0,39973.0,1.1290459917974973,0.0,0
1.493676825425717,0.05812557248357775,610.0,3341.0,0.25791722229864367,1.1782289817229106,0.0,39973.0,1.1290459917974973,0.0,0
1.493680056705373,0.05812557248357775,611.0,3341.0,0.25792045357829957,1.1782289817229108,0.0,39973.0,1.1290459917974973,0.0,0
1.4936832558332591,0.05812557248357775,612.0,3341.0,0.2579236527061858,1.1782289817229106,0.0,39973.0,1.1290459917974973,0.0,0
1.4936864231292912,0.05812557248357775,613.0,3341.0,0.25792682000221784,1.1782289817229108,0.0,39973.0,1.1290459917974973,0.0,0
1.4936895589102008,0.05812557248357775,614.0,3341.0,0.25792995578312755,1.1782289817229106,0.0,39973.0,1.1290459917974973,0.0,0
1.4936926634895693,0.05812557248357775,615.0,3341.0,0.2579330603624961,1.1782289817229106,0.0,39973.0,1.1290459917974973,0.0,0
1.493695737177857,0.05812557248357775,616.0,3341.0,0.2579361340507836,1.178228981722911,0.0,39973.0,1.1290459917974973,0.0,0
1.4936987802824353,0.05812557248357775,617.0,3341.0,0.257939177155362,1.178228981722911,0.0,39973.0,1.1290459917974973,0.0,0
1.4937017931076169,0.05812557248357775,618.0,3341.0,0.25794218998054347,1.178228981722911,0.0,39973.0,1.1290459917974973,0.0,0
1.493704775954687,0.05812557248357775,619.0,3341.0,0.25794517282761364,1.1782289817229108,0.0,39973.0,1.1290459917974973,0.0,0
1.493707729121933,0.05812557248357775,620.0,3341.0,0.25794812599485967,1.1782289817229106,0.0,39973.0,1.1290459917974973,0.0,0
1.4937106529046738,0.05812557248357775,621.0,3341.0,0.2579510497776005,1.1782289817229108,0.0,39973.0,1.1290459917974973,0.0,0
1.4937135475952905,0.05812557248357775,622.0,3341.0,0.2579539444682171,1.1782289817229106,0.0,39973.0,1.1290459917974973,0.0,0
1.4937164134832541,0.05812557248357775,623.0,3341.0,0.2579568103561808,1.1782289817229108,0.0,39973.0,1.1290459917974973,0.0,0
1.493719250855156,0.05812557248357775,624.0,3341.0,0.2579596477280826,1.178228981722911,0.0,39973.0,1.1290459917974973,0.0,0
1.4937220599947358,0.05812557248357775,625.0,3341.0,0.2579624568676625,1.1782289817229108,0.0,39973.0,1.1290459917974973,0.0,0
1.4937248411829098,0.05812557248357775,626.0,3341.0,0.25796523805583654,1.1782289817229108,0.0,39973.0,1.1290459917974973,0.0,0
1.4937275946977993,0.05812557248357775,627.0,3341.0,0.25796799157072586,1.178228981722911,0.0,39973.0,1.1290459917974973,0.0,0
1.4937303208147574,0.05812557248357775,628.0,3341.0,0.25797071768768415,1.1782289817229104,0.0,39973.0,1.1290459917974973,0.0,0
1.4937330198063987,0.05812557248357775,629.0,3341.0,0.25797341667932566,1.1782289817229106,0.0,39973.0,1.1290459917974973,0.0,0
1.4937356919426248,0.05812557248357775,630.0,3341.0,0.2579760888155514,1.1782289817229106,0.0,39973.0,1.1290459917974973,0.0,0
1.493738337490651,0.05812557248357775,631.0,3341.0,0.25797873436357777,1.1782289817229112,0.0,39973.0,1.1290459917974973,0.0,0
1.4937409567150344,0.05812557248357775,632.0,3341.0,0.2579813535879613,1.1782289817229106,0.0,39973.0,1.1290459917974973,0.0,0
1.4937435498777,0.05812557248357775,633.0,3341.0,0.2579839467506267,1.178228981722911,0.0,39973.0,1.1290459917974973,0.0,0
1.4937461172379658,0.05812557248357775,634.0,3341.0,0.25798651411089235,1.1782289817229106,0.0,39973.0,1.1290459917974973,0.0,0
1.4937486590525701,0.05812557248357775,635.0,3341.0,0.2579890559254968,1.1782289817229108,0.0,39973.0,1.1290459917974973,0.0,0
1.4937511755756965,0.05812557248357775,636.0,3341.0,0.2579915724486232,1.1782289817229104,0.0,39973.0,1.1290459917974973,0.0,0
1.4937536670589995,0.05812557248357775,637.0,3341.0,0.25799406393192614,1.1782289817229108,0.0,39973.0,1.1290459917974973,0.0,0
1.4937561337516292,0.05812557248357775,638.0,3341.0,0.2579965306245559,1.1782289817229106,0.0,39973.0,1.1290459917974973,0.0,0
1.4937585759002574,0.05812557248357775,639.0,3341.0,0.257998972773184,1.1782289817229108,0.0,39973.0,1.1290459917974973,0.0,0
1.4937609937491005,0.05812557248357775,640.0,3341.0,0.2580013906220273,1.178228981722911,0.0,39973.0,1.1290459917974973,0.0,0
1.4937633875399459,0.05812557248357775,641.0,3341.0,0.2580037844128727,1.1782289817229104,0.0,39973.0,1.1290459917974973,0.0,0
1.4937657575121743,0.05812557248357775,642.0,3341.0,0.258006154385101,1.1782289817229108,0.0,39973.0,1.1290459917974973,0.0,0
1.493768103902785,0.05812557248357775,643.0,3341.0,0.2580085007757118,1.1782289817229106,0.0,39973.0,1.1290459917974973,0.0,0
1.4937704269464194,0.05812557248357775,644.0,3341.0,0.258010823819346,1.1782289817229106,0.0,39973.0,1.1290459917974973,0.0,0
1.493772726875383,0.05812557248357775,645.0,3341.0,0.2580131237483097,1.1782289817229108,0.0,39973.0,1.1290459917974973,0.0,0
1.493775003919671,0.05812557248357775,646.0,3341.0,0.2580154007925977,1.1782289817229106,0.0,39973.0,1.1290459917974973,0.0,0
1.4937772583069902,0.05812557248357775,647.0,3341.0,0.2580176551799167,1.178228981722911,0.0,39973.0,1.1290459917974973,0.0,0
1.4937794902627803,0.05812557248357775,648.0,3341.0,0.25801988713570706,1.1782289817229106,0.0,39973.0,1.1290459917974973,0.0,0
1.4937817000102396,0.05812557248357775,649.0,3341.0,0.25802209688316624,1.178228981722911,0.0,39973.0,1.1290459917974973,0.0,0
1.493783887770344,0.05812557248357775,650.0,3341.0,0.2580242846432706,1.1782289817229108,0.0,39973.0,1.1290459917974973,0.0,0
1.4937860537618717,0.05812557248357775,651.0,3341.0,0.2580264506347984,1.1782289817229104,0.0,39973.0,1.1290459917974973,0.0,0
1.4937881982014238,0.05812557248357775,652.0,3341.0,0.2580285950743505,1.178228981722911,0.0,39973.0,1.1290459917974973,0.0,0
1.4937903213034456,0.05812557248357775,653.0,3341.0,0.25803071817637235,1.1782289817229106,0.0,39973.0,1.1290459917974973,0.0,0
1.4937924232802493,0.05812557248357775,654.0,3341.0,0.2580328201531761,1.1782289817229112,0.0,39973.0,1.1290459917974973,0.0,0
1.4937945043420346,0.05812557248357775,655.0,3341.0,0.25803490121496137,1.1782289817229106,0.0,39973.0,1.1290459917974973,0.0,0
1.4937965646969091,0.05812557248357775,656.0,3341.0,0.25803696156983574,1.178228981722911,0.0,39973.0,1.1290459917974973,0.0,0
1.49379860455091,0.05812557248357775,657.0,3341.0,0.2580390014238366,1.1782289817229106,0.0,39973.0,1.1290459917974973,0.0,0
1.4938006241080246,0.05812557248357775,658.0,3341.0,0.2580410209809512,1.1782289817229106,0.0,39973.0,1.1290459917974973,0.0,0
1.4938026235702098,0.05812557248357775,659.0,3341.0,0.25804302044313654,1.1782289817229106,0.0,39973.0,1.1290459917974973,0.0,0
1.4938046031374141,0.05812557248357775,660.0,3341.0,0.2580450000103408,1.178228981722911,0.0,39973.0,1.1290459917974973,0.0,0
1.4938146727108959,0.05813368218687814,661.0,3342.0,0.2580469598805222,1.178228981722911,0.0,39973.0,1.1290459917974973,0.0,0
1.4938166130800434,0.05813368218687814,662.0,3342.0,0.2580489002496696,1.1782289817229106,0.0,39973.0,1.1290459917974973,0.0,0
1.4938185341421952,0.05813368218687814,663.0,3342.0,0.2580508213118214,1.1782289817229106,0.0,39973.0,1.1290459917974973,0.0,0
1.4938204360894591,0.05813368218687814,664.0,3342.0,0.2580527232590854,1.1782289817229106,0.0,39973.0,1.1290459917974973,0.0,0
1.4938223191120314,0.05813368218687814,665.0,3342.0,0.2580546062816579,1.178228981722911,0.0,39973.0,1.1290459917974973,0.0,0
1.4938241833982164,0.05813368218687814,666.0,3342.0,0.25805647056784264,1.178228981722911,0.0,39973.0,1.1290459917974973,0.0,0
1.4938260291344438,0.05813368218687814,667.0,3342.0,0.25805831630407,1.1782289817229106,0.0,39973.0,1.1290459917974973,0.0,0
1.4938278565052887,0.05813368218687814,668.0,3342.0,0.2580601436749151,1.1782289817229104,0.0,39973.0,1.1290459917974973,0.0,0
1.4938296656934902,0.05813368218687814,669.0,3342.0,0.25806195286311634,1.1782289817229106,0.0,39973.0,1.1290459917974973,0.0,0
1.493831456879968,0.05813368218687814,670.0,3342.0,0.25806374404959426,1.1782289817229106,0.0,39973.0,1.1290459917974973,0.0,0
1.4938332302438426,0.05813368218687814,671.0,3342.0,0.25806551741346895,1.1782289817229104,0.0,39973.0,1.1290459917974973,0.0,0
1.493834985962452,0.05813368218687814,672.0,3342.0,0.25806727313207833,1.1782289817229106,0.0,39973.0,1.1290459917974973,0.0,0
1.4938367242113693,0.05813368218687814,673.0,3342.0,0.2580690113809955,1.1782289817229106,0.0,39973.0,1.1290459917974973,0.0,0
1.4938384451644209,0.05813368218687814,674.0,3342.0,0.25807073233404715,1.178228981722911,0.0,39973.0,1.1290459917974973,0.0,0
1.4938401489937034,0.05813368218687814,675.0,3342.0,0.25807243616332975,1.1782289817229106,0.0,39973.0,1.1290459917974973,0.0,0
1.4938418358696013,0.05813368218687814,676.0,3342.0,0.2580741230392278,1.1782289817229106,0.0,39973.0,1.1290459917974973,0.0,0
1.493843505960804,0.05813368218687814,677.0,3342.0,0.25807579313043005,1.1782289817229104,0.0,39973.0,1.1290459917974973,0.0,0
1.493845159434321,0.05813368218687814,678.0,3342.0,0.2580774466039472,1.1782289817229106,0.0,39973.0,1.1290459917974973,0.0,0
1.4938467964555018,0.05813368218687814,679.0,3342.0,0.25807908362512805,1.178228981722911,0.0,39973.0,1.1290459917974973,0.0,0
1.49384841718805,0.05813368218687814,680.0,3342.0,0.25808070435767605,1.1782289817229108,0.0,39973.0,1.1290459917974973,0.0,0
1.4938500217940394,0.05813368218687814,681.0,3342.0,0.2580823089636656,1.178228981722911,0.0,39973.0,1.1290459917974973,0.0,0
1.4938516104339328,0.05813368218687814,682.0,3342.0,0.2580838976035589,1.1782289817229108,0.0,39973.0,1.1290459917974973,0.0,0
1.4938531832665949,0.05813368218687814,683.0,3342.0,0.2580854704362211,1.1782289817229106,0.0,39973.0,1.1290459917974973,0.0,0
1.4938547404493105,0.05813368218687814,684.0,3342.0,0.25808702761893676,1.1782289817229106,0.0,39973.0,1.1290459917974973,0.0,0
1.4938562821377992,0.05813368218687814,685.0,3342.0,0.25808856930742574,1.1782289817229104,0.0,39973.0,1.1290459917974973,0.0,0
1.4938578084862313,0.05813368218687814,686.0,3342.0,0.25809009565585767,1.1782289817229108,0.0,39973.0,1.1290459917974973,0.0,0
1.493859319647243,0.05813368218687814,687.0,3342.0,0.25809160681686916,1.1782289817229108,0.0,39973.0,1.1290459917974973,0.0,0
1.4938608157719508,0.05813368218687814,688.0,3342.0,0.25809310294157717,1.1782289817229106,0.0,39973.0,1.1290459917974973,0.0,0
1.4938622970099695,0.05813368218687814,689.0,3342.0,0.2580945841795958,1.178228981722911,0.0,39973.0,1.1290459917974973,0.0,0
1.4938637635094234,0.05813368218687814,690.0,3342.0,0.2580960506790498,1.1782289817229106,0.0,39973.0,1.1290459917974973,0.0,0
1.493865215416964,0.05813368218687814,691.0,3342.0,0.25809750258659026,1.1782289817229106,0.0,39973.0,1.1290459917974973,0.0,0
1.4938666528777833,0.05813368218687814,692.0,3342.0,0.2580989400474095,1.1782289817229106,0.0,39973.0,1.1290459917974973,0.0,0
1.4938680760356282,0.05813368218687814,693.0,3342.0,0.25810036320525453,1.1782289817229106,0.0,39973.0,1.1290459917974973,0.0,0
1.4938694850328165,0.05813368218687814,694.0,3342.0,0.2581017722024426,1.1782289817229106,0.0,39973.0,1.1290459917974973,0.0,0
1.4938708800102478,0.05813368218687814,695.0,3342.0,0.2581031671798742,1.1782289817229106,0.0,39973.0,1.1290459917974973,0.0,0
1.4938722611074224,0.05813368218687814,696.0,3342.0,0.25810454827704854,1.1782289817229112,0.0,39973.0,1.1290459917974973,0.0,0
1.49387362846245,0.05813368218687814,697.0,3342.0,0.2581059156320763,1.1782289817229108,0.0,39973.0,1.1290459917974973,0.0,0
1.4938749822120678,0.05813368218687814,698.0,3342.0,0.2581072693816941,1.1782289817229106,0.0,39973.0,1.1290459917974973,0.0,0
1.4938763224916523,0.05813368218687814,699.0,3342.0,0.25810860966127847,1.1782289817229106,0.0,39973.0,1.1290459917974973,0.0,0
1.4938776494352315,0.05813368218687814,700.0,3342.0,0.2581099366048578,1.1782289817229106,0.0,39973.0,1.1290459917974973,0.0,0
1.493878963175502,0.05813368218687814,701.0,3342.0,0.2581112503451282,1.178228981722911,0.0,39973.0,1.1290459917974973,0.0,0
1.493880263843838,0.05813368218687814,702.0,3342.0,0.2581125510134644,1.1782289817229106,0.0,39973.0,1.1290459917974973,0.0,0
1.493881551570308,0.05813368218687814,703.0,3342.0,0.2581138387399344,1.1782289817229108,0.0,39973.0,1.1290459917974973,0.0,0
1.4938828264836856,0.05813368218687814,704.0,3342.0,0.25811511365331186,1.1782289817229106,0.0,39973.0,1.1290459917974973,0.0,0
1.493884088711463,0.05813368218687814,705.0,3342.0,0.2581163758810894,1.1782289817229106,0.0,39973.0,1.1290459917974973,0.0,0
1.493885338379864,0.05813368218687814,706.0,3342.0,0.25811762554949047,1.178228981722911,0.0,39973.0,1.1290459917974973,0.0,0
1.493886575613857,0.05813368218687814,707.0,3342.0,0.2581188627834834,1.1782289817229106,0.0,39973.0,1.1290459917974973,0.0,0
1.4938878005371663,0.05813368218687814,708.0,3342.0,0.25812008770679246,1.178228981722911,0.0,39973.0,1.1290459917974973,0.0,0
1.4938890132722844,0.05813368218687814,709.0,3342.0,0.2581213004419108,1.1782289817229101,0.0,39973.0,1.1290459917974973,0.0,0
1.4938902139404868,0.05813368218687814,710.0,3342.0,0.25812250111011315,1.1782289817229108,0.0,39973.0,1.1290459917974973,0.0,0
1.4938914026618408,0.05813368218687814,711.0,3342.0,0.2581236898314672,1.1782289817229106,0.0,39973.0,1.1290459917974973,0.0,0
1.49389257955522,0.05813368218687814,712.0,3342.0,0.2581248667248463,1.1782289817229108,0.0,39973.0,1.1290459917974973,0.0,0
1.4938937447383143,0.05813368218687814,713.0,3342.0,0.25812603190794053,1.1782289817229106,0.0,39973.0,1.1290459917974973,0.0,0
1.493894898327643,0.05813368218687814,714.0,3342.0,0.2581271854972692,1.1782289817229106,0.0,39973.0,1.1290459917974973,0.0,0
1.4938960404385662,0.05813368218687814,715.0,3342.0,0.25812832760819243,1.1782289817229106,0.0,39973.0,1.1290459917974973,0.0,0
1.4938971711852957,0.05813368218687814,716.0,3342.0,0.25812945835492196,1.1782289817229108,0.0,39973.0,1.1290459917974973,0.0,0
1.4938982906809075,0.05813368218687814,717.0,3342.0,0.25813057785053367,1.1782289817229108,0.0,39973.0,1.1290459917974973,0.0,0
1.4939107427792482,0.05814502592877474,718.0,3343.0,0.25813168620697774,1.178228981722911,0.0,39973.0,1.1290459917974973,0.0,0
1.4939118401073614,0.05814502592877474,719.0,3343.0,0.25813278353509117,1.1782289817229108,0.0,39973.0,1.1290459917974973,0.0,0
1.4939129265168778,0.05814502592877474,720.0,3343.0,0.25813386994460735,1.178228981722911,0.0,39973.0,1.1290459917974973,0.0,0
1.4939140021164385,0.05814502592877474,721.0,3343.0,0.2581349455441682,1.1782289817229106,0.0,39973.0,1.1290459917974973,0.0,0
1.4939150670136048,0.05814502592877474,722.0,3343.0,0.25813601044133444,1.1782289817229108,0.0,39973.0,1.1290459917974973,0.0,0
1.493916121314867,0.05814502592877474,723.0,3343.0,0.25813706474259684,1.1782289817229106,0.0,39973.0,1.1290459917974973,0.0,0
1.4939171651256569,0.05814502592877474,724.0,3343.0,0.2581381085533867,1.1782289817229106,0.0,39973.0,1.1290459917974973,0.0,0
1.4939181985503558,0.05814502592877474,725.0,3343.0,0.2581391419780856,1.1782289817229108,0.0,39973.0,1.1290459917974973,0.0,0
1.4939192216923072,0.05814502592877474,726.0,3343.0,0.2581401651200367,1.1782289817229106,0.0,39973.0,1.1290459917974973,0.0,0
1.4939202346538258,0.05814502592877474,727.0,3343.0,0.2581411780815554,1.1782289817229108,0.0,39973.0,1.1290459917974973,0.0,0
1.493921237536209,0.05814502592877474,728.0,3343.0,0.2581421809639387,1.1782289817229106,0.0,39973.0,1.1290459917974973,0.0,0
1.4939222304397457,0.05814502592877474,729.0,3343.0,0.25814317386747543,1.1782289817229108,0.0,39973.0,1.1290459917974973,0.0,0
1.4939232134637273,0.05814502592877474,730.0,3343.0,0.25814415689145687,1.1782289817229115,0.0,39973.0,1.1290459917974973,0.0,0
1.4939241867064568,0.05814502592877474,731.0,3343.0,0.25814513013418644,1.1782289817229104,0.0,39973.0,1.1290459917974973,0.0,0
1.4939251502652593,0.05814502592877474,732.0,3343.0,0.258146093692989,1.1782289817229108,0.0,39973.0,1.1290459917974973,0.0,0
1.4939261042364917,0.05814502592877474,733.0,3343.0,0.2581470476642213,1.1782289817229112,0.0,39973.0,1.1290459917974973,0.0,0
1.4939270487155514,0.05814502592877474,734.0,3343.0,0.2581479921432811,1.1782289817229108,0.0,39973.0,1.1290459917974973,0.0,0
1.4939279837968875,0.05814502592877474,735.0,3343.0,0.25814892722461724,1.1782289817229108,0.0,39973.0,1.1290459917974973,0.0,0
1.4939289095740091,0.05814502592877474,736.0,3343.0,0.25814985300173876,1.1782289817229108,0.0,39973.0,1.1290459917974973,0.0,0
1.4939298261394942,0.05814502592877474,737.0,3343.0,0.258150769567224,1.1782289817229106,0.0,39973.0,1.1290459917974973,0.0,0
1.4939307335850003,0.05814502592877474,738.0,3343.0,0.25815167701273006,1.1782289817229108,0.0,39973.0,1.1290459917974973,0.0,0
1.493931632001273,0.05814502592877474,739.0,3343.0,0.2581525754290027,1.1782289817229108,0.0,39973.0,1.1290459917974973,0.0,0
1.4939325214781545,0.05814502592877474,740.0,3343.0,0.25815346490588403,1.1782289817229108,0.0,39973.0,1.1290459917974973,0.0,0
1.4939334021045927,0.05814502592877474,741.0,3343.0,0.25815434553232236,1.1782289817229106,0.0,39973.0,1.1290459917974973,0.0,0
1.4939342739686519,0.05814502592877474,742.0,3343.0,0.2581552173963815,1.178228981722911,0.0,39973.0,1.1290459917974973,0.0,0
1.4939351371575182,0.05814502592877474,743.0,3343.0,0.258156080585248,1.1782289817229104,0.0,39973.0,1.1290459917974973,0.0,0
1.4939359917575121,0.05814502592877474,744.0,3343.0,0.25815693518524196,1.1782289817229108,0.0,39973.0,1.1290459917974973,0.0,0
1.4939368378540943,0.05814502592877474,745.0,3343.0,0.2581577812818239,1.178228981722911,0.0,39973.0,1.1290459917974973,0.0,0
1.4939376755318745,0.05814502592877474,746.0,3343.0,0.258158618959604,1.178228981722911,0.0,39973.0,1.1290459917974973,0.0,0
1.4939385048746214,0.05814502592877474,747.0,3343.0,0.25815944830235116,1.1782289817229106,0.0,39973.0,1.1290459917974973,0.0,0
1.4939393259652705,0.05814502592877474,748.0,3343.0,0.2581602693930001,1.1782289817229108,0.0,39973.0,1.1290459917974973,0.0,0
1.4939401388859308,0.05814502592877474,749.0,3343.0,0.2581610823136604,1.1782289817229106,0.0,39973.0,1.1290459917974973,0.0,0
1.4939409437178954,0.05814502592877474,750.0,3343.0,0.2581618871456251,1.1782289817229106,0.0,39973.0,1.1290459917974973,0.0,0
1.4939417405416484,0.05814502592877474,751.0,3343.0,0.25816268396937797,1.178228981722911,0.0,39973.0,1.1290459917974973,0.0,0
1.493942529436872,0.05814502592877474,752.0,3343.0,0.25816347286460184,1.1782289817229106,0.0,39973.0,1.1290459917974973,0.0,0
1.4939433104824575,0.05814502592877474,753.0,3343.0,0.2581642539101873,1.1782289817229108,0.0,39973.0,1.1290459917974973,0.0,0
1.4939440837565094,0.05814502592877474,754.0,3343.0,0.2581650271842393,1.1782289817229104,0.0,39973.0,1.1290459917974973,0.0,0
1.493944849336356,0.05814502592877474,755.0,3343.0,0.25816579276408574,1.1782289817229106,0.0,39973.0,1.1290459917974973,0.0,0
1.493945607298556,0.05814502592877474,756.0,3343.0,0.25816655072628564,1.1782289817229106,0.0,39973.0,1.1290459917974973,0.0,0
1.493946357718906,0.05814502592877474,757.0,3343.0,0.25816730114663555,1.178228981722911,0.0,39973.0,1.1290459917974973,0.0,0
1.4939471006724487,0.05814502592877474,758.0,3343.0,0.2581680441001783,1.1782289817229108,0.0,39973.0,1.1290459917974973,0.0,0
1.49394783623348,0.05814502592877474,759.0,3343.0,0.2581687796612096,1.1782289817229106,0.0,39973.0,1.1290459917974973,0.0,0
1.493948564475557,0.05814502592877474,760.0,3343.0,0.2581695079032866,1.1782289817229108,0.0,39973.0,1.1290459917974973,0.0,0
1.493949285471504,0.05814502592877474,761.0,3343.0,0.25817022889923363,1.1782289817229106,0.0,39973.0,1.1290459917974973,0.0,0
1.4939499992934215,0.05814502592877474,762.0,3343.0,0.2581709427211512,1.1782289817229106,0.0,39973.0,1.1290459917974973,0.0,0
1.4939507060126926,0.05814502592877474,763.0,3343.0,0.25817164944042226,1.1782289817229112,0.0,39973.0,1.1290459917974973,0.0,0
1.4939514056999892,0.05814502592877474,764.0,3343.0,0.25817234912771875,1.1782289817229108,0.0,39973.0,1.1290459917974973,0.0,0
1.4939520984252808,0.05814502592877474,765.0,3343.0,0.2581730418530104,1.1782289817229106,0.0,39973.0,1.1290459917974973,0.0,0
1.4939527842578404,0.05814502592877474,766.0,3343.0,0.2581737276855702,1.1782289817229104,0.0,39973.0,1.1290459917974973,0.0,0
1.4939534632662523,0.05814502592877474,767.0,3343.0,0.25817440669398206,1.1782289817229104,0.0,39973.0,1.1290459917974973,0.0,0
1.4939541355184178,0.05814502592877474,768.0,3343.0,0.25817507894614744,1.178228981722911,0.0,39973.0,1.1290459917974973,0.0,0
1.4939548010815622,0.05814502592877474,769.0,3343.0,0.2581757445092918,1.178228981722911,0.0,39973.0,1.1290459917974973,0.0,0
1.4939554600222429,0.05814502592877474,770.0,3343.0,0.2581764034499725,1.1782289817229112,0.0,39973.0,1.1290459917974973,0.0,0
1.4939561124063538,0.05814502592877474,771.0,3343.0,0.2581770558340836,1.178228981722911,0.0,39973.0,1.1290459917974973,0.0,0
1.4939567582991347,0.05814502592877474,772.0,3343.0,0.2581777017268645,1.1782289817229106,0.0,39973.0,1.1290459917974973,0.0,0
1.493957397765175,0.05814502592877474,773.0,3343.0,0.2581783411929047,1.178228981722911,0.0,39973.0,1.1290459917974973,0.0,0
1.493958030868422,0.05814502592877474,774.0,3343.0,0.2581789742961518,1.1782289817229106,0.0,39973.0,1.1290459917974973,0.0,0
1.4939586576721864,0.05814502592877474,775.0,3343.0,0.25817960109991606,1.1782289817229108,0.0,39973.0,1.1290459917974973,0.0,0
1.4939592782391489,0.05814502592877474,776.0,3343.0,0.25818022166687865,1.1782289817229108,0.0,39973.0,1.1290459917974973,0.0,0
1.4939598926313673,0.05814502592877474,777.0,3343.0,0.25818083605909675,1.178228981722911,0.0,39973.0,1.1290459917974973,0.0,0
1.4939605009102808,0.05814502592877474,778.0,3343.0,0.2581814443380104,1.1782289817229108,0.0,39973.0,1.1290459917974973,0.0,0
1.4939611031367181,0.05814502592877474,779.0,3343.0,0.25818204656444765,1.178228981722911,0.0,39973.0,1.1290459917974973,0.0,0
1.4939616993709022,0.05814502592877474,780.0,3343.0,0.25818264279863173,1.1782289817229106,0.0,39973.0,1.1290459917974973,0.0,0
1.4939622896724565,0.05814502592877474,781.0,3343.0,0.25818323310018637,1.1782289817229106,0.0,39973.0,1.1290459917974973,0.0,0
1.493962874100413,0.05814502592877474,782.0,3343.0,0.25818381752814257,1.1782289817229106,0.0,39973.0,1.1290459917974973,0.0,0
1.4939634527132137,0.05814502592877474,783.0,3343.0,0.25818439614094346,1.178228981722911,0.0,39973.0,1.1290459917974973,0.0,0
1.493964025568721,0.05814502592877474,784.0,3343.0,0.25818496899645066,1.1782289817229112,0.0,39973.0,1.1290459917974973,0.0,0
1.4939645927242207,0.05814502592877474,785.0,3343.0,0.2581855361519504,1.178228981722911,0.0,39973.0,1.1290459917974973,0.0,0
1.4939651542364287,0.05814502592877474,786.0,3343.0,0.25818609766415845,1.1782289817229106,0.0,39973.0,1.1290459917974973,0.0,0
1.4939657101614972,0.05814502592877474,787.0,3343.0,0.2581866535892269,1.1782289817229106,0.0,39973.0,1.1290459917974973,0.0,0
1.4939662605550188,0.05814502592877474,788.0,3343.0,0.2581872039827484,1.1782289817229106,0.0,39973.0,1.1290459917974973,0.0,0
1.4939668054720332,0.05814502592877474,789.0,3343.0,0.258187748899763,1.1782289817229106,0.0,39973.0,1.1290459917974973,0.0,0
1.493967344967033,0.05814502592877474,790.0,3343.0,0.25818828839476266,1.1782289817229106,0.0,39973.0,1.1290459917974973,0.0,0
1.4939678790939674,0.05814502592877474,791.0,3343.0,0.25818882252169717,1.1782289817229106,0.0,39973.0,1.1290459917974973,0.0,0
1.4939684079062505,0.05814502592877474,792.0,3343.0,0.2581893513339801,1.1782289817229108,0.0,39973.0,1.1290459917974973,0.0,0
1.4939689314567632,0.05814502592877474,793.0,3343.0,0.25818987488449285,1.178228981722911,0.0,39973.0,1.1290459917974973,0.0,0
1.4939694497978615,0.05814502592877474,794.0,3343.0,0.25819039322559095,1.1782289817229112,0.0,39973.0,1.1290459917974973,0.0,0
1.4939699629813794,0.05814502592877474,795.0,3343.0,0.258190906409109,1.1782289817229115,0.0,39973.0,1.1290459917974973,0.0,0
1.493970471058636,0.05814502592877474,796.0,3343.0,0.25819141448636573,1.1782289817229106,0.0,39973.0,1.1290459917974973,0.0,0
1.4939709740804397,0.05814502592877474,797.0,3343.0,0.2581919175081693,1.1782289817229112,0.0,39973.0,1.1290459917974973,0.0,0
1.4939714720970925,0.05814502592877474,798.0,3343.0,0.2581924155248222,1.1782289817229106,0.0,39973.0,1.1290459917974973,0.0,0
1.493971965158397,0.05814502592877474,799.0,3343.0,0.25819290858612665,1.1782289817229106,0.0,39973.0,1.1290459917974973,0.0,0
1.4939724533136594,0.05814502592877474,800.0,3343.0,0.258193396741389,1.178228981722911,0.0,39973.0,1.1290459917974973,0.0,0
1.4939729366116958,0.05814502592877474,801.0,3343.0,0.2581938800394256,1.178228981722911,0.0,39973.0,1.1290459917974973,0.0,0
1.4939734151008364,0.05814502592877474,802.0,3343.0,0.2581943585285661,1.1782289817229108,0.0,39973.0,1.1290459917974973,0.0,0
1.4939738888289307,0.05814502592877474,803.0,3343.0,0.2581948322566604,1.178228981722911,0.0,39973.0,1.1290459917974973,0.0,0
1.4939743578433518,0.05814502592877474,804.0,3343.0,0.2581953012710813,1.1782289817229115,0.0,39973.0,1.1290459917974973,0.0,0
1.4939748221910012,0.05814502592877474,805.0,3343.0,0.25819576561873075,1.178228981722911,0.0,39973.0,1.1290459917974973,0.0,0
1.493975281918314,0.05814502592877474,806.0,3343.0,0.25819622534604386,1.1782289817229106,0.0,39973.0,1.1290459917974973,0.0,0
1.493975737071264,0.05814502592877474,807.0,3343.0,0.25819668049899364,1.178228981722911,0.0,39973.0,1.1290459917974973,0.0,0
1.4939761876953663,0.05814502592877474,808.0,3343.0,0.258197131123096,1.1782289817229108,0.0,39973.0,1.1290459917974973,0.0,0
1.493976633835684,0.05814502592877474,809.0,3343.0,0.2581975772634137,1.1782289817229106,0.0,39973.0,1.1290459917974973,0.0,0
1.4939770755368313,0.05814502592877474,810.0,3343.0,0.25819801896456107,1.1782289817229106,0.0,39973.0,1.1290459917974973,0.0,0
1.4939775128429789,0.05814502592877474,811.0,3343.0,0.2581984562707085,1.1782289817229106,0.0,39973.0,1.1290459917974973,0.0,0
1.4939779457978575,0.05814502592877474,812.0,3343.0,0.2581988892255872,1.1782289817229108,0.0,39973.0,1.1290459917974973,0.0,0
1.493978374444763,0.05814502592877474,813.0,3343.0,0.25819931787249256,1.1782289817229106,0.0,39973.0,1.1290459917974973,0.0,0
1.4939787988265607,0.05814502592877474,814.0,3343.0,0.2581997422542903,1.1782289817229108,0.0,39973.0,1.1290459917974973,0.0,0
1.4939792189856886,0.05814502592877474,815.0,3343.0,0.25820016241341837,1.1782289817229108,0.0,39973.0,1.1290459917974973,0.0,0
1.4939796349641636,0.05814502592877474,816.0,3343.0,0.2582005783918934,1.1782289817229104,0.0,39973.0,1.1290459917974973,0.0,0
1.4939800468035838,0.05814502592877474,817.0,3343.0,0.2582009902313133,1.1782289817229106,0.0,39973.0,1.1290459917974973,0.0,0
1.493980454545133,0.05814502592877474,818.0,3343.0,0.2582013979728627,1.1782289817229106,0.0,39973.0,1.1290459917974973,0.0,0
1.4939808582295862,0.05814502592877474,819.0,3343.0,0.2582018016573158,1.1782289817229115,0.0,39973.0,1.1290459917974973,0.0,0
1.4939812578973117,0.05814502592877474,820.0,3343.0,0.25820220132504135,1.178228981722911,0.0,39973.0,1.1290459917974973,0.0,0
1.493981653588277,0.05814502592877474,821.0,3343.0,0.25820259701600673,1.1782289817229104,0.0,39973.0,1.1290459917974973,0.0,0
1.4939820453420516,0.05814502592877474,822.0,3343.0,0.2582029887697813,1.1782289817229108,0.0,39973.0,1.1290459917974973,0.0,0
1.4939824331978109,0.05814502592877474,823.0,3343.0,0.25820337662554055,1.1782289817229106,0.0,39973.0,1.1290459917974973,0.0,0
1.493982817194341,0.05814502592877474,824.0,3343.0,0.2582037606220706,1.1782289817229106,0.0,39973.0,1.1290459917974973,0.0,0
1.4939831973700417,0.05814502592877474,825.0,3343.0,0.25820414079777126,1.1782289817229108,0.0,39973.0,1.1290459917974973,0.0,0
1.4939835737629308,0.05814502592877474,826.0,3343.0,0.25820451719066057,1.1782289817229106,0.0,39973.0,1.1290459917974973,0.0,0
1.4939839464106481,0.05814502592877474,827.0,3343.0,0.25820488983837797,1.1782289817229106,0.0,39973.0,1.1290459917974973,0.0,0
1.493984315350459,0.05814502592877474,828.0,3343.0,0.25820525877818873,1.1782289817229108,0.0,39973.0,1.1290459917974973,0.0,0
1.4939846806192574,0.05814502592877474,829.0,3343.0,0.258205624046987,1.1782289817229106,0.0,39973.0,1.1290459917974973,0.0,0
1.4939850422535703,0.05814502592877474,830.0,3343.0,0.25820598568129993,1.1782289817229106,0.0,39973.0,1.1290459917974973,0.0,0
1.4939854002895618,0.05814502592877474,831.0,3343.0,0.2582063437172914,1.1782289817229112,0.0,39973.0,1.1290459917974973,0.0,0
1.4939857547630355,0.05814502592877474,832.0,3343.0,0.2582066981907652,1.178228981722911,0.0,39973.0,1.1290459917974973,0.0,0
1.4939861057094392,0.05814502592877474,833.0,3343.0,0.2582070491371689,1.1782289817229108,0.0,39973.0,1.1290459917974973,0.0,0
1.493986453163868,0.05814502592877474,834.0,3343.0,0.25820739659159775,1.1782289817229104,0.0,39973.0,1.1290459917974973,0.0,0
1.4939867971610676,0.05814502592877474,835.0,3343.0,0.25820774058879714,1.178228981722911,0.0,39973.0,1.1290459917974973,0.0,0
1.4939871377354377,0.05814502592877474,836.0,3343.0,0.25820808116316735,1.1782289817229106,0.0,39973.0,1.1290459917974973,0.0,0
1.493987474921036,0.05814502592877474,837.0,3343.0,0.25820841834876573,1.1782289817229106,0.0,39973.0,1.1290459917974973,0.0,0
1.4939878087515819,0.05814502592877474,838.0,3343.0,0.25820875217931144,1.1782289817229106,0.0,39973.0,1.1290459917974973,0.0,0
1.4939881392604581,0.05814502592877474,839.0,3343.0,0.25820908268818765,1.1782289817229108,0.0,39973.0,1.1290459917974973,0.0,0
1.493988466480716,0.05814502592877474,840.0,3343.0,0.2582094099084457,1.1782289817229106,0.0,39973.0,1.1290459917974973,0.0,0
1.493988790445078,0.05814502592877474,841.0,3343.0,0.25820973387280777,1.1782289817229104,0.0,39973.0,1.1290459917974973,0.0,0
1.493989111185941,0.05814502592877474,842.0,3343.0,0.25821005461367064,1.1782289817229108,0.0,39973.0,1.1290459917974973,0.0,0
1.493989428735379,0.05814502592877474,843.0,3343.0,0.25821037216310855,1.178228981722911,0.0,39973.0,1.1290459917974973,0.0,0
1.4939897431251472,0.05814502592877474,844.0,3343.0,0.25821068655287666,1.1782289817229108,0.0,39973.0,1.1290459917974973,0.0,0
1.4939900543866849,0.05814502592877474,845.0,3343.0,0.2582109978144145,1.1782289817229108,0.0,39973.0,1.1290459917974973,0.0,0
1.4939903625511184,0.05814502592877474,846.0,3343.0,0.258211305978848,1.1782289817229108,0.0,39973.0,1.1290459917974973,0.0,0
1.4939906676492647,0.05814502592877474,847.0,3343.0,0.2582116110769944,1.1782289817229108,0.0,39973.0,1.1290459917974973,0.0,0
1.493990969711634,0.05814502592877474,848.0,3343.0,0.25821191313936354,1.1782289817229108,0.0,39973.0,1.1290459917974973,0.0,0
1.493991268768432,0.05814502592877474,849.0,3343.0,0.2582122121961619,1.178228981722911,0.0,39973.0,1.1290459917974973,0.0,0
1.4939915648495654,0.05814502592877474,850.0,3343.0,0.25821250827729514,1.178228981722911,0.0,39973.0,1.1290459917974973,0.0,0
1.4939918579846423,0.05814502592877474,851.0,3343.0,0.258212801412372,1.1782289817229106,0.0,39973.0,1.1290459917974973,0.0,0
1.4939921482029765,0.05814502592877474,852.0,3343.0,0.25821309163070616,1.1782289817229108,0.0,39973.0,1.1290459917974973,0.0,0
1.49399243553359,0.05814502592877474,853.0,3343.0,0.25821337896131963,1.1782289817229106,0.0,39973.0,1.1290459917974973,0.0,0
1.4939927200052159,0.05814502592877474,854.0,3343.0,0.2582136634329458,1.1782289817229108,0.0,39973.0,1.1290459917974973,0.0,0
1.4939930016463023,0.05814502592877474,855.0,3343.0,0.25821394507403195,1.178228981722911,0.0,39973.0,1.1290459917974973,0.0,0
1.493993280485013,0.05814502592877474,856.0,3343.0,0.25821422391274246,1.178228981722911,0.0,39973.0,1.1290459917974973,0.0,0
1.4939935565492317,0.05814502592877474,857.0,3343.0,0.2582144999769613,1.1782289817229106,0.0,39973.0,1.1290459917974973,0.0,0
1.4939938298665658,0.05814502592877474,858.0,3343.0,0.2582147732942956,1.1782289817229106,0.0,39973.0,1.1290459917974973,0.0,0
1.493994100464347,0.05814502592877474,859.0,3343.0,0.2582150438920767,1.1782289817229106,0.0,39973.0,1.1290459917974973,0.0,0
1.4939943683696353,0.05814502592877474,860.0,3343.0,0.258215311797365,1.178228981722911,0.0,39973.0,1.1290459917974973,0.0,0
1.4939946336092214,0.05814502592877474,861.0,3343.0,0.2582155770369511,1.1782289817229106,0.0,39973.0,1.1290459917974973,0.0,0
1.4939948962096294,0.05814502592877474,862.0,3343.0,0.2582158396373593,1.1782289817229108,0.0,39973.0,1.1290459917974973,0.0,0
1.49399515619712,0.05814502592877474,863.0,3343.0,0.2582160996248497,1.1782289817229108,0.0,39973.0,1.1290459917974973,0.0,0
1.4939954135976916,0.05814502592877474,864.0,3343.0,0.2582163570254213,1.1782289817229106,0.0,39973.0,1.1290459917974973,0.0,0
1.493995668437085,0.05814502592877474,865.0,3343.0,0.2582166118648146,1.178228981722911,0.0,39973.0,1.1290459917974973,0.0,0
1.4939959207407838,0.05814502592877474,866.0,3343.0,0.25821686416851336,1.178228981722911,0.0,39973.0,1.1290459917974973,0.0,0
1.4939961705340188,0.05814502592877474,867.0,3343.0,0.25821711396174835,1.1782289817229108,0.0,39973.0,1.1290459917974973,0.0,0
1.4939964178417697,0.05814502592877474,868.0,3343.0,0.2582173612694994,1.1782289817229106,0.0,39973.0,1.1290459917974973,0.0,0
1.4939966626887673,0.05814502592877474,869.0,3343.0,0.2582176061164969,1.178228981722911,0.0,39973.0,1.1290459917974973,0.0,0
1.4939969050994963,0.05814502592877474,870.0,3343.0,0.25821784852722623,1.1782289817229106,0.0,39973.0,1.1290459917974973,0.0,0
1.4939971450981988,0.05814502592877474,871.0,3343.0,0.2582180885259285,1.1782289817229106,0.0,39973.0,1.1290459917974973,0.0,0
1.4939973827088742,0.05814502592877474,872.0,3343.0,0.2582183261366038,1.1782289817229108,0.0,39973.0,1.1290459917974973,0.0,0
1.4939976179552836,0.05814502592877474,873.0,3343.0,0.2582185613830135,1.178228981722911,0.0,39973.0,1.1290459917974973,0.0,0
1.4939978508609524,0.05814502592877474,874.0,3343.0,0.25821879428868216,1.1782289817229106,0.0,39973.0,1.1290459917974973,0.0,0
1.493998081449171,0.05814502592877474,875.0,3343.0,0.25821902487690057,1.1782289817229106,0.0,39973.0,1.1290459917974973,0.0,0
1.4939983097429985,0.05814502592877474,876.0,3343.0,0.258219253170728,1.1782289817229106,0.0,39973.0,1.1290459917974973,0.0,0
1.4939985357652643,0.05814502592877474,877.0,3343.0,0.25821947919299393,1.178228981722911,0.0,39973.0,1.1290459917974973,0.0,0
1.493998759538571,0.05814502592877474,878.0,3343.0,0.25821970296630065,1.178228981722911,0.0,39973.0,1.1290459917974973,0.0,0
1.4939989810852963,0.05814502592877474,879.0,3343.0,0.25821992451302594,1.1782289817229106,0.0,39973.0,1.1290459917974973,0.0,0
1.4939992004275946,0.05814502592877474,880.0,3343.0,0.25822014385532427,1.1782289817229106,0.0,39973.0,1.1290459917974973,0.0,0
1.4939994175874007,0.05814502592877474,881.0,3343.0,0.25822036101513046,1.178228981722911,0.0,39973.0,1.1290459917974973,0.0,0
1.4939996325864306,0.05814502592877474,882.0,3343.0,0.2582205760141603,1.178228981722911,0.0,39973.0,1.1290459917974973,0.0,0
1.4939998454461845,0.05814502592877474,883.0,3343.0,0.2582207888739141,1.1782289817229108,0.0,39973.0,1.1290459917974973,0.0,0
1.4940000561879483,0.05814502592877474,884.0,3343.0,0.25822099961567807,1.178228981722911,0.0,39973.0,1.1290459917974973,0.0,0
1.4940002648327966,0.05814502592877474,885.0,3343.0,0.25822120826052625,1.1782289817229106,0.0,39973.0,1.1290459917974973,0.0,0
1.494000471401594,0.05814502592877474,886.0,3343.0,0.2582214148293237,1.1782289817229108,0.0,39973.0,1.1290459917974973,0.0,0
1.4940006759149975,0.05814502592877474,887.0,3343.0,0.2582216193427272,1.1782289817229108,0.0,39973.0,1.1290459917974973,0.0,0
1.4940008783934586,0.05814502592877474,888.0,3343.0,0.25822182182118836,1.178228981722911,0.0,39973.0,1.1290459917974973,0.0,0
1.4940010788572253,0.05814502592877474,889.0,3343.0,0.25822202228495506,1.1782289817229106,0.0,39973.0,1.1290459917974973,0.0,0
1.4940012773263445,0.05814502592877474,890.0,3343.0,0.2582222207540742,1.178228981722911,0.0,39973.0,1.1290459917974973,0.0,0
1.4940014738206628,0.05814502592877474,891.0,3343.0,0.2582224172483923,1.1782289817229106,0.0,39973.0,1.1290459917974973,0.0,0
1.4940016683598298,0.05814502592877474,892.0,3343.0,0.2582226117875595,1.1782289817229108,0.0,39973.0,1.1290459917974973,0.0,0
1.4940018609633,0.05814502592877474,893.0,3343.0,0.2582228043910294,1.178228981722911,0.0,39973.0,1.1290459917974973,0.0,0
1.4940020516503334,0.05814502592877474,894.0,3343.0,0.25822299507806307,1.1782289817229108,0.0,39973.0,1.1290459917974973,0.0,0
1.4940022404399993,0.05814502592877474,895.0,3343.0,0.25822318386772886,1.178228981722911,0.0,39973.0,1.1290459917974973,0.0,0
1.4940024273511763,0.05814502592877474,896.0,3343.0,0.2582233707789061,1.1782289817229106,0.0,39973.0,1.1290459917974973,0.0,0
1.4940026124025565,0.05814502592877474,897.0,3343.0,0.2582235558302861,1.1782289817229108,0.0,39973.0,1.1290459917974973,0.0,0
1.4940027956126445,0.05814502592877474,898.0,3343.0,0.2582237390403741,1.1782289817229108,0.0,39973.0,1.1290459917974973,0.0,0
1.4940029769997616,0.05814502592877474,899.0,3343.0,0.25822392042749104,1.178228981722911,0.0,39973.0,1.1290459917974973,0.0,0
1.4940031565820466,0.05814502592877474,900.0,3343.0,0.2582241000097764,1.1782289817229106,0.0,39973.0,1.1290459917974973,0.0,0
1.4940033343774584,0.05814502592877474,901.0,3343.0,0.2582242778051879,1.1782289817229117,0.0,39973.0,1.1290459917974973,0.0,0
1.4940035104037759,0.05814502592877474,902.0,3343.0,0.2582244538315055,1.1782289817229106,0.0,39973.0,1.1290459917974973,0.0,0
1.4940036846786025,0.05814502592877474,903.0,3343.0,0.2582246281063321,1.1782289817229112,0.0,39973.0,1.1290459917974973,0.0,0
1.4940038572193652,0.05814502592877474,904.0,3343.0,0.25822480064709513,1.17822898172291,0.0,39973.0,1.1290459917974973,0.0,0
1.494004028043319,0.05814502592877474,905.0,3343.0,0.25822497147104884,1.1782289817229106,0.0,39973.0,1.1290459917974973,0.0,0
1.4940041971675464,0.05814502592877474,906.0,3343.0,0.258225140595276,1.1782289817229108,0.0,39973.0,1.1290459917974973,0.0,0
1.4940043646089591,0.05814502592877474,907.0,3343.0,0.2582253080366888,1.178228981722911,0.0,39973.0,1.1290459917974973,0.0,0
1.4940045303843021,0.05814502592877474,908.0,3343.0,0.25822547381203187,1.1782289817229115,0.0,39973.0,1.1290459917974973,0.0,0
1.4940046945101528,0.05814502592877474,909.0,3343.0,0.2582256379378826,1.1782289817229108,0.0,39973.0,1.1290459917974973,0.0,0
1.4940048570029243,0.05814502592877474,910.0,3343.0,0.2582258004306538,1.1782289817229106,0.0,39973.0,1.1290459917974973,0.0,0
1.4940050178788653,0.05814502592877474,911.0,3343.0,0.258225961306595,1.1782289817229106,0.0,39973.0,1.1290459917974973,0.0,0
1.4940051771540641,0.05814502592877474,912.0,3343.0,0.2582261205817938,1.1782289817229106,0.0,39973.0,1.1290459917974973,0.0,0
1.4940053348444484,0.05814502592877474,913.0,3343.0,0.258226278272178,1.178228981722911,0.0,39973.0,1.1290459917974973,0.0,0
1.4940054909657867,0.05814502592877474,914.0,3343.0,0.2582264343935165,1.1782289817229106,0.0,39973.0,1.1290459917974973,0.0,0
1.4940056455336919,0.05814502592877474,915.0,3343.0,0.2582265889614216,1.1782289817229108,0.0,39973.0,1.1290459917974973,0.0,0
1.4940057985636208,0.05814502592877474,916.0,3343.0,0.25822674199135065,1.1782289817229108,0.0,39973.0,1.1290459917974973,0.0,0
1.4940059500708767,0.05814502592877474,917.0,3343.0,0.2582268934986063,1.1782289817229106,0.0,39973.0,1.1290459917974973,0.0,0
1.49400610007061,0.05814502592877474,918.0,3343.0,0.25822704349833964,1.1782289817229115,0.0,39973.0,1.1290459917974973,0.0,0
1.494006248577821,0.05814502592877474,919.0,3343.0,0.2582271920055506,1.1782289817229106,0.0,39973.0,1.1290459917974973,0.0,0
1.4940063956073606,0.05814502592877474,920.0,3343.0,0.2582273390350901,1.1782289817229112,0.0,39973.0,1.1290459917974973,0.0,0
1.4940065411739318,0.05814502592877474,921.0,3343.0,0.25822748460166145,1.178228981722911,0.0,39973.0,1.1290459917974973,0.0,0
1.4940066852920915,0.05814502592877474,922.0,3343.0,0.25822762871982097,1.1782289817229108,0.0,39973.0,1.1290459917974973,0.0,0
1.4940068279762515,0.05814502592877474,923.0,3343.0,0.25822777140398107,1.178228981722911,0.0,39973.0,1.1290459917974973,0.0,0
1.49400696924068,0.05814502592877474,924.0,3343.0,0.2582279126684099,1.1782289817229106,0.0,39973.0,1.1290459917974973,0.0,0
1.4940071090995044,0.05814502592877474,925.0,3343.0,0.2582280525272342,1.1782289817229104,0.0,39973.0,1.1290459917974973,0.0,0
1.49400724756671,0.05814502592877474,926.0,3343.0,0.2582281909944399,1.178228981722911,0.0,39973.0,1.1290459917974973,0.0,0
1.4940073846561441,0.05814502592877474,927.0,3343.0,0.2582283280838738,1.1782289817229108,0.0,39973.0,1.1290459917974973,0.0,0
1.4940075203815155,0.05814502592877474,928.0,3343.0,0.2582284638092453,1.1782289817229106,0.0,39973.0,1.1290459917974973,0.0,0
1.494007654756397,0.05814502592877474,929.0,3343.0,0.2582285981841267,1.178228981722911,0.0,39973.0,1.1290459917974973,0.0,0
1.4940077877942262,0.05814502592877474,930.0,3343.0,0.2582287312219558,1.178228981722911,0.0,39973.0,1.1290459917974973,0.0,0
1.4940079195083067,0.05814502592877474,931.0,3343.0,0.25822886293603614,1.1782289817229112,0.0,39973.0,1.1290459917974973,0.0,0
1.4940080499118098,0.05814502592877474,932.0,3343.0,0.2582289933395395,1.1782289817229106,0.0,39973.0,1.1290459917974973,0.0,0
1.4940081790177766,0.05814502592877474,933.0,3343.0,0.25822912244550633,1.1782289817229115,0.0,39973.0,1.1290459917974973,0.0,0
1.4940083068391177,0.05814502592877474,934.0,3343.0,0.25822925026684757,1.1782289817229106,0.0,39973.0,1.1290459917974973,0.0,0
1.4940084333886154,0.05814502592877474,935.0,3343.0,0.25822937681634495,1.1782289817229104,0.0,39973.0,1.1290459917974973,0.0,0
1.4940085586789242,0.05814502592877474,936.0,3343.0,0.25822950210665396,1.1782289817229106,0.0,39973.0,1.1290459917974973,0.0,0
1.4940086827225738,0.05814502592877474,937.0,3343.0,0.25822962615030354,1.178228981722911,0.0,39973.0,1.1290459917974973,0.0,0
1.4940088055319685,0.05814502592877474,938.0,3343.0,0.2582297489596982,1.178228981722911,0.0,39973.0,1.1290459917974973,0.0,0
1.4940089271193893,0.05814502592877474,939.0,3343.0,0.25822987054711893,1.1782289817229115,0.0,39973.0,1.1290459917974973,0.0,0
1.494009047496995,0.05814502592877474,940.0,3343.0,0.25822999092472465,1.1782289817229106,0.0,39973.0,1.1290459917974973,0.0,0
1.4940091666768232,0.05814502592877474,941.0,3343.0,0.25823011010455305,1.1782289817229104,0.0,39973.0,1.1290459917974973,0.0,0
1.4940092846707926,0.05814502592877474,942.0,3343.0,0.25823022809852225,1.1782289817229108,0.0,39973.0,1.1290459917974973,0.0,0
1.4940094014907024,0.05814502592877474,943.0,3343.0,0.25823034491843205,1.178228981722911,0.0,39973.0,1.1290459917974973,0.0,0
1.4940095171482346,0.05814502592877474,944.0,3343.0,0.25823046057596427,1.178228981722911,0.0,39973.0,1.1290459917974973,0.0,0
1.4940096316549552,0.05814502592877474,945.0,3343.0,0.2582305750826849,1.1782289817229106,0.0,39973.0,1.1290459917974973,0.0,0
1.4940097450223149,0.05814502592877474,946.0,3343.0,0.2582306884500446,1.1782289817229106,0.0,39973.0,1.1290459917974973,0.0,0
1.4940098572616505,0.05814502592877474,947.0,3343.0,0.25823080068938004,1.1782289817229108,0.0,39973.0,1.1290459917974973,0.0,0
1.4940099683841859,0.05814502592877474,948.0,3343.0,0.25823091181191565,1.1782289817229106,0.0,39973.0,1.1290459917974973,0.0,0
1.4940100784010337,0.05814502592877474,949.0,3343.0,0.25823102182876345,1.1782289817229106,0.0,39973.0,1.1290459917974973,0.0,0
1.4940101873231955,0.05814502592877474,950.0,3343.0,0.2582311307509254,1.1782289817229106,0.0,39973.0,1.1290459917974973,0.0,0
1.4940102951615641,0.05814502592877474,951.0,3343.0,0.2582312385892937,1.178228981722911,0.0,39973.0,1.1290459917974973,0.0,0
1.4940104019269227,0.05814502592877474,952.0,3343.0,0.2582313453546522,1.1782289817229106,0.0,39973.0,1.1290459917974973,0.0,0
1.4940105076299481,0.05814502592877474,953.0,3343.0,0.2582314510576776,1.178228981722911,0.0,39973.0,1.1290459917974973,0.0,0
1.4940106122812107,0.05814502592877474,954.0,3343.0,0.25823155570894046,1.1782289817229106,0.0,39973.0,1.1290459917974973,0.0,0
1.4940107158911762,0.05814502592877474,955.0,3343.0,0.25823165931890585,1.1782289817229106,0.0,39973.0,1.1290459917974973,0.0,0
1.494010818470205,0.05814502592877474,956.0,3343.0,0.2582317618979348,1.1782289817229112,0.0,39973.0,1.1290459917974973,0.0,0
1.4940109200285558,0.05814502592877474,957.0,3343.0,0.2582318634562855,1.1782289817229106,0.0,39973.0,1.1290459917974973,0.0,0
1.4940110205763841,0.05814502592877474,958.0,3343.0,0.2582319640041137,1.178228981722911,0.0,39973.0,1.1290459917974973,0.0,0
1.4940111201237445,0.05814502592877474,959.0,3343.0,0.2582320635514741,1.1782289817229106,0.0,39973.0,1.1290459917974973,0.0,0
1.4940112186805923,0.05814502592877474,960.0,3343.0,0.25823216210832195,1.1782289817229108,0.0,39973.0,1.1290459917974973,0.0,0
1.4940113162567827,0.05814502592877474,961.0,3343.0,0.2582322596845127,1.1782289817229106,0.0,39973.0,1.1290459917974973,0.0,0
1.4940114128620743,0.05814502592877474,962.0,3343.0,0.258232356289804,1.1782289817229106,0.0,39973.0,1.1290459917974973,0.0,0
1.4940115085061272,0.05814502592877474,963.0,3343.0,0.25823245193385663,1.1782289817229115,0.0,39973.0,1.1290459917974973,0.0,0
1.4940116031985056,0.05814502592877474,964.0,3343.0,0.2582325466262353,1.1782289817229115,0.0,39973.0,1.1290459917974973,0.0,0
1.4940116969486792,0.05814502592877474,965.0,3343.0,0.25823264037640875,1.178228981722911,0.0,39973.0,1.1290459917974973,0.0,0
1.4940117897660228,0.05814502592877474,966.0,3343.0,0.2582327331937526,1.1782289817229106,0.0,39973.0,1.1290459917974973,0.0,0
1.4940118816598187,0.05814502592877474,967.0,3343.0,0.2582328250875483,1.1782289817229108,0.0,39973.0,1.1290459917974973,0.0,0
1.4940119726392558,0.05814502592877474,968.0,3343.0,0.25823291606698545,1.1782289817229106,0.0,39973.0,1.1290459917974973,0.0,0
1.4940120627134326,0.05814502592877474,969.0,3343.0,0.2582330061411621,1.1782289817229106,0.0,39973.0,1.1290459917974973,0.0,0
1.4940121518913558,0.05814502592877474,970.0,3343.0,0.2582330953190857,1.1782289817229106,0.0,39973.0,1.1290459917974973,0.0,0
1.4940122401819445,0.05814502592877474,971.0,3343.0,0.25823318360967423,1.1782289817229108,0.0,39973.0,1.1290459917974973,0.0,0
1.494012327594027,0.05814502592877474,972.0,3343.0,0.2582332710217566,1.178228981722911,0.0,39973.0,1.1290459917974973,0.0,0
1.4940124141363447,0.05814502592877474,973.0,3343.0,0.25823335756407434,1.178228981722911,0.0,39973.0,1.1290459917974973,0.0,0
1.494012499817552,0.05814502592877474,974.0,3343.0,0.2582334432452817,1.1782289817229106,0.0,39973.0,1.1290459917974973,0.0,0
1.494012584646217,0.05814502592877474,975.0,3343.0,0.25823352807394667,1.178228981722911,0.0,39973.0,1.1290459917974973,0.0,0
1.4940126686308226,0.05814502592877474,976.0,3343.0,0.25823361205855233,1.178228981722911,0.0,39973.0,1.1290459917974973,0.0,0
1.4940127517797674,0.05814502592877474,977.0,3343.0,0.258233695207497,1.1782289817229106,0.0,39973.0,1.1290459917974973,0.0,0
1.4940128341013663,0.05814502592877474,978.0,3343.0,0.25823377752909604,1.1782289817229108,0.0,39973.0,1.1290459917974973,0.0,0
1.494012915603852,0.05814502592877474,979.0,3343.0,0.2582338590315816,1.178228981722911,0.0,39973.0,1.1290459917974973,0.0,0
1.494012996295374,0.05814502592877474,980.0,3343.0,0.2582339397231037,1.1782289817229106,0.0,39973.0,1.1290459917974973,0.0,0
1.4940130761840023,0.05814502592877474,981.0,3343.0,0.258234019611732,1.178228981722911,0.0,39973.0,1.1290459917974973,0.0,0
1.4940131552777252,0.05814502592877474,982.0,3343.0,0.25823409870545483,1.1782289817229106,0.0,39973.0,1.1290459917974973,0.0,0
1.4940132335844525,0.05814502592877474,983.0,3343.0,0.25823417701218215,1.1782289817229106,0.0,39973.0,1.1290459917974973,0.0,0
1.4940133111120146,0.05814502592877474,984.0,3343.0,0.25823425453974436,1.1782289817229106,0.0,39973.0,1.1290459917974973,0.0,0
1.4940133878681652,0.05814502592877474,985.0,3343.0,0.2582343312958948,1.178228981722911,0.0,39973.0,1.1290459917974973,0.0,0
1.4940134638605789,0.05814502592877474,986.0,3343.0,0.25823440728830843,1.178228981722911,0.0,39973.0,1.1290459917974973,0.0,0
1.4940135390968554,0.05814502592877474,987.0,3343.0,0.25823448252458503,1.1782289817229106,0.0,39973.0,1.1290459917974973,0.0,0
1.4940136135845183,0.05814502592877474,988.0,3343.0,0.2582345570122481,1.1782289817229106,0.0,39973.0,1.1290459917974973,0.0,0
1.494013687331017,0.05814502592877474,989.0,3343.0,0.2582346307587467,1.178228981722911,0.0,39973.0,1.1290459917974973,0.0,0
1.4940137603437253,0.05814502592877474,990.0,3343.0,0.2582347037714551,1.1782289817229106,0.0,39973.0,1.1290459917974973,0.0,0
1.4940138326299455,0.05814502592877474,991.0,3343.0,0.25823477605767514,1.1782289817229108,0.0,39973.0,1.1290459917974973,0.0,0
1.4940139041969056,0.05814502592877474,992.0,3343.0,0.25823484762463517,1.1782289817229108,0.0,39973.0,1.1290459917974973,0.0,0
1.4940139750517625,0.05814502592877474,993.0,3343.0,0.25823491847949215,1.1782289817229106,0.0,39973.0,1.1290459917974973,0.0,0
1.494014045201602,0.05814502592877474,994.0,3343.0,0.25823498862933153,1.1782289817229106,0.0,39973.0,1.1290459917974973,0.0,0
1.4940141146534387,0.05814502592877474,995.0,3343.0,0.25823505808116826,1.178228981722911,0.0,39973.0,1.1290459917974973,0.0,0
1.494014183414218,0.05814502592877474,996.0,3343.0,0.2582351268419477,1.178228981722911,0.0,39973.0,1.1290459917974973,0.0,0
1.4940142514908161,0.05814502592877474,997.0,3343.0,0.25823519491854585,1.1782289817229108,0.0,39973.0,1.1290459917974973,0.0,0
1.494014318890041,0.05814502592877474,998.0,3343.0,0.25823526231777066,1.1782289817229106,0.0,39973.0,1.1290459917974973,0.0,0
1.4940143856186323,0.05814502592877474,999.0,3343.0,0.258235329046362,1.1782289817229106,0.0,39973.0,1.1290459917974973,0.0,0
1.494014451683263,0.05814502592877474,1000.0,3343.0,0.2582353951109927,1.1782289817229108,0.0,39973.0,1.1290459917974973,0.0,0
1.49401451709054,0.05814502592877474,1001.0,3343.0,0.25823546051826946,1.1782289817229106,0.0,39973.0,1.1290459917974973,0.0,0
1.4940145818470032,0.05814502592877474,1002.0,3343.0,0.2582355252747327,1.1782289817229112,0.0,39973.0,1.1290459917974973,0.0,0
1.4940146459591288,0.05814502592877474,1003.0,3343.0,0.2582355893868585,1.1782289817229106,0.0,39973.0,1.1290459917974973,0.0,0
1.4940147094333283,0.05814502592877474,1004.0,3343.0,0.25823565286105793,1.1782289817229106,0.0,39973.0,1.1290459917974973,0.0,0
1.4940147722759491,0.05814502592877474,1005.0,3343.0,0.25823571570367887,1.1782289817229115,0.0,39973.0,1.1290459917974973,0.0,0
1.4940147722759491,0.05814502592877474,1005.0,3343.0,0.25823571570367887,1.1782289817229115,0.0,39973.0,1.1290459917974973,0.0,0
1.4940147722759491,0.05814502592877474,1005.0,3343.0,0.25823571570367887,1.1782289817229115,0.0,39973.0,1.1290459917974973,0.0,0
0.27865852115814105,0.021903519703170653,1005.0,6420.0,0.25869532565357833,1.6775070551581427e-16,0.0,39898.0,0.0,0.0,0
0.27865852115814105,0.021903519703170653,1005.0,6420.0,0.25869532565357833,1.6775070551581427e-16,0.0,39898.0,0.0,0.0,0
0.22921948060256167,0.01945234050492542,1006.0,6628.0,0.21170746429624424,-7.457908439732951e-17,0.0,39898.0,0.0,0.0,0
0.2138980330332459,0.01945234050492542,1007.0,6628.0,0.1963860167269284,6.720823325455842e-18,0.0,39898.0,0.0,0.0,0
0.20422659259018394,0.01945234050492542,1008.0,6628.0,0.1867145762838665,-2.862443924106063e-17,0.0,39898.0,0.0,0.0,0
0.19694533630315808,0.01945234050492542,1009.0,6628.0,0.17943331999684062,5.737656251766533e-17,0.0,39898.0,0.0,0.0,0
0.19082636124470206,0.01945234050492542,1010.0,6628.0,0.17331434493838457,-1.513636203176929e-17,0.0,39898.0,0.0,0.0,0
0.18533264437573696,0.019393257110504717,1011.0,6639.0,0.16787971146384018,1.1404505902004085e-16,0.0,39898.0,0.0,0.0,0
0.18031978916049596,0.019330249326126904,1012.0,6651.0,0.16292986403297702,3.1410272743840254e-17,0.0,39898.0,0.0,0.0,0
0.1757038137611792,0.019274227719754008,1013.0,6662.0,0.15836991024003313,6.337771218823644e-17,0.0,39898.0,0.0,0.0,0
0.17143192157085904,0.019226747503391366,1014.0,6674.0,0.15414549826607563,7.84212131032464e-17,0.0,39898.0,0.0,0.0,0
0.16743079831022722,0.01915208879042974,1015.0,6691.0,0.15021903371840542,4.940211411595866e-17,0.0,39898.0,0.0,0.0,0
0.1637308955399145,0.01911046479618385,1016.0,6701.0,0.14656075494233858,8.315713005797176e-17,0.0,39898.0,0.0,0.0,0
0.16025925424098758,0.01905428729378622,1017.0,6718.0,0.14314529114580926,6.080081619816528e-17,0.0,39898.0,0.0,0.0,0
0.1569953129119014,0.018985384474016338,1018.0,6736.0,0.13995025263649302,5.255939208577556e-17,0.0,39898.0,0.0,0.0,0
0.15395633636471315,0.0189410782703687,1019.0,6748.0,0.1369555822929524,2.0916966550037006e-17,0.0,39898.0,0.0,0.0,0
0.1509800915000012,0.01877721625893868,1020.0,6772.0,0.13414319943967046,-9.123604721603268e-18,0.0,39898.0,0.0,0.0,0
0.1480522087682435,0.018495770490200764,1021.0,6809.0,0.13149676247665068,4.3551863760121446e-17,0.0,39898.0,0.0,0.0,0
0.1452819664626428,0.018220805344085232,1022.0,6841.0,0.12900148531716554,1.794541081373874e-17,0.0,39898.0,0.0,0.0,0
0.14270306616380166,0.017999407584321354,1023.0,6864.0,0.12664398277808825,6.400452472636186e-17,0.0,39898.0,0.0,0.0,0
0.140254092741945,0.017782282033060055,1024.0,6887.0,0.1244121349074929,2.010443177839295e-17,0.0,39898.0,0.0,0.0,0
0.1379882347897877,0.017633593211829002,1025.0,6903.0,0.12229496577656665,5.383623244121623e-17,0.0,39898.0,0.0,0.0,0
0.13585682427597526,0.017514614097753258,1026.0,6916.0,0.12028253437682992,6.885651807703637e-17,0.0,39898.0,0.0,0.0,0
0.13379588812108892,0.017370376210452745,1027.0,6932.0,0.11836583610924412,-9.228073477957503e-18,0.0,39898.0,0.0,0.0,0
0.13186896769451903,0.017272578168837,1028.0,6943.0,0.11653671372428996,3.741142241441136e-17,0.0,39898.0,0.0,0.0,0
0.1300500537724398,0.017202601206318578,1029.0,6951.0,0.1147877767647292,6.914670906690924e-17,0.0,39898.0,0.0,0.0,0
0.12830535244519298,0.017133347959874444,1030.0,6959.0,0.11311232868392646,2.3958168123904764e-17,0.0,39898.0,0.0,0.0,0
0.12667170815244616,0.017107731448359555,1031.0,6962.0,0.11150430090269453,6.188032668049239e-17,0.0,39898.0,0.0,0.0,0
0.12504125839459385,0.01702338945125498,1032.0,6972.0,0.10995819314194678,4.9239607161629846e-17,0.0,39898.0,0.0,0.0,0
0.12343568455752639,0.01690698932308282,1033.0,6986.0,0.10846901943305151,5.959362168029411e-17,0.0,39898.0,0.0,0.0,0
0.12192499317538998,0.016833058108738308,1034.0,6995.0,0.10703225926525961,1.4625625889593024e-17,0.0,39898.0,0.0,0.0,0
0.12051217015442425,0.016808680971793118,1035.0,6998.0,0.10564381338123909,4.2762544267667223e-17,0.0,39898.0,0.0,0.0,0
0.11911230920362083,0.016752669623876584,1036.0,7005.0,0.10429996377835217,1.3464861930101515e-18,0.0,39898.0,0.0,0.0,0
0.11773840972611198,0.01668139640927872,1037.0,7014.0,0.10299733751544123,6.600103873668726e-17,0.0,39898.0,0.0,0.0,0
0.11643484170798826,0.016642291943615686,1038.0,7019.0,0.10173287396298053,-1.9129390052420083e-17,0.0,39898.0,0.0,0.0,0
0.1151360084225393,0.01657253745222203,1039.0,7028.0,0.10050379516892521,-7.034229594518549e-18,0.0,39898.0,0.0,0.0,0
0.11391679675164529,0.016549541906490446,1040.0,7031.0,0.09930757904376278,1.4579195331213363e-17,0.0,39898.0,0.0,0.0,0
0.1127284674145931,0.01652685651670457,1041.0,7034.0,0.09814193509649652,-2.6604709951545405e-17,0.0,39898.0,0.0,0.0,0
0.11154629400617272,0.016481835725966842,1042.0,7040.0,0.09700478247881382,6.746360132564655e-17,0.0,39898.0,0.0,0.0,0
0.1104135499998599,0.01645964408067223,1043.0,7043.0,0.09589423011779563,4.023207883597573e-17,0.0,39898.0,0.0,0.0,0
0.1092764829876754,0.016408248447858976,1044.0,7050.0,0.09480855873842438,2.9158390662426725e-17,0.0,39898.0,0.0,0.0,0
0.10818506063617922,0.016379180238727052,1045.0,7054.0,0.09374620459606009,6.990120564057873e-17,0.0,39898.0,0.0,0.0,0
0.10710136201051663,0.0163359414529565,1046.0,7060.0,0.09270574475616808,4.146248863303673e-17,0.0,39898.0,0.0,0.0,0
0.10606006946629568,0.016314509890837683,1047.0,7063.0,0.09168588377406593,4.0673169140582506e-17,0.0,39898.0,0.0,0.0,0
0.10505962733369767,0.016314509890837683,1048.0,7063.0,0.09068544164146793,3.7655182845904577e-17,0.0,39898.0,0.0,0.0,0
0.10407752857151316,0.016314509890837683,1049.0,7063.0,0.0897033428792834,5.912931609649752e-17,0.0,39898.0,0.0,0.0,0
0.1031127923598258,0.016314509890837683,1050.0,7063.0,0.08873860666759607,-1.295412578792525e-17,0.0,39898.0,0.0,0.0,0
0.10216452360636154,0.016314509890837683,1051.0,7063.0,0.08779033791413178,5.4532690816911133e-17,0.0,39898.0,0.0,0.0,0
0.10123190486414185,0.016314509890837683,1052.0,7063.0,0.08685771917191214,-7.382458782366002e-18,0.0,39898.0,0.0,0.0,0
0.10031418901752248,0.016314509890837683,1053.0,7063.0,0.08594000332529274,2.7533321119138614e-17,0.0,39898.0,0.0,0.0,0
0.09941069266349986,0.016314509890837683,1054.0,7063.0,0.0850365069712701,5.040037112112136e-17,0.0,39898.0,0.0,0.0,0
0.09852079012213218,0.016314509890837683,1055.0,7063.0,0.08414660442990245,2.9251251779186047e-18,0.0,39898.0,0.0,0.0,0
0.09764390801621292,0.016314509890837683,1056.0,7063.0,0.08326972232398316,4.5200148582599393e-17,0.0,39898.0,0.0,0.0,0
0.09677952036603218,0.016314509890837683,1057.0,7063.0,0.08240533467380246,1.4393473097694722e-18,0.0,39898.0,0.0,0.0,0
0.0959271441502175,0.016314509890837683,1058.0,7063.0,0.08155295845798775,1.3348785534152363e-17,0.0,39898.0,0.0,0.0,0
0.09508633528830603,0.016314509890837683,1059.0,7063.0,0.08071214959607628,1.3070202183874401e-17,0.0,39898.0,0.0,0.0,0
0.09425668500492367,0.016314509890837683,1060.0,7063.0,0.07988249931269394,1.8363285839155686e-17,0.0,39898.0,0.0,0.0,0
0.09343781653926266,0.016314509890837683,1061.0,7063.0,0.07906363084703293,3.1201335231131784e-17,0.0,39898.0,0.0,0.0,0
0.0926293821670051,0.016314509890837683,1062.0,7063.0,0.07825519647477536,3.932668294757235e-17,0.0,39898.0,0.0,0.0,0
0.09183106050496638,0.016314509890837683,1063.0,7063.0,0.07745687481273665,4.004635660245709e-17,0.0,39898.0,0.0,0.0,0
0.09104255407156062,0.016314509890837683,1064.0,7063.0,0.0766683683793309,1.8247209443206536e-17,0.0,39898.0,0.0,0.0,0
0.09026358707875046,0.016314509890837683,1065.0,7063.0,0.07588940138652071,1.7388244113182818e-17,0.0,39898.0,0.0,0.0,0
0.08949390343345888,0.016314509890837683,1066.0,7063.0,0.07511971774122915,3.2547821424141936e-17,0.0,39898.0,0.0,0.0,0
0.08873326492851696,0.016314509890837683,1067.0,7063.0,0.07435907923628722,1.894366781890144e-17,0.0,39898.0,0.0,0.0,0
0.0879814496051173,0.016314509890837683,1068.0,7063.0,0.07360726391288758,1.9849063707304818e-17,0.0,39898.0,0.0,0.0,0
0.08723825027045845,0.016314509890837683,1069.0,7063.0,0.07286406457822872,1.2304097970610004e-18,0.0,39898.0,0.0,0.0,0
0.08650347315581867,0.016314509890837683,1070.0,7063.0,0.07212928746358893,4.09749677700503e-17,0.0,39898.0,0.0,0.0,0
0.08577693670170129,0.016314509890837683,1071.0,7063.0,0.07140275100947155,2.8136918378074196e-17,0.0,39898.0,0.0,0.0,0
0.08505847045796612,0.016314509890837683,1072.0,7063.0,0.07068428476573636,2.128841101707429e-17,0.0,39898.0,0.0,0.0,0
0.08434791408801005,0.016314509890837683,1073.0,7063.0,0.06997372839578032,1.996514010325397e-17,0.0,39898.0,0.0,0.0,0
0.08364511646710185,0.016314509890837683,1074.0,7063.0,0.0692709307748721,1.7806119138599762e-17,0.0,39898.0,0.0,0.0,0
0.08294993486591702,0.016314509890837683,1075.0,7063.0,0.06857574917368728,3.7028370307779165e-17,0.0,39898.0,0.0,0.0,0
0.08226223421117096,0.016314509890837683,1076.0,7063.0,0.06788804851894123,-4.596625279586379e-18,0.0,39898.0,0.0,0.0,0
0.08158188641602,0.016314509890837683,1077.0,7063.0,0.06720770072379025,2.8972668428908084e-17,0.0,39898.0,0.0,0.0,0
0.08090876977359548,0.016314509890837683,1078.0,7063.0,0.06653458408136574,3.691229391183001e-18,0.0,39898.0,0.0,0.0,0
0.08024276840767093,0.016314509890837683,1079.0,7063.0,0.06586858271544117,5.3743371324456904e-17,0.0,39898.0,0.0,0.0,0
0.07958377177502897,0.016314509890837683,1080.0,7063.0,0.06520958608279923,3.006378655083011e-17,0.0,39898.0,0.0,0.0,0
0.07893167421461578,0.016314509890837683,1081.0,7063.0,0.06455748852238605,2.0243723453531932e-17,0.0,39898.0,0.0,0.0,0
0.07828637453903477,0.016314509890837683,1082.0,7063.0,0.06391218884680502,1.1073688173549004e-17,0.0,39898.0,0.0,0.0,0
0.07764777566435696,0.016314509890837683,1083.0,7063.0,0.06327358997212722,9.42540335107106e-18,0.0,39898.0,0.0,0.0,0
0.0770157842746069,0.016314509890837683,1084.0,7063.0,0.06264159858237717,1.4625625889593024e-18,0.0,39898.0,0.0,0.0,0
0.07639031051762989,0.016314509890837683,1085.0,7063.0,0.062016124825400136,1.2141591016281192e-17,0.0,39898.0,0.0,0.0,0
0.07577126772935962,0.016314509890837683,1086.0,7063.0,0.061397082037129874,4.95878363494773e-17,0.0,39898.0,0.0,0.0,0
0.07515857218378882,0.016314509890837683,1087.0,7063.0,0.060784386491559074,1.534529954447776e-17,0.0,39898.0,0.0,0.0,0
0.07455214286620296,0.016314509890837683,1088.0,7063.0,0.060177957173973215,3.4799703505555466e-17,0.0,39898.0,0.0,0.0,0
0.07395190126746716,0.016314509890837683,1089.0,7063.0,0.05957771557523741,4.2901835942806206e-17,0.0,39898.0,0.0,0.0,0
0.07335777119736951,0.016314509890837683,1090.0,7063.0,0.05898358550513978,1.3232709138203211e-18,0.0,39898.0,0.0,0.0,0
0.07276967861521184,0.016314509890837683,1091.0,7063.0,0.05839549292298215,-1.2304097970610004e-18,0.0,39898.0,0.0,0.0,0
0.07218755147601148,0.016314509890837683,1092.0,7063.0,0.05781336578378173,2.7254737768860652e-17,0.0,39898.0,0.0,0.0,0
0.07161131959083401,0.016314509890837683,1093.0,7063.0,0.05723713389860428,2.4376043149321705e-17,0.0,39898.0,0.0,0.0,0
0.07104091449991738,0.016314509890837683,1094.0,7063.0,0.05666672880768763,5.209508650197896e-17,0.0,39898.0,0.0,0.0,0
0.07047626935737426,0.016314509890837683,1095.0,7063.0,0.05610208366514451,4.526979442016888e-18,0.0,39898.0,0.0,0.0,0
0.06991731882637706,0.016314509890837683,1096.0,7063.0,0.0555431331341473,9.657556142969362e-18,0.0,39898.0,0.0,0.0,0
0.06936399898383142,0.016314509890837683,1097.0,7063.0,0.05498981329160166,2.8740515637009784e-17,0.0,39898.0,0.0,0.0,0
0.06881624723364128,0.016314509890837683,1098.0,7063.0,0.05444206154141154,3.101561299761314e-17,0.0,39898.0,0.0,0.0,0
0.06827400222775232,0.016314509890837683,1099.0,7063.0,0.05389981653552259,8.032486599681247e-18,0.0,39898.0,0.0,0.0,0
0.06773720379423794,0.016314509890837683,1100.0,7063.0,0.05336301810200819,2.595468213423016e-17,0.0,39898.0,0.0,0.0,0
0.06720579287176268,0.016314509890837683,1101.0,7063.0,0.05283160717953295,2.593146685504033e-17,0.0,39898.0,0.0,0.0,0
0.06667971144982081,0.016314509890837683,1102.0,7063.0,0.05230552575759106,1.4950639798250648e-17,0.0,39898.0,0.0,0.0,0
0.06615621376684079,0.01631182114347351,1103.0,7064.0,0.05178471682197523,1.5716744011515042e-17,0.0,39898.0,0.0,0.0,0
0.06562993839864499,0.016301138292271113,1104.0,7068.0,0.05126912430498182,2.8113703098884366e-17,0.0,39898.0,0.0,0.0,0
0.06511420548504718,0.016295836643747782,1105.0,7070.0,0.050758693039907335,3.556580771881986e-17,0.0,39898.0,0.0,0.0,0
0.06460888116457113,0.016295836643747782,1106.0,7070.0,0.050253368719431285,3.4753272947175807e-17,0.0,39898.0,0.0,0.0,0
0.06410338104279051,0.01629060738387788,1107.0,7072.0,0.049753097857520565,4.2344669242250276e-17,0.0,39898.0,0.0,0.0,0
0.06360293325271298,0.016285429696796604,1108.0,7074.0,0.04925782775452432,3.3430002033355483e-17,0.0,39898.0,0.0,0.0,0
0.06311004237403842,0.01628286010748609,1109.0,7075.0,0.04876750646516026,1.5972112082603174e-17,0.0,39898.0,0.0,0.0,0
0.06262207745941704,0.0162803188889036,1110.0,7076.0,0.04828208276912138,1.9686556752976006e-17,0.0,39898.0,0.0,0.0,0
0.062131423370719946,0.016270241425270084,1111.0,7080.0,0.0478015061440578,3.5031856297453765e-17,0.0,39898.0,0.0,0.0,0
0.06164559892895546,0.016260196386851125,1112.0,7084.0,0.04732572674071228,2.7394029443999632e-18,0.0,39898.0,0.0,0.0,0
0.061159634251223026,0.01624526308982243,1113.0,7090.0,0.04685469536000854,1.0539736752182909e-17,0.0,39898.0,0.0,0.0,0
0.06068587443829702,0.01623783520499479,1114.0,7093.0,0.046388363431910176,4.73591695472536e-18,0.0,39898.0,0.0,0.0,0
0.06022173821810281,0.01623537942082427,1115.0,7094.0,0.04592668299588648,7.452104619935493e-18,0.0,39898.0,0.0,0.0,0
0.05975980375794421,0.0162305212737164,1116.0,7096.0,0.04546960668283578,9.750417259728682e-19,0.0,39898.0,0.0,0.0,0
0.05930245492868298,0.016225691428959355,1117.0,7098.0,0.04501708769833158,5.4788058887999264e-18,0.0,39898.0,0.0,0.0,0
0.05884965773944947,0.016220902130987206,1118.0,7100.0,0.0445690798070702,2.9320897616755537e-17,0.0,39898.0,0.0,0.0,0
0.058396592539448455,0.016211379419648005,1119.0,7104.0,0.044125537318408396,1.304698690468457e-17,0.0,39898.0,0.0,0.0,0
0.05795038966793316,0.016204298793648788,1120.0,7107.0,0.04368641507289231,1.2071945178711703e-17,0.0,39898.0,0.0,0.0,0
0.057506288159394306,0.01619494392831604,1121.0,7111.0,0.043251668429686224,1.7318598275613327e-17,0.0,39898.0,0.0,0.0,0
0.05707355471435029,0.016192625658138282,1122.0,7112.0,0.04282125325481997,5.246653096901624e-18,0.0,39898.0,0.0,0.0,0
0.056638218816639774,0.01618341710506707,1123.0,7116.0,0.042395125910180645,3.668014111993171e-18,0.0,39898.0,0.0,0.0,0
0.05621404207063425,0.01618112302606079,1124.0,7117.0,0.0419732432431814,1.9616910915406515e-17,0.0,39898.0,0.0,0.0,0
0.05579409061959553,0.016178852241156935,1125.0,7118.0,0.04155556257704653,2.0684813758138706e-17,0.0,39898.0,0.0,0.0,0
0.055376053852100225,0.016174336349049807,1126.0,7120.0,0.04114204170165837,1.7063230204525195e-17,0.0,39898.0,0.0,0.0,0
0.054966651015357124,0.016174336349049807,1127.0,7120.0,0.04073263886491527,-1.1375486803016796e-18,0.0,39898.0,0.0,0.0,0
0.05456132491499842,0.016174336349049807,1128.0,7120.0,0.040327312764556554,8.102132437250739e-18,0.0,39898.0,0.0,0.0,0
0.0541600346908546,0.016174336349049807,1129.0,7120.0,0.03992602254041275,4.898423909054171e-18,0.0,39898.0,0.0,0.0,0
0.053762739917486466,0.016174336349049807,1130.0,7120.0,0.039528727767044594,2.4515334824460688e-17,0.0,39898.0,0.0,0.0,0
0.05336940059717912,0.016174336349049807,1131.0,7120.0,0.03913538844673726,2.0475876245430232e-17,0.0,39898.0,0.0,0.0,0
0.05297997715326098,0.016174336349049807,1132.0,7120.0,0.03874596500281912,2.6465418276406423e-18,0.0,39898.0,0.0,0.0,0
0.05259443042371993,0.016174336349049807,1133.0,7120.0,0.03836041827327805,2.783511974860641e-17,0.0,39898.0,0.0,0.0,0
0.0522127216550917,0.016174336349049807,1134.0,7120.0,0.03797870950464983,2.2704543047653932e-17,0.0,39898.0,0.0,0.0,0
0.05183481249659828,0.016174336349049807,1135.0,7120.0,0.03760080034615643,-7.359243503176172e-18,0.0,39898.0,0.0,0.0,0
0.051460664994515494,0.016174336349049807,1136.0,7120.0,0.03722665284407363,2.0406230407860744e-17,0.0,39898.0,0.0,0.0,0
0.05109024158675108,0.016174336349049807,1137.0,7120.0,0.03685622943630922,1.1212979848687985e-17,0.0,39898.0,0.0,0.0,0
0.05072350509761722,0.016174336349049807,1138.0,7120.0,0.036489492947175364,6.871722640189738e-18,0.0,39898.0,0.0,0.0,0
0.050360418732781256,0.016174336349049807,1139.0,7120.0,0.0361264065823394,-2.2750973606033592e-18,0.0,39898.0,0.0,0.0,0
0.050000946074381505,0.016174336349049807,1140.0,7120.0,0.03576693392393964,3.1340626906270764e-18,0.0,39898.0,0.0,0.0,0
0.0496450510762953,0.016174336349049807,1141.0,7120.0,0.035411038925853434,1.65292787831591e-17,0.0,39898.0,0.0,0.0,0
0.049292698059547925,0.016174336349049807,1142.0,7120.0,0.03505868590910606,2.7881550306986067e-17,0.0,39898.0,0.0,0.0,0
0.0489438517078522,0.016174336349049807,1143.0,7120.0,0.03470983955741033,2.0963397108416668e-17,0.0,39898.0,0.0,0.0,0
0.04859847706326921,0.016174336349049807,1144.0,7120.0,0.03436446491282736,-5.2930836552812845e-18,0.0,39898.0,0.0,0.0,0
0.04825653952198187,0.016174336349049807,1145.0,7120.0,0.03402252737154,3.268711309928092e-17,0.0,39898.0,0.0,0.0,0
0.04791800483017296,0.016174336349049807,1146.0,7120.0,0.03368399267973108,1.3372000813342194e-17,0.0,39898.0,0.0,0.0,0
0.04758283908000188,0.016174336349049807,1147.0,7120.0,0.03334882692956003,5.8734656350270396e-18,0.0,39898.0,0.0,0.0,0
0.04725100870567221,0.016174336349049807,1148.0,7120.0,0.03301699655523035,3.876951624701643e-18,0.0,39898.0,0.0,0.0,0
0.04692248047958534,0.016174336349049807,1149.0,7120.0,0.03268846832914349,-1.3418431371721854e-17,0.0,39898.0,0.0,0.0,0
0.04659722150857453,0.016174336349049807,1150.0,7120.0,0.03236320935813266,1.5600667615565892e-17,0.0,39898.0,0.0,0.0,0
0.046275199230214385,0.016174336349049807,1151.0,7120.0,0.03204118707977252,7.846764366162606e-18,0.0,39898.0,0.0,0.0,0
0.04595638140920185,0.016174336349049807,1152.0,7120.0,0.03172236925875998,2.3911737565525103e-18,0.0,39898.0,0.0,0.0,0
0.045640736133804316,0.016174336349049807,1153.0,7120.0,0.031406723983362445,1.9315112285938724e-17,0.0,39898.0,0.0,0.0,0
0.04532823181237114,0.016174336349049807,1154.0,7120.0,0.031094219661929278,4.410903046067737e-19,0.0,39898.0,0.0,0.0,0
0.045018837169905894,0.016174336349049807,1155.0,7120.0,0.030784825019464026,1.2280882691420175e-17,0.0,39898.0,0.0,0.0,0
0.04471252124469538,0.016174336349049807,1156.0,7120.0,0.030478509094253512,2.230988330142682e-17,0.0,39898.0,0.0,0.0,0
0.044409253384993415,0.016174336349049807,1157.0,7120.0,0.03017524123455155,7.05744487370838e-18,0.0,39898.0,0.0,0.0,0
0.044109003245756555,0.016174336349049807,1158.0,7120.0,0.029874991095314708,-3.3894307617152087e-18,0.0,39898.0,0.0,0.0,0
0.04381174078542925,0.016174336349049807,1159.0,7120.0,0.029577728634987397,6.732430965050757e-19,0.0,39898.0,0.0,0.0,0
0.04351743626277669,0.016174336349049807,1160.0,7120.0,0.029283424112334817,2.1892008276009876e-17,0.0,39898.0,0.0,0.0,0
0.04322606023376303,0.016174336349049807,1161.0,7120.0,0.02899204808332117,2.124198045869463e-17,0.0,39898.0,0.0,0.0,0
0.0429375835484736,0.016174336349049807,1162.0,7120.0,0.028703571398031744,-9.286111675932078e-20,0.0,39898.0,0.0,0.0,0
0.042651977348079066,0.016174336349049807,1163.0,7120.0,0.028417965197637198,2.5536807108813217e-17,0.0,39898.0,0.0,0.0,0
0.04236921306184008,0.016174336349049807,1164.0,7120.0,0.028135200911398213,1.645963294558961e-17,0.0,39898.0,0.0,0.0,0
0.04208926240415148,0.016174336349049807,1165.0,7120.0,0.02785525025370963,4.109104416599945e-18,0.0,39898.0,0.0,0.0,0
0.041812097371624155,0.016174336349049807,1166.0,7120.0,0.0275780852211823,9.727201980538853e-18,0.0,39898.0,0.0,0.0,0
0.04153769024020368,0.016174336349049807,1167.0,7120.0,0.027303678089761804,1.908295949404042e-17,0.0,39898.0,0.0,0.0,0
0.04126601356232461,0.016174336349049807,1168.0,7120.0,0.02703200141188275,1.1120118731928665e-17,0.0,39898.0,0.0,0.0,0
0.0409970401640995,0.016174336349049807,1169.0,7120.0,0.026763028013657642,4.4109030460677376e-18,0.0,39898.0,0.0,0.0,0
0.040730743142541485,0.016174336349049807,1170.0,7120.0,0.026496730992099624,9.518264467830381e-18,0.0,39898.0,0.0,0.0,0
0.04046709586281959,0.016174336349049807,1171.0,7120.0,0.02623308371237771,3.164242553573856e-17,0.0,39898.0,0.0,0.0,0
0.04020607195554616,0.016174336349049807,1172.0,7120.0,0.025972059805104305,3.691229391183001e-18,0.0,39898.0,0.0,0.0,0
0.03994764531409561,0.016174336349049807,1173.0,7120.0,0.02571363316365375,1.179336182843374e-17,0.0,39898.0,0.0,0.0,0
0.0396917900919533,0.016174336349049807,1174.0,7120.0,0.025457777941511436,1.5020285635820136e-17,0.0,39898.0,0.0,0.0,0
0.03943848070009461,0.016174336349049807,1175.0,7120.0,0.02520446854965275,2.832264061159284e-18,0.0,39898.0,0.0,0.0,0
0.03918769180439312,0.016174336349049807,1176.0,7120.0,0.02495367965395126,3.9465974622711336e-19,0.0,39898.0,0.0,0.0,0
0.03893939832305732,0.016174336349049807,1177.0,7120.0,0.02470538617261546,1.1073688173549004e-17,0.0,39898.0,0.0,0.0,0
0.03869357542409545,0.016174336349049807,1178.0,7120.0,0.02445956327365358,1.0632597868942231e-17,0.0,39898.0,0.0,0.0,0
0.03845019852280797,0.016174336349049807,1179.0,7120.0,0.02421618637236611,8.21820883319989e-18,0.0,39898.0,0.0,0.0,0
0.03820924327930695,0.016174336349049807,1180.0,7120.0,0.02397523112886509,2.7626182235897933e-18,0.0,39898.0,0.0,0.0,0
0.037970685596062134,0.016174336349049807,1181.0,7120.0,0.023736673445620273,1.6900723250196383e-17,0.0,39898.0,0.0,0.0,0
0.037734501615473,0.016174336349049807,1182.0,7120.0,0.02350048946503114,1.7132876042094686e-17,0.0,39898.0,0.0,0.0,0
0.03750066771746676,0.016174336349049807,1183.0,7120.0,0.02326665556702489,1.8293640001586194e-17,0.0,39898.0,0.0,0.0,0
0.03726916051712146,0.016174336349049807,1184.0,7120.0,0.0230351483666796,1.1561209036535438e-17,0.0,39898.0,0.0,0.0,0
0.03703995686231413,0.016174336349049807,1185.0,7120.0,0.022805944711872278,3.0179862946779257e-18,0.0,39898.0,0.0,0.0,0
0.036813033831393435,0.016174336349049807,1186.0,7120.0,0.022579021680951564,1.4532764772833704e-17,0.0,39898.0,0.0,0.0,0
0.036588368730876446,0.016174336349049807,1187.0,7120.0,0.02235435658043459,-6.175264264494832e-18,0.0,39898.0,0.0,0.0,0
0.03636593909316955,0.016174336349049807,1188.0,7120.0,0.022131926942727684,1.290769522954559e-17,0.0,39898.0,0.0,0.0,0
0.03614572267431248,0.016174336349049807,1189.0,7120.0,0.02191171052387061,1.8061487209687894e-17,0.0,39898.0,0.0,0.0,0
0.035927697451745906,0.016174336349049807,1190.0,7120.0,0.02169368530130404,1.7063230204525195e-17,0.0,39898.0,0.0,0.0,0
0.03571184162210183,0.016174336349049807,1191.0,7120.0,0.021477829471659972,1.655249406234893e-17,0.0,39898.0,0.0,0.0,0
0.035498133599016525,0.016174336349049807,1192.0,7120.0,0.02126412144857466,1.0632597868942231e-17,0.0,39898.0,0.0,0.0,0
0.03528655201096589,0.016174336349049807,1193.0,7120.0,0.02105253986052403,-3.3197849241457183e-18,0.0,39898.0,0.0,0.0,0
0.03507707569912285,0.016174336349049807,1194.0,7120.0,0.020843063548681,-2.4608195941220007e-18,0.0,39898.0,0.0,0.0,0
0.03486968371523653,0.016174336349049807,1195.0,7120.0,0.02063567156479467,1.1329056244637137e-17,0.0,39898.0,0.0,0.0,0
0.0346643553195329,0.016174336349049807,1196.0,7120.0,0.02043034316909104,8.403931066718531e-18,0.0,39898.0,0.0,0.0,0
0.03446106997863685,0.016174336349049807,1197.0,7120.0,0.020227057828194988,8.636083858616833e-18,0.0,39898.0,0.0,0.0,0
0.03425980736351511,0.016174336349049807,1198.0,7120.0,0.02002579521307325,3.853736345511813e-18,0.0,39898.0,0.0,0.0,0
0.034060547347440066,0.016174336349049807,1199.0,7120.0,0.01982653519699821,1.1212979848687985e-17,0.0,39898.0,0.0,0.0,0
0.03386327000397407,0.016174336349049807,1200.0,7120.0,0.019629257853532204,1.4161320305796418e-17,0.0,39898.0,0.0,0.0,0
0.03366795560497407,0.016174336349049807,1201.0,7120.0,0.019433943454532202,1.5089931473389627e-17,0.0,39898.0,0.0,0.0,0
0.033474584618616354,0.016174336349049807,1202.0,7120.0,0.019240572468174483,1.648284822477944e-17,0.0,39898.0,0.0,0.0,0
0.033283137707441124,0.016174336349049807,1203.0,7120.0,0.01904912555699926,1.4254181422555742e-17,0.0,39898.0,0.0,0.0,0
0.03309359572641675,0.016174336349049807,1204.0,7120.0,0.01885958357597488,1.2234452133040514e-17,0.0,39898.0,0.0,0.0,0
0.03290593972102341,0.016174336349049807,1205.0,7120.0,0.01867192757058156,-9.286111675932078e-20,0.0,39898.0,0.0,0.0,0
0.03272015092535604,0.016174336349049807,1206.0,7120.0,0.01848613877491417,1.634355654964046e-17,0.0,39898.0,0.0,0.0,0
0.03253621076024613,0.016174336349049807,1207.0,7120.0,0.01830219860980427,1.4161320305796418e-17,0.0,39898.0,0.0,0.0,0
0.03235410083140259,0.016174336349049807,1208.0,7120.0,0.018120088680960728,7.521750457504984e-18,0.0,39898.0,0.0,0.0,0
0.032173802927571014,0.016174336349049807,1209.0,7120.0,0.017939790777129143,1.6970369087765874e-17,0.0,39898.0,0.0,0.0,0
0.03199529901871143,0.016174336349049807,1210.0,7120.0,0.017761286868269565,1.1236195127877814e-17,0.0,39898.0,0.0,0.0,0
0.031818571254194336,0.016174336349049807,1211.0,7120.0,0.017584559103752468,9.959354772437154e-18,0.0,39898.0,0.0,0.0,0
0.03164360196101468,0.016174336349049807,1212.0,7120.0,0.017409589810572813,6.825292081810078e-18,0.0,39898.0,0.0,0.0,0
0.03147037364202376,0.016174336349049807,1213.0,7120.0,0.017236361491581906,1.070224370651172e-17,0.0,39898.0,0.0,0.0,0
0.03129886897417874,0.016174336349049807,1214.0,7120.0,0.017064856823736877,5.3395142136609456e-18,0.0,39898.0,0.0,0.0,0
0.03112907080680967,0.016174336349049807,1215.0,7120.0,0.01689505865636781,4.6894863963457e-18,0.0,39898.0,0.0,0.0,0
0.03096096215990381,0.016174336349049807,1216.0,7120.0,0.016726950009461942,1.302377162549474e-17,0.0,39898.0,0.0,0.0,0
0.030794526222407026,0.016174336349049807,1217.0,7120.0,0.016560514071965172,-1.9965140103253968e-18,0.0,39898.0,0.0,0.0,0
0.030629746350542286,0.016174336349049807,1218.0,7120.0,0.016395734200100424,1.186300766600323e-17,0.0,39898.0,0.0,0.0,0
0.030466606066144677,0.016174336349049807,1219.0,7120.0,0.016232593915702812,1.1212979848687985e-17,0.0,39898.0,0.0,0.0,0
0.030305089055013265,0.016174336349049807,1220.0,7120.0,0.01607107690457141,4.596625279586379e-18,0.0,39898.0,0.0,0.0,0
0.03014517916527931,0.016174336349049807,1221.0,7120.0,0.01591116701483744,1.4254181422555742e-17,0.0,39898.0,0.0,0.0,0
0.02998686040579061,0.016174336349049807,1222.0,7120.0,0.015752848255348756,5.014500305003323e-18,0.0,39898.0,0.0,0.0,0
0.029830116944512267,0.016174336349049807,1223.0,7120.0,0.015596104794070404,1.3232709138203213e-17,0.0,39898.0,0.0,0.0,0
0.029674933106943007,0.016174336349049807,1224.0,7120.0,0.015440920956501139,1.3255924417393042e-17,0.0,39898.0,0.0,0.0,0
0.02952129337454759,0.016174336349049807,1225.0,7120.0,0.01528728122410573,-2.32152791898302e-19,0.0,39898.0,0.0,0.0,0
0.029369182383204715,0.016174336349049807,1226.0,7120.0,0.015135170232762861,5.037715584193153e-18,0.0,39898.0,0.0,0.0,0
0.029218584921670336,0.016174336349049807,1227.0,7120.0,0.014984572771228473,9.58791030539987e-18,0.0,39898.0,0.0,0.0,0
0.02906948593005636,0.016174336349049807,1228.0,7120.0,0.014835473779614503,8.26463939157955e-18,0.0,39898.0,0.0,0.0,0
0.028921870498324547,0.016174336349049807,1229.0,7120.0,0.01468785834788269,1.18397923868134e-17,0.0,39898.0,0.0,0.0,0
0.028775723864795242,0.016174336349049807,1230.0,7120.0,0.014541711714353383,5.989542030976191e-18,0.0,39898.0,0.0,0.0,0
0.028631031414671167,0.016174336349049807,1231.0,7120.0,0.014397019264229313,2.7626182235897933e-18,0.0,39898.0,0.0,0.0,0
0.028487778678575708,0.016174336349049807,1232.0,7120.0,0.014253766528133847,-2.4608195941220007e-18,0.0,39898.0,0.0,0.0,0
0.028345951331105936,0.016174336349049807,1233.0,7120.0,0.014111939180664073,1.1050472894359173e-17,0.0,39898.0,0.0,0.0,0
0.02820553518939989,0.016174336349049807,1234.0,7120.0,0.01397152303895803,1.6482848224779439e-18,0.0,39898.0,0.0,0.0,0
0.028066516211718233,0.016174336349049807,1235.0,7120.0,0.01383250406127637,4.457333604447398e-18,0.0,39898.0,0.0,0.0,0
0.027928880496039976,0.016174336349049807,1236.0,7120.0,0.01369486834559812,1.787576497616925e-18,0.0,39898.0,0.0,0.0,0
0.027792614278672186,0.016174336349049807,1237.0,7120.0,0.013558602128230315,1.5972112082603174e-17,0.0,39898.0,0.0,0.0,0
0.027657703932873503,0.016174336349049807,1238.0,7120.0,0.013423691782431647,8.28785467076938e-18,0.0,39898.0,0.0,0.0,0
0.027524135967491477,0.016174336349049807,1239.0,7120.0,0.013290123817049616,3.644798832803341e-18,0.0,39898.0,0.0,0.0,0
0.027391897025613326,0.016174336349049807,1240.0,7120.0,0.013157884875171463,8.21820883319989e-18,0.0,39898.0,0.0,0.0,0
0.02726097388323018,0.016174336349049807,1241.0,7120.0,0.013026961732788314,9.680771422159193e-18,0.0,39898.0,0.0,0.0,0
0.027131353447914636,0.016174336349049807,1242.0,7120.0,0.012897341297472777,1.0771889544081212e-17,0.0,39898.0,0.0,0.0,0
0.0270030227575115,0.016174336349049807,1243.0,7120.0,0.012769010607069633,1.0400445077043928e-17,0.0,39898.0,0.0,0.0,0
0.02687596897884146,0.016174336349049807,1244.0,7120.0,0.012641956828399602,4.294826650118586e-18,0.0,39898.0,0.0,0.0,0
0.026750179406417784,0.016174336349049807,1245.0,7120.0,0.012516167255975921,6.5931392899117755e-18,0.0,39898.0,0.0,0.0,0
0.02662564146117568,0.016174336349049807,1246.0,7120.0,0.012391629310733818,7.1503059904677e-18,0.0,39898.0,0.0,0.0,0
0.02650234268921438,0.016174336349049807,1247.0,7120.0,0.012268330538772524,-4.016243299840624e-18,0.0,39898.0,0.0,0.0,0
0.026380270760551754,0.016174336349049807,1248.0,7120.0,0.012146258610109893,9.518264467830381e-18,0.0,39898.0,0.0,0.0,0
0.026259413467891162,0.016174336349049807,1249.0,7120.0,0.012025401317449294,1.0911181219220193e-17,0.0,39898.0,0.0,0.0,0
0.0261397587254008,0.016174336349049807,1250.0,7120.0,0.011905746574958945,6.128833706115172e-18,0.0,39898.0,0.0,0.0,0
0.02602129456750509,0.016174336349049807,1251.0,7120.0,0.011787282417063227,6.778861523430417e-18,0.0,39898.0,0.0,0.0,0
0.025904009147688003,0.016174336349049807,1252.0,7120.0,0.01166999699724614,7.521750457504984e-18,0.0,39898.0,0.0,0.0,0
0.02578789073730849,0.016174336349049807,1253.0,7120.0,0.011553878586866627,4.9216391882440015e-18,0.0,39898.0,0.0,0.0,0
0.02567292772442752,0.016174336349049807,1254.0,7120.0,0.011438915573985665,2.251882081413529e-18,0.0,39898.0,0.0,0.0,0
0.025559108612646916,0.016174336349049807,1255.0,7120.0,0.01132509646220505,9.58791030539987e-18,0.0,39898.0,0.0,0.0,0
0.025446422019959617,0.016174336349049807,1256.0,7120.0,0.011212409869517761,2.716187665210133e-18,0.0,39898.0,0.0,0.0,0
0.02533485667761158,0.016174336349049807,1257.0,7120.0,0.011100844527169718,1.0957611777599853e-17,0.0,39898.0,0.0,0.0,0
0.02522440142897476,0.016174336349049807,1258.0,7120.0,0.010990389278532898,3.737659949562662e-18,0.0,39898.0,0.0,0.0,0
0.02511504522843152,0.016174336349049807,1259.0,7120.0,0.010881033077989656,5.177007259332134e-18,0.0,39898.0,0.0,0.0,0
0.025006777140269994,0.016174336349049807,1260.0,7120.0,0.010772764989828135,2.5536807108813217e-18,0.0,39898.0,0.0,0.0,0
0.024899586337590547,0.016174336349049807,1261.0,7120.0,0.010665574187148683,5.385944772040606e-18,0.0,39898.0,0.0,0.0,0
0.024793462101223032,0.016174336349049807,1262.0,7120.0,0.010559449950781173,7.544965736694814e-18,0.0,39898.0,0.0,0.0,0
0.02468839381865488,0.016174336349049807,1263.0,7120.0,0.010454381668213015,8.937882488084625e-18,0.0,39898.0,0.0,0.0,0
0.024584370982969825,0.016174336349049807,1264.0,7120.0,0.010350358832527965,1.764361218427095e-18,0.0,39898.0,0.0,0.0,0
0.02448138319179722,0.016174336349049807,1265.0,7120.0,0.010247371041355351,1.2188021574660853e-17,0.0,39898.0,0.0,0.0,0
0.024379420146271733,0.016174336349049807,1266.0,7120.0,0.010145407995829872,1.06093825897524e-17,0.0,39898.0,0.0,0.0,0
0.02427847165000353,0.016174336349049807,1267.0,7120.0,0.010044459499561668,6.0824031477355116e-18,0.0,39898.0,0.0,0.0,0
0.02417852760805855,0.016174336349049807,1268.0,7120.0,0.00994451545761669,2.6465418276406423e-18,0.0,39898.0,0.0,0.0,0
0.024079578025949053,0.016174336349049807,1269.0,7120.0,0.009845565875507188,8.21820883319989e-18,0.0,39898.0,0.0,0.0,0
0.023981613008634106,0.016174336349049807,1270.0,7120.0,0.009747600858192242,6.732430965050757e-18,0.0,39898.0,0.0,0.0,0
0.023884622759530124,0.016174336349049807,1271.0,7120.0,0.009650610609088263,5.037715584193153e-18,0.0,39898.0,0.0,0.0,0
0.023788597579531168,0.016174336349049807,1272.0,7120.0,0.009554585429089307,7.893194924542266e-18,0.0,39898.0,0.0,0.0,0
0.023693527866039045,0.016174336349049807,1273.0,7120.0,0.009459515715597182,8.26463939157955e-18,0.0,39898.0,0.0,0.0,0
0.023599404112003005,0.016174336349049807,1274.0,7120.0,0.009365391961561139,1.0957611777599853e-17,0.0,39898.0,0.0,0.0,0
0.023506216904969048,0.016174336349049807,1275.0,7120.0,0.009272204754527188,3.784090507942322e-18,0.0,39898.0,0.0,0.0,0
0.0234139569261387,0.016174336349049807,1276.0,7120.0,0.00917994477569684,2.948340457108435e-18,0.0,39898.0,0.0,0.0,0
0.02332261494943707,0.016174336349049807,1277.0,7120.0,0.009088602798995203,7.777118528593117e-18,0.0,39898.0,0.0,0.0,0
0.023232181840590248,0.016174336349049807,1278.0,7120.0,0.00899816969014838,1.2071945178711703e-17,0.0,39898.0,0.0,0.0,0
0.023142648556211884,0.016174336349049807,1279.0,7120.0,0.008908636405770023,6.941368477759228e-18,0.0,39898.0,0.0,0.0,0
0.023054006142898854,0.016174336349049807,1280.0,7120.0,0.00881999399245699,9.239681117552418e-18,0.0,39898.0,0.0,0.0,0
0.022966245736335864,0.016174336349049807,1281.0,7120.0,0.008732233585894,6.686000406671097e-18,0.0,39898.0,0.0,0.0,0
0.02287935856040906,0.016174336349049807,1282.0,7120.0,0.008645346409967196,3.969812741460963e-18,0.0,39898.0,0.0,0.0,0
0.02279333592632837,0.016174336349049807,1283.0,7120.0,0.008559323775886503,6.105618426925342e-18,0.0,39898.0,0.0,0.0,0
0.022708169231758637,0.016174336349049807,1284.0,7120.0,0.008474157081316772,1.402202863065744e-17,0.0,39898.0,0.0,0.0,0
0.02262384995995937,0.016174336349049807,1285.0,7120.0,0.008389837809517511,4.4109030460677376e-18,0.0,39898.0,0.0,0.0,0
0.02254036967893309,0.016174336349049807,1286.0,7120.0,0.008306357528491234,1.4857778681491325e-18,0.0,39898.0,0.0,0.0,0
0.022457720040582083,0.016174336349049807,1287.0,7120.0,0.008223707890140219,1.1514778478155778e-17,0.0,39898.0,0.0,0.0,0
0.02237589277987358,0.016174336349049807,1288.0,7120.0,0.008141880629431717,9.54147974702021e-18,0.0,39898.0,0.0,0.0,0
0.022294879714013293,0.016174336349049807,1289.0,7120.0,0.008060867563571434,2.7858335027796235e-18,0.0,39898.0,0.0,0.0,0
0.022214672741627098,0.016174336349049807,1290.0,7120.0,0.007980660591185235,5.269868376091454e-18,0.0,39898.0,0.0,0.0,0
0.022135263841950872,0.016174336349049807,1291.0,7120.0,0.007901251691509011,4.596625279586379e-18,0.0,39898.0,0.0,0.0,0
0.022056645074028464,0.016174336349049807,1292.0,7120.0,0.007822632923586603,4.294826650118586e-18,0.0,39898.0,0.0,0.0,0
0.021978808575917528,0.016174336349049807,1293.0,7120.0,0.007744796425475665,8.728944975376155e-18,0.0,39898.0,0.0,0.0,0
0.021901746563903368,0.016174336349049807,1294.0,7120.0,0.007667734413461507,4.526979442016888e-18,0.0,39898.0,0.0,0.0,0
0.02182545133172055,0.016174336349049807,1295.0,7120.0,0.007591439181278685,5.037715584193153e-18,0.0,39898.0,0.0,0.0,0
0.02174991524978225,0.016174336349049807,1296.0,7120.0,0.007515903099340391,1.4393473097694722e-18,0.0,39898.0,0.0,0.0,0
0.02167513076441731,0.016174336349049807,1297.0,7120.0,0.007441118613975458,1.3232709138203211e-18,0.0,39898.0,0.0,0.0,0
0.021601090397114876,0.016174336349049807,1298.0,7120.0,0.007367078246673014,1.5089931473389628e-18,0.0,39898.0,0.0,0.0,0
0.02152778674377648,0.016174336349049807,1299.0,7120.0,0.007293774593334622,9.750417259728682e-19,0.0,39898.0,0.0,0.0,0
0.02145521247397571,0.016174336349049807,1300.0,7120.0,0.0072212003235338496,5.269868376091454e-18,0.0,39898.0,0.0,0.0,0
0.021383360330225084,0.016174336349049807,1301.0,7120.0,0.00714934817978322,7.266382386416852e-18,0.0,39898.0,0.0,0.0,0
0.021312223127250337,0.016174336349049807,1302.0,7120.0,0.007078210976808474,9.42540335107106e-18,0.0,39898.0,0.0,0.0,0
0.021241793751271883,0.016174336349049807,1303.0,7120.0,0.007007781600830023,7.336028223986342e-18,0.0,39898.0,0.0,0.0,0
0.021172065159293433,0.016174336349049807,1304.0,7120.0,0.006938053008851574,4.596625279586379e-18,0.0,39898.0,0.0,0.0,0
0.021103030378397673,0.016174336349049807,1305.0,7120.0,0.006869018227955806,9.3789727926914e-18,0.0,39898.0,0.0,0.0,0
0.021034682505048963,0.016174336349049807,1306.0,7120.0,0.006800670354607103,8.543222741857512e-18,0.0,39898.0,0.0,0.0,0
0.02096701470440302,0.016174336349049807,1307.0,7120.0,0.006733002553961162,2.7394029443999632e-18,0.0,39898.0,0.0,0.0,0
0.020900020209623383,0.016174336349049807,1308.0,7120.0,0.00666600805918152,5.8734656350270396e-18,0.0,39898.0,0.0,0.0,0
0.020833692321204734,0.016174336349049807,1309.0,7120.0,0.006599680170762874,7.19673654884736e-18,0.0,39898.0,0.0,0.0,0
0.020768024406302956,0.016174336349049807,1310.0,7120.0,0.006534012255861091,5.246653096901624e-18,0.0,39898.0,0.0,0.0,0
0.02070300989807183,0.016174336349049807,1311.0,7120.0,0.006468997747629967,6.523493452342285e-18,0.0,39898.0,0.0,0.0,0
0.02063864229500636,0.016174336349049807,1312.0,7120.0,0.00640463014456449,1.1468347919776117e-17,0.0,39898.0,0.0,0.0,0
0.02057491516029257,0.016174336349049807,1313.0,7120.0,0.006340903009850711,6.6395698482914365e-18,0.0,39898.0,0.0,0.0,0
0.020511822121163908,0.016174336349049807,1314.0,7120.0,0.006277809970722049,8.589653300237172e-19,0.0,39898.0,0.0,0.0,0
0.020449356868263872,0.016174336349049807,1315.0,7120.0,0.0062153447178220095,3.59836827442368e-18,0.0,39898.0,0.0,0.0,0
0.020387513155015108,0.016174336349049807,1316.0,7120.0,0.0061535010045732485,6.384201777203304e-18,0.0,39898.0,0.0,0.0,0
0.020326284796994765,0.016174336349049807,1317.0,7120.0,0.0060922726465529,6.291340660443984e-18,0.0,39898.0,0.0,0.0,0
0.020265665671316,0.016174336349049807,1318.0,7120.0,0.006031653520874135,6.755646244240587e-18,0.0,39898.0,0.0,0.0,0
0.020205649716015732,0.016174336349049807,1319.0,7120.0,0.005971637565573874,1.0911181219220193e-18,0.0,39898.0,0.0,0.0,0
0.020146230929448426,0.016174336349049807,1320.0,7120.0,0.005912218779006567,6.2681253812541535e-19,0.0,39898.0,0.0,0.0,0
0.020087403369685897,0.016174336349049807,1321.0,7120.0,0.0058533912192440364,1.857222335186416e-18,0.0,39898.0,0.0,0.0,0
0.020029161153923145,0.016174336349049807,1322.0,7120.0,0.005795149003481289,1.067902842732189e-18,0.0,39898.0,0.0,0.0,0
0.019971498457890067,0.016174336349049807,1323.0,7120.0,0.005737486307448208,2.8090487819694536e-18,0.0,39898.0,0.0,0.0,0
0.019914409515269,0.016174336349049807,1324.0,7120.0,0.005680397364827132,8.612868579427003e-18,0.0,39898.0,0.0,0.0,0
0.019857888617118093,0.016174336349049807,1325.0,7120.0,0.005623876466676233,1.1375486803016796e-18,0.0,39898.0,0.0,0.0,0
0.01980193011130045,0.016174336349049807,1326.0,7120.0,0.005567917960858593,2.553680710881322e-19,0.0,39898.0,0.0,0.0,0
0.019746528401918848,0.016174336349049807,1327.0,7120.0,0.0055125162514769906,6.941368477759228e-18,0.0,39898.0,0.0,0.0,0
0.01969167794875618,0.016174336349049807,1328.0,7120.0,0.00545766579831432,5.525236447179587e-18,0.0,39898.0,0.0,0.0,0
0.019637373266721415,0.016174336349049807,1329.0,7120.0,0.005403361116279558,2.2983126397931894e-18,0.0,39898.0,0.0,0.0,0
0.019583608925301105,0.016174336349049807,1330.0,7120.0,0.005349596774859246,2.7626182235897933e-18,0.0,39898.0,0.0,0.0,0
0.019530379548016293,0.016174336349049807,1331.0,7120.0,0.005296367397574435,3.876951624701643e-18,0.0,39898.0,0.0,0.0,0
0.019477679811884904,0.016174336349049807,1332.0,7120.0,0.005243667661443042,4.7591322339151905e-18,0.0,39898.0,0.0,0.0,0
0.019425504446889397,0.016174336349049807,1333.0,7120.0,0.0051914922964475365,2.600111269260982e-18,0.0,39898.0,0.0,0.0,0
0.019373848235449798,0.016174336349049807,1334.0,7120.0,0.005139836085007936,1.532208426528793e-18,0.0,39898.0,0.0,0.0,0
0.019322706011901912,0.016174336349049807,1335.0,7120.0,0.005088693861460055,5.803819797457549e-19,0.0,39898.0,0.0,0.0,0
0.019272072661980773,0.016174336349049807,1336.0,7120.0,0.005038060511538911,3.946597462271133e-18,0.0,39898.0,0.0,0.0,0
0.019221943122309182,0.016174336349049807,1337.0,7120.0,0.0049879309718673225,8.357500508338871e-19,0.0,39898.0,0.0,0.0,0
0.019172312379891407,0.016174336349049807,1338.0,7120.0,0.004938300229449545,7.19673654884736e-18,0.0,39898.0,0.0,0.0,0
0.019123175471611843,0.016174336349049807,1339.0,7120.0,0.0048891633211699806,3.3894307617152087e-18,0.0,39898.0,0.0,0.0,0
0.019074527483738713,0.016174336349049807,1340.0,7120.0,0.004840515333296855,1.5786389849084534e-18,0.0,39898.0,0.0,0.0,0
0.019026363551432692,0.016174336349049807,1341.0,7120.0,0.004792351400990831,2.228666802223699e-18,0.0,39898.0,0.0,0.0,0
0.018978678858260413,0.016174336349049807,1342.0,7120.0,0.004744666707818552,6.360986498013474e-18,0.0,39898.0,0.0,0.0,0
0.018931468635712812,0.016174336349049807,1343.0,7120.0,0.004697456485270957,-2.0197292895152273e-18,0.0,39898.0,0.0,0.0,0
0.018884728162728306,0.016174336349049807,1344.0,7120.0,0.004650716012286449,-2.692972386020303e-18,0.0,39898.0,0.0,0.0,0
0.018838452765220642,0.016174336349049807,1345.0,7120.0,0.004604440614778783,4.271611370928756e-18,0.0,39898.0,0.0,0.0,0
0.018792637815611503,0.016174336349049807,1346.0,7120.0,0.00455862566516964,9.54147974702021e-18,0.0,39898.0,0.0,0.0,0
0.01874727873236775,0.016174336349049807,1347.0,7120.0,0.0045132665819258835,8.589653300237172e-18,0.0,39898.0,0.0,0.0,0
0.018702370979543248,0.016174336349049807,1348.0,7120.0,0.0044683588291013895,-8.821806092135475e-19,0.0,39898.0,0.0,0.0,0
0.018657910066325317,0.016174336349049807,1349.0,7120.0,0.004423897915883451,1.2466604924938816e-17,0.0,39898.0,0.0,0.0,0
0.018613891546585555,0.016174336349049807,1350.0,7120.0,0.004379879396143693,5.177007259332134e-18,0.0,39898.0,0.0,0.0,0
0.018570311018435325,0.016174336349049807,1351.0,7120.0,0.004336298867993466,9.750417259728682e-19,0.0,39898.0,0.0,0.0,0
0.018527164123785494,0.016174336349049807,1352.0,7120.0,0.004293151973343631,7.127090711277871e-18,0.0,39898.0,0.0,0.0,0
0.018484446547910628,0.016174336349049807,1353.0,7120.0,0.004250434397468769,5.409160051230436e-18,0.0,39898.0,0.0,0.0,0
0.018442154019017557,0.016174336349049807,1354.0,7120.0,0.004208141868575695,3.946597462271133e-18,0.0,39898.0,0.0,0.0,0
0.018400282307818136,0.016174336349049807,1355.0,7120.0,0.0041662701573762775,3.876951624701643e-18,0.0,39898.0,0.0,0.0,0
0.018358827227106363,0.016174336349049807,1356.0,7120.0,0.004124815076664498,2.7858335027796235e-18,0.0,39898.0,0.0,0.0,0
0.01831778463133961,0.016174336349049807,1357.0,7120.0,0.004083772480897748,4.4109030460677376e-18,0.0,39898.0,0.0,0.0,0
0.0182771504162241,0.016174336349049807,1358.0,7120.0,0.00404313826578224,6.268125381254153e-18,0.0,39898.0,0.0,0.0,0
0.018236920518304462,0.016174336349049807,1359.0,7120.0,0.004002908367862603,1.0446875635423589e-18,0.0,39898.0,0.0,0.0,0
0.018197090914557377,0.016174336349049807,1360.0,7120.0,0.003963078764115523,-6.964583756949059e-19,0.0,39898.0,0.0,0.0,0
0.01815765762198929,0.016174336349049807,1361.0,7120.0,0.003923645471547428,3.087632132247416e-18,0.0,39898.0,0.0,0.0,0
0.01811861669723807,0.016174336349049807,1362.0,7120.0,0.003884604546796206,7.893194924542266e-18,0.0,39898.0,0.0,0.0,0
0.01807996423617871,0.016174336349049807,1363.0,7120.0,0.0038459520857368457,5.571667005559247e-18,0.0,39898.0,0.0,0.0,0
0.01804169637353289,0.016174336349049807,1364.0,7120.0,0.0038076842230910287,6.500278173152455e-18,0.0,39898.0,0.0,0.0,0
0.01800380928248246,0.016174336349049807,1365.0,7120.0,0.0037697971320406008,2.5072501525016614e-18,0.0,39898.0,0.0,0.0,0
0.01796629917428675,0.016174336349049807,1366.0,7120.0,0.003732287023844887,6.96458375694906e-18,0.0,39898.0,0.0,0.0,0
0.017929162297903666,0.016174336349049807,1367.0,7120.0,0.0036951501474618074,3.946597462271133e-18,0.0,39898.0,0.0,0.0,0
0.01789239493961464,0.016174336349049807,1368.0,7120.0,0.0036583827891727714,1.1746931270054079e-17,0.0,39898.0,0.0,0.0,0
0.017855993422653184,0.016174336349049807,1369.0,7120.0,0.003621981272211321,4.828778071484681e-18,0.0,39898.0,0.0,0.0,0
0.017819954106837278,0.016174336349049807,1370.0,7120.0,0.003585941956395419,1.8107917768067552e-18,0.0,39898.0,0.0,0.0,0
0.01778427338820531,0.016174336349049807,1371.0,7120.0,0.003550261237763449,3.50550715766436e-18,0.0,39898.0,0.0,0.0,0
0.017748947698655673,0.016174336349049807,1372.0,7120.0,0.0035149355482138166,-1.6250695432881137e-18,0.0,39898.0,0.0,0.0,0
0.017713973505589994,0.016174336349049807,1373.0,7120.0,0.003479961355148129,1.1375486803016797e-17,0.0,39898.0,0.0,0.0,0
0.017679347311559797,0.016174336349049807,1374.0,7120.0,0.003445335161117938,8.28785467076938e-18,0.0,39898.0,0.0,0.0,0
0.01764506565391684,0.016174336349049807,1375.0,7120.0,0.003411053503474975,1.2304097970610004e-18,0.0,39898.0,0.0,0.0,0
0.01761112510446678,0.016174336349049807,1376.0,7120.0,0.0033771129540249153,8.078917158060909e-18,0.0,39898.0,0.0,0.0,0
0.017577522269126393,0.016174336349049807,1377.0,7120.0,0.0033435101186845293,5.014500305003323e-18,0.0,39898.0,0.0,0.0,0
0.017544253787584143,0.016174336349049807,1378.0,7120.0,0.003310241637142281,6.894937919379568e-18,0.0,39898.0,0.0,0.0,0
0.01751131633296415,0.016174336349049807,1379.0,7120.0,0.003277304182522288,5.571667005559247e-19,0.0,39898.0,0.0,0.0,0
0.017478706611493505,0.016174336349049807,1380.0,7120.0,0.0032446944610516446,7.661042132643965e-19,0.0,39898.0,0.0,0.0,0
0.017446421362172893,0.016174336349049807,1381.0,7120.0,0.003212409211731027,2.9947710154880955e-18,0.0,39898.0,0.0,0.0,0
0.01741445735645046,0.016174336349049807,1382.0,7120.0,0.0031804452060085996,4.968069746623662e-18,0.0,39898.0,0.0,0.0,0
0.017382811397899014,0.016174336349049807,1383.0,7120.0,0.003148799247457151,3.2965696449558877e-18,0.0,39898.0,0.0,0.0,0
0.017351480321896318,0.016174336349049807,1384.0,7120.0,0.0031174681714544587,2.5072501525016614e-18,0.0,39898.0,0.0,0.0,0
0.017320460995308665,0.016174336349049807,1385.0,7120.0,0.003086448844866809,-3.1108474114372462e-18,0.0,39898.0,0.0,0.0,0
0.017289750316177556,0.016174336349049807,1386.0,7120.0,0.0030557381657356974,2.4376043149321706e-18,0.0,39898.0,0.0,0.0,0
0.017259345213409473,0.016174336349049807,1387.0,7120.0,0.0030253330629676123,1.9268681727559063e-18,0.0,39898.0,0.0,0.0,0
0.017229242646468808,0.016174336349049807,1388.0,7120.0,0.002995230496026947,2.2983126397931894e-18,0.0,39898.0,0.0,0.0,0
0.017199439605073773,0.016174336349049807,1389.0,7120.0,0.002965427454631917,-2.716187665210133e-18,0.0,39898.0,0.0,0.0,0
0.017169933108895405,0.016174336349049807,1390.0,7120.0,0.002935920958453547,-2.8786946195389444e-18,0.0,39898.0,0.0,0.0,0
0.017140720207259492,0.016174336349049807,1391.0,7120.0,0.0029067080568176344,2.0893751270847177e-18,0.0,39898.0,0.0,0.0,0
0.017111797978851526,0.016174336349049807,1392.0,7120.0,0.002877785828409666,3.435861320094869e-18,0.0,39898.0,0.0,0.0,0
0.017083163531424563,0.016174336349049807,1393.0,7120.0,0.002849151380982702,6.198479543684662e-18,0.0,39898.0,0.0,0.0,0
0.017054814001509995,0.016174336349049807,1394.0,7120.0,0.002820801851068136,4.7591322339151905e-18,0.0,39898.0,0.0,0.0,0
0.017026746554131215,0.016174336349049807,1395.0,7120.0,0.0027927344036893526,5.803819797457549e-18,0.0,39898.0,0.0,0.0,0
0.016998958382520087,0.016174336349049807,1396.0,7120.0,0.002764946232078226,3.691229391183001e-18,0.0,39898.0,0.0,0.0,0
0.016971446707836298,0.016174336349049807,1397.0,7120.0,0.002737434557394437,7.939625482921927e-18,0.0,39898.0,0.0,0.0,0
0.016944208778889448,0.016174336349049807,1398.0,7120.0,0.00271019662844759,5.385944772040606e-18,0.0,39898.0,0.0,0.0,0
0.016917241871863956,0.016174336349049807,1399.0,7120.0,0.0026832297214220914,3.644798832803341e-18,0.0,39898.0,0.0,0.0,0
0.016890543290046633,0.016174336349049807,1400.0,7120.0,0.0026565311396047698,8.682514416996493e-18,0.0,39898.0,0.0,0.0,0
0.01686411036355705,0.016174336349049807,1401.0,7120.0,0.0026300982131151913,4.71270167553553e-18,0.0,39898.0,0.0,0.0,0
0.01683794044908054,0.016174336349049807,1402.0,7120.0,0.0026039282986386803,1.9268681727559063e-18,0.0,39898.0,0.0,0.0,0
0.01681203092960384,0.016174336349049807,1403.0,7120.0,0.002578018779161977,9.634340863779531e-18,0.0,39898.0,0.0,0.0,0
0.01678637921415341,0.016174336349049807,1404.0,7120.0,0.002552367063711549,8.148562995630399e-18,0.0,39898.0,0.0,0.0,0
0.01676098273753633,0.016174336349049807,1405.0,7120.0,0.002526970587094471,-1.16076395949151e-19,0.0,39898.0,0.0,0.0,0
0.01673583896008378,0.016174336349049807,1406.0,7120.0,0.002501826809641919,3.3894307617152087e-18,0.0,39898.0,0.0,0.0,0
0.01671094536739705,0.016174336349049807,1407.0,7120.0,0.002476933216955193,-1.0911181219220193e-18,0.0,39898.0,0.0,0.0,0
0.016686299470096148,0.016174336349049807,1408.0,7120.0,0.002452287319654282,7.289597665606681e-18,0.0,39898.0,0.0,0.0,0
0.016661898803570774,0.016174336349049807,1409.0,7120.0,0.002427886653128914,1.741145939237265e-18,0.0,39898.0,0.0,0.0,0
0.016637740927733968,0.016174336349049807,1410.0,7120.0,0.002403728777292105,8.659299137806663e-18,0.0,39898.0,0.0,0.0,0
0.016613823426777998,0.016174336349049807,1411.0,7120.0,0.0023798112763361405,-1.2071945178711702e-18,0.0,39898.0,0.0,0.0,0
0.01659014390893285,0.016174336349049807,1412.0,7120.0,0.002356131758490992,8.357500508338871e-19,0.0,39898.0,0.0,0.0,0
0.016566700006227,0.016174336349049807,1413.0,7120.0,0.00233268785578514,3.853736345511813e-18,0.0,39898.0,0.0,0.0,0
0.01654348937425064,0.016174336349049807,1414.0,7120.0,0.002309477223808782,-1.6715001016677742e-18,0.0,39898.0,0.0,0.0,0
0.016520509691921238,0.016174336349049807,1415.0,7120.0,0.002286497541479375,4.318041929308416e-18,0.0,39898.0,0.0,0.0,0
0.016497758661251402,0.016174336349049807,1416.0,7120.0,0.0022637465108095362,9.889708934867663e-18,0.0,39898.0,0.0,0.0,0
0.01647523400711911,0.016174336349049807,1417.0,7120.0,0.002241221856677242,9.680771422159193e-18,0.0,39898.0,0.0,0.0,0
0.016452933477040164,0.016174336349049807,1418.0,7120.0,0.0022189213265983057,1.16076395949151e-19,0.0,39898.0,0.0,0.0,0
0.016430854840942994,0.016174336349049807,1419.0,7120.0,0.002196842690501136,3.900166903891473e-18,0.0,39898.0,0.0,0.0,0
0.016408995890945587,0.016174336349049807,1420.0,7120.0,0.002174983740503723,8.148562995630399e-18,0.0,39898.0,0.0,0.0,0
0.016387354441134722,0.016174336349049807,1421.0,7120.0,0.0021533422906928564,7.637826853454134e-18,0.0,39898.0,0.0,0.0,0
0.016365928327347377,0.016174336349049807,1422.0,7120.0,0.0021319161769055156,4.596625279586379e-18,0.0,39898.0,0.0,0.0,0
0.016344715406954327,0.016174336349049807,1423.0,7120.0,0.0021107032565124677,1.4625625889593024e-18,0.0,39898.0,0.0,0.0,0
0.01632371355864586,0.016174336349049807,1424.0,7120.0,0.002089701408203996,4.109104416599945e-18,0.0,39898.0,0.0,0.0,0
0.016302920682219633,0.016174336349049807,1425.0,7120.0,0.0020689085317777698,5.4788058887999264e-18,0.0,39898.0,0.0,0.0,0
0.01628233469837068,0.016174336349049807,1426.0,7120.0,0.002048322547928816,1.0539736752182909e-17,0.0,39898.0,0.0,0.0,0
0.016261953548483456,0.016174336349049807,1427.0,7120.0,0.002027941398041596,-6.035972589355851e-19,0.0,39898.0,0.0,0.0,0
0.016241775194425996,0.016174336349049807,1428.0,7120.0,0.002007763043984138,3.8073057871321524e-18,0.0,39898.0,0.0,0.0,0
0.016221797618346082,0.016174336349049807,1429.0,7120.0,0.0019877854679042194,8.636083858616833e-18,0.0,39898.0,0.0,0.0,0
0.016202018822469442,0.016174336349049807,1430.0,7120.0,0.001968006672027585,2.832264061159284e-18,0.0,39898.0,0.0,0.0,0
0.01618243682890002,0.016174336349049807,1431.0,7120.0,0.0019484246784581642,-3.644798832803341e-18,0.0,39898.0,0.0,0.0,0
0.016163049679422146,0.016174336349049807,1432.0,7120.0,0.0019290375289802806,1.0145077005955796e-17,0.0,39898.0,0.0,0.0,0
0.016143855435304697,0.016174336349049807,1433.0,7120.0,0.001909843284862834,9.750417259728682e-18,0.0,39898.0,0.0,0.0,0
0.016124852177107272,0.016174336349049807,1434.0,7120.0,0.0018908400266654142,8.821806092135475e-19,0.0,39898.0,0.0,0.0,0
0.01610603800448823,0.016174336349049807,1435.0,7120.0,0.001872025854046366,5.571667005559247e-18,0.0,39898.0,0.0,0.0,0
0.01608741103601461,0.016174336349049807,1436.0,7120.0,0.001853398885572747,2.971555736298265e-18,0.0,39898.0,0.0,0.0,0
0.01606896940897406,0.016174336349049807,1437.0,7120.0,0.0018349572585321923,6.871722640189738e-18,0.0,39898.0,0.0,0.0,0
0.016050711279188487,0.016174336349049807,1438.0,7120.0,0.001816699128746626,1.3929167513898117e-18,0.0,39898.0,0.0,0.0,0
0.016032634820829717,0.016174336349049807,1439.0,7120.0,0.001798622670387857,2.7858335027796237e-19,0.0,39898.0,0.0,0.0,0
0.01601473822623684,0.016174336349049807,1440.0,7120.0,0.0017807260757949797,-3.9465974622711336e-19,0.0,39898.0,0.0,0.0,0
0.015997019705735492,0.016174336349049807,1441.0,7120.0,0.0017630075552936301,3.1108474114372462e-18,0.0,39898.0,0.0,0.0,0
0.015979477487458843,0.016174336349049807,1442.0,7120.0,0.001745465337016986,-1.1607639594915098e-18,0.0,39898.0,0.0,0.0,0
0.015962109817170462,0.016174336349049807,1443.0,7120.0,0.001728097666728602,4.085889137410115e-18,0.0,39898.0,0.0,0.0,0
0.015944914958088842,0.016174336349049807,1444.0,7120.0,0.0017109028076469788,7.707472691023625e-18,0.0,39898.0,0.0,0.0,0
0.01592789119071374,0.016174336349049807,1445.0,7120.0,0.0016938790402718762,4.062673858220285e-18,0.0,39898.0,0.0,0.0,0
0.015911036812654236,0.016174336349049807,1446.0,7120.0,0.0016770246622123729,5.618097563938907e-18,0.0,39898.0,0.0,0.0,0
0.015894350138458475,0.016174336349049807,1447.0,7120.0,0.001660337988016613,4.294826650118586e-18,0.0,39898.0,0.0,0.0,0
0.015877829499445138,0.016174336349049807,1448.0,7120.0,0.0016438173490032756,3.644798832803341e-18,0.0,39898.0,0.0,0.0,0
0.015861473243536553,0.016174336349049807,1449.0,7120.0,0.0016274610930946923,5.060930863382983e-18,0.0,39898.0,0.0,0.0,0
0.0158452797350935,0.016174336349049807,1450.0,7120.0,0.0016112675846516376,2.4143890357423405e-18,0.0,39898.0,0.0,0.0,0
0.01582924735475164,0.016174336349049807,1451.0,7120.0,0.0015952352043097785,5.060930863382983e-18,0.0,39898.0,0.0,0.0,0
0.015813374499259576,0.016174336349049807,1452.0,7120.0,0.0015793623488177156,-1.4393473097694722e-18,0.0,39898.0,0.0,0.0,0
0.01579765958131854,0.016174336349049807,1453.0,7120.0,0.0015636474308766764,6.96458375694906e-18,0.0,39898.0,0.0,0.0,0
0.01578210102942363,0.016174336349049807,1454.0,7120.0,0.0015480888789817678,1.2304097970610004e-18,0.0,39898.0,0.0,0.0,0
0.01576669728770669,0.016174336349049807,1455.0,7120.0,0.0015326851372648351,1.16076395949151e-19,0.0,39898.0,0.0,0.0,0
0.01575144681578073,0.016174336349049807,1456.0,7120.0,0.0015174346653388702,2.228666802223699e-18,0.0,39898.0,0.0,0.0,0
0.015736348088585837,0.016174336349049807,1457.0,7120.0,0.0015023359381439738,5.757389239077889e-18,0.0,39898.0,0.0,0.0,0
0.015721399596236703,0.016174336349049807,1458.0,7120.0,0.0014873874457948404,3.3197849241457183e-18,0.0,39898.0,0.0,0.0,0
0.015706599843871644,0.016174336349049807,1459.0,7120.0,0.0014725876934297824,1.9268681727559063e-18,0.0,39898.0,0.0,0.0,0
0.015691947351503085,0.016174336349049807,1460.0,7120.0,0.0014579352010612259,8.589653300237172e-19,0.0,39898.0,0.0,0.0,0
0.015677440653869588,0.016174336349049807,1461.0,7120.0,0.0014434285034277258,2.5072501525016614e-18,0.0,39898.0,0.0,0.0,0
0.01566307830028929,0.016174336349049807,1462.0,7120.0,0.001429066149847432,4.0394585790304546e-18,0.0,39898.0,0.0,0.0,0
0.015648858854514874,0.016174336349049807,1463.0,7120.0,0.001414846704073014,3.064416853057586e-18,0.0,39898.0,0.0,0.0,0
0.01563478089458991,0.016174336349049807,1464.0,7120.0,0.0014007687441480452,8.496792183477852e-18,0.0,39898.0,0.0,0.0,0
0.015620843012706664,0.016174336349049807,1465.0,7120.0,0.0013868308622648046,6.2449101020643226e-18,0.0,39898.0,0.0,0.0,0
0.015607043815065343,0.016174336349049807,1466.0,7120.0,0.0013730316646234858,-3.2733543657660576e-18,0.0,39898.0,0.0,0.0,0
0.01559338192173469,0.016174336349049807,1467.0,7120.0,0.0013593697712928241,8.357500508338871e-18,0.0,39898.0,0.0,0.0,0
0.015579855966513964,0.016174336349049807,1468.0,7120.0,0.001345843816072104,2.32152791898302e-19,0.0,39898.0,0.0,0.0,0
0.01556646459679639,0.016174336349049807,1469.0,7120.0,0.0013324524463545339,-2.112590406274548e-18,0.0,39898.0,0.0,0.0,0
0.015553206473433836,0.016174336349049807,1470.0,7120.0,0.0013191943229919798,-2.7626182235897933e-18,0.0,39898.0,0.0,0.0,0
0.015540080270602915,0.016174336349049807,1471.0,7120.0,0.0013060681201610548,5.94311147259653e-18,0.0,39898.0,0.0,0.0,0
0.015527084675672403,0.016174336349049807,1472.0,7120.0,0.0012930725252305404,7.452104619935493e-18,0.0,39898.0,0.0,0.0,0
0.015514218389071974,0.016174336349049807,1473.0,7120.0,0.0012802062386301151,3.0179862946779256e-19,0.0,39898.0,0.0,0.0,0
0.015501480124162255,0.016174336349049807,1474.0,7120.0,0.0012674679737203912,6.4306323355829645e-18,0.0,39898.0,0.0,0.0,0
0.015488868607106132,0.016174336349049807,1475.0,7120.0,0.0012548564566642684,4.1787502541694354e-18,0.0,39898.0,0.0,0.0,0
0.015476382576741386,0.016174336349049807,1476.0,7120.0,0.001242370426299531,-3.8305210663219825e-18,0.0,39898.0,0.0,0.0,0
0.015464020784454595,0.016174336349049807,1477.0,7120.0,0.001230008634012732,6.523493452342285e-18,0.0,39898.0,0.0,0.0,0
0.015451781994056203,0.016174336349049807,1478.0,7120.0,0.0012177698436143481,2.8090487819694536e-18,0.0,39898.0,0.0,0.0,0
0.015439664981657001,0.016174336349049807,1479.0,7120.0,0.0012056528312151342,7.243167107227021e-18,0.0,39898.0,0.0,0.0,0
0.015427668535545624,0.016174336349049807,1480.0,7120.0,0.0011936563851037592,6.6395698482914365e-18,0.0,39898.0,0.0,0.0,0
0.01541579145606747,0.016174336349049807,1481.0,7120.0,0.0011817793056256092,3.691229391183001e-18,0.0,39898.0,0.0,0.0,0
0.015404032555504705,0.016174336349049807,1482.0,7120.0,0.0011700204050628423,2.5072501525016614e-18,0.0,39898.0,0.0,0.0,0
0.015392390657957465,0.016174336349049807,1483.0,7120.0,0.0011583785075156016,8.032486599681247e-18,0.0,39898.0,0.0,0.0,0
0.015380864599226293,0.016174336349049807,1484.0,7120.0,0.0011468524487844305,4.805562792294851e-18,0.0,39898.0,0.0,0.0,0
0.015369453226695712,0.016174336349049807,1485.0,7120.0,0.0011354410762538516,6.314555939633814e-18,0.0,39898.0,0.0,0.0,0
0.01535815539921896,0.016174336349049807,1486.0,7120.0,0.0011241432487771022,-3.157277969816907e-18,0.0,39898.0,0.0,0.0,0
0.01534696998700388,0.016174336349049807,1487.0,7120.0,0.00111295783656202,1.2304097970610004e-18,0.0,39898.0,0.0,0.0,0
0.015335895871499921,0.016174336349049807,1488.0,7120.0,0.001101883721058062,6.128833706115172e-18,0.0,39898.0,0.0,0.0,0
0.015324931945286306,0.016174336349049807,1489.0,7120.0,0.0010909197948444466,2.7858335027796237e-19,0.0,39898.0,0.0,0.0,0
0.015314077111961286,0.016174336349049807,1490.0,7120.0,0.0010800649615194228,2.832264061159284e-18,0.0,39898.0,0.0,0.0,0
0.01530333028603247,0.016174336349049807,1491.0,7120.0,0.0010693181355906055,8.078917158060909e-18,0.0,39898.0,0.0,0.0,0
0.015292690392808313,0.016174336349049807,1492.0,7120.0,0.0010586782423664491,5.409160051230436e-18,0.0,39898.0,0.0,0.0,0
0.015282156368290622,0.016174336349049807,1493.0,7120.0,0.0010481442178487638,7.661042132643965e-19,0.0,39898.0,0.0,0.0,0
0.015271727159068186,0.016174336349049807,1494.0,7120.0,0.0010377150086263208,9.611125584589702e-18,0.0,39898.0,0.0,0.0,0
0.01526140172221137,0.016174336349049807,1495.0,7120.0,0.0010273895717695077,4.1787502541694354e-18,0.0,39898.0,0.0,0.0,0
0.015251179025167889,0.016174336349049807,1496.0,7120.0,0.001017166874726028,4.666271117155869e-18,0.0,39898.0,0.0,0.0,0
0.015241058045659528,0.016174336349049807,1497.0,7120.0,0.001007045895217665,6.686000406671097e-18,0.0,39898.0,0.0,0.0,0
0.015231037771579893,0.016174336349049807,1498.0,7120.0,0.0009970256211380322,3.668014111993171e-18,0.0,39898.0,0.0,0.0,0
0.015221117200893228,0.016174336349049807,1499.0,7120.0,0.00098710505045137,-1.0911181219220193e-18,0.0,39898.0,0.0,0.0,0
0.015211295341534203,0.016174336349049807,1500.0,7120.0,0.0009772831910923434,1.0911181219220193e-18,0.0,39898.0,0.0,0.0,0
0.015201571211308697,0.016174336349049807,1501.0,7120.0,0.0009675590608668322,6.453847614772795e-18,0.0,39898.0,0.0,0.0,0
0.015191943837795567,0.016174336349049807,1502.0,7120.0,0.0009579316873537075,3.2965696449558877e-18,0.0,39898.0,0.0,0.0,0
0.01518241225824946,0.016174336349049807,1503.0,7120.0,0.0009484001078075991,4.0394585790304546e-18,0.0,39898.0,0.0,0.0,0
0.015172975519504465,0.016174336349049807,1504.0,7120.0,0.0009389633690626063,5.594882284749077e-18,0.0,39898.0,0.0,0.0,0
0.01516363267787885,0.016174336349049807,1505.0,7120.0,0.0009296205274369905,2.7858335027796237e-19,0.0,39898.0,0.0,0.0,0
0.015154382799080669,0.016174336349049807,1506.0,7120.0,0.0009203706486388074,1.300055634630491e-18,0.0,39898.0,0.0,0.0,0
0.01514522495811433,0.016174336349049807,1507.0,7120.0,0.0009112128076724655,8.450361625098191e-18,0.0,39898.0,0.0,0.0,0
0.015136158239188093,0.016174336349049807,1508.0,7120.0,0.0009021460887462366,1.6947153808576043e-18,0.0,39898.0,0.0,0.0,0
0.015127181735622537,0.016174336349049807,1509.0,7120.0,0.0008931695851806735,5.6877434015083984e-18,0.0,39898.0,0.0,0.0,0
0.0151182945497598,0.016174336349049807,1510.0,7120.0,0.0008842823993179391,2.36795847736268e-18,0.0,39898.0,0.0,0.0,0
0.015109495792873903,0.016174336349049807,1511.0,7120.0,0.0008754836424320411,7.243167107227021e-18,0.0,39898.0,0.0,0.0,0
0.01510078458508182,0.016174336349049807,1512.0,7120.0,0.0008667724346399587,6.337771218823644e-18,0.0,39898.0,0.0,0.0,0
0.015092160055255517,0.016174336349049807,1513.0,7120.0,0.000858147904813654,7.707472691023625e-18,0.0,39898.0,0.0,0.0,0
0.015083621340934819,0.016174336349049807,1514.0,7120.0,0.0008496091904929554,1.1607639594915098e-17,0.0,39898.0,0.0,0.0,0
0.015075167588241178,0.016174336349049807,1515.0,7120.0,0.0008411554377993162,6.337771218823644e-18,0.0,39898.0,0.0,0.0,0
0.015066797951792282,0.016174336349049807,1516.0,7120.0,0.0008327858013504206,6.8020768026202475e-18,0.0,39898.0,0.0,0.0,0
0.015058511594617517,0.016174336349049807,1517.0,7120.0,0.0008244994441756521,6.384201777203304e-18,0.0,39898.0,0.0,0.0,0
0.015050307688074253,0.016174336349049807,1518.0,7120.0,0.0008162955376323851,8.984313046464285e-18,0.0,39898.0,0.0,0.0,0
0.015042185411764995,0.016174336349049807,1519.0,7120.0,0.0008081732613231308,5.827035076647379e-18,0.0,39898.0,0.0,0.0,0
0.015034143953455351,0.016174336349049807,1520.0,7120.0,0.0008001318030134879,8.589653300237172e-18,0.0,39898.0,0.0,0.0,0
0.015026182508992786,0.016174336349049807,1521.0,7120.0,0.000792170358550927,4.3412572084982464e-18,0.0,39898.0,0.0,0.0,0
0.015018300282226227,0.016174336349049807,1522.0,7120.0,0.0007842881317843628,6.732430965050757e-18,0.0,39898.0,0.0,0.0,0
0.015010496484926418,0.016174336349049807,1523.0,7120.0,0.0007764843344845547,7.243167107227021e-18,0.0,39898.0,0.0,0.0,0
0.01500277033670713,0.016174336349049807,1524.0,7120.0,0.0007687581862652684,4.828778071484681e-18,0.0,39898.0,0.0,0.0,0
0.014995121064947096,0.016174336349049807,1525.0,7120.0,0.0007611089145052397,-3.087632132247416e-18,0.0,39898.0,0.0,0.0,0
0.014987547904712788,0.016174336349049807,1526.0,7120.0,0.0007535357542709223,7.359243503176172e-18,0.0,39898.0,0.0,0.0,0
0.014980050098681842,0.016174336349049807,1527.0,7120.0,0.0007460379482399809,9.239681117552418e-18,0.0,39898.0,0.0,0.0,0
0.014972626897067421,0.016174336349049807,1528.0,7120.0,0.0007386147466255627,-1.9732987311355666e-18,0.0,39898.0,0.0,0.0,0
0.014965277557543184,0.016174336349049807,1529.0,7120.0,0.0007312654071013236,2.9019098987287746e-18,0.0,39898.0,0.0,0.0,0
0.014958001345169043,0.016174336349049807,1530.0,7120.0,0.0007239891947271812,5.107361421762643e-18,0.0,39898.0,0.0,0.0,0
0.014950797532317704,0.016174336349049807,1531.0,7120.0,0.0007167853818758414,6.105618426925342e-18,0.0,39898.0,0.0,0.0,0
0.014943665398601877,0.016174336349049807,1532.0,7120.0,0.0007096532481600103,8.798590812945644e-18,0.0,39898.0,0.0,0.0,0
0.01493660423080224,0.016174336349049807,1533.0,7120.0,0.0007025920803603753,8.636083858616833e-18,0.0,39898.0,0.0,0.0,0
0.01492961332279613,0.016174336349049807,1534.0,7120.0,0.0006956011723542722,-3.714444670372832e-18,0.0,39898.0,0.0,0.0,0
0.014922691975486931,0.016174336349049807,1535.0,7120.0,0.0006886798250450739,2.7858335027796235e-18,0.0,39898.0,0.0,0.0,0
0.014915839496734144,0.016174336349049807,1536.0,7120.0,0.0006818273462922816,6.291340660443984e-18,0.0,39898.0,0.0,0.0,0
0.01490905520128417,0.016174336349049807,1537.0,7120.0,0.00067504305084231,6.755646244240587e-18,0.0,39898.0,0.0,0.0,0
0.01490233841070182,0.016174336349049807,1538.0,7120.0,0.0006683262602599589,-4.1787502541694355e-19,0.0,39898.0,0.0,0.0,0
0.014895688453302441,0.016174336349049807,1539.0,7120.0,0.0006616763028605757,5.037715584193153e-18,0.0,39898.0,0.0,0.0,0
0.014889104664084737,0.016174336349049807,1540.0,7120.0,0.0006550925136428786,2.228666802223699e-18,0.0,39898.0,0.0,0.0,0
0.014882586384664321,0.016174336349049807,1541.0,7120.0,0.0006485742342224556,4.782347513105021e-18,0.0,39898.0,0.0,0.0,0
0.014876132963207797,0.016174336349049807,1542.0,7120.0,0.0006421208127659372,1.067902842732189e-18,0.0,39898.0,0.0,0.0,0
0.014869743754367658,0.016174336349049807,1543.0,7120.0,0.0006357316039257963,6.662785127481267e-18,0.0,39898.0,0.0,0.0,0
0.014863418119217688,0.016174336349049807,1544.0,7120.0,0.0006294059687758274,3.9930280206507935e-18,0.0,39898.0,0.0,0.0,0
0.014857155425189105,0.016174336349049807,1545.0,7120.0,0.00062314327474724,3.0412015738677558e-18,0.0,39898.0,0.0,0.0,0
0.01485095504600728,0.016174336349049807,1546.0,7120.0,0.0006169428955654185,5.3162989344711154e-18,0.0,39898.0,0.0,0.0,0
0.014844816361629137,0.016174336349049807,1547.0,7120.0,0.0006108042111872718,8.148562995630399e-18,0.0,39898.0,0.0,0.0,0
0.014838738758181114,0.016174336349049807,1548.0,7120.0,0.0006047266077392505,7.869979645352437e-18,0.0,39898.0,0.0,0.0,0
0.014832721627897802,0.016174336349049807,1549.0,7120.0,0.0005987094774559432,-2.112590406274548e-18,0.0,39898.0,0.0,0.0,0
0.014826764369061168,0.016174336349049807,1550.0,7120.0,0.0005927522186193083,1.2536250762508307e-18,0.0,39898.0,0.0,0.0,0
0.014820866385940362,0.016174336349049807,1551.0,7120.0,0.0005868542354984963,9.47183390945072e-18,0.0,39898.0,0.0,0.0,0
0.01481502708873214,0.016174336349049807,1552.0,7120.0,0.0005810149382902822,-1.416132030579642e-18,0.0,39898.0,0.0,0.0,0
0.01480924589350194,0.016174336349049807,1553.0,7120.0,0.0005752337430600774,3.2269238073863973e-18,0.0,39898.0,0.0,0.0,0
0.01480352222212541,0.016174336349049807,1554.0,7120.0,0.0005695100716835408,1.2211236853850684e-17,0.0,39898.0,0.0,0.0,0
0.014797855502230627,0.016174336349049807,1555.0,7120.0,0.0005638433517887668,3.064416853057586e-18,0.0,39898.0,0.0,0.0,0
0.014792245167140906,0.016174336349049807,1556.0,7120.0,0.0005582330166990412,4.71270167553553e-18,0.0,39898.0,0.0,0.0,0
0.014786690655818047,0.016174336349049807,1557.0,7120.0,0.0005526785053761833,6.825292081810078e-18,0.0,39898.0,0.0,0.0,0
0.01478119141280629,0.016174336349049807,1558.0,7120.0,0.000547179262364429,5.385944772040606e-18,0.0,39898.0,0.0,0.0,0
0.014775746888176757,0.016174336349049807,1559.0,7120.0,0.000541734737734896,5.548451726369417e-18,0.0,39898.0,0.0,0.0,0
0.014770356537472447,0.016174336349049807,1560.0,7120.0,0.0005363443870305823,7.869979645352437e-18,0.0,39898.0,0.0,0.0,0
0.014765019821653786,0.016174336349049807,1561.0,7120.0,0.0005310076712119284,-2.7626182235897933e-18,0.0,39898.0,0.0,0.0,0
0.014759736207044767,0.016174336349049807,1562.0,7120.0,0.0005257240566029008,1.1189764569498154e-17,0.0,39898.0,0.0,0.0,0
0.014754505165279505,0.016174336349049807,1563.0,7120.0,0.0005204930148376419,5.385944772040606e-18,0.0,39898.0,0.0,0.0,0
0.01474932617324947,0.016174336349049807,1564.0,7120.0,0.0005153140228076093,5.107361421762643e-18,0.0,39898.0,0.0,0.0,0
0.014744198713051148,0.016174336349049807,1565.0,7120.0,0.0005101865626092892,2.553680710881322e-19,0.0,39898.0,0.0,0.0,0
0.014739122271934243,0.016174336349049807,1566.0,7120.0,0.0005051101214923849,-9.982570051626984e-19,0.0,39898.0,0.0,0.0,0
0.014734096342250418,0.016174336349049807,1567.0,7120.0,0.000500084191808559,-3.4822918784745294e-19,0.0,39898.0,0.0,0.0,0
0.014729120421402514,0.016174336349049807,1568.0,7120.0,0.0004951082709606507,4.318041929308416e-18,0.0,39898.0,0.0,0.0,0
0.01472419401179429,0.016174336349049807,1569.0,7120.0,0.0004901818613524298,5.966326751786361e-18,0.0,39898.0,0.0,0.0,0
0.014719316620780689,0.016174336349049807,1570.0,7120.0,0.00048530447033883064,-2.251882081413529e-18,0.0,39898.0,0.0,0.0,0
0.014714487760618547,0.016174336349049807,1571.0,7120.0,0.0004804756101766867,9.750417259728682e-19,0.0,39898.0,0.0,0.0,0
0.01470970694841782,0.016174336349049807,1572.0,7120.0,0.00047569479797595905,2.948340457108435e-18,0.0,39898.0,0.0,0.0,0
0.014704973706093307,0.016174336349049807,1573.0,7120.0,0.00047096155565144266,2.0197292895152273e-18,0.0,39898.0,0.0,0.0,0
0.01470028756031682,0.016174336349049807,1574.0,7120.0,0.00046627540987496187,5.7109586806982286e-18,0.0,39898.0,0.0,0.0,0
0.01469564804246989,0.016174336349049807,1575.0,7120.0,0.0004616358920280314,5.6877434015083984e-18,0.0,39898.0,0.0,0.0,0
0.01469105468859686,0.016174336349049807,1576.0,7120.0,0.00045704253815499925,4.0394585790304546e-18,0.0,39898.0,0.0,0.0,0
0.014686507039358513,0.016174336349049807,1577.0,7120.0,0.0004524948889166563,-1.2071945178711702e-18,0.0,39898.0,0.0,0.0,0
0.014682004639986142,0.016174336349049807,1578.0,7120.0,0.0004479924895442831,-1.6482848224779439e-18,0.0,39898.0,0.0,0.0,0
0.014677547040236057,0.016174336349049807,1579.0,7120.0,0.0004435348897941946,4.085889137410115e-18,0.0,39898.0,0.0,0.0,0
0.014673133794344559,0.016174336349049807,1580.0,7120.0,0.0004391216439026975,2.7858335027796235e-18,0.0,39898.0,0.0,0.0,0
0.01466876446098339,0.016174336349049807,1581.0,7120.0,0.0004347523105415268,6.4306323355829645e-18,0.0,39898.0,0.0,0.0,0
0.014664438603215571,0.016174336349049807,1582.0,7120.0,0.0004304264527737054,9.843278376488003e-18,0.0,39898.0,0.0,0.0,0
0.01466015578845171,0.016174336349049807,1583.0,7120.0,0.00042614363800985234,0.0,0.0,39898.0,0.0,0.0,0
0.014655915588406778,0.016174336349049807,1584.0,7120.0,0.0004219034379649181,5.803819797457549e-19,0.0,39898.0,0.0,0.0,0
0.014651717579057236,0.016174336349049807,1585.0,7120.0,0.00041770542861537083,5.827035076647379e-18,0.0,39898.0,0.0,0.0,0
0.014647561340598633,0.016174336349049807,1586.0,7120.0,0.00041354919015677296,-6.732430965050757e-19,0.0,39898.0,0.0,0.0,0
0.014643446457403682,0.016174336349049807,1587.0,7120.0,0.000409434306961816,7.034229594518549e-18,0.0,39898.0,0.0,0.0,0
0.014639372517980616,0.016174336349049807,1588.0,7120.0,0.00040536036753875264,1.1421917361396457e-17,0.0,39898.0,0.0,0.0,0
0.014635339114932106,0.016174336349049807,1589.0,7120.0,0.0004013269644902432,6.4306323355829645e-18,0.0,39898.0,0.0,0.0,0
0.01463134584491448,0.016174336349049807,1590.0,7120.0,0.0003973336944726228,1.857222335186416e-18,0.0,39898.0,0.0,0.0,0
0.014627392308597421,0.016174336349049807,1591.0,7120.0,0.00039338015815556387,1.7179306600474345e-18,0.0,39898.0,0.0,0.0,0
0.014623478110623998,0.016174336349049807,1592.0,7120.0,0.00038946596018213565,4.016243299840624e-18,0.0,39898.0,0.0,0.0,0
0.01461960285957114,0.016174336349049807,1593.0,7120.0,0.00038559070912928426,4.875208629864341e-19,0.0,39898.0,0.0,0.0,0
0.014615766167910533,0.016174336349049807,1594.0,7120.0,0.00038175401746867163,3.923382183081303e-18,0.0,39898.0,0.0,0.0,0
0.0146119676519698,0.016174336349049807,1595.0,7120.0,0.00037795550152793596,8.821806092135475e-18,0.0,39898.0,0.0,0.0,0
0.014608206931894175,0.016174336349049807,1596.0,7120.0,0.0003741947814523161,-1.3464861930101515e-18,0.0,39898.0,0.0,0.0,0
0.014604483631608536,0.016174336349049807,1597.0,7120.0,0.0003704714811666722,6.918153198569398e-18,0.0,39898.0,0.0,0.0,0
0.014600797378779734,0.016174336349049807,1598.0,7120.0,0.0003667852283378722,2.7626182235897933e-18,0.0,39898.0,0.0,0.0,0
0.014597147804779421,0.016174336349049807,1599.0,7120.0,0.00036313565433756167,4.480548883637228e-18,0.0,39898.0,0.0,0.0,0
0.014593534544647159,0.016174336349049807,1600.0,7120.0,0.00035952239420529767,7.428889340745664e-18,0.0,39898.0,0.0,0.0,0
0.01458995723705392,0.016174336349049807,1601.0,7120.0,0.0003559450866120584,4.155534974979605e-18,0.0,39898.0,0.0,0.0,0
0.014586415524265962,0.016174336349049807,1602.0,7120.0,0.0003524033738241008,7.01101431532872e-18,0.0,39898.0,0.0,0.0,0
0.014582909052109058,0.016174336349049807,1603.0,7120.0,0.0003488969016671963,6.5931392899117755e-18,0.0,39898.0,0.0,0.0,0
0.014579437469933067,0.016174336349049807,1604.0,7120.0,0.0003454253194912091,2.32152791898302e-19,0.0,39898.0,0.0,0.0,0
0.014576000430576884,0.016174336349049807,1605.0,7120.0,0.00034198828013502454,1.532208426528793e-18,0.0,39898.0,0.0,0.0,0
0.014572597590333707,0.016174336349049807,1606.0,7120.0,0.0003385854398918452,3.180493249006737e-18,0.0,39898.0,0.0,0.0,0
0.014569228608916669,0.016174336349049807,1607.0,7120.0,0.00033521645847481085,-4.410903046067737e-19,0.0,39898.0,0.0,0.0,0
0.014565893149424834,0.016174336349049807,1608.0,7120.0,0.0003318809989829698,4.851993350674511e-18,0.0,39898.0,0.0,0.0,0
0.014562590878309458,0.016174336349049807,1609.0,7120.0,0.0003285787278675984,3.668014111993171e-18,0.0,39898.0,0.0,0.0,0
0.014559321465340688,0.016174336349049807,1610.0,7120.0,0.00032530931489882747,4.364472487688077e-18,0.0,39898.0,0.0,0.0,0
0.014556084583574498,0.016174336349049807,1611.0,7120.0,0.0003220724331326403,-1.2304097970610004e-18,0.0,39898.0,0.0,0.0,0
0.014552879909320022,0.016174336349049807,1612.0,7120.0,0.0003188677588781614,2.8554793403491143e-18,0.0,39898.0,0.0,0.0,0
0.014549707122107155,0.016174336349049807,1613.0,7120.0,0.00031569497166529346,3.3197849241457183e-18,0.0,39898.0,0.0,0.0,0
0.014546565904654533,0.016174336349049807,1614.0,7120.0,0.0003125537542126713,-2.32152791898302e-19,0.0,39898.0,0.0,0.0,0
0.0145434559428378,0.016174336349049807,1615.0,7120.0,0.0003094437923959335,1.0911181219220193e-17,0.0,39898.0,0.0,0.0,0
0.014540376925658169,0.016174336349049807,1616.0,7120.0,0.0003063647752163054,6.314555939633814e-18,0.0,39898.0,0.0,0.0,0
0.014537328545211373,0.016174336349049807,1617.0,7120.0,0.0003033163947695046,9.170035279982928e-18,0.0,39898.0,0.0,0.0,0
0.014534310496656808,0.016174336349049807,1618.0,7120.0,0.00030029834621494566,7.823549086972777e-18,0.0,39898.0,0.0,0.0,0
0.014531322478187123,0.016174336349049807,1619.0,7120.0,0.00029731032774525613,6.2216948228744925e-18,0.0,39898.0,0.0,0.0,0
0.014528364190997964,0.016174336349049807,1620.0,7120.0,0.0002943520405561029,3.691229391183001e-18,0.0,39898.0,0.0,0.0,0
0.01452543533925816,0.016174336349049807,1621.0,7120.0,0.0002914231888162979,7.196736548847361e-19,0.0,39898.0,0.0,0.0,0
0.014522535630080085,0.016174336349049807,1622.0,7120.0,0.0002885234796382277,-4.457333604447398e-18,0.0,39898.0,0.0,0.0,0
0.014519664773490419,0.016174336349049807,1623.0,7120.0,0.0002856526230485598,3.3894307617152087e-18,0.0,39898.0,0.0,0.0,0
0.014516822482401097,0.016174336349049807,1624.0,7120.0,0.0002828103319592406,-1.8340070559965854e-18,0.0,39898.0,0.0,0.0,0
0.014514008472580652,0.016174336349049807,1625.0,7120.0,0.0002799963221387932,1.6250695432881137e-18,0.0,39898.0,0.0,0.0,0
0.014511222462625753,0.016174336349049807,1626.0,7120.0,0.00027721031218388905,7.382458782366002e-18,0.0,39898.0,0.0,0.0,0
0.014508464173933084,0.016174336349049807,1627.0,7120.0,0.0002744520234912161,1.070224370651172e-17,0.0,39898.0,0.0,0.0,0
0.01450573333067146,0.016174336349049807,1628.0,7120.0,0.0002717211802296002,3.668014111993171e-18,0.0,39898.0,0.0,0.0,0
0.014503029659754304,0.016174336349049807,1629.0,7120.0,0.0002690175093124437,5.618097563938907e-18,0.0,39898.0,0.0,0.0,0
0.014500352890812262,0.016174336349049807,1630.0,7120.0,0.00026634074037040035,2.3215279189830195e-20,0.0,39898.0,0.0,0.0,0
0.014497702756166204,0.016174336349049807,1631.0,7120.0,0.00026369060572434613,1.6482848224779439e-18,0.0,39898.0,0.0,0.0,0
0.014495078990800464,0.016174336349049807,1632.0,7120.0,0.0002610668403586051,5.177007259332134e-18,0.0,39898.0,0.0,0.0,0
0.014492481332336325,0.016174336349049807,1633.0,7120.0,0.00025846918189445853,6.523493452342285e-18,0.0,39898.0,0.0,0.0,0
0.014489909521005751,0.016174336349049807,1634.0,7120.0,0.00025589737056389185,1.9036528935660762e-18,0.0,39898.0,0.0,0.0,0
0.014487363299625492,0.016174336349049807,1635.0,7120.0,0.0002533511491836294,5.89668091421687e-18,0.0,39898.0,0.0,0.0,0
0.014484842413571277,0.016174336349049807,1636.0,7120.0,0.0002508302631294148,9.332542234311738e-18,0.0,39898.0,0.0,0.0,0
0.014482346610752398,0.016174336349049807,1637.0,7120.0,0.00024833446031053655,7.614611574264305e-18,0.0,39898.0,0.0,0.0,0
0.014479875641586504,0.016174336349049807,1638.0,7120.0,0.0002458634911446352,1.0493306193803248e-17,0.0,39898.0,0.0,0.0,0
0.0144774292589746,0.016174336349049807,1639.0,7120.0,0.00024341710853273724,8.450361625098191e-18,0.0,39898.0,0.0,0.0,0
0.0144750072182764,0.016174336349049807,1640.0,7120.0,0.00024099506783454005,7.196736548847361e-19,0.0,39898.0,0.0,0.0,0
0.014472609277285817,0.016174336349049807,1641.0,7120.0,0.00023859712684395483,7.080660152898209e-18,0.0,39898.0,0.0,0.0,0
0.014470235196206747,0.016174336349049807,1642.0,7120.0,0.0002362230457648872,1.9732987311355666e-18,0.0,39898.0,0.0,0.0,0
0.014467884737629113,0.016174336349049807,1643.0,7120.0,0.00023387258718724765,8.17177827482023e-18,0.0,39898.0,0.0,0.0,0
0.014465557666505086,0.016174336349049807,1644.0,7120.0,0.00023154551606322307,7.637826853454134e-18,0.0,39898.0,0.0,0.0,0
0.014463253750125618,0.016174336349049807,1645.0,7120.0,0.00022924159968376034,-1.3929167513898118e-19,0.0,39898.0,0.0,0.0,0
0.01446097275809716,0.016174336349049807,1646.0,7120.0,0.00022696060765529932,2.5072501525016614e-18,0.0,39898.0,0.0,0.0,0
0.0144587144623186,0.016174336349049807,1647.0,7120.0,0.00022470231187674016,-1.741145939237265e-18,0.0,39898.0,0.0,0.0,0
0.01445647863695848,0.016174336349049807,1648.0,7120.0,0.00022246648651662,1.880437614376246e-18,0.0,39898.0,0.0,0.0,0
0.014454265058432406,0.016174336349049807,1649.0,7120.0,0.00022025290799053995,6.4306323355829645e-18,0.0,39898.0,0.0,0.0,0
0.014452073505380667,0.016174336349049807,1650.0,7120.0,0.0002180613549388055,1.8340070559965854e-18,0.0,39898.0,0.0,0.0,0
0.014449903758646146,0.016174336349049807,1651.0,7120.0,0.00021589160820428282,3.6215835536135105e-18,0.0,39898.0,0.0,0.0,0
0.014447755601252353,0.016174336349049807,1652.0,7120.0,0.00021374345081049008,7.707472691023625e-18,0.0,39898.0,0.0,0.0,0
0.014445628818381758,0.016174336349049807,1653.0,7120.0,0.00021161666793990076,2.112590406274548e-18,0.0,39898.0,0.0,0.0,0
0.01444352319735431,0.016174336349049807,1654.0,7120.0,0.00020951104691245076,2.135805685464378e-18,0.0,39898.0,0.0,0.0,0
0.014441438527606149,0.016174336349049807,1655.0,7120.0,0.0002074263771642855,5.618097563938907e-18,0.0,39898.0,0.0,0.0,0
0.014439374600668554,0.016174336349049807,1656.0,7120.0,0.00020536245022669257,3.157277969816907e-18,0.0,39898.0,0.0,0.0,0
0.014437331210147121,0.016174336349049807,1657.0,7120.0,0.0002033190597052604,-8.821806092135475e-19,0.0,39898.0,0.0,0.0,0
0.014435308151701094,0.016174336349049807,1658.0,7120.0,0.00020129600125922922,4.0394585790304546e-18,0.0,39898.0,0.0,0.0,0
0.014433305223022937,0.016174336349049807,1659.0,7120.0,0.00019929307258107263,9.58791030539987e-18,0.0,39898.0,0.0,0.0,0
0.014431322223818113,0.016174336349049807,1660.0,7120.0,0.0001973100733762519,3.8305210663219825e-18,0.0,39898.0,0.0,0.0,0
0.014429358955785053,0.016174336349049807,1661.0,7120.0,0.00019534680534319366,-5.339514213660945e-19,0.0,39898.0,0.0,0.0,0
0.014427415222595327,0.016174336349049807,1662.0,7120.0,0.00019340307215346065,8.798590812945644e-18,0.0,39898.0,0.0,0.0,0
0.014425490829873976,0.016174336349049807,1663.0,7120.0,0.0001914786794321119,8.891451929704965e-18,0.0,39898.0,0.0,0.0,0
0.014423585585180134,0.016174336349049807,1664.0,7120.0,0.00018957343473827214,5.571667005559247e-19,0.0,39898.0,0.0,0.0,0
0.014421699297987747,0.016174336349049807,1665.0,7120.0,0.00018768714754588598,1.764361218427095e-18,0.0,39898.0,0.0,0.0,0
0.01441983177966652,0.016174336349049807,1666.0,7120.0,0.00018581962922465983,5.432375330420266e-18,0.0,39898.0,0.0,0.0,0
0.01441798284346307,0.016174336349049807,1667.0,7120.0,0.00018397069302120698,2.159020964654208e-18,0.0,39898.0,0.0,0.0,0
0.01441615230448223,0.016174336349049807,1668.0,7120.0,0.00018214015404036598,5.200222538521964e-18,0.0,39898.0,0.0,0.0,0
0.014414339979668574,0.016174336349049807,1669.0,7120.0,0.0001803278292267111,3.900166903891473e-18,0.0,39898.0,0.0,0.0,0
0.014412545687788113,0.016174336349049807,1670.0,7120.0,0.00017853353734625325,3.784090507942322e-18,0.0,39898.0,0.0,0.0,0
0.01441076924941017,0.016174336349049807,1671.0,7120.0,0.00017675709896830893,2.5536807108813217e-18,0.0,39898.0,0.0,0.0,0
0.014409010486889416,0.016174336349049807,1672.0,7120.0,0.00017499833644755986,6.500278173152455e-19,0.0,39898.0,0.0,0.0,0
0.014407269224348148,0.016174336349049807,1673.0,7120.0,0.00017325707390628822,6.0824031477355116e-18,0.0,39898.0,0.0,0.0,0
0.014405545287658651,0.016174336349049807,1674.0,7120.0,0.0001715331372167872,6.0591878685456815e-18,0.0,39898.0,0.0,0.0,0
0.014403838504425816,0.016174336349049807,1675.0,7120.0,0.00016982635398395457,6.662785127481267e-18,0.0,39898.0,0.0,0.0,0
0.0144021487039699,0.016174336349049807,1676.0,7120.0,0.00016813655352804023,3.691229391183001e-18,0.0,39898.0,0.0,0.0,0
0.014400475717309456,0.016174336349049807,1677.0,7120.0,0.00016646356686759453,5.153791980142304e-18,0.0,39898.0,0.0,0.0,0
0.014398819377144417,0.016174336349049807,1678.0,7120.0,0.00016480722670255603,2.2750973606033592e-18,0.0,39898.0,0.0,0.0,0
0.01439717951783939,0.016174336349049807,1679.0,7120.0,0.00016316736739752677,5.385944772040606e-18,0.0,39898.0,0.0,0.0,0
0.014395555975407072,0.016174336349049807,1680.0,7120.0,0.00016154382496521034,6.964583756949059e-20,0.0,39898.0,0.0,0.0,0
0.014393948587491871,0.016174336349049807,1681.0,7120.0,0.0001599364370500127,1.5089931473389628e-18,0.0,39898.0,0.0,0.0,0
0.01439235719335366,0.016174336349049807,1682.0,7120.0,0.00015834504291179928,-2.0429445687050574e-18,0.0,39898.0,0.0,0.0,0
0.014390781633851693,0.016174336349049807,1683.0,7120.0,0.00015676948340983141,4.271611370928756e-18,0.0,39898.0,0.0,0.0,0
0.014389221751428708,0.016174336349049807,1684.0,7120.0,0.0001552096009868458,3.668014111993171e-18,0.0,39898.0,0.0,0.0,0
0.014387677390095166,0.016174336349049807,1685.0,7120.0,0.00015366523965330142,5.525236447179587e-18,0.0,39898.0,0.0,0.0,0
0.014386148395413639,0.016174336349049807,1686.0,7120.0,0.00015213624497177744,7.428889340745664e-18,0.0,39898.0,0.0,0.0,0
0.014384634614483393,0.016174336349049807,1687.0,7120.0,0.000150622464041531,5.594882284749077e-18,0.0,39898.0,0.0,0.0,0
0.014383135895925069,0.016174336349049807,1688.0,7120.0,0.00014912374548320794,1.3464861930101515e-18,0.0,39898.0,0.0,0.0,0
0.014381652089865565,0.016174336349049807,1689.0,7120.0,0.0001476399394237034,8.12534771644057e-18,0.0,39898.0,0.0,0.0,0
0.014380183047923037,0.016174336349049807,1690.0,7120.0,0.0001461708974811745,3.1108474114372462e-18,0.0,39898.0,0.0,0.0,0
0.01437872862319206,0.016174336349049807,1691.0,7120.0,0.0001447164727502034,-9.750417259728682e-19,0.0,39898.0,0.0,0.0,0
0.01437728867022897,0.016174336349049807,1692.0,7120.0,0.00014327651978710473,9.239681117552418e-18,0.0,39898.0,0.0,0.0,0
0.014375863045037244,0.016174336349049807,1693.0,7120.0,0.00014185089459538278,1.2304097970610004e-18,0.0,39898.0,0.0,0.0,0
0.014374451605053193,0.016174336349049807,1694.0,7120.0,0.0001404394546113288,7.243167107227021e-18,0.0,39898.0,0.0,0.0,0
0.014373054209131639,0.016174336349049807,1695.0,7120.0,0.00013904205868977036,1.4718487006352345e-17,0.0,39898.0,0.0,0.0,0
0.014371670717531808,0.016174336349049807,1696.0,7120.0,0.00013765856708995014,1.5786389849084534e-18,0.0,39898.0,0.0,0.0,0
0.014370300991903418,0.016174336349049807,1697.0,7120.0,0.00013628884146155344,6.96458375694906e-18,0.0,39898.0,0.0,0.0,0
0.014368944895272736,0.016174336349049807,1698.0,7120.0,0.00013493274483087752,-1.0214722843525287e-18,0.0,39898.0,0.0,0.0,0
0.01436760229202899,0.016174336349049807,1699.0,7120.0,0.00013359014158712896,2.576895990071152e-18,0.0,39898.0,0.0,0.0,0
0.014366273047910728,0.016174336349049807,1700.0,7120.0,0.0001322608974688641,7.405674061555833e-18,0.0,39898.0,0.0,0.0,0
0.014364957029992426,0.016174336349049807,1701.0,7120.0,0.00013094487955056581,-9.982570051626984e-19,0.0,39898.0,0.0,0.0,0
0.0143636541066712,0.016174336349049807,1702.0,7120.0,0.00012964195622934216,9.053958884033776e-19,0.0,39898.0,0.0,0.0,0
0.014362364147653633,0.016174336349049807,1703.0,7120.0,0.0001283519972117772,-3.48229187847453e-18,0.0,39898.0,0.0,0.0,0
0.014361087023942757,0.016174336349049807,1704.0,7120.0,0.00012707487350089363,8.21820883319989e-18,0.0,39898.0,0.0,0.0,0
0.014359822607825116,0.016174336349049807,1705.0,7120.0,0.00012581045738325637,1.9036528935660762e-18,0.0,39898.0,0.0,0.0,0
0.014358570772858058,0.016174336349049807,1706.0,7120.0,0.0001245586224161999,-1.067902842732189e-18,0.0,39898.0,0.0,0.0,0
0.014357331393857047,0.016174336349049807,1707.0,7120.0,0.00012331924341518492,8.728944975376155e-18,0.0,39898.0,0.0,0.0,0
0.014356104346883137,0.016174336349049807,1708.0,7120.0,0.00012209219644127565,1.9036528935660762e-18,0.0,39898.0,0.0,0.0,0
0.01435488950923062,0.016174336349049807,1709.0,7120.0,0.00012087735878875645,6.848507360999908e-18,0.0,39898.0,0.0,0.0,0
0.014353686759414709,0.016174336349049807,1710.0,7120.0,0.00011967460897284682,6.128833706115172e-18,0.0,39898.0,0.0,0.0,0
0.014352495977159423,0.016174336349049807,1711.0,7120.0,0.00011848382671756417,-9.286111675932078e-20,0.0,39898.0,0.0,0.0,0
0.014351317043385553,0.016174336349049807,1712.0,7120.0,0.00011730489294369005,5.246653096901624e-18,0.0,39898.0,0.0,0.0,0
0.01435014984019873,0.016174336349049807,1713.0,7120.0,0.00011613768975686254,7.916410203732097e-18,0.0,39898.0,0.0,0.0,0
0.014348994250877661,0.016174336349049807,1714.0,7120.0,0.00011498210043579483,1.070224370651172e-17,0.0,39898.0,0.0,0.0,0
0.014347850159862452,0.016174336349049807,1715.0,7120.0,0.00011383800942058863,6.732430965050757e-18,0.0,39898.0,0.0,0.0,0
0.01434671745274305,0.016174336349049807,1716.0,7120.0,0.00011270530230118993,4.805562792294851e-18,0.0,39898.0,0.0,0.0,0
0.014345596016247802,0.016174336349049807,1717.0,7120.0,0.00011158386580594317,-2.2750973606033592e-18,0.0,39898.0,0.0,0.0,0
0.01434448573823213,0.016174336349049807,1718.0,7120.0,0.00011047358779026363,1.0539736752182909e-17,0.0,39898.0,0.0,0.0,0
0.014343386507667286,0.016174336349049807,1719.0,7120.0,0.00010937435722542455,3.737659949562662e-18,0.0,39898.0,0.0,0.0,0
0.014342298214629316,0.016174336349049807,1720.0,7120.0,0.00010828606418745467,3.48229187847453e-18,0.0,39898.0,0.0,0.0,0
0.014341220750288004,0.016174336349049807,1721.0,7120.0,0.0001072085998461403,9.518264467830381e-19,0.0,39898.0,0.0,0.0,0
0.014340154006896014,0.016174336349049807,1722.0,7120.0,0.00010614185645415248,1.4393473097694722e-18,0.0,39898.0,0.0,0.0,0
0.014339097877778125,0.016174336349049807,1723.0,7120.0,0.00010508572733626142,6.569924010721945e-18,0.0,39898.0,0.0,0.0,0
0.01433805225732054,0.016174336349049807,1724.0,7120.0,0.00010404010687867563,1.8340070559965854e-18,0.0,39898.0,0.0,0.0,0
0.014337017040960343,0.016174336349049807,1725.0,7120.0,0.00010300489051847842,7.753903249403286e-18,0.0,39898.0,0.0,0.0,0
0.014335992125175036,0.016174336349049807,1726.0,7120.0,0.00010197997473317144,7.266382386416852e-18,0.0,39898.0,0.0,0.0,0
0.014334977407472181,0.016174336349049807,1727.0,7120.0,0.00010096525703032062,3.6215835536135105e-18,0.0,39898.0,0.0,0.0,0
0.014333972786379176,0.016174336349049807,1728.0,7120.0,9.996063593731172e-05,7.266382386416852e-18,0.0,39898.0,0.0,0.0,0
0.01433297816143306,0.016174336349049807,1729.0,7120.0,9.89660109911968e-05,2.7626182235897933e-18,0.0,39898.0,0.0,0.0,0
0.014331993433170516,0.016174336349049807,1730.0,7120.0,9.798128272865236e-05,1.1050472894359173e-17,0.0,39898.0,0.0,0.0,0
0.014331018503117899,0.016174336349049807,1731.0,7120.0,9.700635267603334e-05,1.0400445077043928e-17,0.0,39898.0,0.0,0.0,0
0.014330053273781382,0.016174336349049807,1732.0,7120.0,9.604112333951941e-05,6.291340660443984e-18,0.0,39898.0,0.0,0.0,0
0.014329097648637233,0.016174336349049807,1733.0,7120.0,9.508549819537478e-05,-2.6465418276406423e-18,0.0,39898.0,0.0,0.0,0
0.01432815153212215,0.016174336349049807,1734.0,7120.0,9.413938168028657e-05,1.1375486803016796e-18,0.0,39898.0,0.0,0.0,0
0.014327214829623682,0.016174336349049807,1735.0,7120.0,9.320267918181796e-05,7.800333807782946e-18,0.0,39898.0,0.0,0.0,0
0.014326287447470797,0.016174336349049807,1736.0,7120.0,9.227529702893581e-05,5.269868376091454e-18,0.0,39898.0,0.0,0.0,0
0.014325369292924517,0.016174336349049807,1737.0,7120.0,9.135714248265309e-05,5.455590609610096e-18,0.0,39898.0,0.0,0.0,0
0.01432446027416861,0.016174336349049807,1738.0,7120.0,9.044812372675073e-05,5.177007259332134e-18,0.0,39898.0,0.0,0.0,0
0.014323560300300452,0.016174336349049807,1739.0,7120.0,8.954814985859328e-05,5.153791980142304e-18,0.0,39898.0,0.0,0.0,0
0.014322669281321903,0.016174336349049807,1740.0,7120.0,8.865713088004603e-05,-2.6465418276406423e-18,0.0,39898.0,0.0,0.0,0
0.014321787128130332,0.016174336349049807,1741.0,7120.0,8.777497768846688e-05,4.73591695472536e-18,0.0,39898.0,0.0,0.0,0
0.014320913752509663,0.016174336349049807,1742.0,7120.0,8.690160206780441e-05,1.880437614376246e-18,0.0,39898.0,0.0,0.0,0
0.014320049067121627,0.016174336349049807,1743.0,7120.0,8.603691667976598e-05,1.2536250762508307e-18,0.0,39898.0,0.0,0.0,0
0.014319192985496953,0.016174336349049807,1744.0,7120.0,8.518083505509352e-05,4.1787502541694355e-19,0.0,39898.0,0.0,0.0,0
0.014318345422026773,0.016174336349049807,1745.0,7120.0,8.433327158490988e-05,3.087632132247416e-18,0.0,39898.0,0.0,0.0,0
0.014317506291954024,0.016174336349049807,1746.0,7120.0,8.349414151216365e-05,1.6018542640982836e-18,0.0,39898.0,0.0,0.0,0
0.014316675511365003,0.016174336349049807,1747.0,7120.0,8.266336092314703e-05,1.067902842732189e-18,0.0,39898.0,0.0,0.0,0
0.014315852997180975,0.016174336349049807,1748.0,7120.0,8.184084673910928e-05,4.991285025813493e-18,0.0,39898.0,0.0,0.0,0
0.014315038667149808,0.016174336349049807,1749.0,7120.0,8.102651670794658e-05,1.532208426528793e-18,0.0,39898.0,0.0,0.0,0
0.014314232439837841,0.016174336349049807,1750.0,7120.0,8.022028939597627e-05,6.314555939633814e-18,0.0,39898.0,0.0,0.0,0
0.014313434234621659,0.016174336349049807,1751.0,7120.0,7.94220841797959e-05,4.991285025813493e-18,0.0,39898.0,0.0,0.0,0
0.014312643971680082,0.016174336349049807,1752.0,7120.0,7.863182123821998e-05,6.894937919379568e-18,0.0,39898.0,0.0,0.0,0
0.014311861571986158,0.016174336349049807,1753.0,7120.0,7.784942154429412e-05,9.030743604843947e-18,0.0,39898.0,0.0,0.0,0
0.014311086957299261,0.016174336349049807,1754.0,7120.0,7.707480685739736e-05,3.644798832803341e-18,0.0,39898.0,0.0,0.0,0
0.014310320050157279,0.016174336349049807,1755.0,7120.0,7.630789971541565e-05,8.102132437250739e-18,0.0,39898.0,0.0,0.0,0
0.014309560773868859,0.016174336349049807,1756.0,7120.0,7.554862342699495e-05,3.2733543657660576e-18,0.0,39898.0,0.0,0.0,0
0.014308809052505736,0.016174336349049807,1757.0,7120.0,7.479690206387438e-05,4.782347513105021e-18,0.0,39898.0,0.0,0.0,0
0.014308064810895154,0.016174336349049807,1758.0,7120.0,7.40526604532923e-05,5.525236447179587e-18,0.0,39898.0,0.0,0.0,0
0.014307327974612328,0.016174336349049807,1759.0,7120.0,7.331582417046572e-05,2.576895990071152e-18,0.0,39898.0,0.0,0.0,0
0.01430659846997301,0.016174336349049807,1760.0,7120.0,7.258631953115231e-05,3.48229187847453e-18,0.0,39898.0,0.0,0.0,0
0.014305876224026145,0.016174336349049807,1761.0,7120.0,7.186407358428149e-05,7.243167107227021e-18,0.0,39898.0,0.0,0.0,0
0.014305161164546523,0.016174336349049807,1762.0,7120.0,7.114901410465706e-05,4.6894863963457e-18,0.0,39898.0,0.0,0.0,0
0.014304453220027597,0.016174336349049807,1763.0,7120.0,7.04410695857324e-05,9.773632538918513e-18,0.0,39898.0,0.0,0.0,0
0.014303752319674326,0.016174336349049807,1764.0,7120.0,6.974016923246746e-05,2.34474319817285e-18,0.0,39898.0,0.0,0.0,0
0.014303058393396106,0.016174336349049807,1765.0,7120.0,6.904624295424356e-05,4.132319695789775e-18,0.0,39898.0,0.0,0.0,0
0.014302371371799716,0.016174336349049807,1766.0,7120.0,6.835922135785343e-05,6.0824031477355116e-18,0.0,39898.0,0.0,0.0,0
0.014301691186182429,0.016174336349049807,1767.0,7120.0,6.767903574056574e-05,7.800333807782946e-18,0.0,39898.0,0.0,0.0,0
0.014301017768525116,0.016174336349049807,1768.0,7120.0,6.700561808325068e-05,7.962840762111758e-18,0.0,39898.0,0.0,0.0,0
0.014300351051485449,0.016174336349049807,1769.0,7120.0,6.633890104358313e-05,8.728944975376155e-18,0.0,39898.0,0.0,0.0,0
0.014299690968391168,0.016174336349049807,1770.0,7120.0,6.567881794930199e-05,7.661042132643965e-18,0.0,39898.0,0.0,0.0,0
0.014299037453233408,0.016174336349049807,1771.0,7120.0,6.502530279154898e-05,3.52872243685419e-18,0.0,39898.0,0.0,0.0,0
0.014298390440660119,0.016174336349049807,1772.0,7120.0,6.437829021826061e-05,-2.971555736298265e-18,0.0,39898.0,0.0,0.0,0
0.014297749865969505,0.016174336349049807,1773.0,7120.0,6.373771552764507e-05,-2.832264061159284e-18,0.0,39898.0,0.0,0.0,0
0.014297115665103563,0.016174336349049807,1774.0,7120.0,6.310351466169614e-05,9.100389442413437e-18,0.0,39898.0,0.0,0.0,0
0.014296487774641658,0.016174336349049807,1775.0,7120.0,6.247562419980151e-05,-5.107361421762644e-19,0.0,39898.0,0.0,0.0,0
0.014295866131794252,0.016174336349049807,1776.0,7120.0,6.185398135238947e-05,6.778861523430417e-18,0.0,39898.0,0.0,0.0,0
0.014295250674396518,0.016174336349049807,1777.0,7120.0,6.123852395465665e-05,4.271611370928756e-18,0.0,39898.0,0.0,0.0,0
0.014294641340902218,0.016174336349049807,1778.0,7120.0,6.062919046035179e-05,4.085889137410115e-18,0.0,39898.0,0.0,0.0,0
0.014294038070377478,0.016174336349049807,1779.0,7120.0,6.0025919935619294e-05,3.52872243685419e-18,0.0,39898.0,0.0,0.0,0
0.014293440802494761,0.016174336349049807,1780.0,7120.0,5.9428652052899834e-05,2.1822362438440387e-18,0.0,39898.0,0.0,0.0,0
0.014292849477526775,0.016174336349049807,1781.0,7120.0,5.8837327084910845e-05,6.453847614772795e-18,0.0,39898.0,0.0,0.0,0
0.014292264036340518,0.016174336349049807,1782.0,7120.0,5.825188589866085e-05,-2.36795847736268e-18,0.0,39898.0,0.0,0.0,0
0.014291684420391403,0.016174336349049807,1783.0,7120.0,5.7672269949545586e-05,-2.7394029443999632e-18,0.0,39898.0,0.0,0.0,0
0.014291110571717348,0.016174336349049807,1784.0,7120.0,5.709842127548436e-05,7.475319899125324e-18,0.0,39898.0,0.0,0.0,0
0.014290542432932997,0.016174336349049807,1785.0,7120.0,5.6530282491133854e-05,2.832264061159284e-18,0.0,39898.0,0.0,0.0,0
0.014289979947224,0.016174336349049807,1786.0,7120.0,5.596779678214061e-05,-7.196736548847361e-19,0.0,39898.0,0.0,0.0,0
0.014289423058341327,0.016174336349049807,1787.0,7120.0,5.541090789946499e-05,4.248396091738926e-18,0.0,39898.0,0.0,0.0,0
0.014288871710595617,0.016174336349049807,1788.0,7120.0,5.485956015375564e-05,1.9268681727559063e-18,0.0,39898.0,0.0,0.0,0
0.01428832584885164,0.016174336349049807,1789.0,7120.0,5.43136984097782e-05,4.271611370928756e-18,0.0,39898.0,0.0,0.0,0
0.014287785418522762,0.016174336349049807,1790.0,7120.0,5.377326808090443e-05,-1.4393473097694722e-18,0.0,39898.0,0.0,0.0,0
0.014287250365565508,0.016174336349049807,1791.0,7120.0,5.323821512364711e-05,3.412646040905039e-18,0.0,39898.0,0.0,0.0,0
0.01428672063647413,0.016174336349049807,1792.0,7120.0,5.270848603227107e-05,1.9500834519457365e-18,0.0,39898.0,0.0,0.0,0
0.014286196178275283,0.016174336349049807,1793.0,7120.0,5.218402783341924e-05,8.636083858616833e-18,0.0,39898.0,0.0,0.0,0
0.014285676938522694,0.016174336349049807,1794.0,7120.0,5.1664788080839904e-05,-1.8572223351864156e-19,0.0,39898.0,0.0,0.0,0
0.014285162865291981,0.016174336349049807,1795.0,7120.0,5.115071485012127e-05,1.5554237057186231e-18,0.0,39898.0,0.0,0.0,0
0.01428465390717537,0.016174336349049807,1796.0,7120.0,5.064175673351216e-05,-3.203708528196567e-18,0.0,39898.0,0.0,0.0,0
0.01428415001327664,0.016174336349049807,1797.0,7120.0,5.013786283478026e-05,-2.948340457108435e-18,0.0,39898.0,0.0,0.0,0
0.01428365113320597,0.016174336349049807,1798.0,7120.0,4.963898276411252e-05,3.0179862946779256e-19,0.0,39898.0,0.0,0.0,0
0.014283157217074946,0.016174336349049807,1799.0,7120.0,4.9145066633087744e-05,3.064416853057586e-18,0.0,39898.0,0.0,0.0,0
0.014282668215491543,0.016174336349049807,1800.0,7120.0,4.865606504967985e-05,7.428889340745664e-18,0.0,39898.0,0.0,0.0,0
0.014282184079555189,0.016174336349049807,1801.0,7120.0,4.8171929113324556e-05,7.591396295074474e-18,0.0,39898.0,0.0,0.0,0
0.014281704760851882,0.016174336349049807,1802.0,7120.0,4.7692610410024444e-05,-1.9965140103253968e-18,0.0,39898.0,0.0,0.0,0
0.01428123021144937,0.016174336349049807,1803.0,7120.0,4.721806100750897e-05,8.26463939157955e-18,0.0,39898.0,0.0,0.0,0
0.014280760383892302,0.016174336349049807,1804.0,7120.0,4.6748233450441595e-05,2.5072501525016614e-18,0.0,39898.0,0.0,0.0,0
0.01428029523119754,0.016174336349049807,1805.0,7120.0,4.628308075567697e-05,7.382458782366002e-18,0.0,39898.0,0.0,0.0,0
0.014279834706849416,0.016174336349049807,1806.0,7120.0,4.582255640755787e-05,-8.589653300237172e-19,0.0,39898.0,0.0,0.0,0
0.014279378764795125,0.016174336349049807,1807.0,7120.0,4.536661435326402e-05,5.014500305003323e-18,0.0,39898.0,0.0,0.0,0
0.014278927359440077,0.016174336349049807,1808.0,7120.0,4.4915208998211843e-05,8.33428522914904e-18,0.0,39898.0,0.0,0.0,0
0.014278480445643352,0.016174336349049807,1809.0,7120.0,4.4468295201488615e-05,2.8090487819694536e-18,0.0,39898.0,0.0,0.0,0
0.014278037978713206,0.016174336349049807,1810.0,7120.0,4.402582827134254e-05,9.58791030539987e-18,0.0,39898.0,0.0,0.0,0
0.014277599914402575,0.016174336349049807,1811.0,7120.0,4.3587763960712346e-05,2.7626182235897933e-18,0.0,39898.0,0.0,0.0,0
0.01427716620890466,0.016174336349049807,1812.0,7120.0,4.315405846280085e-05,5.385944772040606e-18,0.0,39898.0,0.0,0.0,0
0.01427673681884856,0.016174336349049807,1813.0,7120.0,4.272466840669706e-05,3.946597462271133e-18,0.0,39898.0,0.0,0.0,0
0.014276311701294899,0.016174336349049807,1814.0,7120.0,4.229955085303962e-05,3.668014111993171e-18,0.0,39898.0,0.0,0.0,0
0.01427589081373158,0.016174336349049807,1815.0,7120.0,4.1878663289716454e-05,5.618097563938907e-18,0.0,39898.0,0.0,0.0,0
0.014275474114069483,0.016174336349049807,1816.0,7120.0,4.1461963627621506e-05,6.314555939633814e-18,0.0,39898.0,0.0,0.0,0
0.014275061560638303,0.016174336349049807,1817.0,7120.0,4.104941019644079e-05,2.2750973606033592e-18,0.0,39898.0,0.0,0.0,0
0.01427465311218235,0.016174336349049807,1818.0,7120.0,4.0640961740487145e-05,6.941368477759228e-18,0.0,39898.0,0.0,0.0,0
0.01427424872785644,0.016174336349049807,1819.0,7120.0,4.02365774145758e-05,3.3430002033355484e-18,0.0,39898.0,0.0,0.0,0
0.014273848367221792,0.016174336349049807,1820.0,7120.0,3.983621677993626e-05,-7.661042132643965e-19,0.0,39898.0,0.0,0.0,0
0.014273451990242032,0.016174336349049807,1821.0,7120.0,3.9439839800171034e-05,2.0893751270847177e-18,0.0,39898.0,0.0,0.0,0
0.014273059557279113,0.016174336349049807,1822.0,7120.0,3.9047406837253374e-05,-1.9965140103253968e-18,0.0,39898.0,0.0,0.0,0
0.014272671029089423,0.016174336349049807,1823.0,7120.0,3.865887864755914e-05,2.5536807108813217e-18,0.0,39898.0,0.0,0.0,0
0.014272286366819808,0.016174336349049807,1824.0,7120.0,3.8274216377945306e-05,1.1607639594915098e-18,0.0,39898.0,0.0,0.0,0
0.014271905532003724,0.016174336349049807,1825.0,7120.0,3.78933815618641e-05,-2.484034873311831e-18,0.0,39898.0,0.0,0.0,0
0.014271528486557373,0.016174336349049807,1826.0,7120.0,3.751633611551763e-05,-3.48229187847453e-18,0.0,39898.0,0.0,0.0,0
0.01427115519277591,0.016174336349049807,1827.0,7120.0,3.7143042334045286e-05,4.875208629864341e-18,0.0,39898.0,0.0,0.0,0
0.014270785613329623,0.016174336349049807,1828.0,7120.0,3.677346288776103e-05,2.2983126397931894e-18,0.0,39898.0,0.0,0.0,0
0.014270419711260272,0.016174336349049807,1829.0,7120.0,3.6407560818408564e-05,5.3162989344711154e-18,0.0,39898.0,0.0,0.0,0
0.01427005744997734,0.016174336349049807,1830.0,7120.0,3.604529953547878e-05,3.6215835536135105e-18,0.0,39898.0,0.0,0.0,0
0.014269698793254399,0.016174336349049807,1831.0,7120.0,3.56866428125386e-05,-7.4288893407456625e-19,0.0,39898.0,0.0,0.0,0
0.014269343705225484,0.016174336349049807,1832.0,7120.0,3.533155478362008e-05,7.1503059904677e-18,0.0,39898.0,0.0,0.0,0
0.014268992150381483,0.016174336349049807,1833.0,7120.0,3.497999993962281e-05,1.880437614376246e-18,0.0,39898.0,0.0,0.0,0
0.014268644093566634,0.016174336349049807,1834.0,7120.0,3.463194312476949e-05,7.312812944796512e-18,0.0,39898.0,0.0,0.0,0
0.014268299499974952,0.016174336349049807,1835.0,7120.0,3.4287349533088846e-05,5.780604518267719e-18,0.0,39898.0,0.0,0.0,0
0.014267958335146796,0.016174336349049807,1836.0,7120.0,3.394618470493479e-05,5.4788058887999264e-18,0.0,39898.0,0.0,0.0,0
0.014267620564965403,0.016174336349049807,1837.0,7120.0,3.360841452353798e-05,5.3162989344711154e-18,0.0,39898.0,0.0,0.0,0
0.014267286155653463,0.016174336349049807,1838.0,7120.0,3.327400521160281e-05,5.641312843128738e-18,0.0,39898.0,0.0,0.0,0
0.014266955073769776,0.016174336349049807,1839.0,7120.0,3.294292332791642e-05,1.1375486803016796e-18,0.0,39898.0,0.0,0.0,0
0.014266627286205874,0.016174336349049807,1840.0,7120.0,3.2615135764014375e-05,8.821806092135475e-19,0.0,39898.0,0.0,0.0,0
0.01426630276018273,0.016174336349049807,1841.0,7120.0,3.2290609740870103e-05,3.714444670372832e-18,0.0,39898.0,0.0,0.0,0
0.014265981463247469,0.016174336349049807,1842.0,7120.0,3.196931280560661e-05,1.6715001016677742e-18,0.0,39898.0,0.0,0.0,0
0.01426566336327013,0.016174336349049807,1843.0,7120.0,3.165121282826554e-05,1.787576497616925e-18,0.0,39898.0,0.0,0.0,0
0.014265348428440445,0.016174336349049807,1844.0,7120.0,3.133627799858462e-05,1.067902842732189e-18,0.0,39898.0,0.0,0.0,0
0.014265036627264676,0.016174336349049807,1845.0,7120.0,3.102447682281717e-05,2.0661598478948876e-18,0.0,39898.0,0.0,0.0,0
0.014264727928562449,0.016174336349049807,1846.0,7120.0,3.0715778120583585e-05,5.200222538521964e-18,0.0,39898.0,0.0,0.0,0
0.014264422301463625,0.016174336349049807,1847.0,7120.0,3.0410151021761017e-05,3.737659949562662e-18,0.0,39898.0,0.0,0.0,0
0.014264119715405244,0.016174336349049807,1848.0,7120.0,3.010756496338224e-05,2.9251251779186047e-18,0.0,39898.0,0.0,0.0,0
0.014263820140128447,0.016174336349049807,1849.0,7120.0,2.9807989686588722e-05,-1.3232709138203211e-18,0.0,39898.0,0.0,0.0,0
0.014263523545675463,0.016174336349049807,1850.0,7120.0,2.9511395233603392e-05,5.107361421762644e-19,0.0,39898.0,0.0,0.0,0
0.014263229902386597,0.016174336349049807,1851.0,7120.0,2.9217751944735466e-05,3.52872243685419e-18,0.0,39898.0,0.0,0.0,0
0.014262939180897277,0.016174336349049807,1852.0,7120.0,2.8927030455411e-05,9.657556142969362e-18,0.0,39898.0,0.0,0.0,0
0.014262651352135097,0.016174336349049807,1853.0,7120.0,2.8639201693235984e-05,5.641312843128738e-18,0.0,39898.0,0.0,0.0,0
0.01426236638731696,0.016174336349049807,1854.0,7120.0,2.8354236875097143e-05,1.0075431168386306e-17,0.0,39898.0,0.0,0.0,0
0.014262084257946133,0.016174336349049807,1855.0,7120.0,2.807210750427524e-05,-1.2071945178711702e-18,0.0,39898.0,0.0,0.0,0
0.014261804935809455,0.016174336349049807,1856.0,7120.0,2.7792785367595133e-05,6.8020768026202475e-18,0.0,39898.0,0.0,0.0,0
0.01426152839297448,0.016174336349049807,1857.0,7120.0,2.7516242532613183e-05,7.173521269657531e-18,0.0,39898.0,0.0,0.0,0
0.01426125460178668,0.016174336349049807,1858.0,7120.0,2.7242451344816736e-05,3.157277969816907e-18,0.0,39898.0,0.0,0.0,0
0.014260983534866723,0.016174336349049807,1859.0,7120.0,2.6971384424855714e-05,1.309341746306423e-17,0.0,39898.0,0.0,0.0,0
0.014260715165107673,0.016174336349049807,1860.0,7120.0,2.670301466581313e-05,1.2304097970610004e-18,0.0,39898.0,0.0,0.0,0
0.014260449465672351,0.016174336349049807,1861.0,7120.0,2.6437315230489936e-05,5.780604518267719e-18,0.0,39898.0,0.0,0.0,0
0.014260186409990588,0.016174336349049807,1862.0,7120.0,2.617425954872042e-05,9.959354772437154e-18,0.0,39898.0,0.0,0.0,0
0.014259925971756576,0.016174336349049807,1863.0,7120.0,2.5913821314719174e-05,2.1822362438440387e-18,0.0,39898.0,0.0,0.0,0
0.014259668124926303,0.016174336349049807,1864.0,7120.0,2.5655974484443406e-05,4.6894863963457e-18,0.0,39898.0,0.0,0.0,0
0.01425941284371486,0.016174336349049807,1865.0,7120.0,2.54006932729957e-05,6.825292081810078e-18,0.0,39898.0,0.0,0.0,0
0.0142591601025939,0.016174336349049807,1866.0,7120.0,2.5147952152042935e-05,1.9965140103253968e-18,0.0,39898.0,0.0,0.0,0
0.014258909876289125,0.016174336349049807,1867.0,7120.0,2.489772584726232e-05,3.3894307617152087e-18,0.0,39898.0,0.0,0.0,0
0.01425866213977768,0.016174336349049807,1868.0,7120.0,2.464998933581458e-05,6.198479543684662e-18,0.0,39898.0,0.0,0.0,0
0.014258416868285705,0.016174336349049807,1869.0,7120.0,2.4404717843841913e-05,7.986056041301587e-18,0.0,39898.0,0.0,0.0,0
0.01425817403728585,0.016174336349049807,1870.0,7120.0,2.4161886843991338e-05,9.286111675932078e-20,0.0,39898.0,0.0,0.0,0
0.01425793362249482,0.016174336349049807,1871.0,7120.0,2.3921472052959097e-05,8.148562995630399e-18,0.0,39898.0,0.0,0.0,0
0.014257695599870935,0.016174336349049807,1872.0,7120.0,2.368344942906799e-05,1.2675542437647288e-17,0.0,39898.0,0.0,0.0,0
0.014257459945611714,0.016174336349049807,1873.0,7120.0,2.3447795169855956e-05,4.526979442016888e-18,0.0,39898.0,0.0,0.0,0
0.014257226636151563,0.016174336349049807,1874.0,7120.0,2.3214485709699262e-05,3.2733543657660576e-18,0.0,39898.0,0.0,0.0,0
0.014256995648159321,0.016174336349049807,1875.0,7120.0,2.298349771746132e-05,4.643055837966039e-20,0.0,39898.0,0.0,0.0,0
0.014256766958536006,0.016174336349049807,1876.0,7120.0,2.2754808094146506e-05,2.7394029443999632e-18,0.0,39898.0,0.0,0.0,0
0.014256540544412463,0.016174336349049807,1877.0,7120.0,2.2528393970603972e-05,-2.32152791898302e-19,0.0,39898.0,0.0,0.0,0
0.014256316383147088,0.016174336349049807,1878.0,7120.0,2.2304232705232032e-05,-3.435861320094869e-18,0.0,39898.0,0.0,0.0,0
0.014256094452323575,0.016174336349049807,1879.0,7120.0,2.2082301881717303e-05,-1.9036528935660762e-18,0.0,39898.0,0.0,0.0,0
0.014255874729748657,0.016174336349049807,1880.0,7120.0,2.1862579306793008e-05,5.5020211679897565e-18,0.0,39898.0,0.0,0.0,0
0.014255657193449877,0.016174336349049807,1881.0,7120.0,2.1645043008019028e-05,3.2501390865762275e-19,0.0,39898.0,0.0,0.0,0
0.014255441821673443,0.016174336349049807,1882.0,7120.0,2.1429671231581996e-05,1.6018542640982836e-18,0.0,39898.0,0.0,0.0,0
0.014255228592881995,0.016174336349049807,1883.0,7120.0,2.1216442440127725e-05,7.661042132643965e-18,0.0,39898.0,0.0,0.0,0
0.014255017485752464,0.016174336349049807,1884.0,7120.0,2.100533531059807e-05,7.080660152898209e-18,0.0,39898.0,0.0,0.0,0
0.014254808479173969,0.016174336349049807,1885.0,7120.0,2.07963287321022e-05,5.525236447179587e-18,0.0,39898.0,0.0,0.0,0
0.014254601552245673,0.016174336349049807,1886.0,7120.0,2.058940180381186e-05,4.318041929308416e-18,0.0,39898.0,0.0,0.0,0
0.014254396684274721,0.016174336349049807,1887.0,7120.0,2.038453383285902e-05,3.2965696449558877e-18,0.0,39898.0,0.0,0.0,0
0.01425419385477414,0.016174336349049807,1888.0,7120.0,2.0181704332274835e-05,1.1004042335979513e-17,0.0,39898.0,0.0,0.0,0
0.014253993043460806,0.016174336349049807,1889.0,7120.0,1.9980893018943395e-05,3.0412015738677558e-18,0.0,39898.0,0.0,0.0,0
0.01425379423025343,0.016174336349049807,1890.0,7120.0,1.9782079811566544e-05,4.643055837966039e-18,0.0,39898.0,0.0,0.0,0
0.014253597395270516,0.016174336349049807,1891.0,7120.0,1.9585244828652827e-05,4.434118325257568e-18,0.0,39898.0,0.0,0.0,0
0.014253402518828404,0.016174336349049807,1892.0,7120.0,1.9390368386544924e-05,-2.5072501525016614e-18,0.0,39898.0,0.0,0.0,0
0.014253209581439294,0.016174336349049807,1893.0,7120.0,1.9197430997433577e-05,3.9930280206507935e-18,0.0,39898.0,0.0,0.0,0
0.014253018563809278,0.016174336349049807,1894.0,7120.0,1.9006413367420257e-05,-2.36795847736268e-18,0.0,39898.0,0.0,0.0,0
0.014252829446836443,0.016174336349049807,1895.0,7120.0,1.8817296394581658e-05,3.157277969816907e-18,0.0,39898.0,0.0,0.0,0
0.014252642211608928,0.016174336349049807,1896.0,7120.0,1.8630061167065156e-05,4.155534974979605e-18,0.0,39898.0,0.0,0.0,0
0.014252456839403058,0.016174336349049807,1897.0,7120.0,1.844468896119032e-05,8.705729696186324e-18,0.0,39898.0,0.0,0.0,0
0.014252273311681442,0.016174336349049807,1898.0,7120.0,1.8261161239580945e-05,3.8073057871321524e-18,0.0,39898.0,0.0,0.0,0
0.014252091610091173,0.016174336349049807,1899.0,7120.0,1.8079459649313695e-05,3.064416853057586e-18,0.0,39898.0,0.0,0.0,0
0.014251911716461943,0.016174336349049807,1900.0,7120.0,1.7899566020077697e-05,5.803819797457549e-18,0.0,39898.0,0.0,0.0,0
0.014251733612804228,0.016174336349049807,1901.0,7120.0,1.772146236236042e-05,7.916410203732097e-18,0.0,39898.0,0.0,0.0,0
0.014251557281307512,0.016174336349049807,1902.0,7120.0,1.7545130865646857e-05,8.032486599681247e-18,0.0,39898.0,0.0,0.0,0
0.014251382704338504,0.016174336349049807,1903.0,7120.0,1.737055389664214e-05,4.5734100003965486e-18,0.0,39898.0,0.0,0.0,0
0.014251209864439363,0.016174336349049807,1904.0,7120.0,1.719771399750059e-05,5.94311147259653e-18,0.0,39898.0,0.0,0.0,0
0.014251038744325952,0.016174336349049807,1905.0,7120.0,1.7026593884091504e-05,2.948340457108435e-18,0.0,39898.0,0.0,0.0,0
0.014250869326886123,0.016174336349049807,1906.0,7120.0,1.6857176444259493e-05,6.918153198569398e-18,0.0,39898.0,0.0,0.0,0
0.014250701595177983,0.016174336349049807,1907.0,7120.0,1.6689444736120126e-05,9.170035279982928e-18,0.0,39898.0,0.0,0.0,0
0.014250535532428225,0.016174336349049807,1908.0,7120.0,1.6523381986360885e-05,9.146820000793097e-18,0.0,39898.0,0.0,0.0,0
0.014250371122030437,0.016174336349049807,1909.0,7120.0,1.6358971588571507e-05,1.2141591016281192e-17,0.0,39898.0,0.0,0.0,0
0.014250208347543437,0.016174336349049807,1910.0,7120.0,1.6196197101571764e-05,9.100389442413437e-18,0.0,39898.0,0.0,0.0,0
0.014250047192689642,0.016174336349049807,1911.0,7120.0,1.6035042247779935e-05,3.57515299523385e-18,0.0,39898.0,0.0,0.0,0
0.014249887641353437,0.016174336349049807,1912.0,7120.0,1.587549091157576e-05,5.525236447179587e-18,0.0,39898.0,0.0,0.0,0
0.014249729677579552,0.016174336349049807,1913.0,7120.0,1.5717527137691603e-05,3.946597462271133e-18,0.0,39898.0,0.0,0.0,0
0.01424957328557148,0.016174336349049807,1914.0,7120.0,1.5561135129619925e-05,2.0893751270847177e-18,0.0,39898.0,0.0,0.0,0
0.01424941844968989,0.016174336349049807,1915.0,7120.0,1.5406299248029034e-05,3.3894307617152087e-18,0.0,39898.0,0.0,0.0,0
0.01424926515445106,0.016174336349049807,1916.0,7120.0,1.5253004009201069e-05,4.434118325257568e-18,0.0,39898.0,0.0,0.0,0
0.01424911338452534,0.016174336349049807,1917.0,7120.0,1.510123408348319e-05,1.8572223351864156e-19,0.0,39898.0,0.0,0.0,0
0.01424896312473562,0.016174336349049807,1918.0,7120.0,1.4950974293760569e-05,3.9930280206507935e-18,0.0,39898.0,0.0,0.0,0
0.014248814360055788,0.016174336349049807,1919.0,7120.0,1.4802209613926568e-05,1.6715001016677742e-18,0.0,39898.0,0.0,0.0,0
0.014248667075609253,0.016174336349049807,1920.0,7120.0,1.465492516738757e-05,4.434118325257568e-18,0.0,39898.0,0.0,0.0,0
0.014248521256667443,0.016174336349049807,1921.0,7120.0,1.4509106225579186e-05,6.2216948228744925e-18,0.0,39898.0,0.0,0.0,0
0.014248376888648346,0.016174336349049807,1922.0,7120.0,1.43647382064839e-05,2.832264061159284e-18,0.0,39898.0,0.0,0.0,0
0.014248233957115037,0.016174336349049807,1923.0,7120.0,1.4221806673179455e-05,1.4393473097694722e-18,0.0,39898.0,0.0,0.0,0
0.014248092447774254,0.016174336349049807,1924.0,7120.0,1.4080297332394048e-05,-1.2768403554406608e-18,0.0,39898.0,0.0,0.0,0
0.014247952346474933,0.016174336349049807,1925.0,7120.0,1.3940196033075439e-05,2.3911737565525103e-18,0.0,39898.0,0.0,0.0,0
0.01424781363920684,0.016174336349049807,1926.0,7120.0,1.3801488764977597e-05,3.435861320094869e-18,0.0,39898.0,0.0,0.0,0
0.014247676312099118,0.016174336349049807,1927.0,7120.0,1.3664161657257828e-05,5.571667005559247e-18,0.0,39898.0,0.0,0.0,0
0.014247540351418952,0.016174336349049807,1928.0,7120.0,1.3528200977088287e-05,3.900166903891473e-18,0.0,39898.0,0.0,0.0,0
0.014247405743570153,0.016174336349049807,1929.0,7120.0,1.3393593128292126e-05,4.225180812549096e-18,0.0,39898.0,0.0,0.0,0
0.014247272475091827,0.016174336349049807,1930.0,7120.0,1.3260324649969312e-05,3.923382183081303e-18,0.0,39898.0,0.0,0.0,0
0.014247140532657023,0.016174336349049807,1931.0,7120.0,1.3128382215162335e-05,4.132319695789775e-18,0.0,39898.0,0.0,0.0,0
0.014247009903071381,0.016174336349049807,1932.0,7120.0,1.2997752629517583e-05,1.5089931473389628e-18,0.0,39898.0,0.0,0.0,0
0.014246880573271824,0.016174336349049807,1933.0,7120.0,1.2868422829966054e-05,-3.2501390865762275e-19,0.0,39898.0,0.0,0.0,0
0.014246752530325282,0.016174336349049807,1934.0,7120.0,1.274037988342332e-05,7.4288893407456625e-19,0.0,39898.0,0.0,0.0,0
0.014246625761427344,0.016174336349049807,1935.0,7120.0,1.261361098548415e-05,8.821806092135475e-19,0.0,39898.0,0.0,0.0,0
0.014246500253901017,0.016174336349049807,1936.0,7120.0,1.2488103459154277e-05,7.661042132643965e-19,0.0,39898.0,0.0,0.0,0
0.014246375995195439,0.016174336349049807,1937.0,7120.0,1.236384475357843e-05,6.686000406671097e-18,0.0,39898.0,0.0,0.0,0
0.014246252972884645,0.016174336349049807,1938.0,7120.0,1.2240822442780312e-05,5.7109586806982286e-18,0.0,39898.0,0.0,0.0,0
0.014246131174666292,0.016174336349049807,1939.0,7120.0,1.2119024224428331e-05,6.175264264494832e-18,0.0,39898.0,0.0,0.0,0
0.01424601058836046,0.016174336349049807,1940.0,7120.0,1.1998437918596982e-05,3.760875228752492e-18,0.0,39898.0,0.0,0.0,0
0.01424589120190842,0.016174336349049807,1941.0,7120.0,1.1879051466557206e-05,5.618097563938907e-18,0.0,39898.0,0.0,0.0,0
0.014245773003371426,0.016174336349049807,1942.0,7120.0,1.1760852929562584e-05,6.569924010721945e-18,0.0,39898.0,0.0,0.0,0
0.014245655980929526,0.016174336349049807,1943.0,7120.0,1.1643830487662728e-05,6.848507360999908e-18,0.0,39898.0,0.0,0.0,0
0.014245540122880372,0.016174336349049807,1944.0,7120.0,1.1527972438513467e-05,-2.692972386020303e-18,0.0,39898.0,0.0,0.0,0
0.014245425417638083,0.016174336349049807,1945.0,7120.0,1.141326719621519e-05,9.007528325654116e-18,0.0,39898.0,0.0,0.0,0
0.014245311853732007,0.016174336349049807,1946.0,7120.0,1.1299703290147271e-05,-1.6947153808576043e-18,0.0,39898.0,0.0,0.0,0
0.01424519941980569,0.016174336349049807,1947.0,7120.0,1.1187269363825077e-05,8.009271320491418e-18,0.0,39898.0,0.0,0.0,0
0.014245088104615625,0.016174336349049807,1948.0,7120.0,1.1075954173763484e-05,6.871722640189738e-18,0.0,39898.0,0.0,0.0,0
0.01424497789703021,0.016174336349049807,1949.0,7120.0,1.0965746588346508e-05,8.775375533755815e-18,0.0,39898.0,0.0,0.0,0
0.014244868786028587,0.016174336349049807,1950.0,7120.0,1.0856635586728379e-05,3.0412015738677558e-18,0.0,39898.0,0.0,0.0,0
0.014244760760699573,0.016174336349049807,1951.0,7120.0,1.0748610257715798e-05,3.180493249006737e-18,0.0,39898.0,0.0,0.0,0
0.014244653810240548,0.016174336349049807,1952.0,7120.0,1.0641659798685587e-05,5.2930836552812845e-18,0.0,39898.0,0.0,0.0,0
0.014244547923956366,0.016174336349049807,1953.0,7120.0,1.0535773514504966e-05,2.5072501525016614e-18,0.0,39898.0,0.0,0.0,0
0.014244443091258314,0.016174336349049807,1954.0,7120.0,1.0430940816454187e-05,5.7109586806982286e-18,0.0,39898.0,0.0,0.0,0
0.01424433930166304,0.016174336349049807,1955.0,7120.0,1.0327151221177273e-05,1.6715001016677742e-18,0.0,39898.0,0.0,0.0,0
0.01424423654479149,0.016174336349049807,1956.0,7120.0,1.0224394349628523e-05,5.432375330420266e-18,0.0,39898.0,0.0,0.0,0
0.014244134810367893,0.016174336349049807,1957.0,7120.0,1.0122659926036996e-05,-1.6715001016677742e-18,0.0,39898.0,0.0,0.0,0
0.014244034088218728,0.016174336349049807,1958.0,7120.0,1.0021937776871781e-05,-3.760875228752492e-18,0.0,39898.0,0.0,0.0,0
0.014243934368271701,0.016174336349049807,1959.0,7120.0,9.922217829835977e-06,1.0725458985701551e-17,0.0,39898.0,0.0,0.0,0
0.014243835640554715,0.016174336349049807,1960.0,7120.0,9.823490112852206e-06,3.52872243685419e-18,0.0,39898.0,0.0,0.0,0
0.014243737895194928,0.016174336349049807,1961.0,7120.0,9.725744753066694e-06,5.3162989344711154e-18,0.0,39898.0,0.0,0.0,0
0.014243641122417721,0.016174336349049807,1962.0,7120.0,9.62897197586029e-06,5.780604518267719e-18,0.0,39898.0,0.0,0.0,0
0.014243545312545732,0.016174336349049807,1963.0,7120.0,9.533162103875846e-06,1.0911181219220193e-18,0.0,39898.0,0.0,0.0,0
0.01424345045599791,0.016174336349049807,1964.0,7120.0,9.438305556045443e-06,4.364472487688077e-18,0.0,39898.0,0.0,0.0,0
0.0142433565432885,0.016174336349049807,1965.0,7120.0,9.344392846636424e-06,6.778861523430417e-18,0.0,39898.0,0.0,0.0,0
0.01424326356502616,0.016174336349049807,1966.0,7120.0,9.251414584299625e-06,1.4393473097694722e-18,0.0,39898.0,0.0,0.0,0
0.01424317151191299,0.016174336349049807,1967.0,7120.0,9.159361471130471e-06,2.6697571068304728e-18,0.0,39898.0,0.0,0.0,0
0.014243080374743606,0.016174336349049807,1968.0,7120.0,9.068224301740464e-06,5.7109586806982286e-18,0.0,39898.0,0.0,0.0,0
0.0142429901444042,0.016174336349049807,1969.0,7120.0,8.977993962339502e-06,1.0446875635423589e-18,0.0,39898.0,0.0,0.0,0
0.014242900811871675,0.016174336349049807,1970.0,7120.0,8.888661429815195e-06,3.203708528196567e-18,0.0,39898.0,0.0,0.0,0
0.0142428123682127,0.016174336349049807,1971.0,7120.0,8.800217770840108e-06,-6.964583756949059e-19,0.0,39898.0,0.0,0.0,0
0.014242724804582838,0.016174336349049807,1972.0,7120.0,8.712654140977887e-06,2.228666802223699e-18,0.0,39898.0,0.0,0.0,0
0.014242638112225653,0.016174336349049807,1973.0,7120.0,8.625961783788326e-06,8.496792183477852e-18,0.0,39898.0,0.0,0.0,0
0.014242552282471831,0.016174336349049807,1974.0,7120.0,8.540132029966835e-06,4.526979442016888e-18,0.0,39898.0,0.0,0.0,0
0.014242467306738322,0.016174336349049807,1975.0,7120.0,8.455156296465702e-06,3.784090507942322e-18,0.0,39898.0,0.0,0.0,0
0.014242383176527502,0.016174336349049807,1976.0,7120.0,8.371026085638268e-06,2.5536807108813217e-18,0.0,39898.0,0.0,0.0,0
0.01424229988342626,0.016174336349049807,1977.0,7120.0,8.287732984396481e-06,2.484034873311831e-18,0.0,39898.0,0.0,0.0,0
0.01424221741910522,0.016174336349049807,1978.0,7120.0,8.205268663358559e-06,5.107361421762643e-18,0.0,39898.0,0.0,0.0,0
0.014242135775317886,0.016174336349049807,1979.0,7120.0,8.123624876025417e-06,4.805562792294851e-18,0.0,39898.0,0.0,0.0,0
0.014242054943899813,0.016174336349049807,1980.0,7120.0,8.042793457950306e-06,8.31106994995921e-18,0.0,39898.0,0.0,0.0,0
0.014241974916767782,0.016174336349049807,1981.0,7120.0,7.962766325923094e-06,3.064416853057586e-18,0.0,39898.0,0.0,0.0,0
0.014241895685919026,0.016174336349049807,1982.0,7120.0,7.88353547716321e-06,4.294826650118586e-18,0.0,39898.0,0.0,0.0,0
0.014241817243430384,0.016174336349049807,1983.0,7120.0,7.805092988520388e-06,1.9965140103253968e-18,0.0,39898.0,0.0,0.0,0
0.014241739581457542,0.016174336349049807,1984.0,7120.0,7.727431015681646e-06,3.7144446703728312e-19,0.0,39898.0,0.0,0.0,0
0.01424166269223424,0.016174336349049807,1985.0,7120.0,7.650541792383425e-06,-3.3197849241457183e-18,0.0,39898.0,0.0,0.0,0
0.014241586568071505,0.016174336349049807,1986.0,7120.0,7.574417629641374e-06,2.832264061159284e-18,0.0,39898.0,0.0,0.0,0
0.014241511201356836,0.016174336349049807,1987.0,7120.0,7.4990509149728524e-06,6.987799036138889e-18,0.0,39898.0,0.0,0.0,0
0.014241436584553506,0.016174336349049807,1988.0,7120.0,7.424434111645485e-06,-5.803819797457549e-19,0.0,39898.0,0.0,0.0,0
0.014241362710199776,0.016174336349049807,1989.0,7120.0,7.350559757916272e-06,3.784090507942322e-18,0.0,39898.0,0.0,0.0,0
0.014241289570908151,0.016174336349049807,1990.0,7120.0,7.277420466288448e-06,3.668014111993171e-18,0.0,39898.0,0.0,0.0,0
0.014241217159364635,0.016174336349049807,1991.0,7120.0,7.205008922771309e-06,4.9216391882440015e-18,0.0,39898.0,0.0,0.0,0
0.01424114546832801,0.016174336349049807,1992.0,7120.0,7.133317886150813e-06,2.36795847736268e-18,0.0,39898.0,0.0,0.0,0
0.014241074490629125,0.016174336349049807,1993.0,7120.0,7.062340187264055e-06,7.080660152898209e-18,0.0,39898.0,0.0,0.0,0
0.014241004219170142,0.016174336349049807,1994.0,7120.0,6.9920687282803836e-06,5.107361421762644e-19,0.0,39898.0,0.0,0.0,0
0.014240934646923857,0.016174336349049807,1995.0,7120.0,6.922496481996484e-06,6.500278173152455e-19,0.0,39898.0,0.0,0.0,0
0.014240865766932995,0.016174336349049807,1996.0,7120.0,6.853616491129103e-06,5.432375330420266e-18,0.0,39898.0,0.0,0.0,0
0.014240797572309486,0.016174336349049807,1997.0,7120.0,6.785421867623428e-06,3.691229391183001e-18,0.0,39898.0,0.0,0.0,0
0.014240730056233816,0.016174336349049807,1998.0,7120.0,6.717905791958844e-06,-1.0911181219220193e-18,0.0,39898.0,0.0,0.0,0
0.014240663211954331,0.016174336349049807,1999.0,7120.0,6.6510615124717074e-06,-4.64305583796604e-19,0.0,39898.0,0.0,0.0,0
0.014240597032786536,0.016174336349049807,2000.0,7120.0,6.58488234467772e-06,4.4109030460677376e-18,0.0,39898.0,0.0,0.0,0
0.014240531512112464,0.016174336349049807,2001.0,7120.0,6.519361670605907e-06,-1.5786389849084534e-18,0.0,39898.0,0.0,0.0,0
0.014240466643379997,0.016174336349049807,2002.0,7120.0,6.454492938133317e-06,5.966326751786361e-18,0.0,39898.0,0.0,0.0,0
0.014240402420102199,0.016174336349049807,2003.0,7120.0,6.390269660334337e-06,6.6395698482914365e-18,0.0,39898.0,0.0,0.0,0
0.014240338835856691,0.016174336349049807,2004.0,7120.0,6.326685414826753e-06,3.668014111993171e-18,0.0,39898.0,0.0,0.0,0
0.014240275884284998,0.016174336349049807,2005.0,7120.0,6.263733843132783e-06,7.05744487370838e-18,0.0,39898.0,0.0,0.0,0
0.014240275884284998,0.016174336349049807,2005.0,7120.0,6.263733843132783e-06,7.05744487370838e-18,0.0,39898.0,0.0,0.0,0
