Total_strain,Slip_strain,Time,Slip Count,Creep,Elastic,Hygroexp,Number_of_fibers,Load,Moisture,Broken
0.0,0.0,0.0,0.0,0.0,0.0,0.0,40000.0,0.0,0.0,0
0.0,0.0,5.0,0.0,0.0,0.0,0.0,40000.0,0.0,0.0,0
0.40178863475700943,0.0012372752531358976,5.0,289.0,0.0,0.4005925806864601,0.0,39995.0,0.37634866393249916,0.0,0
0.40178863475700943,0.0012372752531358976,5.0,289.0,0.0,0.4005925806864601,0.0,39995.0,0.37634866393249916,0.0,0
0.41852900737101756,0.0013747951716218674,6.0,307.0,0.016602852695522176,0.4005925806864601,0.0,39995.0,0.37634866393249916,0.0,0
0.4239930458475563,0.0014250860058648194,7.0,313.0,0.02201660033781797,0.4005925806864601,0.0,39995.0,0.37634866393249916,0.0,0
0.42743832154905487,0.001453023878653259,8.0,318.0,0.025434575053206575,0.4006025970034246,0.0,39994.0,0.37634866393249916,0.0,0
0.43001631016287234,0.0014581353175971944,9.0,319.0,0.02800745222808011,0.4006025970034245,0.0,39994.0,0.37634866393249916,0.0,0
0.43219555584477864,0.0014752066482278828,10.0,322.0,0.030169626579355742,0.4006025970034246,0.0,39994.0,0.37634866393249916,0.0,0
0.43412676721124777,0.0014860584735890737,11.0,323.0,0.032089986120463675,0.40060259700342454,0.0,39994.0,0.37634866393249916,0.0,0
0.4359027943212999,0.001513026758634734,12.0,326.0,0.03383904494547013,0.40060259700342454,0.0,39994.0,0.37634866393249916,0.0,0
0.4375367295805183,0.001535673214790684,13.0,329.0,0.03545033374853256,0.4006025970034246,0.0,39994.0,0.37634866393249916,0.0,0
0.4390294537850117,0.001535673214790684,14.0,329.0,0.03694305795302593,0.40060259700342465,0.0,39994.0,0.37634866393249916,0.0,0
0.44044007421294656,0.0015588499470760959,15.0,332.0,0.038330501648675436,0.4006025970034245,0.0,39994.0,0.37634866393249916,0.0,0
0.4417351447790876,0.0015612409735424266,16.0,333.0,0.03962318118835008,0.40060259700342477,0.0,39994.0,0.37634866393249916,0.0,0
0.44294729892964774,0.00156651491600386,17.0,334.0,0.04083006139644886,0.4006025970034245,0.0,39994.0,0.37634866393249916,0.0,0
0.44412402893826264,0.00161425260419481,18.0,339.0,0.04195905371687278,0.40060259700342454,0.0,39994.0,0.37634866393249916,0.0,0
0.4451933292172464,0.0016253612260724408,19.0,340.0,0.04301724537397899,0.40060259700342465,0.0,39994.0,0.37634866393249916,0.0,0
0.44619972094150107,0.0016379731135378868,20.0,342.0,0.04401102521076812,0.40060259700342454,0.0,39994.0,0.37634866393249916,0.0,0
0.4471460268577725,0.0016491366761354899,21.0,343.0,0.0449461675644419,0.40060259700342477,0.0,39994.0,0.37634866393249916,0.0,0
0.44804042519543735,0.0016618054496685835,22.0,345.0,0.04582789712857373,0.40060259700342454,0.0,39994.0,0.37634866393249916,0.0,0
0.4488734716516287,0.0016618054496685835,23.0,345.0,0.046660943584765066,0.40060259700342454,0.0,39994.0,0.37634866393249916,0.0,0
0.44966211760962127,0.0016618054496685835,24.0,345.0,0.04744958954275765,0.40060259700342454,0.0,39994.0,0.37634866393249916,0.0,0
0.45041024143640934,0.0016618054496685835,25.0,345.0,0.04819771336954577,0.4006025970034247,0.0,39994.0,0.37634866393249916,0.0,0
0.45116054601975525,0.001700995661509111,26.0,349.0,0.048908827741051104,0.4006025970034246,0.0,39994.0,0.37634866393249916,0.0,0
0.4518545223879206,0.0017176853195918784,27.0,351.0,0.04958611445113364,0.40060259700342465,0.0,39994.0,0.37634866393249916,0.0,0
0.45250969683427256,0.0017265183359940184,28.0,353.0,0.05023245588108348,0.4006025970034247,0.0,39994.0,0.37634866393249916,0.0,0
0.45312770441786204,0.0017265183359940184,29.0,353.0,0.050850463464673014,0.4006025970034245,0.0,39994.0,0.37634866393249916,0.0,0
0.453719744394225,0.0017265183359940184,30.0,353.0,0.051442503441036,0.4006025970034247,0.0,39994.0,0.37634866393249916,0.0,0
0.4543011955059514,0.0017397527329504803,31.0,355.0,0.052010720155805816,0.40060259700342454,0.0,39994.0,0.37634866393249916,0.0,0
0.454847532494831,0.0017397527329504803,32.0,355.0,0.05255705714468547,0.4006025970034245,0.0,39994.0,0.37634866393249916,0.0,0
0.45537375156093657,0.0017397527329504803,33.0,355.0,0.05308327621079108,0.4006025970034245,0.0,39994.0,0.37634866393249916,0.0,0
0.4558814500369461,0.0017397527329504803,34.0,355.0,0.05359097468680053,0.4006025970034247,0.0,39994.0,0.37634866393249916,0.0,0
0.45637455072520283,0.0017422270533226367,35.0,356.0,0.05408160105468517,0.4006025970034245,0.0,39994.0,0.37634866393249916,0.0,0
0.45685486684230775,0.0017476751457788338,36.0,357.0,0.05455646907933383,0.40060259700342454,0.0,39994.0,0.37634866393249916,0.0,0
0.4573265974224531,0.001759104207763985,37.0,358.0,0.05501677059749404,0.4006025970034245,0.0,39994.0,0.37634866393249916,0.0,0
0.45777341391495135,0.001759104207763985,38.0,358.0,0.05546358708999235,0.40060259700342477,0.0,39994.0,0.37634866393249916,0.0,0
0.45821918237738607,0.001770559607172952,39.0,359.0,0.05589790015301802,0.4006025970034247,0.0,39994.0,0.37634866393249916,0.0,0
0.4586431094541238,0.0017717858636930157,40.0,360.0,0.05632060097323571,0.4006025970034246,0.0,39994.0,0.37634866393249916,0.0,0
0.45905500738240984,0.0017717858636930157,41.0,360.0,0.05673249890152179,0.4006025970034247,0.0,39994.0,0.37634866393249916,0.0,0
0.4594623167993022,0.0017772649710083104,42.0,361.0,0.05713432921109889,0.4006025970034245,0.0,39994.0,0.37634866393249916,0.0,0
0.45985474770588425,0.0017772649710083104,43.0,361.0,0.057526760117680924,0.4006025970034247,0.0,39994.0,0.37634866393249916,0.0,0
0.46023838672005696,0.0017772649710083104,44.0,361.0,0.05791039913185363,0.40060259700342465,0.0,39994.0,0.37634866393249916,0.0,0
0.46061378639543876,0.0017772649710083104,45.0,361.0,0.05828579880723543,0.4006025970034245,0.0,39994.0,0.37634866393249916,0.0,0
0.460992966938237,0.0017887823791287085,46.0,362.0,0.05865346194191328,0.4006025970034245,0.0,39994.0,0.37634866393249916,0.0,0
0.4613533512815031,0.0017887823791287085,47.0,362.0,0.059013846285179375,0.40060259700342465,0.0,39994.0,0.37634866393249916,0.0,0
0.461718416721028,0.001800325307190178,48.0,363.0,0.05936736879664278,0.40060259700342454,0.0,39994.0,0.37634866393249916,0.0,0
0.46206545742469485,0.001800325307190178,49.0,363.0,0.059714409500309575,0.40060259700342477,0.0,39994.0,0.37634866393249916,0.0,0
0.46241792229825396,0.0018118847088851374,50.0,364.0,0.06005531497217374,0.40060259700342465,0.0,39994.0,0.37634866393249916,0.0,0
0.462753008822271,0.0018118847088851374,51.0,364.0,0.06039040149619083,0.4006025970034245,0.0,39994.0,0.37634866393249916,0.0,0
0.4630825652462707,0.0018118847088851374,52.0,364.0,0.06071995792019054,0.4006025970034245,0.0,39994.0,0.37634866393249916,0.0,0
0.4634123827383791,0.001817411880904905,53.0,365.0,0.06104424824027914,0.40060259700342465,0.0,39994.0,0.37634866393249916,0.0,0
0.4637316484376671,0.001817411880904905,54.0,365.0,0.06136351393956717,0.4006025970034245,0.0,39994.0,0.37634866393249916,0.0,0
0.46404611060269857,0.001817411880904905,55.0,365.0,0.061677976104598624,0.4006025970034247,0.0,39994.0,0.37634866393249916,0.0,0
0.4643675775623482,0.0018290176045192578,56.0,366.0,0.06198783734063396,0.40060259700342454,0.0,39994.0,0.37634866393249916,0.0,0
0.4646730237266397,0.0018290176045192578,57.0,366.0,0.0622932835049254,0.40060259700342454,0.0,39994.0,0.37634866393249916,0.0,0
0.46497422549701645,0.0018290176045192578,58.0,366.0,0.06259448527530213,0.40060259700342465,0.0,39994.0,0.37634866393249916,0.0,0
0.4652713397914508,0.0018290176045192578,59.0,366.0,0.0628915995697365,0.40060259700342443,0.0,39994.0,0.37634866393249916,0.0,0
0.46556451105278246,0.0018290176045192578,60.0,366.0,0.06318477083106817,0.40060259700342454,0.0,39994.0,0.37634866393249916,0.0,0
0.46585387241143067,0.0018290176045192578,61.0,366.0,0.06347413218971638,0.40060259700342454,0.0,39994.0,0.37634866393249916,0.0,0
0.4661402948270487,0.0018297656938645163,62.0,367.0,0.06375980651598921,0.40060259700342465,0.0,39994.0,0.37634866393249916,0.0,0
0.4664223956835527,0.0018297656938645163,63.0,367.0,0.06404190737249318,0.40060259700342454,0.0,39994.0,0.37634866393249916,0.0,0
0.46671269467612236,0.0018414321827802307,64.0,368.0,0.06432053987614711,0.40060259700342443,0.0,39994.0,0.37634866393249916,0.0,0
0.4669879562783765,0.0018414321827802307,65.0,368.0,0.06459580147840124,0.40060259700342454,0.0,39994.0,0.37634866393249916,0.0,0
0.4672599374714176,0.0018414321827802307,66.0,368.0,0.0648677826714423,0.40060259700342477,0.0,39994.0,0.37634866393249916,0.0,0
0.46752872242740057,0.0018414321827802307,67.0,368.0,0.06513656762742535,0.4006025970034246,0.0,39994.0,0.37634866393249916,0.0,0
0.4678127022061995,0.0018597448119000372,68.0,371.0,0.06540223477710447,0.4006025970034244,0.0,39994.0,0.37634866393249916,0.0,0
0.46807532476272073,0.0018597448119000372,69.0,371.0,0.06566485733362573,0.4006025970034245,0.0,39994.0,0.37634866393249916,0.0,0
0.46833497119579465,0.0018597448119000372,70.0,371.0,0.06592450376669956,0.40060259700342454,0.0,39994.0,0.37634866393249916,0.0,0
0.46859170566096714,0.0018597448119000372,71.0,371.0,0.0661812382318721,0.4006025970034245,0.0,39994.0,0.37634866393249916,0.0,0
0.4688455883882609,0.0018597448119000372,72.0,371.0,0.06643512095916586,0.40060259700342454,0.0,39994.0,0.37634866393249916,0.0,0
0.46910840226726586,0.0018714710451162631,73.0,372.0,0.06668620860495458,0.4006025970034245,0.0,39994.0,0.37634866393249916,0.0,0
0.46935674823287976,0.0018714710451162631,74.0,372.0,0.06693455457056846,0.4006025970034247,0.0,39994.0,0.37634866393249916,0.0,0
0.46960240295310496,0.0018714710451162631,75.0,372.0,0.0671802092907937,0.4006025970034244,0.0,39994.0,0.37634866393249916,0.0,0
0.4698454141574405,0.0018714710451162631,76.0,372.0,0.06742322049512922,0.40060259700342465,0.0,39994.0,0.37634866393249916,0.0,0
0.47008582710670244,0.0018714710451162631,77.0,372.0,0.06766363344439112,0.4006025970034246,0.0,39994.0,0.37634866393249916,0.0,0
0.4703236848073195,0.0018714710451162631,78.0,372.0,0.06790149114500822,0.40060259700342465,0.0,39994.0,0.37634866393249916,0.0,0
0.47055902820544177,0.0018714710451162631,79.0,372.0,0.06813683454313041,0.40060259700342465,0.0,39994.0,0.37634866393249916,0.0,0
0.47079189636277924,0.0018714710451162631,80.0,372.0,0.06836970270046797,0.40060259700342465,0.0,39994.0,0.37634866393249916,0.0,0
0.47102232661591037,0.0018714710451162631,81.0,372.0,0.06860013295359906,0.40060259700342465,0.0,39994.0,0.37634866393249916,0.0,0
0.47126213266121286,0.0018832489857015756,82.0,373.0,0.06882816105831621,0.4006025970034245,0.0,39994.0,0.37634866393249916,0.0,0
0.4714877929233302,0.0018832489857015756,83.0,373.0,0.06905382132043361,0.4006025970034247,0.0,39994.0,0.37634866393249916,0.0,0
0.47171367755471555,0.0018858082231787633,84.0,374.0,0.06927714671434172,0.40060259700342465,0.0,39994.0,0.37634866393249916,0.0,0
0.47193469983084735,0.0018858082231787633,85.0,374.0,0.06949816899047348,0.40060259700342454,0.0,39994.0,0.37634866393249916,0.0,0
0.47215344961310834,0.0018858082231787633,86.0,374.0,0.06971691877273456,0.40060259700342477,0.0,39994.0,0.37634866393249916,0.0,0
0.4723755918511094,0.0018914435870622372,87.0,375.0,0.06993342564685211,0.4006025970034247,0.0,39994.0,0.37634866393249916,0.0,0
0.47260169570839344,0.0019032548506952587,88.0,376.0,0.07014771824050312,0.40060259700342465,0.0,39994.0,0.37634866393249916,0.0,0
0.47281380176389387,0.0019032548506952587,89.0,376.0,0.07035982429600357,0.4006025970034246,0.0,39994.0,0.37634866393249916,0.0,0
0.4730237482041543,0.0019032548506952587,90.0,376.0,0.07056977073626401,0.40060259700342465,0.0,39994.0,0.37634866393249916,0.0,0
0.47323156119254106,0.0019032548506952587,91.0,376.0,0.07077758372465076,0.40060259700342454,0.0,39994.0,0.37634866393249916,0.0,0
0.4734372661872212,0.0019032548506952587,92.0,376.0,0.07098328871933092,0.40060259700342454,0.0,39994.0,0.37634866393249916,0.0,0
0.47364088799051424,0.0019032548506952587,93.0,376.0,0.07118691052262395,0.40060259700342465,0.0,39994.0,0.37634866393249916,0.0,0
0.47386719096184343,0.001927995018814304,94.0,379.0,0.07138847332583406,0.40060259700342465,0.0,39994.0,0.37634866393249916,0.0,0
0.47406671838599973,0.001927995018814304,95.0,379.0,0.07158800074999037,0.40060259700342454,0.0,39994.0,0.37634866393249916,0.0,0
0.47426423351889346,0.001927995018814304,96.0,379.0,0.07178551588288405,0.40060259700342454,0.0,39994.0,0.37634866393249916,0.0,0
0.47445975894876125,0.001927995018814304,97.0,379.0,0.07198104131275192,0.4006025970034246,0.0,39994.0,0.37634866393249916,0.0,0
0.47465331679493383,0.001927995018814304,98.0,379.0,0.0721745991589245,0.40060259700342465,0.0,39994.0,0.37634866393249916,0.0,0
0.47484492873573514,0.001927995018814304,99.0,379.0,0.07236621109972582,0.40060259700342454,0.0,39994.0,0.37634866393249916,0.0,0
0.47503461603389346,0.001927995018814304,100.0,379.0,0.07255589839788411,0.4006025970034247,0.0,39994.0,0.37634866393249916,0.0,0
0.47522239955969897,0.001927995018814304,101.0,379.0,0.07274368192368962,0.40060259700342465,0.0,39994.0,0.37634866393249916,0.0,0
0.4754082998121207,0.001927995018814304,102.0,379.0,0.07292958217611134,0.4006025970034245,0.0,39994.0,0.37634866393249916,0.0,0
0.4755923369380754,0.001927995018814304,103.0,379.0,0.07311361930206607,0.4006025970034245,0.0,39994.0,0.37634866393249916,0.0,0
0.4757745307500225,0.001927995018814304,104.0,379.0,0.07329581311401316,0.40060259700342454,0.0,39994.0,0.37634866393249916,0.0,0
0.47595490074204305,0.001927995018814304,105.0,379.0,0.07347618310603374,0.4006025970034245,0.0,39994.0,0.37634866393249916,0.0,0
0.47613346610454554,0.001927995018814304,106.0,379.0,0.07365474846853615,0.40060259700342454,0.0,39994.0,0.37634866393249916,0.0,0
0.4763102457377265,0.001927995018814304,107.0,379.0,0.07383152810171716,0.4006025970034245,0.0,39994.0,0.37634866393249916,0.0,0
0.47648525826390514,0.001927995018814304,108.0,379.0,0.07400654062789579,0.4006025970034246,0.0,39994.0,0.37634866393249916,0.0,0
0.4766704397010809,0.0019399126810601829,109.0,380.0,0.07417980440282568,0.40060259700342465,0.0,39994.0,0.37634866393249916,0.0,0
0.47684197282433644,0.0019399126810601829,110.0,380.0,0.07435133752608124,0.40060259700342465,0.0,39994.0,0.37634866393249916,0.0,0
0.47703564152300726,0.001963761055207793,111.0,382.0,0.07452115785060448,0.40060259700342454,0.0,39994.0,0.37634866393249916,0.0,0
0.4772037666638941,0.001963761055207793,112.0,382.0,0.07468928299149127,0.40060259700342443,0.0,39994.0,0.37634866393249916,0.0,0
0.47737021400649,0.001963761055207793,113.0,382.0,0.07485573033408717,0.40060259700342465,0.0,39994.0,0.37634866393249916,0.0,0
0.4775350007138605,0.001963761055207793,114.0,382.0,0.07502051704145772,0.40060259700342443,0.0,39994.0,0.37634866393249916,0.0,0
0.47769814373369385,0.001963761055207793,115.0,382.0,0.07518366006129104,0.40060259700342454,0.0,39994.0,0.37634866393249916,0.0,0
0.4778716069478234,0.001975708198343154,116.0,383.0,0.07534517613228521,0.40060259700342454,0.0,39994.0,0.37634866393249916,0.0,0
0.4780315126056067,0.001975708198343154,117.0,383.0,0.07550508179006851,0.4006025970034245,0.0,39994.0,0.37634866393249916,0.0,0
0.4781898241882331,0.001975708198343154,118.0,383.0,0.0756633933726948,0.40060259700342454,0.0,39994.0,0.37634866393249916,0.0,0
0.47835851490189074,0.001987665258941675,119.0,384.0,0.07582012702575402,0.4006025970034247,0.0,39994.0,0.37634866393249916,0.0,0
0.4785256491353339,0.0019996278110067972,120.0,385.0,0.07597529870713211,0.40060259700342454,0.0,39994.0,0.37634866393249916,0.0,0
0.4786792746196552,0.0019996278110067972,121.0,385.0,0.0761289241914534,0.40060259700342465,0.0,39994.0,0.37634866393249916,0.0,0
0.47883136950243504,0.0019996278110067972,122.0,385.0,0.07628101907423326,0.40060259700342454,0.0,39994.0,0.37634866393249916,0.0,0
0.4789819492039699,0.0019996278110067972,123.0,385.0,0.07643159877576813,0.4006025970034245,0.0,39994.0,0.37634866393249916,0.0,0
0.4791367452670079,0.0020053441050268874,124.0,386.0,0.07658067854478598,0.40060259700342465,0.0,39994.0,0.37634866393249916,0.0,0
0.47928434018410127,0.0020053441050268874,125.0,386.0,0.07672827346187933,0.4006025970034247,0.0,39994.0,0.37634866393249916,0.0,0
0.47943046516496135,0.0020053441050268874,126.0,386.0,0.07687439844273947,0.4006025970034245,0.0,39994.0,0.37634866393249916,0.0,0
0.4795751349634322,0.0020053441050268874,127.0,386.0,0.07701906824121023,0.40060259700342454,0.0,39994.0,0.37634866393249916,0.0,0
0.4797183641743986,0.0020053441050268874,128.0,386.0,0.07716229745217669,0.40060259700342454,0.0,39994.0,0.37634866393249916,0.0,0
0.4798601672365257,0.0020053441050268874,129.0,386.0,0.07730410051430378,0.4006025970034245,0.0,39994.0,0.37634866393249916,0.0,0
0.480000558434859,0.0020053441050268874,130.0,386.0,0.07744449171263705,0.4006025970034245,0.0,39994.0,0.37634866393249916,0.0,0
0.4801395519033006,0.0020053441050268874,131.0,386.0,0.07758348518107863,0.40060259700342477,0.0,39994.0,0.37634866393249916,0.0,0
0.4802771616269698,0.0020053441050268874,132.0,386.0,0.07772109490474788,0.40060259700342465,0.0,39994.0,0.37634866393249916,0.0,0
0.4804134014444591,0.0020053441050268874,133.0,386.0,0.07785733472223712,0.40060259700342477,0.0,39994.0,0.37634866393249916,0.0,0
0.48054828504999336,0.0020053441050268874,134.0,386.0,0.07799221832777145,0.40060259700342454,0.0,39994.0,0.37634866393249916,0.0,0
0.4806938436596807,0.0020173617692059212,135.0,387.0,0.07812575927327979,0.40060259700342465,0.0,39994.0,0.37634866393249916,0.0,0
0.48082605535678624,0.0020173617692059212,136.0,387.0,0.07825797097038532,0.40060259700342454,0.0,39994.0,0.37634866393249916,0.0,0
0.4809595604274663,0.0020199711179497773,137.0,388.0,0.07838886669232142,0.40060259700342477,0.0,39994.0,0.37634866393249916,0.0,0
0.48108915331092345,0.0020199711179497773,138.0,388.0,0.07851845957577866,0.40060259700342465,0.0,39994.0,0.37634866393249916,0.0,0
0.48121745635783403,0.0020199711179497773,139.0,388.0,0.07864676262268924,0.40060259700342454,0.0,39994.0,0.37634866393249916,0.0,0
0.48134448243709754,0.0020199711179497773,140.0,388.0,0.07877378870195276,0.40060259700342454,0.0,39994.0,0.37634866393249916,0.0,0
0.4814943159035739,0.00204404273527035,141.0,390.0,0.07889955055110844,0.40060259700342477,0.0,39994.0,0.37634866393249916,0.0,0
0.4816188261304227,0.00204404273527035,142.0,390.0,0.07902406077795725,0.40060259700342477,0.0,39994.0,0.37634866393249916,0.0,0
0.48174209721460376,0.00204404273527035,143.0,390.0,0.07914733186213835,0.40060259700342454,0.0,39994.0,0.37634866393249916,0.0,0
0.4818641415091275,0.00204404273527035,144.0,390.0,0.07926937615666212,0.40060259700342454,0.0,39994.0,0.37634866393249916,0.0,0
0.48198497124186923,0.00204404273527035,145.0,390.0,0.07939020588940388,0.4006025970034245,0.0,39994.0,0.37634866393249916,0.0,0
0.4821045985170257,0.00204404273527035,146.0,390.0,0.0795098331645603,0.4006025970034248,0.0,39994.0,0.37634866393249916,0.0,0
0.482228789048985,0.0020497964677188077,147.0,391.0,0.07962826996407106,0.4006025970034245,0.0,39994.0,0.37634866393249916,0.0,0
0.4823460472339226,0.0020497964677188077,148.0,391.0,0.07974552814900877,0.40060259700342465,0.0,39994.0,0.37634866393249916,0.0,0
0.4824621385458514,0.0020497964677188077,149.0,391.0,0.0798616194609376,0.40060259700342465,0.0,39994.0,0.37634866393249916,0.0,0
0.48258914081058507,0.002061862670145608,150.0,392.0,0.0799765555232444,0.40060259700342454,0.0,39994.0,0.37634866393249916,0.0,0
0.4827029331297835,0.002061862670145608,151.0,392.0,0.08009034784244282,0.40060259700342454,0.0,39994.0,0.37634866393249916,0.0,0
0.48281559309679256,0.002061862670145608,152.0,392.0,0.08020300780945187,0.40060259700342454,0.0,39994.0,0.37634866393249916,0.0,0
0.4829271319881921,0.002061862670145608,153.0,392.0,0.08031454670085145,0.4006025970034247,0.0,39994.0,0.37634866393249916,0.0,0
0.48303863554384296,0.002062937246533258,154.0,393.0,0.08042497568011461,0.40060259700342454,0.0,39994.0,0.37634866393249916,0.0,0
0.4831479656625474,0.002062937246533258,155.0,393.0,0.08053430579881914,0.40060259700342465,0.0,39994.0,0.37634866393249916,0.0,0
0.4832562078615669,0.002062937246533258,156.0,393.0,0.08064254799783864,0.40060259700342465,0.0,39994.0,0.37634866393249916,0.0,0
0.48336337297224263,0.002062937246533258,157.0,393.0,0.08074971310851434,0.40060259700342454,0.0,39994.0,0.37634866393249916,0.0,0
0.4834694717175369,0.002062937246533258,158.0,393.0,0.08085581185380862,0.4006025970034246,0.0,39994.0,0.37634866393249916,0.0,0
0.48357451471316937,0.002062937246533258,159.0,393.0,0.08096085484944106,0.4006025970034247,0.0,39994.0,0.37634866393249916,0.0,0
0.48368113648509925,0.0020655612628967357,160.0,394.0,0.08106485260500748,0.4006025970034245,0.0,39994.0,0.37634866393249916,0.0,0
0.483784099405175,0.0020655612628967357,161.0,394.0,0.08116781552508329,0.4006025970034246,0.0,39994.0,0.37634866393249916,0.0,0
0.4838860377904026,0.0020655612628967357,162.0,394.0,0.0812697539103108,0.40060259700342465,0.0,39994.0,0.37634866393249916,0.0,0
0.48398696183856416,0.0020655612628967357,163.0,394.0,0.08137067795847236,0.4006025970034245,0.0,39994.0,0.37634866393249916,0.0,0
0.48408688164564007,0.0020655612628967357,164.0,394.0,0.08147059776554834,0.4006025970034245,0.0,39994.0,0.37634866393249916,0.0,0
0.4841858072068539,0.0020655612628967357,165.0,394.0,0.08156952332676208,0.40060259700342465,0.0,39994.0,0.37634866393249916,0.0,0
0.4842837484177025,0.0020655612628967357,166.0,394.0,0.08166746453761069,0.40060259700342465,0.0,39994.0,0.37634866393249916,0.0,0
0.4843807150749754,0.0020655612628967357,167.0,394.0,0.0817644311948836,0.40060259700342465,0.0,39994.0,0.37634866393249916,0.0,0
0.48447671687775945,0.0020655612628967357,168.0,394.0,0.0818604329976677,0.4006025970034246,0.0,39994.0,0.37634866393249916,0.0,0
0.48457176342843283,0.0020655612628967357,169.0,394.0,0.08195547954834105,0.40060259700342465,0.0,39994.0,0.37634866393249916,0.0,0
0.48466586423364594,0.0020655612628967357,170.0,394.0,0.08204958035355414,0.4006025970034245,0.0,39994.0,0.37634866393249916,0.0,0
0.4847590287052915,0.0020655612628967357,171.0,394.0,0.08214274482519975,0.40060259700342454,0.0,39994.0,0.37634866393249916,0.0,0
0.48485126616146323,0.0020655612628967357,172.0,394.0,0.08223498228137151,0.4006025970034246,0.0,39994.0,0.37634866393249916,0.0,0
0.48494258582740324,0.0020655612628967357,173.0,394.0,0.08232630194731148,0.40060259700342465,0.0,39994.0,0.37634866393249916,0.0,0
0.4850329968364386,0.0020655612628967357,174.0,394.0,0.08241671295634684,0.4006025970034246,0.0,39994.0,0.37634866393249916,0.0,0
0.48512829706115657,0.002071350093145511,175.0,395.0,0.08250622435081607,0.40060259700342443,0.0,39994.0,0.37634866393249916,0.0,0
0.48521691779332543,0.002071350093145511,176.0,395.0,0.08259484508298487,0.40060259700342465,0.0,39994.0,0.37634866393249916,0.0,0
0.4853046567262923,0.002071350093145511,177.0,395.0,0.0826825840159518,0.40060259700342465,0.0,39994.0,0.37634866393249916,0.0,0
0.4853915226348849,0.002071350093145511,178.0,395.0,0.0827694499245443,0.40060259700342477,0.0,39994.0,0.37634866393249916,0.0,0
0.48547752420654533,0.002071350093145511,179.0,395.0,0.0828554514962048,0.4006025970034246,0.0,39994.0,0.37634866393249916,0.0,0
0.48556267004220743,0.002071350093145511,180.0,395.0,0.0829405973318669,0.4006025970034246,0.0,39994.0,0.37634866393249916,0.0,0
0.4856469686571636,0.002071350093145511,181.0,395.0,0.08302489594682307,0.40060259700342454,0.0,39994.0,0.37634866393249916,0.0,0
0.48574257169129254,0.0020834933025153718,182.0,396.0,0.08310835577158213,0.40060259700342454,0.0,39994.0,0.37634866393249916,0.0,0
0.4858252010724288,0.0020834933025153718,183.0,396.0,0.08319098515271839,0.40060259700342465,0.0,39994.0,0.37634866393249916,0.0,0
0.48590700827342176,0.0020834933025153718,184.0,396.0,0.08327279235371138,0.40060259700342465,0.0,39994.0,0.37634866393249916,0.0,0
0.48600015151287973,0.002095643339907854,185.0,397.0,0.08335378555577685,0.4006025970034245,0.0,39994.0,0.37634866393249916,0.0,0
0.4860803388157924,0.002095643339907854,186.0,397.0,0.08343397285868948,0.40060259700342454,0.0,39994.0,0.37634866393249916,0.0,0
0.4861597282386993,0.002095643339907854,187.0,397.0,0.08351336228159639,0.40060259700342465,0.0,39994.0,0.37634866393249916,0.0,0
0.4862383277209256,0.002095643339907854,188.0,397.0,0.0835919617638227,0.40060259700342454,0.0,39994.0,0.37634866393249916,0.0,0
0.48631614512277177,0.002095643339907854,189.0,397.0,0.08366977916566885,0.40060259700342454,0.0,39994.0,0.37634866393249916,0.0,0
0.4863931882263022,0.002095643339907854,190.0,397.0,0.08374682226919922,0.40060259700342454,0.0,39994.0,0.37634866393249916,0.0,0
0.4864694647361258,0.002095643339907854,191.0,397.0,0.08382309877902291,0.40060259700342465,0.0,39994.0,0.37634866393249916,0.0,0
0.48654498228016974,0.002095643339907854,192.0,397.0,0.08389861632306682,0.4006025970034247,0.0,39994.0,0.37634866393249916,0.0,0
0.48661974841044336,0.002095643339907854,193.0,397.0,0.08397338245334052,0.40060259700342465,0.0,39994.0,0.37634866393249916,0.0,0
0.4866937706037958,0.002095643339907854,194.0,397.0,0.08404740464669296,0.4006025970034244,0.0,39994.0,0.37634866393249916,0.0,0
0.48676705626266553,0.002095643339907854,195.0,397.0,0.08412069030556261,0.4006025970034247,0.0,39994.0,0.37634866393249916,0.0,0
0.48683961271582155,0.002095643339907854,196.0,397.0,0.0841932467587187,0.40060259700342443,0.0,39994.0,0.37634866393249916,0.0,0
0.48691144721909874,0.002095643339907854,197.0,397.0,0.08426508126199582,0.40060259700342454,0.0,39994.0,0.37634866393249916,0.0,0
0.48698256695612363,0.002095643339907854,198.0,397.0,0.0843362009990207,0.40060259700342454,0.0,39994.0,0.37634866393249916,0.0,0
0.4870529790390346,0.002095643339907854,199.0,397.0,0.08440661308193169,0.40060259700342465,0.0,39994.0,0.37634866393249916,0.0,0
0.48712269050919405,0.002095643339907854,200.0,397.0,0.08447632455209118,0.40060259700342465,0.0,39994.0,0.37634866393249916,0.0,0
0.4871917083378935,0.002095643339907854,201.0,397.0,0.08454534238079056,0.4006025970034245,0.0,39994.0,0.37634866393249916,0.0,0
0.48726003942705126,0.002095643339907854,202.0,397.0,0.08461367346994843,0.40060259700342454,0.0,39994.0,0.37634866393249916,0.0,0
0.4873276906099041,0.002095643339907854,203.0,397.0,0.08468132465280122,0.4006025970034247,0.0,39994.0,0.37634866393249916,0.0,0
0.48739466865169057,0.002095643339907854,204.0,397.0,0.08474830269458761,0.40060259700342465,0.0,39994.0,0.37634866393249916,0.0,0
0.48746098025032836,0.002095643339907854,205.0,397.0,0.0848146142932254,0.40060259700342454,0.0,39994.0,0.37634866393249916,0.0,0
0.4875266320370851,0.002095643339907854,206.0,397.0,0.08488026607998218,0.40060259700342454,0.0,39994.0,0.37634866393249916,0.0,0
0.48759163057724153,0.002095643339907854,207.0,397.0,0.08494526462013857,0.40060259700342465,0.0,39994.0,0.37634866393249916,0.0,0
0.4876559823707486,0.002095643339907854,208.0,397.0,0.0850096164136457,0.40060259700342443,0.0,39994.0,0.37634866393249916,0.0,0
0.4877196938528782,0.002095643339907854,209.0,397.0,0.08507332789577532,0.40060259700342443,0.0,39994.0,0.37634866393249916,0.0,0
0.4877827713948667,0.002095643339907854,210.0,397.0,0.08513640543776382,0.40060259700342454,0.0,39994.0,0.37634866393249916,0.0,0
0.48784522130455266,0.002095643339907854,211.0,397.0,0.08519885534744974,0.4006025970034245,0.0,39994.0,0.37634866393249916,0.0,0
0.4879070498270077,0.002095643339907854,212.0,397.0,0.08526068386990482,0.40060259700342465,0.0,39994.0,0.37634866393249916,0.0,0
0.4879682631451618,0.002095643339907854,213.0,397.0,0.08532189718805887,0.40060259700342454,0.0,39994.0,0.37634866393249916,0.0,0
0.488028867380421,0.002095643339907854,214.0,397.0,0.08538250142331813,0.40060259700342454,0.0,39994.0,0.37634866393249916,0.0,0
0.48808886859328093,0.002095643339907854,215.0,397.0,0.085442502636178,0.40060259700342465,0.0,39994.0,0.37634866393249916,0.0,0
0.48814827278393186,0.002095643339907854,216.0,397.0,0.085501906826829,0.40060259700342465,0.0,39994.0,0.37634866393249916,0.0,0
0.48820708589286005,0.002095643339907854,217.0,397.0,0.08556071993575716,0.4006025970034245,0.0,39994.0,0.37634866393249916,0.0,0
0.488265313801441,0.002095643339907854,218.0,397.0,0.08561894784433813,0.40060259700342454,0.0,39994.0,0.37634866393249916,0.0,0
0.48832296233252837,0.002095643339907854,219.0,397.0,0.08567659637542556,0.4006025970034244,0.0,39994.0,0.37634866393249916,0.0,0
0.4883800372510364,0.002095643339907854,220.0,397.0,0.08573367129393356,0.40060259700342454,0.0,39994.0,0.37634866393249916,0.0,0
0.48843654426451605,0.002095643339907854,221.0,397.0,0.08579017830741313,0.40060259700342477,0.0,39994.0,0.37634866393249916,0.0,0
0.4884924890237263,0.002095643339907854,222.0,397.0,0.08584612306662331,0.40060259700342465,0.0,39994.0,0.37634866393249916,0.0,0
0.48854787712319914,0.002095643339907854,223.0,397.0,0.08590151116609626,0.4006025970034245,0.0,39994.0,0.37634866393249916,0.0,0
0.48860271410179956,0.002095643339907854,224.0,397.0,0.08595634814469671,0.40060259700342454,0.0,39994.0,0.37634866393249916,0.0,0
0.48865700544327895,0.002095643339907854,225.0,397.0,0.08601063948617603,0.40060259700342454,0.0,39994.0,0.37634866393249916,0.0,0
0.48871075657682356,0.002095643339907854,226.0,397.0,0.08606439061972074,0.40060259700342465,0.0,39994.0,0.37634866393249916,0.0,0
0.4887639728775982,0.002095643339907854,227.0,397.0,0.08611760692049532,0.40060259700342443,0.0,39994.0,0.37634866393249916,0.0,0
0.488816659667283,0.002095643339907854,228.0,397.0,0.08617029371018013,0.40060259700342477,0.0,39994.0,0.37634866393249916,0.0,0
0.48886882221460604,0.002095643339907854,229.0,397.0,0.08622245625750312,0.40060259700342454,0.0,39994.0,0.37634866393249916,0.0,0
0.4889204657358702,0.002095643339907854,230.0,397.0,0.08627409977876734,0.4006025970034246,0.0,39994.0,0.37634866393249916,0.0,0
0.4889715953954752,0.002095643339907854,231.0,397.0,0.08632522943837223,0.40060259700342454,0.0,39994.0,0.37634866393249916,0.0,0
0.4890222163064332,0.002095643339907854,232.0,397.0,0.08637585034933037,0.40060259700342443,0.0,39994.0,0.37634866393249916,0.0,0
0.4890723335308813,0.002095643339907854,233.0,397.0,0.08642596757377834,0.40060259700342454,0.0,39994.0,0.37634866393249916,0.0,0
0.4891219520805866,0.002095643339907854,234.0,397.0,0.08647558612348367,0.40060259700342454,0.0,39994.0,0.37634866393249916,0.0,0
0.48917107691744843,0.002095643339907854,235.0,397.0,0.08652471096034553,0.4006025970034245,0.0,39994.0,0.37634866393249916,0.0,0
0.4892197129539941,0.002095643339907854,236.0,397.0,0.08657334699689118,0.40060259700342454,0.0,39994.0,0.37634866393249916,0.0,0
0.48926786505386993,0.002095643339907854,237.0,397.0,0.0866214990967671,0.4006025970034246,0.0,39994.0,0.37634866393249916,0.0,0
0.4893155380323284,0.002095643339907854,238.0,397.0,0.08666917207522556,0.40060259700342454,0.0,39994.0,0.37634866393249916,0.0,0
0.48936273665670904,0.002095643339907854,239.0,397.0,0.08671637069960614,0.4006025970034246,0.0,39994.0,0.37634866393249916,0.0,0
0.4894094656469151,0.002095643339907854,240.0,397.0,0.08676309968981225,0.4006025970034245,0.0,39994.0,0.37634866393249916,0.0,0
0.4894557296758864,0.002095643339907854,241.0,397.0,0.08680936371878345,0.4006025970034247,0.0,39994.0,0.37634866393249916,0.0,0
0.48950153337006563,0.002095643339907854,242.0,397.0,0.08685516741296272,0.40060259700342465,0.0,39994.0,0.37634866393249916,0.0,0
0.48954688130986174,0.002095643339907854,243.0,397.0,0.08690051535275886,0.40060259700342454,0.0,39994.0,0.37634866393249916,0.0,0
0.4895917780301077,0.002095643339907854,244.0,397.0,0.08694541207300478,0.40060259700342465,0.0,39994.0,0.37634866393249916,0.0,0
0.4896362280205139,0.002095643339907854,245.0,397.0,0.08698986206341101,0.4006025970034246,0.0,39994.0,0.37634866393249916,0.0,0
0.4896802357261176,0.002095643339907854,246.0,397.0,0.08703386976901466,0.4006025970034247,0.0,39994.0,0.37634866393249916,0.0,0
0.4897238055477266,0.002095643339907854,247.0,397.0,0.08707743959062371,0.40060259700342454,0.0,39994.0,0.37634866393249916,0.0,0
0.48976694184236036,0.002095643339907854,248.0,397.0,0.08712057588525753,0.40060259700342454,0.0,39994.0,0.37634866393249916,0.0,0
0.4898096489236851,0.002095643339907854,249.0,397.0,0.08716328296658221,0.40060259700342465,0.0,39994.0,0.37634866393249916,0.0,0
0.4898519310624449,0.002095643339907854,250.0,397.0,0.08720556510534203,0.40060259700342454,0.0,39994.0,0.37634866393249916,0.0,0
0.48989379248688975,0.002095643339907854,251.0,397.0,0.08724742652978677,0.4006025970034248,0.0,39994.0,0.37634866393249916,0.0,0
0.4899352373831971,0.002095643339907854,252.0,397.0,0.08728887142609427,0.40060259700342465,0.0,39994.0,0.37634866393249916,0.0,0
0.48997626989589205,0.002095643339907854,253.0,397.0,0.08732990393878917,0.4006025970034246,0.0,39994.0,0.37634866393249916,0.0,0
0.49001689412826027,0.002095643339907854,254.0,397.0,0.08737052817115731,0.4006025970034245,0.0,39994.0,0.37634866393249916,0.0,0
0.4900571141427592,0.002095643339907854,255.0,397.0,0.08741074818565629,0.40060259700342465,0.0,39994.0,0.37634866393249916,0.0,0
0.49009693396142423,0.002095643339907854,256.0,397.0,0.08745056800432136,0.40060259700342454,0.0,39994.0,0.37634866393249916,0.0,0
0.4901363575662707,0.002095643339907854,257.0,397.0,0.08748999160916783,0.40060259700342465,0.0,39994.0,0.37634866393249916,0.0,0
0.49017538889969237,0.002095643339907854,258.0,397.0,0.08752902294258945,0.40060259700342465,0.0,39994.0,0.37634866393249916,0.0,0
0.4902140318648551,0.002095643339907854,259.0,397.0,0.08756766590775225,0.4006025970034247,0.0,39994.0,0.37634866393249916,0.0,0
0.49025229032608814,0.002095643339907854,260.0,397.0,0.08760592436898523,0.40060259700342477,0.0,39994.0,0.37634866393249916,0.0,0
0.49029016810926945,0.002095643339907854,261.0,397.0,0.08764380215216659,0.4006025970034246,0.0,39994.0,0.37634866393249916,0.0,0
0.4903276690022093,0.002095643339907854,262.0,397.0,0.08768130304510639,0.4006025970034247,0.0,39994.0,0.37634866393249916,0.0,0
0.4903647967550283,0.002095643339907854,263.0,397.0,0.08771843079792543,0.4006025970034247,0.0,39994.0,0.37634866393249916,0.0,0
0.49040155508053296,0.002095643339907854,264.0,397.0,0.08775518912343004,0.4006025970034246,0.0,39994.0,0.37634866393249916,0.0,0
0.4904379476545864,0.002095643339907854,265.0,397.0,0.08779158169748354,0.4006025970034247,0.0,39994.0,0.37634866393249916,0.0,0
0.4904739781164767,0.002095643339907854,266.0,397.0,0.08782761215937378,0.40060259700342465,0.0,39994.0,0.37634866393249916,0.0,0
0.49050965006928,0.002095643339907854,267.0,397.0,0.0878632841121771,0.4006025970034245,0.0,39994.0,0.37634866393249916,0.0,0
0.4905449670802215,0.002095643339907854,268.0,397.0,0.08789860112311865,0.4006025970034247,0.0,39994.0,0.37634866393249916,0.0,0
0.4905799326810319,0.002095643339907854,269.0,397.0,0.087933566723929,0.40060259700342465,0.0,39994.0,0.37634866393249916,0.0,0
0.4906268169174666,0.002107909889074114,270.0,398.0,0.08796818441119747,0.4006025970034247,0.0,39994.0,0.37634866393249916,0.0,0
0.4906610901529909,0.002107909889074114,271.0,398.0,0.08800245764672174,0.40060259700342465,0.0,39994.0,0.37634866393249916,0.0,0
0.4906950223641231,0.002107909889074114,272.0,398.0,0.08803638985785397,0.4006025970034246,0.0,39994.0,0.37634866393249916,0.0,0
0.49072861694411274,0.002107909889074114,273.0,398.0,0.08806998443784363,0.40060259700342465,0.0,39994.0,0.37634866393249916,0.0,0
0.49076187725244586,0.002107909889074114,274.0,398.0,0.08810324474617673,0.4006025970034246,0.0,39994.0,0.37634866393249916,0.0,0
0.49079480661518105,0.002107909889074114,275.0,398.0,0.08813617410891193,0.40060259700342454,0.0,39994.0,0.37634866393249916,0.0,0
0.4908274083252822,0.002107909889074114,276.0,398.0,0.088168775819013,0.40060259700342465,0.0,39994.0,0.37634866393249916,0.0,0
0.49085968564294724,0.002107909889074114,277.0,398.0,0.0882010531366781,0.40060259700342454,0.0,39994.0,0.37634866393249916,0.0,0
0.4908916417959351,0.002107909889074114,278.0,398.0,0.08823300928966596,0.40060259700342465,0.0,39994.0,0.37634866393249916,0.0,0
0.4909232799798877,0.002107909889074114,279.0,398.0,0.08826464747361856,0.40060259700342454,0.0,39994.0,0.37634866393249916,0.0,0
0.4909668782939024,0.002120184824326645,280.0,399.0,0.0882959708523807,0.40060259700342454,0.0,39994.0,0.37634866393249916,0.0,0
0.49099788999983796,0.002120184824326645,281.0,399.0,0.08832698255831632,0.40060259700342443,0.0,39994.0,0.37634866393249916,0.0,0
0.49102859313414365,0.002120184824326645,282.0,399.0,0.08835768569262195,0.40060259700342443,0.0,39994.0,0.37634866393249916,0.0,0
0.49105899076715837,0.002120184824326645,283.0,399.0,0.08838808332563668,0.40060259700342454,0.0,39994.0,0.37634866393249916,0.0,0
0.4910890859386706,0.002120184824326645,284.0,399.0,0.088418178497149,0.4006025970034244,0.0,39994.0,0.37634866393249916,0.0,0
0.49111888165822304,0.002120184824326645,285.0,399.0,0.08844797421670132,0.4006025970034246,0.0,39994.0,0.37634866393249916,0.0,0
0.4911483809054121,0.002120184824326645,286.0,399.0,0.08847747346389036,0.4006025970034247,0.0,39994.0,0.37634866393249916,0.0,0
0.49117758663018724,0.002120184824326645,287.0,399.0,0.08850667918866549,0.4006025970034246,0.0,39994.0,0.37634866393249916,0.0,0
0.4912065017531452,0.002120184824326645,288.0,399.0,0.0885355943116235,0.40060259700342454,0.0,39994.0,0.37634866393249916,0.0,0
0.49123512916582235,0.002120184824326645,289.0,399.0,0.08856422172430073,0.40060259700342454,0.0,39994.0,0.37634866393249916,0.0,0
0.4912661372309238,0.002122850324266276,290.0,400.0,0.08859256428946248,0.4006025970034248,0.0,39994.0,0.37634866393249916,0.0,0
0.4912941977828501,0.002122850324266276,291.0,400.0,0.08862062484138873,0.40060259700342454,0.0,39994.0,0.37634866393249916,0.0,0
0.4913219791276195,0.002122850324266276,292.0,400.0,0.08864840618615821,0.4006025970034246,0.0,39994.0,0.37634866393249916,0.0,0
0.49134948404338974,0.002122850324266276,293.0,400.0,0.0886759111019284,0.4006025970034247,0.0,39994.0,0.37634866393249916,0.0,0
0.4913767152806754,0.002122850324266276,294.0,400.0,0.08870314233921403,0.40060259700342477,0.0,39994.0,0.37634866393249916,0.0,0
0.49140367556262254,0.002122850324266276,295.0,400.0,0.08873010262116127,0.4006025970034246,0.0,39994.0,0.37634866393249916,0.0,0
0.49143036758528225,0.002122850324266276,296.0,400.0,0.08875679464382094,0.4006025970034247,0.0,39994.0,0.37634866393249916,0.0,0
0.49145679401787884,0.002122850324266276,297.0,400.0,0.08878322107641752,0.4006025970034245,0.0,39994.0,0.37634866393249916,0.0,0
0.4914829575030777,0.002122850324266276,298.0,400.0,0.08880938456161637,0.40060259700342465,0.0,39994.0,0.37634866393249916,0.0,0
0.49150886065724897,0.002122850324266276,299.0,400.0,0.08883528771578765,0.40060259700342454,0.0,39994.0,0.37634866393249916,0.0,0
0.49153450607072985,0.002122850324266276,300.0,400.0,0.08886093312926854,0.4006025970034245,0.0,39994.0,0.37634866393249916,0.0,0
0.4915598963080829,0.002122850324266276,301.0,400.0,0.08888632336662161,0.4006025970034244,0.0,39994.0,0.37634866393249916,0.0,0
0.49158503390835323,0.002122850324266276,302.0,400.0,0.08891146096689191,0.40060259700342454,0.0,39994.0,0.37634866393249916,0.0,0
0.4916099213853216,0.002122850324266276,303.0,400.0,0.08893634844386034,0.40060259700342454,0.0,39994.0,0.37634866393249916,0.0,0
0.4916345612277567,0.002122850324266276,304.0,400.0,0.08896098828629531,0.40060259700342465,0.0,39994.0,0.37634866393249916,0.0,0
0.491658955899663,0.002122850324266276,305.0,400.0,0.08898538295820167,0.40060259700342465,0.0,39994.0,0.37634866393249916,0.0,0
0.4916831078405282,0.002122850324266276,306.0,400.0,0.0890095348990669,0.40060259700342454,0.0,39994.0,0.37634866393249916,0.0,0
0.49170701946556655,0.002122850324266276,307.0,400.0,0.08903344652410523,0.40060259700342465,0.0,39994.0,0.37634866393249916,0.0,0
0.49173069316596046,0.002122850324266276,308.0,400.0,0.0890571202244991,0.4006025970034245,0.0,39994.0,0.37634866393249916,0.0,0
0.49175413130909956,0.002122850324266276,309.0,400.0,0.08908055836763823,0.40060259700342477,0.0,39994.0,0.37634866393249916,0.0,0
0.4917773362388178,0.002122850324266276,310.0,400.0,0.08910376329735645,0.4006025970034247,0.0,39994.0,0.37634866393249916,0.0,0
0.4918003102756275,0.002122850324266276,311.0,400.0,0.0891267373341662,0.40060259700342454,0.0,39994.0,0.37634866393249916,0.0,0
0.4918230557169515,0.002122850324266276,312.0,400.0,0.0891494827754902,0.4006025970034245,0.0,39994.0,0.37634866393249916,0.0,0
0.4918455748373529,0.002122850324266276,313.0,400.0,0.0891720018958916,0.40060259700342465,0.0,39994.0,0.37634866393249916,0.0,0
0.49186786988876247,0.002122850324266276,314.0,400.0,0.08919429694730112,0.40060259700342465,0.0,39994.0,0.37634866393249916,0.0,0
0.49188994310070383,0.002122850324266276,315.0,400.0,0.0892163701592426,0.40060259700342465,0.0,39994.0,0.37634866393249916,0.0,0
0.4919117966805169,0.002122850324266276,316.0,400.0,0.08923822373905553,0.40060259700342465,0.0,39994.0,0.37634866393249916,0.0,0
0.4919334328135775,0.002122850324266276,317.0,400.0,0.08925985987211614,0.4006025970034246,0.0,39994.0,0.37634866393249916,0.0,0
0.4919548536635171,0.002122850324266276,318.0,400.0,0.08928128072205574,0.4006025970034245,0.0,39994.0,0.37634866393249916,0.0,0
0.4919760613724386,0.002122850324266276,319.0,400.0,0.08930248843097724,0.40060259700342454,0.0,39994.0,0.37634866393249916,0.0,0
0.4919970580611304,0.002122850324266276,320.0,400.0,0.08932348511966913,0.4006025970034246,0.0,39994.0,0.37634866393249916,0.0,0
0.49201784582927915,0.002122850324266276,321.0,400.0,0.08934427288781784,0.4006025970034245,0.0,39994.0,0.37634866393249916,0.0,0
0.49203842675567877,0.002122850324266276,322.0,400.0,0.08936485381421748,0.40060259700342454,0.0,39994.0,0.37634866393249916,0.0,0
0.4920588028984391,0.002122850324266276,323.0,400.0,0.08938522995697781,0.40060259700342454,0.0,39994.0,0.37634866393249916,0.0,0
0.49207897629519154,0.002122850324266276,324.0,400.0,0.08940540335373022,0.4006025970034245,0.0,39994.0,0.37634866393249916,0.0,0
0.4920989489632923,0.002122850324266276,325.0,400.0,0.08942537602183101,0.40060259700342454,0.0,39994.0,0.37634866393249916,0.0,0
0.492118722900025,0.002122850324266276,326.0,400.0,0.08944514995856373,0.40060259700342454,0.0,39994.0,0.37634866393249916,0.0,0
0.4921383000827999,0.002122850324266276,327.0,400.0,0.08946472714133856,0.40060259700342454,0.0,39994.0,0.37634866393249916,0.0,0
0.4921576824693514,0.002122850324266276,328.0,400.0,0.08948410952789,0.40060259700342454,0.0,39994.0,0.37634866393249916,0.0,0
0.4921768719979342,0.002122850324266276,329.0,400.0,0.08950329905647292,0.4006025970034245,0.0,39994.0,0.37634866393249916,0.0,0
0.4921958705875175,0.002122850324266276,330.0,400.0,0.08952229764605622,0.40060259700342443,0.0,39994.0,0.37634866393249916,0.0,0
0.4922146801379759,0.002122850324266276,331.0,400.0,0.08954110719651462,0.40060259700342454,0.0,39994.0,0.37634866393249916,0.0,0
0.49223330253028,0.002122850324266276,332.0,400.0,0.08955972958881878,0.40060259700342454,0.0,39994.0,0.37634866393249916,0.0,0
0.4922517396266849,0.002122850324266276,333.0,400.0,0.08957816668522359,0.40060259700342454,0.0,39994.0,0.37634866393249916,0.0,0
0.49226999327091525,0.002122850324266276,334.0,400.0,0.08959642032945399,0.4006025970034247,0.0,39994.0,0.37634866393249916,0.0,0
0.4922880652883509,0.002122850324266276,335.0,400.0,0.08961449234688959,0.40060259700342465,0.0,39994.0,0.37634866393249916,0.0,0
0.49230595748620853,0.002122850324266276,336.0,400.0,0.0896323845447472,0.40060259700342465,0.0,39994.0,0.37634866393249916,0.0,0
0.4923236716537229,0.002122850324266276,337.0,400.0,0.08965009871226161,0.4006025970034245,0.0,39994.0,0.37634866393249916,0.0,0
0.49234120956232547,0.002122850324266276,338.0,400.0,0.08966763662086417,0.40060259700342454,0.0,39994.0,0.37634866393249916,0.0,0
0.49235857296582175,0.002122850324266276,339.0,400.0,0.08968500002436047,0.40060259700342454,0.0,39994.0,0.37634866393249916,0.0,0
0.49237576360056673,0.002122850324266276,340.0,400.0,0.08970219065910535,0.40060259700342454,0.0,39994.0,0.37634866393249916,0.0,0
0.49239278318563784,0.002122850324266276,341.0,400.0,0.08971921024417649,0.40060259700342465,0.0,39994.0,0.37634866393249916,0.0,0
0.49240963342300803,0.002122850324266276,342.0,400.0,0.08973606048154671,0.40060259700342477,0.0,39994.0,0.37634866393249916,0.0,0
0.492426315997715,0.002122850324266276,343.0,400.0,0.0897527430562537,0.40060259700342465,0.0,39994.0,0.37634866393249916,0.0,0
0.4924428325780302,0.002122850324266276,344.0,400.0,0.08976925963656886,0.4006025970034247,0.0,39994.0,0.37634866393249916,0.0,0
0.4924591848156253,0.002122850324266276,345.0,400.0,0.08978561187416394,0.40060259700342465,0.0,39994.0,0.37634866393249916,0.0,0
0.4924753743457378,0.002122850324266276,346.0,400.0,0.08980180140427646,0.4006025970034246,0.0,39994.0,0.37634866393249916,0.0,0
0.49249140278733416,0.002122850324266276,347.0,400.0,0.08981782984587283,0.40060259700342465,0.0,39994.0,0.37634866393249916,0.0,0
0.4925072717432718,0.002122850324266276,348.0,400.0,0.08983369880181054,0.40060259700342443,0.0,39994.0,0.37634866393249916,0.0,0
0.4925229828004597,0.002122850324266276,349.0,400.0,0.08984940985899838,0.40060259700342465,0.0,39994.0,0.37634866393249916,0.0,0
0.49253853753001664,0.002122850324266276,350.0,400.0,0.08986496458855533,0.4006025970034245,0.0,39994.0,0.37634866393249916,0.0,0
0.49255393748742843,0.002122850324266276,351.0,400.0,0.08988036454596714,0.40060259700342454,0.0,39994.0,0.37634866393249916,0.0,0
0.4925691842127039,0.002122850324266276,352.0,400.0,0.08989561127124253,0.4006025970034247,0.0,39994.0,0.37634866393249916,0.0,0
0.4925842792305279,0.002122850324266276,353.0,400.0,0.08991070628906654,0.4006025970034247,0.0,39994.0,0.37634866393249916,0.0,0
0.49259922405041506,0.002122850324266276,354.0,400.0,0.08992565110895372,0.4006025970034247,0.0,39994.0,0.37634866393249916,0.0,0
0.4926140201668597,0.002122850324266276,355.0,400.0,0.08994044722539836,0.4006025970034246,0.0,39994.0,0.37634866393249916,0.0,0
0.49262866905948594,0.002122850324266276,356.0,400.0,0.08995509611802457,0.40060259700342454,0.0,39994.0,0.37634866393249916,0.0,0
0.49264317219319503,0.002122850324266276,357.0,400.0,0.08996959925173374,0.4006025970034247,0.0,39994.0,0.37634866393249916,0.0,0
0.49265753101831267,0.002122850324266276,358.0,400.0,0.08998395807685136,0.40060259700342454,0.0,39994.0,0.37634866393249916,0.0,0
0.49267174697073324,0.002122850324266276,359.0,400.0,0.0899981740292719,0.40060259700342454,0.0,39994.0,0.37634866393249916,0.0,0
0.4926858214720637,0.002122850324266276,360.0,400.0,0.09001224853060241,0.40060259700342454,0.0,39994.0,0.37634866393249916,0.0,0
0.49269975592976617,0.002122850324266276,361.0,400.0,0.09002618298830482,0.4006025970034247,0.0,39994.0,0.37634866393249916,0.0,0
0.4927135517372978,0.002122850324266276,362.0,400.0,0.09003997879583647,0.40060259700342454,0.0,39994.0,0.37634866393249916,0.0,0
0.4927272102742508,0.002122850324266276,363.0,400.0,0.09005363733278957,0.4006025970034244,0.0,39994.0,0.37634866393249916,0.0,0
0.4927407329064906,0.002122850324266276,364.0,400.0,0.0900671599650293,0.40060259700342454,0.0,39994.0,0.37634866393249916,0.0,0
0.49275412098629134,0.002122850324266276,365.0,400.0,0.09008054804483005,0.4006025970034245,0.0,39994.0,0.37634866393249916,0.0,0
0.4927673758524723,0.002122850324266276,366.0,400.0,0.09009380291101103,0.4006025970034247,0.0,39994.0,0.37634866393249916,0.0,0
0.49278049883053116,0.002122850324266276,367.0,400.0,0.09010692588906986,0.4006025970034247,0.0,39994.0,0.37634866393249916,0.0,0
0.49279349123277655,0.002122850324266276,368.0,400.0,0.09011991829131527,0.40060259700342443,0.0,39994.0,0.37634866393249916,0.0,0
0.4928063543584597,0.002122850324266276,369.0,400.0,0.09013278141699838,0.40060259700342454,0.0,39994.0,0.37634866393249916,0.0,0
0.49281908949390374,0.002122850324266276,370.0,400.0,0.09014551655244248,0.40060259700342465,0.0,39994.0,0.37634866393249916,0.0,0
0.49283169791263287,0.002122850324266276,371.0,400.0,0.09015812497117161,0.4006025970034245,0.0,39994.0,0.37634866393249916,0.0,0
0.49284418087549964,0.002122850324266276,372.0,400.0,0.09017060793403829,0.40060259700342477,0.0,39994.0,0.37634866393249916,0.0,0
0.49285653963081033,0.002122850324266276,373.0,400.0,0.09018296668934905,0.40060259700342454,0.0,39994.0,0.37634866393249916,0.0,0
0.49286877541445123,0.002122850324266276,374.0,400.0,0.09019520247298993,0.40060259700342454,0.0,39994.0,0.37634866393249916,0.0,0
0.4928808894500106,0.002122850324266276,375.0,400.0,0.09020731650854928,0.40060259700342454,0.0,39994.0,0.37634866393249916,0.0,0
0.49289288294890227,0.002122850324266276,376.0,400.0,0.09021931000744093,0.40060259700342454,0.0,39994.0,0.37634866393249916,0.0,0
0.4929047571104859,0.002122850324266276,377.0,400.0,0.09023118416902462,0.4006025970034245,0.0,39994.0,0.37634866393249916,0.0,0
0.49291651312218776,0.002122850324266276,378.0,400.0,0.09024294018072644,0.40060259700342454,0.0,39994.0,0.37634866393249916,0.0,0
0.4929281521596187,0.002122850324266276,379.0,400.0,0.09025457921815744,0.4006025970034245,0.0,39994.0,0.37634866393249916,0.0,0
0.49293967538669226,0.002122850324266276,380.0,400.0,0.09026610244523095,0.4006025970034247,0.0,39994.0,0.37634866393249916,0.0,0
0.4929510839557407,0.002122850324266276,381.0,400.0,0.0902775110142794,0.4006025970034245,0.0,39994.0,0.37634866393249916,0.0,0
0.4929623790076304,0.002122850324266276,382.0,400.0,0.09028880606616908,0.4006025970034245,0.0,39994.0,0.37634866393249916,0.0,0
0.4929735616718759,0.002122850324266276,383.0,400.0,0.09029998873041464,0.40060259700342465,0.0,39994.0,0.37634866393249916,0.0,0
0.49298463306675316,0.002122850324266276,384.0,400.0,0.09031106012529183,0.40060259700342454,0.0,39994.0,0.37634866393249916,0.0,0
0.4929955942994107,0.002122850324266276,385.0,400.0,0.09032202135794937,0.40060259700342465,0.0,39994.0,0.37634866393249916,0.0,0
0.493006446465981,0.002122850324266276,386.0,400.0,0.0903328735245197,0.4006025970034247,0.0,39994.0,0.37634866393249916,0.0,0
0.49301719065168975,0.002122850324266276,387.0,400.0,0.0903436177102284,0.4006025970034245,0.0,39994.0,0.37634866393249916,0.0,0
0.49302782793096445,0.002122850324266276,388.0,400.0,0.09035425498950314,0.40060259700342454,0.0,39994.0,0.37634866393249916,0.0,0
0.493038359367542,0.002122850324266276,389.0,400.0,0.09036478642608063,0.40060259700342477,0.0,39994.0,0.37634866393249916,0.0,0
0.4930487860145746,0.002122850324266276,390.0,400.0,0.09037521307311323,0.4006025970034246,0.0,39994.0,0.37634866393249916,0.0,0
0.4930591089147358,0.002122850324266276,391.0,400.0,0.0903855359732745,0.4006025970034245,0.0,39994.0,0.37634866393249916,0.0,0
0.49306932910032425,0.002122850324266276,392.0,400.0,0.09039575615886292,0.40060259700342465,0.0,39994.0,0.37634866393249916,0.0,0
0.493079447593367,0.002122850324266276,393.0,400.0,0.09040587465190568,0.4006025970034247,0.0,39994.0,0.37634866393249916,0.0,0
0.49308946540572174,0.002122850324266276,394.0,400.0,0.09041589246426047,0.40060259700342454,0.0,39994.0,0.37634866393249916,0.0,0
0.4930993835391781,0.002122850324266276,395.0,400.0,0.09042581059771683,0.40060259700342477,0.0,39994.0,0.37634866393249916,0.0,0
0.4931092029855576,0.002122850324266276,396.0,400.0,0.09043563004409631,0.40060259700342443,0.0,39994.0,0.37634866393249916,0.0,0
0.4931312543094381,0.002135179906891183,397.0,401.0,0.0904453517853519,0.40060259700342443,0.0,39994.0,0.37634866393249916,0.0,0
0.493140879317752,0.002135179906891183,398.0,401.0,0.09045497679366582,0.40060259700342454,0.0,39994.0,0.37634866393249916,0.0,0
0.493150408555633,0.002135179906891183,399.0,401.0,0.09046450603154675,0.40060259700342454,0.0,39994.0,0.37634866393249916,0.0,0
0.49315984297601284,0.002135179906891183,400.0,401.0,0.09047394045192657,0.40060259700342477,0.0,39994.0,0.37634866393249916,0.0,0
0.49316918352234135,0.002135179906891183,401.0,401.0,0.0904832809982551,0.4006025970034247,0.0,39994.0,0.37634866393249916,0.0,0
0.49317843112868104,0.002135179906891183,402.0,401.0,0.09049252860459484,0.40060259700342454,0.0,39994.0,0.37634866393249916,0.0,0
0.49318758671980023,0.002135179906891183,403.0,401.0,0.09050168419571401,0.40060259700342465,0.0,39994.0,0.37634866393249916,0.0,0
0.4931966512112657,0.002135179906891183,404.0,401.0,0.0905107486871795,0.40060259700342454,0.0,39994.0,0.37634866393249916,0.0,0
0.493205625509534,0.002135179906891183,405.0,401.0,0.09051972298544785,0.4006025970034245,0.0,39994.0,0.37634866393249916,0.0,0
0.4932145105120427,0.002135179906891183,406.0,401.0,0.09052860798795648,0.40060259700342454,0.0,39994.0,0.37634866393249916,0.0,0
0.49322330710729917,0.002135179906891183,407.0,401.0,0.09053740458321297,0.40060259700342454,0.0,39994.0,0.37634866393249916,0.0,0
0.4932320161749705,0.002135179906891183,408.0,401.0,0.09054611365088425,0.40060259700342454,0.0,39994.0,0.37634866393249916,0.0,0
0.4932406385859705,0.002135179906891183,409.0,401.0,0.09055473606188431,0.4006025970034245,0.0,39994.0,0.37634866393249916,0.0,0
0.4932498582834646,0.0021358629878081813,410.0,402.0,0.09056327267846147,0.4006025970034244,0.0,39994.0,0.37634866393249916,0.0,0
0.4932583099592876,0.0021358629878081813,411.0,402.0,0.09057172435428437,0.40060259700342454,0.0,39994.0,0.37634866393249916,0.0,0
0.493266677539531,0.0021358629878081813,412.0,402.0,0.09058009193452786,0.4006025970034245,0.0,39994.0,0.37634866393249916,0.0,0
0.49327496186096,0.0021358629878081813,413.0,402.0,0.09058837625595675,0.4006025970034245,0.0,39994.0,0.37634866393249916,0.0,0
0.4932831637520133,0.0021358629878081813,414.0,402.0,0.09059657814701012,0.40060259700342465,0.0,39994.0,0.37634866393249916,0.0,0
0.4932912840328872,0.0021358629878081813,415.0,402.0,0.09060469842788398,0.40060259700342454,0.0,39994.0,0.37634866393249916,0.0,0
0.4932993235156164,0.0021358629878081813,416.0,402.0,0.09061273791061317,0.40060259700342465,0.0,39994.0,0.37634866393249916,0.0,0
0.4933072830041558,0.0021358629878081813,417.0,402.0,0.09062069739915256,0.4006025970034246,0.0,39994.0,0.37634866393249916,0.0,0
0.493315163294461,0.0021358629878081813,418.0,402.0,0.09062857768945777,0.40060259700342454,0.0,39994.0,0.37634866393249916,0.0,0
0.49332296517456753,0.0021358629878081813,419.0,402.0,0.0906363795695643,0.40060259700342465,0.0,39994.0,0.37634866393249916,0.0,0
0.49333068942466995,0.0021358629878081813,420.0,402.0,0.09064410381966671,0.40060259700342477,0.0,39994.0,0.37634866393249916,0.0,0
0.49333833681719963,0.0021358629878081813,421.0,402.0,0.09065175121219644,0.4006025970034246,0.0,39994.0,0.37634866393249916,0.0,0
0.49334590811690227,0.0021358629878081813,422.0,402.0,0.0906593225118991,0.40060259700342454,0.0,39994.0,0.37634866393249916,0.0,0
0.4933534040809142,0.0021358629878081813,423.0,402.0,0.09066681847591102,0.4006025970034245,0.0,39994.0,0.37634866393249916,0.0,0
0.493360825458838,0.0021358629878081813,424.0,402.0,0.09067423985383476,0.4006025970034247,0.0,39994.0,0.37634866393249916,0.0,0
0.4933681729928176,0.0021358629878081813,425.0,402.0,0.09068158738781441,0.4006025970034245,0.0,39994.0,0.37634866393249916,0.0,0
0.4933754474176126,0.0021358629878081813,426.0,402.0,0.09068886181260934,0.4006025970034247,0.0,39994.0,0.37634866393249916,0.0,0
0.4933826494606715,0.0021358629878081813,427.0,402.0,0.09069606385566821,0.40060259700342454,0.0,39994.0,0.37634866393249916,0.0,0
0.4933897798422046,0.0021358629878081813,428.0,402.0,0.09070319423720137,0.4006025970034246,0.0,39994.0,0.37634866393249916,0.0,0
0.493396839275256,0.0021358629878081813,429.0,402.0,0.0907102536702528,0.4006025970034246,0.0,39994.0,0.37634866393249916,0.0,0
0.49340382846577485,0.0021358629878081813,430.0,402.0,0.09071724286077168,0.4006025970034244,0.0,39994.0,0.37634866393249916,0.0,0
0.49341074811268626,0.0021358629878081813,431.0,402.0,0.09072416250768303,0.40060259700342465,0.0,39994.0,0.37634866393249916,0.0,0
0.4934175989079604,0.0021358629878081813,432.0,402.0,0.0907310133029572,0.40060259700342454,0.0,39994.0,0.37634866393249916,0.0,0
0.49342438153668267,0.0021358629878081813,433.0,402.0,0.09073779593167942,0.40060259700342454,0.0,39994.0,0.37634866393249916,0.0,0
0.4934310966771214,0.0021358629878081813,434.0,402.0,0.09074451107211819,0.40060259700342443,0.0,39994.0,0.37634866393249916,0.0,0
0.4934377450007965,0.0021358629878081813,435.0,402.0,0.09075115939579326,0.40060259700342465,0.0,39994.0,0.37634866393249916,0.0,0
0.49344432717254566,0.0021358629878081813,436.0,402.0,0.09075774156754245,0.40060259700342465,0.0,39994.0,0.37634866393249916,0.0,0
0.4934508438505916,0.0021358629878081813,437.0,402.0,0.0907642582455884,0.40060259700342454,0.0,39994.0,0.37634866393249916,0.0,0
0.4934572956866077,0.0021358629878081813,438.0,402.0,0.09077071008160448,0.4006025970034245,0.0,39994.0,0.37634866393249916,0.0,0
0.4934636833257828,0.0021358629878081813,439.0,402.0,0.0907770977207795,0.40060259700342465,0.0,39994.0,0.37634866393249916,0.0,0
0.493470007406886,0.0021358629878081813,440.0,402.0,0.09078342180188281,0.4006025970034245,0.0,39994.0,0.37634866393249916,0.0,0
0.49347626856233107,0.0021358629878081813,441.0,402.0,0.09078968295732778,0.4006025970034246,0.0,39994.0,0.37634866393249916,0.0,0
0.49348246741823837,0.0021358629878081813,442.0,402.0,0.09079588181323514,0.40060259700342465,0.0,39994.0,0.37634866393249916,0.0,0
0.49348860459449884,0.0021358629878081813,443.0,402.0,0.09080201898949562,0.4006025970034246,0.0,39994.0,0.37634866393249916,0.0,0
0.49349468070483526,0.0021358629878081813,444.0,402.0,0.09080809509983201,0.4006025970034246,0.0,39994.0,0.37634866393249916,0.0,0
0.49350069635686367,0.0021358629878081813,445.0,402.0,0.09081411075186045,0.40060259700342454,0.0,39994.0,0.37634866393249916,0.0,0
0.4935066521521542,0.0021358629878081813,446.0,402.0,0.09082006654715105,0.40060259700342465,0.0,39994.0,0.37634866393249916,0.0,0
0.49351254868629163,0.0021358629878081813,447.0,402.0,0.09082596308128835,0.40060259700342465,0.0,39994.0,0.37634866393249916,0.0,0
0.49351838654893393,0.0021358629878081813,448.0,402.0,0.09083180094393069,0.40060259700342454,0.0,39994.0,0.37634866393249916,0.0,0
0.49352416632387247,0.0021358629878081813,449.0,402.0,0.09083758071886919,0.40060259700342477,0.0,39994.0,0.37634866393249916,0.0,0
0.4935298885890894,0.0021358629878081813,450.0,402.0,0.09084330298408616,0.40060259700342454,0.0,39994.0,0.37634866393249916,0.0,0
0.49353555391681625,0.0021358629878081813,451.0,402.0,0.09084896831181295,0.4006025970034248,0.0,39994.0,0.37634866393249916,0.0,0
0.49354116287359,0.0021358629878081813,452.0,402.0,0.09085457726858684,0.4006025970034246,0.0,39994.0,0.37634866393249916,0.0,0
0.49354671602031164,0.0021358629878081813,453.0,402.0,0.09086013041530848,0.4006025970034245,0.0,39994.0,0.37634866393249916,0.0,0
0.4935522139123002,0.0021358629878081813,454.0,402.0,0.09086562830729693,0.40060259700342465,0.0,39994.0,0.37634866393249916,0.0,0
0.49355765709934935,0.0021358629878081813,455.0,402.0,0.09087107149434613,0.4006025970034245,0.0,39994.0,0.37634866393249916,0.0,0
0.49356304612578256,0.0021358629878081813,456.0,402.0,0.09087646052077929,0.40060259700342454,0.0,39994.0,0.37634866393249916,0.0,0
0.4935683815305067,0.0021358629878081813,457.0,402.0,0.09088179592550341,0.40060259700342465,0.0,39994.0,0.37634866393249916,0.0,0
0.49357366384706675,0.0021358629878081813,458.0,402.0,0.09088707824206356,0.4006025970034245,0.0,39994.0,0.37634866393249916,0.0,0
0.49357889360369894,0.0021358629878081813,459.0,402.0,0.09089230799869574,0.40060259700342443,0.0,39994.0,0.37634866393249916,0.0,0
0.4935840713233832,0.0021358629878081813,460.0,402.0,0.09089748571837998,0.40060259700342454,0.0,39994.0,0.37634866393249916,0.0,0
0.49358919752389585,0.0021358629878081813,461.0,402.0,0.0909026119188926,0.40060259700342454,0.0,39994.0,0.37634866393249916,0.0,0
0.493594272717861,0.0021358629878081813,462.0,402.0,0.09090768711285781,0.40060259700342454,0.0,39994.0,0.37634866393249916,0.0,0
0.49359929741280256,0.0021358629878081813,463.0,402.0,0.09091271180779933,0.4006025970034246,0.0,39994.0,0.37634866393249916,0.0,0
0.4936042721111941,0.0021358629878081813,464.0,402.0,0.09091768650619086,0.40060259700342454,0.0,39994.0,0.37634866393249916,0.0,0
0.4936091973105095,0.0021358629878081813,465.0,402.0,0.0909226117055063,0.40060259700342443,0.0,39994.0,0.37634866393249916,0.0,0
0.49361407350327297,0.0021358629878081813,466.0,402.0,0.0909274878982698,0.4006025970034246,0.0,39994.0,0.37634866393249916,0.0,0
0.4936189011771078,0.0021358629878081813,467.0,402.0,0.09093231557210459,0.40060259700342454,0.0,39994.0,0.37634866393249916,0.0,0
0.49362368081478536,0.0021358629878081813,468.0,402.0,0.09093709520978213,0.40060259700342477,0.0,39994.0,0.37634866393249916,0.0,0
0.4936284128942734,0.0021358629878081813,469.0,402.0,0.0909418272892701,0.4006025970034247,0.0,39994.0,0.37634866393249916,0.0,0
0.49363309788878373,0.0021358629878081813,470.0,402.0,0.09094651228378049,0.4006025970034245,0.0,39994.0,0.37634866393249916,0.0,0
0.4936377362668199,0.0021358629878081813,471.0,402.0,0.09095115066181665,0.40060259700342465,0.0,39994.0,0.37634866393249916,0.0,0
0.49364232849222345,0.0021358629878081813,472.0,402.0,0.09095574288722022,0.40060259700342477,0.0,39994.0,0.37634866393249916,0.0,0
0.4936468750242207,0.0021358629878081813,473.0,402.0,0.09096028941921748,0.40060259700342454,0.0,39994.0,0.37634866393249916,0.0,0
0.49365137631746875,0.0021358629878081813,474.0,402.0,0.0909647907124656,0.40060259700342443,0.0,39994.0,0.37634866393249916,0.0,0
0.49365583282210074,0.0021358629878081813,475.0,402.0,0.0909692472170975,0.40060259700342465,0.0,39994.0,0.37634866393249916,0.0,0
0.4936602449837707,0.0021358629878081813,476.0,402.0,0.09097365937876747,0.40060259700342465,0.0,39994.0,0.37634866393249916,0.0,0
0.4936646132436984,0.0021358629878081813,477.0,402.0,0.09097802763869521,0.4006025970034245,0.0,39994.0,0.37634866393249916,0.0,0
0.49366893803871376,0.0021358629878081813,478.0,402.0,0.09098235243371051,0.4006025970034247,0.0,39994.0,0.37634866393249916,0.0,0
0.49367321980129963,0.0021358629878081813,479.0,402.0,0.0909866341962964,0.4006025970034246,0.0,39994.0,0.37634866393249916,0.0,0
0.493677458959636,0.0021358629878081813,480.0,402.0,0.0909908733546327,0.40060259700342477,0.0,39994.0,0.37634866393249916,0.0,0
0.49368165593764207,0.0021358629878081813,481.0,402.0,0.0909950703326388,0.40060259700342465,0.0,39994.0,0.37634866393249916,0.0,0
0.49368581115501925,0.0021358629878081813,482.0,402.0,0.09099922555001604,0.40060259700342465,0.0,39994.0,0.37634866393249916,0.0,0
0.49368992502729264,0.0021358629878081813,483.0,402.0,0.0910033394222895,0.40060259700342454,0.0,39994.0,0.37634866393249916,0.0,0
0.4936939979658531,0.0021358629878081813,484.0,402.0,0.09100741236084987,0.40060259700342454,0.0,39994.0,0.37634866393249916,0.0,0
0.49369803037799775,0.0021358629878081813,485.0,402.0,0.09101144477299447,0.40060259700342477,0.0,39994.0,0.37634866393249916,0.0,0
0.49370202266697116,0.0021358629878081813,486.0,402.0,0.09101543706196792,0.4006025970034247,0.0,39994.0,0.37634866393249916,0.0,0
0.49370597523200543,0.0021358629878081813,487.0,402.0,0.09101938962700223,0.40060259700342454,0.0,39994.0,0.37634866393249916,0.0,0
0.4937098884683606,0.0021358629878081813,488.0,402.0,0.09102330286335741,0.40060259700342465,0.0,39994.0,0.37634866393249916,0.0,0
0.49371376276736345,0.0021358629878081813,489.0,402.0,0.09102717716236024,0.40060259700342454,0.0,39994.0,0.37634866393249916,0.0,0
0.49371759851644714,0.0021358629878081813,490.0,402.0,0.0910310129114439,0.4006025970034247,0.0,39994.0,0.37634866393249916,0.0,0
0.49372139609918975,0.0021358629878081813,491.0,402.0,0.09103481049418649,0.40060259700342454,0.0,39994.0,0.37634866393249916,0.0,0
0.4937251558953527,0.0021358629878081813,492.0,402.0,0.09103857029034945,0.40060259700342454,0.0,39994.0,0.37634866393249916,0.0,0
0.4937288782809187,0.0021358629878081813,493.0,402.0,0.09104229267591551,0.4006025970034246,0.0,39994.0,0.37634866393249916,0.0,0
0.4937325636281295,0.0021358629878081813,494.0,402.0,0.09104597802312633,0.40060259700342465,0.0,39994.0,0.37634866393249916,0.0,0
0.493736212305523,0.0021358629878081813,495.0,402.0,0.09104962670051975,0.4006025970034248,0.0,39994.0,0.37634866393249916,0.0,0
0.4937398246779696,0.0021358629878081813,496.0,402.0,0.09105323907296645,0.40060259700342454,0.0,39994.0,0.37634866393249916,0.0,0
0.49374340110670994,0.0021358629878081813,497.0,402.0,0.09105681550170677,0.40060259700342443,0.0,39994.0,0.37634866393249916,0.0,0
0.49374694194938973,0.0021358629878081813,498.0,402.0,0.09106035634438653,0.40060259700342465,0.0,39994.0,0.37634866393249916,0.0,0
0.4937504475600962,0.0021358629878081813,499.0,402.0,0.09106386195509296,0.40060259700342454,0.0,39994.0,0.37634866393249916,0.0,0
0.4937539182893933,0.0021358629878081813,500.0,402.0,0.09106733268439009,0.40060259700342465,0.0,39994.0,0.37634866393249916,0.0,0
0.49375735448435687,0.0021358629878081813,501.0,402.0,0.09107076887935367,0.4006025970034246,0.0,39994.0,0.37634866393249916,0.0,0
0.4937607564886093,0.0021358629878081813,502.0,402.0,0.09107417088360611,0.4006025970034246,0.0,39994.0,0.37634866393249916,0.0,0
0.49376412464235386,0.0021358629878081813,503.0,402.0,0.09107753903735062,0.4006025970034246,0.0,39994.0,0.37634866393249916,0.0,0
0.4937674592824086,0.0021358629878081813,504.0,402.0,0.09108087367740539,0.4006025970034246,0.0,39994.0,0.37634866393249916,0.0,0
0.49377076074224047,0.0021358629878081813,505.0,402.0,0.09108417513723727,0.40060259700342443,0.0,39994.0,0.37634866393249916,0.0,0
0.49377402935199816,0.0021358629878081813,506.0,402.0,0.09108744374699496,0.4006025970034245,0.0,39994.0,0.37634866393249916,0.0,0
0.4937772654385454,0.0021358629878081813,507.0,402.0,0.09109067983354216,0.4006025970034245,0.0,39994.0,0.37634866393249916,0.0,0
0.49378046932549347,0.0021358629878081813,508.0,402.0,0.09109388372049015,0.40060259700342477,0.0,39994.0,0.37634866393249916,0.0,0
0.49378364133323366,0.0021358629878081813,509.0,402.0,0.09109705572823046,0.40060259700342465,0.0,39994.0,0.37634866393249916,0.0,0
0.49378678177896956,0.0021358629878081813,510.0,402.0,0.09110019617396634,0.40060259700342454,0.0,39994.0,0.37634866393249916,0.0,0
0.49378989097674825,0.0021358629878081813,511.0,402.0,0.09110330537174506,0.40060259700342454,0.0,39994.0,0.37634866393249916,0.0,0
0.4937929692374921,0.0021358629878081813,512.0,402.0,0.09110638363248892,0.4006025970034245,0.0,39994.0,0.37634866393249916,0.0,0
0.49379601686902996,0.0021358629878081813,513.0,402.0,0.09110943126402668,0.40060259700342477,0.0,39994.0,0.37634866393249916,0.0,0
0.49379903417612714,0.0021358629878081813,514.0,402.0,0.09111244857112397,0.40060259700342454,0.0,39994.0,0.37634866393249916,0.0,0
0.49380202146051727,0.0021358629878081813,515.0,402.0,0.09111543585551403,0.40060259700342454,0.0,39994.0,0.37634866393249916,0.0,0
0.4938049790209309,0.0021358629878081813,516.0,402.0,0.09111839341592771,0.40060259700342443,0.0,39994.0,0.37634866393249916,0.0,0
0.4938079071531268,0.0021358629878081813,517.0,402.0,0.09112132154812362,0.40060259700342454,0.0,39994.0,0.37634866393249916,0.0,0
0.49381080614992057,0.0021358629878081813,518.0,402.0,0.09112422054491731,0.40060259700342454,0.0,39994.0,0.37634866393249916,0.0,0
0.49381367630121425,0.0021358629878081813,519.0,402.0,0.09112709069621104,0.4006025970034246,0.0,39994.0,0.37634866393249916,0.0,0
0.4938165178940254,0.0021358629878081813,520.0,402.0,0.09112993228902218,0.4006025970034246,0.0,39994.0,0.37634866393249916,0.0,0
0.49381933121251564,0.0021358629878081813,521.0,402.0,0.09113274560751242,0.40060259700342465,0.0,39994.0,0.37634866393249916,0.0,0
0.4938221165380192,0.0021358629878081813,522.0,402.0,0.09113553093301598,0.40060259700342465,0.0,39994.0,0.37634866393249916,0.0,0
0.4938248741490709,0.0021358629878081813,523.0,402.0,0.0911382885440677,0.4006025970034245,0.0,39994.0,0.37634866393249916,0.0,0
0.4938276043214342,0.0021358629878081813,524.0,402.0,0.09114101871643102,0.40060259700342454,0.0,39994.0,0.37634866393249916,0.0,0
0.49383030732812866,0.0021358629878081813,525.0,402.0,0.09114372172312545,0.40060259700342465,0.0,39994.0,0.37634866393249916,0.0,0
0.4938329834394571,0.0021358629878081813,526.0,402.0,0.0911463978344539,0.40060259700342477,0.0,39994.0,0.37634866393249916,0.0,0
0.49383563292303284,0.0021358629878081813,527.0,402.0,0.09114904731802966,0.4006025970034245,0.0,39994.0,0.37634866393249916,0.0,0
0.4938382560438066,0.0021358629878081813,528.0,402.0,0.09115167043880339,0.4006025970034246,0.0,39994.0,0.37634866393249916,0.0,0
0.4938408530640926,0.0021358629878081813,529.0,402.0,0.09115426745908936,0.40060259700342465,0.0,39994.0,0.37634866393249916,0.0,0
0.4938434242435949,0.0021358629878081813,530.0,402.0,0.09115683863859174,0.40060259700342454,0.0,39994.0,0.37634866393249916,0.0,0
0.4938459698394338,0.0021358629878081813,531.0,402.0,0.09115938423443053,0.40060259700342477,0.0,39994.0,0.37634866393249916,0.0,0
0.49384849010617077,0.0021358629878081813,532.0,402.0,0.09116190450116754,0.40060259700342454,0.0,39994.0,0.37634866393249916,0.0,0
0.49385098529583477,0.0021358629878081813,533.0,402.0,0.09116439969083155,0.40060259700342465,0.0,39994.0,0.37634866393249916,0.0,0
0.49385345565794675,0.0021358629878081813,534.0,402.0,0.09116687005294356,0.40060259700342454,0.0,39994.0,0.37634866393249916,0.0,0
0.4938559014395451,0.0021358629878081813,535.0,402.0,0.09116931583454188,0.40060259700342454,0.0,39994.0,0.37634866393249916,0.0,0
0.4938583228852099,0.0021358629878081813,536.0,402.0,0.09117173728020671,0.40060259700342465,0.0,39994.0,0.37634866393249916,0.0,0
0.4938607202370877,0.0021358629878081813,537.0,402.0,0.09117413463208451,0.4006025970034245,0.0,39994.0,0.37634866393249916,0.0,0
0.4938630937349158,0.0021358629878081813,538.0,402.0,0.09117650812991265,0.4006025970034245,0.0,39994.0,0.37634866393249916,0.0,0
0.4938654436160459,0.0021358629878081813,539.0,402.0,0.09117885801104272,0.4006025970034245,0.0,39994.0,0.37634866393249916,0.0,0
0.4938677701154681,0.0021358629878081813,540.0,402.0,0.09118118451046497,0.40060259700342454,0.0,39994.0,0.37634866393249916,0.0,0
0.4938700734658344,0.0021358629878081813,541.0,402.0,0.09118348786083115,0.4006025970034246,0.0,39994.0,0.37634866393249916,0.0,0
0.49387235389748146,0.0021358629878081813,542.0,402.0,0.09118576829247826,0.40060259700342465,0.0,39994.0,0.37634866393249916,0.0,0
0.4938746116384546,0.0021358629878081813,543.0,402.0,0.09118802603345132,0.40060259700342465,0.0,39994.0,0.37634866393249916,0.0,0
0.4938768469145296,0.0021358629878081813,544.0,402.0,0.0911902613095264,0.40060259700342454,0.0,39994.0,0.37634866393249916,0.0,0
0.4938790599492361,0.0021358629878081813,545.0,402.0,0.09119247434423283,0.40060259700342465,0.0,39994.0,0.37634866393249916,0.0,0
0.4938812509638793,0.0021358629878081813,546.0,402.0,0.0911946653588761,0.40060259700342454,0.0,39994.0,0.37634866393249916,0.0,0
0.49388342017756254,0.0021358629878081813,547.0,402.0,0.09119683457255937,0.4006025970034245,0.0,39994.0,0.37634866393249916,0.0,0
0.4938855678072092,0.0021358629878081813,548.0,402.0,0.09119898220220592,0.4006025970034248,0.0,39994.0,0.37634866393249916,0.0,0
0.49388769406758365,0.0021358629878081813,549.0,402.0,0.09120110846258041,0.40060259700342477,0.0,39994.0,0.37634866393249916,0.0,0
0.4938897991713138,0.0021358629878081813,550.0,402.0,0.09120321356631067,0.4006025970034245,0.0,39994.0,0.37634866393249916,0.0,0
0.49389188332891204,0.0021358629878081813,551.0,402.0,0.09120529772390883,0.40060259700342454,0.0,39994.0,0.37634866393249916,0.0,0
0.4938939467487956,0.0021358629878081813,552.0,402.0,0.09120736114379238,0.40060259700342477,0.0,39994.0,0.37634866393249916,0.0,0
0.49389598963730824,0.0021358629878081813,553.0,402.0,0.091209404032305,0.4006025970034245,0.0,39994.0,0.37634866393249916,0.0,0
0.4938980121987406,0.0021358629878081813,554.0,402.0,0.09121142659373738,0.40060259700342454,0.0,39994.0,0.37634866393249916,0.0,0
0.4939000146353504,0.0021358629878081813,555.0,402.0,0.09121342903034722,0.4006025970034244,0.0,39994.0,0.37634866393249916,0.0,0
0.49390199714738314,0.0021358629878081813,556.0,402.0,0.09121541154237987,0.40060259700342454,0.0,39994.0,0.37634866393249916,0.0,0
0.49390395993309144,0.0021358629878081813,557.0,402.0,0.09121737432808827,0.4006025970034245,0.0,39994.0,0.37634866393249916,0.0,0
0.4939059031887557,0.0021358629878081813,558.0,402.0,0.09121931758375244,0.40060259700342454,0.0,39994.0,0.37634866393249916,0.0,0
0.49390782710870296,0.0021358629878081813,559.0,402.0,0.09122124150369978,0.4006025970034245,0.0,39994.0,0.37634866393249916,0.0,0
0.493909731885327,0.0021358629878081813,560.0,402.0,0.09122314628032377,0.4006025970034245,0.0,39994.0,0.37634866393249916,0.0,0
0.4939116177091069,0.0021358629878081813,561.0,402.0,0.09122503210410368,0.40060259700342465,0.0,39994.0,0.37634866393249916,0.0,0
0.49391348476862673,0.0021358629878081813,562.0,402.0,0.09122689916362346,0.40060259700342443,0.0,39994.0,0.37634866393249916,0.0,0
0.4939153332505938,0.0021358629878081813,563.0,402.0,0.09122874764559058,0.40060259700342443,0.0,39994.0,0.37634866393249916,0.0,0
0.493917163339858,0.0021358629878081813,564.0,402.0,0.09123057773485485,0.40060259700342443,0.0,39994.0,0.37634866393249916,0.0,0
0.4939189752194299,0.0021358629878081813,565.0,402.0,0.09123238961442669,0.40060259700342454,0.0,39994.0,0.37634866393249916,0.0,0
0.49392076907049876,0.0021358629878081813,566.0,402.0,0.09123418346549551,0.4006025970034246,0.0,39994.0,0.37634866393249916,0.0,0
0.4939225450724512,0.0021358629878081813,567.0,402.0,0.09123595946744803,0.40060259700342443,0.0,39994.0,0.37634866393249916,0.0,0
0.49392430340288906,0.0021358629878081813,568.0,402.0,0.09123771779788585,0.4006025970034245,0.0,39994.0,0.37634866393249916,0.0,0
0.49392604423764674,0.0021358629878081813,569.0,402.0,0.09123945863264349,0.40060259700342454,0.0,39994.0,0.37634866393249916,0.0,0
0.493927767750809,0.0021358629878081813,570.0,402.0,0.09124118214580586,0.4006025970034245,0.0,39994.0,0.37634866393249916,0.0,0
0.49392947411472893,0.0021358629878081813,571.0,402.0,0.09124288850972576,0.40060259700342454,0.0,39994.0,0.37634866393249916,0.0,0
0.4939311635000442,0.0021358629878081813,572.0,402.0,0.09124457789504094,0.40060259700342465,0.0,39994.0,0.37634866393249916,0.0,0
0.4939328360756946,0.0021358629878081813,573.0,402.0,0.0912462504706914,0.40060259700342454,0.0,39994.0,0.37634866393249916,0.0,0
0.4939344920089393,0.0021358629878081813,574.0,402.0,0.09124790640393605,0.40060259700342454,0.0,39994.0,0.37634866393249916,0.0,0
0.49393613146537285,0.0021358629878081813,575.0,402.0,0.09124954586036962,0.4006025970034246,0.0,39994.0,0.37634866393249916,0.0,0
0.49393775460894235,0.0021358629878081813,576.0,402.0,0.0912511690039391,0.4006025970034247,0.0,39994.0,0.37634866393249916,0.0,0
0.49393936160196344,0.0021358629878081813,577.0,402.0,0.0912527759969602,0.40060259700342465,0.0,39994.0,0.37634866393249916,0.0,0
0.49394095260513676,0.0021358629878081813,578.0,402.0,0.0912543670001336,0.40060259700342454,0.0,39994.0,0.37634866393249916,0.0,0
0.4939425277775642,0.0021358629878081813,579.0,402.0,0.09125594217256096,0.4006025970034246,0.0,39994.0,0.37634866393249916,0.0,0
0.49394408727676403,0.0021358629878081813,580.0,402.0,0.09125750167176075,0.40060259700342465,0.0,39994.0,0.37634866393249916,0.0,0
0.4939456312586874,0.0021358629878081813,581.0,402.0,0.09125904565368421,0.40060259700342454,0.0,39994.0,0.37634866393249916,0.0,0
0.49394715987773413,0.0021358629878081813,582.0,402.0,0.09126057427273089,0.40060259700342465,0.0,39994.0,0.37634866393249916,0.0,0
0.4939486732867671,0.0021358629878081813,583.0,402.0,0.09126208768176387,0.4006025970034245,0.0,39994.0,0.37634866393249916,0.0,0
0.4939501716371287,0.0021358629878081813,584.0,402.0,0.09126358603212545,0.40060259700342454,0.0,39994.0,0.37634866393249916,0.0,0
0.49395165507865496,0.0021358629878081813,585.0,402.0,0.0912650694736518,0.40060259700342454,0.0,39994.0,0.37634866393249916,0.0,0
0.4939531237596915,0.0021358629878081813,586.0,402.0,0.0912665381546883,0.40060259700342454,0.0,39994.0,0.37634866393249916,0.0,0
0.49395457782710755,0.0021358629878081813,587.0,402.0,0.09126799222210433,0.40060259700342454,0.0,39994.0,0.37634866393249916,0.0,0
0.4939560174263111,0.0021358629878081813,588.0,402.0,0.09126943182130787,0.40060259700342465,0.0,39994.0,0.37634866393249916,0.0,0
0.4939574427012631,0.0021358629878081813,589.0,402.0,0.09127085709625993,0.40060259700342454,0.0,39994.0,0.37634866393249916,0.0,0
0.49395885379449256,0.0021358629878081813,590.0,402.0,0.09127226818948934,0.40060259700342477,0.0,39994.0,0.37634866393249916,0.0,0
0.49396025084710976,0.0021358629878081813,591.0,402.0,0.09127366524210646,0.40060259700342454,0.0,39994.0,0.37634866393249916,0.0,0
0.49396163399882104,0.0021358629878081813,592.0,402.0,0.09127504839381784,0.4006025970034246,0.0,39994.0,0.37634866393249916,0.0,0
0.49396300338794297,0.0021358629878081813,593.0,402.0,0.09127641778293971,0.4006025970034247,0.0,39994.0,0.37634866393249916,0.0,0
0.4939643591514154,0.0021358629878081813,594.0,402.0,0.09127777354641214,0.40060259700342454,0.0,39994.0,0.37634866393249916,0.0,0
0.4939657014248158,0.0021358629878081813,595.0,402.0,0.0912791158198126,0.4006025970034244,0.0,39994.0,0.37634866393249916,0.0,0
0.4939670303423728,0.0021358629878081813,596.0,402.0,0.09128044473736961,0.40060259700342454,0.0,39994.0,0.37634866393249916,0.0,0
0.4939683460369792,0.0021358629878081813,597.0,402.0,0.09128176043197603,0.4006025970034245,0.0,39994.0,0.37634866393249916,0.0,0
0.49396964864020554,0.0021358629878081813,598.0,402.0,0.09128306303520232,0.40060259700342465,0.0,39994.0,0.37634866393249916,0.0,0
0.49397093828231314,0.0021358629878081813,599.0,402.0,0.09128435267730993,0.40060259700342454,0.0,39994.0,0.37634866393249916,0.0,0
0.4939722150922674,0.0021358629878081813,600.0,402.0,0.09128562948726424,0.4006025970034245,0.0,39994.0,0.37634866393249916,0.0,0
0.49397347919775036,0.0021358629878081813,601.0,402.0,0.09128689359274718,0.40060259700342465,0.0,39994.0,0.37634866393249916,0.0,0
0.49397473072517367,0.0021358629878081813,602.0,402.0,0.09128814512017042,0.4006025970034246,0.0,39994.0,0.37634866393249916,0.0,0
0.49397596979969094,0.0021358629878081813,603.0,402.0,0.09128938419468774,0.40060259700342454,0.0,39994.0,0.37634866393249916,0.0,0
0.4939771965452109,0.0021358629878081813,604.0,402.0,0.09129061094020759,0.40060259700342465,0.0,39994.0,0.37634866393249916,0.0,0
0.4939784110844088,0.0021358629878081813,605.0,402.0,0.0912918254794056,0.4006025970034247,0.0,39994.0,0.37634866393249916,0.0,0
0.4939796135387398,0.0021358629878081813,606.0,402.0,0.09129302793373664,0.40060259700342443,0.0,39994.0,0.37634866393249916,0.0,0
0.49398080402845046,0.0021358629878081813,607.0,402.0,0.09129421842344726,0.4006025970034247,0.0,39994.0,0.37634866393249916,0.0,0
0.49398198267259047,0.0021358629878081813,608.0,402.0,0.09129539706758728,0.40060259700342454,0.0,39994.0,0.37634866393249916,0.0,0
0.49398314958902534,0.0021358629878081813,609.0,402.0,0.09129656398402217,0.4006025970034245,0.0,39994.0,0.37634866393249916,0.0,0
0.4939843048944477,0.0021358629878081813,610.0,402.0,0.09129771928944447,0.40060259700342477,0.0,39994.0,0.37634866393249916,0.0,0
0.493985448704389,0.0021358629878081813,611.0,402.0,0.09129886309938577,0.4006025970034245,0.0,39994.0,0.37634866393249916,0.0,0
0.4939865811332313,0.0021358629878081813,612.0,402.0,0.09129999552822807,0.40060259700342454,0.0,39994.0,0.37634866393249916,0.0,0
0.4939877022942183,0.0021358629878081813,613.0,402.0,0.09130111668921505,0.40060259700342454,0.0,39994.0,0.37634866393249916,0.0,0
0.49398881229946706,0.0021358629878081813,614.0,402.0,0.09130222669446385,0.40060259700342454,0.0,39994.0,0.37634866393249916,0.0,0
0.4939899112599791,0.0021358629878081813,615.0,402.0,0.09130332565497591,0.40060259700342465,0.0,39994.0,0.37634866393249916,0.0,0
0.49399099928565127,0.0021358629878081813,616.0,402.0,0.09130441368064807,0.40060259700342454,0.0,39994.0,0.37634866393249916,0.0,0
0.4939920764852872,0.0021358629878081813,617.0,402.0,0.09130549088028397,0.40060259700342454,0.0,39994.0,0.37634866393249916,0.0,0
0.4939931429666076,0.0021358629878081813,618.0,402.0,0.09130655736160442,0.40060259700342465,0.0,39994.0,0.37634866393249916,0.0,0
0.4939941988362617,0.0021358629878081813,619.0,402.0,0.09130761323125844,0.40060259700342477,0.0,39994.0,0.37634866393249916,0.0,0
0.49399524419983704,0.0021358629878081813,620.0,402.0,0.09130865859483384,0.40060259700342454,0.0,39994.0,0.37634866393249916,0.0,0
0.4939962791618711,0.0021358629878081813,621.0,402.0,0.09130969355686784,0.40060259700342454,0.0,39994.0,0.37634866393249916,0.0,0
0.4939973038258607,0.0021358629878081813,622.0,402.0,0.09131071822085758,0.40060259700342454,0.0,39994.0,0.37634866393249916,0.0,0
0.4939983182942735,0.0021358629878081813,623.0,402.0,0.09131173268927026,0.4006025970034245,0.0,39994.0,0.37634866393249916,0.0,0
0.4939993226685568,0.0021358629878081813,624.0,402.0,0.09131273706355361,0.40060259700342454,0.0,39994.0,0.37634866393249916,0.0,0
0.4940003170491491,0.0021358629878081813,625.0,402.0,0.09131373144414585,0.40060259700342465,0.0,39994.0,0.37634866393249916,0.0,0
0.49400130153548905,0.0021358629878081813,626.0,402.0,0.09131471593048583,0.4006025970034246,0.0,39994.0,0.37634866393249916,0.0,0
0.4940022762260263,0.0021358629878081813,627.0,402.0,0.0913156906210231,0.40060259700342443,0.0,39994.0,0.37634866393249916,0.0,0
0.49400324121823064,0.0021358629878081813,628.0,402.0,0.09131665561322745,0.40060259700342465,0.0,39994.0,0.37634866393249916,0.0,0
0.4940041966086021,0.0021358629878081813,629.0,402.0,0.09131761100359898,0.40060259700342454,0.0,39994.0,0.37634866393249916,0.0,0
0.4940051424926806,0.0021358629878081813,630.0,402.0,0.09131855688767741,0.4006025970034245,0.0,39994.0,0.37634866393249916,0.0,0
0.49400607896505533,0.0021358629878081813,631.0,402.0,0.0913194933600521,0.40060259700342454,0.0,39994.0,0.37634866393249916,0.0,0
0.4940070061193741,0.0021358629878081813,632.0,402.0,0.09132042051437089,0.4006025970034245,0.0,39994.0,0.37634866393249916,0.0,0
0.4940079240483533,0.0021358629878081813,633.0,402.0,0.0913213384433501,0.40060259700342454,0.0,39994.0,0.37634866393249916,0.0,0
0.49400883284378655,0.0021358629878081813,634.0,402.0,0.09132224723878336,0.40060259700342454,0.0,39994.0,0.37634866393249916,0.0,0
0.4940097325965542,0.0021358629878081813,635.0,402.0,0.09132314699155095,0.40060259700342465,0.0,39994.0,0.37634866393249916,0.0,0
0.4940106233966322,0.0021358629878081813,636.0,402.0,0.09132403779162898,0.40060259700342477,0.0,39994.0,0.37634866393249916,0.0,0
0.4940115053331013,0.0021358629878081813,637.0,402.0,0.09132491972809809,0.40060259700342465,0.0,39994.0,0.37634866393249916,0.0,0
0.4940123784941559,0.0021358629878081813,638.0,402.0,0.09132579288915268,0.40060259700342443,0.0,39994.0,0.37634866393249916,0.0,0
0.4940132429671129,0.0021358629878081813,639.0,402.0,0.09132665736210965,0.40060259700342465,0.0,39994.0,0.37634866393249916,0.0,0
0.49401409883842023,0.0021358629878081813,640.0,402.0,0.091327513233417,0.40060259700342454,0.0,39994.0,0.37634866393249916,0.0,0
0.49401494619366576,0.0021358629878081813,641.0,402.0,0.09132836058866253,0.40060259700342465,0.0,39994.0,0.37634866393249916,0.0,0
0.4940157851175857,0.0021358629878081813,642.0,402.0,0.09132919951258249,0.4006025970034245,0.0,39994.0,0.37634866393249916,0.0,0
0.4940166156940733,0.0021358629878081813,643.0,402.0,0.09133003008907004,0.4006025970034246,0.0,39994.0,0.37634866393249916,0.0,0
0.4940174380061865,0.0021358629878081813,644.0,402.0,0.09133085240118335,0.4006025970034244,0.0,39994.0,0.37634866393249916,0.0,0
0.49401825213615763,0.0021358629878081813,645.0,402.0,0.09133166653115443,0.40060259700342465,0.0,39994.0,0.37634866393249916,0.0,0
0.4940190581654002,0.0021358629878081813,646.0,402.0,0.09133247256039703,0.40060259700342454,0.0,39994.0,0.37634866393249916,0.0,0
0.49401985617451777,0.0021358629878081813,647.0,402.0,0.09133327056951457,0.40060259700342454,0.0,39994.0,0.37634866393249916,0.0,0
0.49402064624331204,0.0021358629878081813,648.0,402.0,0.09133406063830884,0.40060259700342454,0.0,39994.0,0.37634866393249916,0.0,0
0.4940214284507904,0.0021358629878081813,649.0,402.0,0.09133484284578713,0.4006025970034246,0.0,39994.0,0.37634866393249916,0.0,0
0.4940222028751743,0.0021358629878081813,650.0,402.0,0.09133561727017106,0.4006025970034246,0.0,39994.0,0.37634866393249916,0.0,0
0.49402296959390685,0.0021358629878081813,651.0,402.0,0.09133638398890354,0.40060259700342477,0.0,39994.0,0.37634866393249916,0.0,0
0.4940237286836605,0.0021358629878081813,652.0,402.0,0.09133714307865726,0.4006025970034246,0.0,39994.0,0.37634866393249916,0.0,0
0.49402448022034495,0.0021358629878081813,653.0,402.0,0.09133789461534168,0.40060259700342454,0.0,39994.0,0.37634866393249916,0.0,0
0.4940252242791144,0.0021358629878081813,654.0,402.0,0.09133863867411113,0.40060259700342454,0.0,39994.0,0.37634866393249916,0.0,0
0.49402596093437534,0.0021358629878081813,655.0,402.0,0.09133937532937214,0.40060259700342477,0.0,39994.0,0.37634866393249916,0.0,0
0.4940266902597941,0.0021358629878081813,656.0,402.0,0.09134010465479084,0.4006025970034246,0.0,39994.0,0.37634866393249916,0.0,0
0.4940274123283036,0.0021358629878081813,657.0,402.0,0.09134082672330035,0.4006025970034247,0.0,39994.0,0.37634866393249916,0.0,0
0.49402812721211137,0.0021358629878081813,658.0,402.0,0.09134154160710817,0.40060259700342465,0.0,39994.0,0.37634866393249916,0.0,0
0.4940288349827065,0.0021358629878081813,659.0,402.0,0.09134224937770326,0.4006025970034246,0.0,39994.0,0.37634866393249916,0.0,0
0.4940295357108664,0.0021358629878081813,660.0,402.0,0.0913429501058632,0.40060259700342465,0.0,39994.0,0.37634866393249916,0.0,0
0.4940302294666647,0.0021358629878081813,661.0,402.0,0.09134364386166154,0.40060259700342465,0.0,39994.0,0.37634866393249916,0.0,0
0.49403091631947754,0.0021358629878081813,662.0,402.0,0.09134433071447426,0.4006025970034247,0.0,39994.0,0.37634866393249916,0.0,0
0.4940315963379906,0.0021358629878081813,663.0,402.0,0.09134501073298741,0.4006025970034245,0.0,39994.0,0.37634866393249916,0.0,0
0.4940322695902064,0.0021358629878081813,664.0,402.0,0.09134568398520324,0.4006025970034244,0.0,39994.0,0.37634866393249916,0.0,0
0.4940329361434508,0.0021358629878081813,665.0,402.0,0.09134635053844757,0.40060259700342443,0.0,39994.0,0.37634866393249916,0.0,0
0.49403359606437947,0.0021358629878081813,666.0,402.0,0.09134701045937631,0.40060259700342443,0.0,39994.0,0.37634866393249916,0.0,0
0.4940342494189853,0.0021358629878081813,667.0,402.0,0.09134766381398213,0.4006025970034247,0.0,39994.0,0.37634866393249916,0.0,0
0.49403489627260416,0.0021358629878081813,668.0,402.0,0.091348310667601,0.4006025970034245,0.0,39994.0,0.37634866393249916,0.0,0
0.494035536689922,0.0021358629878081813,669.0,402.0,0.09134895108491882,0.40060259700342454,0.0,39994.0,0.37634866393249916,0.0,0
0.494036170734981,0.0021358629878081813,670.0,402.0,0.0913495851299778,0.40060259700342454,0.0,39994.0,0.37634866393249916,0.0,0
0.49403679847118637,0.0021358629878081813,671.0,402.0,0.09135021286618314,0.40060259700342465,0.0,39994.0,0.37634866393249916,0.0,0
0.49403741996131195,0.0021358629878081813,672.0,402.0,0.09135083435630877,0.4006025970034246,0.0,39994.0,0.37634866393249916,0.0,0
0.4940380352675076,0.0021358629878081813,673.0,402.0,0.09135144966250437,0.4006025970034247,0.0,39994.0,0.37634866393249916,0.0,0
0.4940386444513043,0.0021358629878081813,674.0,402.0,0.09135205884630107,0.40060259700342454,0.0,39994.0,0.37634866393249916,0.0,0
0.49403924757362083,0.0021358629878081813,675.0,402.0,0.09135266196861767,0.4006025970034246,0.0,39994.0,0.37634866393249916,0.0,0
0.4940398446947702,0.0021358629878081813,676.0,402.0,0.09135325908976691,0.4006025970034245,0.0,39994.0,0.37634866393249916,0.0,0
0.4940404358744648,0.0021358629878081813,677.0,402.0,0.09135385026946154,0.40060259700342454,0.0,39994.0,0.37634866393249916,0.0,0
0.4940410211718231,0.0021358629878081813,678.0,402.0,0.09135443556681985,0.40060259700342465,0.0,39994.0,0.37634866393249916,0.0,0
0.4940416006453754,0.0021358629878081813,679.0,402.0,0.09135501504037215,0.40060259700342465,0.0,39994.0,0.37634866393249916,0.0,0
0.4940421743530695,0.0021358629878081813,680.0,402.0,0.09135558874806633,0.40060259700342465,0.0,39994.0,0.37634866393249916,0.0,0
0.4940427423522767,0.0021358629878081813,681.0,402.0,0.0913561567472735,0.4006025970034244,0.0,39994.0,0.37634866393249916,0.0,0
0.4940433046997974,0.0021358629878081813,682.0,402.0,0.09135671909479419,0.40060259700342465,0.0,39994.0,0.37634866393249916,0.0,0
0.4940438614518667,0.0021358629878081813,683.0,402.0,0.09135727584686347,0.4006025970034245,0.0,39994.0,0.37634866393249916,0.0,0
0.4940444126641604,0.0021358629878081813,684.0,402.0,0.0913578270591572,0.4006025970034245,0.0,39994.0,0.37634866393249916,0.0,0
0.49404495839180007,0.0021358629878081813,685.0,402.0,0.09135837278679687,0.4006025970034246,0.0,39994.0,0.37634866393249916,0.0,0
0.49404549868935904,0.0021358629878081813,686.0,402.0,0.09135891308435586,0.4006025970034246,0.0,39994.0,0.37634866393249916,0.0,0
0.4940460336108675,0.0021358629878081813,687.0,402.0,0.09135944800586428,0.4006025970034247,0.0,39994.0,0.37634866393249916,0.0,0
0.494046563209818,0.0021358629878081813,688.0,402.0,0.09135997760481478,0.4006025970034244,0.0,39994.0,0.37634866393249916,0.0,0
0.4940470875391709,0.0021358629878081813,689.0,402.0,0.09136050193416768,0.40060259700342477,0.0,39994.0,0.37634866393249916,0.0,0
0.49404760665135955,0.0021358629878081813,690.0,402.0,0.09136102104635636,0.40060259700342454,0.0,39994.0,0.37634866393249916,0.0,0
0.4940481205982957,0.0021358629878081813,691.0,402.0,0.09136153499329241,0.40060259700342465,0.0,39994.0,0.37634866393249916,0.0,0
0.49404862943137423,0.0021358629878081813,692.0,402.0,0.09136204382637107,0.4006025970034246,0.0,39994.0,0.37634866393249916,0.0,0
0.4940491332014792,0.0021358629878081813,693.0,402.0,0.09136254759647597,0.40060259700342454,0.0,39994.0,0.37634866393249916,0.0,0
0.4940496319589877,0.0021358629878081813,694.0,402.0,0.09136304635398453,0.40060259700342454,0.0,39994.0,0.37634866393249916,0.0,0
0.4940501257537762,0.0021358629878081813,695.0,402.0,0.09136354014877304,0.4006025970034245,0.0,39994.0,0.37634866393249916,0.0,0
0.4940506146352245,0.0021358629878081813,696.0,402.0,0.09136402903022126,0.40060259700342454,0.0,39994.0,0.37634866393249916,0.0,0
0.49405109865222097,0.0021358629878081813,697.0,402.0,0.09136451304721778,0.40060259700342454,0.0,39994.0,0.37634866393249916,0.0,0
0.494051577853168,0.0021358629878081813,698.0,402.0,0.09136499224816473,0.40060259700342454,0.0,39994.0,0.37634866393249916,0.0,0
0.4940520522859859,0.0021358629878081813,699.0,402.0,0.09136546668098261,0.40060259700342454,0.0,39994.0,0.37634866393249916,0.0,0
0.4940525219981184,0.0021358629878081813,700.0,402.0,0.09136593639311512,0.40060259700342454,0.0,39994.0,0.37634866393249916,0.0,0
0.49405298703653694,0.0021358629878081813,701.0,402.0,0.09136640143153377,0.4006025970034244,0.0,39994.0,0.37634866393249916,0.0,0
0.49405344744774604,0.0021358629878081813,702.0,402.0,0.09136686184274281,0.4006025970034246,0.0,39994.0,0.37634866393249916,0.0,0
0.49405390327778703,0.0021358629878081813,703.0,402.0,0.09136731767278382,0.4006025970034245,0.0,39994.0,0.37634866393249916,0.0,0
0.49405435457224334,0.0021358629878081813,704.0,402.0,0.09136776896724014,0.4006025970034245,0.0,39994.0,0.37634866393249916,0.0,0
0.4940548013762448,0.0021358629878081813,705.0,402.0,0.09136821577124157,0.40060259700342454,0.0,39994.0,0.37634866393249916,0.0,0
0.4940552437344722,0.0021358629878081813,706.0,402.0,0.09136865812946891,0.4006025970034247,0.0,39994.0,0.37634866393249916,0.0,0
0.4940556816911616,0.0021358629878081813,707.0,402.0,0.09136909608615837,0.40060259700342465,0.0,39994.0,0.37634866393249916,0.0,0
0.4940561152901091,0.0021358629878081813,708.0,402.0,0.09136952968510594,0.40060259700342443,0.0,39994.0,0.37634866393249916,0.0,0
0.4940565445746751,0.0021358629878081813,709.0,402.0,0.0913699589696719,0.40060259700342465,0.0,39994.0,0.37634866393249916,0.0,0
0.4940569695877882,0.0021358629878081813,710.0,402.0,0.09137038398278505,0.40060259700342465,0.0,39994.0,0.37634866393249916,0.0,0
0.49405739037195023,0.0021358629878081813,711.0,402.0,0.09137080476694708,0.40060259700342465,0.0,39994.0,0.37634866393249916,0.0,0
0.49405780696923995,0.0021358629878081813,712.0,402.0,0.0913712213642367,0.4006025970034246,0.0,39994.0,0.37634866393249916,0.0,0
0.4940582194213172,0.0021358629878081813,713.0,402.0,0.09137163381631405,0.4006025970034244,0.0,39994.0,0.37634866393249916,0.0,0
0.494058627769428,0.0021358629878081813,714.0,402.0,0.09137204216442467,0.4006025970034248,0.0,39994.0,0.37634866393249916,0.0,0
0.4940590320544069,0.0021358629878081813,715.0,402.0,0.09137244644940372,0.4006025970034245,0.0,39994.0,0.37634866393249916,0.0,0
0.49405943231668326,0.0021358629878081813,716.0,402.0,0.09137284671168001,0.40060259700342454,0.0,39994.0,0.37634866393249916,0.0,0
0.4940598285962833,0.0021358629878081813,717.0,402.0,0.09137324299128008,0.40060259700342454,0.0,39994.0,0.37634866393249916,0.0,0
0.4940602209328355,0.0021358629878081813,718.0,402.0,0.09137363532783227,0.40060259700342454,0.0,39994.0,0.37634866393249916,0.0,0
0.4940606093655737,0.0021358629878081813,719.0,402.0,0.09137402376057051,0.4006025970034245,0.0,39994.0,0.37634866393249916,0.0,0
0.4940609939333417,0.0021358629878081813,720.0,402.0,0.0913744083283385,0.40060259700342454,0.0,39994.0,0.37634866393249916,0.0,0
0.49406137467459643,0.0021358629878081813,721.0,402.0,0.0913747890695932,0.4006025970034247,0.0,39994.0,0.37634866393249916,0.0,0
0.49406175162741234,0.0021358629878081813,722.0,402.0,0.09137516602240915,0.4006025970034245,0.0,39994.0,0.37634866393249916,0.0,0
0.49406212482948514,0.0021358629878081813,723.0,402.0,0.09137553922448188,0.4006025970034247,0.0,39994.0,0.37634866393249916,0.0,0
0.4940624943181352,0.0021358629878081813,724.0,402.0,0.09137590871313193,0.40060259700342465,0.0,39994.0,0.37634866393249916,0.0,0
0.4940628601303118,0.0021358629878081813,725.0,402.0,0.09137627452530854,0.40060259700342477,0.0,39994.0,0.37634866393249916,0.0,0
0.49406322230259636,0.0021358629878081813,726.0,402.0,0.0913766366975931,0.40060259700342465,0.0,39994.0,0.37634866393249916,0.0,0
0.49406358087120644,0.0021358629878081813,727.0,402.0,0.0913769952662033,0.4006025970034246,0.0,39994.0,0.37634866393249916,0.0,0
0.4940639358719993,0.0021358629878081813,728.0,402.0,0.09137735026699617,0.40060259700342443,0.0,39994.0,0.37634866393249916,0.0,0
0.49406428734047536,0.0021358629878081813,729.0,402.0,0.09137770173547219,0.40060259700342454,0.0,39994.0,0.37634866393249916,0.0,0
0.4940646353117816,0.0021358629878081813,730.0,402.0,0.09137804970677837,0.40060259700342454,0.0,39994.0,0.37634866393249916,0.0,0
0.49406497982071546,0.0021358629878081813,731.0,402.0,0.09137839421571224,0.40060259700342454,0.0,39994.0,0.37634866393249916,0.0,0
0.4940653209017281,0.0021358629878081813,732.0,402.0,0.09137873529672488,0.40060259700342454,0.0,39994.0,0.37634866393249916,0.0,0
0.4940656585889281,0.0021358629878081813,733.0,402.0,0.0913790729839248,0.40060259700342465,0.0,39994.0,0.37634866393249916,0.0,0
0.49406599291608416,0.0021358629878081813,734.0,402.0,0.09137940731108098,0.4006025970034245,0.0,39994.0,0.37634866393249916,0.0,0
0.4940663239166294,0.0021358629878081813,735.0,402.0,0.09137973831162624,0.4006025970034243,0.0,39994.0,0.37634866393249916,0.0,0
0.49406665162366437,0.0021358629878081813,736.0,402.0,0.09138006601866114,0.40060259700342477,0.0,39994.0,0.37634866393249916,0.0,0
0.49406697606995975,0.0021358629878081813,737.0,402.0,0.09138039046495655,0.4006025970034245,0.0,39994.0,0.37634866393249916,0.0,0
0.4940672972879605,0.0021358629878081813,738.0,402.0,0.09138071168295735,0.4006025970034244,0.0,39994.0,0.37634866393249916,0.0,0
0.49406761530978893,0.0021358629878081813,739.0,402.0,0.09138102970478573,0.4006025970034246,0.0,39994.0,0.37634866393249916,0.0,0
0.4940679301672472,0.0021358629878081813,740.0,402.0,0.09138134456224398,0.40060259700342454,0.0,39994.0,0.37634866393249916,0.0,0
0.4940682418918214,0.0021358629878081813,741.0,402.0,0.09138165628681816,0.4006025970034245,0.0,39994.0,0.37634866393249916,0.0,0
0.4940685505146842,0.0021358629878081813,742.0,402.0,0.09138196490968103,0.4006025970034245,0.0,39994.0,0.37634866393249916,0.0,0
0.4940688560666983,0.0021358629878081813,743.0,402.0,0.09138227046169506,0.4006025970034245,0.0,39994.0,0.37634866393249916,0.0,0
0.4940691585784191,0.0021358629878081813,744.0,402.0,0.09138257297341582,0.40060259700342454,0.0,39994.0,0.37634866393249916,0.0,0
0.4940694580800979,0.0021358629878081813,745.0,402.0,0.09138287247509465,0.4006025970034246,0.0,39994.0,0.37634866393249916,0.0,0
0.49406975460168523,0.0021358629878081813,746.0,402.0,0.09138316899668195,0.40060259700342454,0.0,39994.0,0.37634866393249916,0.0,0
0.49407004817283334,0.0021358629878081813,747.0,402.0,0.09138346256783017,0.4006025970034246,0.0,39994.0,0.37634866393249916,0.0,0
0.49407033882289986,0.0021358629878081813,748.0,402.0,0.09138375321789664,0.40060259700342454,0.0,39994.0,0.37634866393249916,0.0,0
0.49407062658094997,0.0021358629878081813,749.0,402.0,0.09138404097594671,0.4006025970034245,0.0,39994.0,0.37634866393249916,0.0,0
0.4940709114757595,0.0021358629878081813,750.0,402.0,0.09138432587075629,0.4006025970034246,0.0,39994.0,0.37634866393249916,0.0,0
0.49407119353581835,0.0021358629878081813,751.0,402.0,0.09138460793081515,0.40060259700342454,0.0,39994.0,0.37634866393249916,0.0,0
0.49407147278933267,0.0021358629878081813,752.0,402.0,0.09138488718432947,0.40060259700342443,0.0,39994.0,0.37634866393249916,0.0,0
0.49407174926422814,0.0021358629878081813,753.0,402.0,0.09138516365922501,0.4006025970034246,0.0,39994.0,0.37634866393249916,0.0,0
0.4940720229881525,0.0021358629878081813,754.0,402.0,0.0913854373831493,0.4006025970034246,0.0,39994.0,0.37634866393249916,0.0,0
0.49407229398847824,0.0021358629878081813,755.0,402.0,0.09138570838347507,0.4006025970034245,0.0,39994.0,0.37634866393249916,0.0,0
0.4940725622923058,0.0021358629878081813,756.0,402.0,0.09138597668730254,0.40060259700342465,0.0,39994.0,0.37634866393249916,0.0,0
0.4940728279264654,0.0021358629878081813,757.0,402.0,0.09138624232146225,0.4006025970034246,0.0,39994.0,0.37634866393249916,0.0,0
0.4940730909175212,0.0021358629878081813,758.0,402.0,0.091386505312518,0.40060259700342443,0.0,39994.0,0.37634866393249916,0.0,0
0.4940733512917722,0.0021358629878081813,759.0,402.0,0.09138676568676901,0.4006025970034245,0.0,39994.0,0.37634866393249916,0.0,0
0.4940736090752561,0.0021358629878081813,760.0,402.0,0.09138702347025292,0.40060259700342443,0.0,39994.0,0.37634866393249916,0.0,0
0.4940738642937515,0.0021358629878081813,761.0,402.0,0.09138727868874828,0.40060259700342443,0.0,39994.0,0.37634866393249916,0.0,0
0.4940741169727804,0.0021358629878081813,762.0,402.0,0.09138753136777723,0.40060259700342454,0.0,39994.0,0.37634866393249916,0.0,0
0.494074367137611,0.0021358629878081813,763.0,402.0,0.09138778153260776,0.40060259700342465,0.0,39994.0,0.37634866393249916,0.0,0
0.4940746148132599,0.0021358629878081813,764.0,402.0,0.09138802920825667,0.40060259700342454,0.0,39994.0,0.37634866393249916,0.0,0
0.4940748600244951,0.0021358629878081813,765.0,402.0,0.0913882744194918,0.40060259700342477,0.0,39994.0,0.37634866393249916,0.0,0
0.4940751027958375,0.0021358629878081813,766.0,402.0,0.09138851719083427,0.40060259700342454,0.0,39994.0,0.37634866393249916,0.0,0
0.4940753431515648,0.0021358629878081813,767.0,402.0,0.09138875754656156,0.40060259700342454,0.0,39994.0,0.37634866393249916,0.0,0
0.4940755811157126,0.0021358629878081813,768.0,402.0,0.09138899551070936,0.40060259700342465,0.0,39994.0,0.37634866393249916,0.0,0
0.49407581671207756,0.0021358629878081813,769.0,402.0,0.09138923110707435,0.4006025970034245,0.0,39994.0,0.37634866393249916,0.0,0
0.4940760499642196,0.0021358629878081813,770.0,402.0,0.09138946435921638,0.40060259700342454,0.0,39994.0,0.37634866393249916,0.0,0
0.49407628089546396,0.0021358629878081813,771.0,402.0,0.09138969529046073,0.40060259700342454,0.0,39994.0,0.37634866393249916,0.0,0
0.49407650952890414,0.0021358629878081813,772.0,402.0,0.0913899239239009,0.40060259700342454,0.0,39994.0,0.37634866393249916,0.0,0
0.4940767358874035,0.0021358629878081813,773.0,402.0,0.09139015028240027,0.4006025970034245,0.0,39994.0,0.37634866393249916,0.0,0
0.4940769599935982,0.0021358629878081813,774.0,402.0,0.09139037438859494,0.4006025970034245,0.0,39994.0,0.37634866393249916,0.0,0
0.4940771818698989,0.0021358629878081813,775.0,402.0,0.09139059626489572,0.4006025970034245,0.0,39994.0,0.37634866393249916,0.0,0
0.4940774015384936,0.0021358629878081813,776.0,402.0,0.09139081593349044,0.4006025970034245,0.0,39994.0,0.37634866393249916,0.0,0
0.49407761902134933,0.0021358629878081813,777.0,402.0,0.0913910334163461,0.40060259700342477,0.0,39994.0,0.37634866393249916,0.0,0
0.4940778343402144,0.0021358629878081813,778.0,402.0,0.0913912487352112,0.40060259700342443,0.0,39994.0,0.37634866393249916,0.0,0
0.4940780475166211,0.0021358629878081813,779.0,402.0,0.09139146191161786,0.40060259700342465,0.0,39994.0,0.37634866393249916,0.0,0
0.494078258571887,0.0021358629878081813,780.0,402.0,0.09139167296688375,0.40060259700342454,0.0,39994.0,0.37634866393249916,0.0,0
0.4940784675271178,0.0021358629878081813,781.0,402.0,0.09139188192211463,0.40060259700342454,0.0,39994.0,0.37634866393249916,0.0,0
0.4940786744032095,0.0021358629878081813,782.0,402.0,0.09139208879820632,0.40060259700342454,0.0,39994.0,0.37634866393249916,0.0,0
0.49407887922084964,0.0021358629878081813,783.0,402.0,0.09139229361584646,0.40060259700342465,0.0,39994.0,0.37634866393249916,0.0,0
0.4940790820005202,0.0021358629878081813,784.0,402.0,0.09139249639551701,0.4006025970034245,0.0,39994.0,0.37634866393249916,0.0,0
0.49407928276249935,0.0021358629878081813,785.0,402.0,0.09139269715749616,0.40060259700342454,0.0,39994.0,0.37634866393249916,0.0,0
0.4940794815268634,0.0021358629878081813,786.0,402.0,0.0913928959218602,0.4006025970034244,0.0,39994.0,0.37634866393249916,0.0,0
0.49407967831348903,0.0021358629878081813,787.0,402.0,0.09139309270848577,0.40060259700342454,0.0,39994.0,0.37634866393249916,0.0,0
0.4940798731420549,0.0021358629878081813,788.0,402.0,0.09139328753705177,0.4006025970034246,0.0,39994.0,0.37634866393249916,0.0,0
0.4940800660320443,0.0021358629878081813,789.0,402.0,0.09139348042704108,0.40060259700342465,0.0,39994.0,0.37634866393249916,0.0,0
0.49408025700274616,0.0021358629878081813,790.0,402.0,0.09139367139774292,0.40060259700342454,0.0,39994.0,0.37634866393249916,0.0,0
0.4940804460732578,0.0021358629878081813,791.0,402.0,0.09139386046825457,0.4006025970034245,0.0,39994.0,0.37634866393249916,0.0,0
0.49408063326248636,0.0021358629878081813,792.0,402.0,0.09139404765748321,0.4006025970034246,0.0,39994.0,0.37634866393249916,0.0,0
0.49408081858915115,0.0021358629878081813,793.0,402.0,0.09139423298414788,0.40060259700342465,0.0,39994.0,0.37634866393249916,0.0,0
0.4940810020717847,0.0021358629878081813,794.0,402.0,0.0913944164667814,0.40060259700342465,0.0,39994.0,0.37634866393249916,0.0,0
0.4940811837287355,0.0021358629878081813,795.0,402.0,0.09139459812373225,0.40060259700342454,0.0,39994.0,0.37634866393249916,0.0,0
0.4940813635781694,0.0021358629878081813,796.0,402.0,0.09139477797316621,0.40060259700342454,0.0,39994.0,0.37634866393249916,0.0,0
0.4940815416380716,0.0021358629878081813,797.0,402.0,0.09139495603306844,0.4006025970034246,0.0,39994.0,0.37634866393249916,0.0,0
0.4940817179262483,0.0021358629878081813,798.0,402.0,0.091395132321245,0.40060259700342454,0.0,39994.0,0.37634866393249916,0.0,0
0.4940818924603282,0.0021358629878081813,799.0,402.0,0.09139530685532496,0.40060259700342454,0.0,39994.0,0.37634866393249916,0.0,0
0.494082065257765,0.0021358629878081813,800.0,402.0,0.09139547965276178,0.40060259700342477,0.0,39994.0,0.37634866393249916,0.0,0
0.4940822363358385,0.0021358629878081813,801.0,402.0,0.09139565073083528,0.40060259700342454,0.0,39994.0,0.37634866393249916,0.0,0
0.4940824057116568,0.0021358629878081813,802.0,402.0,0.0913958201066536,0.40060259700342465,0.0,39994.0,0.37634866393249916,0.0,0
0.49408257340215755,0.0021358629878081813,803.0,402.0,0.09139598779715434,0.40060259700342443,0.0,39994.0,0.37634866393249916,0.0,0
0.49408273942410996,0.0021358629878081813,804.0,402.0,0.09139615381910676,0.40060259700342465,0.0,39994.0,0.37634866393249916,0.0,0
0.4940829037941163,0.0021358629878081813,805.0,402.0,0.0913963181891131,0.4006025970034245,0.0,39994.0,0.37634866393249916,0.0,0
0.49408306652861383,0.0021358629878081813,806.0,402.0,0.09139648092361062,0.4006025970034244,0.0,39994.0,0.37634866393249916,0.0,0
0.49408322764387597,0.0021358629878081813,807.0,402.0,0.0913966420388728,0.40060259700342454,0.0,39994.0,0.37634866393249916,0.0,0
0.49408338715601446,0.0021358629878081813,808.0,402.0,0.09139680155101128,0.4006025970034245,0.0,39994.0,0.37634866393249916,0.0,0
0.4940835450809807,0.0021358629878081813,809.0,402.0,0.0913969594759775,0.4006025970034245,0.0,39994.0,0.37634866393249916,0.0,0
0.4940837014345673,0.0021358629878081813,810.0,402.0,0.09139711582956409,0.4006025970034247,0.0,39994.0,0.37634866393249916,0.0,0
0.49408385623240964,0.0021358629878081813,811.0,402.0,0.09139727062740641,0.4006025970034245,0.0,39994.0,0.37634866393249916,0.0,0
0.4940840094899878,0.0021358629878081813,812.0,402.0,0.09139742388498455,0.40060259700342465,0.0,39994.0,0.37634866393249916,0.0,0
0.49408416122262744,0.0021358629878081813,813.0,402.0,0.09139757561762425,0.40060259700342454,0.0,39994.0,0.37634866393249916,0.0,0
0.49408431144550224,0.0021358629878081813,814.0,402.0,0.09139772584049907,0.40060259700342454,0.0,39994.0,0.37634866393249916,0.0,0
0.49408446017363433,0.0021358629878081813,815.0,402.0,0.09139787456863117,0.4006025970034244,0.0,39994.0,0.37634866393249916,0.0,0
0.4940846074218969,0.0021358629878081813,816.0,402.0,0.0913980218168937,0.40060259700342443,0.0,39994.0,0.37634866393249916,0.0,0
0.4940847532050148,0.0021358629878081813,817.0,402.0,0.09139816760001156,0.40060259700342454,0.0,39994.0,0.37634866393249916,0.0,0
0.4940848975375664,0.0021358629878081813,818.0,402.0,0.09139831193256315,0.40060259700342465,0.0,39994.0,0.37634866393249916,0.0,0
0.494085040433985,0.0021358629878081813,819.0,402.0,0.09139845482898178,0.4006025970034245,0.0,39994.0,0.37634866393249916,0.0,0
0.4940851819085606,0.0021358629878081813,820.0,402.0,0.09139859630355734,0.4006025970034245,0.0,39994.0,0.37634866393249916,0.0,0
0.4940853219754406,0.0021358629878081813,821.0,402.0,0.09139873637043738,0.4006025970034245,0.0,39994.0,0.37634866393249916,0.0,0
0.49408546064863196,0.0021358629878081813,822.0,402.0,0.09139887504362862,0.40060259700342465,0.0,39994.0,0.37634866393249916,0.0,0
0.49408559794200185,0.0021358629878081813,823.0,402.0,0.0913990123369986,0.40060259700342477,0.0,39994.0,0.37634866393249916,0.0,0
0.49408573386927995,0.0021358629878081813,824.0,402.0,0.09139914826427673,0.40060259700342465,0.0,39994.0,0.37634866393249916,0.0,0
0.49408586844405905,0.0021358629878081813,825.0,402.0,0.09139928283905578,0.4006025970034245,0.0,39994.0,0.37634866393249916,0.0,0
0.4940860016797967,0.0021358629878081813,826.0,402.0,0.09139941607479349,0.40060259700342454,0.0,39994.0,0.37634866393249916,0.0,0
0.4940861335898166,0.0021358629878081813,827.0,402.0,0.09139954798481344,0.4006025970034247,0.0,39994.0,0.37634866393249916,0.0,0
0.49408626418730994,0.0021358629878081813,828.0,402.0,0.0913996785823067,0.40060259700342477,0.0,39994.0,0.37634866393249916,0.0,0
0.4940863934853364,0.0021358629878081813,829.0,402.0,0.09139980788033325,0.40060259700342454,0.0,39994.0,0.37634866393249916,0.0,0
0.49408652149682614,0.0021358629878081813,830.0,402.0,0.09139993589182291,0.40060259700342465,0.0,39994.0,0.37634866393249916,0.0,0
0.49408664823458015,0.0021358629878081813,831.0,402.0,0.09140006262957695,0.4006025970034243,0.0,39994.0,0.37634866393249916,0.0,0
0.4940867737112725,0.0021358629878081813,832.0,402.0,0.09140018810626932,0.4006025970034245,0.0,39994.0,0.37634866393249916,0.0,0
0.4940868979394509,0.0021358629878081813,833.0,402.0,0.09140031233444766,0.40060259700342454,0.0,39994.0,0.37634866393249916,0.0,0
0.49408702093153833,0.0021358629878081813,834.0,402.0,0.09140043532653509,0.40060259700342454,0.0,39994.0,0.37634866393249916,0.0,0
0.494087142699834,0.0021358629878081813,835.0,402.0,0.09140055709483075,0.4006025970034247,0.0,39994.0,0.37634866393249916,0.0,0
0.49408726325651486,0.0021358629878081813,836.0,402.0,0.09140067765151164,0.40060259700342465,0.0,39994.0,0.37634866393249916,0.0,0
0.49408738261363666,0.0021358629878081813,837.0,402.0,0.09140079700863342,0.4006025970034247,0.0,39994.0,0.37634866393249916,0.0,0
0.4940875007831353,0.0021358629878081813,838.0,402.0,0.09140091517813205,0.40060259700342465,0.0,39994.0,0.37634866393249916,0.0,0
0.4940876177768277,0.0021358629878081813,839.0,402.0,0.09140103217182453,0.4006025970034245,0.0,39994.0,0.37634866393249916,0.0,0
0.49408773360641356,0.0021358629878081813,840.0,402.0,0.09140114800141029,0.40060259700342454,0.0,39994.0,0.37634866393249916,0.0,0
0.49408784828347574,0.0021358629878081813,841.0,402.0,0.09140126267847248,0.4006025970034245,0.0,39994.0,0.37634866393249916,0.0,0
0.49408796181948206,0.0021358629878081813,842.0,402.0,0.09140137621447883,0.40060259700342454,0.0,39994.0,0.37634866393249916,0.0,0
0.49408807422578616,0.0021358629878081813,843.0,402.0,0.09140148862078298,0.4006025970034244,0.0,39994.0,0.37634866393249916,0.0,0
0.494088185513629,0.0021358629878081813,844.0,402.0,0.0914015999086258,0.40060259700342454,0.0,39994.0,0.37634866393249916,0.0,0
0.4940882956941392,0.0021358629878081813,845.0,402.0,0.09140171008913597,0.40060259700342454,0.0,39994.0,0.37634866393249916,0.0,0
0.49408840477833504,0.0021358629878081813,846.0,402.0,0.09140181917333183,0.40060259700342454,0.0,39994.0,0.37634866393249916,0.0,0
0.49408851277712507,0.0021358629878081813,847.0,402.0,0.09140192717212178,0.40060259700342454,0.0,39994.0,0.37634866393249916,0.0,0
0.494088619701309,0.0021358629878081813,848.0,402.0,0.09140203409630579,0.40060259700342465,0.0,39994.0,0.37634866393249916,0.0,0
0.4940887255615797,0.0021358629878081813,849.0,402.0,0.09140213995657642,0.4006025970034245,0.0,39994.0,0.37634866393249916,0.0,0
0.494088830368523,0.0021358629878081813,850.0,402.0,0.0914022447635198,0.4006025970034246,0.0,39994.0,0.37634866393249916,0.0,0
0.4940889341326199,0.0021358629878081813,851.0,402.0,0.09140234852761661,0.40060259700342454,0.0,39994.0,0.37634866393249916,0.0,0
0.49408903686424666,0.0021358629878081813,852.0,402.0,0.09140245125924344,0.40060259700342465,0.0,39994.0,0.37634866393249916,0.0,0
0.49408913857367676,0.0021358629878081813,853.0,402.0,0.09140255296867351,0.4006025970034247,0.0,39994.0,0.37634866393249916,0.0,0
0.494089239271081,0.0021358629878081813,854.0,402.0,0.09140265366607779,0.4006025970034244,0.0,39994.0,0.37634866393249916,0.0,0
0.4940893389665294,0.0021358629878081813,855.0,402.0,0.09140275336152623,0.40060259700342454,0.0,39994.0,0.37634866393249916,0.0,0
0.4940894376699915,0.0021358629878081813,856.0,402.0,0.09140285206498831,0.40060259700342465,0.0,39994.0,0.37634866393249916,0.0,0
0.49408953539133776,0.0021358629878081813,857.0,402.0,0.09140294978633459,0.40060259700342443,0.0,39994.0,0.37634866393249916,0.0,0
0.49408963214034035,0.0021358629878081813,858.0,402.0,0.09140304653533718,0.40060259700342454,0.0,39994.0,0.37634866393249916,0.0,0
0.4940897279266743,0.0021358629878081813,859.0,402.0,0.09140314232167114,0.4006025970034247,0.0,39994.0,0.37634866393249916,0.0,0
0.49408982275991836,0.0021358629878081813,860.0,402.0,0.09140323715491513,0.4006025970034246,0.0,39994.0,0.37634866393249916,0.0,0
0.4940899166495558,0.0021358629878081813,861.0,402.0,0.09140333104455262,0.40060259700342465,0.0,39994.0,0.37634866393249916,0.0,0
0.4940900096049758,0.0021358629878081813,862.0,402.0,0.09140342399997255,0.40060259700342477,0.0,39994.0,0.37634866393249916,0.0,0
0.49409010163547384,0.0021358629878081813,863.0,402.0,0.0914035160304706,0.40060259700342454,0.0,39994.0,0.37634866393249916,0.0,0
0.4940901927502531,0.0021358629878081813,864.0,402.0,0.0914036071452499,0.4006025970034246,0.0,39994.0,0.37634866393249916,0.0,0
0.4940902829584253,0.0021358629878081813,865.0,402.0,0.09140369735342206,0.40060259700342454,0.0,39994.0,0.37634866393249916,0.0,0
0.4940903722690111,0.0021358629878081813,866.0,402.0,0.09140378666400786,0.40060259700342454,0.0,39994.0,0.37634866393249916,0.0,0
0.4940904606909417,0.0021358629878081813,867.0,402.0,0.09140387508593852,0.4006025970034247,0.0,39994.0,0.37634866393249916,0.0,0
0.4940905482330594,0.0021358629878081813,868.0,402.0,0.09140396262805624,0.4006025970034245,0.0,39994.0,0.37634866393249916,0.0,0
0.49409063490411853,0.0021358629878081813,869.0,402.0,0.09140404929911534,0.40060259700342465,0.0,39994.0,0.37634866393249916,0.0,0
0.49409072071278615,0.0021358629878081813,870.0,402.0,0.09140413510778297,0.40060259700342465,0.0,39994.0,0.37634866393249916,0.0,0
0.49409080566764324,0.0021358629878081813,871.0,402.0,0.09140422006264005,0.4006025970034246,0.0,39994.0,0.37634866393249916,0.0,0
0.4940908897771855,0.0021358629878081813,872.0,402.0,0.09140430417218225,0.40060259700342465,0.0,39994.0,0.37634866393249916,0.0,0
0.4940909730498238,0.0021358629878081813,873.0,402.0,0.09140438744482059,0.40060259700342454,0.0,39994.0,0.37634866393249916,0.0,0
0.49409105549388543,0.0021358629878081813,874.0,402.0,0.09140446988888219,0.40060259700342465,0.0,39994.0,0.37634866393249916,0.0,0
0.49409113711761493,0.0021358629878081813,875.0,402.0,0.09140455151261176,0.40060259700342454,0.0,39994.0,0.37634866393249916,0.0,0
0.4940912179291748,0.0021358629878081813,876.0,402.0,0.09140463232417162,0.4006025970034245,0.0,39994.0,0.37634866393249916,0.0,0
0.49409129793664625,0.0021358629878081813,877.0,402.0,0.09140471233164302,0.4006025970034246,0.0,39994.0,0.37634866393249916,0.0,0
0.49409137714803,0.0021358629878081813,878.0,402.0,0.09140479154302678,0.40060259700342465,0.0,39994.0,0.37634866393249916,0.0,0
0.49409145557124734,0.0021358629878081813,879.0,402.0,0.0914048699662441,0.4006025970034245,0.0,39994.0,0.37634866393249916,0.0,0
0.4940915332141406,0.0021358629878081813,880.0,402.0,0.09140494760913741,0.4006025970034245,0.0,39994.0,0.37634866393249916,0.0,0
0.4940916100844741,0.0021358629878081813,881.0,402.0,0.09140502447947095,0.40060259700342454,0.0,39994.0,0.37634866393249916,0.0,0
0.4940916861899352,0.0021358629878081813,882.0,402.0,0.09140510058493197,0.40060259700342477,0.0,39994.0,0.37634866393249916,0.0,0
0.49409176153813417,0.0021358629878081813,883.0,402.0,0.09140517593313095,0.40060259700342454,0.0,39994.0,0.37634866393249916,0.0,0
0.4940918361366061,0.0021358629878081813,884.0,402.0,0.09140525053160287,0.4006025970034245,0.0,39994.0,0.37634866393249916,0.0,0
0.49409190999281083,0.0021358629878081813,885.0,402.0,0.09140532438780756,0.40060259700342477,0.0,39994.0,0.37634866393249916,0.0,0
0.494091983114134,0.0021358629878081813,886.0,402.0,0.09140539750913071,0.40060259700342465,0.0,39994.0,0.37634866393249916,0.0,0
0.4940920555078878,0.0021358629878081813,887.0,402.0,0.09140546990288458,0.4006025970034245,0.0,39994.0,0.37634866393249916,0.0,0
0.49409212718131174,0.0021358629878081813,888.0,402.0,0.09140554157630852,0.4006025970034245,0.0,39994.0,0.37634866393249916,0.0,0
0.4940921981415732,0.0021358629878081813,889.0,402.0,0.09140561253657002,0.4006025970034244,0.0,39994.0,0.37634866393249916,0.0,0
0.49409226839576836,0.0021358629878081813,890.0,402.0,0.09140568279076511,0.4006025970034249,0.0,39994.0,0.37634866393249916,0.0,0
0.4940923379509225,0.0021358629878081813,891.0,402.0,0.09140575234591929,0.40060259700342465,0.0,39994.0,0.37634866393249916,0.0,0
0.4940924068139913,0.0021358629878081813,892.0,402.0,0.09140582120898813,0.40060259700342465,0.0,39994.0,0.37634866393249916,0.0,0
0.4940924749918612,0.0021358629878081813,893.0,402.0,0.09140588938685792,0.40060259700342477,0.0,39994.0,0.37634866393249916,0.0,0
0.4940925424913498,0.0021358629878081813,894.0,402.0,0.09140595688634663,0.4006025970034245,0.0,39994.0,0.37634866393249916,0.0,0
0.49409260931920734,0.0021358629878081813,895.0,402.0,0.09140602371420417,0.40060259700342465,0.0,39994.0,0.37634866393249916,0.0,0
0.4940926754821166,0.0021358629878081813,896.0,402.0,0.09140608987711343,0.4006025970034245,0.0,39994.0,0.37634866393249916,0.0,0
0.49409274098669403,0.0021358629878081813,897.0,402.0,0.09140615538169075,0.4006025970034245,0.0,39994.0,0.37634866393249916,0.0,0
0.4940928058394899,0.0021358629878081813,898.0,402.0,0.09140622023448668,0.40060259700342454,0.0,39994.0,0.37634866393249916,0.0,0
0.4940928700469897,0.0021358629878081813,899.0,402.0,0.09140628444198645,0.40060259700342477,0.0,39994.0,0.37634866393249916,0.0,0
0.494092933615614,0.0021358629878081813,900.0,402.0,0.09140634801061086,0.40060259700342454,0.0,39994.0,0.37634866393249916,0.0,0
0.49409299655172023,0.0021358629878081813,901.0,402.0,0.09140641094671702,0.40060259700342465,0.0,39994.0,0.37634866393249916,0.0,0
0.4940930588616017,0.0021358629878081813,902.0,402.0,0.09140647325659844,0.4006025970034247,0.0,39994.0,0.37634866393249916,0.0,0
0.49409312055148935,0.0021358629878081813,903.0,402.0,0.09140653494648615,0.40060259700342465,0.0,39994.0,0.37634866393249916,0.0,0
0.49409318162755234,0.0021358629878081813,904.0,402.0,0.09140659602254916,0.40060259700342454,0.0,39994.0,0.37634866393249916,0.0,0
0.49409324209589844,0.0021358629878081813,905.0,402.0,0.09140665649089522,0.40060259700342465,0.0,39994.0,0.37634866393249916,0.0,0
0.49409330196257445,0.0021358629878081813,906.0,402.0,0.09140671635757122,0.40060259700342454,0.0,39994.0,0.37634866393249916,0.0,0
0.4940933612335671,0.0021358629878081813,907.0,402.0,0.09140677562856386,0.4006025970034247,0.0,39994.0,0.37634866393249916,0.0,0
0.4940934199148035,0.0021358629878081813,908.0,402.0,0.09140683430980025,0.40060259700342454,0.0,39994.0,0.37634866393249916,0.0,0
0.4940934780121517,0.0021358629878081813,909.0,402.0,0.09140689240714853,0.4006025970034244,0.0,39994.0,0.37634866393249916,0.0,0
0.49409353553142177,0.0021358629878081813,910.0,402.0,0.0914069499264186,0.40060259700342443,0.0,39994.0,0.37634866393249916,0.0,0
0.4940935924783656,0.0021358629878081813,911.0,402.0,0.09140700687336237,0.40060259700342454,0.0,39994.0,0.37634866393249916,0.0,0
0.4940936488586778,0.0021358629878081813,912.0,402.0,0.09140706325367452,0.40060259700342465,0.0,39994.0,0.37634866393249916,0.0,0
0.4940937046779965,0.0021358629878081813,913.0,402.0,0.09140711907299326,0.4006025970034245,0.0,39994.0,0.37634866393249916,0.0,0
0.49409375994190374,0.0021358629878081813,914.0,402.0,0.09140717433690046,0.40060259700342454,0.0,39994.0,0.37634866393249916,0.0,0
0.4940938146559259,0.0021358629878081813,915.0,402.0,0.09140722905092265,0.4006025970034247,0.0,39994.0,0.37634866393249916,0.0,0
0.49409386882553435,0.0021358629878081813,916.0,402.0,0.09140728322053118,0.40060259700342465,0.0,39994.0,0.37634866393249916,0.0,0
0.4940939224561463,0.0021358629878081813,917.0,402.0,0.09140733685114305,0.40060259700342454,0.0,39994.0,0.37634866393249916,0.0,0
0.4940939755531246,0.0021358629878081813,918.0,402.0,0.09140738994812149,0.4006025970034245,0.0,39994.0,0.37634866393249916,0.0,0
0.4940940281217794,0.0021358629878081813,919.0,402.0,0.09140744251677613,0.4006025970034247,0.0,39994.0,0.37634866393249916,0.0,0
0.4940940801673671,0.0021358629878081813,920.0,402.0,0.09140749456236393,0.4006025970034246,0.0,39994.0,0.37634866393249916,0.0,0
0.49409413169509264,0.0021358629878081813,921.0,402.0,0.09140754609008947,0.4006025970034246,0.0,39994.0,0.37634866393249916,0.0,0
0.4940941827101088,0.0021358629878081813,922.0,402.0,0.09140759710510554,0.4006025970034247,0.0,39994.0,0.37634866393249916,0.0,0
0.4940942332175171,0.0021358629878081813,923.0,402.0,0.09140764761251384,0.40060259700342454,0.0,39994.0,0.37634866393249916,0.0,0
0.49409428322236815,0.0021358629878081813,924.0,402.0,0.0914076976173649,0.40060259700342454,0.0,39994.0,0.37634866393249916,0.0,0
0.4940943327296627,0.0021358629878081813,925.0,402.0,0.09140774712465945,0.4006025970034247,0.0,39994.0,0.37634866393249916,0.0,0
0.49409438174435133,0.0021358629878081813,926.0,402.0,0.09140779613934819,0.40060259700342454,0.0,39994.0,0.37634866393249916,0.0,0
0.49409443027133576,0.0021358629878081813,927.0,402.0,0.09140784466633256,0.40060259700342454,0.0,39994.0,0.37634866393249916,0.0,0
0.49409447831546865,0.0021358629878081813,928.0,402.0,0.09140789271046543,0.4006025970034245,0.0,39994.0,0.37634866393249916,0.0,0
0.49409452588155434,0.0021358629878081813,929.0,402.0,0.09140794027655118,0.4006025970034245,0.0,39994.0,0.37634866393249916,0.0,0
0.4940945729743497,0.0021358629878081813,930.0,402.0,0.09140798736934641,0.40060259700342454,0.0,39994.0,0.37634866393249916,0.0,0
0.4940946195985638,0.0021358629878081813,931.0,402.0,0.0914080339935606,0.40060259700342477,0.0,39994.0,0.37634866393249916,0.0,0
0.49409466575885924,0.0021358629878081813,932.0,402.0,0.09140808015385606,0.40060259700342465,0.0,39994.0,0.37634866393249916,0.0,0
0.4940947114598521,0.0021358629878081813,933.0,402.0,0.09140812585484888,0.4006025970034245,0.0,39994.0,0.37634866393249916,0.0,0
0.49409475670611247,0.0021358629878081813,934.0,402.0,0.09140817110110931,0.4006025970034247,0.0,39994.0,0.37634866393249916,0.0,0
0.49409480150216506,0.0021358629878081813,935.0,402.0,0.09140821589716183,0.40060259700342454,0.0,39994.0,0.37634866393249916,0.0,0
0.4940948458524895,0.0021358629878081813,936.0,402.0,0.09140826024748622,0.40060259700342477,0.0,39994.0,0.37634866393249916,0.0,0
0.49409488976152066,0.0021358629878081813,937.0,402.0,0.09140830415651749,0.40060259700342454,0.0,39994.0,0.37634866393249916,0.0,0
0.49409493323364984,0.0021358629878081813,938.0,402.0,0.09140834762864661,0.4006025970034245,0.0,39994.0,0.37634866393249916,0.0,0
0.494094976273224,0.0021358629878081813,939.0,402.0,0.09140839066822083,0.40060259700342465,0.0,39994.0,0.37634866393249916,0.0,0
0.4940950188845473,0.0021358629878081813,940.0,402.0,0.09140843327954411,0.4006025970034246,0.0,39994.0,0.37634866393249916,0.0,0
0.49409506107188084,0.0021358629878081813,941.0,402.0,0.09140847546687768,0.40060259700342454,0.0,39994.0,0.37634866393249916,0.0,0
0.4940951028394434,0.0021358629878081813,942.0,402.0,0.09140851723444023,0.40060259700342454,0.0,39994.0,0.37634866393249916,0.0,0
0.49409514419141176,0.0021358629878081813,943.0,402.0,0.0914085585864086,0.4006025970034246,0.0,39994.0,0.37634866393249916,0.0,0
0.4940951851319212,0.0021358629878081813,944.0,402.0,0.09140859952691802,0.4006025970034244,0.0,39994.0,0.37634866393249916,0.0,0
0.49409522566506575,0.0021358629878081813,945.0,402.0,0.09140864006006254,0.4006025970034245,0.0,39994.0,0.37634866393249916,0.0,0
0.49409526579489876,0.0021358629878081813,946.0,402.0,0.09140868018989552,0.4006025970034245,0.0,39994.0,0.37634866393249916,0.0,0
0.4940953055254333,0.0021358629878081813,947.0,402.0,0.09140871992043004,0.40060259700342454,0.0,39994.0,0.37634866393249916,0.0,0
0.4940953448606424,0.0021358629878081813,948.0,402.0,0.09140875925563913,0.40060259700342465,0.0,39994.0,0.37634866393249916,0.0,0
0.49409538380445955,0.0021358629878081813,949.0,402.0,0.0914087981994563,0.40060259700342465,0.0,39994.0,0.37634866393249916,0.0,0
0.49409542236077925,0.0021358629878081813,950.0,402.0,0.091408836755776,0.40060259700342465,0.0,39994.0,0.37634866393249916,0.0,0
0.49409546053345726,0.0021358629878081813,951.0,402.0,0.091408874928454,0.40060259700342465,0.0,39994.0,0.37634866393249916,0.0,0
0.49409549832631067,0.0021358629878081813,952.0,402.0,0.09140891272130745,0.40060259700342465,0.0,39994.0,0.37634866393249916,0.0,0
0.49409553574311893,0.0021358629878081813,953.0,402.0,0.09140895013811577,0.4006025970034245,0.0,39994.0,0.37634866393249916,0.0,0
0.4940955727876238,0.0021358629878081813,954.0,402.0,0.09140898718262058,0.40060259700342465,0.0,39994.0,0.37634866393249916,0.0,0
0.49409560946352965,0.0021358629878081813,955.0,402.0,0.09140902385852641,0.4006025970034245,0.0,39994.0,0.37634866393249916,0.0,0
0.4940956457745041,0.0021358629878081813,956.0,402.0,0.0914090601695009,0.40060259700342465,0.0,39994.0,0.37634866393249916,0.0,0
0.4940956817241784,0.0021358629878081813,957.0,402.0,0.09140909611917519,0.40060259700342465,0.0,39994.0,0.37634866393249916,0.0,0
0.49409571731614743,0.0021358629878081813,958.0,402.0,0.09140913171114419,0.40060259700342454,0.0,39994.0,0.37634866393249916,0.0,0
0.4940957525539704,0.0021358629878081813,959.0,402.0,0.09140916694896718,0.4006025970034247,0.0,39994.0,0.37634866393249916,0.0,0
0.4940957874411712,0.0021358629878081813,960.0,402.0,0.09140920183616799,0.4006025970034248,0.0,39994.0,0.37634866393249916,0.0,0
0.4940958219812385,0.0021358629878081813,961.0,402.0,0.09140923637623531,0.4006025970034246,0.0,39994.0,0.37634866393249916,0.0,0
0.49409585617762647,0.0021358629878081813,962.0,402.0,0.09140927057262328,0.4006025970034245,0.0,39994.0,0.37634866393249916,0.0,0
0.49409589003375476,0.0021358629878081813,963.0,402.0,0.0914093044287515,0.4006025970034246,0.0,39994.0,0.37634866393249916,0.0,0
0.4940959235530088,0.0021358629878081813,964.0,402.0,0.09140933794800556,0.4006025970034245,0.0,39994.0,0.37634866393249916,0.0,0
0.4940959567387408,0.0021358629878081813,965.0,402.0,0.09140937113373757,0.40060259700342465,0.0,39994.0,0.37634866393249916,0.0,0
0.49409598959426915,0.0021358629878081813,966.0,402.0,0.0914094039892659,0.40060259700342465,0.0,39994.0,0.37634866393249916,0.0,0
0.4940960221228796,0.0021358629878081813,967.0,402.0,0.09140943651787636,0.40060259700342465,0.0,39994.0,0.37634866393249916,0.0,0
0.494096054327825,0.0021358629878081813,968.0,402.0,0.0914094687228217,0.40060259700342465,0.0,39994.0,0.37634866393249916,0.0,0
0.4940960862123257,0.0021358629878081813,969.0,402.0,0.0914095006073225,0.40060259700342454,0.0,39994.0,0.37634866393249916,0.0,0
0.49409611777957035,0.0021358629878081813,970.0,402.0,0.09140953217456718,0.40060259700342465,0.0,39994.0,0.37634866393249916,0.0,0
0.49409614903271576,0.0021358629878081813,971.0,402.0,0.09140956342771253,0.40060259700342443,0.0,39994.0,0.37634866393249916,0.0,0
0.49409617997488714,0.0021358629878081813,972.0,402.0,0.09140959436988393,0.4006025970034245,0.0,39994.0,0.37634866393249916,0.0,0
0.49409621060917874,0.0021358629878081813,973.0,402.0,0.09140962500417554,0.4006025970034245,0.0,39994.0,0.37634866393249916,0.0,0
0.4940962409386541,0.0021358629878081813,974.0,402.0,0.09140965533365088,0.40060259700342454,0.0,39994.0,0.37634866393249916,0.0,0
0.4940962709663461,0.0021358629878081813,975.0,402.0,0.09140968536134293,0.40060259700342454,0.0,39994.0,0.37634866393249916,0.0,0
0.49409630069525756,0.0021358629878081813,976.0,402.0,0.09140971509025436,0.40060259700342454,0.0,39994.0,0.37634866393249916,0.0,0
0.49409633012836146,0.0021358629878081813,977.0,402.0,0.09140974452335825,0.4006025970034245,0.0,39994.0,0.37634866393249916,0.0,0
0.49409635926860107,0.0021358629878081813,978.0,402.0,0.09140977366359787,0.40060259700342454,0.0,39994.0,0.37634866393249916,0.0,0
0.49409638811889045,0.0021358629878081813,979.0,402.0,0.09140980251388721,0.40060259700342465,0.0,39994.0,0.37634866393249916,0.0,0
0.4940964166821147,0.0021358629878081813,980.0,402.0,0.09140983107711144,0.40060259700342465,0.0,39994.0,0.37634866393249916,0.0,0
0.49409644496113003,0.0021358629878081813,981.0,402.0,0.0914098593561268,0.40060259700342454,0.0,39994.0,0.37634866393249916,0.0,0
0.4940964729587644,0.0021358629878081813,982.0,402.0,0.09140988735376124,0.40060259700342454,0.0,39994.0,0.37634866393249916,0.0,0
0.49409650067781774,0.0021358629878081813,983.0,402.0,0.09140991507281454,0.40060259700342454,0.0,39994.0,0.37634866393249916,0.0,0
0.4940965281210619,0.0021358629878081813,984.0,402.0,0.09140994251605872,0.40060259700342454,0.0,39994.0,0.37634866393249916,0.0,0
0.49409655529124125,0.0021358629878081813,985.0,402.0,0.09140996968623807,0.4006025970034245,0.0,39994.0,0.37634866393249916,0.0,0
0.4940965821910728,0.0021358629878081813,986.0,402.0,0.09140999658606956,0.4006025970034245,0.0,39994.0,0.37634866393249916,0.0,0
0.4940966088232465,0.0021358629878081813,987.0,402.0,0.09141002321824326,0.40060259700342477,0.0,39994.0,0.37634866393249916,0.0,0
0.4940966351904256,0.0021358629878081813,988.0,402.0,0.09141004958542243,0.40060259700342454,0.0,39994.0,0.37634866393249916,0.0,0
0.49409666129524693,0.0021358629878081813,989.0,402.0,0.09141007569024376,0.40060259700342454,0.0,39994.0,0.37634866393249916,0.0,0
0.49409668714032107,0.0021358629878081813,990.0,402.0,0.0914101015353178,0.4006025970034246,0.0,39994.0,0.37634866393249916,0.0,0
0.49409671272823225,0.0021358629878081813,991.0,402.0,0.09141012712322903,0.40060259700342454,0.0,39994.0,0.37634866393249916,0.0,0
0.4940967380615395,0.0021358629878081813,992.0,402.0,0.09141015245653633,0.40060259700342465,0.0,39994.0,0.37634866393249916,0.0,0
0.4940967631427762,0.0021358629878081813,993.0,402.0,0.09141017753777297,0.40060259700342465,0.0,39994.0,0.37634866393249916,0.0,0
0.49409678797445034,0.0021358629878081813,994.0,402.0,0.09141020236944715,0.40060259700342465,0.0,39994.0,0.37634866393249916,0.0,0
0.4940968125590452,0.0021358629878081813,995.0,402.0,0.09141022695404204,0.4006025970034244,0.0,39994.0,0.37634866393249916,0.0,0
0.49409683689901934,0.0021358629878081813,996.0,402.0,0.09141025129401616,0.4006025970034245,0.0,39994.0,0.37634866393249916,0.0,0
0.4940968609968066,0.0021358629878081813,997.0,402.0,0.0914102753918034,0.40060259700342454,0.0,39994.0,0.37634866393249916,0.0,0
0.49409688485481695,0.0021358629878081813,998.0,402.0,0.09141029924981377,0.4006025970034245,0.0,39994.0,0.37634866393249916,0.0,0
0.4940969084754361,0.0021358629878081813,999.0,402.0,0.09141032287043287,0.40060259700342454,0.0,39994.0,0.37634866393249916,0.0,0
0.4940969318610261,0.0021358629878081813,1000.0,402.0,0.09141034625602293,0.40060259700342443,0.0,39994.0,0.37634866393249916,0.0,0
0.4940969550139257,0.0021358629878081813,1001.0,402.0,0.09141036940892248,0.40060259700342477,0.0,39994.0,0.37634866393249916,0.0,0
0.49409697793644997,0.0021358629878081813,1002.0,402.0,0.09141039233144682,0.40060259700342454,0.0,39994.0,0.37634866393249916,0.0,0
0.49409700063089146,0.0021358629878081813,1003.0,402.0,0.09141041502588824,0.40060259700342465,0.0,39994.0,0.37634866393249916,0.0,0
0.49409702309951936,0.0021358629878081813,1004.0,402.0,0.09141043749451615,0.40060259700342454,0.0,39994.0,0.37634866393249916,0.0,0
0.49409704534458077,0.0021358629878081813,1005.0,402.0,0.09141045973957751,0.40060259700342454,0.0,39994.0,0.37634866393249916,0.0,0
0.49409704534458077,0.0021358629878081813,1005.0,402.0,0.09141045973957751,0.40060259700342454,0.0,39994.0,0.37634866393249916,0.0,0
0.49409704534458077,0.0021358629878081813,1005.0,402.0,0.09141045973957751,0.40060259700342454,0.0,39994.0,0.37634866393249916,0.0,0
0.0921518063252225,0.0008325846977250009,1005.0,717.0,0.09142768436279702,-2.2594086889273894e-17,0.0,39986.0,0.0,0.0,0
0.0921518063252225,0.0008325846977250009,1005.0,717.0,0.09142768436279702,-2.2594086889273894e-17,0.0,39986.0,0.0,0.0,0
0.0754525917927544,0.0007397445220780218,1006.0,739.0,0.07482131000597589,-1.1703358766017428e-17,0.0,39986.0,0.0,0.0,0
0.07003771045551727,0.0007397445220780218,1007.0,739.0,0.06940642866873876,1.1437406919295658e-17,0.0,39986.0,0.0,0.0,0
0.06661964554752449,0.0007397445220780218,1008.0,739.0,0.06598836376074597,-7.938662624644822e-18,0.0,39986.0,0.0,0.0,0
0.06404631567868088,0.0007397445220780218,1009.0,739.0,0.06341503389190237,1.0002744457257668e-17,0.0,39986.0,0.0,0.0,0
0.061883757371679865,0.0007397445220780218,1010.0,739.0,0.061252475584901364,1.4896258436938227e-17,0.0,39986.0,0.0,0.0,0
0.05996305796616907,0.0007397445220780218,1011.0,739.0,0.05933177617939056,-6.6620937603803284e-18,0.0,39986.0,0.0,0.0,0
0.05821369086415026,0.0007397445220780218,1012.0,739.0,0.057582409077371756,6.175992884983316e-18,0.0,39986.0,0.0,0.0,0
0.056599517966255786,0.0007371431440957619,1013.0,741.0,0.055970837557459484,2.799438688798538e-17,0.0,39986.0,0.0,0.0,0
0.055103034545019434,0.0007336445930707656,1014.0,744.0,0.05447785268724816,1.9749879639610523e-17,0.0,39986.0,0.0,0.0,0
0.05371442207335344,0.0007327168916993823,1015.0,745.0,0.05309016791695356,6.688688945052505e-18,0.0,39986.0,0.0,0.0,0
0.05241758925780331,0.000728787062642836,1016.0,748.0,0.051797264930459976,-1.8731875070769972e-17,0.0,39986.0,0.0,0.0,0
0.0512081652818495,0.0007264507938945773,1017.0,750.0,0.050590177223254436,1.7136163990439353e-17,0.0,39986.0,0.0,0.0,0
0.05007754445263189,0.0007250153216332292,1018.0,751.0,0.04946099186629816,2.5132449515207228e-18,0.0,39986.0,0.0,0.0,0
0.0490111720550232,0.0007170144863197348,1019.0,754.0,0.048402620304002955,1.4541655974642535e-17,0.0,39986.0,0.0,0.0,0
0.048010741431217176,0.0007105316733989113,1020.0,756.0,0.047408672493117775,6.1168924746007e-19,0.0,39986.0,0.0,0.0,0
0.04706909779951201,0.000704187523147356,1021.0,758.0,0.04647337301166416,3.512041886986924e-18,0.0,39986.0,0.0,0.0,0
0.04617789732143928,0.0006948638720781107,1022.0,761.0,0.045591496184660685,1.9345041828489607e-17,0.0,39986.0,0.0,0.0,0
0.04533855898030259,0.0006887102733796063,1023.0,763.0,0.04475831144222248,1.7678410255699853e-17,0.0,39986.0,0.0,0.0,0
0.0445467710152249,0.0006856983800840972,1024.0,764.0,0.043969535370440314,-1.0534648150701207e-18,0.0,39986.0,0.0,0.0,0
0.0437926220755574,0.0006797959366440607,1025.0,766.0,0.04322128887421284,2.203706552141774e-18,0.0,39986.0,0.0,0.0,0
0.043075572930333234,0.0006739770473147524,1026.0,768.0,0.042510058618317983,1.782911630217552e-17,0.0,39986.0,0.0,0.0,0
0.04239531307021267,0.0006711135936605192,1027.0,769.0,0.04183266221185167,8.875404129209277e-18,0.0,39986.0,0.0,0.0,0
0.04174886759117464,0.0006711135936605192,1028.0,769.0,0.04118621673281362,-6.7655194785499056e-18,0.0,39986.0,0.0,0.0,0
0.04112800460221431,0.000668357079815772,1029.0,770.0,0.04056811025769805,-2.7422590417533577e-18,0.0,39986.0,0.0,0.0,0
0.04053587044828418,0.000668357079815772,1030.0,770.0,0.03997597610376792,-2.1187497122167644e-18,0.0,39986.0,0.0,0.0,0
0.03996486520557915,0.0006656584173473161,1031.0,771.0,0.039407669523531356,1.5776854551639198e-17,0.0,39986.0,0.0,0.0,0
0.03941579288014604,0.0006630089982417801,1032.0,772.0,0.03886124661720376,9.045317809059297e-18,0.0,39986.0,0.0,0.0,0
0.03888687301819314,0.0006603905017185682,1033.0,773.0,0.03833494525177409,-9.125103363075827e-18,0.0,39986.0,0.0,0.0,0
0.0383765333041788,0.0006578282438709889,1034.0,774.0,0.03782716779560731,2.5442726669715957e-18,0.0,39986.0,0.0,0.0,0
0.03788583100434474,0.0006578282438709889,1035.0,774.0,0.03733646549577326,-3.575574828148236e-18,0.0,39986.0,0.0,0.0,0
0.037408392112684936,0.0006553305062219211,1036.0,775.0,0.03686152434176253,1.3751187985775053e-17,0.0,39986.0,0.0,0.0,0
0.03694802004506105,0.0006553305062219211,1037.0,775.0,0.03640115227413864,-7.683053349740011e-20,0.0,39986.0,0.0,0.0,0
0.036501135381062325,0.0006553305062219211,1038.0,775.0,0.03595426761013991,1.392553419640377e-17,0.0,39986.0,0.0,0.0,0
0.03606675634134727,0.0006553305062219211,1039.0,775.0,0.03551988857042483,2.1171244509312424e-17,0.0,39986.0,0.0,0.0,0
0.03564160774732093,0.0006529466804437914,1040.0,776.0,0.03509712380217665,-3.2845053070138544e-18,0.0,39986.0,0.0,0.0,0
0.035229647748897634,0.0006529466804437914,1041.0,776.0,0.034685163803753354,9.247736714619755e-18,0.0,39986.0,0.0,0.0,0
0.03482775711023733,0.0006529466804437914,1042.0,776.0,0.03428327316509305,9.818055674811994e-18,0.0,39986.0,0.0,0.0,0
0.03443526749139244,0.0006529466804437914,1043.0,776.0,0.03389078354624816,1.4002364729901168e-17,0.0,39986.0,0.0,0.0,0
0.034051571268953244,0.0006529466804437914,1044.0,776.0,0.033507087323808964,-1.3111426043383241e-17,0.0,39986.0,0.0,0.0,0
0.03367611578680594,0.0006529466804437914,1045.0,776.0,0.03313163184166166,-1.2115584128436171e-18,0.0,39986.0,0.0,0.0,0
0.033308398153717486,0.0006529466804437914,1046.0,776.0,0.032763914208573205,-7.049201448386459e-18,0.0,39986.0,0.0,0.0,0
0.032947960535713375,0.0006529466804437914,1047.0,776.0,0.03240347659056909,-2.338898740892007e-18,0.0,39986.0,0.0,0.0,0
0.03259438589616467,0.0006529466804437914,1048.0,776.0,0.03204990195102038,1.1796441912370047e-17,0.0,39986.0,0.0,0.0,0
0.032247294140982326,0.0006529466804437914,1049.0,776.0,0.03170281019583804,8.532621748990107e-18,0.0,39986.0,0.0,0.0,0
0.0319063386303705,0.0006529466804437914,1050.0,776.0,0.03136185468522621,5.181628480295811e-18,0.0,39986.0,0.0,0.0,0
0.031571203022258576,0.0006529466804437914,1051.0,776.0,0.031026719077114295,-4.0483781112091594e-19,0.0,39986.0,0.0,0.0,0
0.031241598415851578,0.0006529466804437914,1052.0,776.0,0.0306971144707073,-6.6310660449294555e-18,0.0,39986.0,0.0,0.0,0
0.03091726076674132,0.0006529466804437914,1053.0,776.0,0.03037277682159704,-9.048272829578427e-18,0.0,39986.0,0.0,0.0,0
0.030597948547738715,0.0006529466804437914,1054.0,776.0,0.03005346460259443,-3.0436711347046965e-18,0.0,39986.0,0.0,0.0,0
0.03028344063204626,0.0006529466804437914,1055.0,776.0,0.029738956686901945,2.2548284071227364e-17,0.0,39986.0,0.0,0.0,0
0.029973534377614863,0.0006529466804437914,1056.0,776.0,0.029429050432470585,-7.711126044671753e-18,0.0,39986.0,0.0,0.0,0
0.029668043893542686,0.0006529466804437914,1057.0,776.0,0.0291235599483984,1.3703907657468961e-17,0.0,39986.0,0.0,0.0,0
0.02936679847119411,0.0006529466804437914,1058.0,776.0,0.028822314526049834,-1.886780601464999e-18,0.0,39986.0,0.0,0.0,0
0.029069641164367336,0.0006529466804437914,1059.0,776.0,0.028525157219223052,2.384701558938534e-18,0.0,39986.0,0.0,0.0,0
0.028776427504328142,0.0006529466804437914,1060.0,776.0,0.028231943559183858,1.2863204319776256e-17,0.0,39986.0,0.0,0.0,0
0.028487024336878802,0.0006529466804437914,1061.0,776.0,0.027942540391734525,9.894886208309395e-18,0.0,39986.0,0.0,0.0,0
0.02820130876985118,0.0006529466804437914,1062.0,776.0,0.027656824824706897,1.651265466090276e-17,0.0,39986.0,0.0,0.0,0
0.027919167220518,0.0006529466804437914,1063.0,776.0,0.027374683275373717,3.0939064835299198e-18,0.0,39986.0,0.0,0.0,0
0.027640494553416627,0.0006529466804437914,1064.0,776.0,0.027096010608272346,-8.680372774946647e-18,0.0,39986.0,0.0,0.0,0
0.027365193299983416,0.0006529466804437914,1065.0,776.0,0.026820709354839132,1.8560483880660387e-17,0.0,39986.0,0.0,0.0,0
0.027093172952215812,0.0006529466804437914,1066.0,776.0,0.026548689007071535,-5.194926072631899e-18,0.0,39986.0,0.0,0.0,0
0.02682434932332029,0.0006529466804437914,1067.0,776.0,0.02627986537817601,4.008485334200894e-18,0.0,39986.0,0.0,0.0,0
0.026558643968972964,0.0006529466804437914,1068.0,776.0,0.026014160023828673,1.9769087272984873e-18,0.0,39986.0,0.0,0.0,0
0.026295983663428064,0.0006529466804437914,1069.0,776.0,0.025751499718283787,-4.379340409351806e-18,0.0,39986.0,0.0,0.0,0
0.026036299925256464,0.0006529466804437914,1070.0,776.0,0.02549181598011218,1.0537603171220338e-17,0.0,39986.0,0.0,0.0,0
0.0257795285879937,0.0006529466804437914,1071.0,776.0,0.025235044642849414,1.0153450503733338e-17,0.0,39986.0,0.0,0.0,0
0.0255256094114262,0.0006529466804437914,1072.0,776.0,0.024981125466281916,7.89138229633873e-18,0.0,39986.0,0.0,0.0,0
0.02527448572965039,0.0006529466804437914,1073.0,776.0,0.024730001784506114,-1.505582954497129e-18,0.0,39986.0,0.0,0.0,0
0.02502610413240763,0.0006529466804437914,1074.0,776.0,0.024481620187263346,-1.9547460734050063e-18,0.0,39986.0,0.0,0.0,0
0.02478041417653041,0.0006529466804437914,1075.0,776.0,0.02423593023138613,6.175992884983316e-18,0.0,39986.0,0.0,0.0,0
0.024537368124636527,0.0006529466804437914,1076.0,776.0,0.023992884179492243,1.7434621062871562e-19,0.0,39986.0,0.0,0.0,0
0.024296920708480444,0.0006529466804437914,1077.0,776.0,0.023752436763336163,1.0818330120537761e-17,0.0,39986.0,0.0,0.0,0
0.024059028914617166,0.0006529466804437914,1078.0,776.0,0.023514544969472882,-1.647423939415406e-18,0.0,39986.0,0.0,0.0,0
0.02382365179025785,0.0006529466804437914,1079.0,776.0,0.023279167845113566,3.2963253890903778e-18,0.0,39986.0,0.0,0.0,0
0.023590750267397168,0.0006529466804437914,1080.0,776.0,0.023046266322252887,1.6695865933088868e-18,0.0,39986.0,0.0,0.0,0
0.02336028700347614,0.0006529466804437914,1081.0,776.0,0.022815803058331856,4.5921018867292216e-18,0.0,39986.0,0.0,0.0,0
0.023132226237008523,0.0006529466804437914,1082.0,776.0,0.022587742291864246,-2.7422590417533577e-18,0.0,39986.0,0.0,0.0,0
0.022906533656749016,0.0006529466804437914,1083.0,776.0,0.02236204971160474,1.3859046234723327e-18,0.0,39986.0,0.0,0.0,0
0.022683176283116363,0.0006529466804437914,1084.0,776.0,0.022138692337972082,6.815754827375129e-18,0.0,39986.0,0.0,0.0,0
0.022462122360707243,0.0006529466804437914,1085.0,776.0,0.021917638415562962,-1.5366106699480022e-19,0.0,39986.0,0.0,0.0,0
0.022243341260847434,0.0006529466804437914,1086.0,776.0,0.02169885731570315,6.2424808466637584e-18,0.0,39986.0,0.0,0.0,0
0.02202680339322681,0.0006529466804437914,1087.0,776.0,0.021482319448082533,-6.715284129724682e-18,0.0,39986.0,0.0,0.0,0
0.02181159786904159,0.0006520644237294563,1088.0,777.0,0.021267996180611648,2.1187497122167644e-18,0.0,39986.0,0.0,0.0,0
0.021599461455148926,0.0006520644237294563,1089.0,777.0,0.021055859766718973,4.402980573504852e-18,0.0,39986.0,0.0,0.0,0
0.021388616441792515,0.000651195897708959,1090.0,778.0,0.02084588327938306,7.072841612539506e-18,0.0,39986.0,0.0,0.0,0
0.02117991004250033,0.0006503322265397796,1091.0,779.0,0.020638040551260062,-6.308968808344201e-19,0.0,39986.0,0.0,0.0,0
0.02097417561156898,0.0006503322265397796,1092.0,779.0,0.02043230612032871,-3.97450259823089e-19,0.0,39986.0,0.0,0.0,0
0.02076967758698294,0.0006494851417530735,1093.0,780.0,0.020228655180529378,8.894611762583628e-19,0.0,39986.0,0.0,0.0,0
0.020568085943377227,0.0006494851417530735,1094.0,780.0,0.020027063536923666,-1.1568905332396977e-18,0.0,39986.0,0.0,0.0,0
0.02036852997139981,0.0006494851417530735,1095.0,780.0,0.01982750756494625,1.0564198355892514e-18,0.0,39986.0,0.0,0.0,0
0.020170167601832687,0.0006486661637710092,1096.0,781.0,0.019629964173361186,4.4118456350622446e-18,0.0,39986.0,0.0,0.0,0
0.01997461419904338,0.0006486661637710092,1097.0,781.0,0.01943441077057188,-6.62958853466989e-18,0.0,39986.0,0.0,0.0,0
0.019781028662438912,0.0006486661637710092,1098.0,781.0,0.01924082523396741,3.690820628394336e-18,0.0,39986.0,0.0,0.0,0
0.01958938931048914,0.0006486661637710092,1099.0,781.0,0.01904918588201764,5.345632119107569e-18,0.0,39986.0,0.0,0.0,0
0.019398883468887254,0.0006478747553291223,1100.0,782.0,0.018859471448857638,3.501699315169966e-18,0.0,39986.0,0.0,0.0,0
0.01921107308115544,0.0006478747553291223,1101.0,782.0,0.018671661061125826,3.681955566836944e-18,0.0,39986.0,0.0,0.0,0
0.019025146236872757,0.0006478747553291223,1102.0,782.0,0.018485734216843144,-3.674568015539117e-18,0.0,39986.0,0.0,0.0,0
0.018841082786170305,0.0006478747553291223,1103.0,782.0,0.018301670766140695,-7.530869793004776e-18,0.0,39986.0,0.0,0.0,0
0.018658862913691048,0.0006478747553291223,1104.0,782.0,0.018119450893661432,-9.456065661218474e-19,0.0,39986.0,0.0,0.0,0
0.01847846712250791,0.0006478747553291223,1105.0,782.0,0.017939055102478296,1.814382598746295e-18,0.0,39986.0,0.0,0.0,0
0.018299876219415576,0.0006478747553291223,1106.0,782.0,0.017760464199385963,-4.535956496865737e-19,0.0,39986.0,0.0,0.0,0
0.018123071301466818,0.0006478747553291223,1107.0,782.0,0.0175836592814372,4.321717509228756e-18,0.0,39986.0,0.0,0.0,0
0.01794803374363634,0.0006478747553291223,1108.0,782.0,0.017408621723606726,8.890179231804931e-18,0.0,39986.0,0.0,0.0,0
0.01777474518750655,0.0006478747553291223,1109.0,782.0,0.017235333167476937,-8.584334608074896e-19,0.0,39986.0,0.0,0.0,0
0.017603187530879465,0.0006478747553291223,1110.0,782.0,0.01706377551084985,-2.186715184156772e-19,0.0,39986.0,0.0,0.0,0
0.017433342918227988,0.0006478747553291223,1111.0,782.0,0.016893930898198357,1.2065348779610947e-17,0.0,39986.0,0.0,0.0,0
0.017265193731908313,0.0006478747553291223,1112.0,782.0,0.0167257817118787,2.3374212306324417e-18,0.0,39986.0,0.0,0.0,0
0.01709872258406256,0.0006478747553291223,1113.0,782.0,0.016559310564032946,4.002575293162632e-18,0.0,39986.0,0.0,0.0,0
0.016933912309147082,0.0006478747553291223,1114.0,782.0,0.01639450028911747,-2.8176120649911922e-18,0.0,39986.0,0.0,0.0,0
0.01677074595702879,0.0006478747553291223,1115.0,782.0,0.016231333936999177,5.160943336661896e-18,0.0,39986.0,0.0,0.0,0
0.016609206786596407,0.0006478747553291223,1116.0,782.0,0.016069794766566798,-8.949279642187547e-18,0.0,39986.0,0.0,0.0,0
0.016449278259839564,0.0006478747553291223,1117.0,782.0,0.015909866239809948,4.5773267841335676e-18,0.0,39986.0,0.0,0.0,0
0.016290944036352017,0.0006478747553291223,1118.0,782.0,0.015751532016322407,-6.223273213289409e-18,0.0,39986.0,0.0,0.0,0
0.016134187968220658,0.0006478747553291223,1119.0,782.0,0.015594775948191046,-4.178399014050914e-18,0.0,39986.0,0.0,0.0,0
0.015978994095264386,0.0006478747553291223,1120.0,782.0,0.015439582075234772,-4.639382215035314e-18,0.0,39986.0,0.0,0.0,0
0.01582534664059134,0.0006478747553291223,1121.0,782.0,0.015285934620561728,7.195474964083432e-18,0.0,39986.0,0.0,0.0,0
0.015673230006445233,0.0006478747553291223,1122.0,782.0,0.015133817986415622,5.892310915146762e-18,0.0,39986.0,0.0,0.0,0
0.015522628770314852,0.0006478747553291223,1123.0,782.0,0.01498321675028524,-4.798953323068376e-18,0.0,39986.0,0.0,0.0,0
0.01537352768128283,0.0006478747553291223,1124.0,782.0,0.014834115661253216,1.9207633374350026e-19,0.0,39986.0,0.0,0.0,0
0.0152259116565922,0.0006478747553291223,1125.0,782.0,0.014686499636562586,-2.2266079611650376e-18,0.0,39986.0,0.0,0.0,0
0.015079765778411514,0.0006478747553291223,1126.0,782.0,0.014540353758381901,1.6341263470793176e-18,0.0,39986.0,0.0,0.0,0
0.014935075290780626,0.0006478747553291223,1127.0,782.0,0.01439566327075101,7.687485880518707e-18,0.0,39986.0,0.0,0.0,0
0.014791825596721422,0.0006478747553291223,1128.0,782.0,0.014252413576691807,8.3109952100553e-18,0.0,39986.0,0.0,0.0,0
0.014650002255498958,0.0006478747553291223,1129.0,782.0,0.014110590235469345,-4.160668890936129e-18,0.0,39986.0,0.0,0.0,0
0.01450959098001999,0.0006478747553291223,1130.0,782.0,0.013970178959990377,4.654157317630968e-18,0.0,39986.0,0.0,0.0,0
0.014370577634356865,0.0006478747553291223,1131.0,782.0,0.01383116561432725,8.081981119822665e-19,0.0,39986.0,0.0,0.0,0
0.014232948231386409,0.0006478747553291223,1132.0,782.0,0.013693536211356796,3.4056611482982163e-18,0.0,39986.0,0.0,0.0,0
0.014096688930533688,0.0006478747553291223,1133.0,782.0,0.013557276910504073,1.1554130229801324e-18,0.0,39986.0,0.0,0.0,0
0.013961786035612135,0.0006478747553291223,1134.0,782.0,0.013422374015582517,1.6873167164236715e-18,0.0,39986.0,0.0,0.0,0
0.013828225992751877,0.0006478747553291223,1135.0,782.0,0.013288813972722264,-9.263989327474974e-19,0.0,39986.0,0.0,0.0,0
0.013695995388409156,0.0006478747553291223,1136.0,782.0,0.013156583368379535,5.06342765953058e-18,0.0,39986.0,0.0,0.0,0
0.013565080947450165,0.0006478747553291223,1137.0,782.0,0.013025668927420554,3.6317202180117206e-18,0.0,39986.0,0.0,0.0,0
0.013435469531303498,0.0006478747553291223,1138.0,782.0,0.012896057511273885,-2.129092284033722e-18,0.0,39986.0,0.0,0.0,0
0.013307148136175699,0.0006478747553291223,1139.0,782.0,0.012767736116146084,1.1879182486905708e-18,0.0,39986.0,0.0,0.0,0
0.013180103891325047,0.0006478747553291223,1140.0,782.0,0.012640691871295436,1.4420500133358174e-18,0.0,39986.0,0.0,0.0,0
0.01305432405738924,0.0006478747553291223,1141.0,782.0,0.012514912037359627,4.4871986583000795e-18,0.0,39986.0,0.0,0.0,0
0.012929796024762808,0.0006478747553291223,1142.0,782.0,0.012390384004733197,5.494860655323673e-18,0.0,39986.0,0.0,0.0,0
0.012806507312020723,0.0006478747553291223,1143.0,782.0,0.012267095291991112,1.3888596439914635e-19,0.0,39986.0,0.0,0.0,0
0.012684445564384835,0.0006478747553291223,1144.0,782.0,0.012145033544355224,3.783903774746955e-18,0.0,39986.0,0.0,0.0,0
0.012563598552230097,0.0006478747553291223,1145.0,782.0,0.012024186532200486,4.699960135677495e-18,0.0,39986.0,0.0,0.0,0
0.01244395416962794,0.0006478747553291223,1146.0,782.0,0.011904542149598326,2.919560272901204e-18,0.0,39986.0,0.0,0.0,0
0.01232550043292422,0.0006478747553291223,1147.0,782.0,0.011786088412894608,1.0194820791001168e-18,0.0,39986.0,0.0,0.0,0
0.012208225479349523,0.0006478747553291223,1148.0,782.0,0.011668813459319907,1.9709986862602257e-18,0.0,39986.0,0.0,0.0,0
0.012092117565659753,0.0006478747553291223,1149.0,782.0,0.01155270554563014,1.6370813675984484e-18,0.0,39986.0,0.0,0.0,0
0.011977165066805169,0.0006478747553291223,1150.0,782.0,0.011437753046775556,-1.0342571816957707e-20,0.0,39986.0,0.0,0.0,0
0.011863356474626139,0.0006478747553291223,1151.0,782.0,0.011323944454596526,2.4201618051681032e-18,0.0,39986.0,0.0,0.0,0
0.011750680396574044,0.0006478747553291223,1152.0,782.0,0.011211268376544433,5.629314088944123e-19,0.0,39986.0,0.0,0.0,0
0.011639125554456013,0.0006478747553291223,1153.0,782.0,0.011099713534426396,7.152627166556037e-18,0.0,39986.0,0.0,0.0,0
0.011528680783202036,0.0006478747553291223,1154.0,782.0,0.010989268763172423,2.19705775597373e-18,0.0,39986.0,0.0,0.0,0
0.01141933502965351,0.0006478747553291223,1155.0,782.0,0.010879923009623897,7.136374553700817e-19,0.0,39986.0,0.0,0.0,0
0.011311077351371898,0.0006478747553291223,1156.0,782.0,0.010771665331342287,-1.9783862375580527e-18,0.0,39986.0,0.0,0.0,0
0.011203896915466714,0.0006478747553291223,1157.0,782.0,0.0106644848954371,3.275640245456462e-18,0.0,39986.0,0.0,0.0,0
0.011097782997441814,0.0006478747553291223,1158.0,782.0,0.010558370977412199,2.3861790691980993e-18,0.0,39986.0,0.0,0.0,0
0.010992724980059283,0.0006478747553291223,1159.0,782.0,0.010453312960029673,-4.017350395758286e-18,0.0,39986.0,0.0,0.0,0
0.010888712352220081,0.0006478747553291223,1160.0,782.0,0.010349300332190468,-3.220972365852543e-19,0.0,39986.0,0.0,0.0,0
0.010785734707860744,0.0006478747553291223,1161.0,782.0,0.010246322687831131,4.875783856565776e-19,0.0,39986.0,0.0,0.0,0
0.010683781744865629,0.0006478747553291223,1162.0,782.0,0.010144369724836018,2.873757454854677e-18,0.0,39986.0,0.0,0.0,0
0.010582843263993972,0.0006478747553291223,1163.0,782.0,0.010043431243964363,-4.386727960649633e-18,0.0,39986.0,0.0,0.0,0
0.01048290916782138,0.0006478747553291223,1164.0,782.0,0.00994349714779177,5.245161421457123e-19,0.0,39986.0,0.0,0.0,0
0.010383969459695063,0.0006478747553291223,1165.0,782.0,0.009844557439665452,1.75823720888281e-18,0.0,39986.0,0.0,0.0,0
0.010286014242702578,0.0006478747553291223,1166.0,782.0,0.009746602222672967,4.2330668936548325e-18,0.0,39986.0,0.0,0.0,0
0.010189033718653496,0.0006478747553291223,1167.0,782.0,0.009649621698623883,-7.239800271870395e-20,0.0,39986.0,0.0,0.0,0
0.010093018187073708,0.0006478747553291223,1168.0,782.0,0.009553606167044095,2.9816157038029503e-18,0.0,39986.0,0.0,0.0,0
0.009997958044211898,0.0006478747553291223,1169.0,782.0,0.009458546024182285,1.1790531871331785e-18,0.0,39986.0,0.0,0.0,0
0.009903843782058,0.0006478747553291223,1170.0,782.0,0.009364431762028388,-2.319691107517657e-19,0.0,39986.0,0.0,0.0,0
0.009810665987373195,0.0006478747553291223,1171.0,782.0,0.009271253967343582,7.993330504248741e-19,0.0,39986.0,0.0,0.0,0
0.00971841534073121,0.0006478747553291223,1172.0,782.0,0.0091790033207016,8.702535428840127e-19,0.0,39986.0,0.0,0.0,0
0.00962708261557068,0.0006478747553291223,1173.0,782.0,0.009087670595541067,2.078856935208499e-18,0.0,39986.0,0.0,0.0,0
0.009536658677258256,0.0006478747553291223,1174.0,782.0,0.008997246657228642,-2.6004180568350806e-19,0.0,39986.0,0.0,0.0,0
0.00944713448216231,0.0006478747553291223,1175.0,782.0,0.008907722462132695,6.368069218726817e-19,0.0,39986.0,0.0,0.0,0
0.00935850107673689,0.0006478747553291223,1176.0,782.0,0.008819089056707275,1.5735484264371369e-18,0.0,39986.0,0.0,0.0,0
0.00927074959661585,0.0006478747553291223,1177.0,782.0,0.00873133757658624,1.6001436111093138e-18,0.0,39986.0,0.0,0.0,0
0.009183871265716884,0.0006478747553291223,1178.0,782.0,0.008644459245687275,1.4775102595653866e-20,0.0,39986.0,0.0,0.0,0
0.00909785739535529,0.0006478747553291223,1179.0,782.0,0.008558445375325676,1.035734691955336e-18,0.0,39986.0,0.0,0.0,0
0.009012699383367283,0.0006478747553291223,1180.0,782.0,0.008473287363337672,-2.245815594539388e-19,0.0,39986.0,0.0,0.0,0
0.008928388713242733,0.0006478747553291223,1181.0,782.0,0.008388976693213122,4.4325307786961597e-20,0.0,39986.0,0.0,0.0,0
0.00884491695326711,0.0006478747553291223,1182.0,782.0,0.008305504933237498,1.589801039292356e-18,0.0,39986.0,0.0,0.0,0
0.008762275755672528,0.0006478747553291223,1183.0,782.0,0.008222863735642917,5.614538986348469e-19,0.0,39986.0,0.0,0.0,0
0.008680456855797743,0.0006478747553291223,1184.0,782.0,0.00814104483576813,2.174895102080249e-18,0.0,39986.0,0.0,0.0,0
0.00859945207125694,0.0006478747553291223,1185.0,782.0,0.008060040051227325,3.6184226256756315e-18,0.0,39986.0,0.0,0.0,0
0.008519253301117212,0.0006478747553291223,1186.0,782.0,0.007979841281087599,4.061675703545248e-18,0.0,39986.0,0.0,0.0,0
0.008439852525084583,0.0006478747553291223,1187.0,782.0,0.00790044050505497,1.3740845413958095e-18,0.0,39986.0,0.0,0.0,0
0.008361241802698488,0.0006478747553291223,1188.0,782.0,0.007821829782668877,3.1057265656064428e-18,0.0,39986.0,0.0,0.0,0
0.008283413272534505,0.0006478747553291223,1189.0,782.0,0.007744001252504894,-9.618591789770667e-19,0.0,39986.0,0.0,0.0,0
0.008206359151415401,0.0006478747553291223,1190.0,782.0,0.007666947131385787,2.9963908063986043e-18,0.0,39986.0,0.0,0.0,0
0.008130071733630142,0.0006478747553291223,1191.0,782.0,0.007590659713600529,3.479536661276486e-18,0.0,39986.0,0.0,0.0,0
0.008054543390161012,0.0006478747553291223,1192.0,782.0,0.007515131370131398,-2.0227115453450142e-18,0.0,39986.0,0.0,0.0,0
0.007979766567918581,0.0006478747553291223,1193.0,782.0,0.007440354547888969,-2.5427951567120304e-18,0.0,39986.0,0.0,0.0,0
0.007905733788984445,0.0006478747553291223,1194.0,782.0,0.007366321768954832,1.238153597515794e-18,0.0,39986.0,0.0,0.0,0
0.007832437649861688,0.0006478747553291223,1195.0,782.0,0.007293025629832074,3.175169547806016e-18,0.0,39986.0,0.0,0.0,0
0.0077598708207329645,0.0006478747553291223,1196.0,782.0,0.0072204588007033525,8.303607658757473e-19,0.0,39986.0,0.0,0.0,0
0.00768802604472609,0.0006478747553291223,1197.0,782.0,0.007148614024696478,-2.338898740892007e-18,0.0,39986.0,0.0,0.0,0
0.0076168961371870505,0.0006478747553291223,1198.0,782.0,0.0070774841171574385,-2.3640164153046187e-20,0.0,39986.0,0.0,0.0,0
0.007546473984960354,0.0006478747553291223,1199.0,782.0,0.0070070619649307405,-1.2115584128436171e-18,0.0,39986.0,0.0,0.0,0
0.007476752545676682,0.0006478747553291223,1200.0,782.0,0.006937340525647069,4.250797016769617e-18,0.0,39986.0,0.0,0.0,0
0.007407724847047653,0.0006478747553291223,1201.0,782.0,0.0068683128270180405,3.2121073042951506e-18,0.0,39986.0,0.0,0.0,0
0.007339383986167762,0.0006478747553291223,1202.0,782.0,0.006799971966138148,2.4969923386655035e-18,0.0,39986.0,0.0,0.0,0
0.007271723128823281,0.0006478747553291223,1203.0,782.0,0.00673231110879367,1.6326488368197522e-18,0.0,39986.0,0.0,0.0,0
0.00720473550880813,0.0006478747553291223,1204.0,782.0,0.006665323488778518,1.0342571816957707e-20,0.0,39986.0,0.0,0.0,0
0.007138414427246613,0.0006478747553291223,1205.0,782.0,0.006599002407216999,3.294847878830812e-18,0.0,39986.0,0.0,0.0,0
0.0070727532519229315,0.0006478747553291223,1206.0,782.0,0.006533341231893317,2.804314472655104e-18,0.0,39986.0,0.0,0.0,0
0.00700774541661745,0.0006478747553291223,1207.0,782.0,0.006468333396587838,-1.6533339804536677e-18,0.0,39986.0,0.0,0.0,0
0.006943384420449597,0.0006478747553291223,1208.0,782.0,0.0064039724004199845,-1.283956415562321e-18,0.0,39986.0,0.0,0.0,0
0.006879663827227327,0.0006478747553291223,1209.0,782.0,0.006340251807197713,1.2898664566005825e-18,0.0,39986.0,0.0,0.0,0
0.006816577264803105,0.0006478747553291223,1210.0,782.0,0.006277165244773491,1.0490322842914245e-19,0.0,39986.0,0.0,0.0,0
0.006754118424436361,0.0006478747553291223,1211.0,782.0,0.006214706404406748,1.142115430644044e-18,0.0,39986.0,0.0,0.0,0
0.006692281060162265,0.0006478747553291223,1212.0,782.0,0.0061528690401326525,1.303164048936671e-18,0.0,39986.0,0.0,0.0,0
0.006631058988166856,0.0006478747553291223,1213.0,782.0,0.006091646968137242,1.9975938709324026e-18,0.0,39986.0,0.0,0.0,0
0.006570446086168384,0.0006478747553291223,1214.0,782.0,0.006031034066138771,2.526542543856811e-18,0.0,39986.0,0.0,0.0,0
0.006510436292804845,0.0006478747553291223,1215.0,782.0,0.005971024272775233,9.795893020918513e-19,0.0,39986.0,0.0,0.0,0
0.0064510236070276315,0.0006478747553291223,1216.0,782.0,0.005911611586998019,-8.525234197692281e-19,0.0,39986.0,0.0,0.0,0
0.006392202087501227,0.0006478747553291223,1217.0,782.0,0.005852790067471614,1.0194820791001168e-19,0.0,39986.0,0.0,0.0,0
0.006333965852008885,0.0006478747553291223,1218.0,782.0,0.005794553831979271,1.880870560426737e-18,0.0,39986.0,0.0,0.0,0
0.00627630907686425,0.0006478747553291223,1219.0,782.0,0.005736897056834637,4.772358138396199e-19,0.0,39986.0,0.0,0.0,0
0.006219225996328853,0.0006478747553291223,1220.0,782.0,0.005679813976299239,8.170631735396588e-19,0.0,39986.0,0.0,0.0,0
0.006162710902035382,0.0006478747553291223,1221.0,782.0,0.005623298882005769,1.5011504237184328e-18,0.0,39986.0,0.0,0.0,0
0.006106758142416738,0.0006478747553291223,1222.0,782.0,0.005567346122387125,-5.112185498096238e-19,0.0,39986.0,0.0,0.0,0
0.006051362122140771,0.0006478747553291223,1223.0,782.0,0.005511950102111159,1.9857737888558796e-18,0.0,39986.0,0.0,0.0,0
0.005996517301550626,0.0006478747553291223,1224.0,782.0,0.005457105281521014,2.358106374266357e-18,0.0,39986.0,0.0,0.0,0
0.005942218196110709,0.0006478747553291223,1225.0,782.0,0.005402806176081097,-8.392258274331396e-19,0.0,39986.0,0.0,0.0,0
0.005888459375858145,0.0006478747553291223,1226.0,782.0,0.0053490473558285324,1.3962471952892903e-18,0.0,39986.0,0.0,0.0,0
0.005835235464859691,0.0006478747553291223,1227.0,782.0,0.005295823444830079,-7.535302323783472e-20,0.0,39986.0,0.0,0.0,0
0.0057825411406740935,0.0006478747553291223,1228.0,782.0,0.005243129120644481,-5.910041038261547e-21,0.0,39986.0,0.0,0.0,0
0.00573037113381977,0.0006478747553291223,1229.0,782.0,0.005190959113790157,-1.6075311624071406e-18,0.0,39986.0,0.0,0.0,0
0.005678720227247812,0.0006478747553291223,1230.0,782.0,0.005139308207218199,-1.5484307520245252e-18,0.0,39986.0,0.0,0.0,0
0.005627583255820224,0.0006478747553291223,1231.0,782.0,0.00508817123579061,3.575574828148236e-18,0.0,39986.0,0.0,0.0,0
0.005576955105793347,0.0006478747553291223,1232.0,782.0,0.005037543085763735,3.8267515722743515e-19,0.0,39986.0,0.0,0.0,0
0.0055268307143064785,0.0006478747553291223,1233.0,782.0,0.0049874186942768664,-7.29890068225301e-19,0.0,39986.0,0.0,0.0,0
0.005477205068875515,0.0006478747553291223,1234.0,782.0,0.004937793048845904,4.757583035800545e-19,0.0,39986.0,0.0,0.0,0
0.005428073206891677,0.0006478747553291223,1235.0,782.0,0.004888661186862064,2.300483474143307e-18,0.0,39986.0,0.0,0.0,0
0.0053794302151252095,0.0006478747553291223,1236.0,782.0,0.004840018195095597,9.352639943048898e-19,0.0,39986.0,0.0,0.0,0
0.005331271229234044,0.0006478747553291223,1237.0,782.0,0.004791859209204431,4.225679342357006e-19,0.0,39986.0,0.0,0.0,0
0.00528359143327733,0.0006478747553291223,1238.0,782.0,0.004744179413247717,2.1985352662332953e-18,0.0,39986.0,0.0,0.0,0
0.005236386059233797,0.0006478747553291223,1239.0,782.0,0.004696974039204184,4.063153213804813e-19,0.0,39986.0,0.0,0.0,0
0.005189650386524961,0.0006478747553291223,1240.0,782.0,0.004650238366495348,8.79118604441405e-19,0.0,39986.0,0.0,0.0,0
0.005143379741543023,0.0006478747553291223,1241.0,782.0,0.00460396772151341,3.4869242125743124e-19,0.0,39986.0,0.0,0.0,0
0.005097569497183495,0.0006478747553291223,1242.0,782.0,0.0045581574771538826,6.161217782387662e-19,0.0,39986.0,0.0,0.0,0
0.005052215072382469,0.0006478747553291223,1243.0,782.0,0.004512803052352856,2.895920108748158e-19,0.0,39986.0,0.0,0.0,0
0.005007311931658501,0.0006478747553291223,1244.0,782.0,0.004467899911628888,1.9887288093750103e-18,0.0,39986.0,0.0,0.0,0
0.004962855584659036,0.0006478747553291223,1245.0,782.0,0.00442344356462942,2.23547302272243e-18,0.0,39986.0,0.0,0.0,0
0.004918841585711367,0.0006478747553291223,1246.0,782.0,0.0043794295656817556,8.86506155739232e-21,0.0,39986.0,0.0,0.0,0
0.004875265533378058,0.0006478747553291223,1247.0,782.0,0.004335853513348444,1.6341263470793176e-18,0.0,39986.0,0.0,0.0,0
0.004832123070016773,0.0006478747553291223,1248.0,782.0,0.004292711049987161,1.173143146094917e-18,0.0,39986.0,0.0,0.0,0
0.004789409881344512,0.0006478747553291223,1249.0,782.0,0.004249997861314899,-1.1642780845375247e-18,0.0,39986.0,0.0,0.0,0
0.004747121696006176,0.0006478747553291223,1250.0,782.0,0.004207709675976564,3.811976469678698e-19,0.0,39986.0,0.0,0.0,0
0.004705254285147405,0.0006478747553291223,1251.0,782.0,0.004165842265117792,3.9154021878482746e-19,0.0,39986.0,0.0,0.0,0
0.004663803461991696,0.0006478747553291223,1252.0,782.0,0.004124391441962084,5.895265935665893e-19,0.0,39986.0,0.0,0.0,0
0.0046227650814217175,0.0006478747553291223,1253.0,782.0,0.004083353061392105,3.5755748281482356e-19,0.0,39986.0,0.0,0.0,0
0.0045821350395647805,0.0006478747553291223,1254.0,782.0,0.004042723019535167,1.3770395619149403e-18,0.0,39986.0,0.0,0.0,0
0.004541909273382453,0.0006478747553291223,1255.0,782.0,0.004002497253352839,6.855647604383394e-19,0.0,39986.0,0.0,0.0,0
0.004502083760264238,0.0006478747553291223,1256.0,782.0,0.003962671740234626,-1.3282817233492826e-18,0.0,39986.0,0.0,0.0,0
0.004462654517625325,0.0006478747553291223,1257.0,782.0,0.003923242497595709,1.7818773730358563e-18,0.0,39986.0,0.0,0.0,0
0.004423617602508294,0.0006478747553291223,1258.0,782.0,0.003884205582478681,-4.462080983887467e-19,0.0,39986.0,0.0,0.0,0
0.004384969111188847,0.0006478747553291223,1259.0,782.0,0.003845557091159234,3.811976469678698e-19,0.0,39986.0,0.0,0.0,0
0.004346705178785407,0.0006478747553291223,1260.0,782.0,0.0038072931587557943,6.501045142087702e-19,0.0,39986.0,0.0,0.0,0
0.00430882197887263,0.0006478747553291223,1261.0,782.0,0.003769409958843017,-8.850286454796667e-19,0.0,39986.0,0.0,0.0,0
0.004271315723098768,0.0006478747553291223,1262.0,782.0,0.0037319037030691545,1.7434621062871564e-18,0.0,39986.0,0.0,0.0,0
0.004234182660806806,0.0006478747553291223,1263.0,782.0,0.003694770640777194,1.8025625166697716e-18,0.0,39986.0,0.0,0.0,0
0.004197419078659413,0.0006478747553291223,1264.0,782.0,0.0036580070586298007,-7.594402734166087e-19,0.0,39986.0,0.0,0.0,0
0.0041610213002676,0.0006478747553291223,1265.0,782.0,0.0036216092802379874,-7.387551297826933e-21,0.0,39986.0,0.0,0.0,0
0.004124985685823061,0.0006478747553291223,1266.0,782.0,0.003585573665793449,-5.688414499326739e-19,0.0,39986.0,0.0,0.0,0
0.004089308631734209,0.0006478747553291223,1267.0,782.0,0.003549896611704596,1.4051122568466826e-18,0.0,39986.0,0.0,0.0,0
0.004053986570265791,0.0006478747553291223,1268.0,782.0,0.0035145745502361786,-5.008759779926661e-19,0.0,39986.0,0.0,0.0,0
0.004019015969182137,0.0006478747553291223,1269.0,782.0,0.0034796039491525248,1.3046415591962365e-18,0.0,39986.0,0.0,0.0,0
0.003984393331393903,0.0006478747553291223,1270.0,782.0,0.00344498131136429,1.3652194798384172e-18,0.0,39986.0,0.0,0.0,0
0.0039501151946083795,0.0006478747553291223,1271.0,782.0,0.003410703174578767,-6.279418603152894e-19,0.0,39986.0,0.0,0.0,0
0.003916178130983255,0.0006478747553291223,1272.0,782.0,0.0033767661109536423,-5.496338165583238e-19,0.0,39986.0,0.0,0.0,0
0.003882578746783821,0.0006478747553291223,1273.0,782.0,0.003343166726754208,5.61453898634847e-20,0.0,39986.0,0.0,0.0,0
0.0038493136820435983,0.0006478747553291223,1274.0,782.0,0.0033099016620139854,7.10682434850951e-19,0.0,39986.0,0.0,0.0,0
0.003816379610228337,0.0006478747553291223,1275.0,782.0,0.003276967590198725,-5.924816140857201e-19,0.0,39986.0,0.0,0.0,0
0.003783773237903368,0.0006478747553291223,1276.0,782.0,0.0032443612178737562,8.93893707037059e-19,0.0,39986.0,0.0,0.0,0
0.0037514913044042393,0.0006478747553291223,1277.0,782.0,0.0032120792843746268,4.0483781112091594e-19,0.0,39986.0,0.0,0.0,0
0.003719530581510661,0.0006478747553291223,1278.0,782.0,0.0031801185614810487,6.64879616804424e-20,0.0,39986.0,0.0,0.0,0
0.0036878878731236753,0.0006478747553291223,1279.0,782.0,0.0031484758530940624,-2.5708678516437727e-19,0.0,39986.0,0.0,0.0,0
0.0036565600149460423,0.0006478747553291223,1280.0,782.0,0.00311714799491643,-2.304916004922003e-19,0.0,39986.0,0.0,0.0,0
0.003625543874165808,0.0006478747553291223,1281.0,782.0,0.0030861318541361956,-1.669586593308887e-19,0.0,39986.0,0.0,0.0,0
0.0035948363491430215,0.0006478747553291223,1282.0,782.0,0.0030554243291134094,-6.855647604383394e-19,0.0,39986.0,0.0,0.0,0
0.0035644343690995686,0.0006478747553291223,1283.0,782.0,0.0030250223490699566,9.36741504564455e-19,0.0,39986.0,0.0,0.0,0
0.003534334893812086,0.0006478747553291223,1284.0,782.0,0.0029949228737824723,5.924816140857201e-19,0.0,39986.0,0.0,0.0,0
0.0035045349133079424,0.0006478747553291223,1285.0,782.0,0.0029651228932783304,-4.713257728013584e-19,0.0,39986.0,0.0,0.0,0
0.003475031447564239,0.0006478747553291223,1286.0,782.0,0.0029356194275346257,-3.0436711347046965e-19,0.0,39986.0,0.0,0.0,0
0.0034458215462098,0.0006478747553291223,1287.0,782.0,0.0029064095261801867,1.6178737342240984e-18,0.0,39986.0,0.0,0.0,0
0.0034169022882301276,0.0006478747553291223,1288.0,782.0,0.0028774902682005147,-2.4231168256872343e-19,0.0,39986.0,0.0,0.0,0
0.003388270781675317,0.0006478747553291223,1289.0,782.0,0.002848858761645705,-1.7434621062871562e-19,0.0,39986.0,0.0,0.0,0
0.0033599241633708414,0.0006478747553291223,1290.0,782.0,0.0028205121433412285,8.998037480753205e-19,0.0,39986.0,0.0,0.0,0
0.0033318595986312352,0.0006478747553291223,1291.0,782.0,0.0027924475786016223,1.074149958704036e-18,0.0,39986.0,0.0,0.0,0
0.0033040742809766275,0.0006478747553291223,1292.0,782.0,0.0027646622609470138,7.786479067909588e-19,0.0,39986.0,0.0,0.0,0
0.0032765654318520896,0.0006478747553291223,1293.0,782.0,0.002737153411822477,-3.442598904787351e-19,0.0,39986.0,0.0,0.0,0
0.0032493303003497797,0.0006478747553291223,1294.0,782.0,0.0027099182803201676,3.97450259823089e-19,0.0,39986.0,0.0,0.0,0
0.0032223661629338413,0.0006478747553291223,1295.0,782.0,0.0026829541429042292,2.895920108748158e-19,0.0,39986.0,0.0,0.0,0
0.0031956703231680573,0.0006478747553291223,1296.0,782.0,0.0026562583031384452,-3.6051250333395435e-19,0.0,39986.0,0.0,0.0,0
0.0031692401114461997,0.0006478747553291223,1297.0,782.0,0.0026298280914165873,3.97450259823089e-19,0.0,39986.0,0.0,0.0,0
0.0031430728847250647,0.0006478747553291223,1298.0,782.0,0.0026036608646954514,1.1184752664909976e-18,0.0,39986.0,0.0,0.0,0
0.0031171660262601687,0.0006478747553291223,1299.0,782.0,0.0025777540062305554,1.0150495483214206e-18,0.0,39986.0,0.0,0.0,0
0.0030915169453440716,0.0006478747553291223,1300.0,782.0,0.0025521049253144587,3.501699315169966e-19,0.0,39986.0,0.0,0.0,0
0.0030661230770473056,0.0006478747553291223,1301.0,782.0,0.0025267110570176923,4.683707522822275e-19,0.0,39986.0,0.0,0.0,0
0.0030409818819618737,0.0006478747553291223,1302.0,782.0,0.0025015698619322607,-3.8415266748700055e-20,0.0,39986.0,0.0,0.0,0
0.0030160908459473143,0.0006478747553291223,1303.0,782.0,0.0024766788259177014,-3.9154021878482746e-19,0.0,39986.0,0.0,0.0,0
0.0029914474798792817,0.0006478747553291223,1304.0,782.0,0.0024520354598496687,3.4721491099786587e-19,0.0,39986.0,0.0,0.0,0
0.0029670493194006273,0.0006478747553291223,1305.0,782.0,0.002427637299371015,1.905988234839349e-19,0.0,39986.0,0.0,0.0,0
0.0029428939246749705,0.0006478747553291223,1306.0,782.0,0.002403481904645358,-3.250522571043851e-20,0.0,39986.0,0.0,0.0,0
0.0029189788801427074,0.0006478747553291223,1307.0,782.0,0.002379566860113095,4.875783856565776e-19,0.0,39986.0,0.0,0.0,0
0.0028953017942794524,0.0006478747553291223,1308.0,782.0,0.00235588977424984,-1.9355384400306565e-19,0.0,39986.0,0.0,0.0,0
0.0028718602993568878,0.0006478747553291223,1309.0,782.0,0.002332448279327275,5.259936524052776e-19,0.0,39986.0,0.0,0.0,0
0.0028486520512059845,0.0006478747553291223,1310.0,782.0,0.002309240031176371,4.595056907248352e-19,0.0,39986.0,0.0,0.0,0
0.0028256747289825855,0.0006478747553291223,1311.0,782.0,0.002286262708952973,4.210904239761352e-19,0.0,39986.0,0.0,0.0,0
0.0028029260349353192,0.0006478747553291223,1312.0,782.0,0.002263514014905707,4.979209574735353e-19,0.0,39986.0,0.0,0.0,0
0.0027804036941758226,0.0006478747553291223,1313.0,782.0,0.00224099167414621,-3.398273597000389e-20,0.0,39986.0,0.0,0.0,0
0.0027581054544512508,0.0006478747553291223,1314.0,782.0,0.002218693434421638,3.560799725552582e-19,0.0,39986.0,0.0,0.0,0
0.002736029085919047,0.0006478747553291223,1315.0,782.0,0.0021966170658894338,1.6252612855219254e-20,0.0,39986.0,0.0,0.0,0
0.002714172380923962,0.0006478747553291223,1316.0,782.0,0.002174760360894349,9.914093841683745e-19,0.0,39986.0,0.0,0.0,0
0.00269253315377728,0.0006478747553291223,1317.0,782.0,0.0021531211337476675,1.0253921201383783e-18,0.0,39986.0,0.0,0.0,0
0.0026711092405382517,0.0006478747553291223,1318.0,782.0,0.002131697220508638,9.44129055862282e-19,0.0,39986.0,0.0,0.0,0
0.0026498984987977014,0.0006478747553291223,1319.0,782.0,0.0021104864787680885,3.989277700826544e-19,0.0,39986.0,0.0,0.0,0
0.0026288988074637774,0.0006478747553291223,1320.0,782.0,0.0020894867874341654,1.3888596439914635e-19,0.0,39986.0,0.0,0.0,0
0.002608108066549848,0.0006478747553291223,1321.0,782.0,0.0020686960465202352,6.678346373235548e-19,0.0,39986.0,0.0,0.0,0
0.0025875241969644937,0.0006478747553291223,1322.0,782.0,0.002048112176934881,7.550077426379126e-19,0.0,39986.0,0.0,0.0,0
0.0025671451403036028,0.0006478747553291223,1323.0,782.0,0.00202773312027399,7.195474964083433e-19,0.0,39986.0,0.0,0.0,0
0.002546968858644526,0.0006478747553291223,1324.0,782.0,0.0020075568386149134,1.2115584128436171e-19,0.0,39986.0,0.0,0.0,0
0.0025269933343422843,0.0006478747553291223,1325.0,782.0,0.0019875813143126714,7.284125579657356e-19,0.0,39986.0,0.0,0.0,0
0.002507216569827799,0.0006478747553291223,1326.0,782.0,0.0019678045497981867,1.4036347465871172e-19,0.0,39986.0,0.0,0.0,0
0.0024876365874081396,0.0006478747553291223,1327.0,782.0,0.0019482245673785271,-6.589695757661625e-19,0.0,39986.0,0.0,0.0,0
0.0024682514290687474,0.0006478747553291223,1328.0,782.0,0.0019288394090391343,1.314984131013194e-19,0.0,39986.0,0.0,0.0,0
0.0024490591562776314,0.0006478747553291223,1329.0,782.0,0.0019096471362480187,-6.766996988809471e-19,0.0,39986.0,0.0,0.0,0
0.0024300578497915212,0.0006478747553291223,1330.0,782.0,0.0018906458297619083,-1.8173376192654255e-19,0.0,39986.0,0.0,0.0,0
0.0024112456094639322,0.0006478747553291223,1331.0,782.0,0.0018718335894343195,-7.239800271870395e-20,0.0,39986.0,0.0,0.0,0
0.002392620554055155,0.0006478747553291223,1332.0,782.0,0.0018532085340255422,-2.3640164153046187e-20,0.0,39986.0,0.0,0.0,0
0.0023741808210441277,0.0006478747553291223,1333.0,782.0,0.0018347688010145146,3.4869242125743124e-19,0.0,39986.0,0.0,0.0,0
0.0023559245664421823,0.0006478747553291223,1334.0,782.0,0.0018165125464125696,5.289486729244084e-19,0.0,39986.0,0.0,0.0,0
0.0023378499646086433,0.0006478747553291223,1335.0,782.0,0.0017984379445790304,-4.1370287267830826e-19,0.0,39986.0,0.0,0.0,0
0.0023199552080682678,0.0006478747553291223,1336.0,782.0,0.0017805431880386553,-4.535956496865737e-19,0.0,39986.0,0.0,0.0,0
0.0023022385073304887,0.0006478747553291223,1337.0,782.0,0.0017628264873008764,1.2558837206305787e-19,0.0,39986.0,0.0,0.0,0
0.0022846980907104673,0.0006478747553291223,1338.0,782.0,0.0017452860706808546,2.777719287982927e-19,0.0,39986.0,0.0,0.0,0
0.0022673322041519245,0.0006478747553291223,1339.0,782.0,0.0017279201841223118,2.098064568582849e-19,0.0,39986.0,0.0,0.0,0
0.0022501391110517324,0.0006478747553291223,1340.0,782.0,0.0017107270910221197,-4.993984677331007e-19,0.0,39986.0,0.0,0.0,0
0.002233117092086254,0.0006478747553291223,1341.0,782.0,0.0016937050720566415,-6.028241859026777e-19,0.0,39986.0,0.0,0.0,0
0.002216264445039408,0.0006478747553291223,1342.0,782.0,0.0016768524250097955,-6.028241859026777e-19,0.0,39986.0,0.0,0.0,0
0.0021995794846324454,0.0006478747553291223,1343.0,782.0,0.0016601674646028327,-1.9207633374350028e-20,0.0,39986.0,0.0,0.0,0
0.0021830605423554215,0.0006478747553291223,1344.0,782.0,0.0016436485223258088,8.008105606844396e-19,0.0,39986.0,0.0,0.0,0
0.002166705966300341,0.0006478747553291223,1345.0,782.0,0.0016272939462707281,-3.8415266748700055e-20,0.0,39986.0,0.0,0.0,0
0.0021505141209959716,0.0006478747553291223,1346.0,782.0,0.0016111021009663582,-1.10813269467404e-19,0.0,39986.0,0.0,0.0,0
0.002134483387244289,0.0006478747553291223,1347.0,782.0,0.0015950713672146764,5.762290012305008e-19,0.0,39986.0,0.0,0.0,0
0.0021186121619585587,0.0006478747553291223,1348.0,782.0,0.001579200141928946,6.870422706979048e-19,0.0,39986.0,0.0,0.0,0
0.002102898858003025,0.0006478747553291223,1349.0,782.0,0.0015634868379734127,-4.43253077869616e-21,0.0,39986.0,0.0,0.0,0
0.0020873419040341994,0.0006478747553291223,1350.0,782.0,0.0015479298840045872,-5.924816140857201e-19,0.0,39986.0,0.0,0.0,0
0.002071939744343721,0.0006478747553291223,1351.0,782.0,0.0015325277243141084,-3.560799725552582e-19,0.0,39986.0,0.0,0.0,0
0.0020566908387027846,0.0006478747553291223,1352.0,782.0,0.001517278818673172,4.402980573504853e-19,0.0,39986.0,0.0,0.0,0
0.002041593662208119,0.0006478747553291223,1353.0,782.0,0.0015021816421785061,2.437891928282888e-19,0.0,39986.0,0.0,0.0,0
0.002026646705129494,0.0006478747553291223,1354.0,782.0,0.0014872346850998812,6.471494936896393e-19,0.0,39986.0,0.0,0.0,0
0.002011848472758745,0.0006478747553291223,1355.0,782.0,0.0014724364527291319,5.27471162664843e-19,0.0,39986.0,0.0,0.0,0
0.001997197485260304,0.0006478747553291223,1356.0,782.0,0.0014577854652306913,7.461426810805202e-19,0.0,39986.0,0.0,0.0,0
0.0019826922775232105,0.0006478747553291223,1357.0,782.0,0.0014432802574935978,2.2901409023263495e-19,0.0,39986.0,0.0,0.0,0
0.001968331399014604,0.0006478747553291223,1358.0,782.0,0.0014289193789849915,-2.9402454165351197e-19,0.0,39986.0,0.0,0.0,0
0.0019541134136346677,0.0006478747553291223,1359.0,782.0,0.0014147013936050552,-1.2115584128436171e-19,0.0,39986.0,0.0,0.0,0
0.0019400368995730125,0.0006478747553291223,1360.0,782.0,0.0014006248795433995,-2.5117674412611574e-19,0.0,39986.0,0.0,0.0,0
0.0019261004491665035,0.0006478747553291223,1361.0,782.0,0.0013866884291368906,-3.3687233918090814e-19,0.0,39986.0,0.0,0.0,0
0.0019123026687584866,0.0006478747553291223,1362.0,782.0,0.0013728906487288737,2.556092749048119e-19,0.0,39986.0,0.0,0.0,0
0.001898642178559421,0.0006478747553291223,1363.0,782.0,0.0013592301585298085,6.486270039492047e-19,0.0,39986.0,0.0,0.0,0
0.0018851176125089042,0.0006478747553291223,1364.0,782.0,0.0013457055924792913,2.3640164153046185e-19,0.0,39986.0,0.0,0.0,0
0.00187172761813906,0.0006478747553291223,1365.0,782.0,0.0013323155981094478,-2.0241890556045797e-19,0.0,39986.0,0.0,0.0,0
0.0018584708564392946,0.0006478747553291223,1366.0,782.0,0.001319058836409682,-1.9207633374350028e-20,0.0,39986.0,0.0,0.0,0
0.001845346001722389,0.0006478747553291223,1367.0,782.0,0.0013059339816927763,-9.751567713131552e-20,0.0,39986.0,0.0,0.0,0
0.0018323517414919352,0.0006478747553291223,1368.0,782.0,0.0012929397214623223,9.485615866409782e-19,0.0,39986.0,0.0,0.0,0
0.0018194867763110798,0.0006478747553291223,1369.0,782.0,0.001280074756281467,-1.2411086180349248e-19,0.0,39986.0,0.0,0.0,0
0.001806749819672586,0.0006478747553291223,1370.0,782.0,0.001267337799642973,4.609832009844006e-19,0.0,39986.0,0.0,0.0,0
0.0017941395978701745,0.0006478747553291223,1371.0,782.0,0.001254727577840562,4.1370287267830826e-19,0.0,39986.0,0.0,0.0,0
0.0017816548498711573,0.0006478747553291223,1372.0,782.0,0.0012422428298415448,3.1470968528742734e-19,0.0,39986.0,0.0,0.0,0
0.0017692943271903295,0.0006478747553291223,1373.0,782.0,0.0012298823071607169,3.427823802191697e-19,0.0,39986.0,0.0,0.0,0
0.0017570567937651234,0.0006478747553291223,1374.0,782.0,0.0012176447737355105,-1.10813269467404e-19,0.0,39986.0,0.0,0.0,0
0.001744941025831999,0.0006478747553291223,1375.0,782.0,0.001205529005802386,4.934884266948392e-19,0.0,39986.0,0.0,0.0,0
0.0017329458118040641,0.0006478747553291223,1376.0,782.0,0.0011935337917744517,-1.1524580024610016e-19,0.0,39986.0,0.0,0.0,0
0.0017210699521499225,0.0006478747553291223,1377.0,782.0,0.00118165793212031,2.3640164153046187e-20,0.0,39986.0,0.0,0.0,0
0.0017093122592737107,0.0006478747553291223,1378.0,782.0,0.0011699002392440978,-1.551385772543656e-19,0.0,39986.0,0.0,0.0,0
0.0016976715573963446,0.0006478747553291223,1379.0,782.0,0.0011582595373667316,6.102117372005047e-19,0.0,39986.0,0.0,0.0,0
0.001686146682437934,0.0006478747553291223,1380.0,782.0,0.0011467346624083213,8.40703337692705e-19,0.0,39986.0,0.0,0.0,0
0.001674736481901379,0.0006478747553291223,1381.0,782.0,0.0011353244618717661,2.098064568582849e-19,0.0,39986.0,0.0,0.0,0
0.001663439814757119,0.0006478747553291223,1382.0,782.0,0.0011240277947275061,2.644743364622042e-19,0.0,39986.0,0.0,0.0,0
0.001652255551329024,0.0006478747553291223,1383.0,782.0,0.0011128435312994114,1.0194820791001168e-19,0.0,39986.0,0.0,0.0,0
0.0016411825731814321,0.0006478747553291223,1384.0,782.0,0.0011017705531518192,3.1470968528742734e-19,0.0,39986.0,0.0,0.0,0
0.0016302197730073008,0.0006478747553291223,1385.0,782.0,0.0010908077529776879,9.63336689236632e-19,0.0,39986.0,0.0,0.0,0
0.001619366054517476,0.0006478747553291223,1386.0,782.0,0.0010799540344878628,1.2854339258218864e-19,0.0,39986.0,0.0,0.0,0
0.0016086203323310649,0.0006478747553291223,1387.0,782.0,0.0010692083123014522,2.2605906971350416e-19,0.0,39986.0,0.0,0.0,0
0.001597981531866894,0.0006478747553291223,1388.0,782.0,0.0010585695118372812,1.654811490713233e-19,0.0,39986.0,0.0,0.0,0
0.001587448589236051,0.0006478747553291223,1389.0,782.0,0.0010480365692064383,7.239800271870395e-20,0.0,39986.0,0.0,0.0,0
0.0015770204511354954,0.0006478747553291223,1390.0,782.0,0.001037608431105883,2.851594800961196e-19,0.0,39986.0,0.0,0.0,0
0.001566696074742727,0.0006478747553291223,1391.0,782.0,0.0010272840547131143,-2.2605906971350416e-19,0.0,39986.0,0.0,0.0,0
0.001556474427611503,0.0006478747553291223,1392.0,782.0,0.0010170624075818903,5.762290012305008e-19,0.0,39986.0,0.0,0.0,0
0.0015463544875685918,0.0006478747553291223,1393.0,782.0,0.0010069424675389791,4.3291050605265827e-19,0.0,39986.0,0.0,0.0,0
0.001536335242611556,0.0006478747553291223,1394.0,782.0,0.0009969232225819431,2.1719400815611184e-19,0.0,39986.0,0.0,0.0,0
0.0015264156908075504,0.0006478747553291223,1395.0,782.0,0.0009870036707779377,1.314984131013194e-19,0.0,39986.0,0.0,0.0,0
0.001516594840193129,0.0006478747553291223,1396.0,782.0,0.0009771828201635161,9.05713789113582e-19,0.0,39986.0,0.0,0.0,0
0.0015068717086750448,0.0006478747553291223,1397.0,782.0,0.000967459688645432,1.8468878244567333e-19,0.0,39986.0,0.0,0.0,0
0.0014972453239320445,0.0006478747553291223,1398.0,782.0,0.0009578333039024316,4.7280328306092373e-20,0.0,39986.0,0.0,0.0,0
0.0014877147233176317,0.0006478747553291223,1399.0,782.0,0.0009483027032880188,-1.6104861829262714e-19,0.0,39986.0,0.0,0.0,0
0.0014782789537638023,0.0006478747553291223,1400.0,782.0,0.0009388669337341896,-1.7582372088828102e-19,0.0,39986.0,0.0,0.0,0
0.0014689370716857387,0.0006478747553291223,1401.0,782.0,0.0009295250516561259,9.012812583348859e-20,0.0,39986.0,0.0,0.0,0
0.001459688142887447,0.0006478747553291223,1402.0,782.0,0.0009202761228578344,4.388205470909198e-19,0.0,39986.0,0.0,0.0,0
0.0014505312424683405,0.0006478747553291223,1403.0,782.0,0.0009111192224387278,-2.349241312708965e-19,0.0,39986.0,0.0,0.0,0
0.0014414654547307468,0.0006478747553291223,1404.0,782.0,0.0009020534347011339,4.2552295475483137e-19,0.0,39986.0,0.0,0.0,0
0.001432489873088336,0.0006478747553291223,1405.0,782.0,0.0008930778530587234,-2.7924943905785807e-19,0.0,39986.0,0.0,0.0,0
0.0014236035999754656,0.0006478747553291223,1406.0,782.0,0.0008841915799458527,1.5070604647566943e-19,0.0,39986.0,0.0,0.0,0
0.0014148057467574182,0.0006478747553291223,1407.0,782.0,0.0008753937267278059,-7.032948835531241e-19,0.0,39986.0,0.0,0.0,0
0.0014060954336415424,0.0006478747553291223,1408.0,782.0,0.0008666834136119295,5.688414499326739e-19,0.0,39986.0,0.0,0.0,0
0.0013974717895892646,0.0006478747553291223,1409.0,782.0,0.000858059769559652,6.64879616804424e-20,0.0,39986.0,0.0,0.0,0
0.0013889339522289957,0.0006478747553291223,1410.0,782.0,0.0008495219321993832,5.910041038261546e-20,0.0,39986.0,0.0,0.0,0
0.0013804810677698837,0.0006478747553291223,1411.0,782.0,0.0008410690477402708,-6.944298219957317e-20,0.0,39986.0,0.0,0.0,0
0.0013721122909164391,0.0006478747553291223,1412.0,782.0,0.0008327002708868263,1.4036347465871172e-19,0.0,39986.0,0.0,0.0,0
0.0013638267847840022,0.0006478747553291223,1413.0,782.0,0.0008244147647543896,-2.0832894659871952e-19,0.0,39986.0,0.0,0.0,0
0.001355623720815056,0.0006478747553291223,1414.0,782.0,0.0008162117007854431,8.421808479522703e-20,0.0,39986.0,0.0,0.0,0
0.0013475022786963668,0.0006478747553291223,1415.0,782.0,0.0008080902586667542,6.0430169616224315e-19,0.0,39986.0,0.0,0.0,0
0.001339461646276955,0.0006478747553291223,1416.0,782.0,0.0008000496262473422,5.895265935665893e-19,0.0,39986.0,0.0,0.0,0
0.0013315010194868775,0.0006478747553291223,1417.0,782.0,0.000792088999457265,3.752876059296082e-19,0.0,39986.0,0.0,0.0,0
0.001323619602256823,0.0006478747553291223,1418.0,782.0,0.0007842075822272102,5.688414499326739e-19,0.0,39986.0,0.0,0.0,0
0.0013158166064384993,0.0006478747553291223,1419.0,782.0,0.0007764045864088867,4.683707522822275e-19,0.0,39986.0,0.0,0.0,0
0.0013080912517258224,0.0006478747553291223,1420.0,782.0,0.0007686792316962097,4.949659369544045e-19,0.0,39986.0,0.0,0.0,0
0.0013004427655768833,0.0006478747553291223,1421.0,782.0,0.0007610307455472703,5.46678796039193e-20,0.0,39986.0,0.0,0.0,0
0.0012928703831366934,0.0006478747553291223,1422.0,782.0,0.0007534583631070808,3.8415266748700055e-20,0.0,39986.0,0.0,0.0,0
0.001285373347160698,0.0006478747553291223,1423.0,782.0,0.0007459613271310852,-3.250522571043851e-20,0.0,39986.0,0.0,0.0,0
0.0012779509079390524,0.0006478747553291223,1424.0,782.0,0.0007385388879094396,-3.087996442491658e-19,0.0,39986.0,0.0,0.0,0
0.0012706023232216491,0.0006478747553291223,1425.0,782.0,0.0007311903031920365,-5.46678796039193e-20,0.0,39986.0,0.0,0.0,0
0.0012633268581438923,0.0006478747553291223,1426.0,782.0,0.0007239148381142795,5.762290012305008e-20,0.0,39986.0,0.0,0.0,0
0.0012561237851532112,0.0006478747553291223,1427.0,782.0,0.0007167117651235987,1.1820082076523092e-19,0.0,39986.0,0.0,0.0,0
0.0012489923839363044,0.0006478747553291223,1428.0,782.0,0.0007095803639066917,2.0241890556045797e-19,0.0,39986.0,0.0,0.0,0
0.001241931941347107,0.0006478747553291223,1429.0,782.0,0.0007025199213174942,5.511113268178892e-19,0.0,39986.0,0.0,0.0,0
0.001234941751335476,0.0006478747553291223,1430.0,782.0,0.0006955297313058636,-1.979863747817618e-19,0.0,39986.0,0.0,0.0,0
0.0012280211148765867,0.0006478747553291223,1431.0,782.0,0.0006886090948469741,-1.0194820791001168e-19,0.0,39986.0,0.0,0.0,0
0.0012211693399010245,0.0006478747553291223,1432.0,782.0,0.0006817573198714115,-9.456065661218475e-20,0.0,39986.0,0.0,0.0,0
0.0012143857412255821,0.0006478747553291223,1433.0,782.0,0.0006749737211959695,-2.3935666204959264e-19,0.0,39986.0,0.0,0.0,0
0.0012076696404847397,0.0006478747553291223,1434.0,782.0,0.0006682576204551272,4.565506702057045e-19,0.0,39986.0,0.0,0.0,0
0.001201020366062826,0.0006478747553291223,1435.0,782.0,0.0006616083460332133,5.466787960391931e-19,0.0,39986.0,0.0,0.0,0
0.001194437253026857,0.0006478747553291223,1436.0,782.0,0.0006550252329972446,-2.777719287982927e-19,0.0,39986.0,0.0,0.0,0
0.0011879196430600448,0.0006478747553291223,1437.0,782.0,0.0006485076230304324,-1.3002090284175403e-19,0.0,39986.0,0.0,0.0,0
0.00118146688439596,0.0006478747553291223,1438.0,782.0,0.0006420548643663476,-1.994638850413272e-19,0.0,39986.0,0.0,0.0,0
0.0011750783317533598,0.0006478747553291223,1439.0,782.0,0.0006356663117237472,2.9254703139394655e-19,0.0,39986.0,0.0,0.0,0
0.0011687533462716553,0.0006478747553291223,1440.0,782.0,0.0006293413262420427,1.669586593308887e-19,0.0,39986.0,0.0,0.0,0
0.0011624912954470278,0.0006478747553291223,1441.0,782.0,0.0006230792754174151,-3.9449523930395825e-19,0.0,39986.0,0.0,0.0,0
0.001156291553069177,0.0006478747553291223,1442.0,782.0,0.0006168795330395641,3.5903499307438893e-19,0.0,39986.0,0.0,0.0,0
0.0011501534991586976,0.0006478747553291223,1443.0,782.0,0.0006107414791290852,1.344534336204502e-19,0.0,39986.0,0.0,0.0,0
0.0011440765199050842,0.0006478747553291223,1444.0,782.0,0.0006046644998754715,1.654811490713233e-19,0.0,39986.0,0.0,0.0,0
0.0011380600076053478,0.0006478747553291223,1445.0,782.0,0.0005986479875757344,5.1417357032875455e-19,0.0,39986.0,0.0,0.0,0
0.001132103360603243,0.0006478747553291223,1446.0,782.0,0.0005926913405736302,2.2901409023263495e-19,0.0,39986.0,0.0,0.0,0
0.0011262059832291066,0.0006478747553291223,1447.0,782.0,0.000586793963199494,-6.353294116131162e-20,0.0,39986.0,0.0,0.0,0
0.0011203672857402875,0.0006478747553291223,1448.0,782.0,0.0005809552657106748,2.245815594539388e-19,0.0,39986.0,0.0,0.0,0
0.0011145866842621702,0.0006478747553291223,1449.0,782.0,0.0005751746642325574,5.363362242222353e-19,0.0,39986.0,0.0,0.0,0
0.00110886360072979,0.0006478747553291223,1450.0,782.0,0.000569451580700177,4.1074785215917747e-19,0.0,39986.0,0.0,0.0,0
0.0011031974628300239,0.0006478747553291223,1451.0,782.0,0.0005637854428004113,4.742807933204891e-19,0.0,39986.0,0.0,0.0,0
0.0010975877039443608,0.0006478747553291223,1452.0,782.0,0.0005581756839147482,1.122907797269694e-19,0.0,39986.0,0.0,0.0,0
0.001092033763092237,0.0006478747553291223,1453.0,782.0,0.0005526217430626246,4.4325307786961597e-20,0.0,39986.0,0.0,0.0,0
0.0010865350848749396,0.0006478747553291223,1454.0,782.0,0.000547123064845327,-2.098064568582849e-19,0.0,39986.0,0.0,0.0,0
0.0010810911194200643,0.0006478747553291223,1455.0,782.0,0.0005416790993904514,1.5957110803306175e-19,0.0,39986.0,0.0,0.0,0
0.0010757013223265282,0.0006478747553291223,1456.0,782.0,0.0005362893022969156,2.334466210113311e-19,0.0,39986.0,0.0,0.0,0
0.001070365154610131,0.0006478747553291223,1457.0,782.0,0.0005309531345805181,-1.122907797269694e-19,0.0,39986.0,0.0,0.0,0
0.0010650820826496542,0.0006478747553291223,1458.0,782.0,0.0005256700626200417,-2.1423898763698105e-19,0.0,39986.0,0.0,0.0,0
0.0010598515781335,0.0006478747553291223,1459.0,782.0,0.0005204395581038874,4.2847797527396214e-20,0.0,39986.0,0.0,0.0,0
0.0010546731180068568,0.0006478747553291223,1460.0,782.0,0.0005152610979772442,2.7038437750046575e-19,0.0,39986.0,0.0,0.0,0
0.001049546184419397,0.0006478747553291223,1461.0,782.0,0.0005101341643897845,-1.5661608751393099e-19,0.0,39986.0,0.0,0.0,0
0.00104447026467349,0.0006478747553291223,1462.0,782.0,0.000505058244643877,2.6004180568350806e-19,0.0,39986.0,0.0,0.0,0
0.0010394448511729301,0.0006478747553291223,1463.0,782.0,0.0005000328311433171,6.146442679792009e-19,0.0,39986.0,0.0,0.0,0
0.0010344694413721798,0.0006478747553291223,1464.0,782.0,0.0004950574213425673,4.979209574735353e-19,0.0,39986.0,0.0,0.0,0
0.0010295435377261132,0.0006478747553291223,1465.0,782.0,0.0004901315176965003,1.8173376192654255e-19,0.0,39986.0,0.0,0.0,0
0.0010246666476402605,0.0006478747553291223,1466.0,782.0,0.0004852546276106477,4.565506702057045e-19,0.0,39986.0,0.0,0.0,0
0.0010198382834215487,0.0006478747553291223,1467.0,782.0,0.00048042626339193613,1.994638850413272e-19,0.0,39986.0,0.0,0.0,0
0.001015057962229533,0.0006478747553291223,1468.0,782.0,0.00047564594219992026,5.910041038261547e-21,0.0,39986.0,0.0,0.0,0
0.0010103252060281104,0.0006478747553291223,1469.0,782.0,0.0004709131859984976,1.1524580024610016e-19,0.0,39986.0,0.0,0.0,0
0.0010056395415377166,0.0006478747553291223,1470.0,782.0,0.00046622752150810384,4.609832009844006e-19,0.0,39986.0,0.0,0.0,0
0.0010010005001879975,0.0006478747553291223,1471.0,782.0,0.0004615884801583847,3.4869242125743124e-19,0.0,39986.0,0.0,0.0,0
0.0009964076180709529,0.0006478747553291223,1472.0,782.0,0.00045699559804134,3.6790005463178125e-19,0.0,39986.0,0.0,0.0,0
0.000991860435894543,0.0006478747553291223,1473.0,782.0,0.00045244841586493037,1.669586593308887e-19,0.0,39986.0,0.0,0.0,0
0.000987358498936761,0.0006478747553291223,1474.0,782.0,0.00044794647890714876,-2.629968262026388e-19,0.0,39986.0,0.0,0.0,0
0.0009829013570001608,0.0006478747553291223,1475.0,782.0,0.0004434893369705479,3.78242626448739e-19,0.0,39986.0,0.0,0.0,0
0.0009784885643668326,0.0006478747553291223,1476.0,782.0,0.00043907654433721966,-3.546024622956928e-20,0.0,39986.0,0.0,0.0,0
0.0009741196797538363,0.0006478747553291223,1477.0,782.0,0.0004347076597242236,-1.3002090284175403e-19,0.0,39986.0,0.0,0.0,0
0.0009697942662690699,0.0006478747553291223,1478.0,782.0,0.00043038224623945714,-1.4627351569697327e-19,0.0,39986.0,0.0,0.0,0
0.0009655118913675813,0.0006478747553291223,1479.0,782.0,0.0004260998713379684,3.442598904787351e-19,0.0,39986.0,0.0,0.0,0
0.0009612721268083102,0.0006478747553291223,1480.0,782.0,0.00042186010677869746,-1.640036388117579e-19,0.0,39986.0,0.0,0.0,0
0.0009570745486112685,0.0006478747553291223,1481.0,782.0,0.0004176625285816558,3.619900135935197e-19,0.0,39986.0,0.0,0.0,0
0.0009529187370151381,0.0006478747553291223,1482.0,782.0,0.0004135067169855253,-2.689068672409004e-19,0.0,39986.0,0.0,0.0,0
0.0009488042764352969,0.0006478747553291223,1483.0,782.0,0.00040939225640568397,4.417755676100506e-19,0.0,39986.0,0.0,0.0,0
0.0009447307554222566,0.0006478747553291223,1484.0,782.0,0.000405318735392644,1.979863747817618e-19,0.0,39986.0,0.0,0.0,0
0.0009406977666205232,0.0006478747553291223,1485.0,782.0,0.00040128574659091054,1.9503135426263105e-19,0.0,39986.0,0.0,0.0,0
0.0009367049067278543,0.0006478747553291223,1486.0,782.0,0.0003972928866982414,7.239800271870395e-20,0.0,39986.0,0.0,0.0,0
0.0009327517764549337,0.0006478747553291223,1487.0,782.0,0.00039333975642532096,-2.526542543856811e-19,0.0,39986.0,0.0,0.0,0
0.0009288379804854402,0.0006478747553291223,1488.0,782.0,0.0003894259604558275,3.9154021878482746e-19,0.0,39986.0,0.0,0.0,0
0.0009249631274365146,0.0006478747553291223,1489.0,782.0,0.0003855511074069022,6.057792064218086e-20,0.0,39986.0,0.0,0.0,0
0.0009211268298196238,0.0006478747553291223,1490.0,782.0,0.0003817148097900112,3.5460246229569277e-19,0.0,39986.0,0.0,0.0,0
0.0009173287040018085,0.0006478747553291223,1491.0,782.0,0.00037791668397219567,2.21626538934808e-19,0.0,39986.0,0.0,0.0,0
0.0009135683701673223,0.0006478747553291223,1492.0,782.0,0.0003741563501377093,2.6151931594307343e-19,0.0,39986.0,0.0,0.0,0
0.0009098454522796476,0.0006478747553291223,1493.0,782.0,0.0003704334322500348,5.200836113670161e-19,0.0,39986.0,0.0,0.0,0
0.0009061595780438933,0.0006478747553291223,1494.0,782.0,0.00036674755801428073,2.0832894659871952e-19,0.0,39986.0,0.0,0.0,0
0.0009025103788695647,0.0006478747553291223,1495.0,782.0,0.00036309835883995196,-9.456065661218475e-20,0.0,39986.0,0.0,0.0,0
0.0008988974898337029,0.0006478747553291223,1496.0,782.0,0.00035948546980409015,2.526542543856811e-19,0.0,39986.0,0.0,0.0,0
0.0008953205496443938,0.0006478747553291223,1497.0,782.0,0.00035590852961478106,2.2605906971350416e-19,0.0,39986.0,0.0,0.0,0
0.0008917792006046374,0.0006478747553291223,1498.0,782.0,0.0003523671805750248,9.160563609305397e-20,0.0,39986.0,0.0,0.0,0
0.0008882730885765791,0.0006478747553291223,1499.0,782.0,0.0003488610685469664,5.910041038261546e-20,0.0,39986.0,0.0,0.0,0
0.0008848018629460938,0.0006478747553291223,1500.0,782.0,0.0003453898429164811,-1.2706588232262324e-19,0.0,39986.0,0.0,0.0,0
0.0008813651765877265,0.0006478747553291223,1501.0,782.0,0.0003419531565581136,1.7139119010958486e-19,0.0,39986.0,0.0,0.0,0
0.0008779626858299765,0.0006478747553291223,1502.0,782.0,0.0003385506658003635,2.6004180568350806e-19,0.0,39986.0,0.0,0.0,0
0.0008745940504209329,0.0006478747553291223,1503.0,782.0,0.0003351820303913201,4.521181394270083e-19,0.0,39986.0,0.0,0.0,0
0.000871258933494248,0.0006478747553291223,1504.0,782.0,0.0003318469134646352,1.8468878244567333e-19,0.0,39986.0,0.0,0.0,0
0.0008679570015354493,0.0006478747553291223,1505.0,782.0,0.0003285449815058365,5.378137344818008e-19,0.0,39986.0,0.0,0.0,0
0.0008646879243485897,0.0006478747553291223,1506.0,782.0,0.000325275904318977,3.885851982656967e-19,0.0,39986.0,0.0,0.0,0
0.0008614513750232261,0.0006478747553291223,1507.0,782.0,0.0003220393549936135,1.1820082076523093e-20,0.0,39986.0,0.0,0.0,0
0.0008582470299017288,0.0006478747553291223,1508.0,782.0,0.0003188350098721163,-1.314984131013194e-19,0.0,39986.0,0.0,0.0,0
0.0008550745685469163,0.0006478747553291223,1509.0,782.0,0.00031566254851730317,3.3982735970003893e-19,0.0,39986.0,0.0,0.0,0
0.0008519336737100072,0.0006478747553291223,1510.0,782.0,0.0003125216536803947,-1.1820082076523093e-20,0.0,39986.0,0.0,0.0,0
0.0008488240312989027,0.0006478747553291223,1511.0,782.0,0.00030941201126929,6.205543090174624e-20,0.0,39986.0,0.0,0.0,0
0.000845745330346769,0.0006478747553291223,1512.0,782.0,0.0003063333103171562,3.5460246229569277e-19,0.0,39986.0,0.0,0.0,0
0.0008426972629809457,0.0006478747553291223,1513.0,782.0,0.00030328524295133286,2.1423898763698105e-19,0.0,39986.0,0.0,0.0,0
0.000839679524392156,0.0006478747553291223,1514.0,782.0,0.0003002675043625432,2.629968262026388e-19,0.0,39986.0,0.0,0.0,0
0.0008366918128040262,0.0006478747553291223,1515.0,782.0,0.00029727979277441346,5.186061011074507e-19,0.0,39986.0,0.0,0.0,0
0.0008337338294429077,0.0006478747553291223,1516.0,782.0,0.000294321809413295,4.2847797527396214e-20,0.0,39986.0,0.0,0.0,0
0.000830805278508,0.0006478747553291223,1517.0,782.0,0.0002913932584783871,8.717310531435781e-20,0.0,39986.0,0.0,0.0,0
0.0008279058671417683,0.0006478747553291223,1518.0,782.0,0.0002884938471121556,6.205543090174624e-20,0.0,39986.0,0.0,0.0,0
0.0008250353054006603,0.0006478747553291223,1519.0,782.0,0.00028562328537104747,1.9650886452219642e-19,0.0,39986.0,0.0,0.0,0
0.0008221933062261095,0.0006478747553291223,1520.0,782.0,0.0002827812861964968,2.0537392607958874e-19,0.0,39986.0,0.0,0.0,0
0.0008193795854158305,0.0006478747553291223,1521.0,782.0,0.0002799675653862175,2.334466210113311e-19,0.0,39986.0,0.0,0.0,0
0.0008165938615953967,0.0006478747553291223,1522.0,782.0,0.000277181841565784,-2.0389641582002337e-19,0.0,39986.0,0.0,0.0,0
0.0008138358561901053,0.0006478747553291223,1523.0,782.0,0.0002744238361604927,-1.344534336204502e-19,0.0,39986.0,0.0,0.0,0
0.0008111052933971175,0.0006478747553291223,1524.0,782.0,0.0002716932733675048,1.4627351569697327e-19,0.0,39986.0,0.0,0.0,0
0.0008084019001578783,0.0006478747553291223,1525.0,782.0,0.00026898988012826543,1.669586593308887e-19,0.0,39986.0,0.0,0.0,0
0.0008057254061308106,0.0006478747553291223,1526.0,782.0,0.00026631338610119784,3.280072776235158e-19,0.0,39986.0,0.0,0.0,0
0.0008030755436642818,0.0006478747553291223,1527.0,782.0,0.00026366352363466896,1.7139119010958486e-19,0.0,39986.0,0.0,0.0,0
0.0008004520477698364,0.0006478747553291223,1528.0,782.0,0.0002610400277402239,-5.910041038261546e-20,0.0,39986.0,0.0,0.0,0
0.0007978546560956994,0.0006478747553291223,1529.0,782.0,0.00025844263606608674,-1.3002090284175403e-19,0.0,39986.0,0.0,0.0,0
0.000795283108900539,0.0006478747553291223,1530.0,782.0,0.00025587108887092594,5.437237755200622e-19,0.0,39986.0,0.0,0.0,0
0.0007927371490274918,0.0006478747553291223,1531.0,782.0,0.0002533251289978789,4.196129137165698e-19,0.0,39986.0,0.0,0.0,0
0.0007902165218784493,0.0006478747553291223,1532.0,782.0,0.0002508045018488366,-1.122907797269694e-19,0.0,39986.0,0.0,0.0,0
0.0007877209753885964,0.0006478747553291223,1533.0,782.0,0.00024830895535898353,1.6843616959045407e-19,0.0,39986.0,0.0,0.0,0
0.0007852502600012042,0.0006478747553291223,1534.0,782.0,0.0002458382399715913,6.353294116131162e-20,0.0,39986.0,0.0,0.0,0
0.0007828041286426746,0.0006478747553291223,1535.0,782.0,0.00024339210861306192,-1.1820082076523093e-20,0.0,39986.0,0.0,0.0,0
0.0007803823366978341,0.0006478747553291223,1536.0,782.0,0.00024097031666822156,2.319691107517657e-19,0.0,39986.0,0.0,0.0,0
0.0007779846419854698,0.0006478747553291223,1537.0,782.0,0.00023857262195585706,8.865061557392319e-20,0.0,39986.0,0.0,0.0,0
0.0007756108047341123,0.0006478747553291223,1538.0,782.0,0.00023619878470449942,3.619900135935197e-19,0.0,39986.0,0.0,0.0,0
0.0007732605875580579,0.0006478747553291223,1539.0,782.0,0.0002338485675284453,-1.329759233608848e-20,0.0,39986.0,0.0,0.0,0
0.0007709337554336312,0.0006478747553291223,1540.0,782.0,0.00023152173540401833,2.3640164153046185e-19,0.0,39986.0,0.0,0.0,0
0.00076863007567568,0.0006478747553291223,1541.0,782.0,0.00022921805564606715,1.551385772543656e-19,0.0,39986.0,0.0,0.0,0
0.0007663493179143093,0.0006478747553291223,1542.0,782.0,0.00022693729788469635,4.668932420226622e-19,0.0,39986.0,0.0,0.0,0
0.0007640912540718416,0.0006478747553291223,1543.0,782.0,0.00022467923404222907,-4.2700046501439674e-19,0.0,39986.0,0.0,0.0,0
0.0007618556583400123,0.0006478747553291223,1544.0,782.0,0.0002224436383103994,8.865061557392319e-20,0.0,39986.0,0.0,0.0,0
0.0007596423071573838,0.0006478747553291223,1545.0,782.0,0.00022023028712777107,2.955020519130773e-20,0.0,39986.0,0.0,0.0,0
0.000757450979186994,0.0006478747553291223,1546.0,782.0,0.00021803895915738125,2.467442133474196e-19,0.0,39986.0,0.0,0.0,0
0.0007552814552942197,0.0006478747553291223,1547.0,782.0,0.00021586943526460695,-1.2411086180349248e-19,0.0,39986.0,0.0,0.0,0
0.0007531335185248636,0.0006478747553291223,1548.0,782.0,0.000213721498495251,-1.6843616959045407e-19,0.0,39986.0,0.0,0.0,0
0.0007510069540834587,0.0006478747553291223,1549.0,782.0,0.00021159493405384637,-6.64879616804424e-20,0.0,39986.0,0.0,0.0,0
0.0007489015493117896,0.0006478747553291223,1550.0,782.0,0.00020948952928217659,2.112839671178503e-19,0.0,39986.0,0.0,0.0,0
0.0007468170936676232,0.0006478747553291223,1551.0,782.0,0.00020740507363801056,2.777719287982927e-19,0.0,39986.0,0.0,0.0,0
0.0007447533787036588,0.0006478747553291223,1552.0,782.0,0.0002053413586740463,1.0342571816957707e-19,0.0,39986.0,0.0,0.0,0
0.0007427101980466807,0.0006478747553291223,1553.0,782.0,0.0002032981780170679,2.807269493174235e-20,0.0,39986.0,0.0,0.0,0
0.0007406873473769196,0.0006478747553291223,1554.0,782.0,0.00020127532734730676,4.565506702057045e-19,0.0,39986.0,0.0,0.0,0
0.0007386846244076231,0.0006478747553291223,1555.0,782.0,0.0001992726043780105,3.087996442491658e-19,0.0,39986.0,0.0,0.0,0
0.0007367018288648256,0.0006478747553291223,1556.0,782.0,0.0001972898088352131,-1.2558837206305787e-19,0.0,39986.0,0.0,0.0,0
0.0007347387624673205,0.0006478747553291223,1557.0,782.0,0.00019532674243770786,-2.659518467217696e-20,0.0,39986.0,0.0,0.0,0
0.0007327952289068318,0.0006478747553291223,1558.0,782.0,0.00019338320887721917,-5.910041038261546e-20,0.0,39986.0,0.0,0.0,0
0.000730871033828384,0.0006478747553291223,1559.0,782.0,0.00019145901379877145,-4.1665789319743905e-19,0.0,39986.0,0.0,0.0,0
0.0007289659848108661,0.0006478747553291223,1560.0,782.0,0.00018955396478125336,-7.830804375696549e-20,0.0,39986.0,0.0,0.0,0
0.0007270798913477883,0.0006478747553291223,1561.0,782.0,0.0001876678713181755,2.4969923386655033e-19,0.0,39986.0,0.0,0.0,0
0.0007252125648282327,0.0006478747553291223,1562.0,782.0,0.00018580054479861994,1.433184951778425e-19,0.0,39986.0,0.0,0.0,0
0.0007233638185179911,0.0006478747553291223,1563.0,782.0,0.0001839517984883786,-2.2753657997306953e-19,0.0,39986.0,0.0,0.0,0
0.0007215334675408923,0.0006478747553291223,1564.0,782.0,0.00018212144751127973,1.6843616959045407e-19,0.0,39986.0,0.0,0.0,0
0.0007197213288603129,0.0006478747553291223,1565.0,782.0,0.00018030930883070027,-9.456065661218475e-20,0.0,39986.0,0.0,0.0,0
0.0007179272212608751,0.0006478747553291223,1566.0,782.0,0.00017851520123126217,2.0832894659871952e-19,0.0,39986.0,0.0,0.0,0
0.0007161509653303233,0.0006478747553291223,1567.0,782.0,0.00017673894530071055,4.358655265717891e-19,0.0,39986.0,0.0,0.0,0
0.0007143923834415846,0.0006478747553291223,1568.0,782.0,0.00017498036341197178,4.772358138396199e-19,0.0,39986.0,0.0,0.0,0
0.0007126512997350045,0.0006478747553291223,1569.0,782.0,0.00017323927970539174,2.777719287982927e-19,0.0,39986.0,0.0,0.0,0
0.0007109275401007614,0.0006478747553291223,1570.0,782.0,0.00017151552007114868,-5.910041038261546e-20,0.0,39986.0,0.0,0.0,0
0.0007092209321614555,0.0006478747553291223,1571.0,782.0,0.00016980891213184274,5.0235348825223144e-20,0.0,39986.0,0.0,0.0,0
0.0007075313052548707,0.0006478747553291223,1572.0,782.0,0.00016811928522525807,2.526542543856811e-19,0.0,39986.0,0.0,0.0,0
0.0007058584904169083,0.0006478747553291223,1573.0,782.0,0.00016644647038729568,2.9550205191307733e-21,0.0,39986.0,0.0,0.0,0
0.0007042023203646904,0.0006478747553291223,1574.0,782.0,0.00016479030033507788,2.304916004922003e-19,0.0,39986.0,0.0,0.0,0
0.0007025626294798323,0.0006478747553291223,1575.0,782.0,0.0001631506094502194,3.1323217502786197e-19,0.0,39986.0,0.0,0.0,0
0.0007009392537918778,0.0006478747553291223,1576.0,782.0,0.00016152723376226512,6.944298219957317e-20,0.0,39986.0,0.0,0.0,0
0.0006993320309619064,0.0006478747553291223,1577.0,782.0,0.00015992001093229378,-3.6937756489134667e-20,0.0,39986.0,0.0,0.0,0
0.0006977408002662952,0.0006478747553291223,1578.0,782.0,0.0001583287802366826,3.531249520361274e-19,0.0,39986.0,0.0,0.0,0
0.0006961654025806485,0.0006478747553291223,1579.0,782.0,0.0001567533825510361,-3.220972365852543e-19,0.0,39986.0,0.0,0.0,0
0.0006946056803638856,0.0006478747553291223,1580.0,782.0,0.00015519366033427297,-1.122907797269694e-19,0.0,39986.0,0.0,0.0,0
0.0006930614776424845,0.0006478747553291223,1581.0,782.0,0.00015364945761287184,-7.683053349740011e-20,0.0,39986.0,0.0,0.0,0
0.0006915326399948865,0.0006478747553291223,1582.0,782.0,0.0001521206199652737,4.402980573504853e-19,0.0,39986.0,0.0,0.0,0
0.0006900190145360523,0.0006478747553291223,1583.0,782.0,0.00015060699450643962,-4.5802818046526985e-20,0.0,39986.0,0.0,0.0,0
0.0006885204499021753,0.0006478747553291223,1584.0,782.0,0.00014910842987256244,1.6843616959045407e-19,0.0,39986.0,0.0,0.0,0
0.0006870367962355426,0.0006478747553291223,1585.0,782.0,0.0001476247762059298,3.102771545087312e-20,0.0,39986.0,0.0,0.0,0
0.0006855679051695518,0.0006478747553291223,1586.0,782.0,0.00014615588513993907,1.0342571816957707e-20,0.0,39986.0,0.0,0.0,0
0.0006841136298138716,0.0006478747553291223,1587.0,782.0,0.0001447016097842591,-1.7139119010958486e-19,0.0,39986.0,0.0,0.0,0
0.0006826738247397554,0.0006478747553291223,1588.0,782.0,0.00014326180471014278,7.683053349740011e-20,0.0,39986.0,0.0,0.0,0
0.0006812483459654954,0.0006478747553291223,1589.0,782.0,0.00014183632593588253,1.4184098491827711e-19,0.0,39986.0,0.0,0.0,0
0.0006798370509420263,0.0006478747553291223,1590.0,782.0,0.00014042503091241335,6.45671983430074e-19,0.0,39986.0,0.0,0.0,0
0.0006784397985386695,0.0006478747553291223,1591.0,782.0,0.00013902777850905665,5.806615320091969e-19,0.0,39986.0,0.0,0.0,0
0.0006770564490290204,0.0006478747553291223,1592.0,782.0,0.00013764442899940775,1.9207633374350028e-20,0.0,39986.0,0.0,0.0,0
0.0006756868640769753,0.0006478747553291223,1593.0,782.0,0.00013627484404736277,3.102771545087312e-20,0.0,39986.0,0.0,0.0,0
0.0006743309067228979,0.0006478747553291223,1594.0,782.0,0.00013491888669328546,-3.78242626448739e-19,0.0,39986.0,0.0,0.0,0
0.0006729884413699225,0.0006478747553291223,1595.0,782.0,0.00013357642134030997,-1.994638850413272e-19,0.0,39986.0,0.0,0.0,0
0.0006716593337703953,0.0006478747553291223,1596.0,782.0,0.00013224731374078273,-9.603816687175013e-20,0.0,39986.0,0.0,0.0,0
0.0006703434510124485,0.0006478747553291223,1597.0,782.0,0.00013093143098283602,-2.186715184156772e-19,0.0,39986.0,0.0,0.0,0
0.0006690406615067101,0.0006478747553291223,1598.0,782.0,0.00012962864147709742,-1.093357592078386e-19,0.0,39986.0,0.0,0.0,0
0.0006677508349731436,0.0006478747553291223,1599.0,782.0,0.00012833881494353098,-1.654811490713233e-19,0.0,39986.0,0.0,0.0,0
0.0006664738424280208,0.0006478747553291223,1600.0,782.0,0.00012706182239840806,2.5708678516437727e-19,0.0,39986.0,0.0,0.0,0
0.0006652095561710229,0.0006478747553291223,1601.0,782.0,0.00012579753614141016,-1.4184098491827711e-19,0.0,39986.0,0.0,0.0,0
0.000663957849772471,0.0006478747553291223,1602.0,782.0,0.0001245458297428581,1.3593094388001556e-19,0.0,39986.0,0.0,0.0,0
0.0006627185980606815,0.0006478747553291223,1603.0,782.0,0.00012330657803106884,9.751567713131552e-20,0.0,39986.0,0.0,0.0,0
0.000661491677109451,0.0006478747553291223,1604.0,782.0,0.00012207965707983855,-1.2854339258218864e-19,0.0,39986.0,0.0,0.0,0
0.0006602769642256623,0.0006478747553291223,1605.0,782.0,0.00012086494419604966,-1.9503135426263105e-19,0.0,39986.0,0.0,0.0,0
0.0006590743379370141,0.0006478747553291223,1606.0,782.0,0.00011966231790740143,-2.9550205191307733e-21,0.0,39986.0,0.0,0.0,0
0.0006578836779798755,0.0006478747553291223,1607.0,782.0,0.00011847165795026283,9.751567713131552e-20,0.0,39986.0,0.0,0.0,0
0.000656704865287259,0.0006478747553291223,1608.0,782.0,0.000117292845257646,1.433184951778425e-19,0.0,39986.0,0.0,0.0,0
0.0006555377819769122,0.0006478747553291223,1609.0,782.0,0.00011612576194729933,1.7582372088828102e-19,0.0,39986.0,0.0,0.0,0
0.0006543823113395322,0.0006478747553291223,1610.0,782.0,0.00011497029130991919,3.531249520361274e-19,0.0,39986.0,0.0,0.0,0
0.0006532383378270916,0.0006478747553291223,1611.0,782.0,0.00011382631779747892,-5.910041038261547e-21,0.0,39986.0,0.0,0.0,0
0.0006521057470412868,0.0006478747553291223,1612.0,782.0,0.00011269372701167405,3.3539482892134277e-19,0.0,39986.0,0.0,0.0,0
0.000650984425722095,0.0006478747553291223,1613.0,782.0,0.000111572405692482,3.117546647682966e-19,0.0,39986.0,0.0,0.0,0
0.0006498742617364492,0.0006478747553291223,1614.0,782.0,0.0001104622417068365,-8.86506155739232e-21,0.0,39986.0,0.0,0.0,0
0.0006487751440670267,0.0006478747553291223,1615.0,782.0,0.00010936312403741392,1.6252612855219254e-19,0.0,39986.0,0.0,0.0,0
0.0006476869628011439,0.0006478747553291223,1616.0,782.0,0.00010827494277153128,2.955020519130773e-20,0.0,39986.0,0.0,0.0,0
0.0006466096091197679,0.0006478747553291223,1617.0,782.0,0.0001071975890901553,-2.3935666204959264e-19,0.0,39986.0,0.0,0.0,0
0.0006455429752866327,0.0006478747553291223,1618.0,782.0,0.00010613095525701994,1.0194820791001168e-19,0.0,39986.0,0.0,0.0,0
0.0006444869546374658,0.0006478747553291223,1619.0,782.0,0.00010507493460785292,-1.2558837206305787e-19,0.0,39986.0,0.0,0.0,0
0.0006434414415693223,0.0006478747553291223,1620.0,782.0,0.00010402942153970945,-3.989277700826544e-20,0.0,39986.0,0.0,0.0,0
0.0006424063315300243,0.0006478747553291223,1621.0,782.0,0.0001029943115004116,2.334466210113311e-19,0.0,39986.0,0.0,0.0,0
0.0006413815210077052,0.0006478747553291223,1622.0,782.0,0.00010196950097809246,3.427823802191697e-19,0.0,39986.0,0.0,0.0,0
0.0006403669075204589,0.0006478747553291223,1623.0,782.0,0.00010095488749084612,7.978555401653088e-20,0.0,39986.0,0.0,0.0,0
0.000639362389606091,0.0006478747553291223,1624.0,782.0,9.995036957647816e-05,1.447960054374079e-19,0.0,39986.0,0.0,0.0,0
0.0006383678668119728,0.0006478747553291223,1625.0,782.0,9.895584678236004e-05,2.999345826917735e-19,0.0,39986.0,0.0,0.0,0
0.0006373832396849967,0.0006478747553291223,1626.0,782.0,9.797121965538382e-05,9.751567713131552e-20,0.0,39986.0,0.0,0.0,0
0.0006364084097616285,0.0006478747553291223,1627.0,782.0,9.699638973201587e-05,1.4775102595653866e-20,0.0,39986.0,0.0,0.0,0
0.0006354432795580646,0.0006478747553291223,1628.0,782.0,9.603125952845189e-05,2.9402454165351197e-19,0.0,39986.0,0.0,0.0,0
0.0006344877525604794,0.0006478747553291223,1629.0,782.0,9.507573253086688e-05,-2.0389641582002337e-19,0.0,39986.0,0.0,0.0,0
0.0006335417332153776,0.0006478747553291223,1630.0,782.0,9.412971318576521e-05,-3.6790005463178125e-19,0.0,39986.0,0.0,0.0,0
0.0006326051269200364,0.0006478747553291223,1631.0,782.0,9.319310689042362e-05,9.308314635261936e-20,0.0,39986.0,0.0,0.0,0
0.0006316778400130451,0.0006478747553291223,1632.0,782.0,9.22658199834324e-05,-1.6843616959045407e-19,0.0,39986.0,0.0,0.0,0
0.0006307597797649407,0.0006478747553291223,1633.0,782.0,9.1347759735328e-05,1.9355384400306565e-19,0.0,39986.0,0.0,0.0,0
0.0006298508543689331,0.0006478747553291223,1634.0,782.0,9.043883433932036e-05,8.86506155739232e-21,0.0,39986.0,0.0,0.0,0
0.0006289509729317253,0.0006478747553291223,1635.0,782.0,8.953895290211272e-05,-7.092049245913856e-20,0.0,39986.0,0.0,0.0,0
0.0006280600454644241,0.0006478747553291223,1636.0,782.0,8.864802543481121e-05,3.220972365852543e-19,0.0,39986.0,0.0,0.0,0
0.0006271779828735394,0.0006478747553291223,1637.0,782.0,8.77659628439269e-05,-7.387551297826933e-20,0.0,39986.0,0.0,0.0,0
0.0006263046969520781,0.0006478747553291223,1638.0,782.0,8.689267692246546e-05,-1.6843616959045407e-19,0.0,39986.0,0.0,0.0,0
0.0006254401003707199,0.0006478747553291223,1639.0,782.0,8.602808034110714e-05,1.2706588232262324e-19,0.0,39986.0,0.0,0.0,0
0.0006245841066690859,0.0006478747553291223,1640.0,782.0,8.517208663947326e-05,-7.387551297826933e-20,0.0,39986.0,0.0,0.0,0
0.000623736630247093,0.0006478747553291223,1641.0,782.0,8.432461021748021e-05,4.373430368313544e-19,0.0,39986.0,0.0,0.0,0
0.0006228975863563922,0.0006478747553291223,1642.0,782.0,8.348556632677965e-05,-7.239800271870395e-20,0.0,39986.0,0.0,0.0,0
0.0006220668910918963,0.0006478747553291223,1643.0,782.0,8.265487106228339e-05,4.181354034570044e-19,0.0,39986.0,0.0,0.0,0
0.0006212444613833852,0.0006478747553291223,1644.0,782.0,8.183244135377258e-05,2.659518467217696e-20,0.0,39986.0,0.0,0.0,0
0.0006204302149872037,0.0006478747553291223,1645.0,782.0,8.10181949575911e-05,5.319036934435392e-20,0.0,39986.0,0.0,0.0,0
0.0006196240704780335,0.0006478747553291223,1646.0,782.0,8.021205044842067e-05,-1.447960054374079e-19,0.0,39986.0,0.0,0.0,0
0.0006188259472407515,0.0006478747553291223,1647.0,782.0,7.94139272111389e-05,5.0235348825223144e-20,0.0,39986.0,0.0,0.0,0
0.0006180357654623693,0.0006478747553291223,1648.0,782.0,7.862374543275667e-05,-4.5802818046526985e-20,0.0,39986.0,0.0,0.0,0
0.0006172534461240504,0.0006478747553291223,1649.0,782.0,7.784142609443751e-05,1.9650886452219642e-19,0.0,39986.0,0.0,0.0,0
0.0006164789109932088,0.0006478747553291223,1650.0,782.0,7.706689096359607e-05,1.4775102595653867e-21,0.0,39986.0,0.0,0.0,0
0.0006157120826156863,0.0006478747553291223,1651.0,782.0,7.630006258607356e-05,1.1672331050566555e-19,0.0,39986.0,0.0,0.0,0
0.0006149528843080059,0.0006478747553291223,1652.0,782.0,7.554086427839324e-05,5.910041038261546e-20,0.0,39986.0,0.0,0.0,0
0.0006142012401497043,0.0006478747553291223,1653.0,782.0,7.478922012009171e-05,-1.0638073868870784e-19,0.0,39986.0,0.0,0.0,0
0.0006134570749757391,0.0006478747553291223,1654.0,782.0,7.404505494612674e-05,-5.762290012305008e-20,0.0,39986.0,0.0,0.0,0
0.0006127203143689734,0.0006478747553291223,1655.0,782.0,7.330829433936074e-05,-2.6742935698133496e-19,0.0,39986.0,0.0,0.0,0
0.0006119908846527317,0.0006478747553291223,1656.0,782.0,7.257886462311915e-05,2.3640164153046185e-19,0.0,39986.0,0.0,0.0,0
0.0006112687128834353,0.0006478747553291223,1657.0,782.0,7.185669285382258e-05,-1.122907797269694e-19,0.0,39986.0,0.0,0.0,0
0.0006105537268433048,0.0006478747553291223,1658.0,782.0,7.114170681369201e-05,1.905988234839349e-19,0.0,39986.0,0.0,0.0,0
0.0006098458550331405,0.0006478747553291223,1659.0,782.0,7.043383500352788e-05,-1.905988234839349e-19,0.0,39986.0,0.0,0.0,0
0.0006091450266651717,0.0006478747553291223,1660.0,782.0,6.973300663555913e-05,-2.186715184156772e-19,0.0,39986.0,0.0,0.0,0
0.0006084511716559776,0.0006478747553291223,1661.0,782.0,6.90391516263649e-05,-2.2753657997306953e-19,0.0,39986.0,0.0,0.0,0
0.0006077642206194789,0.0006478747553291223,1662.0,782.0,6.835220058986617e-05,-4.875783856565776e-20,0.0,39986.0,0.0,0.0,0
0.0006070841048599997,0.0006478747553291223,1663.0,782.0,6.767208483038685e-05,3.1470968528742734e-19,0.0,39986.0,0.0,0.0,0
0.0006064107563653967,0.0006478747553291223,1664.0,782.0,6.699873633578416e-05,3.6937756489134667e-20,0.0,39986.0,0.0,0.0,0
0.0006057441078002603,0.0006478747553291223,1665.0,782.0,6.633208777064732e-05,5.097410395500584e-19,0.0,39986.0,0.0,0.0,0
0.0006050840924991772,0.0006478747553291223,1666.0,782.0,6.567207246956466e-05,1.7877874140741178e-19,0.0,39986.0,0.0,0.0,0
0.0006044306444600684,0.0006478747553291223,1667.0,782.0,6.501862443045577e-05,8.421808479522703e-20,0.0,39986.0,0.0,0.0,0
0.0006037836983375852,0.0006478747553291223,1668.0,782.0,6.437167830797234e-05,3.1618719554699276e-19,0.0,39986.0,0.0,0.0,0
0.0006031431894365758,0.0006478747553291223,1669.0,782.0,6.373116940696296e-05,9.456065661218475e-20,0.0,39986.0,0.0,0.0,0
0.0006025090537056165,0.0006478747553291223,1670.0,782.0,6.309703367600375e-05,3.5903499307438893e-19,0.0,39986.0,0.0,0.0,0
0.0006018812277306058,0.0006478747553291223,1671.0,782.0,6.246920770099319e-05,-1.551385772543656e-19,0.0,39986.0,0.0,0.0,0
0.000601259648728423,0.0006478747553291223,1672.0,782.0,6.18476286988105e-05,-6.501045142087702e-20,0.0,39986.0,0.0,0.0,0
0.0006006442545406503,0.0006478747553291223,1673.0,782.0,6.12322345110376e-05,-4.43253077869616e-21,0.0,39986.0,0.0,0.0,0
0.0006000349836273557,0.0006478747553291223,1674.0,782.0,6.062296359774287e-05,2.40834172309158e-19,0.0,39986.0,0.0,0.0,0
0.00059943177506094,0.0006478747553291223,1675.0,782.0,6.001975503132722e-05,-2.5117674412611572e-20,0.0,39986.0,0.0,0.0,0
0.0005988345685200439,0.0006478747553291223,1676.0,782.0,5.9422548490431345e-05,-1.122907797269694e-19,0.0,39986.0,0.0,0.0,0
0.0005982433042835163,0.0006478747553291223,1677.0,782.0,5.883128425390343e-05,-1.0342571816957707e-20,0.0,39986.0,0.0,0.0,0
0.0005976579232244399,0.0006478747553291223,1678.0,782.0,5.824590319482718e-05,1.329759233608848e-19,0.0,39986.0,0.0,0.0,0
0.0005970783668042216,0.0006478747553291223,1679.0,782.0,5.766634677460875e-05,1.876438029648041e-19,0.0,39986.0,0.0,0.0,0
0.000596504577066736,0.0006478747553291223,1680.0,782.0,5.709255703712325e-05,2.659518467217696e-19,0.0,39986.0,0.0,0.0,0
0.0005959364966325314,0.0006478747553291223,1681.0,782.0,5.652447660291876e-05,-1.773012311478464e-20,0.0,39986.0,0.0,0.0,0
0.0005953740686930911,0.0006478747553291223,1682.0,782.0,5.596204866347844e-05,2.659518467217696e-20,0.0,39986.0,0.0,0.0,0
0.0005948172370051522,0.0006478747553291223,1683.0,782.0,5.540521697553978e-05,5.762290012305008e-20,0.0,39986.0,0.0,0.0,0
0.0005942659458850824,0.0006478747553291223,1684.0,782.0,5.4853925855469716e-05,-2.807269493174235e-20,0.0,39986.0,0.0,0.0,0
0.0005937201402033097,0.0006478747553291223,1685.0,782.0,5.4308120173696904e-05,7.535302323783472e-20,0.0,39986.0,0.0,0.0,0
0.0005931797653788112,0.0006478747553291223,1686.0,782.0,5.3767745349198494e-05,3.3982735970003893e-19,0.0,39986.0,0.0,0.0,0
0.0005926447673736542,0.0006478747553291223,1687.0,782.0,5.3232747344041566e-05,-9.160563609305397e-20,0.0,39986.0,0.0,0.0,0
0.0005921150926875925,0.0006478747553291223,1688.0,782.0,5.270307265797989e-05,0.0,0.0,39986.0,0.0,0.0,0
0.0005915906883527161,0.0006478747553291223,1689.0,782.0,5.2178668323103294e-05,2.2310404919437337e-19,0.0,39986.0,0.0,0.0,0
0.000591071501928154,0.0006478747553291223,1690.0,782.0,5.165948189854142e-05,1.9355384400306565e-19,0.0,39986.0,0.0,0.0,0
0.0005905574814948315,0.0006478747553291223,1691.0,782.0,5.114546146521909e-05,-1.3593094388001556e-19,0.0,39986.0,0.0,0.0,0
0.0005900485756502771,0.0006478747553291223,1692.0,782.0,5.063655562066458e-05,1.2411086180349248e-19,0.0,39986.0,0.0,0.0,0
0.0005895447335034821,0.0006478747553291223,1693.0,782.0,5.0132713473869436e-05,1.1820082076523093e-20,0.0,39986.0,0.0,0.0,0
0.0005890459046698118,0.0006478747553291223,1694.0,782.0,4.963388464019916e-05,-4.1370287267830826e-20,0.0,39986.0,0.0,0.0,0
0.0005885520392659671,0.0006478747553291223,1695.0,782.0,4.91400192363546e-05,-1.5957110803306175e-19,0.0,39986.0,0.0,0.0,0
0.0005880630879049963,0.0006478747553291223,1696.0,782.0,4.865106787538379e-05,1.7286870036915023e-19,0.0,39986.0,0.0,0.0,0
0.0005875790016913559,0.0006478747553291223,1697.0,782.0,4.8166981661743144e-05,-2.0685143633915413e-20,0.0,39986.0,0.0,0.0,0
0.0005870997322160209,0.0006478747553291223,1698.0,782.0,4.7687712186408086e-05,6.205543090174624e-20,0.0,39986.0,0.0,0.0,0
0.0005866252315516441,0.0006478747553291223,1699.0,782.0,4.721321152203154e-05,4.2847797527396214e-20,0.0,39986.0,0.0,0.0,0
0.0005861554522477643,0.0006478747553291223,1700.0,782.0,4.674343221815162e-05,-1.093357592078386e-19,0.0,39986.0,0.0,0.0,0
0.0005856903473260592,0.0006478747553291223,1701.0,782.0,4.627832729644654e-05,1.4775102595653867e-19,0.0,39986.0,0.0,0.0,0
0.0005852298702756489,0.0006478747553291223,1702.0,782.0,4.581785024603651e-05,-3.4721491099786587e-19,0.0,39986.0,0.0,0.0,0
0.0005847739750484455,0.0006478747553291223,1703.0,782.0,4.5361955018832694e-05,1.0785824894827322e-19,0.0,39986.0,0.0,0.0,0
0.0005843226160545453,0.0006478747553291223,1704.0,782.0,4.491059602493262e-05,-1.6843616959045407e-19,0.0,39986.0,0.0,0.0,0
0.000583875748157673,0.0006478747553291223,1705.0,782.0,4.446372812806055e-05,-1.7139119010958486e-19,0.0,39986.0,0.0,0.0,0
0.0005834333266706673,0.0006478747553291223,1706.0,782.0,4.402130664105454e-05,-1.905988234839349e-19,0.0,39986.0,0.0,0.0,0
0.0005829953073510101,0.0006478747553291223,1707.0,782.0,4.358328732139724e-05,-8.86506155739232e-21,0.0,39986.0,0.0,0.0,0
0.0005825616463964042,0.0006478747553291223,1708.0,782.0,4.3149626366791574e-05,-3.2652976736395045e-19,0.0,39986.0,0.0,0.0,0
0.0005821323004403933,0.0006478747553291223,1709.0,782.0,4.272028041078069e-05,8.274057453566165e-20,0.0,39986.0,0.0,0.0,0
0.000581707226548024,0.0006478747553291223,1710.0,782.0,4.2295206518411226e-05,1.9207633374350026e-19,0.0,39986.0,0.0,0.0,0
0.0005812863822115523,0.0006478747553291223,1711.0,782.0,4.187436218193977e-05,-1.9650886452219642e-19,0.0,39986.0,0.0,0.0,0
0.0005808697253461946,0.0006478747553291223,1712.0,782.0,4.145770531658186e-05,-7.239800271870395e-20,0.0,39986.0,0.0,0.0,0
0.0005804572142859166,0.0006478747553291223,1713.0,782.0,4.1045194256303986e-05,5.319036934435392e-20,0.0,39986.0,0.0,0.0,0
0.0005800488077792687,0.0006478747553291223,1714.0,782.0,4.063678774965595e-05,-1.551385772543656e-19,0.0,39986.0,0.0,0.0,0
0.0005796444649852598,0.0006478747553291223,1715.0,782.0,4.0232444955647174e-05,-2.6151931594307343e-19,0.0,39986.0,0.0,0.0,0
0.0005792441454692735,0.0006478747553291223,1716.0,782.0,3.9832125439661073e-05,-2.526542543856811e-19,0.0,39986.0,0.0,0.0,0
0.0005788478091990251,0.0006478747553291223,1717.0,782.0,3.943578916941249e-05,1.329759233608848e-20,0.0,39986.0,0.0,0.0,0
0.0005784554165405568,0.0006478747553291223,1718.0,782.0,3.904339651094402e-05,-7.535302323783472e-20,0.0,39986.0,0.0,0.0,0
0.0005780669282542757,0.0006478747553291223,1719.0,782.0,3.865490822466294e-05,9.751567713131552e-20,0.0,39986.0,0.0,0.0,0
0.0005776823054910294,0.0006478747553291223,1720.0,782.0,3.827028546141693e-05,-3.8415266748700055e-20,0.0,39986.0,0.0,0.0,0
0.0005773015097882215,0.0006478747553291223,1721.0,782.0,3.788948975860898e-05,1.994638850413272e-19,0.0,39986.0,0.0,0.0,0
0.0005769245030659646,0.0006478747553291223,1722.0,782.0,3.751248303635166e-05,3.6937756489134667e-20,0.0,39986.0,0.0,0.0,0
0.0005765512476232711,0.0006478747553291223,1723.0,782.0,3.713922759365852e-05,-8.86506155739232e-21,0.0,39986.0,0.0,0.0,0
0.0005761817061342869,0.0006478747553291223,1724.0,782.0,3.676968610467412e-05,4.358655265717891e-19,0.0,39986.0,0.0,0.0,0
0.0005758158416445544,0.0006478747553291223,1725.0,782.0,3.640382161494176e-05,2.6004180568350806e-19,0.0,39986.0,0.0,0.0,0
0.0005754536175673204,0.0006478747553291223,1726.0,782.0,3.6041597537707414e-05,5.378137344818008e-19,0.0,39986.0,0.0,0.0,0
0.0005750949976798744,0.0006478747553291223,1727.0,782.0,3.568297765026156e-05,1.7139119010958486e-19,0.0,39986.0,0.0,0.0,0
0.0005747399461199294,0.0006478747553291223,1728.0,782.0,3.532792609031685e-05,-1.5957110803306175e-19,0.0,39986.0,0.0,0.0,0
0.0005743884273820335,0.0006478747553291223,1729.0,782.0,3.497640735242107e-05,1.7582372088828102e-19,0.0,39986.0,0.0,0.0,0
0.0005740404063140202,0.0006478747553291223,1730.0,782.0,3.462838628440766e-05,-2.2901409023263495e-19,0.0,39986.0,0.0,0.0,0
0.0005736958481134927,0.0006478747553291223,1731.0,782.0,3.428382808387973e-05,2.556092749048119e-19,0.0,39986.0,0.0,0.0,0
0.000573354718324343,0.0006478747553291223,1732.0,782.0,3.394269829473025e-05,2.969795621726427e-19,0.0,39986.0,0.0,0.0,0
0.0005730169828333085,0.0006478747553291223,1733.0,782.0,3.360496280369588e-05,1.9503135426263105e-19,0.0,39986.0,0.0,0.0,0
0.0005726826078665589,0.0006478747553291223,1734.0,782.0,3.327058783694608e-05,2.21626538934808e-19,0.0,39986.0,0.0,0.0,0
0.0005723515599863181,0.0006478747553291223,1735.0,782.0,3.2939539956705525e-05,-1.5366106699480022e-19,0.0,39986.0,0.0,0.0,0
0.0005720238060875231,0.0006478747553291223,1736.0,782.0,3.2611786057910355e-05,2.851594800961196e-19,0.0,39986.0,0.0,0.0,0
0.0005716993133945102,0.0006478747553291223,1737.0,782.0,3.2287293364897625e-05,-3.1323217502786197e-19,0.0,39986.0,0.0,0.0,0
0.0005713780494577403,0.0006478747553291223,1738.0,782.0,3.19660294281275e-05,2.718618877600311e-19,0.0,39986.0,0.0,0.0,0
0.0005710599821505513,0.0006478747553291223,1739.0,782.0,3.1647962120938655e-05,1.4036347465871172e-19,0.0,39986.0,0.0,0.0,0
0.0005707450796659479,0.0006478747553291223,1740.0,782.0,3.133305963633527e-05,9.012812583348859e-20,0.0,39986.0,0.0,0.0,0
0.0005704333105134194,0.0006478747553291223,1741.0,782.0,3.102129048380651e-05,1.6252612855219254e-19,0.0,39986.0,0.0,0.0,0
0.00057012464351579,0.0006478747553291223,1742.0,782.0,3.0712623486177224e-05,2.955020519130773e-20,0.0,39986.0,0.0,0.0,0
0.000569819047806103,0.0006478747553291223,1743.0,782.0,3.040702777649065e-05,-2.8368196983655423e-19,0.0,39986.0,0.0,0.0,0
0.0005695164928245335,0.0006478747553291223,1744.0,782.0,3.010447279492084e-05,-1.669586593308887e-19,0.0,39986.0,0.0,0.0,0
0.0005692169483153307,0.0006478747553291223,1745.0,782.0,2.9804928285717725e-05,1.329759233608848e-20,0.0,39986.0,0.0,0.0,0
0.0005689203843237933,0.0006478747553291223,1746.0,782.0,2.9508364294180707e-05,1.0342571816957707e-19,0.0,39986.0,0.0,0.0,0
0.0005686267711932764,0.0006478747553291223,1747.0,782.0,2.9214751163663556e-05,2.112839671178503e-19,0.0,39986.0,0.0,0.0,0
0.0005683360795622209,0.0006478747553291223,1748.0,782.0,2.8924059532608413e-05,-3.413048699596043e-19,0.0,39986.0,0.0,0.0,0
0.0005680482803612227,0.0006478747553291223,1749.0,782.0,2.8636260331609966e-05,2.112839671178503e-19,0.0,39986.0,0.0,0.0,0
0.0005677633448101211,0.0006478747553291223,1750.0,782.0,2.8351324780508423e-05,4.0188279060178515e-19,0.0,39986.0,0.0,0.0,0
0.0005674812444151236,0.0006478747553291223,1751.0,782.0,2.8069224385510926e-05,-2.4526670308785417e-19,0.0,39986.0,0.0,0.0,0
0.000567201950965956,0.0006478747553291223,1752.0,782.0,2.7789930936343212e-05,-2.9550205191307733e-21,0.0,39986.0,0.0,0.0,0
0.0005669254365330403,0.0006478747553291223,1753.0,782.0,2.7513416503427443e-05,4.417755676100506e-19,0.0,39986.0,0.0,0.0,0
0.0005666516734647029,0.0006478747553291223,1754.0,782.0,2.723965343509005e-05,1.5661608751393099e-19,0.0,39986.0,0.0,0.0,0
0.0005663806343844084,0.0006478747553291223,1755.0,782.0,2.6968614354795796e-05,4.43253077869616e-21,0.0,39986.0,0.0,0.0,0
0.0005661122921880239,0.0006478747553291223,1756.0,782.0,2.6700272158411017e-05,5.46678796039193e-20,0.0,39986.0,0.0,0.0,0
0.000565846620041105,0.0006478747553291223,1757.0,782.0,2.64346000114924e-05,-5.46678796039193e-20,0.0,39986.0,0.0,0.0,0
0.0005655835913762164,0.0006478747553291223,1758.0,782.0,2.6171571346603787e-05,1.669586593308887e-19,0.0,39986.0,0.0,0.0,0
0.0005653231798902722,0.0006478747553291223,1759.0,782.0,2.591115986065952e-05,-1.5809359777349638e-19,0.0,39986.0,0.0,0.0,0
0.000565065359541907,0.0006478747553291223,1760.0,782.0,2.5653339512294197e-05,-1.9207633374350028e-20,0.0,39986.0,0.0,0.0,0
0.0005648101045488707,0.0006478747553291223,1761.0,782.0,2.5398084519257813e-05,2.807269493174235e-20,0.0,39986.0,0.0,0.0,0
0.0005645573893854513,0.0006478747553291223,1762.0,782.0,2.5145369355838463e-05,9.89931873908809e-20,0.0,39986.0,0.0,0.0,0
0.0005643071887799224,0.0006478747553291223,1763.0,782.0,2.4895168750309368e-05,2.4969923386655033e-19,0.0,39986.0,0.0,0.0,0
0.0005640594777120139,0.0006478747553291223,1764.0,782.0,2.4647457682401272e-05,1.7582372088828102e-19,0.0,39986.0,0.0,0.0,0
0.0005638142314104139,0.0006478747553291223,1765.0,782.0,2.4402211380800983e-05,2.659518467217696e-19,0.0,39986.0,0.0,0.0,0
0.0005635714253502865,0.0006478747553291223,1766.0,782.0,2.4159405320674092e-05,-3.1618719554699276e-19,0.0,39986.0,0.0,0.0,0
0.0005633310352508246,0.0006478747553291223,1767.0,782.0,2.3919015221212182e-05,-1.3593094388001556e-19,0.0,39986.0,0.0,0.0,0
0.0005630930370728174,0.0006478747553291223,1768.0,782.0,2.3681017043204863e-05,1.093357592078386e-19,0.0,39986.0,0.0,0.0,0
0.0005628574070162491,0.0006478747553291223,1769.0,782.0,2.344538698663622e-05,2.7924943905785807e-19,0.0,39986.0,0.0,0.0,0
0.000562624121517917,0.0006478747553291223,1770.0,782.0,2.3212101488304174e-05,2.349241312708965e-19,0.0,39986.0,0.0,0.0,0
0.000562393157249077,0.0006478747553291223,1771.0,782.0,2.298113721946434e-05,7.239800271870395e-20,0.0,39986.0,0.0,0.0,0
0.0005621644911131103,0.0006478747553291223,1772.0,782.0,2.2752471083497482e-05,4.1370287267830826e-19,0.0,39986.0,0.0,0.0,0
0.0005619381002432122,0.0006478747553291223,1773.0,782.0,2.2526080213599398e-05,4.742807933204891e-19,0.0,39986.0,0.0,0.0,0
0.0005617139620001073,0.0006478747553291223,1774.0,782.0,2.2301941970494477e-05,3.2652976736395045e-19,0.0,39986.0,0.0,0.0,0
0.0005614920539697842,0.0006478747553291223,1775.0,782.0,2.2080033940171693e-05,-3.7233258541047746e-19,0.0,39986.0,0.0,0.0,0
0.0005612723539612557,0.0006478747553291223,1776.0,782.0,2.1860333931642935e-05,3.309622981426466e-19,0.0,39986.0,0.0,0.0,0
0.0005610548400043372,0.0006478747553291223,1777.0,782.0,2.164281997472445e-05,1.669586593308887e-19,0.0,39986.0,0.0,0.0,0
0.0005608394903474519,0.0006478747553291223,1778.0,782.0,2.1427470317839168e-05,1.7434621062871562e-19,0.0,39986.0,0.0,0.0,0
0.0005606262834554546,0.0006478747553291223,1779.0,782.0,2.1214263425841833e-05,-7.092049245913856e-20,0.0,39986.0,0.0,0.0,0
0.0005604151980074786,0.0006478747553291223,1780.0,782.0,2.1003177977865842e-05,-2.0685143633915413e-20,0.0,39986.0,0.0,0.0,0
0.0005602062128948029,0.0006478747553291223,1781.0,782.0,2.0794192865190226e-05,1.2854339258218864e-19,0.0,39986.0,0.0,0.0,0
0.0005599993072187426,0.0006478747553291223,1782.0,782.0,2.0587287189129636e-05,3.7381009567004283e-19,0.0,39986.0,0.0,0.0,0
0.0005597944602885571,0.0006478747553291223,1783.0,782.0,2.0382440258944246e-05,7.683053349740011e-20,0.0,39986.0,0.0,0.0,0
0.0005595916516193829,0.0006478747553291223,1784.0,782.0,2.0179631589770116e-05,1.0194820791001168e-19,0.0,39986.0,0.0,0.0,0
0.0005593908609301839,0.0006478747553291223,1785.0,782.0,1.9978840900571307e-05,-4.7280328306092373e-20,0.0,39986.0,0.0,0.0,0
0.0005591920681417246,0.0006478747553291223,1786.0,782.0,1.978004811211173e-05,3.6790005463178125e-19,0.0,39986.0,0.0,0.0,0
0.0005589952533745592,0.0006478747553291223,1787.0,782.0,1.958323334494681e-05,-3.220972365852543e-19,0.0,39986.0,0.0,0.0,0
0.0005588003969470482,0.0006478747553291223,1788.0,782.0,1.93883769174357e-05,-3.102771545087312e-20,0.0,39986.0,0.0,0.0,0
0.0005586074793733862,0.0006478747553291223,1789.0,782.0,1.9195459343773425e-05,-4.4325307786961597e-20,0.0,39986.0,0.0,0.0,0
0.0005584164813616544,0.0006478747553291223,1790.0,782.0,1.9004461332041805e-05,-1.5661608751393099e-19,0.0,39986.0,0.0,0.0,0
0.0005582273838118932,0.0006478747553291223,1791.0,782.0,1.8815363782280492e-05,2.7924943905785807e-19,0.0,39986.0,0.0,0.0,0
0.0005580401678141896,0.0006478747553291223,1792.0,782.0,1.8628147784576902e-05,2.629968262026388e-19,0.0,39986.0,0.0,0.0,0
0.0005578548146467878,0.0006478747553291223,1793.0,782.0,1.8442794617175316e-05,-1.905988234839349e-19,0.0,39986.0,0.0,0.0,0
0.0005576713057742172,0.0006478747553291223,1794.0,782.0,1.8259285744604396e-05,2.5708678516437727e-19,0.0,39986.0,0.0,0.0,0
0.0005574896228454368,0.0006478747553291223,1795.0,782.0,1.8077602815824205e-05,-1.4036347465871172e-19,0.0,39986.0,0.0,0.0,0
0.0005573097476920028,0.0006478747553291223,1796.0,782.0,1.7897727662390184e-05,4.43253077869616e-21,0.0,39986.0,0.0,0.0,0
0.0005571316623262501,0.0006478747553291223,1797.0,782.0,1.7719642296637332e-05,1.994638850413272e-19,0.0,39986.0,0.0,0.0,0
0.0005569553489394933,0.0006478747553291223,1798.0,782.0,1.7543328909880517e-05,-1.447960054374079e-19,0.0,39986.0,0.0,0.0,0
0.0005567807899002471,0.0006478747553291223,1799.0,782.0,1.7368769870634247e-05,3.309622981426466e-19,0.0,39986.0,0.0,0.0,0
0.0005566079677524615,0.0006478747553291223,1800.0,782.0,1.719594772284901e-05,-1.4775102595653867e-19,0.0,39986.0,0.0,0.0,0
0.0005564368652137789,0.0006478747553291223,1801.0,782.0,1.7024845184166047e-05,3.871076880061313e-19,0.0,39986.0,0.0,0.0,0
0.0005562674651738017,0.0006478747553291223,1802.0,782.0,1.6855445144188854e-05,1.0194820791001168e-19,0.0,39986.0,0.0,0.0,0
0.0005560997506923852,0.0006478747553291223,1803.0,782.0,1.6687730662772407e-05,2.8072694931742344e-19,0.0,39986.0,0.0,0.0,0
0.0005559337049979416,0.0006478747553291223,1804.0,782.0,1.6521684968328646e-05,4.506406291674429e-19,0.0,39986.0,0.0,0.0,0
0.0005557693114857626,0.0006478747553291223,1805.0,782.0,1.6357291456149928e-05,2.0094139530089258e-19,0.0,39986.0,0.0,0.0,0
0.0005556065537163607,0.0006478747553291223,1806.0,782.0,1.6194533686747997e-05,2.659518467217696e-20,0.0,39986.0,0.0,0.0,0
0.0005554454154138227,0.0006478747553291223,1807.0,782.0,1.6033395384210124e-05,-2.4231168256872343e-19,0.0,39986.0,0.0,0.0,0
0.0005552858804641845,0.0006478747553291223,1808.0,782.0,1.5873860434571952e-05,-2.3640164153046185e-19,0.0,39986.0,0.0,0.0,0
0.000555127932913818,0.0006478747553291223,1809.0,782.0,1.5715912884205353e-05,-1.640036388117579e-19,0.0,39986.0,0.0,0.0,0
0.0005549715569678366,0.0006478747553291223,1810.0,782.0,1.5559536938223963e-05,-1.329759233608848e-19,0.0,39986.0,0.0,0.0,0
0.0005548167369885155,0.0006478747553291223,1811.0,782.0,1.5404716958902746e-05,4.373430368313544e-19,0.0,39986.0,0.0,0.0,0
0.0005546634574937273,0.0006478747553291223,1812.0,782.0,1.5251437464114596e-05,1.1820082076523092e-19,0.0,39986.0,0.0,0.0,0
0.0005545117031553952,0.0006478747553291223,1813.0,782.0,1.5099683125782545e-05,2.5856429542394264e-19,0.0,39986.0,0.0,0.0,0
0.0005543614587979587,0.0006478747553291223,1814.0,782.0,1.4949438768346165e-05,1.5070604647566943e-19,0.0,39986.0,0.0,0.0,0
0.0005542127093968572,0.0006478747553291223,1815.0,782.0,1.4800689367244413e-05,1.8468878244567333e-19,0.0,39986.0,0.0,0.0,0
0.0005540654400770263,0.0006478747553291223,1816.0,782.0,1.4653420047413346e-05,3.05844623730035e-19,0.0,39986.0,0.0,0.0,0
0.000553919636111411,0.0006478747553291223,1817.0,782.0,1.4507616081798465e-05,1.433184951778425e-19,0.0,39986.0,0.0,0.0,0
0.0005537752829194937,0.0006478747553291223,1818.0,782.0,1.4363262889881201e-05,-4.920109164352738e-19,0.0,39986.0,0.0,0.0,0
0.0005536323660658353,0.0006478747553291223,1819.0,782.0,1.422034603622249e-05,4.43253077869616e-21,0.0,39986.0,0.0,0.0,0
0.0005534908712586305,0.0006478747553291223,1820.0,782.0,1.407885122901781e-05,-4.1370287267830826e-20,0.0,39986.0,0.0,0.0,0
0.0005533507843482807,0.0006478747553291223,1821.0,782.0,1.3938764318668272e-05,2.0685143633915413e-20,0.0,39986.0,0.0,0.0,0
0.0005532120913259792,0.0006478747553291223,1822.0,782.0,1.3800071296366412e-05,4.1665789319743905e-19,0.0,39986.0,0.0,0.0,0
0.000553074778322307,0.0006478747553291223,1823.0,782.0,1.3662758292694145e-05,1.654811490713233e-19,0.0,39986.0,0.0,0.0,0
0.0005529388316058499,0.0006478747553291223,1824.0,782.0,1.3526811576237035e-05,2.8220445957698886e-19,0.0,39986.0,0.0,0.0,0
0.0005528042375818222,0.0006478747553291223,1825.0,782.0,1.3392217552209793e-05,-2.098064568582849e-19,0.0,39986.0,0.0,0.0,0
0.0005526709827907108,0.0006478747553291223,1826.0,782.0,1.3258962761097903e-05,-6.64879616804424e-20,0.0,39986.0,0.0,0.0,0
0.0005525390539069238,0.0006478747553291223,1827.0,782.0,1.3127033877311478e-05,-3.398273597000389e-20,0.0,39986.0,0.0,0.0,0
0.0005524084377374644,0.0006478747553291223,1828.0,782.0,1.2996417707851834e-05,-1.1820082076523092e-19,0.0,39986.0,0.0,0.0,0
0.0005522791212206062,0.0006478747553291223,1829.0,782.0,1.2867101190993506e-05,1.8173376192654255e-19,0.0,39986.0,0.0,0.0,0
0.0005521510914245894,0.0006478747553291223,1830.0,782.0,1.2739071394976863e-05,1.1820082076523093e-20,0.0,39986.0,0.0,0.0,0
0.000552024335546328,0.0006478747553291223,1831.0,782.0,1.261231551671565e-05,-5.46678796039193e-20,0.0,39986.0,0.0,0.0,0
0.0005518988409101292,0.0006478747553291223,1832.0,782.0,1.2486820880516338e-05,2.304916004922003e-19,0.0,39986.0,0.0,0.0,0
0.0005517745949664238,0.0006478747553291223,1833.0,782.0,1.2362574936810843e-05,1.122907797269694e-19,0.0,39986.0,0.0,0.0,0
0.0005516515852905141,0.0006478747553291223,1834.0,782.0,1.2239565260901228e-05,2.3787915179002727e-19,0.0,39986.0,0.0,0.0,0
0.00055152979958133,0.0006478747553291223,1835.0,782.0,1.2117779551717362e-05,3.250522571043851e-20,0.0,39986.0,0.0,0.0,0
0.0005514092256601997,0.0006478747553291223,1836.0,782.0,1.1997205630586777e-05,3.2948478788308124e-19,0.0,39986.0,0.0,0.0,0
0.0005512898514696298,0.0006478747553291223,1837.0,782.0,1.1877831440017058e-05,1.0047069765044629e-19,0.0,39986.0,0.0,0.0,0
0.0005511716650721021,0.0006478747553291223,1838.0,782.0,1.1759645042489553e-05,-2.437891928282888e-19,0.0,39986.0,0.0,0.0,0
0.0005510546546488784,0.0006478747553291223,1839.0,782.0,1.1642634619265924e-05,-4.417755676100506e-19,0.0,39986.0,0.0,0.0,0
0.0005509388084988194,0.0006478747553291223,1840.0,782.0,1.1526788469206556e-05,1.4775102595653867e-21,0.0,39986.0,0.0,0.0,0
0.0005508241150372125,0.0006478747553291223,1841.0,782.0,1.141209500759985e-05,-3.546024622956928e-20,0.0,39986.0,0.0,0.0,0
0.0005507105627946166,0.0006478747553291223,1842.0,782.0,1.1298542765003893e-05,2.4231168256872343e-19,0.0,39986.0,0.0,0.0,0
0.0005505981404157126,0.0006478747553291223,1843.0,782.0,1.1186120386100051e-05,-1.344534336204502e-19,0.0,39986.0,0.0,0.0,0
0.0005504868366581691,0.0006478747553291223,1844.0,782.0,1.1074816628556528e-05,-1.551385772543656e-19,0.0,39986.0,0.0,0.0,0
0.0005503766403915174,0.0006478747553291223,1845.0,782.0,1.096462036190482e-05,-1.8173376192654255e-19,0.0,39986.0,0.0,0.0,0
0.0005502675405960392,0.0006478747553291223,1846.0,782.0,1.0855520566426664e-05,-8.86506155739232e-21,0.0,39986.0,0.0,0.0,0
0.000550159526361664,0.0006478747553291223,1847.0,782.0,1.0747506332051403e-05,8.421808479522703e-20,0.0,39986.0,0.0,0.0,0
0.0005500525868868781,0.0006478747553291223,1848.0,782.0,1.0640566857265632e-05,-4.063153213804813e-19,0.0,39986.0,0.0,0.0,0
0.0005499467114776455,0.0006478747553291223,1849.0,782.0,1.0534691448032654e-05,1.2706588232262324e-19,0.0,39986.0,0.0,0.0,0
0.0005498418895463365,0.0006478747553291223,1850.0,782.0,1.0429869516723605e-05,1.905988234839349e-19,0.0,39986.0,0.0,0.0,0
0.0005497381106106705,0.0006478747553291223,1851.0,782.0,1.0326090581057668e-05,3.5460246229569277e-19,0.0,39986.0,0.0,0.0,0
0.0005496353642926677,0.0006478747553291223,1852.0,782.0,1.0223344263055051e-05,1.0342571816957707e-19,0.0,39986.0,0.0,0.0,0
0.0005495336403176109,0.0006478747553291223,1853.0,782.0,1.0121620287998147e-05,1.2411086180349248e-19,0.0,39986.0,0.0,0.0,0
0.0005494329285130176,0.0006478747553291223,1854.0,782.0,1.0020908483404818e-05,5.319036934435392e-20,0.0,39986.0,0.0,0.0,0
0.0005493332188076234,0.0006478747553291223,1855.0,782.0,9.92119877801054e-06,1.329759233608848e-19,0.0,39986.0,0.0,0.0,0
0.0005492345012303744,0.0006478747553291223,1856.0,782.0,9.822481200761736e-06,4.2847797527396214e-20,0.0,39986.0,0.0,0.0,0
0.0005491367659094311,0.0006478747553291223,1857.0,782.0,9.724745879818569e-06,-1.4036347465871172e-19,0.0,39986.0,0.0,0.0,0
0.0005490400030711799,0.0006478747553291223,1858.0,782.0,9.627983041567209e-06,3.7233258541047746e-19,0.0,39986.0,0.0,0.0,0
0.0005489442030392562,0.0006478747553291223,1859.0,782.0,9.532183009643457e-06,4.2847797527396214e-20,0.0,39986.0,0.0,0.0,0
0.0005488493562335766,0.0006478747553291223,1860.0,782.0,9.437336203964167e-06,7.092049245913856e-20,0.0,39986.0,0.0,0.0,0
0.0005487554531693826,0.0006478747553291223,1861.0,782.0,9.34343313976971e-06,8.274057453566165e-20,0.0,39986.0,0.0,0.0,0
0.0005486624844562881,0.0006478747553291223,1862.0,782.0,9.250464426675477e-06,1.6252612855219254e-20,0.0,39986.0,0.0,0.0,0
0.0005485704407973452,0.0006478747553291223,1863.0,782.0,9.158420767732677e-06,1.4775102595653867e-19,0.0,39986.0,0.0,0.0,0
0.0005484793129881114,0.0006478747553291223,1864.0,782.0,9.067292958498673e-06,2.112839671178503e-19,0.0,39986.0,0.0,0.0,0
0.0005483890919157293,0.0006478747553291223,1865.0,782.0,8.977071886116611e-06,2.319691107517657e-19,0.0,39986.0,0.0,0.0,0
0.0005482997685580168,0.0006478747553291223,1866.0,782.0,8.887748528404019e-06,2.112839671178503e-19,0.0,39986.0,0.0,0.0,0
0.0005482113339825638,0.0006478747553291223,1867.0,782.0,8.799313952950819e-06,2.689068672409004e-19,0.0,39986.0,0.0,0.0,0
0.0005481237793458386,0.0006478747553291223,1868.0,782.0,8.711759316225802e-06,4.417755676100506e-19,0.0,39986.0,0.0,0.0,0
0.0005480370958923049,0.0006478747553291223,1869.0,782.0,8.625075862692089e-06,2.9402454165351197e-19,0.0,39986.0,0.0,0.0,0
0.0005479512749535449,0.0006478747553291223,1870.0,782.0,8.53925492393222e-06,1.447960054374079e-19,0.0,39986.0,0.0,0.0,0
0.0005478663079473934,0.0006478747553291223,1871.0,782.0,8.454287917780865e-06,-1.9207633374350028e-20,0.0,39986.0,0.0,0.0,0
0.000547782186377079,0.0006478747553291223,1872.0,782.0,8.370166347466613e-06,-1.0342571816957707e-20,0.0,39986.0,0.0,0.0,0
0.0005476989018303748,0.0006478747553291223,1873.0,782.0,8.286881800762087e-06,-1.2706588232262324e-19,0.0,39986.0,0.0,0.0,0
0.0005476164459787561,0.0006478747553291223,1874.0,782.0,8.204425949143566e-06,-3.649450341126505e-19,0.0,39986.0,0.0,0.0,0
0.0005475348105765696,0.0006478747553291223,1875.0,782.0,8.122790546956903e-06,1.994638850413272e-19,0.0,39986.0,0.0,0.0,0
0.0005474539874602066,0.0006478747553291223,1876.0,782.0,8.041967430593978e-06,2.1423898763698105e-19,0.0,39986.0,0.0,0.0,0
0.0005473739685472886,0.0006478747553291223,1877.0,782.0,7.96194851767584e-06,4.875783856565776e-20,0.0,39986.0,0.0,0.0,0
0.0005472947458358571,0.0006478747553291223,1878.0,782.0,7.882725806244333e-06,-2.4231168256872343e-19,0.0,39986.0,0.0,0.0,0
0.000547216311403575,0.0006478747553291223,1879.0,782.0,7.804291373962508e-06,-4.3291050605265827e-19,0.0,39986.0,0.0,0.0,0
0.0005471386574069344,0.0006478747553291223,1880.0,782.0,7.726637377321624e-06,3.206197263256889e-19,0.0,39986.0,0.0,0.0,0
0.0005470617760804699,0.0006478747553291223,1881.0,782.0,7.649756050857409e-06,-1.3002090284175403e-19,0.0,39986.0,0.0,0.0,0
0.0005469856597359856,0.0006478747553291223,1882.0,782.0,7.573639706373174e-06,-1.1672331050566555e-19,0.0,39986.0,0.0,0.0,0
0.0005469103007617836,0.0006478747553291223,1883.0,782.0,7.498280732170798e-06,-4.4325307786961597e-20,0.0,39986.0,0.0,0.0,0
0.0005468356916219028,0.0006478747553291223,1884.0,782.0,7.423671592290315e-06,-5.171285908478853e-20,0.0,39986.0,0.0,0.0,0
0.0005467618248553682,0.0006478747553291223,1885.0,782.0,7.349804825755377e-06,1.4036347465871172e-19,0.0,39986.0,0.0,0.0,0
0.0005466886930754407,0.0006478747553291223,1886.0,782.0,7.276673045827974e-06,1.9207633374350028e-20,0.0,39986.0,0.0,0.0,0
0.0005466162889688819,0.0006478747553291223,1887.0,782.0,7.204268939269021e-06,-6.205543090174624e-20,0.0,39986.0,0.0,0.0,0
0.0005465446052952205,0.0006478747553291223,1888.0,782.0,7.132585265607634e-06,1.7434621062871562e-19,0.0,39986.0,0.0,0.0,0
0.0005464736348860296,0.0006478747553291223,1889.0,782.0,7.061614856416627e-06,3.427823802191697e-19,0.0,39986.0,0.0,0.0,0
0.0005464033706442085,0.0006478747553291223,1890.0,782.0,6.991350614595944e-06,-4.2847797527396214e-20,0.0,39986.0,0.0,0.0,0
0.0005463338055432754,0.0006478747553291223,1891.0,782.0,6.92178551366281e-06,-1.5070604647566943e-19,0.0,39986.0,0.0,0.0,0
0.0005462649326266617,0.0006478747553291223,1892.0,782.0,6.852912597049241e-06,4.875783856565776e-20,0.0,39986.0,0.0,0.0,0
0.000546196745007019,0.0006478747553291223,1893.0,782.0,6.784724977406279e-06,1.1820082076523093e-20,0.0,39986.0,0.0,0.0,0
0.0005461292358655273,0.0006478747553291223,1894.0,782.0,6.717215835914911e-06,8.569559505479243e-20,0.0,39986.0,0.0,0.0,0
0.0005460623984512177,0.0006478747553291223,1895.0,782.0,6.650378421604781e-06,4.875783856565776e-20,0.0,39986.0,0.0,0.0,0
0.0005459962260802916,0.0006478747553291223,1896.0,782.0,6.5842060506789114e-06,1.5070604647566943e-19,0.0,39986.0,0.0,0.0,0
0.0005459307121354577,0.0006478747553291223,1897.0,782.0,6.5186921058448624e-06,-8.865061557392319e-20,0.0,39986.0,0.0,0.0,0
0.0005458658500652665,0.0006478747553291223,1898.0,782.0,6.453830035653731e-06,2.629968262026388e-19,0.0,39986.0,0.0,0.0,0
0.000545801633383457,0.0006478747553291223,1899.0,782.0,6.389613353844443e-06,7.830804375696549e-20,0.0,39986.0,0.0,0.0,0
0.0005457380556683078,0.0006478747553291223,1900.0,782.0,6.326035638695111e-06,1.1376828998653477e-19,0.0,39986.0,0.0,0.0,0
0.0005456751105619942,0.0006478747553291223,1901.0,782.0,6.2630905323813454e-06,-1.0638073868870784e-19,0.0,39986.0,0.0,0.0,0
0.0005456127917699529,0.0006478747553291223,1902.0,782.0,6.2007717403401925e-06,6.205543090174624e-20,0.0,39986.0,0.0,0.0,0
0.0005455510930602532,0.0006478747553291223,1903.0,782.0,6.139073030640341e-06,4.2847797527396214e-20,0.0,39986.0,0.0,0.0,0
0.0005454900082629722,0.0006478747553291223,1904.0,782.0,6.077988233359461e-06,4.875783856565776e-20,0.0,39986.0,0.0,0.0,0
0.0005454295312695798,0.0006478747553291223,1905.0,782.0,6.017511239966976e-06,4.2404544449526595e-19,0.0,39986.0,0.0,0.0,0
0.0005453696560323258,0.0006478747553291223,1906.0,782.0,5.957636002713082e-06,1.10813269467404e-19,0.0,39986.0,0.0,0.0,0
0.000545310376563637,0.0006478747553291223,1907.0,782.0,5.898356534024027e-06,1.0342571816957707e-20,0.0,39986.0,0.0,0.0,0
0.0005452516869355167,0.0006478747553291223,1908.0,782.0,5.839666905903846e-06,3.1766470580655813e-19,0.0,39986.0,0.0,0.0,0
0.0005451935812789535,0.0006478747553291223,1909.0,782.0,5.781561249340641e-06,6.353294116131163e-19,0.0,39986.0,0.0,0.0,0
0.0005451360537833331,0.0006478747553291223,1910.0,782.0,5.724033753720295e-06,-1.773012311478464e-20,0.0,39986.0,0.0,0.0,0
0.000545079098695858,0.0006478747553291223,1911.0,782.0,5.6670786662453726e-06,-3.3687233918090814e-19,0.0,39986.0,0.0,0.0,0
0.0005450227103209723,0.0006478747553291223,1912.0,782.0,5.610690291359674e-06,-6.057792064218086e-20,0.0,39986.0,0.0,0.0,0
0.0005449668830197915,0.0006478747553291223,1913.0,782.0,5.554862990178786e-06,1.344534336204502e-19,0.0,39986.0,0.0,0.0,0
0.0005449116112095386,0.0006478747553291223,1914.0,782.0,5.499591179925893e-06,1.4775102595653866e-20,0.0,39986.0,0.0,0.0,0
0.0005448568893629867,0.0006478747553291223,1915.0,782.0,5.444869333374087e-06,5.910041038261546e-20,0.0,39986.0,0.0,0.0,0
0.0005448027120079056,0.0006478747553291223,1916.0,782.0,5.39069197829287e-06,-1.891213132243695e-19,0.0,39986.0,0.0,0.0,0
0.0005447490737265144,0.0006478747553291223,1917.0,782.0,5.337053696901909e-06,-1.773012311478464e-20,0.0,39986.0,0.0,0.0,0
0.0005446959691549409,0.0006478747553291223,1918.0,782.0,5.283949125328049e-06,3.885851982656967e-19,0.0,39986.0,0.0,0.0,0
0.0005446433929826829,0.0006478747553291223,1919.0,782.0,5.23137295307008e-06,1.2115584128436171e-19,0.0,39986.0,0.0,0.0,0
0.0005445913399520798,0.0006478747553291223,1920.0,782.0,5.179319922466927e-06,1.314984131013194e-19,0.0,39986.0,0.0,0.0,0
0.0005445398048577848,0.0006478747553291223,1921.0,782.0,5.127784828172198e-06,1.447960054374079e-19,0.0,39986.0,0.0,0.0,0
0.0005444887825462459,0.0006478747553291223,1922.0,782.0,5.0767625166334386e-06,-1.8616629270523873e-19,0.0,39986.0,0.0,0.0,0
0.0005444382679151894,0.0006478747553291223,1923.0,782.0,5.026247885576857e-06,3.102771545087312e-20,0.0,39986.0,0.0,0.0,0
0.0005443882559131102,0.0006478747553291223,1924.0,782.0,4.9762358834974994e-06,-1.4775102595653867e-21,0.0,39986.0,0.0,0.0,0
0.0005443387415387663,0.0006478747553291223,1925.0,782.0,4.926721509153377e-06,3.5460246229569277e-19,0.0,39986.0,0.0,0.0,0
0.0005442897198406782,0.0006478747553291223,1926.0,782.0,4.877699811065727e-06,-4.89055895916143e-19,0.0,39986.0,0.0,0.0,0
0.0005442411859166365,0.0006478747553291223,1927.0,782.0,4.829165887023968e-06,-4.462080983887467e-19,0.0,39986.0,0.0,0.0,0
0.0005441931349132078,0.0006478747553291223,1928.0,782.0,4.781114883595221e-06,-1.0342571816957707e-20,0.0,39986.0,0.0,0.0,0
0.0005441455620252519,0.0006478747553291223,1929.0,782.0,4.733541995639155e-06,7.387551297826933e-21,0.0,39986.0,0.0,0.0,0
0.0005440984624954399,0.0006478747553291223,1930.0,782.0,4.686442465827222e-06,-6.64879616804424e-20,0.0,39986.0,0.0,0.0,0
0.0005440518316137802,0.0006478747553291223,1931.0,782.0,4.639811584167247e-06,4.861008753970122e-19,0.0,39986.0,0.0,0.0,0
0.0005440056647171449,0.0006478747553291223,1932.0,782.0,4.593644687532337e-06,-1.329759233608848e-19,0.0,39986.0,0.0,0.0,0
0.0005439599571888068,0.0006478747553291223,1933.0,782.0,4.5479371591941195e-06,1.447960054374079e-19,0.0,39986.0,0.0,0.0,0
0.0005439147044579745,0.0006478747553291223,1934.0,782.0,4.502684428361813e-06,2.3787915179002727e-19,0.0,39986.0,0.0,0.0,0
0.0005438699019993373,0.0006478747553291223,1935.0,782.0,4.457881969724575e-06,4.0483781112091594e-19,0.0,39986.0,0.0,0.0,0
0.000543825545332612,0.0006478747553291223,1936.0,782.0,4.4135253029992124e-06,2.895920108748158e-19,0.0,39986.0,0.0,0.0,0
0.0005437816300220947,0.0006478747553291223,1937.0,782.0,4.36960999248211e-06,3.442598904787351e-19,0.0,39986.0,0.0,0.0,0
0.0005437381516762186,0.0006478747553291223,1938.0,782.0,4.3261316466056495e-06,3.7381009567004283e-19,0.0,39986.0,0.0,0.0,0
0.0005436951059471115,0.0006478747553291223,1939.0,782.0,4.283085917498973e-06,-1.7730123114784639e-19,0.0,39986.0,0.0,0.0,0
0.0005436524885301658,0.0006478747553291223,1940.0,782.0,4.240468500553192e-06,-1.2854339258218864e-19,0.0,39986.0,0.0,0.0,0
0.000543610295163604,0.0006478747553291223,1941.0,782.0,4.1982751339913e-06,1.5070604647566943e-19,0.0,39986.0,0.0,0.0,0
0.0005435685216280539,0.0006478747553291223,1942.0,782.0,4.15650159844136e-06,-1.2558837206305787e-19,0.0,39986.0,0.0,0.0,0
0.0005435271637461275,0.0006478747553291223,1943.0,782.0,4.1151437165150295e-06,-1.8616629270523873e-19,0.0,39986.0,0.0,0.0,0
0.0005434862173820024,0.0006478747553291223,1944.0,782.0,4.074197352389669e-06,2.112839671178503e-19,0.0,39986.0,0.0,0.0,0
0.0005434456784410073,0.0006478747553291223,1945.0,782.0,4.033658411394648e-06,2.644743364622042e-19,0.0,39986.0,0.0,0.0,0
0.000543405542869215,0.0006478747553291223,1946.0,782.0,3.993522839602209e-06,5.333812037031046e-19,0.0,39986.0,0.0,0.0,0
0.0005433658066530345,0.0006478747553291223,1947.0,782.0,3.953786623421643e-06,3.2948478788308124e-19,0.0,39986.0,0.0,0.0,0
0.000543326465818811,0.0006478747553291223,1948.0,782.0,3.914445789198316e-06,-1.7139119010958486e-19,0.0,39986.0,0.0,0.0,0
0.0005432875164324286,0.0006478747553291223,1949.0,782.0,3.8754964028159645e-06,1.0342571816957707e-19,0.0,39986.0,0.0,0.0,0
0.0005432489545989163,0.0006478747553291223,1950.0,782.0,3.8369345693034e-06,3.6790005463178125e-19,0.0,39986.0,0.0,0.0,0
0.0005432107764620577,0.0006478747553291223,1951.0,782.0,3.798756432445271e-06,-2.3640164153046187e-20,0.0,39986.0,0.0,0.0,0
0.0005431729782040088,0.0006478747553291223,1952.0,782.0,3.760958174395924e-06,3.2948478788308124e-19,0.0,39986.0,0.0,0.0,0
0.0005431355560449111,0.0006478747553291223,1953.0,782.0,3.7235360152983296e-06,1.5218355673523483e-19,0.0,39986.0,0.0,0.0,0
0.0005430985062425181,0.0006478747553291223,1954.0,782.0,3.6864862129051866e-06,3.78242626448739e-19,0.0,39986.0,0.0,0.0,0
0.0005430618250918182,0.0006478747553291223,1955.0,782.0,3.6498050622053938e-06,2.5117674412611574e-19,0.0,39986.0,0.0,0.0,0
0.0005430255089246659,0.0006478747553291223,1956.0,782.0,3.613488895053335e-06,2.5856429542394264e-19,0.0,39986.0,0.0,0.0,0
0.0005429895541094147,0.0006478747553291223,1957.0,782.0,3.5775340798019324e-06,1.2411086180349248e-19,0.0,39986.0,0.0,0.0,0
0.0005429539570505527,0.0006478747553291223,1958.0,782.0,3.5419370209399423e-06,2.304916004922003e-19,0.0,39986.0,0.0,0.0,0
0.0005429187141883444,0.0006478747553291223,1959.0,782.0,3.5066941587316624e-06,1.1820082076523092e-19,0.0,39986.0,0.0,0.0,0
0.0005428838219984743,0.0006478747553291223,1960.0,782.0,3.471801968861407e-06,4.0483781112091594e-19,0.0,39986.0,0.0,0.0,0
0.0005428492769916942,0.0006478747553291223,1961.0,782.0,3.437256962081242e-06,8.717310531435781e-20,0.0,39986.0,0.0,0.0,0
0.0005428150757134745,0.0006478747553291223,1962.0,782.0,3.4030556838616827e-06,1.5661608751393099e-19,0.0,39986.0,0.0,0.0,0
0.0005427812147436593,0.0006478747553291223,1963.0,782.0,3.3691947140464847e-06,1.0342571816957707e-19,0.0,39986.0,0.0,0.0,0
0.000542747690696123,0.0006478747553291223,1964.0,782.0,3.3356706665102846e-06,-2.245815594539388e-19,0.0,39986.0,0.0,0.0,0
0.000542714500218433,0.0006478747553291223,1965.0,782.0,3.3024801888204766e-06,-6.796547194000778e-20,0.0,39986.0,0.0,0.0,0
0.0005426816399915143,0.0006478747553291223,1966.0,782.0,3.2696199619016245e-06,1.1524580024610016e-19,0.0,39986.0,0.0,0.0,0
0.0005426491067293162,0.0006478747553291223,1967.0,782.0,3.2370866997037277e-06,1.6252612855219254e-19,0.0,39986.0,0.0,0.0,0
0.0005426168971784858,0.0006478747553291223,1968.0,782.0,3.2048771488732894e-06,-2.2901409023263495e-19,0.0,39986.0,0.0,0.0,0
0.0005425850081180412,0.0006478747553291223,1969.0,782.0,3.17298808842848e-06,1.5070604647566943e-19,0.0,39986.0,0.0,0.0,0
0.0005425534363590496,0.0006478747553291223,1970.0,782.0,3.1414163294367267e-06,2.2753657997306953e-19,0.0,39986.0,0.0,0.0,0
0.0005425221787443083,0.0006478747553291223,1971.0,782.0,3.1101587146957904e-06,-1.8025625166697718e-19,0.0,39986.0,0.0,0.0,0
0.0005424912321480307,0.0006478747553291223,1972.0,782.0,3.079212118417993e-06,-1.0342571816957707e-20,0.0,39986.0,0.0,0.0,0
0.0005424605934755307,0.0006478747553291223,1973.0,782.0,3.0485734459182723e-06,-1.9650886452219642e-19,0.0,39986.0,0.0,0.0,0
0.0005424302596629162,0.0006478747553291223,1974.0,782.0,3.0182396333034752e-06,2.5117674412611572e-20,0.0,39986.0,0.0,0.0,0
0.0005424002276767798,0.0006478747553291223,1975.0,782.0,2.9882076471672385e-06,2.0537392607958874e-19,0.0,39986.0,0.0,0.0,0
0.0005423704945138988,0.0006478747553291223,1976.0,782.0,2.9584744842859633e-06,1.433184951778425e-19,0.0,39986.0,0.0,0.0,0
0.000542341057200931,0.0006478747553291223,1977.0,782.0,2.929037171318405e-06,-3.191422160661235e-19,0.0,39986.0,0.0,0.0,0
0.0005423119127941215,0.0006478747553291223,1978.0,782.0,2.899892764508983e-06,-2.2014902867524263e-19,0.0,39986.0,0.0,0.0,0
0.000542283058379005,0.0006478747553291223,1979.0,782.0,2.871038349392522e-06,-2.748169082791619e-19,0.0,39986.0,0.0,0.0,0
0.0005422544910701163,0.0006478747553291223,1980.0,782.0,2.8424710405035495e-06,-8.421808479522703e-20,0.0,39986.0,0.0,0.0,0
0.0005422262080107001,0.0006478747553291223,1981.0,782.0,2.8141879810873804e-06,2.21626538934808e-19,0.0,39986.0,0.0,0.0,0
0.0005421982063724273,0.0006478747553291223,1982.0,782.0,2.7861863428144238e-06,2.467442133474196e-19,0.0,39986.0,0.0,0.0,0
0.0005421704833551104,0.0006478747553291223,1983.0,782.0,2.7584633254976088e-06,1.994638850413272e-19,0.0,39986.0,0.0,0.0,0
0.000542143036186425,0.0006478747553291223,1984.0,782.0,2.7310161568120703e-06,1.7582372088828102e-19,0.0,39986.0,0.0,0.0,0
0.0005421158621216309,0.0006478747553291223,1985.0,782.0,2.703842092018044e-06,2.304916004922003e-19,0.0,39986.0,0.0,0.0,0
0.0005420889584432994,0.0006478747553291223,1986.0,782.0,2.6769384136864923e-06,-2.955020519130773e-20,0.0,39986.0,0.0,0.0,0
0.0005420623224610398,0.0006478747553291223,1987.0,782.0,2.6503024314271438e-06,8.126306427609627e-20,0.0,39986.0,0.0,0.0,0
0.0005420359515112321,0.0006478747553291223,1988.0,782.0,2.623931481619462e-06,9.456065661218475e-20,0.0,39986.0,0.0,0.0,0
0.0005420098429567594,0.0006478747553291223,1989.0,782.0,2.5978229271465475e-06,1.876438029648041e-19,0.0,39986.0,0.0,0.0,0
0.0005419839941867437,0.0006478747553291223,1990.0,782.0,2.571974157131228e-06,-4.506406291674429e-19,0.0,39986.0,0.0,0.0,0
0.0005419584026162877,0.0006478747553291223,1991.0,782.0,2.5463825866749023e-06,-9.012812583348859e-20,0.0,39986.0,0.0,0.0,0
0.0005419330656862122,0.0006478747553291223,1992.0,782.0,2.521045656599266e-06,1.8173376192654255e-19,0.0,39986.0,0.0,0.0,0
0.000541907980862803,0.0006478747553291223,1993.0,782.0,2.495960833190184e-06,-1.1820082076523093e-20,0.0,39986.0,0.0,0.0,0
0.000541883145637557,0.0006478747553291223,1994.0,782.0,2.471125607944355e-06,-2.0685143633915413e-20,0.0,39986.0,0.0,0.0,0
0.0005418585575269314,0.0006478747553291223,1995.0,782.0,2.4465374973186497e-06,1.1672331050566555e-19,0.0,39986.0,0.0,0.0,0
0.000541834214072094,0.0006478747553291223,1996.0,782.0,2.422194042481434e-06,-8.86506155739232e-21,0.0,39986.0,0.0,0.0,0
0.0005418101128386796,0.0006478747553291223,1997.0,782.0,2.3980928090668974e-06,2.0685143633915413e-20,0.0,39986.0,0.0,0.0,0
0.0005417862514165444,0.0006478747553291223,1998.0,782.0,2.3742313869318042e-06,7.239800271870395e-20,0.0,39986.0,0.0,0.0,0
0.0005417626274195265,0.0006478747553291223,1999.0,782.0,2.3506073899138588e-06,-2.0094139530089258e-19,0.0,39986.0,0.0,0.0,0
0.0005417392384852067,0.0006478747553291223,2000.0,782.0,2.3272184555937494e-06,2.777719287982927e-19,0.0,39986.0,0.0,0.0,0
0.0005417160822746713,0.0006478747553291223,2001.0,782.0,2.304062245058632e-06,2.955020519130773e-20,0.0,39986.0,0.0,0.0,0
0.000541693156472281,0.0006478747553291223,2002.0,782.0,2.2811364426679955e-06,1.6991367985001946e-19,0.0,39986.0,0.0,0.0,0
0.0005416704587854353,0.0006478747553291223,2003.0,782.0,2.258438755822682e-06,5.0235348825223144e-20,0.0,39986.0,0.0,0.0,0
0.0005416479869443476,0.0006478747553291223,2004.0,782.0,2.2359669147349136e-06,1.2263335154392708e-19,0.0,39986.0,0.0,0.0,0
0.0005416257387018148,0.0006478747553291223,2005.0,782.0,2.213718672201914e-06,4.728032830609237e-19,0.0,39986.0,0.0,0.0,0
0.0005416257387018148,0.0006478747553291223,2005.0,782.0,2.213718672201914e-06,4.728032830609237e-19,0.0,39986.0,0.0,0.0,0
