{
  "T_cycle": 10,
  "X_target": 0.99,
  "Tdiff": 1865.025000002402,
  "Fo_diff": {
    "100.0": 0.053618584201215104,
    "300.0": 0.16085575260364532,
    "600.0": 0.32171150520729064,
    "1000.0": 0.536185842012151,
    "2000.0": 1.072371684024302,
    "3000.0": 1.6085575260364533
  },
  "Fo_visc": {
    "0.0001": 25.14735389656176,
    "0.001": 2.5147353896561757,
    "0.01": 0.2514735389656174,
    "0.1": 0.025147353896561746
  },
  "unique_D_count": 6,
  "unique_tau_count": 4,
  "loadD_levels_found": [
    0.2,
    0.25,
    0.3,
    0.35,
    0.4,
    0.45,
    0.5,
    0.55,
    0.6,
    0.65,
    0.7,
    0.8,
    0.9
  ]
}