{
  "T_cycle": 10,
  "X_target": 0.63,
  "Tdiff": 400.0249999999101,
  "Fo_diff": {
    "100.0": 0.24998437597655765,
    "300.0": 0.749953127929673,
    "600.0": 1.499906255859346,
    "1000.0": 2.4998437597655765,
    "2000.0": 4.999687519531153,
    "3000.0": 7.499531279296729
  },
  "Fo_visc": {
    "0.0001": 262.0320320430669,
    "0.001": 26.20320320430669,
    "0.01": 2.620320320430668,
    "0.1": 0.26203203204308595
  },
  "unique_D_count": 6,
  "unique_tau_count": 4,
  "loadD_levels_found": [
    0.2,
    0.25,
    0.3,
    0.35,
    0.4,
    0.45,
    0.5,
    0.55,
    0.6,
    0.65,
    0.7,
    0.8,
    0.9
  ]
}