{
  "T_cycle": 10,
  "X_target": 0.95,
  "Tdiff": 1485.0250000010196,
  "Fo_diff": {
    "100.0": 0.06733893368793882,
    "300.0": 0.20201680106381645,
    "600.0": 0.4040336021276329,
    "1000.0": 0.6733893368793882,
    "2000.0": 1.3467786737587764,
    "3000.0": 2.0201680106381645
  },
  "Fo_visc": {
    "0.0001": 42.245364539127536,
    "0.001": 4.224536453912753,
    "0.01": 0.42245364539134417,
    "0.1": 0.042245364539134425
  },
  "unique_D_count": 6,
  "unique_tau_count": 4,
  "loadD_levels_found": [
    0.2,
    0.25,
    0.3,
    0.35,
    0.4,
    0.45,
    0.5,
    0.55,
    0.6,
    0.65,
    0.7,
    0.8,
    0.9
  ]
}