Total_strain,Slip_strain,Time,Slip Count,Creep,Elastic,Hygroexp,Number_of_fibers,Load,Moisture,Broken
0.0,0.0,0.0,0.0,0.0,0.0,0.0,40000.0,0.0,0.0,0
0.0,0.0,5.0,0.0,0.0,0.0,0.0,40000.0,0.0,0.0,0
0.6297244015581125,0.00467022153070645,5.0,682.0,0.0,0.6251326291280124,0.0,39992.0,0.5645229958987487,0.0,0
0.6297244015581125,0.00467022153070645,5.0,682.0,0.0,0.6251326291280124,0.0,39992.0,0.5645229958987487,0.0,0
0.6583263584707956,0.005435083043082025,6.0,749.0,0.02783763559731903,0.6251638935755804,0.0,39990.0,0.5645229958987487,0.0,0
0.667732627828905,0.00576420279509451,7.0,776.0,0.03691478520341589,0.6251638935755804,0.0,39990.0,0.5645229958987487,0.0,0
0.6737277959393299,0.006029615198396854,8.0,798.0,0.04264563804976784,0.6251795269721039,0.0,39989.0,0.5645229958987487,0.0,0
0.6781651168791006,0.006153040303281604,9.0,808.0,0.046959533884653855,0.6251795269721038,0.0,39989.0,0.5645229958987487,0.0,0
0.681901323196195,0.006263970413358192,10.0,816.0,0.05058481009167164,0.625179526972104,0.0,39989.0,0.5645229958987487,0.0,0
0.6852556955995621,0.006398513291065341,11.0,827.0,0.053804639617331576,0.625179526972104,0.0,39989.0,0.5645229958987487,0.0,0
0.6882875523979861,0.006497757316591177,12.0,834.0,0.05673725239022974,0.6251795269721039,0.0,39989.0,0.5645229958987487,0.0,0
0.6911099057990017,0.006618494318179077,13.0,841.0,0.0594388687896574,0.6251795269721039,0.0,39989.0,0.5645229958987487,0.0,0
0.693691029234036,0.006696796325101322,14.0,847.0,0.0619416902177696,0.6251795269721041,0.0,39989.0,0.5645229958987487,0.0,0
0.696131756336627,0.006811223780961308,15.0,855.0,0.06426798986450065,0.6251795269721039,0.0,39989.0,0.5645229958987487,0.0,0
0.6983514767030385,0.006863533712623719,16.0,858.0,0.06643540029924966,0.6251795269721042,0.0,39989.0,0.5645229958987487,0.0,0
0.7005073235560887,0.006995828194745699,17.0,868.0,0.0684589526701778,0.6251795269721039,0.0,39989.0,0.5645229958987487,0.0,0
0.702478777210827,0.00707432257810465,18.0,875.0,0.0703519119415571,0.6251795269721041,0.0,39989.0,0.5645229958987487,0.0,0
0.7042759561614462,0.007097252345941265,19.0,877.0,0.07212616112433973,0.6251795269721039,0.0,39989.0,0.5645229958987487,0.0,0
0.7060563172909466,0.007211362332871706,20.0,886.0,0.07379241226690976,0.6251795269721041,0.0,39989.0,0.5645229958987487,0.0,0
0.7076733969580452,0.007260507179169192,21.0,890.0,0.07536034708771075,0.6251795269721041,0.0,39989.0,0.5645229958987487,0.0,0
0.7092171555157869,0.007325887096197558,22.0,897.0,0.07683872572842422,0.6251795269721039,0.0,39989.0,0.5645229958987487,0.0,0
0.7107289340910061,0.007440913046024495,23.0,904.0,0.07823547835381646,0.625179526972104,0.0,39989.0,0.5645229958987487,0.0,0
0.7121316025764923,0.00752127435333256,24.0,912.0,0.0795577855319946,0.625179526972104,0.0,39989.0,0.5645229958987487,0.0,0
0.7134157847280472,0.007551091991737377,25.0,916.0,0.08081215004514468,0.6251795269721039,0.0,39989.0,0.5645229958987487,0.0,0
0.7146616496372309,0.007604645417692623,26.0,919.0,0.0820044615283731,0.6251795269721041,0.0,39989.0,0.5645229958987487,0.0,0
0.715815118180912,0.007622520656451746,27.0,920.0,0.0831400548332952,0.6251795269721038,0.0,39989.0,0.5645229958987487,0.0,0
0.7168988261399349,0.007622520656451746,28.0,920.0,0.08422376279231795,0.6251795269721039,0.0,39989.0,0.5645229958987487,0.0,0
0.7179763569078452,0.007663850271242779,29.0,923.0,0.08525996394543726,0.6251795269721039,0.0,39989.0,0.5645229958987487,0.0,0
0.719031516274477,0.007726347863724993,30.0,927.0,0.08625262571958679,0.6251795269721041,0.0,39989.0,0.5645229958987487,0.0,0
0.7200022353855512,0.00774434919718391,31.0,928.0,0.08720534349720216,0.6251795269721039,0.0,39989.0,0.5645229958987487,0.0,0
0.7209362815207982,0.007762362863002819,32.0,929.0,0.0881213759666303,0.6251795269721039,0.0,39989.0,0.5645229958987487,0.0,0
0.7218907267138537,0.007834506913949416,33.0,933.0,0.08900367710873913,0.6251795269721038,0.0,39989.0,0.5645229958987487,0.0,0
0.7227780981870272,0.007870630355836928,34.0,935.0,0.08985492514002505,0.6251795269721039,0.0,39989.0,0.5645229958987487,0.0,0
0.7236007217489139,0.007870630355836928,35.0,935.0,0.09067754870191182,0.625179526972104,0.0,39989.0,0.5645229958987487,0.0,0
0.7244350764568938,0.00790878320740643,36.0,938.0,0.09147375055832219,0.6251795269721039,0.0,39989.0,0.5645229958987487,0.0,0
0.7252249775645785,0.007926905834767739,37.0,939.0,0.09224552903864561,0.6251795269721041,0.0,39989.0,0.5645229958987487,0.0,0
0.7259741459665869,0.007926905834767739,38.0,939.0,0.09299469744065403,0.6251795269721039,0.0,39989.0,0.5645229958987487,0.0,0
0.7267291853303967,0.007953741051732298,39.0,941.0,0.09372290158749921,0.6251795269721039,0.0,39989.0,0.5645229958987487,0.0,0
0.7274742813579764,0.007990102952362691,40.0,943.0,0.09443163571444854,0.6251795269721039,0.0,39989.0,0.5645229958987487,0.0,0
0.7281830986105602,0.008008299075093418,41.0,944.0,0.09512225684430156,0.6251795269721043,0.0,39989.0,0.5645229958987487,0.0,0
0.7288574452848722,0.008009174002752067,42.0,945.0,0.09579832051657569,0.6251951611505316,0.0,39988.0,0.5645229958987487,0.0,0
0.7295154674867371,0.008009174002752067,43.0,945.0,0.09645634271844075,0.6251951611505316,0.0,39988.0,0.5645229958987487,0.0,0
0.7301769774139156,0.00802742082015834,44.0,946.0,0.09709960582821298,0.6251951611505315,0.0,39988.0,0.5645229958987487,0.0,0
0.7308334013249278,0.008054399740187079,45.0,948.0,0.09772905081919636,0.6251951611505316,0.0,39988.0,0.5645229958987487,0.0,0
0.7314864347513039,0.008090961450355295,46.0,950.0,0.09834552253540427,0.6251951611505316,0.0,39988.0,0.5645229958987487,0.0,0
0.7320913063336932,0.008091841482532825,47.0,951.0,0.09895218758863275,0.6252107961109227,0.0,39987.0,0.5645229958987487,0.0,0
0.7327207382212514,0.008128472857968123,48.0,953.0,0.09954498810075552,0.6252107961109228,0.0,39987.0,0.5645229958987487,0.0,0
0.7333511044430012,0.008176924815906227,49.0,957.0,0.10012690236456742,0.6252107961109225,0.0,39987.0,0.5645229958987487,0.0,0
0.7339246913262092,0.008178887988538008,50.0,958.0,0.10069852607514349,0.6252107961109226,0.0,39987.0,0.5645229958987487,0.0,0
0.7345049158389741,0.00819724718772184,51.0,959.0,0.10126039138872459,0.6252107961109228,0.0,39987.0,0.5645229958987487,0.0,0
0.7350758895222834,0.008215628934511138,52.0,960.0,0.1018129833252446,0.6252107961109227,0.0,39987.0,0.5645229958987487,0.0,0
0.7356604196372529,0.00825639755888164,53.0,963.0,0.10235674481584367,0.6252107961109228,0.0,39987.0,0.5645229958987487,0.0,0
0.736232560923225,0.008293202773620948,54.0,965.0,0.1028920808870763,0.6252107961109228,0.0,39987.0,0.5645229958987487,0.0,0
0.7367782670969888,0.008311627527987102,55.0,966.0,0.10341936230647408,0.6252107961109225,0.0,39987.0,0.5645229958987487,0.0,0
0.7373218664991305,0.008335660406817682,56.0,968.0,0.1039389288297851,0.6252107961109228,0.0,39987.0,0.5645229958987487,0.0,0
0.7378541196967701,0.008355750313685352,57.0,970.0,0.10445109212055693,0.6252107961109228,0.0,39987.0,0.5645229958987487,0.0,0
0.7383591659615075,0.008355750313685352,58.0,970.0,0.10495613838529447,0.6252107961109228,0.0,39987.0,0.5645229958987487,0.0,0
0.7388661720735185,0.00836456405530198,59.0,971.0,0.10545433075568887,0.6252107961109225,0.0,39987.0,0.5645229958987487,0.0,0
0.7393577527614437,0.00836456405530198,60.0,971.0,0.10594591144361401,0.6252107961109227,0.0,39987.0,0.5645229958987487,0.0,0
0.7398887613859718,0.00841038043233265,61.0,974.0,0.10643110369111142,0.6252107961109228,0.0,39987.0,0.5645229958987487,0.0,0
0.7403677712299485,0.00841038043233265,62.0,974.0,0.10691011353508816,0.6252107961109225,0.0,39987.0,0.5645229958987487,0.0,0
0.7408407890992994,0.00841038043233265,63.0,974.0,0.10738313140443904,0.6252107961109228,0.0,39987.0,0.5645229958987487,0.0,0
0.741307991260425,0.00841038043233265,64.0,974.0,0.10785033356556464,0.6252107961109226,0.0,39987.0,0.5645229958987487,0.0,0
0.7417880879792849,0.008428927286037856,65.0,975.0,0.10831188343071933,0.6252107961109227,0.0,39987.0,0.5645229958987487,0.0,0
0.7422497701687457,0.00843456016397397,66.0,976.0,0.10876793274224407,0.6252107961109226,0.0,39987.0,0.5645229958987487,0.0,0
0.7427190317627352,0.008453131855716875,67.0,977.0,0.10921862264449067,0.6252107961109227,0.0,39987.0,0.5645229958987487,0.0,0
0.7431644937723683,0.008453131855716875,68.0,977.0,0.10966408465412375,0.6252107961109226,0.0,39987.0,0.5645229958987487,0.0,0
0.7436234427897249,0.008471723988730978,69.0,978.0,0.11010444153846621,0.6252107961109228,0.0,39987.0,0.5645229958987487,0.0,0
0.7440774082618056,0.008490322888642461,70.0,979.0,0.11053980811063548,0.6252107961109227,0.0,39987.0,0.5645229958987487,0.0,0
0.7445305464422466,0.008512977230333443,71.0,981.0,0.11097029194938542,0.6252107961109225,0.0,39987.0,0.5645229958987487,0.0,0
0.7449773200412211,0.008534048727877257,72.0,983.0,0.11139599405081617,0.6252107961109225,0.0,39987.0,0.5645229958987487,0.0,0
0.7453983354088346,0.008534048727877257,73.0,983.0,0.11181700941842963,0.6252107961109225,0.0,39987.0,0.5645229958987487,0.0,0
0.7458147535878018,0.008534048727877257,74.0,983.0,0.11223342759739689,0.6252107961109226,0.0,39987.0,0.5645229958987487,0.0,0
0.746245317855053,0.00855270743418427,75.0,984.0,0.11264533315834101,0.6252107961109225,0.0,39987.0,0.5645229958987487,0.0,0
0.7466714621753866,0.008571378777422409,76.0,985.0,0.11305280613543649,0.6252107961109225,0.0,39987.0,0.5645229958987487,0.0,0
0.7471021680398807,0.0085989683541835,77.0,987.0,0.11345592242316953,0.6252107961109226,0.0,39987.0,0.5645229958987487,0.0,0
0.7475196896333951,0.008617658235178651,78.0,988.0,0.11385475413568867,0.6252107961109227,0.0,39987.0,0.5645229958987487,0.0,0
0.7479163054885818,0.00861965829375054,79.0,989.0,0.11424936993230363,0.6252107961109223,0.0,39987.0,0.5645229958987487,0.0,0
0.7483498684620524,0.008662755887175978,80.0,992.0,0.11463983531234878,0.6252107961109227,0.0,39987.0,0.5645229958987487,0.0,0
0.7487362460320288,0.008662755887175978,81.0,992.0,0.11502621288232505,0.6252107961109227,0.0,39987.0,0.5645229958987487,0.0,0
0.749137325657066,0.00868148579658561,82.0,993.0,0.11540856259795275,0.6252107961109227,0.0,39987.0,0.5645229958987487,0.0,0
0.7495208103522188,0.008686591106169423,83.0,995.0,0.11578694198352164,0.6252107961109228,0.0,39987.0,0.5645229958987487,0.0,0
0.7499572035846429,0.008748519991421039,84.0,999.0,0.11616140633069429,0.6252107961109226,0.0,39987.0,0.5645229958987487,0.0,0
0.7503278061326633,0.008748519991421039,85.0,999.0,0.11653200887871445,0.6252107961109228,0.0,39987.0,0.5645229958987487,0.0,0
0.7507002953739197,0.008754217133603644,86.0,1000.0,0.11689880097778844,0.6252107961109227,0.0,39987.0,0.5645229958987487,0.0,0
0.7510821079942689,0.008772998494506452,87.0,1001.0,0.11726183223723471,0.6252107961109228,0.0,39987.0,0.5645229958987487,0.0,0
0.7514602182462926,0.008791790323913343,88.0,1002.0,0.11762115065985153,0.6252107961109226,0.0,39987.0,0.5645229958987487,0.0,0
0.7518436407640615,0.008819560737726032,89.0,1004.0,0.11797680276380786,0.6252107961109227,0.0,39987.0,0.5645229958987487,0.0,0
0.7522144748805406,0.00883836392476857,90.0,1005.0,0.11832883369324441,0.6252107961109226,0.0,39987.0,0.5645229958987487,0.0,0
0.7525800600789292,0.008855495497748053,91.0,1008.0,0.11867728731865355,0.6252107961109225,0.0,39987.0,0.5645229958987487,0.0,0
0.7529438032756506,0.008874319685112708,92.0,1009.0,0.11902220632801022,0.6252107961109225,0.0,39987.0,0.5645229958987487,0.0,0
0.7532942204793996,0.008883310907342666,93.0,1010.0,0.11936363230952927,0.6252107961109228,0.0,39987.0,0.5645229958987487,0.0,0
0.7536321939967139,0.008883310907342666,94.0,1010.0,0.11970160582684354,0.6252107961109225,0.0,39987.0,0.5645229958987487,0.0,0
0.7539667546571918,0.008883310907342666,95.0,1010.0,0.12003616648732145,0.6252107961109228,0.0,39987.0,0.5645229958987487,0.0,0
0.7543258031737002,0.0089111729069992,96.0,1012.0,0.12036735300417344,0.6252107961109225,0.0,39987.0,0.5645229958987487,0.0,0
0.754685622525463,0.008943142009999403,97.0,1015.0,0.12069520325293594,0.6252107961109227,0.0,39987.0,0.5645229958987487,0.0,0
0.7550290517207783,0.008962020135385782,98.0,1016.0,0.12101975432286473,0.6252107961109226,0.0,39987.0,0.5645229958987487,0.0,0
0.7553881148950314,0.008999795068784715,99.0,1018.0,0.12134104256371901,0.6252107961109228,0.0,39987.0,0.5645229958987487,0.0,0
0.7557250693867259,0.009018688495825053,100.0,1019.0,0.1216591036283731,0.6252107961109228,0.0,39987.0,0.5645229958987487,0.0,0
0.756058837556929,0.009037587782752718,101.0,1020.0,0.12197397251164857,0.6252107961109227,0.0,39987.0,0.5645229958987487,0.0,0
0.7563894638407376,0.009056502992484507,102.0,1021.0,0.12228568358572531,0.6252107961109227,0.0,39987.0,0.5645229958987487,0.0,0
0.7566980508874649,0.009056502992484507,103.0,1021.0,0.12259427063245273,0.6252107961109226,0.0,39987.0,0.5645229958987487,0.0,0
0.7570224726576754,0.00907542852229313,104.0,1022.0,0.12289976687285463,0.6252107961109227,0.0,39987.0,0.5645229958987487,0.0,0
0.7573685241480648,0.009119041891445573,105.0,1025.0,0.1232022049940915,0.6252107961109226,0.0,39987.0,0.5645229958987487,0.0,0
0.7576959219130063,0.00914702747635798,106.0,1027.0,0.12350161717412068,0.6252107961109223,0.0,39987.0,0.5645229958987487,0.0,0
0.7579923398431536,0.00914702747635798,107.0,1027.0,0.12379803510426794,0.6252107961109227,0.0,39987.0,0.5645229958987487,0.0,0
0.7582857947487966,0.00914702747635798,108.0,1027.0,0.12409149000991096,0.6252107961109227,0.0,39987.0,0.5645229958987487,0.0,0
0.7586142535676937,0.009184963635718104,109.0,1029.0,0.1243820126694479,0.6252107961109227,0.0,39987.0,0.5645229958987487,0.0,0
0.7589018743299595,0.009184963635718104,110.0,1029.0,0.1246696334317137,0.6252107961109226,0.0,39987.0,0.5645229958987487,0.0,0
0.7591866231302357,0.009184963635718104,111.0,1029.0,0.12495438223198976,0.6252107961109227,0.0,39987.0,0.5645229958987487,0.0,0
0.759474294307321,0.009190728438057067,112.0,1030.0,0.12523628860673633,0.6252107961109225,0.0,39987.0,0.5645229958987487,0.0,0
0.7597533874077531,0.009190728438057067,113.0,1030.0,0.12551538170716836,0.6252107961109227,0.0,39987.0,0.5645229958987487,0.0,0
0.7600387662932062,0.009199798718895766,114.0,1031.0,0.12579169031178267,0.6252107961109228,0.0,39987.0,0.5645229958987487,0.0,0
0.7603304671226531,0.009217947022193454,115.0,1033.0,0.12606524283793194,0.6252107961109226,0.0,39987.0,0.5645229958987487,0.0,0
0.7606418222731149,0.009258477658051083,116.0,1036.0,0.12633606735253622,0.6252107961109227,0.0,39987.0,0.5645229958987487,0.0,0
0.7609140751192678,0.00926260627473033,117.0,1037.0,0.12660419158200978,0.6252107961109225,0.0,39987.0,0.5645229958987487,0.0,0
0.7611795264587343,0.00926260627473033,118.0,1037.0,0.12686964292147623,0.6252107961109228,0.0,39987.0,0.5645229958987487,0.0,0
0.7614514189864774,0.009271693280611708,119.0,1038.0,0.12713244844333801,0.6252107961109228,0.0,39987.0,0.5645229958987487,0.0,0
0.7617116054483977,0.009271693280611708,120.0,1038.0,0.12739263490525823,0.6252107961109226,0.0,39987.0,0.5645229958987487,0.0,0
0.7619882504765375,0.009290744456399783,121.0,1039.0,0.12765022875761006,0.6252107961109226,0.0,39987.0,0.5645229958987487,0.0,0
0.7622623372957485,0.009309803882781516,122.0,1040.0,0.12790525615043932,0.6252107961109227,0.0,39987.0,0.5645229958987487,0.0,0
0.7625148240852976,0.009309803882781516,123.0,1040.0,0.12815774293998833,0.6252107961109228,0.0,39987.0,0.5645229958987487,0.0,0
0.7627647958401259,0.009309803882781516,124.0,1040.0,0.12840771469481663,0.6252107961109227,0.0,39987.0,0.5645229958987487,0.0,0
0.763013975699755,0.009311501735669428,125.0,1041.0,0.12865519670155795,0.6252107961109227,0.0,39987.0,0.5645229958987487,0.0,0
0.7632589929685399,0.009311501735669428,126.0,1041.0,0.1289002139703428,0.6252107961109227,0.0,39987.0,0.5645229958987487,0.0,0
0.7635015702381173,0.009311501735669428,127.0,1041.0,0.12914279123992015,0.6252107961109226,0.0,39987.0,0.5645229958987487,0.0,0
0.7637417319806974,0.009311501735669428,128.0,1041.0,0.12938295298250033,0.6252107961109225,0.0,39987.0,0.5645229958987487,0.0,0
0.7639795024065448,0.009311501735669428,129.0,1041.0,0.12962072340834763,0.6252107961109228,0.0,39987.0,0.5645229958987487,0.0,0
0.7642149054683388,0.009311501735669428,130.0,1041.0,0.12985612647014172,0.6252107961109227,0.0,39987.0,0.5645229958987487,0.0,0
0.7644479648653253,0.009311501735669428,131.0,1041.0,0.13008918586712825,0.6252107961109227,0.0,39987.0,0.5645229958987487,0.0,0
0.7646787040472757,0.009311501735669428,132.0,1041.0,0.1303199250490786,0.6252107961109227,0.0,39987.0,0.5645229958987487,0.0,0
0.7649262735037627,0.009330629021163807,133.0,1042.0,0.13054836722007132,0.6252107961109226,0.0,39987.0,0.5645229958987487,0.0,0
0.7651715716572206,0.009349759052579032,134.0,1043.0,0.13077453534211392,0.6252107961109226,0.0,39987.0,0.5645229958987487,0.0,0
0.7653975359825883,0.009351806581444277,135.0,1044.0,0.13099845213861627,0.6252107961109227,0.0,39987.0,0.5645229958987487,0.0,0
0.765628362278236,0.009360944917980915,136.0,1045.0,0.13122014009772748,0.6252107961109226,0.0,39987.0,0.5645229958987487,0.0,0
0.7658478436560572,0.009360944917980915,137.0,1045.0,0.1314396214755485,0.6252107961109227,0.0,39987.0,0.5645229958987487,0.0,0
0.7660651404797382,0.009360944917980915,138.0,1045.0,0.13165691829922965,0.6252107961109227,0.0,39987.0,0.5645229958987487,0.0,0
0.7662994368099958,0.00938010717750555,139.0,1046.0,0.1318720523699625,0.6252107961109228,0.0,39987.0,0.5645229958987487,0.0,0
0.766512429705907,0.00938010717750555,140.0,1046.0,0.13208504526587378,0.6252107961109228,0.0,39987.0,0.5645229958987487,0.0,0
0.7667233027848623,0.00938010717750555,141.0,1046.0,0.1322959183448291,0.6252107961109227,0.0,39987.0,0.5645229958987487,0.0,0
0.7669512535709915,0.009399283561310564,142.0,1047.0,0.13250469274715318,0.6252107961109228,0.0,39987.0,0.5645229958987487,0.0,0
0.7671579502221111,0.009399283561310564,143.0,1047.0,0.13271138939827282,0.6252107961109227,0.0,39987.0,0.5645229958987487,0.0,0
0.7673817797460829,0.009418473472267042,144.0,1048.0,0.1329160290112882,0.6252107961109228,0.0,39987.0,0.5645229958987487,0.0,0
0.7675843828242714,0.009418473472267042,145.0,1048.0,0.13311863208947675,0.6252107961109227,0.0,39987.0,0.5645229958987487,0.0,0
0.7678325323273489,0.009466036136085603,146.0,1051.0,0.1333192189287357,0.6252107961109227,0.0,39987.0,0.5645229958987487,0.0,0
0.768031123018579,0.009466036136085603,147.0,1051.0,0.1335178096199657,0.6252107961109225,0.0,39987.0,0.5645229958987487,0.0,0
0.7682469488376565,0.009485247523727503,148.0,1052.0,0.1337144240514014,0.6252107961109223,0.0,39987.0,0.5645229958987487,0.0,0
0.7684447844009432,0.009488425227525627,149.0,1053.0,0.13390908191088996,0.6252107961109227,0.0,39987.0,0.5645229958987487,0.0,0
0.7686375051781759,0.009488425227525627,150.0,1053.0,0.13410180268812247,0.6252107961109229,0.0,39987.0,0.5645229958987487,0.0,0
0.7688567069925079,0.009516824053159283,151.0,1055.0,0.13429260567682083,0.6252107961109226,0.0,39987.0,0.5645229958987487,0.0,0
0.7690606255511288,0.009531838311718882,152.0,1057.0,0.13448150997688224,0.6252107961109227,0.0,39987.0,0.5645229958987487,0.0,0
0.769266885713336,0.009551073954325058,153.0,1058.0,0.13466853449648328,0.6252107961109228,0.0,39987.0,0.5645229958987487,0.0,0
0.769452049171,0.009551073954325058,154.0,1058.0,0.13485369795414726,0.6252107961109225,0.0,39987.0,0.5645229958987487,0.0,0
0.769635370097628,0.009551073954325058,155.0,1058.0,0.13503701888077527,0.6252107961109227,0.0,39987.0,0.5645229958987487,0.0,0
0.7698746201184389,0.009608827234268131,156.0,1061.0,0.13521851562164303,0.6252107961109228,0.0,39987.0,0.5645229958987487,0.0,0
0.7700543108351622,0.009608827234268131,157.0,1061.0,0.13539820633836638,0.6252107961109228,0.0,39987.0,0.5645229958987487,0.0,0
0.770232213507631,0.009608827234268131,158.0,1061.0,0.13557610901083525,0.6252107961109227,0.0,39987.0,0.5645229958987487,0.0,0
0.770408345935914,0.009608827234268131,159.0,1061.0,0.13575224143911818,0.6252107961109227,0.0,39987.0,0.5645229958987487,0.0,0
0.7706078434900351,0.009633944982167807,160.0,1063.0,0.13592662124533958,0.6252107961109228,0.0,39987.0,0.5645229958987487,0.0,0
0.770781936533636,0.009635393395579738,161.0,1064.0,0.13609926587552867,0.6252107961109225,0.0,39987.0,0.5645229958987487,0.0,0
0.7709528632595509,0.009635393395579738,162.0,1064.0,0.13627019260144352,0.6252107961109228,0.0,39987.0,0.5645229958987487,0.0,0
0.7711220891804773,0.009635393395579738,163.0,1064.0,0.13643941852236996,0.6252107961109225,0.0,39987.0,0.5645229958987487,0.0,0
0.7712896312250036,0.009635393395579738,164.0,1064.0,0.1366069605668961,0.6252107961109225,0.0,39987.0,0.5645229958987487,0.0,0
0.7714555061527713,0.009635393395579738,165.0,1064.0,0.13677283549466385,0.6252107961109225,0.0,39987.0,0.5645229958987487,0.0,0
0.7716197305562053,0.009635393395579738,166.0,1064.0,0.1369370598980978,0.6252107961109227,0.0,39987.0,0.5645229958987487,0.0,0
0.77178232086222,0.009635393395579738,167.0,1064.0,0.13709965020411258,0.6252107961109227,0.0,39987.0,0.5645229958987487,0.0,0
0.7719432933339064,0.009635393395579738,168.0,1064.0,0.13726062267579905,0.6252107961109227,0.0,39987.0,0.5645229958987487,0.0,0
0.7721085247621884,0.009641254085571085,169.0,1065.0,0.1374199934140896,0.6252107961109228,0.0,39987.0,0.5645229958987487,0.0,0
0.772304932176907,0.009679876554974974,170.0,1067.0,0.13757777835940438,0.6252107961109226,0.0,39987.0,0.5645229958987487,0.0,0
0.7724997785776323,0.009718508021827985,171.0,1069.0,0.1377339932932767,0.6252107961109228,0.0,39987.0,0.5645229958987487,0.0,0
0.772660303197991,0.00972437209550222,172.0,1070.0,0.13788865383996105,0.6252107961109228,0.0,39987.0,0.5645229958987487,0.0,0
0.7728134248260513,0.00972437209550222,173.0,1070.0,0.13804177546802132,0.6252107961109228,0.0,39987.0,0.5645229958987487,0.0,0
0.7729650228499318,0.00972437209550222,174.0,1070.0,0.13819337349190194,0.6252107961109225,0.0,39987.0,0.5645229958987487,0.0,0
0.7731151124315104,0.00972437209550222,175.0,1070.0,0.13834346307348053,0.6252107961109227,0.0,39987.0,0.5645229958987487,0.0,0
0.7732872424651204,0.009747905978988877,176.0,1072.0,0.1384920592236038,0.6252107961109227,0.0,39987.0,0.5645229958987487,0.0,0
0.7734343600451229,0.009747905978988877,177.0,1072.0,0.13863917680360635,0.6252107961109228,0.0,39987.0,0.5645229958987487,0.0,0
0.7735800137683291,0.009747905978988877,178.0,1072.0,0.13878483052681254,0.6252107961109225,0.0,39987.0,0.5645229958987487,0.0,0
0.773724218201539,0.009747905978988877,179.0,1072.0,0.13892903496002235,0.6252107961109227,0.0,39987.0,0.5645229958987487,0.0,0
0.7738669877664982,0.009747905978988877,180.0,1072.0,0.13907180452498166,0.6252107961109228,0.0,39987.0,0.5645229958987487,0.0,0
0.7740083367413518,0.009747905978988877,181.0,1072.0,0.1392131534998352,0.6252107961109227,0.0,39987.0,0.5645229958987487,0.0,0
0.7741676373286712,0.009767264045577208,182.0,1073.0,0.1393530960205664,0.6252107961109227,0.0,39987.0,0.5645229958987487,0.0,0
0.7743061873905244,0.009767264045577208,183.0,1073.0,0.13949164608241937,0.6252107961109227,0.0,39987.0,0.5645229958987487,0.0,0
0.7744627230010692,0.009786628197233081,184.0,1074.0,0.13962881754130835,0.6252107961109228,0.0,39987.0,0.5645229958987487,0.0,0
0.7745985295749712,0.009786628197233081,185.0,1074.0,0.13976462411521043,0.6252107961109228,0.0,39987.0,0.5645229958987487,0.0,0
0.7747329848453057,0.009786628197233081,186.0,1074.0,0.139899079385545,0.6252107961109227,0.0,39987.0,0.5645229958987487,0.0,0
0.7748661022582989,0.009786628197233081,187.0,1074.0,0.140032196798538,0.6252107961109227,0.0,39987.0,0.5645229958987487,0.0,0
0.7749978951263337,0.009786628197233081,188.0,1074.0,0.14016398966657287,0.6252107961109227,0.0,39987.0,0.5645229958987487,0.0,0
0.7751283766292879,0.009786628197233081,189.0,1074.0,0.14029447116952706,0.6252107961109228,0.0,39987.0,0.5645229958987487,0.0,0
0.7752575598158549,0.009786628197233081,190.0,1074.0,0.14042365435609422,0.6252107961109226,0.0,39987.0,0.5645229958987487,0.0,0
0.7753854576048549,0.009786628197233081,191.0,1074.0,0.14055155214509413,0.6252107961109227,0.0,39987.0,0.5645229958987487,0.0,0
0.7755120827865293,0.009786628197233081,192.0,1074.0,0.14067817732676852,0.6252107961109226,0.0,39987.0,0.5645229958987487,0.0,0
0.7756374480238238,0.009786628197233081,193.0,1074.0,0.14080354256406297,0.6252107961109228,0.0,39987.0,0.5645229958987487,0.0,0
0.7757615658536583,0.009786628197233081,194.0,1074.0,0.1409276603938975,0.6252107961109227,0.0,39987.0,0.5645229958987487,0.0,0
0.7758903373004181,0.009792516809468436,195.0,1075.0,0.14105054322842198,0.6252107961109228,0.0,39987.0,0.5645229958987487,0.0,0
0.7760212599505301,0.009801779331741192,196.0,1076.0,0.14117220335626113,0.6252107961109228,0.0,39987.0,0.5645229958987487,0.0,0
0.7761417095380139,0.009801779331741192,197.0,1076.0,0.14129265294374502,0.6252107961109228,0.0,39987.0,0.5645229958987487,0.0,0
0.7762609606303971,0.009801779331741192,198.0,1076.0,0.14141190403612816,0.6252107961109227,0.0,39987.0,0.5645229958987487,0.0,0
0.7763790251530648,0.009801779331741192,199.0,1076.0,0.14152996855879588,0.6252107961109227,0.0,39987.0,0.5645229958987487,0.0,0
0.7764959149127277,0.009801779331741192,200.0,1076.0,0.1416468583184589,0.6252107961109225,0.0,39987.0,0.5645229958987487,0.0,0
0.7766116415986043,0.009801779331741192,201.0,1076.0,0.14176258500433533,0.6252107961109228,0.0,39987.0,0.5645229958987487,0.0,0
0.7767262167835902,0.009801779331741192,202.0,1076.0,0.14187716018932134,0.6252107961109228,0.0,39987.0,0.5645229958987487,0.0,0
0.7768590773586448,0.009821204764967917,203.0,1077.0,0.14199059533114913,0.6252107961109228,0.0,39987.0,0.5645229958987487,0.0,0
0.7769772814661488,0.009827102430086106,204.0,1078.0,0.14210290177353485,0.6252107961109228,0.0,39987.0,0.5645229958987487,0.0,0
0.7771079036034075,0.009846535593566534,205.0,1079.0,0.14221409074731325,0.6252107961109228,0.0,39987.0,0.5645229958987487,0.0,0
0.7772179862276566,0.009846535593566534,206.0,1079.0,0.14232417337156233,0.6252107961109225,0.0,39987.0,0.5645229958987487,0.0,0
0.7773269735108097,0.009846535593566534,207.0,1079.0,0.1424331606547155,0.6252107961109225,0.0,39987.0,0.5645229958987487,0.0,0
0.7774348763517581,0.009846535593566534,208.0,1079.0,0.1425410634956639,0.6252107961109228,0.0,39987.0,0.5645229958987487,0.0,0
0.7775417055409407,0.009846535593566534,209.0,1079.0,0.14264789268484654,0.6252107961109225,0.0,39987.0,0.5645229958987487,0.0,0
0.7776474717614245,0.009846535593566534,210.0,1079.0,0.1427536589053302,0.6252107961109228,0.0,39987.0,0.5645229958987487,0.0,0
0.7777521855899726,0.009846535593566534,211.0,1079.0,0.14285837273387839,0.6252107961109228,0.0,39987.0,0.5645229958987487,0.0,0
0.7778575885958778,0.009848266691340701,212.0,1080.0,0.14296204464200937,0.6252107961109225,0.0,39987.0,0.5645229958987487,0.0,0
0.7779602289509124,0.009848266691340701,213.0,1080.0,0.14306468499704397,0.6252107961109228,0.0,39987.0,0.5645229958987487,0.0,0
0.7780618480170111,0.009848266691340701,214.0,1080.0,0.14316630406314265,0.6252107961109228,0.0,39987.0,0.5645229958987487,0.0,0
0.7781624559562007,0.009848266691340701,215.0,1080.0,0.14326691200233238,0.6252107961109226,0.0,39987.0,0.5645229958987487,0.0,0
0.7782620628293916,0.009848266691340701,216.0,1080.0,0.1433665188755232,0.6252107961109227,0.0,39987.0,0.5645229958987487,0.0,0
0.7783606785973831,0.009848266691340701,217.0,1080.0,0.14346513464351476,0.6252107961109228,0.0,39987.0,0.5645229958987487,0.0,0
0.7784676039082621,0.00985755747774189,218.0,1081.0,0.14356276916799243,0.6252107961109228,0.0,39987.0,0.5645229958987487,0.0,0
0.7785642669527835,0.00985755747774189,219.0,1081.0,0.14365943221251393,0.6252107961109228,0.0,39987.0,0.5645229958987487,0.0,0
0.7786599681837555,0.00985755747774189,220.0,1081.0,0.14375513344348592,0.6252107961109227,0.0,39987.0,0.5645229958987487,0.0,0
0.7787741910156275,0.009877031321969034,221.0,1082.0,0.14384988243113084,0.6252107961109227,0.0,39987.0,0.5645229958987487,0.0,0
0.7788679972349409,0.009877031321969034,222.0,1082.0,0.14394368865044416,0.6252107961109226,0.0,39987.0,0.5645229958987487,0.0,0
0.7789608700666387,0.009877031321969034,223.0,1082.0,0.14403656148214203,0.6252107961109225,0.0,39987.0,0.5645229958987487,0.0,0
0.7790528187980962,0.009877031321969034,224.0,1082.0,0.1441285102135995,0.6252107961109228,0.0,39987.0,0.5645229958987487,0.0,0
0.7791438526242761,0.009877031321969034,225.0,1082.0,0.14421954403977943,0.6252107961109226,0.0,39987.0,0.5645229958987487,0.0,0
0.7792339806486491,0.009877031321969034,226.0,1082.0,0.14430967206415238,0.6252107961109228,0.0,39987.0,0.5645229958987487,0.0,0
0.7793427007608208,0.009896520198686696,227.0,1083.0,0.14439890329960633,0.6252107961109228,0.0,39987.0,0.5645229958987487,0.0,0
0.7794310441305635,0.009896520198686696,228.0,1083.0,0.1444872466693491,0.6252107961109227,0.0,39987.0,0.5645229958987487,0.0,0
0.7795185084690146,0.009896520198686696,229.0,1083.0,0.14457471100780017,0.6252107961109228,0.0,39987.0,0.5645229958987487,0.0,0
0.7796051025226884,0.009896520198686696,230.0,1083.0,0.14466130506147404,0.6252107961109227,0.0,39987.0,0.5645229958987487,0.0,0
0.77969083495107,0.009896520198686696,231.0,1083.0,0.14474703748985554,0.6252107961109228,0.0,39987.0,0.5645229958987487,0.0,0
0.7797757143274799,0.009896520198686696,232.0,1083.0,0.14483191686626556,0.6252107961109227,0.0,39987.0,0.5645229958987487,0.0,0
0.7798597491399327,0.009896520198686696,233.0,1083.0,0.14491595167871832,0.6252107961109227,0.0,39987.0,0.5645229958987487,0.0,0
0.7799429477919847,0.009896520198686696,234.0,1083.0,0.1449991503307703,0.6252107961109228,0.0,39987.0,0.5645229958987487,0.0,0
0.7800253186035754,0.009896520198686696,235.0,1083.0,0.145081521142361,0.6252107961109227,0.0,39987.0,0.5645229958987487,0.0,0
0.780106869811859,0.009896520198686696,236.0,1083.0,0.14516307235064455,0.6252107961109228,0.0,39987.0,0.5645229958987487,0.0,0
0.7802266296633774,0.00993554029003597,237.0,1085.0,0.14524381211081372,0.6252107961109228,0.0,39987.0,0.5645229958987487,0.0,0
0.780306566049479,0.00993554029003597,238.0,1085.0,0.14532374849691537,0.6252107961109228,0.0,39987.0,0.5645229958987487,0.0,0
0.7803857070552216,0.00993554029003597,239.0,1085.0,0.1454028895026579,0.6252107961109227,0.0,39987.0,0.5645229958987487,0.0,0
0.7804640605947746,0.00993554029003597,240.0,1085.0,0.14548124304221094,0.6252107961109228,0.0,39987.0,0.5645229958987487,0.0,0
0.7805611541114102,0.009955059897886193,241.0,1086.0,0.14555881695099623,0.6252107961109227,0.0,39987.0,0.5645229958987487,0.0,0
0.7806379561468857,0.009955059897886193,242.0,1086.0,0.14563561898647182,0.6252107961109228,0.0,39987.0,0.5645229958987487,0.0,0
0.7807139939893212,0.009955059897886193,243.0,1086.0,0.1457116568289073,0.6252107961109229,0.0,39987.0,0.5645229958987487,0.0,0
0.7807892752425662,0.009955059897886193,244.0,1086.0,0.14578693808215226,0.6252107961109228,0.0,39987.0,0.5645229958987487,0.0,0
0.780883333886004,0.00997458634907967,245.0,1087.0,0.14586147027439658,0.6252107961109227,0.0,39987.0,0.5645229958987487,0.0,0
0.7809571244705307,0.00997458634907967,246.0,1087.0,0.1459352608589233,0.6252107961109227,0.0,39987.0,0.5645229958987487,0.0,0
0.7810301808264609,0.00997458634907967,247.0,1087.0,0.1460083172148536,0.6252107961109223,0.0,39987.0,0.5645229958987487,0.0,0
0.7811025102594928,0.00997458634907967,248.0,1087.0,0.1460806466478855,0.6252107961109223,0.0,39987.0,0.5645229958987487,0.0,0
0.781174120002631,0.00997458634907967,249.0,1087.0,0.1461522563910236,0.6252107961109225,0.0,39987.0,0.5645229958987487,0.0,0
0.7812450172169104,0.00997458634907967,250.0,1087.0,0.14622315360530302,0.6252107961109228,0.0,39987.0,0.5645229958987487,0.0,0
0.7813152089921127,0.00997458634907967,251.0,1087.0,0.14629334538050534,0.6252107961109228,0.0,39987.0,0.5645229958987487,0.0,0
0.7814042419626843,0.009994125964289472,252.0,1088.0,0.1463628387358672,0.6252107961109226,0.0,39987.0,0.5645229958987487,0.0,0
0.7814730438476003,0.009994125964289472,253.0,1088.0,0.14643164062078315,0.6252107961109226,0.0,39987.0,0.5645229958987487,0.0,0
0.7815607059306132,0.010013670752585952,254.0,1089.0,0.14649975791549957,0.6252107961109228,0.0,39987.0,0.5645229958987487,0.0,0
0.7816281454469169,0.010013670752585952,255.0,1089.0,0.14656719743180333,0.6252107961109226,0.0,39987.0,0.5645229958987487,0.0,0
0.7816949139288165,0.010013670752585952,256.0,1089.0,0.14663396591370295,0.6252107961109228,0.0,39987.0,0.5645229958987487,0.0,0
0.7817610180532164,0.010013670752585952,257.0,1089.0,0.14670007003810273,0.6252107961109225,0.0,39987.0,0.5645229958987487,0.0,0
0.7818264644305845,0.010013670752585952,258.0,1089.0,0.14676551641547078,0.6252107961109226,0.0,39987.0,0.5645229958987487,0.0,0
0.7818912596056133,0.010013670752585952,259.0,1089.0,0.1468303115904996,0.6252107961109227,0.0,39987.0,0.5645229958987487,0.0,0
0.7819554100578749,0.010013670752585952,260.0,1089.0,0.14689446204276133,0.6252107961109227,0.0,39987.0,0.5645229958987487,0.0,0
0.7820189222024686,0.010013670752585952,261.0,1089.0,0.14695797418735493,0.6252107961109227,0.0,39987.0,0.5645229958987487,0.0,0
0.7820818023906615,0.010013670752585952,262.0,1089.0,0.14702085437554793,0.6252107961109227,0.0,39987.0,0.5645229958987487,0.0,0
0.7821440569105257,0.010013670752585952,263.0,1089.0,0.1470831088954121,0.6252107961109225,0.0,39987.0,0.5645229958987487,0.0,0
0.7822056919875651,0.010013670752585952,264.0,1089.0,0.14714474397245145,0.6252107961109226,0.0,39987.0,0.5645229958987487,0.0,0
0.7822684546139257,0.010015411581172739,265.0,1090.0,0.14720576577022532,0.6252107961109225,0.0,39987.0,0.5645229958987487,0.0,0
0.7823484325014461,0.010034974847953926,266.0,1091.0,0.14726618039096454,0.6252107961109227,0.0,39987.0,0.5645229958987487,0.0,0
0.7824299054258742,0.010056634287164747,267.0,1093.0,0.14732599387618173,0.6252107961109228,0.0,39987.0,0.5645229958987487,0.0,0
0.7824891237569679,0.010056634287164747,268.0,1093.0,0.14738521220727538,0.6252107961109229,0.0,39987.0,0.5645229958987487,0.0,0
0.7825477528558208,0.010056634287164747,269.0,1093.0,0.1474438413061283,0.6252107961109227,0.0,39987.0,0.5645229958987487,0.0,0
0.7826057985853916,0.010056634287164747,270.0,1093.0,0.1475018870356991,0.6252107961109228,0.0,39987.0,0.5645229958987487,0.0,0
0.782663266750302,0.010056634287164747,271.0,1093.0,0.14755935520060948,0.6252107961109225,0.0,39987.0,0.5645229958987487,0.0,0
0.7827397362706219,0.010076207460370365,272.0,1094.0,0.1476162515477238,0.6252107961109227,0.0,39987.0,0.5645229958987487,0.0,0
0.7827960664896224,0.010076207460370365,273.0,1094.0,0.14767258176672435,0.6252107961109228,0.0,39987.0,0.5645229958987487,0.0,0
0.7828714137369241,0.01009578498371637,274.0,1095.0,0.1477283514906801,0.6252107961109226,0.0,39987.0,0.5645229958987487,0.0,0
0.782926628542854,0.01009578498371637,275.0,1095.0,0.1477835662966099,0.6252107961109226,0.0,39987.0,0.5645229958987487,0.0,0
0.7829812939522847,0.01009578498371637,276.0,1095.0,0.14783823170604052,0.6252107961109228,0.0,39987.0,0.5645229958987487,0.0,0
0.7830354154318024,0.01009578498371637,277.0,1095.0,0.1478923531855586,0.6252107961109227,0.0,39987.0,0.5645229958987487,0.0,0
0.783088998393601,0.01009578498371637,278.0,1095.0,0.14794593614735702,0.6252107961109225,0.0,39987.0,0.5645229958987487,0.0,0
0.783142048196021,0.01009578498371637,279.0,1095.0,0.1479989859497769,0.6252107961109228,0.0,39987.0,0.5645229958987487,0.0,0
0.7831945701440867,0.01009578498371637,280.0,1095.0,0.14805150789784258,0.6252107961109228,0.0,39987.0,0.5645229958987487,0.0,0
0.783246569490037,0.01009578498371637,281.0,1095.0,0.14810350724379293,0.6252107961109228,0.0,39987.0,0.5645229958987487,0.0,0
0.7833176393469912,0.010115372896857858,282.0,1096.0,0.1481549891876056,0.6252107961109226,0.0,39987.0,0.5645229958987487,0.0,0
0.7833686090369038,0.010115372896857858,283.0,1096.0,0.14820595887751825,0.6252107961109226,0.0,39987.0,0.5645229958987487,0.0,0
0.7834190715699277,0.010115372896857858,284.0,1096.0,0.1482564214105421,0.6252107961109227,0.0,39987.0,0.5645229958987487,0.0,0
0.7834690319923582,0.010115372896857858,285.0,1096.0,0.14830638183297262,0.6252107961109228,0.0,39987.0,0.5645229958987487,0.0,0
0.7835184953002794,0.010115372896857858,286.0,1096.0,0.14835584514089378,0.6252107961109228,0.0,39987.0,0.5645229958987487,0.0,0
0.7835674664400633,0.010115372896857858,287.0,1096.0,0.1484048162806776,0.6252107961109227,0.0,39987.0,0.5645229958987487,0.0,0
0.7836159503088644,0.010115372896857858,288.0,1096.0,0.14845330014947886,0.6252107961109227,0.0,39987.0,0.5645229958987487,0.0,0
0.7836639517551103,0.010115372896857858,289.0,1096.0,0.14850130159572478,0.6252107961109226,0.0,39987.0,0.5645229958987487,0.0,0
0.7837114755789859,0.010115372896857858,290.0,1096.0,0.14854882541960032,0.6252107961109228,0.0,39987.0,0.5645229958987487,0.0,0
0.7837585265329127,0.010115372896857858,291.0,1096.0,0.14859587637352703,0.6252107961109227,0.0,39987.0,0.5645229958987487,0.0,0
0.7838051093220254,0.010115372896857858,292.0,1096.0,0.1486424591626399,0.6252107961109228,0.0,39987.0,0.5645229958987487,0.0,0
0.7838512286046421,0.010115372896857858,293.0,1096.0,0.14868857844525654,0.6252107961109227,0.0,39987.0,0.5645229958987487,0.0,0
0.7838968889927292,0.010115372896857858,294.0,1096.0,0.14873423883334366,0.6252107961109228,0.0,39987.0,0.5645229958987487,0.0,0
0.7839420950523636,0.010115372896857858,295.0,1096.0,0.14877944489297812,0.6252107961109227,0.0,39987.0,0.5645229958987487,0.0,0
0.783986851304189,0.010115372896857858,296.0,1096.0,0.14882420114480352,0.6252107961109225,0.0,39987.0,0.5645229958987487,0.0,0
0.784031162223868,0.010115372896857858,297.0,1096.0,0.14886851206448254,0.6252107961109225,0.0,39987.0,0.5645229958987487,0.0,0
0.7840750322425293,0.010115372896857858,298.0,1096.0,0.14891238208314383,0.6252107961109225,0.0,39987.0,0.5645229958987487,0.0,0
0.7841184657472116,0.010115372896857858,299.0,1096.0,0.14895581558782595,0.6252107961109227,0.0,39987.0,0.5645229958987487,0.0,0
0.7841614670813012,0.010115372896857858,300.0,1096.0,0.1489988169219156,0.6252107961109227,0.0,39987.0,0.5645229958987487,0.0,0
0.7842040405449676,0.010115372896857858,301.0,1096.0,0.14904139038558203,0.6252107961109227,0.0,39987.0,0.5645229958987487,0.0,0
0.7842461903955925,0.010115372896857858,302.0,1096.0,0.149083540236207,0.6252107961109225,0.0,39987.0,0.5645229958987487,0.0,0
0.7842879208481963,0.010115372896857858,303.0,1096.0,0.14912527068881085,0.6252107961109228,0.0,39987.0,0.5645229958987487,0.0,0
0.7843292360758589,0.010115372896857858,304.0,1096.0,0.14916658591647342,0.6252107961109226,0.0,39987.0,0.5645229958987487,0.0,0
0.7843701402101376,0.010115372896857858,305.0,1096.0,0.14920749005075207,0.6252107961109227,0.0,39987.0,0.5645229958987487,0.0,0
0.7844106373414798,0.010115372896857858,306.0,1096.0,0.14924798718209425,0.6252107961109225,0.0,39987.0,0.5645229958987487,0.0,0
0.7844507315196323,0.010115372896857858,307.0,1096.0,0.14928808136024677,0.6252107961109228,0.0,39987.0,0.5645229958987487,0.0,0
0.7844904267540466,0.010115372896857858,308.0,1096.0,0.14932777659466112,0.6252107961109226,0.0,39987.0,0.5645229958987487,0.0,0
0.784529727014279,0.010115372896857858,309.0,1096.0,0.14936707685489353,0.6252107961109227,0.0,39987.0,0.5645229958987487,0.0,0
0.7845686362303885,0.010115372896857858,310.0,1096.0,0.14940598607100297,0.6252107961109227,0.0,39987.0,0.5645229958987487,0.0,0
0.784607158293329,0.010115372896857858,311.0,1096.0,0.14944450813394342,0.625210796110923,0.0,39987.0,0.5645229958987487,0.0,0
0.7846452970553388,0.010115372896857858,312.0,1096.0,0.14948264689595328,0.6252107961109228,0.0,39987.0,0.5645229958987487,0.0,0
0.784683056330326,0.010115372896857858,313.0,1096.0,0.14952040617094045,0.6252107961109228,0.0,39987.0,0.5645229958987487,0.0,0
0.7847204398942496,0.010115372896857858,314.0,1096.0,0.14955778973486403,0.6252107961109227,0.0,39987.0,0.5645229958987487,0.0,0
0.7847574514854969,0.010115372896857858,315.0,1096.0,0.14959480132611144,0.6252107961109227,0.0,39987.0,0.5645229958987487,0.0,0
0.7847940948052584,0.010115372896857858,316.0,1096.0,0.14963144464587277,0.6252107961109228,0.0,39987.0,0.5645229958987487,0.0,0
0.7848499999439812,0.010134999322943043,317.0,1097.0,0.14966772335851045,0.6252107961109227,0.0,39987.0,0.5645229958987487,0.0,0
0.7848859176773968,0.010134999322943043,318.0,1097.0,0.14970364109192605,0.6252107961109227,0.0,39987.0,0.5645229958987487,0.0,0
0.7849214780233936,0.010134999322943043,319.0,1097.0,0.1497392014379229,0.6252107961109228,0.0,39987.0,0.5645229958987487,0.0,0
0.7849566845380357,0.010134999322943043,320.0,1097.0,0.14977440795256491,0.6252107961109227,0.0,39987.0,0.5645229958987487,0.0,0
0.784991540742004,0.010134999322943043,321.0,1097.0,0.14980926415653323,0.6252107961109227,0.0,39987.0,0.5645229958987487,0.0,0
0.785026050120948,0.010134999322943043,322.0,1097.0,0.14984377353547726,0.6252107961109227,0.0,39987.0,0.5645229958987487,0.0,0
0.7850602161258342,0.010134999322943043,323.0,1097.0,0.1498779395403635,0.6252107961109228,0.0,39987.0,0.5645229958987487,0.0,0
0.7850940421732917,0.010134999322943043,324.0,1097.0,0.14991176558782093,0.6252107961109225,0.0,39987.0,0.5645229958987487,0.0,0
0.7851275316459534,0.010134999322943043,325.0,1097.0,0.14994525506048265,0.6252107961109227,0.0,39987.0,0.5645229958987487,0.0,0
0.7851606878927944,0.010134999322943043,326.0,1097.0,0.14997841130732367,0.6252107961109225,0.0,39987.0,0.5645229958987487,0.0,0
0.7851935142294671,0.010134999322943043,327.0,1097.0,0.1500112376439964,0.6252107961109226,0.0,39987.0,0.5645229958987487,0.0,0
0.7852260139386325,0.010134999322943043,328.0,1097.0,0.1500437373531618,0.6252107961109227,0.0,39987.0,0.5645229958987487,0.0,0
0.7852581902702886,0.010134999322943043,329.0,1097.0,0.15007591368481785,0.6252107961109227,0.0,39987.0,0.5645229958987487,0.0,0
0.7852900464420953,0.010134999322943043,330.0,1097.0,0.1501077698566247,0.6252107961109223,0.0,39987.0,0.5645229958987487,0.0,0
0.7853215856396966,0.010134999322943043,331.0,1097.0,0.1501393090542258,0.6252107961109227,0.0,39987.0,0.5645229958987487,0.0,0
0.7853528110170381,0.010134999322943043,332.0,1097.0,0.15017053443156744,0.6252107961109227,0.0,39987.0,0.5645229958987487,0.0,0
0.785383725696684,0.010134999322943043,333.0,1097.0,0.15020144911121333,0.6252107961109223,0.0,39987.0,0.5645229958987487,0.0,0
0.7854143327701277,0.010134999322943043,334.0,1097.0,0.1502320561846571,0.6252107961109227,0.0,39987.0,0.5645229958987487,0.0,0
0.7854446352981023,0.010134999322943043,335.0,1097.0,0.15026235871263163,0.6252107961109228,0.0,39987.0,0.5645229958987487,0.0,0
0.7854746363108858,0.010134999322943043,336.0,1097.0,0.15029235972541502,0.6252107961109227,0.0,39987.0,0.5645229958987487,0.0,0
0.7855043388086043,0.010134999322943043,337.0,1097.0,0.15032206222313352,0.6252107961109228,0.0,39987.0,0.5645229958987487,0.0,0
0.7855337457615323,0.010134999322943043,338.0,1097.0,0.1503514691760616,0.6252107961109227,0.0,39987.0,0.5645229958987487,0.0,0
0.7855628601103899,0.010134999322943043,339.0,1097.0,0.15038058352491915,0.6252107961109227,0.0,39987.0,0.5645229958987487,0.0,0
0.7855916847666361,0.010134999322943043,340.0,1097.0,0.1504094081811653,0.6252107961109228,0.0,39987.0,0.5645229958987487,0.0,0
0.7856202226127604,0.010134999322943043,341.0,1097.0,0.15043794602728966,0.6252107961109227,0.0,39987.0,0.5645229958987487,0.0,0
0.7856484765025714,0.010134999322943043,342.0,1097.0,0.15046619991710072,0.6252107961109229,0.0,39987.0,0.5645229958987487,0.0,0
0.7856764492614816,0.010134999322943043,343.0,1097.0,0.15049417267601078,0.6252107961109227,0.0,39987.0,0.5645229958987487,0.0,0
0.78570414368679,0.010134999322943043,344.0,1097.0,0.1505218671013193,0.6252107961109227,0.0,39987.0,0.5645229958987487,0.0,0
0.7857315625479625,0.010134999322943043,345.0,1097.0,0.15054928596249176,0.6252107961109227,0.0,39987.0,0.5645229958987487,0.0,0
0.7857587085869078,0.010134999322943043,346.0,1097.0,0.150576432001437,0.6252107961109228,0.0,39987.0,0.5645229958987487,0.0,0
0.7857855845182526,0.010134999322943043,347.0,1097.0,0.15060330793278193,0.6252107961109228,0.0,39987.0,0.5645229958987487,0.0,0
0.7858121930296124,0.010134999322943043,348.0,1097.0,0.15062991644414164,0.6252107961109227,0.0,39987.0,0.5645229958987487,0.0,0
0.7858385367818604,0.010134999322943043,349.0,1097.0,0.15065626019638972,0.6252107961109227,0.0,39987.0,0.5645229958987487,0.0,0
0.7858646184093939,0.010134999322943043,350.0,1097.0,0.15068234182392315,0.6252107961109227,0.0,39987.0,0.5645229958987487,0.0,0
0.7858904405203974,0.010134999322943043,351.0,1097.0,0.15070816393492664,0.6252107961109227,0.0,39987.0,0.5645229958987487,0.0,0
0.7859160056971034,0.010134999322943043,352.0,1097.0,0.1507337291116327,0.6252107961109226,0.0,39987.0,0.5645229958987487,0.0,0
0.785941316496051,0.010134999322943043,353.0,1097.0,0.1507590399105803,0.6252107961109227,0.0,39987.0,0.5645229958987487,0.0,0
0.7859663754483411,0.010134999322943043,354.0,1097.0,0.15078409886287036,0.6252107961109228,0.0,39987.0,0.5645229958987487,0.0,0
0.7859911850598899,0.010134999322943043,355.0,1097.0,0.15080890847441916,0.6252107961109227,0.0,39987.0,0.5645229958987487,0.0,0
0.786015747811679,0.010134999322943043,356.0,1097.0,0.15083347122620833,0.6252107961109228,0.0,39987.0,0.5645229958987487,0.0,0
0.7860400661600045,0.010134999322943043,357.0,1097.0,0.15085778957453377,0.6252107961109228,0.0,39987.0,0.5645229958987487,0.0,0
0.7860641425367211,0.010134999322943043,358.0,1097.0,0.15088186595125028,0.6252107961109228,0.0,39987.0,0.5645229958987487,0.0,0
0.7860879793494865,0.010134999322943043,359.0,1097.0,0.15090570276401577,0.6252107961109227,0.0,39987.0,0.5645229958987487,0.0,0
0.7861115789820021,0.010134999322943043,360.0,1097.0,0.1509293023965314,0.6252107961109228,0.0,39987.0,0.5645229958987487,0.0,0
0.7861349437942508,0.010134999322943043,361.0,1097.0,0.15095266720878003,0.6252107961109227,0.0,39987.0,0.5645229958987487,0.0,0
0.786158076122733,0.010134999322943043,362.0,1097.0,0.15097579953726237,0.6252107961109226,0.0,39987.0,0.5645229958987487,0.0,0
0.7861809782807012,0.010134999322943043,363.0,1097.0,0.15099870169523052,0.6252107961109227,0.0,39987.0,0.5645229958987487,0.0,0
0.7862036525583902,0.010134999322943043,364.0,1097.0,0.15102137597291945,0.625210796110923,0.0,39987.0,0.5645229958987487,0.0,0
0.7862261012232464,0.010134999322943043,365.0,1097.0,0.15104382463777571,0.6252107961109226,0.0,39987.0,0.5645229958987487,0.0,0
0.7862483265201552,0.010134999322943043,366.0,1097.0,0.1510660499346845,0.6252107961109229,0.0,39987.0,0.5645229958987487,0.0,0
0.7862703306716647,0.010134999322943043,367.0,1097.0,0.15108805408619408,0.6252107961109226,0.0,39987.0,0.5645229958987487,0.0,0
0.7862921158782087,0.010134999322943043,368.0,1097.0,0.1511098392927379,0.6252107961109228,0.0,39987.0,0.5645229958987487,0.0,0
0.7863230697539098,0.010144384758527136,369.0,1098.0,0.15113140773285494,0.6252107961109228,0.0,39987.0,0.5645229958987487,0.0,0
0.7863444235844618,0.010144384758527136,370.0,1098.0,0.15115276156340693,0.6252107961109226,0.0,39987.0,0.5645229958987487,0.0,0
0.7863655649408496,0.010144384758527136,371.0,1098.0,0.15117390291979477,0.6252107961109226,0.0,39987.0,0.5645229958987487,0.0,0
0.7863864959372268,0.010144384758527136,372.0,1098.0,0.15119483391617197,0.6252107961109225,0.0,39987.0,0.5645229958987487,0.0,0
0.78640721866671,0.010144384758527136,373.0,1098.0,0.15121555664565534,0.6252107961109228,0.0,39987.0,0.5645229958987487,0.0,0
0.7864277352015899,0.010144384758527136,374.0,1098.0,0.1512360731805351,0.6252107961109227,0.0,39987.0,0.5645229958987487,0.0,0
0.7864480475935369,0.010144384758527136,375.0,1098.0,0.15125638557248203,0.6252107961109226,0.0,39987.0,0.5645229958987487,0.0,0
0.7864681578738069,0.010144384758527136,376.0,1098.0,0.15127649585275202,0.6252107961109226,0.0,39987.0,0.5645229958987487,0.0,0
0.7864880680534448,0.010144384758527136,377.0,1098.0,0.15129640603239006,0.6252107961109227,0.0,39987.0,0.5645229958987487,0.0,0
0.7865077801234854,0.010144384758527136,378.0,1098.0,0.15131611810243062,0.6252107961109227,0.0,39987.0,0.5645229958987487,0.0,0
0.7865272960551518,0.010144384758527136,379.0,1098.0,0.15133563403409706,0.6252107961109225,0.0,39987.0,0.5645229958987487,0.0,0
0.7865466178000539,0.010144384758527136,380.0,1098.0,0.15135495577899902,0.6252107961109228,0.0,39987.0,0.5645229958987487,0.0,0
0.7865854175775558,0.010164055045701326,381.0,1099.0,0.15137408526932677,0.6252107961109228,0.0,39987.0,0.5645229958987487,0.0,0
0.7866043567262746,0.010164055045701326,382.0,1099.0,0.15139302441804553,0.6252107961109227,0.0,39987.0,0.5645229958987487,0.0,0
0.7866231074273149,0.010164055045701326,383.0,1099.0,0.15141177511908593,0.6252107961109227,0.0,39987.0,0.5645229958987487,0.0,0
0.7866416715557627,0.010164055045701326,384.0,1099.0,0.1514303392475336,0.6252107961109227,0.0,39987.0,0.5645229958987487,0.0,0
0.786660050968046,0.010164055045701326,385.0,1099.0,0.151448718659817,0.6252107961109225,0.0,39987.0,0.5645229958987487,0.0,0
0.7866782475021215,0.010164055045701326,386.0,1099.0,0.15146691519389252,0.6252107961109228,0.0,39987.0,0.5645229958987487,0.0,0
0.7866962629776578,0.010164055045701326,387.0,1099.0,0.1514849306694288,0.6252107961109228,0.0,39987.0,0.5645229958987487,0.0,0
0.7867140991962174,0.010164055045701326,388.0,1099.0,0.15150276688798847,0.6252107961109228,0.0,39987.0,0.5645229958987487,0.0,0
0.7867317579414371,0.010164055045701326,389.0,1099.0,0.15152042563320814,0.6252107961109227,0.0,39987.0,0.5645229958987487,0.0,0
0.7867492409792061,0.010164055045701326,390.0,1099.0,0.15153790867097708,0.6252107961109227,0.0,39987.0,0.5645229958987487,0.0,0
0.7867665500578427,0.010164055045701326,391.0,1099.0,0.15155521774961367,0.6252107961109226,0.0,39987.0,0.5645229958987487,0.0,0
0.7867836869082692,0.010164055045701326,392.0,1099.0,0.15157235460004018,0.6252107961109227,0.0,39987.0,0.5645229958987487,0.0,0
0.7868006532441849,0.010164055045701326,393.0,1099.0,0.15158932093595584,0.6252107961109225,0.0,39987.0,0.5645229958987487,0.0,0
0.7868174507622376,0.010164055045701326,394.0,1099.0,0.15160611845400856,0.6252107961109228,0.0,39987.0,0.5645229958987487,0.0,0
0.786834081142193,0.010164055045701326,395.0,1099.0,0.15162274883396404,0.6252107961109227,0.0,39987.0,0.5645229958987487,0.0,0
0.7868505460471031,0.010164055045701326,396.0,1099.0,0.15163921373887418,0.6252107961109227,0.0,39987.0,0.5645229958987487,0.0,0
0.7868668471234721,0.010164055045701326,397.0,1099.0,0.15165551481524317,0.6252107961109228,0.0,39987.0,0.5645229958987487,0.0,0
0.7868829860014211,0.010164055045701326,398.0,1099.0,0.15167165369319216,0.6252107961109227,0.0,39987.0,0.5645229958987487,0.0,0
0.7868989642948515,0.010164055045701326,399.0,1099.0,0.15168763198662244,0.6252107961109227,0.0,39987.0,0.5645229958987487,0.0,0
0.7869147836016057,0.010164055045701326,400.0,1099.0,0.1517034512933767,0.6252107961109223,0.0,39987.0,0.5645229958987487,0.0,0
0.7869304455036279,0.010164055045701326,401.0,1099.0,0.15171911319539885,0.6252107961109228,0.0,39987.0,0.5645229958987487,0.0,0
0.786945951567121,0.010164055045701326,402.0,1099.0,0.151734619258892,0.6252107961109225,0.0,39987.0,0.5645229958987487,0.0,0
0.7869613033427045,0.010164055045701326,403.0,1099.0,0.15174997103447557,0.6252107961109228,0.0,39987.0,0.5645229958987487,0.0,0
0.7869765023655688,0.010164055045701326,404.0,1099.0,0.15176517005733978,0.6252107961109226,0.0,39987.0,0.5645229958987487,0.0,0
0.7869915501556288,0.010164055045701326,405.0,1099.0,0.15178021784739976,0.6252107961109228,0.0,39987.0,0.5645229958987487,0.0,0
0.7870064482176757,0.010164055045701326,406.0,1099.0,0.15179511590944675,0.6252107961109225,0.0,39987.0,0.5645229958987487,0.0,0
0.7870211980415286,0.010164055045701326,407.0,1099.0,0.1518098657332996,0.6252107961109228,0.0,39987.0,0.5645229958987487,0.0,0
0.7870358011021821,0.010164055045701326,408.0,1099.0,0.15182446879395303,0.6252107961109227,0.0,39987.0,0.5645229958987487,0.0,0
0.7870502588599542,0.010164055045701326,409.0,1099.0,0.15183892655172512,0.6252107961109228,0.0,39987.0,0.5645229958987487,0.0,0
0.7870645727606329,0.010164055045701326,410.0,1099.0,0.15185324045240378,0.6252107961109228,0.0,39987.0,0.5645229958987487,0.0,0
0.78707874423562,0.010164055045701326,411.0,1099.0,0.15186741192739098,0.6252107961109225,0.0,39987.0,0.5645229958987487,0.0,0
0.7870927747020752,0.010164055045701326,412.0,1099.0,0.15188144239384613,0.6252107961109227,0.0,39987.0,0.5645229958987487,0.0,0
0.7871066655630564,0.010164055045701326,413.0,1099.0,0.15189533325482732,0.6252107961109228,0.0,39987.0,0.5645229958987487,0.0,0
0.7871204182076615,0.010164055045701326,414.0,1099.0,0.1519090858994325,0.6252107961109226,0.0,39987.0,0.5645229958987487,0.0,0
0.7871340340111664,0.010164055045701326,415.0,1099.0,0.15192270170293742,0.6252107961109225,0.0,39987.0,0.5645229958987487,0.0,0
0.787147514335163,0.010164055045701326,416.0,1099.0,0.15193618202693382,0.6252107961109228,0.0,39987.0,0.5645229958987487,0.0,0
0.7871608605276944,0.010164055045701326,417.0,1099.0,0.15194952821946536,0.6252107961109228,0.0,39987.0,0.5645229958987487,0.0,0
0.7871740739233914,0.010164055045701326,418.0,1099.0,0.15196274161516235,0.6252107961109227,0.0,39987.0,0.5645229958987487,0.0,0
0.7871871558436044,0.010164055045701326,419.0,1099.0,0.15197582353537545,0.6252107961109225,0.0,39987.0,0.5645229958987487,0.0,0
0.7872001075965366,0.010164055045701326,420.0,1099.0,0.15198877528830756,0.6252107961109228,0.0,39987.0,0.5645229958987487,0.0,0
0.7872129304773738,0.010164055045701326,421.0,1099.0,0.15200159816914477,0.6252107961109228,0.0,39987.0,0.5645229958987487,0.0,0
0.7872256257684148,0.010164055045701326,422.0,1099.0,0.15201429346018583,0.6252107961109228,0.0,39987.0,0.5645229958987487,0.0,0
0.7872381947391994,0.010164055045701326,423.0,1099.0,0.15202686243097038,0.6252107961109225,0.0,39987.0,0.5645229958987487,0.0,0
0.7872506386466351,0.010164055045701326,424.0,1099.0,0.1520393063384061,0.6252107961109227,0.0,39987.0,0.5645229958987487,0.0,0
0.787262958735123,0.010164055045701326,425.0,1099.0,0.15205162642689396,0.6252107961109227,0.0,39987.0,0.5645229958987487,0.0,0
0.7872751562366821,0.010164055045701326,426.0,1099.0,0.15206382392845313,0.6252107961109225,0.0,39987.0,0.5645229958987487,0.0,0
0.787287232371073,0.010164055045701326,427.0,1099.0,0.15207590006284402,0.6252107961109228,0.0,39987.0,0.5645229958987487,0.0,0
0.787299188345919,0.010164055045701326,428.0,1099.0,0.15208785603769004,0.6252107961109225,0.0,39987.0,0.5645229958987487,0.0,0
0.7873110253568276,0.010164055045701326,429.0,1099.0,0.1520996930485986,0.6252107961109228,0.0,39987.0,0.5645229958987487,0.0,0
0.7873227445875097,0.010164055045701326,430.0,1099.0,0.15211141227928074,0.6252107961109227,0.0,39987.0,0.5645229958987487,0.0,0
0.7873343472098983,0.010164055045701326,431.0,1099.0,0.1521230149016692,0.6252107961109225,0.0,39987.0,0.5645229958987487,0.0,0
0.787345834384265,0.010164055045701326,432.0,1099.0,0.152134502076036,0.6252107961109223,0.0,39987.0,0.5645229958987487,0.0,0
0.7873572072593371,0.010164055045701326,433.0,1099.0,0.15214587495110804,0.6252107961109227,0.0,39987.0,0.5645229958987487,0.0,0
0.7873684669724115,0.010164055045701326,434.0,1099.0,0.15215713466418251,0.6252107961109227,0.0,39987.0,0.5645229958987487,0.0,0
0.7873796146494689,0.010164055045701326,435.0,1099.0,0.15216828234123989,0.6252107961109226,0.0,39987.0,0.5645229958987487,0.0,0
0.7873915993060071,0.010165002946422193,436.0,1100.0,0.1521793190970572,0.6252107961109228,0.0,39987.0,0.5645229958987487,0.0,0
0.7874025262442691,0.010165002946422193,437.0,1100.0,0.15219024603531917,0.6252107961109227,0.0,39987.0,0.5645229958987487,0.0,0
0.7874133444576789,0.010165002946422193,438.0,1100.0,0.15220106424872898,0.6252107961109227,0.0,39987.0,0.5645229958987487,0.0,0
0.7874240550280667,0.010165002946422193,439.0,1100.0,0.15221177481911674,0.6252107961109227,0.0,39987.0,0.5645229958987487,0.0,0
0.7874346590264985,0.010165002946422193,440.0,1100.0,0.15222237881754855,0.6252107961109223,0.0,39987.0,0.5645229958987487,0.0,0
0.787445157513383,0.010165002946422193,441.0,1100.0,0.15223287730443302,0.6252107961109226,0.0,39987.0,0.5645229958987487,0.0,0
0.7874555515385774,0.010165002946422193,442.0,1100.0,0.15224327132962762,0.6252107961109226,0.0,39987.0,0.5645229958987487,0.0,0
0.7874658421414933,0.010165002946422193,443.0,1100.0,0.15225356193254344,0.6252107961109228,0.0,39987.0,0.5645229958987487,0.0,0
0.7874760303511993,0.010165002946422193,444.0,1100.0,0.1522637501422495,0.6252107961109226,0.0,39987.0,0.5645229958987487,0.0,0
0.787486117186525,0.010165002946422193,445.0,1100.0,0.15227383697757524,0.6252107961109225,0.0,39987.0,0.5645229958987487,0.0,0
0.7874961036561623,0.010165002946422193,446.0,1100.0,0.1522838234472124,0.6252107961109228,0.0,39987.0,0.5645229958987487,0.0,0
0.7875059907587664,0.010165002946422193,447.0,1100.0,0.1522937105498165,0.6252107961109226,0.0,39987.0,0.5645229958987487,0.0,0
0.7875157794830558,0.010165002946422193,448.0,1100.0,0.1523034992741059,0.6252107961109227,0.0,39987.0,0.5645229958987487,0.0,0
0.7875254708079112,0.010165002946422193,449.0,1100.0,0.15231319059896134,0.6252107961109228,0.0,39987.0,0.5645229958987487,0.0,0
0.7875350657024731,0.010165002946422193,450.0,1100.0,0.1523227854935232,0.6252107961109227,0.0,39987.0,0.5645229958987487,0.0,0
0.7875445651262389,0.010165002946422193,451.0,1100.0,0.15233228491728903,0.6252107961109228,0.0,39987.0,0.5645229958987487,0.0,0
0.787553970029159,0.010165002946422193,452.0,1100.0,0.15234168982020915,0.6252107961109227,0.0,39987.0,0.5645229958987487,0.0,0
0.7875632813517314,0.010165002946422193,453.0,1100.0,0.15235100114278147,0.6252107961109227,0.0,39987.0,0.5645229958987487,0.0,0
0.7875725000250963,0.010165002946422193,454.0,1100.0,0.1523602198161464,0.6252107961109227,0.0,39987.0,0.5645229958987487,0.0,0
0.7875816269711285,0.010165002946422193,455.0,1100.0,0.15236934676217861,0.6252107961109226,0.0,39987.0,0.5645229958987487,0.0,0
0.7875906631025303,0.010165002946422193,456.0,1100.0,0.15237838289358038,0.6252107961109226,0.0,39987.0,0.5645229958987487,0.0,0
0.7875996093229224,0.010165002946422193,457.0,1100.0,0.1523873291139726,0.6252107961109225,0.0,39987.0,0.5645229958987487,0.0,0
0.7876084665269344,0.010165002946422193,458.0,1100.0,0.15239618631798452,0.6252107961109227,0.0,39987.0,0.5645229958987487,0.0,0
0.787617235600294,0.010165002946422193,459.0,1100.0,0.15240495539134405,0.6252107961109227,0.0,39987.0,0.5645229958987487,0.0,0
0.7876259174199155,0.010165002946422193,460.0,1100.0,0.1524136372109657,0.6252107961109226,0.0,39987.0,0.5645229958987487,0.0,0
0.7876345128539886,0.010165002946422193,461.0,1100.0,0.15242223264503874,0.6252107961109225,0.0,39987.0,0.5645229958987487,0.0,0
0.7876430227620638,0.010165002946422193,462.0,1100.0,0.1524307425531139,0.6252107961109228,0.0,39987.0,0.5645229958987487,0.0,0
0.7876514479951386,0.010165002946422193,463.0,1100.0,0.15243916778618877,0.6252107961109227,0.0,39987.0,0.5645229958987487,0.0,0
0.7876597893957439,0.010165002946422193,464.0,1100.0,0.15244750918679395,0.6252107961109226,0.0,39987.0,0.5645229958987487,0.0,0
0.7876680477980262,0.010165002946422193,465.0,1100.0,0.1524557675890763,0.6252107961109228,0.0,39987.0,0.5645229958987487,0.0,0
0.787676224027833,0.010165002946422193,466.0,1100.0,0.15246394381888306,0.6252107961109228,0.0,39987.0,0.5645229958987487,0.0,0
0.7876843189027937,0.010165002946422193,467.0,1100.0,0.15247203869384385,0.6252107961109228,0.0,39987.0,0.5645229958987487,0.0,0
0.787692333232403,0.010165002946422193,468.0,1100.0,0.15248005302345302,0.6252107961109229,0.0,39987.0,0.5645229958987487,0.0,0
0.7877002678181001,0.010165002946422193,469.0,1100.0,0.15248798760915014,0.6252107961109227,0.0,39987.0,0.5645229958987487,0.0,0
0.7877081234533504,0.010165002946422193,470.0,1100.0,0.15249584324440046,0.6252107961109227,0.0,39987.0,0.5645229958987487,0.0,0
0.7877159009237239,0.010165002946422193,471.0,1100.0,0.15250362071477405,0.6252107961109228,0.0,39987.0,0.5645229958987487,0.0,0
0.7877236010069744,0.010165002946422193,472.0,1100.0,0.15251132079802446,0.6252107961109228,0.0,39987.0,0.5645229958987487,0.0,0
0.7877312244731162,0.010165002946422193,473.0,1100.0,0.15251894426416637,0.6252107961109227,0.0,39987.0,0.5645229958987487,0.0,0
0.7877387720845026,0.010165002946422193,474.0,1100.0,0.15252649187555273,0.6252107961109227,0.0,39987.0,0.5645229958987487,0.0,0
0.7877462445959009,0.010165002946422193,475.0,1100.0,0.15253396438695102,0.6252107961109227,0.0,39987.0,0.5645229958987487,0.0,0
0.7877536427545684,0.010165002946422193,476.0,1100.0,0.15254136254561854,0.6252107961109225,0.0,39987.0,0.5645229958987487,0.0,0
0.7877609673003273,0.010165002946422193,477.0,1100.0,0.15254868709137734,0.6252107961109226,0.0,39987.0,0.5645229958987487,0.0,0
0.7877682189656381,0.010165002946422193,478.0,1100.0,0.15255593875668821,0.6252107961109227,0.0,39987.0,0.5645229958987487,0.0,0
0.7877753984756736,0.010165002946422193,479.0,1100.0,0.15256311826672367,0.6252107961109228,0.0,39987.0,0.5645229958987487,0.0,0
0.7877825065483904,0.010165002946422193,480.0,1100.0,0.15257022633944056,0.6252107961109227,0.0,39987.0,0.5645229958987487,0.0,0
0.7877895438946021,0.010165002946422193,481.0,1100.0,0.15257726368565222,0.6252107961109228,0.0,39987.0,0.5645229958987487,0.0,0
0.7877965112180491,0.010165002946422193,482.0,1100.0,0.1525842310090992,0.6252107961109223,0.0,39987.0,0.5645229958987487,0.0,0
0.7878034092154694,0.010165002946422193,483.0,1100.0,0.15259112900651958,0.6252107961109226,0.0,39987.0,0.5645229958987487,0.0,0
0.7878102385766685,0.010165002946422193,484.0,1100.0,0.15259795836771872,0.6252107961109226,0.0,39987.0,0.5645229958987487,0.0,0
0.7878169999845884,0.010165002946422193,485.0,1100.0,0.15260471977563858,0.6252107961109228,0.0,39987.0,0.5645229958987487,0.0,0
0.7878236941153755,0.010165002946422193,486.0,1100.0,0.15261141390642552,0.6252107961109228,0.0,39987.0,0.5645229958987487,0.0,0
0.7878303216384482,0.010165002946422193,487.0,1100.0,0.15261804142949828,0.6252107961109228,0.0,39987.0,0.5645229958987487,0.0,0
0.7878368832165644,0.010165002946422193,488.0,1100.0,0.15262460300761457,0.6252107961109228,0.0,39987.0,0.5645229958987487,0.0,0
0.7878433795058877,0.010165002946422193,489.0,1100.0,0.15263109929693774,0.6252107961109228,0.0,39987.0,0.5645229958987487,0.0,0
0.787849811156052,0.010165002946422193,490.0,1100.0,0.15263753094710222,0.6252107961109227,0.0,39987.0,0.5645229958987487,0.0,0
0.7878561788102282,0.010165002946422193,491.0,1100.0,0.15264389860127825,0.6252107961109227,0.0,39987.0,0.5645229958987487,0.0,0
0.7878624831051865,0.010165002946422193,492.0,1100.0,0.15265020289623663,0.6252107961109227,0.0,39987.0,0.5645229958987487,0.0,0
0.7878687246713618,0.010165002946422193,493.0,1100.0,0.15265644446241192,0.6252107961109227,0.0,39987.0,0.5645229958987487,0.0,0
0.7878749041329162,0.010165002946422193,494.0,1100.0,0.15266262392396626,0.6252107961109228,0.0,39987.0,0.5645229958987487,0.0,0
0.7878810221078006,0.010165002946422193,495.0,1100.0,0.15266874189885082,0.6252107961109226,0.0,39987.0,0.5645229958987487,0.0,0
0.787887079207818,0.010165002946422193,496.0,1100.0,0.15267479899886804,0.6252107961109228,0.0,39987.0,0.5645229958987487,0.0,0
0.787893076038683,0.010165002946422193,497.0,1100.0,0.15268079582973304,0.6252107961109228,0.0,39987.0,0.5645229958987487,0.0,0
0.787899013200084,0.010165002946422193,498.0,1100.0,0.15268673299113417,0.6252107961109227,0.0,39987.0,0.5645229958987487,0.0,0
0.787904891285742,0.010165002946422193,499.0,1100.0,0.1526926110767922,0.6252107961109226,0.0,39987.0,0.5645229958987487,0.0,0
0.7879107108834704,0.010165002946422193,500.0,1100.0,0.15269843067452063,0.6252107961109227,0.0,39987.0,0.5645229958987487,0.0,0
0.7879164725752341,0.010165002946422193,501.0,1100.0,0.15270419236628424,0.6252107961109227,0.0,39987.0,0.5645229958987487,0.0,0
0.7879221769372068,0.010165002946422193,502.0,1100.0,0.15270989672825683,0.6252107961109228,0.0,39987.0,0.5645229958987487,0.0,0
0.7879278245398293,0.010165002946422193,503.0,1100.0,0.1527155443308795,0.6252107961109227,0.0,39987.0,0.5645229958987487,0.0,0
0.787933415947867,0.010165002946422193,504.0,1100.0,0.15272113573891719,0.6252107961109228,0.0,39987.0,0.5645229958987487,0.0,0
0.7879389517204651,0.010165002946422193,505.0,1100.0,0.1527266715115152,0.6252107961109226,0.0,39987.0,0.5645229958987487,0.0,0
0.7879444324112055,0.010165002946422193,506.0,1100.0,0.15273215220225567,0.6252107961109227,0.0,39987.0,0.5645229958987487,0.0,0
0.7879498585681618,0.010165002946422193,507.0,1100.0,0.152737578359212,0.6252107961109227,0.0,39987.0,0.5645229958987487,0.0,0
0.7879552307339545,0.010165002946422193,508.0,1100.0,0.1527429505250046,0.6252107961109227,0.0,39987.0,0.5645229958987487,0.0,0
0.7879605494458043,0.010165002946422193,509.0,1100.0,0.1527482692368544,0.6252107961109228,0.0,39987.0,0.5645229958987487,0.0,0
0.7879658152355871,0.010165002946422193,510.0,1100.0,0.1527535350266371,0.6252107961109228,0.0,39987.0,0.5645229958987487,0.0,0
0.7879710286298858,0.010165002946422193,511.0,1100.0,0.15275874842093598,0.6252107961109226,0.0,39987.0,0.5645229958987487,0.0,0
0.7879761901500447,0.010165002946422193,512.0,1100.0,0.1527639099410948,0.6252107961109228,0.0,39987.0,0.5645229958987487,0.0,0
0.7879813003122198,0.010165002946422193,513.0,1100.0,0.15276902010326995,0.6252107961109227,0.0,39987.0,0.5645229958987487,0.0,0
0.7879863596274319,0.010165002946422193,514.0,1100.0,0.15277407941848192,0.6252107961109227,0.0,39987.0,0.5645229958987487,0.0,0
0.7879913686016162,0.010165002946422193,515.0,1100.0,0.15277908839266638,0.6252107961109225,0.0,39987.0,0.5645229958987487,0.0,0
0.7879963277356749,0.010165002946422193,516.0,1100.0,0.15278404752672498,0.6252107961109227,0.0,39987.0,0.5645229958987487,0.0,0
0.7880012375255252,0.010165002946422193,517.0,1100.0,0.15278895731657535,0.6252107961109227,0.0,39987.0,0.5645229958987487,0.0,0
0.7880060984621503,0.010165002946422193,518.0,1100.0,0.15279381825320035,0.6252107961109226,0.0,39987.0,0.5645229958987487,0.0,0
0.7880109110316477,0.010165002946422193,519.0,1100.0,0.15279863082269776,0.6252107961109225,0.0,39987.0,0.5645229958987487,0.0,0
0.7880156757152785,0.010165002946422193,520.0,1100.0,0.15280339550632863,0.6252107961109225,0.0,39987.0,0.5645229958987487,0.0,0
0.7880203929895152,0.010165002946422193,521.0,1100.0,0.15280811278056528,0.6252107961109228,0.0,39987.0,0.5645229958987487,0.0,0
0.7880250633260887,0.010165002946422193,522.0,1100.0,0.1528127831171389,0.6252107961109226,0.0,39987.0,0.5645229958987487,0.0,0
0.788029687192037,0.010165002946422193,523.0,1100.0,0.15281740698308718,0.6252107961109225,0.0,39987.0,0.5645229958987487,0.0,0
0.7880342650497505,0.010165002946422193,524.0,1100.0,0.15282198484080062,0.6252107961109226,0.0,39987.0,0.5645229958987487,0.0,0
0.7880387973570186,0.010165002946422193,525.0,1100.0,0.15282651714806877,0.6252107961109225,0.0,39987.0,0.5645229958987487,0.0,0
0.788043284567076,0.010165002946422193,526.0,1100.0,0.15283100435812608,0.6252107961109226,0.0,39987.0,0.5645229958987487,0.0,0
0.7880477271286471,0.010165002946422193,527.0,1100.0,0.15283544691969725,0.6252107961109228,0.0,39987.0,0.5645229958987487,0.0,0
0.7880521254859922,0.010165002946422193,528.0,1100.0,0.15283984527704228,0.6252107961109227,0.0,39987.0,0.5645229958987487,0.0,0
0.7880564800789503,0.010165002946422193,529.0,1100.0,0.15284419987000045,0.6252107961109226,0.0,39987.0,0.5645229958987487,0.0,0
0.7880607913429847,0.010165002946422193,530.0,1100.0,0.15284851113403475,0.6252107961109227,0.0,39987.0,0.5645229958987487,0.0,0
0.788065059709225,0.010165002946422193,531.0,1100.0,0.1528527795002752,0.6252107961109228,0.0,39987.0,0.5645229958987487,0.0,0
0.7880692856045117,0.010165002946422193,532.0,1100.0,0.15285700539556188,0.6252107961109228,0.0,39987.0,0.5645229958987487,0.0,0
0.7880734694514379,0.010165002946422193,533.0,1100.0,0.15286118924248787,0.6252107961109228,0.0,39987.0,0.5645229958987487,0.0,0
0.7880776116683913,0.010165002946422193,534.0,1100.0,0.1528653314594415,0.6252107961109225,0.0,39987.0,0.5645229958987487,0.0,0
0.7880817126695975,0.010165002946422193,535.0,1100.0,0.15286943246064763,0.6252107961109225,0.0,39987.0,0.5645229958987487,0.0,0
0.78808577286516,0.010165002946422193,536.0,1100.0,0.15287349265621014,0.6252107961109225,0.0,39987.0,0.5645229958987487,0.0,0
0.7880897926611016,0.010165002946422193,537.0,1100.0,0.15287751245215167,0.6252107961109227,0.0,39987.0,0.5645229958987487,0.0,0
0.7880937724594052,0.010165002946422193,538.0,1100.0,0.15288149225045525,0.6252107961109225,0.0,39987.0,0.5645229958987487,0.0,0
0.788097712658054,0.010165002946422193,539.0,1100.0,0.15288543244910413,0.6252107961109226,0.0,39987.0,0.5645229958987487,0.0,0
0.7881016136510713,0.010165002946422193,540.0,1100.0,0.1528893334421215,0.6252107961109228,0.0,39987.0,0.5645229958987487,0.0,0
0.7881054758285595,0.010165002946422193,541.0,1100.0,0.15289319561960968,0.6252107961109223,0.0,39987.0,0.5645229958987487,0.0,0
0.7881092995767396,0.010165002946422193,542.0,1100.0,0.15289701936778974,0.6252107961109227,0.0,39987.0,0.5645229958987487,0.0,0
0.7881130852779897,0.010165002946422193,543.0,1100.0,0.15290080506903977,0.6252107961109228,0.0,39987.0,0.5645229958987487,0.0,0
0.7881168333108829,0.010165002946422193,544.0,1100.0,0.15290455310193304,0.6252107961109227,0.0,39987.0,0.5645229958987487,0.0,0
0.7881205440502256,0.010165002946422193,545.0,1100.0,0.15290826384127576,0.6252107961109227,0.0,39987.0,0.5645229958987487,0.0,0
0.788124217867095,0.010165002946422193,546.0,1100.0,0.15291193765814518,0.6252107961109225,0.0,39987.0,0.5645229958987487,0.0,0
0.7881278551288758,0.010165002946422193,547.0,1100.0,0.15291557491992597,0.6252107961109227,0.0,39987.0,0.5645229958987487,0.0,0
0.7881314561992974,0.010165002946422193,548.0,1100.0,0.15291917599034738,0.6252107961109227,0.0,39987.0,0.5645229958987487,0.0,0
0.7881350214384694,0.010165002946422193,549.0,1100.0,0.1529227412295194,0.6252107961109228,0.0,39987.0,0.5645229958987487,0.0,0
0.7881385512029189,0.010165002946422193,550.0,1100.0,0.15292627099396894,0.6252107961109227,0.0,39987.0,0.5645229958987487,0.0,0
0.7881420458456252,0.010165002946422193,551.0,1100.0,0.15292976563667537,0.6252107961109228,0.0,39987.0,0.5645229958987487,0.0,0
0.7881455057160558,0.010165002946422193,552.0,1100.0,0.15293322550710584,0.6252107961109228,0.0,39987.0,0.5645229958987487,0.0,0
0.7881489311602004,0.010165002946422193,553.0,1100.0,0.15293665095125042,0.6252107961109226,0.0,39987.0,0.5645229958987487,0.0,0
0.7881523225206061,0.010165002946422193,554.0,1100.0,0.15294004231165617,0.6252107961109229,0.0,39987.0,0.5645229958987487,0.0,0
0.7881556801364119,0.010165002946422193,555.0,1100.0,0.15294339992746211,0.6252107961109227,0.0,39987.0,0.5645229958987487,0.0,0
0.7881590043433824,0.010165002946422193,556.0,1100.0,0.15294672413443253,0.6252107961109227,0.0,39987.0,0.5645229958987487,0.0,0
0.7881622954739408,0.010165002946422193,557.0,1100.0,0.15295001526499105,0.6252107961109227,0.0,39987.0,0.5645229958987487,0.0,0
0.7881655538572031,0.010165002946422193,558.0,1100.0,0.15295327364825326,0.6252107961109226,0.0,39987.0,0.5645229958987487,0.0,0
0.7881687798190102,0.010165002946422193,559.0,1100.0,0.15295649961006036,0.6252107961109228,0.0,39987.0,0.5645229958987487,0.0,0
0.7881719736819609,0.010165002946422193,560.0,1100.0,0.15295969347301108,0.6252107961109226,0.0,39987.0,0.5645229958987487,0.0,0
0.7881751357654445,0.010165002946422193,561.0,1100.0,0.15296285555649455,0.6252107961109227,0.0,39987.0,0.5645229958987487,0.0,0
0.7881815261741834,0.010168262734934036,562.0,1101.0,0.15296598617672158,0.6252107961109227,0.0,39987.0,0.5645229958987487,0.0,0
0.7881846256442188,0.010168262734934036,563.0,1101.0,0.15296908564675699,0.6252107961109227,0.0,39987.0,0.5645229958987487,0.0,0
0.7881876942740119,0.010168262734934036,564.0,1101.0,0.15297215427655017,0.6252107961109226,0.0,39987.0,0.5645229958987487,0.0,0
0.7881907323704286,0.010168262734934036,565.0,1101.0,0.15297519237296678,0.6252107961109228,0.0,39987.0,0.5645229958987487,0.0,0
0.7881937402372808,0.010168262734934036,566.0,1101.0,0.152978200239819,0.6252107961109228,0.0,39987.0,0.5645229958987487,0.0,0
0.7881967181753576,0.010168262734934036,567.0,1101.0,0.15298117817789594,0.6252107961109228,0.0,39987.0,0.5645229958987487,0.0,0
0.7881996664824557,0.010168262734934036,568.0,1101.0,0.15298412648499385,0.6252107961109227,0.0,39987.0,0.5645229958987487,0.0,0
0.7882025854534078,0.010168262734934036,569.0,1101.0,0.15298704545594607,0.6252107961109227,0.0,39987.0,0.5645229958987487,0.0,0
0.7882054753801138,0.010168262734934036,570.0,1101.0,0.15298993538265204,0.6252107961109228,0.0,39987.0,0.5645229958987487,0.0,0
0.7882083365515686,0.010168262734934036,571.0,1101.0,0.1529927965541068,0.6252107961109228,0.0,39987.0,0.5645229958987487,0.0,0
0.7882111692538917,0.010168262734934036,572.0,1101.0,0.15299562925642993,0.6252107961109227,0.0,39987.0,0.5645229958987487,0.0,0
0.7882139737703556,0.010168262734934036,573.0,1101.0,0.1529984337728939,0.6252107961109228,0.0,39987.0,0.5645229958987487,0.0,0
0.7882167503814147,0.010168262734934036,574.0,1101.0,0.153001210383953,0.6252107961109226,0.0,39987.0,0.5645229958987487,0.0,0
0.788219499364732,0.010168262734934036,575.0,1101.0,0.15300395936727035,0.6252107961109228,0.0,39987.0,0.5645229958987487,0.0,0
0.7882222209952083,0.010168262734934036,576.0,1101.0,0.1530066809977466,0.6252107961109225,0.0,39987.0,0.5645229958987487,0.0,0
0.7882249155450091,0.010168262734934036,577.0,1101.0,0.15300937554754726,0.6252107961109227,0.0,39987.0,0.5645229958987487,0.0,0
0.7882275832835911,0.010168262734934036,578.0,1101.0,0.15301204328612933,0.6252107961109228,0.0,39987.0,0.5645229958987487,0.0,0
0.7882302244777307,0.010168262734934036,579.0,1101.0,0.15301468448026903,0.6252107961109226,0.0,39987.0,0.5645229958987487,0.0,0
0.7882328393915498,0.010168262734934036,580.0,1101.0,0.15301729939408795,0.6252107961109227,0.0,39987.0,0.5645229958987487,0.0,0
0.7882354282865415,0.010168262734934036,581.0,1101.0,0.15301988828907975,0.6252107961109228,0.0,39987.0,0.5645229958987487,0.0,0
0.7882379914215976,0.010168262734934036,582.0,1101.0,0.15302245142413579,0.6252107961109229,0.0,39987.0,0.5645229958987487,0.0,0
0.7882405290530338,0.010168262734934036,583.0,1101.0,0.15302498905557194,0.6252107961109228,0.0,39987.0,0.5645229958987487,0.0,0
0.7882430414346152,0.010168262734934036,584.0,1101.0,0.15302750143715346,0.6252107961109228,0.0,39987.0,0.5645229958987487,0.0,0
0.7882455288175824,0.010168262734934036,585.0,1101.0,0.15302998882012062,0.6252107961109229,0.0,39987.0,0.5645229958987487,0.0,0
0.7882479914506753,0.010168262734934036,586.0,1101.0,0.1530324514532136,0.6252107961109226,0.0,39987.0,0.5645229958987487,0.0,0
0.7882504295801597,0.010168262734934036,587.0,1101.0,0.15303488958269792,0.6252107961109225,0.0,39987.0,0.5645229958987487,0.0,0
0.7882528434498504,0.010168262734934036,588.0,1101.0,0.15303730345238856,0.6252107961109226,0.0,39987.0,0.5645229958987487,0.0,0
0.7882552333011362,0.010168262734934036,589.0,1101.0,0.15303969330367453,0.6252107961109226,0.0,39987.0,0.5645229958987487,0.0,0
0.7882575993730044,0.010168262734934036,590.0,1101.0,0.15304205937554285,0.6252107961109225,0.0,39987.0,0.5645229958987487,0.0,0
0.7882599419020643,0.010168262734934036,591.0,1101.0,0.15304440190460258,0.6252107961109225,0.0,39987.0,0.5645229958987487,0.0,0
0.7882622611225706,0.010168262734934036,592.0,1101.0,0.1530467211251089,0.6252107961109227,0.0,39987.0,0.5645229958987487,0.0,0
0.7882645572664473,0.010168262734934036,593.0,1101.0,0.15304901726898557,0.6252107961109225,0.0,39987.0,0.5645229958987487,0.0,0
0.7882668305633106,0.010168262734934036,594.0,1101.0,0.1530512905658489,0.6252107961109225,0.0,39987.0,0.5645229958987487,0.0,0
0.7882690812404922,0.010168262734934036,595.0,1101.0,0.15305354124303053,0.6252107961109227,0.0,39987.0,0.5645229958987487,0.0,0
0.7882713095230616,0.010168262734934036,596.0,1101.0,0.1530557695255999,0.6252107961109227,0.0,39987.0,0.5645229958987487,0.0,0
0.7882735156338493,0.010168262734934036,597.0,1101.0,0.15305797563638748,0.6252107961109228,0.0,39987.0,0.5645229958987487,0.0,0
0.7882756997934675,0.010168262734934036,598.0,1101.0,0.15306015979600582,0.6252107961109227,0.0,39987.0,0.5645229958987487,0.0,0
0.7882778622203345,0.010168262734934036,599.0,1101.0,0.15306232222287272,0.6252107961109225,0.0,39987.0,0.5645229958987487,0.0,0
0.7882800031306947,0.010168262734934036,600.0,1101.0,0.15306446313323294,0.6252107961109226,0.0,39987.0,0.5645229958987487,0.0,0
0.7883018361705875,0.010187976166880554,601.0,1102.0,0.15306658274117918,0.6252107961109228,0.0,39987.0,0.5645229958987487,0.0,0
0.7883039346880821,0.010187976166880554,602.0,1102.0,0.1530686812586739,0.6252107961109227,0.0,39987.0,0.5645229958987487,0.0,0
0.788306012324979,0.010187976166880554,603.0,1102.0,0.1530707588955707,0.6252107961109228,0.0,39987.0,0.5645229958987487,0.0,0
0.7883080692890433,0.010187976166880554,604.0,1102.0,0.15307281585963495,0.6252107961109228,0.0,39987.0,0.5645229958987487,0.0,0
0.788310105785973,0.010187976166880554,605.0,1102.0,0.15307485235656482,0.6252107961109225,0.0,39987.0,0.5645229958987487,0.0,0
0.7883121220194198,0.010187976166880554,606.0,1102.0,0.15307686859001168,0.6252107961109225,0.0,39987.0,0.5645229958987487,0.0,0
0.7883141181910086,0.010187976166880554,607.0,1102.0,0.15307886476160049,0.6252107961109226,0.0,39987.0,0.5645229958987487,0.0,0
0.7883160945003582,0.010187976166880554,608.0,1102.0,0.15308084107095007,0.6252107961109228,0.0,39987.0,0.5645229958987487,0.0,0
0.7883180511451015,0.010187976166880554,609.0,1102.0,0.1530827977156932,0.6252107961109227,0.0,39987.0,0.5645229958987487,0.0,0
0.788319988320904,0.010187976166880554,610.0,1102.0,0.1530847348914957,0.6252107961109228,0.0,39987.0,0.5645229958987487,0.0,0
0.7883219062214852,0.010187976166880554,611.0,1102.0,0.15308665279207706,0.6252107961109226,0.0,39987.0,0.5645229958987487,0.0,0
0.7883238050386369,0.010187976166880554,612.0,1102.0,0.15308855160922863,0.6252107961109227,0.0,39987.0,0.5645229958987487,0.0,0
0.7883256849622421,0.010187976166880554,613.0,1102.0,0.15309043153283397,0.6252107961109227,0.0,39987.0,0.5645229958987487,0.0,0
0.7883275461802951,0.010187976166880554,614.0,1102.0,0.15309229275088682,0.6252107961109228,0.0,39987.0,0.5645229958987487,0.0,0
0.7883293888789189,0.010187976166880554,615.0,1102.0,0.15309413544951062,0.6252107961109227,0.0,39987.0,0.5645229958987487,0.0,0
0.788331213242385,0.010187976166880554,616.0,1102.0,0.15309595981297683,0.6252107961109225,0.0,39987.0,0.5645229958987487,0.0,0
0.7883330194531315,0.010187976166880554,617.0,1102.0,0.15309776602372321,0.6252107961109227,0.0,39987.0,0.5645229958987487,0.0,0
0.7883348076917807,0.010187976166880554,618.0,1102.0,0.1530995542623724,0.6252107961109228,0.0,39987.0,0.5645229958987487,0.0,0
0.788336578137158,0.010187976166880554,619.0,1102.0,0.15310132470774973,0.6252107961109227,0.0,39987.0,0.5645229958987487,0.0,0
0.7883383309663095,0.010187976166880554,620.0,1102.0,0.1531030775369012,0.6252107961109227,0.0,39987.0,0.5645229958987487,0.0,0
0.7883400663545196,0.010187976166880554,621.0,1102.0,0.15310481292511124,0.6252107961109228,0.0,39987.0,0.5645229958987487,0.0,0
0.7883417844753282,0.010187976166880554,622.0,1102.0,0.15310653104592004,0.6252107961109227,0.0,39987.0,0.5645229958987487,0.0,0
0.7883434855005493,0.010187976166880554,623.0,1102.0,0.15310823207114105,0.6252107961109227,0.0,39987.0,0.5645229958987487,0.0,0
0.7883451696002867,0.010187976166880554,624.0,1102.0,0.15310991617087846,0.6252107961109223,0.0,39987.0,0.5645229958987487,0.0,0
0.7883468369429518,0.010187976166880554,625.0,1102.0,0.15311158351354356,0.6252107961109228,0.0,39987.0,0.5645229958987487,0.0,0
0.7883484876952801,0.010187976166880554,626.0,1102.0,0.15311323426587187,0.6252107961109228,0.0,39987.0,0.5645229958987487,0.0,0
0.7883501220223482,0.010187976166880554,627.0,1102.0,0.1531148685929399,0.6252107961109225,0.0,39987.0,0.5645229958987487,0.0,0
0.7883517400875905,0.010187976166880554,628.0,1102.0,0.15311648665818212,0.6252107961109227,0.0,39987.0,0.5645229958987487,0.0,0
0.7883533420528144,0.010187976166880554,629.0,1102.0,0.15311808862340606,0.6252107961109228,0.0,39987.0,0.5645229958987487,0.0,0
0.788354928078218,0.010187976166880554,630.0,1102.0,0.1531196746488098,0.6252107961109226,0.0,39987.0,0.5645229958987487,0.0,0
0.7883564983224052,0.010187976166880554,631.0,1102.0,0.15312124489299697,0.6252107961109227,0.0,39987.0,0.5645229958987487,0.0,0
0.7883580529424018,0.010187976166880554,632.0,1102.0,0.15312279951299357,0.6252107961109225,0.0,39987.0,0.5645229958987487,0.0,0
0.7883595920936709,0.010187976166880554,633.0,1102.0,0.15312433866426264,0.6252107961109225,0.0,39987.0,0.5645229958987487,0.0,0
0.788361115930129,0.010187976166880554,634.0,1102.0,0.15312586250072074,0.6252107961109225,0.0,39987.0,0.5645229958987487,0.0,0
0.7883626246041608,0.010187976166880554,635.0,1102.0,0.1531273711747527,0.6252107961109222,0.0,39987.0,0.5645229958987487,0.0,0
0.7883641182666355,0.010187976166880554,636.0,1102.0,0.15312886483722724,0.6252107961109226,0.0,39987.0,0.5645229958987487,0.0,0
0.7883655970669202,0.010187976166880554,637.0,1102.0,0.15313034363751193,0.6252107961109227,0.0,39987.0,0.5645229958987487,0.0,0
0.788367061152896,0.010187976166880554,638.0,1102.0,0.1531318077234878,0.6252107961109227,0.0,39987.0,0.5645229958987487,0.0,0
0.788368510670973,0.010187976166880554,639.0,1102.0,0.15313325724156482,0.6252107961109227,0.0,39987.0,0.5645229958987487,0.0,0
0.7883699457661042,0.010187976166880554,640.0,1102.0,0.15313469233669602,0.6252107961109227,0.0,39987.0,0.5645229958987487,0.0,0
0.7883713665818004,0.010187976166880554,641.0,1102.0,0.15313611315239212,0.6252107961109227,0.0,39987.0,0.5645229958987487,0.0,0
0.7883727732601441,0.010187976166880554,642.0,1102.0,0.15313751983073576,0.6252107961109225,0.0,39987.0,0.5645229958987487,0.0,0
0.7883741659418043,0.010187976166880554,643.0,1102.0,0.15313891251239609,0.6252107961109226,0.0,39987.0,0.5645229958987487,0.0,0
0.7883755447660504,0.010187976166880554,644.0,1102.0,0.15314029133664234,0.6252107961109225,0.0,39987.0,0.5645229958987487,0.0,0
0.7883769098707664,0.010187976166880554,645.0,1102.0,0.15314165644135813,0.6252107961109226,0.0,39987.0,0.5645229958987487,0.0,0
0.7883782613924633,0.010187976166880554,646.0,1102.0,0.15314300796305497,0.6252107961109227,0.0,39987.0,0.5645229958987487,0.0,0
0.7883993153373764,0.010207692037962422,647.0,1103.0,0.15314434603688626,0.6252107961109227,0.0,39987.0,0.5645229958987487,0.0,0
0.7884006400971505,0.010207692037962422,648.0,1103.0,0.15314567079666044,0.6252107961109222,0.0,39987.0,0.5645229958987487,0.0,0
0.7884019516753448,0.010207692037962422,649.0,1103.0,0.15314698237485475,0.6252107961109226,0.0,39987.0,0.5645229958987487,0.0,0
0.788403250203118,0.010207692037962422,650.0,1103.0,0.15314828090262791,0.6252107961109226,0.0,39987.0,0.5645229958987487,0.0,0
0.788404535810324,0.010207692037962422,651.0,1103.0,0.15314956650983388,0.6252107961109228,0.0,39987.0,0.5645229958987487,0.0,0
0.7884058086255243,0.010207692037962422,652.0,1103.0,0.15315083932503434,0.6252107961109228,0.0,39987.0,0.5645229958987487,0.0,0
0.7884070687760022,0.010207692037962422,653.0,1103.0,0.15315209947551203,0.6252107961109229,0.0,39987.0,0.5645229958987487,0.0,0
0.788408316387773,0.010207692037962422,654.0,1103.0,0.15315334708728287,0.6252107961109228,0.0,39987.0,0.5645229958987487,0.0,0
0.7884095515855994,0.010207692037962422,655.0,1103.0,0.1531545822851093,0.6252107961109227,0.0,39987.0,0.5645229958987487,0.0,0
0.7884107744930021,0.010207692037962422,656.0,1103.0,0.1531558051925119,0.6252107961109228,0.0,39987.0,0.5645229958987487,0.0,0
0.7884119852322726,0.010207692037962422,657.0,1103.0,0.1531570159317826,0.6252107961109225,0.0,39987.0,0.5645229958987487,0.0,0
0.7884131839244862,0.010207692037962422,658.0,1103.0,0.15315821462399618,0.6252107961109226,0.0,39987.0,0.5645229958987487,0.0,0
0.7884143706895131,0.010207692037962422,659.0,1103.0,0.15315940138902306,0.6252107961109226,0.0,39987.0,0.5645229958987487,0.0,0
0.7884155456460307,0.010207692037962422,660.0,1103.0,0.15316057634554056,0.6252107961109228,0.0,39987.0,0.5645229958987487,0.0,0
0.7884167089115355,0.010207692037962422,661.0,1103.0,0.15316173961104537,0.6252107961109227,0.0,39987.0,0.5645229958987487,0.0,0
0.7884178606023552,0.010207692037962422,662.0,1103.0,0.1531628913018651,0.6252107961109228,0.0,39987.0,0.5645229958987487,0.0,0
0.7884190008336597,0.010207692037962422,663.0,1103.0,0.1531640315331696,0.625210796110923,0.0,39987.0,0.5645229958987487,0.0,0
0.7884201297194732,0.010207692037962422,664.0,1103.0,0.15316516041898304,0.6252107961109227,0.0,39987.0,0.5645229958987487,0.0,0
0.7884212473726852,0.010207692037962422,665.0,1103.0,0.15316627807219502,0.6252107961109227,0.0,39987.0,0.5645229958987487,0.0,0
0.7884223539050618,0.010207692037962422,666.0,1103.0,0.15316738460457166,0.6252107961109225,0.0,39987.0,0.5645229958987487,0.0,0
0.7884234494272574,0.010207692037962422,667.0,1103.0,0.15316848012676723,0.6252107961109227,0.0,39987.0,0.5645229958987487,0.0,0
0.788424534048825,0.010207692037962422,668.0,1103.0,0.1531695647483349,0.6252107961109228,0.0,39987.0,0.5645229958987487,0.0,0
0.7884256078782277,0.010207692037962422,669.0,1103.0,0.1531706385777376,0.6252107961109229,0.0,39987.0,0.5645229958987487,0.0,0
0.7884266710228494,0.010207692037962422,670.0,1103.0,0.15317170172235928,0.6252107961109227,0.0,39987.0,0.5645229958987487,0.0,0
0.7884277235890053,0.010207692037962422,671.0,1103.0,0.15317275428851507,0.6252107961109228,0.0,39987.0,0.5645229958987487,0.0,0
0.7884287656819527,0.010207692037962422,672.0,1103.0,0.1531737963814627,0.6252107961109226,0.0,39987.0,0.5645229958987487,0.0,0
0.7884297974059024,0.010207692037962422,673.0,1103.0,0.15317482810541233,0.6252107961109228,0.0,39987.0,0.5645229958987487,0.0,0
0.788430818864027,0.010207692037962422,674.0,1103.0,0.15317584956353694,0.6252107961109225,0.0,39987.0,0.5645229958987487,0.0,0
0.7884318301584737,0.010207692037962422,675.0,1103.0,0.15317686085798354,0.6252107961109227,0.0,39987.0,0.5645229958987487,0.0,0
0.7884328313903723,0.010207692037962422,676.0,1103.0,0.1531778620898823,0.6252107961109225,0.0,39987.0,0.5645229958987487,0.0,0
0.7884338226598472,0.010207692037962422,677.0,1103.0,0.15317885335935716,0.6252107961109226,0.0,39987.0,0.5645229958987487,0.0,0
0.788434804066026,0.010207692037962422,678.0,1103.0,0.15317983476553584,0.6252107961109227,0.0,39987.0,0.5645229958987487,0.0,0
0.7884357757070501,0.010207692037962422,679.0,1103.0,0.15318080640656,0.6252107961109228,0.0,39987.0,0.5645229958987487,0.0,0
0.7884367376800846,0.010207692037962422,680.0,1103.0,0.1531817683795945,0.6252107961109225,0.0,39987.0,0.5645229958987487,0.0,0
0.7884376900813274,0.010207692037962422,681.0,1103.0,0.15318272078083722,0.6252107961109227,0.0,39987.0,0.5645229958987487,0.0,0
0.7884386330060195,0.010207692037962422,682.0,1103.0,0.15318366370552924,0.6252107961109228,0.0,39987.0,0.5645229958987487,0.0,0
0.788439566548454,0.010207692037962422,683.0,1103.0,0.15318459724796393,0.6252107961109226,0.0,39987.0,0.5645229958987487,0.0,0
0.7884404908019862,0.010207692037962422,684.0,1103.0,0.15318552150149614,0.6252107961109227,0.0,39987.0,0.5645229958987487,0.0,0
0.7884414058590421,0.010207692037962422,685.0,1103.0,0.15318643655855207,0.6252107961109225,0.0,39987.0,0.5645229958987487,0.0,0
0.7884423118111283,0.010207692037962422,686.0,1103.0,0.15318734251063823,0.6252107961109225,0.0,39987.0,0.5645229958987487,0.0,0
0.7884432087488406,0.010207692037962422,687.0,1103.0,0.15318823944835042,0.6252107961109226,0.0,39987.0,0.5645229958987487,0.0,0
0.7884440967618734,0.010207692037962422,688.0,1103.0,0.15318912746138325,0.6252107961109228,0.0,39987.0,0.5645229958987487,0.0,0
0.788444975939029,0.010207692037962422,689.0,1103.0,0.15319000663853882,0.6252107961109228,0.0,39987.0,0.5645229958987487,0.0,0
0.7884458463682256,0.010207692037962422,690.0,1103.0,0.15319087706773546,0.6252107961109228,0.0,39987.0,0.5645229958987487,0.0,0
0.7884467081365071,0.010207692037962422,691.0,1103.0,0.15319173883601692,0.6252107961109228,0.0,39987.0,0.5645229958987487,0.0,0
0.7884475613300509,0.010207692037962422,692.0,1103.0,0.15319259202956073,0.6252107961109226,0.0,39987.0,0.5645229958987487,0.0,0
0.7884484060341771,0.010207692037962422,693.0,1103.0,0.15319343673368696,0.6252107961109227,0.0,39987.0,0.5645229958987487,0.0,0
0.7884492423333567,0.010207692037962422,694.0,1103.0,0.15319427303286653,0.6252107961109226,0.0,39987.0,0.5645229958987487,0.0,0
0.7884500703112205,0.010207692037962422,695.0,1103.0,0.15319510101073042,0.6252107961109226,0.0,39987.0,0.5645229958987487,0.0,0
0.788450890050567,0.010207692037962422,696.0,1103.0,0.1531959207500769,0.6252107961109226,0.0,39987.0,0.5645229958987487,0.0,0
0.7884517016333706,0.010207692037962422,697.0,1103.0,0.15319673233288053,0.6252107961109227,0.0,39987.0,0.5645229958987487,0.0,0
0.7884525051407905,0.010207692037962422,698.0,1103.0,0.15319753584030035,0.6252107961109227,0.0,39987.0,0.5645229958987487,0.0,0
0.7884533006531779,0.010207692037962422,699.0,1103.0,0.1531983313526877,0.6252107961109226,0.0,39987.0,0.5645229958987487,0.0,0
0.7884540882500849,0.010207692037962422,700.0,1103.0,0.15319911894959468,0.6252107961109228,0.0,39987.0,0.5645229958987487,0.0,0
0.7884548680102715,0.010207692037962422,701.0,1103.0,0.15319989870978143,0.6252107961109227,0.0,39987.0,0.5645229958987487,0.0,0
0.7884556400117149,0.010207692037962422,702.0,1103.0,0.15320067071122473,0.6252107961109228,0.0,39987.0,0.5645229958987487,0.0,0
0.7884564043316153,0.010207692037962422,703.0,1103.0,0.15320143503112527,0.6252107961109228,0.0,39987.0,0.5645229958987487,0.0,0
0.7884571610464058,0.010207692037962422,704.0,1103.0,0.15320219174591568,0.6252107961109226,0.0,39987.0,0.5645229958987487,0.0,0
0.7884579102317583,0.010207692037962422,705.0,1103.0,0.15320294093126813,0.6252107961109227,0.0,39987.0,0.5645229958987487,0.0,0
0.7884586519625921,0.010207692037962422,706.0,1103.0,0.15320368266210196,0.6252107961109228,0.0,39987.0,0.5645229958987487,0.0,0
0.7884593863130805,0.010207692037962422,707.0,1103.0,0.15320441701259044,0.6252107961109227,0.0,39987.0,0.5645229958987487,0.0,0
0.7884601133566598,0.010207692037962422,708.0,1103.0,0.15320514405616958,0.6252107961109228,0.0,39987.0,0.5645229958987487,0.0,0
0.7884608331660343,0.010207692037962422,709.0,1103.0,0.15320586386554425,0.6252107961109227,0.0,39987.0,0.5645229958987487,0.0,0
0.7884615458131861,0.010207692037962422,710.0,1103.0,0.15320657651269595,0.6252107961109228,0.0,39987.0,0.5645229958987487,0.0,0
0.7884622513693801,0.010207692037962422,711.0,1103.0,0.15320728206889,0.6252107961109226,0.0,39987.0,0.5645229958987487,0.0,0
0.7884629499051727,0.010207692037962422,712.0,1103.0,0.1532079806046826,0.6252107961109227,0.0,39987.0,0.5645229958987487,0.0,0
0.7884636414904181,0.010207692037962422,713.0,1103.0,0.15320867218992804,0.6252107961109228,0.0,39987.0,0.5645229958987487,0.0,0
0.7884643261942753,0.010207692037962422,714.0,1103.0,0.1532093568937852,0.6252107961109228,0.0,39987.0,0.5645229958987487,0.0,0
0.7884650040852152,0.010207692037962422,715.0,1103.0,0.1532100347847251,0.6252107961109227,0.0,39987.0,0.5645229958987487,0.0,0
0.7884656752310277,0.010207692037962422,716.0,1103.0,0.15321070593053765,0.6252107961109228,0.0,39987.0,0.5645229958987487,0.0,0
0.7884663396988277,0.010207692037962422,717.0,1103.0,0.15321137039833768,0.6252107961109228,0.0,39987.0,0.5645229958987487,0.0,0
0.7884669975550627,0.010207692037962422,718.0,1103.0,0.15321202825457253,0.6252107961109228,0.0,39987.0,0.5645229958987487,0.0,0
0.7884676488655188,0.010207692037962422,719.0,1103.0,0.15321267956502868,0.6252107961109227,0.0,39987.0,0.5645229958987487,0.0,0
0.7884682936953274,0.010207692037962422,720.0,1103.0,0.15321332439483737,0.6252107961109228,0.0,39987.0,0.5645229958987487,0.0,0
0.7884689321089724,0.010207692037962422,721.0,1103.0,0.15321396280848226,0.6252107961109228,0.0,39987.0,0.5645229958987487,0.0,0
0.7884695641702955,0.010207692037962422,722.0,1103.0,0.15321459486980532,0.6252107961109227,0.0,39987.0,0.5645229958987487,0.0,0
0.7884701899425032,0.010207692037962422,723.0,1103.0,0.15321522064201307,0.6252107961109227,0.0,39987.0,0.5645229958987487,0.0,0
0.7884708094881735,0.010207692037962422,724.0,1103.0,0.15321584018768336,0.6252107961109227,0.0,39987.0,0.5645229958987487,0.0,0
0.7884714228692612,0.010207692037962422,725.0,1103.0,0.15321645356877112,0.6252107961109226,0.0,39987.0,0.5645229958987487,0.0,0
0.7884720301471052,0.010207692037962422,726.0,1103.0,0.15321706084661518,0.6252107961109226,0.0,39987.0,0.5645229958987487,0.0,0
0.7884726313824338,0.010207692037962422,727.0,1103.0,0.1532176620819437,0.6252107961109228,0.0,39987.0,0.5645229958987487,0.0,0
0.788473226635371,0.010207692037962422,728.0,1103.0,0.1532182573348808,0.6252107961109228,0.0,39987.0,0.5645229958987487,0.0,0
0.7884738159654423,0.010207692037962422,729.0,1103.0,0.1532188466649522,0.6252107961109227,0.0,39987.0,0.5645229958987487,0.0,0
0.7884743994315815,0.010207692037962422,730.0,1103.0,0.15321943013109135,0.6252107961109228,0.0,39987.0,0.5645229958987487,0.0,0
0.7884749770921355,0.010207692037962422,731.0,1103.0,0.15322000779164544,0.6252107961109227,0.0,39987.0,0.5645229958987487,0.0,0
0.7884755490048713,0.010207692037962422,732.0,1103.0,0.15322057970438105,0.6252107961109226,0.0,39987.0,0.5645229958987487,0.0,0
0.7884761152269799,0.010207692037962422,733.0,1103.0,0.15322114592648972,0.6252107961109229,0.0,39987.0,0.5645229958987487,0.0,0
0.7884766758150845,0.010207692037962422,734.0,1103.0,0.15322170651459438,0.6252107961109228,0.0,39987.0,0.5645229958987487,0.0,0
0.7884772308252443,0.010207692037962422,735.0,1103.0,0.1532222615247542,0.6252107961109228,0.0,39987.0,0.5645229958987487,0.0,0
0.7884777803129608,0.010207692037962422,736.0,1103.0,0.15322281101247062,0.6252107961109227,0.0,39987.0,0.5645229958987487,0.0,0
0.7884783243331831,0.010207692037962422,737.0,1103.0,0.15322335503269296,0.6252107961109228,0.0,39987.0,0.5645229958987487,0.0,0
0.7884788629403137,0.010207692037962422,738.0,1103.0,0.1532238936398236,0.6252107961109227,0.0,39987.0,0.5645229958987487,0.0,0
0.7884793961882138,0.010207692037962422,739.0,1103.0,0.15322442688772378,0.6252107961109226,0.0,39987.0,0.5645229958987487,0.0,0
0.7884799241302088,0.010207692037962422,740.0,1103.0,0.1532249548297187,0.625210796110923,0.0,39987.0,0.5645229958987487,0.0,0
0.7884804468190931,0.010207692037962422,741.0,1103.0,0.15322547751860296,0.6252107961109229,0.0,39987.0,0.5645229958987487,0.0,0
0.788480964307136,0.010207692037962422,742.0,1103.0,0.15322599500664588,0.6252107961109228,0.0,39987.0,0.5645229958987487,0.0,0
0.7884814766460869,0.010207692037962422,743.0,1103.0,0.15322650734559679,0.6252107961109228,0.0,39987.0,0.5645229958987487,0.0,0
0.78848198388718,0.010207692037962422,744.0,1103.0,0.1532270145866899,0.6252107961109226,0.0,39987.0,0.5645229958987487,0.0,0
0.78848248608114,0.010207692037962422,745.0,1103.0,0.15322751678065,0.6252107961109226,0.0,39987.0,0.5645229958987487,0.0,0
0.7884829832781867,0.010207692037962422,746.0,1103.0,0.15322801397769656,0.6252107961109227,0.0,39987.0,0.5645229958987487,0.0,0
0.78848347552804,0.010207692037962422,747.0,1103.0,0.15322850622754985,0.6252107961109227,0.0,39987.0,0.5645229958987487,0.0,0
0.7884839628799254,0.010207692037962422,748.0,1103.0,0.15322899357943526,0.6252107961109228,0.0,39987.0,0.5645229958987487,0.0,0
0.7884844453825784,0.010207692037962422,749.0,1103.0,0.15322947608208837,0.6252107961109225,0.0,39987.0,0.5645229958987487,0.0,0
0.78848492308425,0.010207692037962422,750.0,1103.0,0.15322995378375992,0.6252107961109225,0.0,39987.0,0.5645229958987487,0.0,0
0.7884853960327106,0.010207692037962422,751.0,1103.0,0.15323042673222048,0.6252107961109228,0.0,39987.0,0.5645229958987487,0.0,0
0.7884858642752552,0.010207692037962422,752.0,1103.0,0.1532308949747651,0.6252107961109228,0.0,39987.0,0.5645229958987487,0.0,0
0.7884863278587088,0.010207692037962422,753.0,1103.0,0.15323135855821865,0.6252107961109228,0.0,39987.0,0.5645229958987487,0.0,0
0.7884867868294297,0.010207692037962422,754.0,1103.0,0.15323181752893966,0.6252107961109227,0.0,39987.0,0.5645229958987487,0.0,0
0.7884872412333159,0.010207692037962422,755.0,1103.0,0.1532322719328258,0.6252107961109226,0.0,39987.0,0.5645229958987487,0.0,0
0.7884876911158079,0.010207692037962422,756.0,1103.0,0.1532327218153177,0.6252107961109228,0.0,39987.0,0.5645229958987487,0.0,0
0.7884881365218941,0.010207692037962422,757.0,1103.0,0.15323316722140398,0.6252107961109227,0.0,39987.0,0.5645229958987487,0.0,0
0.7884885774961158,0.010207692037962422,758.0,1103.0,0.15323360819562568,0.6252107961109227,0.0,39987.0,0.5645229958987487,0.0,0
0.7884890140825707,0.010207692037962422,759.0,1103.0,0.1532340447820805,0.6252107961109227,0.0,39987.0,0.5645229958987487,0.0,0
0.7884894463249177,0.010207692037962422,760.0,1103.0,0.15323447702442758,0.6252107961109228,0.0,39987.0,0.5645229958987487,0.0,0
0.7884898742663815,0.010207692037962422,761.0,1103.0,0.1532349049658914,0.6252107961109227,0.0,39987.0,0.5645229958987487,0.0,0
0.7884902979497568,0.010207692037962422,762.0,1103.0,0.15323532864926656,0.6252107961109227,0.0,39987.0,0.5645229958987487,0.0,0
0.7884907174174118,0.010207692037962422,763.0,1103.0,0.15323574811692173,0.6252107961109228,0.0,39987.0,0.5645229958987487,0.0,0
0.7884911327112939,0.010207692037962422,764.0,1103.0,0.15323616341080387,0.6252107961109227,0.0,39987.0,0.5645229958987487,0.0,0
0.7884915438729331,0.010207692037962422,765.0,1103.0,0.15323657457244289,0.6252107961109228,0.0,39987.0,0.5645229958987487,0.0,0
0.7884919509434455,0.010207692037962422,766.0,1103.0,0.1532369816429553,0.6252107961109228,0.0,39987.0,0.5645229958987487,0.0,0
0.7884923539635386,0.010207692037962422,767.0,1103.0,0.15323738466304843,0.6252107961109229,0.0,39987.0,0.5645229958987487,0.0,0
0.7884927529735147,0.010207692037962422,768.0,1103.0,0.15323778367302465,0.6252107961109228,0.0,39987.0,0.5645229958987487,0.0,0
0.7884931480132753,0.010207692037962422,769.0,1103.0,0.1532381787127852,0.6252107961109227,0.0,39987.0,0.5645229958987487,0.0,0
0.7884935391223247,0.010207692037962422,770.0,1103.0,0.15323856982183445,0.6252107961109228,0.0,39987.0,0.5645229958987487,0.0,0
0.7884939263397738,0.010207692037962422,771.0,1103.0,0.1532389570392836,0.6252107961109228,0.0,39987.0,0.5645229958987487,0.0,0
0.788494309704345,0.010207692037962422,772.0,1103.0,0.1532393404038549,0.6252107961109225,0.0,39987.0,0.5645229958987487,0.0,0
0.788494689254375,0.010207692037962422,773.0,1103.0,0.15323971995388497,0.6252107961109228,0.0,39987.0,0.5645229958987487,0.0,0
0.7884950650278191,0.010207692037962422,774.0,1103.0,0.15324009572732908,0.6252107961109225,0.0,39987.0,0.5645229958987487,0.0,0
0.788495437062255,0.010207692037962422,775.0,1103.0,0.1532404677617649,0.6252107961109227,0.0,39987.0,0.5645229958987487,0.0,0
0.7884958053948863,0.010207692037962422,776.0,1103.0,0.15324083609439623,0.6252107961109226,0.0,39987.0,0.5645229958987487,0.0,0
0.7884961700625469,0.010207692037962422,777.0,1103.0,0.15324120076205675,0.6252107961109228,0.0,39987.0,0.5645229958987487,0.0,0
0.7884965311017035,0.010207692037962422,778.0,1103.0,0.1532415618012134,0.6252107961109227,0.0,39987.0,0.5645229958987487,0.0,0
0.7884968885484606,0.010207692037962422,779.0,1103.0,0.15324191924797037,0.6252107961109228,0.0,39987.0,0.5645229958987487,0.0,0
0.7884972424385628,0.010207692037962422,780.0,1103.0,0.15324227313807262,0.6252107961109227,0.0,39987.0,0.5645229958987487,0.0,0
0.7884975928073996,0.010207692037962422,781.0,1103.0,0.15324262350690956,0.6252107961109227,0.0,39987.0,0.5645229958987487,0.0,0
0.7884979396900085,0.010207692037962422,782.0,1103.0,0.1532429703895184,0.6252107961109228,0.0,39987.0,0.5645229958987487,0.0,0
0.7884982831210777,0.010207692037962422,783.0,1103.0,0.15324331382058756,0.6252107961109223,0.0,39987.0,0.5645229958987487,0.0,0
0.7884986231349507,0.010207692037962422,784.0,1103.0,0.15324365383446045,0.6252107961109227,0.0,39987.0,0.5645229958987487,0.0,0
0.7884989597656289,0.010207692037962422,785.0,1103.0,0.15324399046513884,0.6252107961109226,0.0,39987.0,0.5645229958987487,0.0,0
0.788499293046776,0.010207692037962422,786.0,1103.0,0.15324432374628597,0.6252107961109228,0.0,39987.0,0.5645229958987487,0.0,0
0.7884996230117205,0.010207692037962422,787.0,1103.0,0.15324465371123036,0.6252107961109229,0.0,39987.0,0.5645229958987487,0.0,0
0.7884999496934587,0.010207692037962422,788.0,1103.0,0.15324498039296863,0.6252107961109226,0.0,39987.0,0.5645229958987487,0.0,0
0.7885002731246595,0.010207692037962422,789.0,1103.0,0.15324530382416937,0.625210796110923,0.0,39987.0,0.5645229958987487,0.0,0
0.788500593337666,0.010207692037962422,790.0,1103.0,0.1532456240371758,0.6252107961109227,0.0,39987.0,0.5645229958987487,0.0,0
0.7885009103644998,0.010207692037962422,791.0,1103.0,0.1532459410640096,0.6252107961109228,0.0,39987.0,0.5645229958987487,0.0,0
0.7885012242368638,0.010207692037962422,792.0,1103.0,0.1532462549363737,0.6252107961109225,0.0,39987.0,0.5645229958987487,0.0,0
0.7885015349861457,0.010207692037962422,793.0,1103.0,0.15324656568565556,0.6252107961109226,0.0,39987.0,0.5645229958987487,0.0,0
0.7885018426434207,0.010207692037962422,794.0,1103.0,0.15324687334293052,0.6252107961109228,0.0,39987.0,0.5645229958987487,0.0,0
0.7885021472394544,0.010207692037962422,795.0,1103.0,0.1532471779389643,0.6252107961109228,0.0,39987.0,0.5645229958987487,0.0,0
0.7885024488047071,0.010207692037962422,796.0,1103.0,0.15324747950421702,0.6252107961109228,0.0,39987.0,0.5645229958987487,0.0,0
0.7885027473693353,0.010207692037962422,797.0,1103.0,0.1532477780688452,0.6252107961109228,0.0,39987.0,0.5645229958987487,0.0,0
0.788503042963196,0.010207692037962422,798.0,1103.0,0.1532480736627058,0.6252107961109227,0.0,39987.0,0.5645229958987487,0.0,0
0.7885033356158485,0.010207692037962422,799.0,1103.0,0.15324836631535832,0.6252107961109228,0.0,39987.0,0.5645229958987487,0.0,0
0.7885036253565584,0.010207692037962422,800.0,1103.0,0.15324865605606836,0.6252107961109227,0.0,39987.0,0.5645229958987487,0.0,0
0.7885039122143003,0.010207692037962422,801.0,1103.0,0.15324894291381014,0.6252107961109227,0.0,39987.0,0.5645229958987487,0.0,0
0.7885041962177597,0.010207692037962422,802.0,1103.0,0.15324922691726964,0.6252107961109223,0.0,39987.0,0.5645229958987487,0.0,0
0.7885044773953376,0.010207692037962422,803.0,1103.0,0.15324950809484753,0.6252107961109227,0.0,39987.0,0.5645229958987487,0.0,0
0.7885047557751519,0.010207692037962422,804.0,1103.0,0.1532497864746618,0.6252107961109228,0.0,39987.0,0.5645229958987487,0.0,0
0.7885050313850407,0.010207692037962422,805.0,1103.0,0.15325006208455058,0.6252107961109227,0.0,39987.0,0.5645229958987487,0.0,0
0.7885053042525654,0.010207692037962422,806.0,1103.0,0.15325033495207518,0.6252107961109227,0.0,39987.0,0.5645229958987487,0.0,0
0.7885055744050127,0.010207692037962422,807.0,1103.0,0.1532506051045225,0.6252107961109228,0.0,39987.0,0.5645229958987487,0.0,0
0.7885058418693982,0.010207692037962422,808.0,1103.0,0.15325087256890815,0.6252107961109228,0.0,39987.0,0.5645229958987487,0.0,0
0.7885061066724687,0.010207692037962422,809.0,1103.0,0.15325113737197865,0.6252107961109225,0.0,39987.0,0.5645229958987487,0.0,0
0.7885063688407048,0.010207692037962422,810.0,1103.0,0.15325139954021458,0.6252107961109228,0.0,39987.0,0.5645229958987487,0.0,0
0.788506628400323,0.010207692037962422,811.0,1103.0,0.15325165909983296,0.6252107961109226,0.0,39987.0,0.5645229958987487,0.0,0
0.7885068853772802,0.010207692037962422,812.0,1103.0,0.15325191607678998,0.6252107961109229,0.0,39987.0,0.5645229958987487,0.0,0
0.7885071397972737,0.010207692037962422,813.0,1103.0,0.15325217049678355,0.6252107961109225,0.0,39987.0,0.5645229958987487,0.0,0
0.788507391685746,0.010207692037962422,814.0,1103.0,0.15325242238525597,0.6252107961109228,0.0,39987.0,0.5645229958987487,0.0,0
0.7885076410678862,0.010207692037962422,815.0,1103.0,0.15325267176739604,0.6252107961109227,0.0,39987.0,0.5645229958987487,0.0,0
0.7885078879686326,0.010207692037962422,816.0,1103.0,0.1532529186681425,0.6252107961109228,0.0,39987.0,0.5645229958987487,0.0,0
0.7885081324126756,0.010207692037962422,817.0,1103.0,0.15325316311218545,0.6252107961109225,0.0,39987.0,0.5645229958987487,0.0,0
0.7885083744244598,0.010207692037962422,818.0,1103.0,0.1532534051239696,0.6252107961109228,0.0,39987.0,0.5645229958987487,0.0,0
0.7885086140281863,0.010207692037962422,819.0,1103.0,0.15325364472769615,0.6252107961109228,0.0,39987.0,0.5645229958987487,0.0,0
0.7885088512478159,0.010207692037962422,820.0,1103.0,0.15325388194732584,0.6252107961109226,0.0,39987.0,0.5645229958987487,0.0,0
0.7885090861070709,0.010207692037962422,821.0,1103.0,0.15325411680658077,0.6252107961109227,0.0,39987.0,0.5645229958987487,0.0,0
0.7885093186294371,0.010207692037962422,822.0,1103.0,0.15325434932894702,0.6252107961109226,0.0,39987.0,0.5645229958987487,0.0,0
0.7885095488381673,0.010207692037962422,823.0,1103.0,0.15325457953767713,0.6252107961109226,0.0,39987.0,0.5645229958987487,0.0,0
0.7885097767562822,0.010207692037962422,824.0,1103.0,0.1532548074557921,0.6252107961109225,0.0,39987.0,0.5645229958987487,0.0,0
0.7885100024065741,0.010207692037962422,825.0,1103.0,0.15325503310608393,0.6252107961109227,0.0,39987.0,0.5645229958987487,0.0,0
0.7885102258116079,0.010207692037962422,826.0,1103.0,0.1532552565111178,0.6252107961109228,0.0,39987.0,0.5645229958987487,0.0,0
0.7885104469937246,0.010207692037962422,827.0,1103.0,0.15325547769323444,0.6252107961109227,0.0,39987.0,0.5645229958987487,0.0,0
0.7885106659750425,0.010207692037962422,828.0,1103.0,0.15325569667455236,0.6252107961109227,0.0,39987.0,0.5645229958987487,0.0,0
0.7885108827774598,0.010207692037962422,829.0,1103.0,0.15325591347696974,0.6252107961109228,0.0,39987.0,0.5645229958987487,0.0,0
0.7885110974226569,0.010207692037962422,830.0,1103.0,0.15325612812216693,0.6252107961109225,0.0,39987.0,0.5645229958987487,0.0,0
0.7885113099320987,0.010207692037962422,831.0,1103.0,0.15325634063160867,0.6252107961109227,0.0,39987.0,0.5645229958987487,0.0,0
0.7885115203270364,0.010207692037962422,832.0,1103.0,0.15325655102654623,0.6252107961109228,0.0,39987.0,0.5645229958987487,0.0,0
0.7885117286285094,0.010207692037962422,833.0,1103.0,0.15325675932801924,0.6252107961109228,0.0,39987.0,0.5645229958987487,0.0,0
0.7885119348573479,0.010207692037962422,834.0,1103.0,0.15325696555685786,0.6252107961109227,0.0,39987.0,0.5645229958987487,0.0,0
0.7885121390341754,0.010207692037962422,835.0,1103.0,0.15325716973368533,0.6252107961109228,0.0,39987.0,0.5645229958987487,0.0,0
0.7885123411794096,0.010207692037962422,836.0,1103.0,0.15325737187891939,0.6252107961109229,0.0,39987.0,0.5645229958987487,0.0,0
0.7885125413132649,0.010207692037962422,837.0,1103.0,0.15325757201277468,0.6252107961109226,0.0,39987.0,0.5645229958987487,0.0,0
0.7885127394557551,0.010207692037962422,838.0,1103.0,0.1532577701552649,0.6252107961109228,0.0,39987.0,0.5645229958987487,0.0,0
0.7885129356266947,0.010207692037962422,839.0,1103.0,0.1532579663262045,0.6252107961109228,0.0,39987.0,0.5645229958987487,0.0,0
0.7885131298457008,0.010207692037962422,840.0,1103.0,0.15325816054521052,0.6252107961109228,0.0,39987.0,0.5645229958987487,0.0,0
0.7885133221321953,0.010207692037962422,841.0,1103.0,0.15325835283170516,0.6252107961109226,0.0,39987.0,0.5645229958987487,0.0,0
0.7885135125054074,0.010207692037962422,842.0,1103.0,0.1532585432049173,0.6252107961109228,0.0,39987.0,0.5645229958987487,0.0,0
0.7885137009843743,0.010207692037962422,843.0,1103.0,0.1532587316838842,0.6252107961109227,0.0,39987.0,0.5645229958987487,0.0,0
0.7885138875879442,0.010207692037962422,844.0,1103.0,0.15325891828745405,0.6252107961109228,0.0,39987.0,0.5645229958987487,0.0,0
0.7885140723347775,0.010207692037962422,845.0,1103.0,0.15325910303428741,0.6252107961109225,0.0,39987.0,0.5645229958987487,0.0,0
0.7885142552433493,0.010207692037962422,846.0,1103.0,0.15325928594285912,0.6252107961109228,0.0,39987.0,0.5645229958987487,0.0,0
0.7885144363319502,0.010207692037962422,847.0,1103.0,0.15325946703146,0.6252107961109228,0.0,39987.0,0.5645229958987487,0.0,0
0.7885146156186894,0.010207692037962422,848.0,1103.0,0.15325964631819933,0.6252107961109228,0.0,39987.0,0.5645229958987487,0.0,0
0.7885147931214959,0.010207692037962422,849.0,1103.0,0.1532598238210057,0.6252107961109227,0.0,39987.0,0.5645229958987487,0.0,0
0.7885149688581199,0.010207692037962422,850.0,1103.0,0.15325999955762973,0.6252107961109229,0.0,39987.0,0.5645229958987487,0.0,0
0.7885151428461351,0.010207692037962422,851.0,1103.0,0.1532601735456451,0.6252107961109228,0.0,39987.0,0.5645229958987487,0.0,0
0.7885153151029408,0.010207692037962422,852.0,1103.0,0.15326034580245076,0.6252107961109227,0.0,39987.0,0.5645229958987487,0.0,0
0.7885154856457626,0.010207692037962422,853.0,1103.0,0.1532605163452725,0.6252107961109226,0.0,39987.0,0.5645229958987487,0.0,0
0.7885156544916551,0.010207692037962422,854.0,1103.0,0.15326068519116495,0.6252107961109227,0.0,39987.0,0.5645229958987487,0.0,0
0.7885158216575027,0.010207692037962422,855.0,1103.0,0.15326085235701253,0.6252107961109228,0.0,39987.0,0.5645229958987487,0.0,0
0.7885159871600224,0.010207692037962422,856.0,1103.0,0.15326101785953228,0.6252107961109226,0.0,39987.0,0.5645229958987487,0.0,0
0.7885161510157646,0.010207692037962422,857.0,1103.0,0.15326118171527442,0.6252107961109226,0.0,39987.0,0.5645229958987487,0.0,0
0.7885163132411147,0.010207692037962422,858.0,1103.0,0.15326134394062468,0.6252107961109226,0.0,39987.0,0.5645229958987487,0.0,0
0.7885164738522958,0.010207692037962422,859.0,1103.0,0.15326150455180568,0.6252107961109227,0.0,39987.0,0.5645229958987487,0.0,0
0.788516632865369,0.010207692037962422,860.0,1103.0,0.15326166356487883,0.6252107961109228,0.0,39987.0,0.5645229958987487,0.0,0
0.7885167902962356,0.010207692037962422,861.0,1103.0,0.1532618209957453,0.6252107961109228,0.0,39987.0,0.5645229958987487,0.0,0
0.7885169461606388,0.010207692037962422,862.0,1103.0,0.15326197686014867,0.6252107961109228,0.0,39987.0,0.5645229958987487,0.0,0
0.7885171004741653,0.010207692037962422,863.0,1103.0,0.1532621311736752,0.6252107961109228,0.0,39987.0,0.5645229958987487,0.0,0
0.7885172532522465,0.010207692037962422,864.0,1103.0,0.15326228395175645,0.6252107961109226,0.0,39987.0,0.5645229958987487,0.0,0
0.7885174045101605,0.010207692037962422,865.0,1103.0,0.15326243520967048,0.6252107961109225,0.0,39987.0,0.5645229958987487,0.0,0
0.7885175542630333,0.010207692037962422,866.0,1103.0,0.15326258496254314,0.6252107961109226,0.0,39987.0,0.5645229958987487,0.0,0
0.7885177025258399,0.010207692037962422,867.0,1103.0,0.15326273322534978,0.6252107961109227,0.0,39987.0,0.5645229958987487,0.0,0
0.7885178493134068,0.010207692037962422,868.0,1103.0,0.1532628800129168,0.6252107961109225,0.0,39987.0,0.5645229958987487,0.0,0
0.7885179946404133,0.010207692037962422,869.0,1103.0,0.15326302533992314,0.6252107961109226,0.0,39987.0,0.5645229958987487,0.0,0
0.7885181385213917,0.010207692037962422,870.0,1103.0,0.1532631692209016,0.6252107961109227,0.0,39987.0,0.5645229958987487,0.0,0
0.7885182809707305,0.010207692037962422,871.0,1103.0,0.15326331167024046,0.6252107961109225,0.0,39987.0,0.5645229958987487,0.0,0
0.7885184220026747,0.010207692037962422,872.0,1103.0,0.15326345270218467,0.6252107961109227,0.0,39987.0,0.5645229958987487,0.0,0
0.7885185616313276,0.010207692037962422,873.0,1103.0,0.1532635923308376,0.6252107961109227,0.0,39987.0,0.5645229958987487,0.0,0
0.7885186998706525,0.010207692037962422,874.0,1103.0,0.1532637305701623,0.6252107961109227,0.0,39987.0,0.5645229958987487,0.0,0
0.7885188367344728,0.010207692037962422,875.0,1103.0,0.1532638674339826,0.6252107961109228,0.0,39987.0,0.5645229958987487,0.0,0
0.7885189722364753,0.010207692037962422,876.0,1103.0,0.1532640029359853,0.6252107961109228,0.0,39987.0,0.5645229958987487,0.0,0
0.7885191063902104,0.010207692037962422,877.0,1103.0,0.1532641370897203,0.6252107961109227,0.0,39987.0,0.5645229958987487,0.0,0
0.7885192392090936,0.010207692037962422,878.0,1103.0,0.15326426990860356,0.6252107961109227,0.0,39987.0,0.5645229958987487,0.0,0
0.7885193707064069,0.010207692037962422,879.0,1103.0,0.15326440140591677,0.6252107961109227,0.0,39987.0,0.5645229958987487,0.0,0
0.7885195008953,0.010207692037962422,880.0,1103.0,0.15326453159480982,0.6252107961109226,0.0,39987.0,0.5645229958987487,0.0,0
0.7885196297887919,0.010207692037962422,881.0,1103.0,0.15326466048830178,0.6252107961109225,0.0,39987.0,0.5645229958987487,0.0,0
0.7885197573997721,0.010207692037962422,882.0,1103.0,0.15326478809928204,0.6252107961109227,0.0,39987.0,0.5645229958987487,0.0,0
0.7885198837410019,0.010207692037962422,883.0,1103.0,0.15326491444051185,0.6252107961109225,0.0,39987.0,0.5645229958987487,0.0,0
0.7885200088251154,0.010207692037962422,884.0,1103.0,0.15326503952462533,0.6252107961109228,0.0,39987.0,0.5645229958987487,0.0,0
0.7885201326646213,0.010207692037962422,885.0,1103.0,0.15326516336413118,0.6252107961109225,0.0,39987.0,0.5645229958987487,0.0,0
0.7885202552719035,0.010207692037962422,886.0,1103.0,0.15326528597141342,0.6252107961109228,0.0,39987.0,0.5645229958987487,0.0,0
0.7885203766592229,0.010207692037962422,887.0,1103.0,0.15326540735873276,0.6252107961109228,0.0,39987.0,0.5645229958987487,0.0,0
0.788520496838718,0.010207692037962422,888.0,1103.0,0.15326552753822797,0.6252107961109227,0.0,39987.0,0.5645229958987487,0.0,0
0.7885206158224075,0.010207692037962422,889.0,1103.0,0.15326564652191738,0.6252107961109226,0.0,39987.0,0.5645229958987487,0.0,0
0.7885207336221893,0.010207692037962422,890.0,1103.0,0.1532657643216993,0.6252107961109226,0.0,39987.0,0.5645229958987487,0.0,0
0.7885208502498439,0.010207692037962422,891.0,1103.0,0.15326588094935373,0.6252107961109227,0.0,39987.0,0.5645229958987487,0.0,0
0.7885209657170338,0.010207692037962422,892.0,1103.0,0.15326599641654365,0.6252107961109227,0.0,39987.0,0.5645229958987487,0.0,0
0.788521080035306,0.010207692037962422,893.0,1103.0,0.15326611073481575,0.6252107961109228,0.0,39987.0,0.5645229958987487,0.0,0
0.7885211932160923,0.010207692037962422,894.0,1103.0,0.15326622391560216,0.6252107961109228,0.0,39987.0,0.5645229958987487,0.0,0
0.7885213052707111,0.010207692037962422,895.0,1103.0,0.1532663359702209,0.6252107961109229,0.0,39987.0,0.5645229958987487,0.0,0
0.7885214162103676,0.010207692037962422,896.0,1103.0,0.1532664469098775,0.6252107961109226,0.0,39987.0,0.5645229958987487,0.0,0
0.7885215260461562,0.010207692037962422,897.0,1103.0,0.15326655674566617,0.6252107961109226,0.0,39987.0,0.5645229958987487,0.0,0
0.7885216347890605,0.010207692037962422,898.0,1103.0,0.1532666654885703,0.6252107961109225,0.0,39987.0,0.5645229958987487,0.0,0
0.7885217424499547,0.010207692037962422,899.0,1103.0,0.15326677314946457,0.6252107961109225,0.0,39987.0,0.5645229958987487,0.0,0
0.7885218490396051,0.010207692037962422,900.0,1103.0,0.15326687973911507,0.6252107961109225,0.0,39987.0,0.5645229958987487,0.0,0
0.7885219545686709,0.010207692037962422,901.0,1103.0,0.15326698526818078,0.6252107961109227,0.0,39987.0,0.5645229958987487,0.0,0
0.7885220590477049,0.010207692037962422,902.0,1103.0,0.15326708974721484,0.6252107961109226,0.0,39987.0,0.5645229958987487,0.0,0
0.788522162487155,0.010207692037962422,903.0,1103.0,0.15326719318666499,0.6252107961109225,0.0,39987.0,0.5645229958987487,0.0,0
0.7885222648973657,0.010207692037962422,904.0,1103.0,0.15326729559687557,0.6252107961109228,0.0,39987.0,0.5645229958987487,0.0,0
0.7885223662885775,0.010207692037962422,905.0,1103.0,0.1532673969880874,0.6252107961109227,0.0,39987.0,0.5645229958987487,0.0,0
0.78852246667093,0.010207692037962422,906.0,1103.0,0.15326749737043988,0.6252107961109226,0.0,39987.0,0.5645229958987487,0.0,0
0.7885225660544614,0.010207692037962422,907.0,1103.0,0.15326759675397122,0.6252107961109225,0.0,39987.0,0.5645229958987487,0.0,0
0.7885226644491101,0.010207692037962422,908.0,1103.0,0.15326769514861993,0.6252107961109227,0.0,39987.0,0.5645229958987487,0.0,0
0.7885227618647157,0.010207692037962422,909.0,1103.0,0.1532677925642256,0.6252107961109228,0.0,39987.0,0.5645229958987487,0.0,0
0.7885228583110199,0.010207692037962422,910.0,1103.0,0.1532678890105297,0.6252107961109227,0.0,39987.0,0.5645229958987487,0.0,0
0.7885229537976671,0.010207692037962422,911.0,1103.0,0.15326798449717705,0.6252107961109226,0.0,39987.0,0.5645229958987487,0.0,0
0.7885230483342064,0.010207692037962422,912.0,1103.0,0.15326807903371634,0.6252107961109227,0.0,39987.0,0.5645229958987487,0.0,0
0.7885231419300914,0.010207692037962422,913.0,1103.0,0.15326817262960138,0.6252107961109228,0.0,39987.0,0.5645229958987487,0.0,0
0.7885232345946821,0.010207692037962422,914.0,1103.0,0.1532682652941919,0.6252107961109227,0.0,39987.0,0.5645229958987487,0.0,0
0.7885233263372444,0.010207692037962422,915.0,1103.0,0.15326835703675418,0.6252107961109227,0.0,39987.0,0.5645229958987487,0.0,0
0.788523417166953,0.010207692037962422,916.0,1103.0,0.15326844786646285,0.6252107961109228,0.0,39987.0,0.5645229958987487,0.0,0
0.7885235070928909,0.010207692037962422,917.0,1103.0,0.15326853779240082,0.6252107961109227,0.0,39987.0,0.5645229958987487,0.0,0
0.7885235961240508,0.010207692037962422,918.0,1103.0,0.15326862682356063,0.6252107961109226,0.0,39987.0,0.5645229958987487,0.0,0
0.7885236842693358,0.010207692037962422,919.0,1103.0,0.15326871496884573,0.6252107961109228,0.0,39987.0,0.5645229958987487,0.0,0
0.7885237715375606,0.010207692037962422,920.0,1103.0,0.15326880223707048,0.6252107961109226,0.0,39987.0,0.5645229958987487,0.0,0
0.7885238579374522,0.010207692037962422,921.0,1103.0,0.153268888636962,0.6252107961109227,0.0,39987.0,0.5645229958987487,0.0,0
0.7885239434776504,0.010207692037962422,922.0,1103.0,0.1532689741771602,0.6252107961109229,0.0,39987.0,0.5645229958987487,0.0,0
0.7885240281667093,0.010207692037962422,923.0,1103.0,0.1532690588662191,0.6252107961109227,0.0,39987.0,0.5645229958987487,0.0,0
0.788524112013098,0.010207692037962422,924.0,1103.0,0.15326914271260797,0.6252107961109227,0.0,39987.0,0.5645229958987487,0.0,0
0.7885241950252013,0.010207692037962422,925.0,1103.0,0.15326922572471116,0.6252107961109228,0.0,39987.0,0.5645229958987487,0.0,0
0.7885242772113202,0.010207692037962422,926.0,1103.0,0.15326930791083018,0.6252107961109225,0.0,39987.0,0.5645229958987487,0.0,0
0.7885243585796737,0.010207692037962422,927.0,1103.0,0.15326938927918365,0.6252107961109225,0.0,39987.0,0.5645229958987487,0.0,0
0.7885244391383985,0.010207692037962422,928.0,1103.0,0.15326946983790843,0.6252107961109228,0.0,39987.0,0.5645229958987487,0.0,0
0.7885245188955508,0.010207692037962422,929.0,1103.0,0.15326954959506067,0.6252107961109227,0.0,39987.0,0.5645229958987487,0.0,0
0.788524597859106,0.010207692037962422,930.0,1103.0,0.1532696285586158,0.6252107961109228,0.0,39987.0,0.5645229958987487,0.0,0
0.7885246760369606,0.010207692037962422,931.0,1103.0,0.15326970673647058,0.6252107961109227,0.0,39987.0,0.5645229958987487,0.0,0
0.7885247534369326,0.010207692037962422,932.0,1103.0,0.15326978413644254,0.6252107961109227,0.0,39987.0,0.5645229958987487,0.0,0
0.7885248300667622,0.010207692037962422,933.0,1103.0,0.15326986076627205,0.6252107961109228,0.0,39987.0,0.5645229958987487,0.0,0
0.7885249059341121,0.010207692037962422,934.0,1103.0,0.15326993663362198,0.6252107961109225,0.0,39987.0,0.5645229958987487,0.0,0
0.7885249810465692,0.010207692037962422,935.0,1103.0,0.15327001174607915,0.6252107961109226,0.0,39987.0,0.5645229958987487,0.0,0
0.788525055411645,0.010207692037962422,936.0,1103.0,0.1532700861111549,0.6252107961109229,0.0,39987.0,0.5645229958987487,0.0,0
0.7885251290367759,0.010207692037962422,937.0,1103.0,0.15327015973628574,0.6252107961109227,0.0,39987.0,0.5645229958987487,0.0,0
0.7885252019293244,0.010207692037962422,938.0,1103.0,0.15327023262883438,0.6252107961109227,0.0,39987.0,0.5645229958987487,0.0,0
0.78852527409658,0.010207692037962422,939.0,1103.0,0.15327030479608986,0.6252107961109228,0.0,39987.0,0.5645229958987487,0.0,0
0.7885253455457594,0.010207692037962422,940.0,1103.0,0.15327037624526935,0.6252107961109225,0.0,39987.0,0.5645229958987487,0.0,0
0.7885254162840076,0.010207692037962422,941.0,1103.0,0.15327044698351755,0.6252107961109226,0.0,39987.0,0.5645229958987487,0.0,0
0.7885254863183986,0.010207692037962422,942.0,1103.0,0.1532705170179084,0.6252107961109227,0.0,39987.0,0.5645229958987487,0.0,0
0.7885255556559356,0.010207692037962422,943.0,1103.0,0.15327058635544552,0.6252107961109227,0.0,39987.0,0.5645229958987487,0.0,0
0.7885256243035526,0.010207692037962422,944.0,1103.0,0.15327065500306247,0.6252107961109227,0.0,39987.0,0.5645229958987487,0.0,0
0.7885256922681143,0.010207692037962422,945.0,1103.0,0.15327072296762428,0.6252107961109225,0.0,39987.0,0.5645229958987487,0.0,0
0.7885257595564176,0.010207692037962422,946.0,1103.0,0.15327079025592735,0.6252107961109228,0.0,39987.0,0.5645229958987487,0.0,0
0.7885258261751908,0.010207692037962422,947.0,1103.0,0.15327085687470066,0.6252107961109228,0.0,39987.0,0.5645229958987487,0.0,0
0.7885258921310964,0.010207692037962422,948.0,1103.0,0.15327092283060617,0.6252107961109227,0.0,39987.0,0.5645229958987487,0.0,0
0.7885259574307296,0.010207692037962422,949.0,1103.0,0.15327098813023948,0.6252107961109226,0.0,39987.0,0.5645229958987487,0.0,0
0.7885260220806205,0.010207692037962422,950.0,1103.0,0.15327105278013037,0.6252107961109227,0.0,39987.0,0.5645229958987487,0.0,0
0.7885260860872344,0.010207692037962422,951.0,1103.0,0.1532711167867443,0.6252107961109227,0.0,39987.0,0.5645229958987487,0.0,0
0.7885261494569717,0.010207692037962422,952.0,1103.0,0.15327118015648167,0.6252107961109226,0.0,39987.0,0.5645229958987487,0.0,0
0.7885262121961698,0.010207692037962422,953.0,1103.0,0.1532712428956797,0.6252107961109226,0.0,39987.0,0.5645229958987487,0.0,0
0.7885262743111023,0.010207692037962422,954.0,1103.0,0.1532713050106122,0.6252107961109227,0.0,39987.0,0.5645229958987487,0.0,0
0.7885263358079809,0.010207692037962422,955.0,1103.0,0.1532713665074908,0.6252107961109227,0.0,39987.0,0.5645229958987487,0.0,0
0.7885263966929555,0.010207692037962422,956.0,1103.0,0.15327142739246535,0.6252107961109227,0.0,39987.0,0.5645229958987487,0.0,0
0.7885264569721143,0.010207692037962422,957.0,1103.0,0.15327148767162416,0.6252107961109225,0.0,39987.0,0.5645229958987487,0.0,0
0.7885265166514854,0.010207692037962422,958.0,1103.0,0.15327154735099532,0.6252107961109226,0.0,39987.0,0.5645229958987487,0.0,0
0.788526575737037,0.010207692037962422,959.0,1103.0,0.15327160643654683,0.6252107961109227,0.0,39987.0,0.5645229958987487,0.0,0
0.7885266342346775,0.010207692037962422,960.0,1103.0,0.15327166493418742,0.6252107961109227,0.0,39987.0,0.5645229958987487,0.0,0
0.7885266921502567,0.010207692037962422,961.0,1103.0,0.15327172284976653,0.6252107961109228,0.0,39987.0,0.5645229958987487,0.0,0
0.7885267494895664,0.010207692037962422,962.0,1103.0,0.15327178018907614,0.6252107961109228,0.0,39987.0,0.5645229958987487,0.0,0
0.7885268062583402,0.010207692037962422,963.0,1103.0,0.15327183695785007,0.6252107961109226,0.0,39987.0,0.5645229958987487,0.0,0
0.7885268624622552,0.010207692037962422,964.0,1103.0,0.15327189316176523,0.6252107961109226,0.0,39987.0,0.5645229958987487,0.0,0
0.7885269181069323,0.010207692037962422,965.0,1103.0,0.15327194880644213,0.6252107961109228,0.0,39987.0,0.5645229958987487,0.0,0
0.7885269731979353,0.010207692037962422,966.0,1103.0,0.15327200389744516,0.6252107961109227,0.0,39987.0,0.5645229958987487,0.0,0
0.7885270277407739,0.010207692037962422,967.0,1103.0,0.1532720584402837,0.6252107961109226,0.0,39987.0,0.5645229958987487,0.0,0
0.7885270817409018,0.010207692037962422,968.0,1103.0,0.15327211244041178,0.6252107961109223,0.0,39987.0,0.5645229958987487,0.0,0
0.7885271352037198,0.010207692037962422,969.0,1103.0,0.1532721659032297,0.6252107961109225,0.0,39987.0,0.5645229958987487,0.0,0
0.7885271881345738,0.010207692037962422,970.0,1103.0,0.15327221883408368,0.6252107961109228,0.0,39987.0,0.5645229958987487,0.0,0
0.7885272405387569,0.010207692037962422,971.0,1103.0,0.15327227123826684,0.6252107961109225,0.0,39987.0,0.5645229958987487,0.0,0
0.7885272924215098,0.010207692037962422,972.0,1103.0,0.15327232312101957,0.6252107961109225,0.0,39987.0,0.5645229958987487,0.0,0
0.7885273437880206,0.010207692037962422,973.0,1103.0,0.15327237448753045,0.6252107961109227,0.0,39987.0,0.5645229958987487,0.0,0
0.788527394643426,0.010207692037962422,974.0,1103.0,0.15327242534293592,0.6252107961109226,0.0,39987.0,0.5645229958987487,0.0,0
0.7885274449928119,0.010207692037962422,975.0,1103.0,0.15327247569232172,0.6252107961109228,0.0,39987.0,0.5645229958987487,0.0,0
0.7885274948412128,0.010207692037962422,976.0,1103.0,0.1532725255407227,0.6252107961109225,0.0,39987.0,0.5645229958987487,0.0,0
0.7885472637901798,0.01022741163452827,977.0,1104.0,0.15327257489312385,0.6252107961109228,0.0,39987.0,0.5645229958987487,0.0,0
0.7885473126515162,0.01022741163452827,978.0,1104.0,0.15327262375446032,0.6252107961109226,0.0,39987.0,0.5645229958987487,0.0,0
0.7885473610266743,0.01022741163452827,979.0,1104.0,0.1532726721296184,0.6252107961109226,0.0,39987.0,0.5645229958987487,0.0,0
0.7885474089204917,0.01022741163452827,980.0,1104.0,0.15327272002343564,0.6252107961109228,0.0,39987.0,0.5645229958987487,0.0,0
0.7885474563377575,0.01022741163452827,981.0,1104.0,0.15327276744070154,0.6252107961109226,0.0,39987.0,0.5645229958987487,0.0,0
0.7885475032832135,0.01022741163452827,982.0,1104.0,0.15327281438615756,0.6252107961109225,0.0,39987.0,0.5645229958987487,0.0,0
0.7885475497615545,0.01022741163452827,983.0,1104.0,0.1532728608644985,0.6252107961109223,0.0,39987.0,0.5645229958987487,0.0,0
0.7885475957774284,0.01022741163452827,984.0,1104.0,0.15327290688037246,0.6252107961109228,0.0,39987.0,0.5645229958987487,0.0,0
0.7885476413354366,0.01022741163452827,985.0,1104.0,0.15327295243838063,0.6252107961109229,0.0,39987.0,0.5645229958987487,0.0,0
0.7885476864401351,0.01022741163452827,986.0,1104.0,0.15327299754307908,0.6252107961109227,0.0,39987.0,0.5645229958987487,0.0,0
0.7885477310960342,0.01022741163452827,987.0,1104.0,0.1532730421989782,0.6252107961109226,0.0,39987.0,0.5645229958987487,0.0,0
0.7885477753075998,0.01022741163452827,988.0,1104.0,0.15327308641054382,0.6252107961109227,0.0,39987.0,0.5645229958987487,0.0,0
0.788547819079253,0.01022741163452827,989.0,1104.0,0.15327313018219696,0.6252107961109228,0.0,39987.0,0.5645229958987487,0.0,0
0.7885478624153708,0.01022741163452827,990.0,1104.0,0.15327317351831482,0.6252107961109228,0.0,39987.0,0.5645229958987487,0.0,0
0.7885479053202871,0.01022741163452827,991.0,1104.0,0.1532732164232312,0.6252107961109226,0.0,39987.0,0.5645229958987487,0.0,0
0.7885479477982924,0.01022741163452827,992.0,1104.0,0.1532732589012365,0.6252107961109227,0.0,39987.0,0.5645229958987487,0.0,0
0.7885479898536346,0.01022741163452827,993.0,1104.0,0.15327330095657862,0.6252107961109228,0.0,39987.0,0.5645229958987487,0.0,0
0.7885480314905189,0.01022741163452827,994.0,1104.0,0.15327334259346298,0.6252107961109228,0.0,39987.0,0.5645229958987487,0.0,0
0.7885480727131094,0.01022741163452827,995.0,1104.0,0.15327338381605354,0.6252107961109227,0.0,39987.0,0.5645229958987487,0.0,0
0.7885481135255284,0.01022741163452827,996.0,1104.0,0.15327342462847246,0.6252107961109228,0.0,39987.0,0.5645229958987487,0.0,0
0.788548153931857,0.01022741163452827,997.0,1104.0,0.15327346503480102,0.6252107961109226,0.0,39987.0,0.5645229958987487,0.0,0
0.7885481939361358,0.01022741163452827,998.0,1104.0,0.15327350503907985,0.6252107961109227,0.0,39987.0,0.5645229958987487,0.0,0
0.7885482335423654,0.01022741163452827,999.0,1104.0,0.1532735446453094,0.6252107961109228,0.0,39987.0,0.5645229958987487,0.0,0
0.7885482727545065,0.01022741163452827,1000.0,1104.0,0.15327358385745052,0.6252107961109228,0.0,39987.0,0.5645229958987487,0.0,0
0.7885483115764802,0.01022741163452827,1001.0,1104.0,0.15327362267942427,0.6252107961109228,0.0,39987.0,0.5645229958987487,0.0,0
0.7885483500121688,0.01022741163452827,1002.0,1104.0,0.15327366111511287,0.6252107961109228,0.0,39987.0,0.5645229958987487,0.0,0
0.7885483880654159,0.01022741163452827,1003.0,1104.0,0.15327369916835998,0.6252107961109228,0.0,39987.0,0.5645229958987487,0.0,0
0.788548425740027,0.01022741163452827,1004.0,1104.0,0.15327373684297096,0.6252107961109227,0.0,39987.0,0.5645229958987487,0.0,0
0.7885484630397693,0.01022741163452827,1005.0,1104.0,0.1532737741427134,0.6252107961109226,0.0,39987.0,0.5645229958987487,0.0,0
0.7885484630397693,0.01022741163452827,1005.0,1104.0,0.1532737741427134,0.6252107961109226,0.0,39987.0,0.5645229958987487,0.0,0
0.7885484630397693,0.01022741163452827,1005.0,1104.0,0.1532737741427134,0.6252107961109226,0.0,39987.0,0.5645229958987487,0.0,0
0.15702864584861226,0.004041455053931185,1005.0,2006.0,0.15333636842304313,5.943833850554041e-17,0.0,39970.0,0.0,0.0,0
0.15702864584861226,0.004041455053931185,1005.0,2006.0,0.15333636842304313,5.943833850554041e-17,0.0,39970.0,0.0,0.0,0
0.1286001116413931,0.0034640162679963698,1006.0,2088.0,0.12548527300175877,2.4700369147169936e-17,0.0,39970.0,0.0,0.0,0
0.11951863645354947,0.0034640162679963698,1007.0,2088.0,0.11640379781391513,1.5720653271953776e-17,0.0,39970.0,0.0,0.0,0
0.1137860876322947,0.0034640162679963698,1008.0,2088.0,0.11067124899266037,3.4873280145531264e-18,0.0,39970.0,0.0,0.0,0
0.10947027166845488,0.0034640162679963698,1009.0,2088.0,0.10635543302882054,7.718865358490606e-18,0.0,39970.0,0.0,0.0,0
0.1058433741720941,0.0034640162679963698,1010.0,2088.0,0.10272853553245977,4.5999517144343616e-17,0.0,39970.0,0.0,0.0,0
0.10262210617701636,0.0034640162679963698,1011.0,2088.0,0.09950726753738205,1.6913848395098936e-17,0.0,39970.0,0.0,0.0,0
0.09968818521110513,0.0034640162679963698,1012.0,2088.0,0.09657334657147078,6.871327791638011e-17,0.0,39970.0,0.0,0.0,0
0.09696860326356191,0.0034472537932851133,1013.0,2094.0,0.09387052709863881,5.59725372071265e-17,0.0,39970.0,0.0,0.0,0
0.09444289985713947,0.003425484297583259,1014.0,2102.0,0.09136659318791822,3.650316008178625e-17,0.0,39970.0,0.0,0.0,0
0.09211022080363601,0.00342013690139547,1015.0,2104.0,0.08903926153060254,2.4600423679380718e-17,0.0,39970.0,0.0,0.0,0
0.08993925624288944,0.0034175423577293756,1016.0,2105.0,0.08687089151352212,7.971035461835717e-18,0.0,39970.0,0.0,0.0,0
0.08790413033008611,0.0034068628407721976,1017.0,2110.0,0.08484644511767592,3.3443291144854714e-17,0.0,39970.0,0.0,0.0,0
0.08599845874809209,0.003394985066384524,1018.0,2116.0,0.08295265131006957,5.115055279194193e-17,0.0,39970.0,0.0,0.0,0
0.08421707487317284,0.003388630860056607,1019.0,2119.0,0.08117762164147824,3.211786047971151e-17,0.0,39970.0,0.0,0.0,0
0.0825429295597833,0.003381468027501908,1020.0,2122.0,0.07951063916064342,-3.2659103628354673e-18,0.0,39970.0,0.0,0.0,0
0.08097057678146548,0.0033777366920125958,1021.0,2124.0,0.07794201771781491,1.0521951324332911e-17,0.0,39970.0,0.0,0.0,0
0.07947491029103024,0.003361094757418278,1022.0,2129.0,0.07646299316197396,2.8916530265293694e-17,0.0,39970.0,0.0,0.0,0
0.07803964480286388,0.003323190732116844,1023.0,2140.0,0.07506563169910904,1.5124055710381195e-17,0.0,39970.0,0.0,0.0,0
0.07666808042011532,0.0032745085733063787,1024.0,2150.0,0.07374274947517095,1.024056639194172e-18,0.0,39970.0,0.0,0.0,0
0.07539800333947215,0.0032593402353809655,1025.0,2153.0,0.07248784073245321,-1.0615746301796642e-17,0.0,39970.0,0.0,0.0,0
0.07419024705558934,0.003244411542804181,1026.0,2156.0,0.0712950131411472,6.765539358039575e-20,0.0,39970.0,0.0,0.0,0
0.0730492664966218,0.003239514715962092,1027.0,2157.0,0.07015892940902173,3.7364228727354923e-17,0.0,39970.0,0.0,0.0,0
0.07191188666908246,0.003186309804471614,1028.0,2168.0,0.06907475449297286,2.9633062388213335e-17,0.0,39970.0,0.0,0.0,0
0.07084184837556227,0.0031529181535583832,1029.0,2175.0,0.06803810785036592,1.2869901006088918e-17,0.0,39970.0,0.0,0.0,0
0.06983939930941416,0.0031435566978675823,1030.0,2177.0,0.06704502023990859,1.7854873414898988e-17,0.0,39970.0,0.0,0.0,0
0.0688677380003553,0.0031250209935252734,1031.0,2181.0,0.06609189463519202,2.567214661859744e-17,0.0,39970.0,0.0,0.0,0
0.06791932025449007,0.0030930270247627157,1032.0,2188.0,0.06517547085808939,2.6932997135322996e-17,0.0,39970.0,0.0,0.0,0
0.06701861652155461,0.0030750005724216266,1033.0,2192.0,0.06429279357749501,5.258669228294396e-18,0.0,39970.0,0.0,0.0,0
0.0661403739696744,0.0030483682450761075,1034.0,2198.0,0.06344118335296031,3.273906000258605e-17,0.0,39970.0,0.0,0.0,0
0.06531302533818205,0.0030439925331454455,1035.0,2199.0,0.0626182104333986,1.504102409098707e-17,0.0,39970.0,0.0,0.0,0
0.06450346692405681,0.0030309735037592645,1036.0,2202.0,0.061821671048659564,5.9413736544238444e-18,0.0,39970.0,0.0,0.0,0
0.06371853869901294,0.0030181503706352697,1037.0,2205.0,0.06104956595673969,3.049413103378201e-17,0.0,39970.0,0.0,0.0,0
0.06296481708364511,0.0030139136800279424,1038.0,2206.0,0.060300081031979175,8.444623216898488e-18,0.0,39970.0,0.0,0.0,0
0.0622321499565942,0.0030097578849328475,1039.0,2207.0,0.05957156970002337,2.580130691543274e-18,0.0,39970.0,0.0,0.0,0
0.061523117300380695,0.0030097578849328475,1040.0,2207.0,0.05886253704380986,1.817777415698724e-17,0.0,39970.0,0.0,0.0,0
0.060824059274257984,0.00300161148105215,1041.0,2209.0,0.05817162542156784,2.873509080069172e-17,0.0,39970.0,0.0,0.0,0
0.0601257999590767,0.002977376134491424,1042.0,2215.0,0.05749760145294729,2.7538820432383814e-17,0.0,39970.0,0.0,0.0,0
0.0594595553542154,0.00296938873948933,1043.0,2217.0,0.05683934424308807,2.6022724567150398e-17,0.0,39970.0,0.0,0.0,0
0.05880029334019212,0.002953636241725571,1044.0,2221.0,0.056195834726828556,3.935391234765111e-17,0.0,39970.0,0.0,0.0,0
0.05817060463982643,0.002953636241725571,1045.0,2221.0,0.05556614602646287,2.406994388880716e-17,0.0,39970.0,0.0,0.0,0
0.05755389333996381,0.002953636241725571,1046.0,2221.0,0.05494943472660026,2.0945494803457975e-17,0.0,39970.0,0.0,0.0,0
0.056930276651524565,0.0029345213010297383,1047.0,2226.0,0.05434493297885685,3.271445804128409e-17,0.0,39970.0,0.0,0.0,0
0.05633352427423525,0.0029307605451812722,1048.0,2227.0,0.053751941357416004,-2.109618181643249e-18,0.0,39970.0,0.0,0.0,0
0.05575140531082664,0.0029307605451812722,1049.0,2227.0,0.05316982239400738,2.863360771032113e-17,0.0,39970.0,0.0,0.0,0
0.055179577644472774,0.0029307605451812722,1050.0,2227.0,0.052597994727653516,2.6997577283740648e-17,0.0,39970.0,0.0,0.0,0
0.05461751072750565,0.0029307605451812722,1051.0,2227.0,0.05203592781068639,6.845495732270952e-18,0.0,39970.0,0.0,0.0,0
0.05406472003492126,0.0029307605451812722,1052.0,2227.0,0.051483137118102,-3.118298595023695e-18,0.0,39970.0,0.0,0.0,0
0.05352076272917764,0.0029307605451812722,1053.0,2227.0,0.0509391798123584,-8.097120513508272e-18,0.0,39970.0,0.0,0.0,0
0.05298523373710002,0.0029307605451812722,1054.0,2227.0,0.05040365082028077,1.942939893822456e-17,0.0,39970.0,0.0,0.0,0
0.05245776219967979,0.0029307605451812722,1055.0,2227.0,0.04987617928286053,1.371251818068112e-17,0.0,39970.0,0.0,0.0,0
0.05193800825928683,0.0029307605451812722,1056.0,2227.0,0.049356425342467584,2.601657407682491e-17,0.0,39970.0,0.0,0.0,0
0.05142566015218947,0.0029307605451812722,1057.0,2227.0,0.048844077235370216,1.947552761566574e-17,0.0,39970.0,0.0,0.0,0
0.050920431577333336,0.0029307605451812722,1058.0,2227.0,0.04833884866051408,1.9555483989897116e-17,0.0,39970.0,0.0,0.0,0
0.05042205931509326,0.0029307605451812722,1059.0,2227.0,0.047840476398274,1.3085168167481086e-17,0.0,39970.0,0.0,0.0,0
0.04993030107221457,0.0029307605451812722,1060.0,2227.0,0.04734871815539531,1.0142158546733871e-17,0.0,39970.0,0.0,0.0,0
0.04944493353142314,0.0029307605451812722,1061.0,2227.0,0.04686335061460387,3.379386909340768e-17,0.0,39970.0,0.0,0.0,0
0.04896575058623124,0.0029307605451812722,1062.0,2227.0,0.046384167669411974,1.0185211979012305e-17,0.0,39970.0,0.0,0.0,0
0.04849256174332022,0.0029307605451812722,1063.0,2227.0,0.04591097882650096,8.681417094429872e-18,0.0,39970.0,0.0,0.0,0
0.048025190676555994,0.0029307605451812722,1064.0,2227.0,0.045443607759736736,1.490571330382628e-17,0.0,39970.0,0.0,0.0,0
0.0475634739182124,0.0029307605451812722,1065.0,2227.0,0.04498189100139314,2.283677057854631e-17,0.0,39970.0,0.0,0.0,0
0.04710725967434888,0.0029307605451812722,1066.0,2227.0,0.04452567675752963,1.6237294459294979e-18,0.0,39970.0,0.0,0.0,0
0.046656406752531826,0.0029307605451812722,1067.0,2227.0,0.04407482383571257,2.7240521651597524e-17,0.0,39970.0,0.0,0.0,0
0.04621078359121197,0.0029307605451812722,1068.0,2227.0,0.04362920067439272,4.858887357137513e-19,0.0,39970.0,0.0,0.0,0
0.04577026738108873,0.0029307605451812722,1069.0,2227.0,0.04318868446426949,-1.2977534586785002e-18,0.0,39970.0,0.0,0.0,0
0.04533474326971061,0.0029307605451812722,1070.0,2227.0,0.042753160352891346,3.118298595023695e-17,0.0,39970.0,0.0,0.0,0
0.04490410364139495,0.0029307605451812722,1071.0,2227.0,0.04232252072457569,1.8466847202285292e-17,0.0,39970.0,0.0,0.0,0
0.04447824746530335,0.0029307605451812722,1072.0,2227.0,0.04189666454848409,7.211449906637637e-18,0.0,39970.0,0.0,0.0,0
0.04405707970519003,0.0029307605451812722,1073.0,2227.0,0.04147549678837077,1.7756465569691137e-17,0.0,39970.0,0.0,0.0,0
0.04364051078495808,0.0029307605451812722,1074.0,2227.0,0.04105892786813881,1.9749224435150066e-17,0.0,39970.0,0.0,0.0,0
0.04322845610471654,0.0029307605451812722,1075.0,2227.0,0.040646873187897274,1.637875573678126e-17,0.0,39970.0,0.0,0.0,0
0.042820835602535856,0.0029307605451812722,1076.0,2227.0,0.040239252685716605,6.467240577253284e-18,0.0,39970.0,0.0,0.0,0
0.04241757335755651,0.0029307605451812722,1077.0,2227.0,0.039835990440737254,1.1845844366894746e-17,0.0,39970.0,0.0,0.0,0
0.04201859723051905,0.0029307605451812722,1078.0,2227.0,0.03943701431369979,1.2980609831947747e-17,0.0,39970.0,0.0,0.0,0
0.041623838538157966,0.0029307605451812722,1079.0,2227.0,0.039042255621338715,3.013740259490356e-18,0.0,39970.0,0.0,0.0,0
0.041233231758240174,0.0029307605451812722,1080.0,2227.0,0.03865164884142091,1.6544818975569505e-17,0.0,39970.0,0.0,0.0,0
0.040846714262335146,0.0029307605451812722,1081.0,2227.0,0.03826513134551589,-1.214721839284378e-18,0.0,39970.0,0.0,0.0,0
0.04046422607368146,0.0029307605451812722,1082.0,2227.0,0.037882643156862204,1.3632561806449742e-17,0.0,39970.0,0.0,0.0,0
0.04008570964776424,0.0029307605451812722,1083.0,2227.0,0.03750412673094499,1.714449178230483e-17,0.0,39970.0,0.0,0.0,0
0.03971110967344611,0.0029307605451812722,1084.0,2227.0,0.03712952675662686,-9.447153139953442e-18,0.0,39970.0,0.0,0.0,0
0.03934037289269881,0.0029307605451812722,1085.0,2227.0,0.036758789975879565,6.900850145200366e-18,0.0,39970.0,0.0,0.0,0
0.03897344793716822,0.0029307605451812722,1086.0,2227.0,0.03639186502034896,4.6712974022100516e-18,0.0,39970.0,0.0,0.0,0
0.03861028517997488,0.0029307605451812722,1087.0,2227.0,0.036028702263155625,1.6843117756355795e-17,0.0,39970.0,0.0,0.0,0
0.03825083660130253,0.0029307605451812722,1088.0,2227.0,0.03566925368448328,1.2159519373494763e-17,0.0,39970.0,0.0,0.0,0
0.037895055666466226,0.0029307605451812722,1089.0,2227.0,0.03531347274964696,1.8958886428324535e-17,0.0,39970.0,0.0,0.0,0
0.03754289721527521,0.0029307605451812722,1090.0,2227.0,0.03496131429845596,1.7615004292204857e-17,0.0,39970.0,0.0,0.0,0
0.037194317361619045,0.0029307605451812722,1091.0,2227.0,0.03461273444479979,1.9955265861053998e-17,0.0,39970.0,0.0,0.0,0
0.03684927340230689,0.0029307605451812722,1092.0,2227.0,0.03426769048548764,-1.0886367876118224e-18,0.0,39970.0,0.0,0.0,0
0.036507723734282745,0.0029307605451812722,1093.0,2227.0,0.03392614081746348,2.5336944895858208e-17,0.0,39970.0,0.0,0.0,0
0.03616962777942197,0.0029307605451812722,1094.0,2227.0,0.03358804486260271,9.594764907765215e-19,0.0,39970.0,0.0,0.0,0
0.035834945916191456,0.0029307605451812722,1095.0,2227.0,0.033253362999372205,1.479500447796745e-17,0.0,39970.0,0.0,0.0,0
0.03550363941752219,0.0029307605451812722,1096.0,2227.0,0.03292205650070294,1.474272531020078e-17,0.0,39970.0,0.0,0.0,0
0.03517567039430676,0.0029307605451812722,1097.0,2227.0,0.03259408747748751,1.1433761515086881e-17,0.0,39970.0,0.0,0.0,0
0.034851001743988946,0.0029307605451812722,1098.0,2227.0,0.03226941882716969,1.8024011898849977e-17,0.0,39970.0,0.0,0.0,0
0.03452959710376365,0.0029307605451812722,1099.0,2227.0,0.0319480141869444,-5.320174131549302e-19,0.0,39970.0,0.0,0.0,0
0.03421003149021475,0.002929371227444474,1100.0,2228.0,0.0316298378911323,1.631417558836361e-17,0.0,39970.0,0.0,0.0,0
0.033895048531416665,0.002929371227444474,1101.0,2228.0,0.031314854932334206,1.660017338849892e-17,0.0,39970.0,0.0,0.0,0
0.03358185768203226,0.002928004384385428,1102.0,2229.0,0.03100303092600885,1.17136088248967e-17,0.0,39970.0,0.0,0.0,0
0.033270456505248944,0.002925302055460579,1103.0,2231.0,0.030694332078150387,3.225932175719779e-18,0.0,39970.0,0.0,0.0,0
0.032963511971176494,0.002923964443764703,1104.0,2232.0,0.03038872515577381,-2.6877642722393584e-18,0.0,39970.0,0.0,0.0,0
0.03266096427534616,0.002923964443764703,1105.0,2232.0,0.030086177459943474,1.5499235620236117e-18,0.0,39970.0,0.0,0.0,0
0.03236012277059496,0.002922643597851517,1106.0,2233.0,0.029786656801105454,5.861417280192468e-18,0.0,39970.0,0.0,0.0,0
0.032063597445996635,0.002922643597851517,1107.0,2233.0,0.029490131476507142,-2.9860630530256487e-18,0.0,39970.0,0.0,0.0,0
0.031770036218997454,0.002922643597851517,1108.0,2233.0,0.029196570249507958,1.66463020659401e-17,0.0,39970.0,0.0,0.0,0
0.03147940830009332,0.002922643597851517,1109.0,2233.0,0.02890594233060382,7.780370261745511e-19,0.0,39970.0,0.0,0.0,0
0.031190411812478263,0.0029213720808353104,1110.0,2234.0,0.028618217360004965,3.754874343711964e-18,0.0,39970.0,0.0,0.0,0
0.030905559844094765,0.0029213720808353104,1111.0,2234.0,0.028333365391621474,1.4456727510065473e-17,0.0,39970.0,0.0,0.0,0
0.030622306499303857,0.0029201272493405666,1112.0,2235.0,0.028051356878325304,1.9327915847853967e-17,0.0,39970.0,0.0,0.0,0
0.03034311227934843,0.0029201272493405666,1113.0,2235.0,0.02777216265836988,2.2212495810509022e-17,0.0,39970.0,0.0,0.0,0
0.030065481447184027,0.0029189051326868913,1114.0,2236.0,0.027495753942859146,1.0877142140629989e-17,0.0,39970.0,0.0,0.0,0
0.029790621955722886,0.0029176972799157238,1115.0,2237.0,0.027222102304169177,2.3015134797985535e-17,0.0,39970.0,0.0,0.0,0
0.029519699316787065,0.0029176972799157238,1116.0,2237.0,0.026951179665233364,2.460196130196209e-20,0.0,39970.0,0.0,0.0,0
0.029251477941165966,0.0029176972799157238,1117.0,2237.0,0.02668295828961226,1.1387632837645702e-17,0.0,39970.0,0.0,0.0,0
0.028985930423828563,0.0029176972799157238,1118.0,2237.0,0.026417410772274854,1.4038494167932116e-17,0.0,39970.0,0.0,0.0,0
0.0287230296825803,0.0029176972799157238,1119.0,2237.0,0.02615451003102659,7.325233977659212e-18,0.0,39970.0,0.0,0.0,0
0.0284627489500782,0.0029176972799157238,1120.0,2237.0,0.02589422929852449,2.721591969029556e-18,0.0,39970.0,0.0,0.0,0
0.028205061766379647,0.0029176972799157238,1121.0,2237.0,0.025636542114825942,9.219584997910293e-18,0.0,39970.0,0.0,0.0,0
0.027949941971976193,0.0029176972799157238,1122.0,2237.0,0.025381422320422488,8.376967823318091e-18,0.0,39970.0,0.0,0.0,0
0.02769736370126864,0.0029176972799157238,1123.0,2237.0,0.02512884404971493,4.173107685845319e-18,0.0,39970.0,0.0,0.0,0
0.02744730137644343,0.0029176972799157238,1124.0,2237.0,0.024878781724889717,1.523783978140277e-17,0.0,39970.0,0.0,0.0,0
0.027199729701714342,0.0029176972799157238,1125.0,2237.0,0.024631210050160637,3.7641000792001996e-18,0.0,39970.0,0.0,0.0,0
0.02695462365789718,0.0029176972799157238,1126.0,2237.0,0.024386104006343473,1.77810675309931e-17,0.0,39970.0,0.0,0.0,0
0.026711958497287355,0.0029176972799157238,1127.0,2237.0,0.02414343884573365,1.1572147547410418e-17,0.0,39970.0,0.0,0.0,0
0.026471709738814308,0.0029176972799157238,1128.0,2237.0,0.02390319008726061,-7.128418287243515e-18,0.0,39970.0,0.0,0.0,0
0.02623385316344807,0.0029176972799157238,1129.0,2237.0,0.023665333511894364,3.674917969480587e-18,0.0,39970.0,0.0,0.0,0
0.02599836480983604,0.0029176972799157238,1130.0,2237.0,0.023429845158282333,5.443183938059112e-19,0.0,39970.0,0.0,0.0,0
0.025765220970150562,0.0029176972799157238,1131.0,2237.0,0.023196701318596857,8.487676649176921e-19,0.0,39970.0,0.0,0.0,0
0.025534398186128748,0.0029176972799157238,1132.0,2237.0,0.022965878534575036,4.151580969706102e-18,0.0,39970.0,0.0,0.0,0
0.025305873245288615,0.0029176972799157238,1133.0,2237.0,0.022737353593734907,1.419840691639487e-17,0.0,39970.0,0.0,0.0,0
0.0250796231773066,0.0029176972799157238,1134.0,2237.0,0.02251110352575289,8.017164139276896e-18,0.0,39970.0,0.0,0.0,0
0.024855625250543186,0.0029176972799157238,1135.0,2237.0,0.022287105598989474,1.078488478574763e-17,0.0,39970.0,0.0,0.0,0
0.02463385696870434,0.0029176972799157238,1136.0,2237.0,0.022065337317150636,1.3109770128783048e-17,0.0,39970.0,0.0,0.0,0
0.024414296067627936,0.0029176972799157238,1137.0,2237.0,0.021845776416074228,6.925452106502328e-18,0.0,39970.0,0.0,0.0,0
0.024196920512185104,0.0029176972799157238,1138.0,2237.0,0.021628400860631402,8.490751894339667e-18,0.0,39970.0,0.0,0.0,0
0.02398170849328747,0.0029176972799157238,1139.0,2237.0,0.021413188841733766,-1.9035767557393165e-18,0.0,39970.0,0.0,0.0,0
0.02376863842499215,0.0029176972799157238,1140.0,2237.0,0.021200118773438442,-1.9035767557393165e-18,0.0,39970.0,0.0,0.0,0
0.02355768894169694,0.0029176972799157238,1141.0,2237.0,0.020989169290143238,1.1562921811922182e-18,0.0,39970.0,0.0,0.0,0
0.02334883889541909,0.0029176972799157238,1142.0,2237.0,0.020780319243865385,-5.227916776666944e-19,0.0,39970.0,0.0,0.0,0
0.02314206735315148,0.0029176972799157238,1143.0,2237.0,0.020573547701597777,3.3950706596707685e-18,0.0,39970.0,0.0,0.0,0
0.02293735359429059,0.0029176972799157238,1144.0,2237.0,0.020368833942736884,1.0572692869518207e-17,0.0,39970.0,0.0,0.0,0
0.0227346771081313,0.0029176972799157238,1145.0,2237.0,0.020166157456577592,7.641984229421973e-18,0.0,39970.0,0.0,0.0,0
0.022534017591423917,0.0029176972799157238,1146.0,2237.0,0.019965497939870205,1.0932496553559403e-17,0.0,39970.0,0.0,0.0,0
0.022335354945989164,0.0029176972799157238,1147.0,2237.0,0.01976683529443546,3.4658012984139093e-18,0.0,39970.0,0.0,0.0,0
0.02213866927638754,0.0029176972799157238,1148.0,2237.0,0.019570149624833836,8.084819532857292e-18,0.0,39970.0,0.0,0.0,0
0.02194394088763935,0.0029176972799157238,1149.0,2237.0,0.019375421236085637,1.1596749508712379e-17,0.0,39970.0,0.0,0.0,0
0.021751150282992526,0.0029176972799157238,1150.0,2237.0,0.01918263063143882,-2.3371863236863986e-19,0.0,39970.0,0.0,0.0,0
0.021560278161735263,0.0029176972799157238,1151.0,2237.0,0.018991758510181558,9.717774714275025e-18,0.0,39970.0,0.0,0.0,0
0.021371305417050752,0.0029176972799157238,1152.0,2237.0,0.018802785765497047,1.2737665464090872e-17,0.0,39970.0,0.0,0.0,0
0.02118421313391193,0.0029176972799157238,1153.0,2237.0,0.018615693482358225,4.249988814913951e-18,0.0,39970.0,0.0,0.0,0
0.02099898258701389,0.0029176972799157238,1154.0,2237.0,0.018430462935460183,8.075593797369056e-18,0.0,39970.0,0.0,0.0,0
0.02081559523874191,0.0029176972799157238,1155.0,2237.0,0.018247075587188206,4.372998621423761e-18,0.0,39970.0,0.0,0.0,0
0.02063403273717357,0.0029176972799157238,1156.0,2237.0,0.018065513085619864,7.146869758219987e-18,0.0,39970.0,0.0,0.0,0
0.020454276914113056,0.0029176972799157238,1157.0,2237.0,0.017885757262559348,9.751602411065223e-18,0.0,39970.0,0.0,0.0,0
0.020276309783156293,0.0029176972799157238,1158.0,2237.0,0.01770779013160258,7.589705061655305e-18,0.0,39970.0,0.0,0.0,0
0.020100113537785482,0.0029176972799157238,1159.0,2237.0,0.01753159388623177,1.2749966444741852e-17,0.0,39970.0,0.0,0.0,0
0.019925670549491774,0.0029176972799157238,1160.0,2237.0,0.017357150897938073,7.149945003382731e-18,0.0,39970.0,0.0,0.0,0
0.019752963365924987,0.0029176972799157238,1161.0,2237.0,0.01718444371437128,1.7836421943922515e-19,0.0,39970.0,0.0,0.0,0
0.01958197470906921,0.0029176972799157238,1162.0,2237.0,0.017013455057515506,1.4269137555138012e-18,0.0,39970.0,0.0,0.0,0
0.019412687473443387,0.0029176972799157238,1163.0,2237.0,0.01684416782188968,2.684689027076613e-18,0.0,39970.0,0.0,0.0,0
0.019245084724325973,0.0029176972799157238,1164.0,2237.0,0.016676565072772265,2.4786476011726806e-18,0.0,39970.0,0.0,0.0,0
0.019079149696002846,0.0029176972799157238,1165.0,2237.0,0.016510630044449137,9.441002649627952e-19,0.0,39970.0,0.0,0.0,0
0.018914865790037674,0.0029176972799157238,1166.0,2237.0,0.016346346138483972,6.4241871449748506e-18,0.0,39970.0,0.0,0.0,0
0.018752216573564046,0.0029176972799157238,1167.0,2237.0,0.016183696922010337,8.789050675125957e-18,0.0,39970.0,0.0,0.0,0
0.018591185777598777,0.0029176972799157238,1168.0,2237.0,0.016022666126045068,7.958734481184735e-18,0.0,39970.0,0.0,0.0,0
0.018431757295375686,0.0029176972799157238,1169.0,2237.0,0.01586323764382198,3.345866737066844e-18,0.0,39970.0,0.0,0.0,0
0.018273915180699367,0.0029176972799157238,1170.0,2237.0,0.01570539552914566,2.085016220341287e-18,0.0,39970.0,0.0,0.0,0
0.018117643646318356,0.0029176972799157238,1171.0,2237.0,0.015549123994764645,4.170032440682574e-18,0.0,39970.0,0.0,0.0,0
0.017962927062317318,0.0029176972799157238,1172.0,2237.0,0.015394407410763613,6.553347441810152e-18,0.0,39970.0,0.0,0.0,0
0.01780974995452768,0.0029176972799157238,1173.0,2237.0,0.01524123030297397,9.862311236924053e-18,0.0,39970.0,0.0,0.0,0
0.01765809700295638,0.0029176972799157238,1174.0,2237.0,0.01508957735140267,1.2599279431767335e-17,0.0,39970.0,0.0,0.0,0
0.017507953040232282,0.0029176972799157238,1175.0,2237.0,0.014939433388678574,5.532366047778725e-18,0.0,39970.0,0.0,0.0,0
0.017359303050069937,0.0029176972799157238,1176.0,2237.0,0.014790783398516232,-2.7984730980981876e-18,0.0,39970.0,0.0,0.0,0
0.017212132165750276,0.0029176972799157238,1177.0,2237.0,0.014643612514196571,5.842965809215996e-18,0.0,39970.0,0.0,0.0,0
0.017066425668617914,0.0029176972799157238,1178.0,2237.0,0.014497906017064206,1.0990926211651563e-17,0.0,39970.0,0.0,0.0,0
0.016922168986594856,0.0029176972799157238,1179.0,2237.0,0.014353649335041145,5.230992021829689e-18,0.0,39970.0,0.0,0.0,0
0.016779347692710205,0.0029176972799157238,1180.0,2237.0,0.014210828041156498,1.7282877814628368e-18,0.0,39970.0,0.0,0.0,0
0.016637947503645598,0.0029176972799157238,1181.0,2237.0,0.01406942785209189,-1.0056051682177005e-18,0.0,39970.0,0.0,0.0,0
0.01649795427829616,0.0029176972799157238,1182.0,2237.0,0.013929434626742452,1.6975353298353842e-18,0.0,39970.0,0.0,0.0,0
0.016359354016346677,0.0029176972799157238,1183.0,2237.0,0.01379083436479297,4.5944162731414205e-18,0.0,39970.0,0.0,0.0,0
0.016222132856862803,0.0029176972799157238,1184.0,2237.0,0.013653613205309098,-1.236248555423595e-18,0.0,39970.0,0.0,0.0,0
0.016086277076897044,0.0029176972799157238,1185.0,2237.0,0.013517757425343335,6.168941796466994e-18,0.0,39970.0,0.0,0.0,0
0.015951773090109204,0.0029176972799157238,1186.0,2237.0,0.0133832534385555,4.1023770471021785e-18,0.0,39970.0,0.0,0.0,0
0.01581860744540131,0.0029176972799157238,1187.0,2237.0,0.013250087793847612,-3.3858449241825327e-18,0.0,39970.0,0.0,0.0,0
0.015686766825566627,0.0029176972799157238,1188.0,2237.0,0.01311824717401292,7.266804319567052e-18,0.0,39970.0,0.0,0.0,0
0.015556238045952499,0.0029176972799157238,1189.0,2237.0,0.012987718394398794,1.9989093557844196e-18,0.0,39970.0,0.0,0.0,0
0.0154270080531372,0.0029176972799157238,1190.0,2237.0,0.012858488401583492,4.9634456926708515e-18,0.0,39970.0,0.0,0.0,0
0.015299063923620132,0.0029176972799157238,1191.0,2237.0,0.012730544272066423,1.6760086136961673e-18,0.0,39970.0,0.0,0.0,0
0.01517239286252557,0.0029176972799157238,1192.0,2237.0,0.012603873210971861,5.9629003705630615e-18,0.0,39970.0,0.0,0.0,0
0.015046982202319571,0.0029176972799157238,1193.0,2237.0,0.012478462550765863,3.1890292337668358e-18,0.0,39970.0,0.0,0.0,0
0.014922819401540017,0.0029176972799157238,1194.0,2237.0,0.01235429974998631,3.0352669756295728e-18,0.0,39970.0,0.0,0.0,0
0.014799892043539506,0.0029176972799157238,1195.0,2237.0,0.012231372391985797,3.318189530602137e-18,0.0,39970.0,0.0,0.0,0
0.014678187835241064,0.0029176972799157238,1196.0,2237.0,0.012109668183687356,7.614307022957266e-18,0.0,39970.0,0.0,0.0,0
0.014557694605906404,0.0029176972799157238,1197.0,2237.0,0.011989174954352694,1.755964987927544e-18,0.0,39970.0,0.0,0.0,0
0.014438400305916735,0.0029176972799157238,1198.0,2237.0,0.011869880654363027,9.102725681725974e-19,0.0,39970.0,0.0,0.0,0
0.014320293005565782,0.0029176972799157238,1199.0,2237.0,0.011751773354012073,7.109966816267044e-18,0.0,39970.0,0.0,0.0,0
0.014203360893865036,0.0029176972799157238,1200.0,2237.0,0.01163484124231133,2.53092676893935e-18,0.0,39970.0,0.0,0.0,0
0.014087592277361097,0.0029176972799157238,1201.0,2237.0,0.01151907262580739,2.2357032333158048e-18,0.0,39970.0,0.0,0.0,0
0.013972975578964812,0.0029176972799157238,1202.0,2237.0,0.01140445592741111,1.4976443942569422e-18,0.0,39970.0,0.0,0.0,0
0.013859499336792275,0.0029176972799157238,1203.0,2237.0,0.011290979685238567,4.308418473006111e-18,0.0,39970.0,0.0,0.0,0
0.013747152203017428,0.0029176972799157238,1204.0,2237.0,0.011178632551463724,4.797382453882607e-18,0.0,39970.0,0.0,0.0,0
0.013635922942736205,0.0029176972799157238,1205.0,2237.0,0.0110674032911825,2.5370772592648406e-18,0.0,39970.0,0.0,0.0,0
0.013525800432842067,0.0029176972799157238,1206.0,2237.0,0.01095728078128836,5.7753104156356e-18,0.0,39970.0,0.0,0.0,0
0.013416773660912774,0.0029176972799157238,1207.0,2237.0,0.010848254009359067,4.29611749235513e-18,0.0,39970.0,0.0,0.0,0
0.013308831724108378,0.0029176972799157238,1208.0,2237.0,0.010740312072554669,3.9486147889649155e-18,0.0,39970.0,0.0,0.0,0
0.01320196382808018,0.0029176972799157238,1209.0,2237.0,0.010633444176526473,2.555528730241312e-18,0.0,39970.0,0.0,0.0,0
0.013096159285890653,0.0029176972799157238,1210.0,2237.0,0.010527639634336944,4.71127558932574e-18,0.0,39970.0,0.0,0.0,0
0.012991407516944125,0.0029176972799157238,1211.0,2237.0,0.01042288786539042,3.441199337111947e-18,0.0,39970.0,0.0,0.0,0
0.012887698045928217,0.0029176972799157238,1212.0,2237.0,0.010319178394374509,2.580130691543274e-18,0.0,39970.0,0.0,0.0,0
0.012785020501765786,0.0029176972799157238,1213.0,2237.0,0.010216500850212078,3.0444927111178086e-18,0.0,39970.0,0.0,0.0,0
0.012683364616577385,0.0029176972799157238,1214.0,2237.0,0.01011484496502368,1.41461277486282e-19,0.0,39970.0,0.0,0.0,0
0.012582720224654082,0.0029176972799157238,1215.0,2237.0,0.010014200573100375,4.735877550627702e-18,0.0,39970.0,0.0,0.0,0
0.012483077261440496,0.0029176972799157238,1216.0,2237.0,0.009914557609886788,6.076684441584636e-18,0.0,39970.0,0.0,0.0,0
0.012384425762528031,0.0029176972799157238,1217.0,2237.0,0.009815906110974326,3.3058885499511556e-18,0.0,39970.0,0.0,0.0,0
0.012286755862658143,0.0029176972799157238,1218.0,2237.0,0.009718236211104436,5.0956812346688974e-18,0.0,39970.0,0.0,0.0,0
0.012190057794735512,0.0029176972799157238,1219.0,2237.0,0.009621538143181802,4.7943072087198625e-18,0.0,39970.0,0.0,0.0,0
0.012094321888851102,0.0029176972799157238,1220.0,2237.0,0.009525802237297395,4.723576569976721e-18,0.0,39970.0,0.0,0.0,0
0.011999538571314956,0.0029176972799157238,1221.0,2237.0,0.009431018919761246,4.93884373136889e-18,0.0,39970.0,0.0,0.0,0
0.011905698363698591,0.0029176972799157238,1222.0,2237.0,0.009337178712144885,2.269530930106003e-18,0.0,39970.0,0.0,0.0,0
0.01181279188188701,0.0029176972799157238,1223.0,2237.0,0.009244272230333311,-3.2905123241374296e-19,0.0,39970.0,0.0,0.0,0
0.011720809835140091,0.0029176972799157238,1224.0,2237.0,0.009152290183586384,2.9245581497707432e-18,0.0,39970.0,0.0,0.0,0
0.011629743025163368,0.0029176972799157238,1225.0,2237.0,0.009061223373609657,3.478102279064891e-18,0.0,39970.0,0.0,0.0,0
0.011539582345188069,0.0029176972799157238,1226.0,2237.0,0.00897106269363436,4.4960084279335715e-18,0.0,39970.0,0.0,0.0,0
0.011450318779060305,0.0029176972799157238,1227.0,2237.0,0.008881799127506598,6.298102093302295e-18,0.0,39970.0,0.0,0.0,0
0.011361943400339346,0.0029176972799157238,1228.0,2237.0,0.008793423748785641,5.839890564053251e-18,0.0,39970.0,0.0,0.0,0
0.011274447371404869,0.0029176972799157238,1229.0,2237.0,0.00870592771985116,4.308418473006111e-18,0.0,39970.0,0.0,0.0,0
0.011187821942573098,0.0029176972799157238,1230.0,2237.0,0.008619302291019391,2.1957250462001165e-18,0.0,39970.0,0.0,0.0,0
0.011102058451221752,0.0029176972799157238,1231.0,2237.0,0.008533538799668046,1.0209813940314267e-18,0.0,39970.0,0.0,0.0,0
0.011017148320923714,0.0029176972799157238,1232.0,2237.0,0.008448628669370005,4.668222157047307e-18,0.0,39970.0,0.0,0.0,0
0.010933083060589276,0.0029176972799157238,1233.0,2237.0,0.00836456340903557,6.4549395966023035e-18,0.0,39970.0,0.0,0.0,0
0.010849854263617014,0.0029176972799157238,1234.0,2237.0,0.008281334612063306,3.428898356460966e-18,0.0,39970.0,0.0,0.0,0
0.010767453607053046,0.0029176972799157238,1235.0,2237.0,0.00819893395549934,3.287437078974684e-18,0.0,39970.0,0.0,0.0,0
0.010685872850758671,0.0029176972799157238,1236.0,2237.0,0.008117353199204964,1.2916029683530098e-18,0.0,39970.0,0.0,0.0,0
0.010605103836586326,0.0029176972799157238,1237.0,2237.0,0.008036584185032619,5.7476332091708935e-18,0.0,39970.0,0.0,0.0,0
0.010525138487563696,0.0029176972799157238,1238.0,2237.0,0.00795661883600999,5.427807712245386e-18,0.0,39970.0,0.0,0.0,0
0.010445968807086006,0.0029176972799157238,1239.0,2237.0,0.0078774491555323,5.6553758542885355e-18,0.0,39970.0,0.0,0.0,0
0.010367586878116298,0.0029176972799157238,1240.0,2237.0,0.007799067226562595,1.8974262654138262e-18,0.0,39970.0,0.0,0.0,0
0.010289984862393712,0.0029176972799157238,1241.0,2237.0,0.0077214652108400054,2.4355941688942468e-18,0.0,39970.0,0.0,0.0,0
0.010213154999649605,0.0029176972799157238,1242.0,2237.0,0.0076446353480958944,4.569814311839458e-18,0.0,39970.0,0.0,0.0,0
0.010137089606831502,0.0029176972799157238,1243.0,2237.0,0.007568569955277796,2.2418537236412955e-18,0.0,39970.0,0.0,0.0,0
0.010061781077334776,0.0029176972799157238,1244.0,2237.0,0.007493261425781069,5.919846938284628e-18,0.0,39970.0,0.0,0.0,0
0.009987221880241929,0.0029176972799157238,1245.0,2237.0,0.007418702228688225,3.9055613566864815e-19,0.0,39970.0,0.0,0.0,0
0.009913404559569527,0.0029176972799157238,1246.0,2237.0,0.007344884908015821,5.357077073502245e-18,0.0,39970.0,0.0,0.0,0
0.00984032173352252,0.0029176972799157238,1247.0,2237.0,0.007271802081968813,3.5334566919943054e-18,0.0,39970.0,0.0,0.0,0
0.009767966093756087,0.0029176972799157238,1248.0,2237.0,0.007199446442202379,2.401766472104049e-18,0.0,39970.0,0.0,0.0,0
0.009696330404644767,0.0029176972799157238,1249.0,2237.0,0.007127810753091061,2.9491601110727055e-18,0.0,39970.0,0.0,0.0,0
0.009625407502558872,0.0029176972799157238,1250.0,2237.0,0.0070568878510051634,4.545212350537496e-18,0.0,39970.0,0.0,0.0,0
0.00955519029514811,0.0029176972799157238,1251.0,2237.0,0.006986670643594403,5.3540018283395e-18,0.0,39970.0,0.0,0.0,0
0.00948567176063235,0.0029176972799157238,1252.0,2237.0,0.006917152109078642,5.52929080261598e-18,0.0,39970.0,0.0,0.0,0
0.0094168449470994,0.0029176972799157238,1253.0,2237.0,0.006848325295545692,2.0050598461099103e-18,0.0,39970.0,0.0,0.0,0
0.009348702971809838,0.0029176972799157238,1254.0,2237.0,0.006780183320256129,2.5493782399158215e-18,0.0,39970.0,0.0,0.0,0
0.00928123902050869,0.0029176972799157238,1255.0,2237.0,0.006712719368954984,1.5837512588138095e-18,0.0,39970.0,0.0,0.0,0
0.009214446346744018,0.0029176972799157238,1256.0,2237.0,0.006645926695190311,2.3341110785236534e-18,0.0,39970.0,0.0,0.0,0
0.009148318271192247,0.0029176972799157238,1257.0,2237.0,0.006579798619638539,6.211995228745427e-19,0.0,39970.0,0.0,0.0,0
0.00908284818099023,0.0029176972799157238,1258.0,2237.0,0.006514328529436525,2.075790484853051e-18,0.0,39970.0,0.0,0.0,0
0.009018029529073953,0.0029176972799157238,1259.0,2237.0,0.006449509877520245,4.170032440682574e-18,0.0,39970.0,0.0,0.0,0
0.008953855833523802,0.0029176972799157238,1260.0,2237.0,0.006385336181970097,5.2279167766669437e-20,0.0,39970.0,0.0,0.0,0
0.008890320676916398,0.0029176972799157238,1261.0,2237.0,0.00632180102536269,1.3377316457941886e-18,0.0,39970.0,0.0,0.0,0
0.008827417705682806,0.0029176972799157238,1262.0,2237.0,0.0062588980541290985,5.031101086251248e-18,0.0,39970.0,0.0,0.0,0
0.00876514062947318,0.0029176972799157238,1263.0,2237.0,0.006196620977919474,6.242747680372881e-19,0.0,39970.0,0.0,0.0,0
0.008703483220527745,0.0029176972799157238,1264.0,2237.0,0.0061349635689740365,1.319280174817717e-18,0.0,39970.0,0.0,0.0,0
0.008642439313053982,0.0029176972799157238,1265.0,2237.0,0.006073919661500274,2.5862811818687647e-18,0.0,39970.0,0.0,0.0,0
0.008582002802610057,0.0029176972799157238,1266.0,2237.0,0.006013483151056349,2.484798091498171e-18,0.0,39970.0,0.0,0.0,0
0.00852216764549436,0.0029176972799157238,1267.0,2237.0,0.005953647993940655,1.5960522394647905e-18,0.0,39970.0,0.0,0.0,0
0.008462927858141144,0.0029176972799157238,1268.0,2237.0,0.0058944082065874375,2.168047839735409e-18,0.0,39970.0,0.0,0.0,0
0.008404277516522144,0.0029176972799157238,1269.0,2237.0,0.005835757864968435,3.1736530079531093e-18,0.0,39970.0,0.0,0.0,0
0.008346210755554173,0.0029176972799157238,1270.0,2237.0,0.005777691104000468,6.796291809667027e-19,0.0,39970.0,0.0,0.0,0
0.00828872176851262,0.0029176972799157238,1271.0,2237.0,0.005720202116958914,1.915877736390298e-18,0.0,39970.0,0.0,0.0,0
0.008231804806450752,0.0029176972799157238,1272.0,2237.0,0.005663285154897042,5.704579776892459e-18,0.0,39970.0,0.0,0.0,0
0.008175454177624815,0.0029176972799157238,1273.0,2237.0,0.005606934526071108,2.072715239690306e-18,0.0,39970.0,0.0,0.0,0
0.00811966424692488,0.0029176972799157238,1274.0,2237.0,0.0055511445953711725,1.8974262654138262e-18,0.0,39970.0,0.0,0.0,0
0.008064429435311292,0.0029176972799157238,1275.0,2237.0,0.005495909783757583,3.2905123241374296e-18,0.0,39970.0,0.0,0.0,0
0.008009744219256782,0.0029176972799157238,1276.0,2237.0,0.0054412245677030735,3.496553750041362e-18,0.0,39970.0,0.0,0.0,0
0.007955603130194099,0.0029176972799157238,1277.0,2237.0,0.005387083478640393,1.9035767557393165e-18,0.0,39970.0,0.0,0.0,0
0.007902000753969154,0.0029176972799157238,1278.0,2237.0,0.005333481102415447,1.0763358069608414e-19,0.0,39970.0,0.0,0.0,0
0.007848931730299597,0.0029176972799157238,1279.0,2237.0,0.005280412078745892,-8.610686455686731e-19,0.0,39970.0,0.0,0.0,0
0.007796390752238787,0.0029176972799157238,1280.0,2237.0,0.005227871100685079,2.721591969029556e-18,0.0,39970.0,0.0,0.0,0
0.0077443725656450805,0.0029176972799157238,1281.0,2237.0,0.0051758529140913745,2.580130691543274e-18,0.0,39970.0,0.0,0.0,0
0.007692871968656424,0.0029176972799157238,1282.0,2237.0,0.005124352317102716,2.5955069173570005e-18,0.0,39970.0,0.0,0.0,0
0.007641883811170165,0.0029176972799157238,1283.0,2237.0,0.005073364159616456,5.166411873412039e-18,0.0,39970.0,0.0,0.0,0
0.007591402994328025,0.0029176972799157238,1284.0,2237.0,0.00502288334277432,2.275681420431493e-18,0.0,39970.0,0.0,0.0,0
0.007541424470006224,0.0029176972799157238,1285.0,2237.0,0.004972904818452515,2.2080260268510974e-18,0.0,39970.0,0.0,0.0,0
0.007491943240310649,0.0029176972799157238,1286.0,2237.0,0.004923423588756942,1.4392147361647823e-18,0.0,39970.0,0.0,0.0,0
0.007442954357077071,0.0029176972799157238,1287.0,2237.0,0.004874434705523364,1.3838603232353675e-18,0.0,39970.0,0.0,0.0,0
0.007394452921376314,0.0029176972799157238,1288.0,2237.0,0.004825933269822609,1.3162049296549718e-18,0.0,39970.0,0.0,0.0,0
0.007346434083024374,0.0029176972799157238,1289.0,2237.0,0.004777914431470666,1.1593674263549635e-18,0.0,39970.0,0.0,0.0,0
0.0072988930400973775,0.0029176972799157238,1290.0,2237.0,0.004730373388543672,1.41461277486282e-18,0.0,39970.0,0.0,0.0,0
0.007251825038451394,0.0029176972799157238,1291.0,2237.0,0.004683305386897688,3.075245162745261e-20,0.0,39970.0,0.0,0.0,0
0.007205225371247022,0.0029176972799157238,1292.0,2237.0,0.004636705719693315,-5.65845109945128e-19,0.0,39970.0,0.0,0.0,0
0.007159089378478695,0.0029176972799157238,1293.0,2237.0,0.00459056972692499,7.41134084221608e-19,0.0,39970.0,0.0,0.0,0
0.007113412446508674,0.0029176972799157238,1294.0,2237.0,0.004544892794954967,2.1003924461550134e-18,0.0,39970.0,0.0,0.0,0
0.0070681900076056845,0.0029176972799157238,1295.0,2237.0,0.004499670356051978,2.1526716139216826e-18,0.0,39970.0,0.0,0.0,0
0.007023417539488143,0.0029176972799157238,1296.0,2237.0,0.0044548978879344345,4.932693241043399e-18,0.0,39970.0,0.0,0.0,0
0.006979090564871911,0.0029176972799157238,1297.0,2237.0,0.004410570913318204,1.4392147361647823e-18,0.0,39970.0,0.0,0.0,0
0.006935204651022588,0.0029176972799157238,1298.0,2237.0,0.00436668499946888,3.579585369435484e-18,0.0,39970.0,0.0,0.0,0
0.006891755409312199,0.0029176972799157238,1299.0,2237.0,0.004323235757758492,1.70676106532362e-18,0.0,39970.0,0.0,0.0,0
0.006848738494780367,0.0029176972799157238,1300.0,2237.0,0.004280218843226661,1.7590402330902893e-18,0.0,39970.0,0.0,0.0,0
0.00680614960569978,0.0029176972799157238,1301.0,2237.0,0.004237629954146073,6.734786906412122e-19,0.0,39970.0,0.0,0.0,0
0.006763984483146034,0.0029176972799157238,1302.0,2237.0,0.004195464831592327,3.2597598725099768e-19,0.0,39970.0,0.0,0.0,0
0.006722238910571733,0.0029176972799157238,1303.0,2237.0,0.004153719259018027,9.748527165902477e-19,0.0,39970.0,0.0,0.0,0
0.006680908713384825,0.0029176972799157238,1304.0,2237.0,0.004112389061831118,3.022965994978592e-18,0.0,39970.0,0.0,0.0,0
0.00663998975853114,0.0029176972799157238,1305.0,2237.0,0.004071470106977436,-7.995637423137679e-20,0.0,39970.0,0.0,0.0,0
0.0065994779540810965,0.0029176972799157238,1306.0,2237.0,0.004030958302527391,2.272606175268748e-18,0.0,39970.0,0.0,0.0,0
0.006559369248820484,0.0029176972799157238,1307.0,2237.0,0.003990849597266776,3.1367500660001665e-18,0.0,39970.0,0.0,0.0,0
0.006519659631845347,0.0029176972799157238,1308.0,2237.0,0.003951139980291639,1.3961613038863485e-18,0.0,39970.0,0.0,0.0,0
0.006480345132160896,0.0029176972799157238,1309.0,2237.0,0.003911825480607188,1.7498144976020535e-18,0.0,39970.0,0.0,0.0,0
0.006441421818284395,0.0029176972799157238,1310.0,2237.0,0.003872902166730687,3.2659103628354673e-18,0.0,39970.0,0.0,0.0,0
0.006402885797852021,0.0029176972799157238,1311.0,2237.0,0.003834366146298313,3.4719517887393996e-18,0.0,39970.0,0.0,0.0,0
0.006364733217229613,0.0029176972799157238,1312.0,2237.0,0.0037962135656759042,3.727197137247256e-18,0.0,39970.0,0.0,0.0,0
0.00632696026112731,0.0029176972799157238,1313.0,2237.0,0.0037584406095736034,2.564754465729548e-18,0.0,39970.0,0.0,0.0,0
0.00628956315221803,0.0029176972799157238,1314.0,2237.0,0.003721043500664322,3.954765279290406e-18,0.0,39970.0,0.0,0.0,0
0.0062525381507597105,0.0029176972799157238,1315.0,2237.0,0.0036840184992060023,3.5949615952492105e-18,0.0,39970.0,0.0,0.0,0
0.006215881554221349,0.0029176972799157238,1316.0,2237.0,0.003647361902667643,1.5622245426745926e-18,0.0,39970.0,0.0,0.0,0
0.006179589696912745,0.0029176972799157238,1317.0,2237.0,0.0036110700453590382,-1.814394646019704e-19,0.0,39970.0,0.0,0.0,0
0.006143658949617928,0.0029176972799157238,1318.0,2237.0,0.00357513929806422,3.936313808313934e-18,0.0,39970.0,0.0,0.0,0
0.006108085719232218,0.0029176972799157238,1319.0,2237.0,0.0035395660676785096,2.5955069173570005e-18,0.0,39970.0,0.0,0.0,0
0.006072866448402929,0.0029176972799157238,1320.0,2237.0,0.003504346796849224,1.5991274846275358e-19,0.0,39970.0,0.0,0.0,0
0.006037997615173638,0.0029176972799157238,1321.0,2237.0,0.0034694779636199307,1.9374044525295146e-18,0.0,39970.0,0.0,0.0,0
0.006003475732631958,0.0029176972799157238,1322.0,2237.0,0.003434956081078251,2.826150304562895e-18,0.0,39970.0,0.0,0.0,0
0.005969297348560861,0.0029176972799157238,1323.0,2237.0,0.0034007776970071545,4.920392260392418e-20,0.0,39970.0,0.0,0.0,0
0.005935459045093464,0.0029176972799157238,1324.0,2237.0,0.003366939393539758,-4.397600582725723e-19,0.0,39970.0,0.0,0.0,0
0.00590195743837122,0.0029176972799157238,1325.0,2237.0,0.0033334377868175138,-4.551362840862987e-19,0.0,39970.0,0.0,0.0,0
0.005868789178205536,0.0029176972799157238,1326.0,2237.0,0.003300269526651831,-9.963794327294647e-19,0.0,39970.0,0.0,0.0,0
0.005835950947742759,0.0029176972799157238,1327.0,2237.0,0.0032674312961890528,2.2172517623393332e-18,0.0,39970.0,0.0,0.0,0
0.00580343946313247,0.0029176972799157238,1328.0,2237.0,0.003234919811578763,1.107088258588294e-18,0.0,39970.0,0.0,0.0,0
0.005771251473199119,0.0029176972799157238,1329.0,2237.0,0.003202731821645411,1.1040130134255487e-18,0.0,39970.0,0.0,0.0,0
0.005739383759116888,0.0029176972799157238,1330.0,2237.0,0.0031708641075631813,2.776946381958971e-18,0.0,39970.0,0.0,0.0,0
0.005707833134087811,0.0029176972799157238,1331.0,2237.0,0.003139313482534105,9.28724039149069e-19,0.0,39970.0,0.0,0.0,0
0.0056765964430230955,0.0029176972799157238,1332.0,2237.0,0.0031080767914693883,1.5222463555589043e-18,0.0,39970.0,0.0,0.0,0
0.0056456705622276015,0.0029176972799157238,1333.0,2237.0,0.0030771509106738947,2.8015483432609327e-18,0.0,39970.0,0.0,0.0,0
0.005615052399087478,0.0029176972799157238,1334.0,2237.0,0.0030465327475337704,2.5586039754040573e-18,0.0,39970.0,0.0,0.0,0
0.005584738891760895,0.0029176972799157238,1335.0,2237.0,0.0030162192402071876,1.3100544393294812e-18,0.0,39970.0,0.0,0.0,0
0.005554727008871858,0.0029176972799157238,1336.0,2237.0,0.002986207357318151,6.027480518980712e-19,0.0,39970.0,0.0,0.0,0
0.005525013749207072,0.0029176972799157238,1337.0,2237.0,0.002956494097653364,2.0419627880628535e-18,0.0,39970.0,0.0,0.0,0
0.005495596141415804,0.0029176972799157238,1338.0,2237.0,0.0029270764898620956,6.488767293392501e-19,0.0,39970.0,0.0,0.0,0
0.005466471243712763,0.0029176972799157238,1339.0,2237.0,0.0028979515921590546,1.909727246064807e-18,0.0,39970.0,0.0,0.0,0
0.005437636143583906,0.0029176972799157238,1340.0,2237.0,0.002869116492030199,1.8912757750883356e-18,0.0,39970.0,0.0,0.0,0
0.005409087957495191,0.0029176972799157238,1341.0,2237.0,0.0028405683059414834,1.906652000902062e-19,0.0,39970.0,0.0,0.0,0
0.005380823830604221,0.0029176972799157238,1342.0,2237.0,0.002812304179050514,1.777491704066761e-18,0.0,39970.0,0.0,0.0,0
0.00535284093647475,0.0029176972799157238,1343.0,2237.0,0.0027843212849210435,4.3053432278433657e-19,0.0,39970.0,0.0,0.0,0
0.005325136476794051,0.0029176972799157238,1344.0,2237.0,0.0027566168252403426,1.8912757750883356e-18,0.0,39970.0,0.0,0.0,0
0.005297707681093063,0.0029176972799157238,1345.0,2237.0,0.002729188029539354,1.922028226715788e-18,0.0,39970.0,0.0,0.0,0
0.0052705518064693575,0.0029176972799157238,1346.0,2237.0,0.002702032154915651,2.521701033451114e-19,0.0,39970.0,0.0,0.0,0
0.00524366613731285,0.0029176972799157238,1347.0,2237.0,0.0026751464857591415,1.731363026625582e-18,0.0,39970.0,0.0,0.0,0
0.00521704798503421,0.0029176972799157238,1348.0,2237.0,0.002648528333480504,2.9522353562354505e-19,0.0,39970.0,0.0,0.0,0
0.005190694687796037,0.0029176972799157238,1349.0,2237.0,0.0026221750362423303,1.1040130134255487e-18,0.0,39970.0,0.0,0.0,0
0.00516460361024664,0.0029176972799157238,1350.0,2237.0,0.0025960839586929335,2.460196130196209e-20,0.0,39970.0,0.0,0.0,0
0.005138772143256523,0.0029176972799157238,1351.0,2237.0,0.002570252491702817,-1.1070882585882941e-19,0.0,39970.0,0.0,0.0,0
0.005113197703657463,0.0029176972799157238,1352.0,2237.0,0.002544678052103757,1.131690219890256e-18,0.0,39970.0,0.0,0.0,0
0.005087877733984186,0.0029176972799157238,1353.0,2237.0,0.002519358082430478,2.8538275110276024e-18,0.0,39970.0,0.0,0.0,0
0.005062809702218622,0.0029176972799157238,1354.0,2237.0,0.002494290050664915,5.473936389686565e-19,0.0,39970.0,0.0,0.0,0
0.0050379911015367065,0.0029176972799157238,1355.0,2237.0,0.002469471449983001,1.3100544393294812e-18,0.0,39970.0,0.0,0.0,0
0.005013419450057692,0.0029176972799157238,1356.0,2237.0,0.0024448997985039842,1.3869355683981129e-18,0.0,39970.0,0.0,0.0,0
0.0049890922905959515,0.0029176972799157238,1357.0,2237.0,0.0024205726390422438,2.6570118206119055e-18,0.0,39970.0,0.0,0.0,0
0.004965007190415263,0.0029176972799157238,1358.0,2237.0,0.0023964875388615566,1.4299890006765465e-18,0.0,39970.0,0.0,0.0,0
0.0049411617409855415,0.0029176972799157238,1359.0,2237.0,0.0023726420894318347,2.023511317086382e-18,0.0,39970.0,0.0,0.0,0
0.004917553557741971,0.0029176972799157238,1360.0,2237.0,0.002349033906188265,3.8440564534315764e-19,0.0,39970.0,0.0,0.0,0
0.004894180279846558,0.0029176972799157238,1361.0,2237.0,0.0023256606282928494,1.9958341106216745e-18,0.0,39970.0,0.0,0.0,0
0.004871039569952026,0.0029176972799157238,1362.0,2237.0,0.00230251991839832,4.981897163647323e-19,0.0,39970.0,0.0,0.0,0
0.00484812911396811,0.0029176972799157238,1363.0,2237.0,0.0022796094624144034,-6.181242777117975e-19,0.0,39970.0,0.0,0.0,0
0.004825446620830118,0.0029176972799157238,1364.0,2237.0,0.0022569269692764102,2.6201088786589623e-18,0.0,39970.0,0.0,0.0,0
0.004802989822269833,0.0029176972799157238,1365.0,2237.0,0.002234470170716124,3.874808905059029e-18,0.0,39970.0,0.0,0.0,0
0.004780756472588681,0.0029176972799157238,1366.0,2237.0,0.0022122368210349725,2.260305194617767e-18,0.0,39970.0,0.0,0.0,0
0.00475874434843317,0.0029176972799157238,1367.0,2237.0,0.0021902246968794614,2.964536336886432e-18,0.0,39970.0,0.0,0.0,0
0.004736951248572541,0.0029176972799157238,1368.0,2237.0,0.0021684315970188317,2.4940238269864067e-18,0.0,39970.0,0.0,0.0,0
0.004715374993678644,0.0029176972799157238,1369.0,2237.0,0.0021468553421249374,2.552453485078567e-19,0.0,39970.0,0.0,0.0,0
0.004694013426108014,0.0029176972799157238,1370.0,2237.0,0.002125493774554307,9.717774714275026e-19,0.0,39970.0,0.0,0.0,0
0.004672864409686089,0.0029176972799157238,1371.0,2237.0,0.002104344758132383,1.5529988071863568e-18,0.0,39970.0,0.0,0.0,0
0.004651925829493607,0.0029176972799157238,1372.0,2237.0,0.0020834061779398992,2.7830968722844615e-18,0.0,39970.0,0.0,0.0,0
0.004631195591655093,0.0029176972799157238,1373.0,2237.0,0.002062675940101386,1.922028226715788e-18,0.0,39970.0,0.0,0.0,0
0.004610671623129494,0.0029176972799157238,1374.0,2237.0,0.0020421519715757867,2.8107740787491685e-18,0.0,39970.0,0.0,0.0,0
0.004590351871502849,0.0029176972799157238,1375.0,2237.0,0.0020218322199491417,9.041220778471067e-19,0.0,39970.0,0.0,0.0,0
0.004570234304783067,0.0029176972799157238,1376.0,2237.0,0.0020017146532293594,2.0173608267608912e-18,0.0,39970.0,0.0,0.0,0
0.004550316911196709,0.0029176972799157238,1377.0,2237.0,0.0019817972596430007,1.0209813940314267e-18,0.0,39970.0,0.0,0.0,0
0.004530597698987817,0.0029176972799157238,1378.0,2237.0,0.0019620780474341095,1.131690219890256e-18,0.0,39970.0,0.0,0.0,0
0.004511074696218739,0.0029176972799157238,1379.0,2237.0,0.0019425550446650326,1.6175789556040074e-18,0.0,39970.0,0.0,0.0,0
0.0044917459505729295,0.0029176972799157238,1380.0,2237.0,0.0019232262990192238,1.260850516725557e-19,0.0,39970.0,0.0,0.0,0
0.0044726095291597176,0.0029176972799157238,1381.0,2237.0,0.0019040898776060088,2.896880943306036e-18,0.0,39970.0,0.0,0.0,0
0.004453663518321011,0.0029176972799157238,1382.0,2237.0,0.001885143866767304,8.36466684266711e-19,0.0,39970.0,0.0,0.0,0
0.004434906023439941,0.0029176972799157238,1383.0,2237.0,0.0018663863718862332,2.613958388333472e-18,0.0,39970.0,0.0,0.0,0
0.004416335168751386,0.0029176972799157238,1384.0,2237.0,0.0018478155171976773,2.9399343755844697e-18,0.0,39970.0,0.0,0.0,0
0.004397949097154401,0.0029176972799157238,1385.0,2237.0,0.0018294294456006935,6.734786906412122e-19,0.0,39970.0,0.0,0.0,0
0.004379745970026508,0.0029176972799157238,1386.0,2237.0,0.0018112263184727995,1.4176880200255654e-18,0.0,39970.0,0.0,0.0,0
0.004361723967039819,0.0029176972799157238,1387.0,2237.0,0.0017932043154861128,1.0763358069608414e-19,0.0,39970.0,0.0,0.0,0
0.004343881285979023,0.0029176972799157238,1388.0,2237.0,0.001775361634425316,5.935223164098354e-19,0.0,39970.0,0.0,0.0,0
0.004326216142561143,0.0029176972799157238,1389.0,2237.0,0.0017576964910074357,1.1286149747275108e-18,0.0,39970.0,0.0,0.0,0
0.0043087267702571165,0.0029176972799157238,1390.0,2237.0,0.0017402071187034081,2.509400052800133e-18,0.0,39970.0,0.0,0.0,0
0.004291411420115136,0.0029176972799157238,1391.0,2237.0,0.001722891768561428,1.036357619845153e-18,0.0,39970.0,0.0,0.0,0
0.004274268360585759,0.0029176972799157238,1392.0,2237.0,0.001705748709032052,1.365408852258896e-18,0.0,39970.0,0.0,0.0,0
0.004257295877348748,0.0029176972799157238,1393.0,2237.0,0.0016887762257950416,1.060959581147115e-18,0.0,39970.0,0.0,0.0,0
0.004240492273141634,0.0029176972799157238,1394.0,2237.0,0.0016719726215879275,-2.4294436785687565e-19,0.0,39970.0,0.0,0.0,0
0.004223855867589996,0.0029176972799157238,1395.0,2237.0,0.0016553362160362886,7.811122713372963e-19,0.0,39970.0,0.0,0.0,0
0.00420738499703941,0.0029176972799157238,1396.0,2237.0,0.0016388653454857038,-4.612867744117891e-19,0.0,39970.0,0.0,0.0,0
0.004191078014389102,0.0029176972799157238,1397.0,2237.0,0.0016225583628353946,1.6298799362549883e-18,0.0,39970.0,0.0,0.0,0
0.0041749332889272125,0.0029176972799157238,1398.0,2237.0,0.0016064136373735054,1.4884186587687064e-18,0.0,39970.0,0.0,0.0,0
0.004158949206167742,0.0029176972799157238,1399.0,2237.0,0.0015904295546140357,7.995637423137679e-19,0.0,39970.0,0.0,0.0,0
0.004143124167689095,0.0029176972799157238,1400.0,2237.0,0.00157460451613539,-9.28724039149069e-19,0.0,39970.0,0.0,0.0,0
0.00412745659097424,0.0029176972799157238,1401.0,2237.0,0.0015589369394205317,2.3279605881981628e-18,0.0,39970.0,0.0,0.0,0
0.00411194490925244,0.0029176972799157238,1402.0,2237.0,0.0015434252576987328,-1.906652000902062e-19,0.0,39970.0,0.0,0.0,0
0.004096587571342606,0.0029176972799157238,1403.0,2237.0,0.0015280679197888984,8.979715875216162e-19,0.0,39970.0,0.0,0.0,0
0.0040813830414981435,0.0029176972799157238,1404.0,2237.0,0.0015128633899444354,8.610686455686731e-19,0.0,39970.0,0.0,0.0,0
0.004066329799253399,0.0029176972799157238,1405.0,2237.0,0.0014978101476996906,1.0763358069608413e-18,0.0,39970.0,0.0,0.0,0
0.004051426339271604,0.0029176972799157238,1406.0,2237.0,0.0014829066877178965,1.9374044525295146e-18,0.0,39970.0,0.0,0.0,0
0.00403667117119434,0.0029176972799157238,1407.0,2237.0,0.0014681515196406328,1.1255397295647656e-18,0.0,39970.0,0.0,0.0,0
0.004022062819492503,0.0029176972799157238,1408.0,2237.0,0.0014535431679387964,-1.2300980650981045e-20,0.0,39970.0,0.0,0.0,0
0.004007599823318752,0.0029176972799157238,1409.0,2237.0,0.0014390801717650457,6.458014841765049e-19,0.0,39970.0,0.0,0.0,0
0.003993280736361414,0.0029176972799157238,1410.0,2237.0,0.0014247610848077072,-6.1504903254905224e-21,0.0,39970.0,0.0,0.0,0
0.003979104126699862,0.0029176972799157238,1411.0,2237.0,0.0014105844751461547,5.719956002706186e-19,0.0,39970.0,0.0,0.0,0
0.0039650685766613155,0.0029176972799157238,1412.0,2237.0,0.0013965489251076078,1.8389966073216663e-18,0.0,39970.0,0.0,0.0,0
0.003951172682679075,0.0029176972799157238,1413.0,2237.0,0.001382653031125367,2.2941328914079647e-18,0.0,39970.0,0.0,0.0,0
0.00393741505515216,0.0029176972799157238,1414.0,2237.0,0.0013688954035984526,1.3592583619334055e-18,0.0,39970.0,0.0,0.0,0
0.003923794318306356,0.0029176972799157238,1415.0,2237.0,0.001355274666752649,1.0794110521235866e-18,0.0,39970.0,0.0,0.0,0
0.003910309110056626,0.0029176972799157238,1416.0,2237.0,0.0013417894585029183,1.3838603232353675e-18,0.0,39970.0,0.0,0.0,0
0.0038969580818709088,0.0029176972799157238,1417.0,2237.0,0.0013284384303172006,1.1501416908667277e-18,0.0,39970.0,0.0,0.0,0
0.003883739898635258,0.0029176972799157238,1418.0,2237.0,0.0013152202470815512,8.057142326392585e-19,0.0,39970.0,0.0,0.0,0
0.0038706532385203367,0.0029176972799157238,1419.0,2237.0,0.0013021335869666296,1.257775271562812e-18,0.0,39970.0,0.0,0.0,0
0.0038576967928492262,0.0029176972799157238,1420.0,2237.0,0.001289177141295519,2.921482904607998e-19,0.0,39970.0,0.0,0.0,0
0.0038448692659665633,0.0029176972799157238,1421.0,2237.0,0.001276349614412856,-3.721046646921766e-19,0.0,39970.0,0.0,0.0,0
0.0038321693751089706,0.0029176972799157238,1422.0,2237.0,0.0012636497235552636,1.2700762522137928e-18,0.0,39970.0,0.0,0.0,0
0.0038195958502767772,0.0029176972799157238,1423.0,2237.0,0.0012510761987230708,-6.365757486882691e-19,0.0,39970.0,0.0,0.0,0
0.003807147434107024,0.0029176972799157238,1424.0,2237.0,0.0012386277825533177,5.043402066902228e-19,0.0,39970.0,0.0,0.0,0
0.0037948228817477206,0.0029176972799157238,1425.0,2237.0,0.001226303230194013,2.1342201429452114e-18,0.0,39970.0,0.0,0.0,0
0.0037826209607333574,0.0029176972799157238,1426.0,2237.0,0.0012141013091796497,1.915877736390298e-18,0.0,39970.0,0.0,0.0,0
0.0037705404508616668,0.0029176972799157238,1427.0,2237.0,0.0012020207993079604,1.6237294459294979e-18,0.0,39970.0,0.0,0.0,0
0.0037585801440715946,0.0029176972799157238,1428.0,2237.0,0.0011900604925178882,2.7369681948432823e-19,0.0,39970.0,0.0,0.0,0
0.0037467388443224946,0.0029176972799157238,1429.0,2237.0,0.001178219192768788,1.1470664457039824e-18,0.0,39970.0,0.0,0.0,0
0.0037350153674745256,0.0029176972799157238,1430.0,2237.0,0.0011664957159208179,2.5493782399158215e-18,0.0,39970.0,0.0,0.0,0
0.0037234085411702303,0.0029176972799157238,1431.0,2237.0,0.0011548888896165226,1.5345473362098852e-18,0.0,39970.0,0.0,0.0,0
0.003711917204717306,0.0029176972799157238,1432.0,2237.0,0.0011433975531635996,7.442093293843532e-19,0.0,39970.0,0.0,0.0,0
0.0037005402089725337,0.0029176972799157238,1433.0,2237.0,0.001132020557418827,1.7252125363000914e-18,0.0,39970.0,0.0,0.0,0
0.0036892764162268585,0.0029176972799157238,1434.0,2237.0,0.0011207567646731506,1.8174698911824492e-18,0.0,39970.0,0.0,0.0,0
0.003678124700091615,0.0029176972799157238,1435.0,2237.0,0.001109605048537908,8.087894778020037e-19,0.0,39970.0,0.0,0.0,0
0.0036670839453859004,0.0029176972799157238,1436.0,2237.0,0.0010985642938321934,2.552453485078567e-19,0.0,39970.0,0.0,0.0,0
0.0036561530480250424,0.0029176972799157238,1437.0,2237.0,0.0010876333964713353,1.4422899813275275e-18,0.0,39970.0,0.0,0.0,0
0.0036453309149101962,0.0029176972799157238,1438.0,2237.0,0.0010768112633564885,1.752889742764799e-18,0.0,39970.0,0.0,0.0,0
0.0036346164638190303,0.0029176972799157238,1439.0,2237.0,0.0010660968122653235,3.1982549692550716e-19,0.0,39970.0,0.0,0.0,0
0.003624008623297509,0.0029176972799157238,1440.0,2237.0,0.0010554889717438011,2.9522353562354506e-18,0.0,39970.0,0.0,0.0,0
0.0036135063325527387,0.0029176972799157238,1441.0,2237.0,0.0010449866809990307,2.060414259039325e-18,0.0,39970.0,0.0,0.0,0
0.003603108541346892,0.0029176972799157238,1442.0,2237.0,0.001034588889793185,1.5991274846275358e-19,0.0,39970.0,0.0,0.0,0
0.0035928142098921863,0.0029176972799157238,1443.0,2237.0,0.0010242945583384794,7.995637423137679e-20,0.0,39970.0,0.0,0.0,0
0.003582622308746897,0.0029176972799157238,1444.0,2237.0,0.0010141026571931896,1.1193892392392752e-18,0.0,39970.0,0.0,0.0,0
0.0035725318187124146,0.0029176972799157238,1445.0,2237.0,0.001004012167158707,1.4515157168157633e-18,0.0,39970.0,0.0,0.0,0
0.0035625417307313264,0.0029176972799157238,1446.0,2237.0,0.0009940220791776198,1.8666738137863737e-18,0.0,39970.0,0.0,0.0,0
0.0035526510457865126,0.0029176972799157238,1447.0,2237.0,0.0009841313942328049,1.4515157168157633e-18,0.0,39970.0,0.0,0.0,0
0.0035428587748012334,0.0029176972799157238,1448.0,2237.0,0.0009743391232475257,2.367938775313851e-18,0.0,39970.0,0.0,0.0,0
0.00353316393854023,0.0029176972799157238,1449.0,2237.0,0.0009646442869865232,7.257578584078816e-19,0.0,39970.0,0.0,0.0,0
0.003523565567511798,0.0029176972799157238,1450.0,2237.0,0.0009550459159580918,7.688112906863153e-20,0.0,39970.0,0.0,0.0,0
0.003514062701870837,0.0029176972799157238,1451.0,2237.0,0.00094554305031713,5.65845109945128e-19,0.0,39970.0,0.0,0.0,0
0.003504654391322864,0.0029176972799157238,1452.0,2237.0,0.0009361347397691558,5.227916776666944e-19,0.0,39970.0,0.0,0.0,0
0.0034953396950289806,0.0029176972799157238,1453.0,2237.0,0.0009268200434752741,5.719956002706186e-19,0.0,39970.0,0.0,0.0,0
0.0034861176815117988,0.0029176972799157238,1454.0,2237.0,0.0009175980299580919,7.565103100353342e-19,0.0,39970.0,0.0,0.0,0
0.0034769874285622815,0.0029176972799157238,1455.0,2237.0,0.0009084677770085735,1.76519072341578e-18,0.0,39970.0,0.0,0.0,0
0.003467948023147522,0.0029176972799157238,1456.0,2237.0,0.0008994283715938141,1.7098363104863652e-18,0.0,39970.0,0.0,0.0,0
0.003458998561319448,0.0029176972799157238,1457.0,2237.0,0.0008904789097657407,1.0455833553333888e-18,0.0,39970.0,0.0,0.0,0
0.00345013814812442,0.0029176972799157238,1458.0,2237.0,0.000881618496570712,1.236248555423595e-18,0.0,39970.0,0.0,0.0,0
0.003441365897513733,0.0029176972799157238,1459.0,2237.0,0.0008728462459600253,2.2049507816883523e-18,0.0,39970.0,0.0,0.0,0
0.0034326809322550163,0.0029176972799157238,1460.0,2237.0,0.0008641612807013083,2.3587130398256153e-18,0.0,39970.0,0.0,0.0,0
0.003424082383844506,0.0029176972799157238,1461.0,2237.0,0.000855562732290799,1.0425081101706435e-18,0.0,39970.0,0.0,0.0,0
0.0034155693924201973,0.0029176972799157238,1462.0,2237.0,0.0008470497408664895,1.4269137555138012e-18,0.0,39970.0,0.0,0.0,0
0.003407141106675851,0.0029176972799157238,1463.0,2237.0,0.0008386214551221429,2.214176517176588e-18,0.0,39970.0,0.0,0.0,0
0.003398796683775871,0.0029176972799157238,1464.0,2237.0,0.0008302770322221634,2.82922554972564e-19,0.0,39970.0,0.0,0.0,0
0.003390535289271014,0.0029176972799157238,1465.0,2237.0,0.0008220156377173063,1.7990184202059776e-18,0.0,39970.0,0.0,0.0,0
0.0033823560970149416,0.0029176972799157238,1466.0,2237.0,0.0008138364454612351,1.5468483168608664e-18,0.0,39970.0,0.0,0.0,0
0.003374258289081617,0.0029176972799157238,1467.0,2237.0,0.00080573863752791,2.0296618074118723e-19,0.0,39970.0,0.0,0.0,0
0.0033662410556834946,0.0029176972799157238,1468.0,2237.0,0.000797721404129788,-6.1504903254905224e-21,0.0,39970.0,0.0,0.0,0
0.003358303595090558,0.0029176972799157238,1469.0,2237.0,0.0007897839435368501,2.564754465729548e-18,0.0,39970.0,0.0,0.0,0
0.0033504451135501277,0.0029176972799157238,1470.0,2237.0,0.0007819254619964208,1.3531078716079148e-18,0.0,39970.0,0.0,0.0,0
0.0033426648252075047,0.0029176972799157238,1471.0,2237.0,0.0007741451736537974,7.165321229196458e-19,0.0,39970.0,0.0,0.0,0
0.0033349619520273697,0.0029176972799157238,1472.0,2237.0,0.0007664423004736633,-5.350926583176754e-19,0.0,39970.0,0.0,0.0,0
0.003327335723715988,0.0029176972799157238,1473.0,2237.0,0.0007588160721622802,1.506870129745178e-18,0.0,39970.0,0.0,0.0,0
0.0033197853776441686,0.0029176972799157238,1474.0,2237.0,0.0007512657260904616,7.934132519882773e-19,0.0,39970.0,0.0,0.0,0
0.0033123101587710173,0.0029176972799157238,1475.0,2237.0,0.0007437905072173104,6.796291809667027e-19,0.0,39970.0,0.0,0.0,0
0.0033049093195684155,0.0029176972799157238,1476.0,2237.0,0.0007363896680147074,2.5524534850785666e-18,0.0,39970.0,0.0,0.0,0
0.003297582119946274,0.0029176972799157238,1477.0,2237.0,0.0007290624683925662,2.3371863236863986e-18,0.0,39970.0,0.0,0.0,0
0.003290327827178526,0.0029176972799157238,1478.0,2237.0,0.0007218081756248183,1.482268168443216e-18,0.0,39970.0,0.0,0.0,0
0.0032831457158298493,0.0029176972799157238,1479.0,2237.0,0.0007146260642761416,1.7405887621138177e-18,0.0,39970.0,0.0,0.0,0
0.003276035067683123,0.0029176972799157238,1480.0,2237.0,0.0007075154161294158,7.103816325941554e-19,0.0,39970.0,0.0,0.0,0
0.0032689951716676087,0.0029176972799157238,1481.0,2237.0,0.0007004755201139022,5.197164325039492e-19,0.0,39970.0,0.0,0.0,0
0.0032620253237878385,0.0029176972799157238,1482.0,2237.0,0.0006935056722341307,2.4878733366609164e-18,0.0,39970.0,0.0,0.0,0
0.003255124827053214,0.0029176972799157238,1483.0,2237.0,0.0006866051754995064,1.543773071698121e-18,0.0,39970.0,0.0,0.0,0
0.0032482929914083125,0.0029176972799157238,1484.0,2237.0,0.0006797733398546047,1.7006105749981294e-18,0.0,39970.0,0.0,0.0,0
0.0032415291336638755,0.0029176972799157238,1485.0,2237.0,0.0006730094821101675,8.303161939412205e-19,0.0,39970.0,0.0,0.0,0
0.003234832577428493,0.0029176972799157238,1486.0,2237.0,0.0006663129258747859,1.3469573812824244e-18,0.0,39970.0,0.0,0.0,0
0.00322820265304096,0.0029176972799157238,1487.0,2237.0,0.0006596830014872533,4.858887357137513e-19,0.0,39970.0,0.0,0.0,0
0.0032216386975033153,0.0029176972799157238,1488.0,2237.0,0.0006531190459496077,8.395419294294563e-19,0.0,39970.0,0.0,0.0,0
0.0032151400544145306,0.0029176972799157238,1489.0,2237.0,0.0006466204028608239,6.027480518980712e-19,0.0,39970.0,0.0,0.0,0
0.0032087060739048852,0.0029176972799157238,1490.0,2237.0,0.000640186422351179,9.53326000451031e-20,0.0,39970.0,0.0,0.0,0
0.0032023361125709674,0.0029176972799157238,1491.0,2237.0,0.0006338164610172592,2.3863902462903227e-18,0.0,39970.0,0.0,0.0,0
0.00319602953341133,0.0029176972799157238,1492.0,2237.0,0.0006275098818576237,-5.750708454333638e-19,0.0,39970.0,0.0,0.0,0
0.0031897857057628085,0.0029176972799157238,1493.0,2237.0,0.0006212660542091007,7.165321229196458e-19,0.0,39970.0,0.0,0.0,0
0.0031836040052374286,0.0029176972799157238,1494.0,2237.0,0.0006150843536837216,7.934132519882773e-19,0.0,39970.0,0.0,0.0,0
0.0031774838136599897,0.0029176972799157238,1495.0,2237.0,0.0006089641621062833,4.4283530343531765e-19,0.0,39970.0,0.0,0.0,0
0.003171424519006234,0.0029176972799157238,1496.0,2237.0,0.0006029048674525272,7.872627616627869e-19,0.0,39970.0,0.0,0.0,0
0.003165425515341645,0.0029176972799157238,1497.0,2237.0,0.0005969058637879388,-7.380588390588626e-20,0.0,39970.0,0.0,0.0,0
0.003159486202760859,0.0029176972799157238,1498.0,2237.0,0.0005909665512071518,3.3827696790197874e-20,0.0,39970.0,0.0,0.0,0
0.003153605987327668,0.0029176972799157238,1499.0,2237.0,0.0005850863357739606,1.011755658543191e-18,0.0,39970.0,0.0,0.0,0
0.0031477842810156264,0.0029176972799157238,1500.0,2237.0,0.0005792646294619192,8.795201165451446e-19,0.0,39970.0,0.0,0.0,0
0.003142020501649254,0.0029176972799157238,1501.0,2237.0,0.0005735008500955459,1.5560740523491021e-18,0.0,39970.0,0.0,0.0,0
0.0031363140728458095,0.0029176972799157238,1502.0,2237.0,0.0005677944212921022,1.319280174817717e-18,0.0,39970.0,0.0,0.0,0
0.003130664423957659,0.0029176972799157238,1503.0,2237.0,0.0005621447724039509,1.755964987927544e-18,0.0,39970.0,0.0,0.0,0
0.0031250709900152024,0.0029176972799157238,1504.0,2237.0,0.0005565513384614958,-2.060414259039325e-19,0.0,39970.0,0.0,0.0,0
0.003119533211670388,0.0029176972799157238,1505.0,2237.0,0.0005510135601166807,5.043402066902228e-19,0.0,39970.0,0.0,0.0,0
0.0031140505351407648,0.0029176972799157238,1506.0,2237.0,0.0005455308835870574,1.955855923505986e-18,0.0,39970.0,0.0,0.0,0
0.0031086224121541096,0.0029176972799157238,1507.0,2237.0,0.0005401027606004031,8.979715875216162e-19,0.0,39970.0,0.0,0.0,0
0.003103248299893602,0.0029176972799157238,1508.0,2237.0,0.0005347286483398954,-7.380588390588626e-20,0.0,39970.0,0.0,0.0,0
0.0030979276609435368,0.0029176972799157238,1509.0,2237.0,0.0005294080093898304,3.41352213064724e-19,0.0,39970.0,0.0,0.0,0
0.003092659963235588,0.0029176972799157238,1510.0,2237.0,0.0005241403116818799,2.401766472104049e-18,0.0,39970.0,0.0,0.0,0
0.00308744467999559,0.0029176972799157238,1511.0,2237.0,0.0005189250284418831,8.579934004059279e-19,0.0,39970.0,0.0,0.0,0
0.003082281289690876,0.0029176972799157238,1512.0,2237.0,0.0005137616381371683,1.1132387489137845e-18,0.0,39970.0,0.0,0.0,0
0.00307716927597811,0.0029176972799157238,1513.0,2237.0,0.0005086496244244035,-1.0271318843569172e-18,0.0,39970.0,0.0,0.0,0
0.0030721081276516653,0.0029176972799157238,1514.0,2237.0,0.0005035884760979578,1.2423990457490855e-18,0.0,39970.0,0.0,0.0,0
0.0030670973385924873,0.0029176972799157238,1515.0,2237.0,0.0004985776870387806,7.103816325941554e-19,0.0,39970.0,0.0,0.0,0
0.0030621364077174965,0.0029176972799157238,1516.0,2237.0,0.0004936167561637888,2.2541547042922764e-18,0.0,39970.0,0.0,0.0,0
0.0030572248389294705,0.0029176972799157238,1517.0,2237.0,0.0004887051873757629,3.53653193715705e-19,0.0,39970.0,0.0,0.0,0
0.003052362141067439,0.0029176972799157238,1518.0,2237.0,0.0004838424895137302,2.3740892656393417e-18,0.0,39970.0,0.0,0.0,0
0.0030475478278575597,0.0029176972799157238,1519.0,2237.0,0.0004790281763038522,2.331035833360908e-18,0.0,39970.0,0.0,0.0,0
0.003042781417864503,0.0029176972799157238,1520.0,2237.0,0.0004742617663107963,7.6573604552357e-19,0.0,39970.0,0.0,0.0,0
0.003038062434443298,0.0029176972799157238,1521.0,2237.0,0.00046954278288959043,1.3592583619334055e-18,0.0,39970.0,0.0,0.0,0
0.0030333904056916686,0.0029176972799157238,1522.0,2237.0,0.00046487075413796083,1.3623336070961506e-18,0.0,39970.0,0.0,0.0,0
0.0030287648644028472,0.0029176972799157238,1523.0,2237.0,0.0004602452128491388,3.308963795113901e-18,0.0,39970.0,0.0,0.0,0
0.0030241853480188472,0.0029176972799157238,1524.0,2237.0,0.00045566569646514045,-1.1070882585882941e-19,0.0,39970.0,0.0,0.0,0
0.0030196513985842185,0.0029176972799157238,1525.0,2237.0,0.00045113174703051087,9.810032069157384e-19,0.0,39970.0,0.0,0.0,0
0.003015162562700237,0.0029176972799157238,1526.0,2237.0,0.00044664291114652934,2.4540456398707184e-18,0.0,39970.0,0.0,0.0,0
0.0030107183914795713,0.0029176972799157238,1527.0,2237.0,0.0004421987399258652,-9.225735488235783e-20,0.0,39970.0,0.0,0.0,0
0.0030063184405014014,0.0029176972799157238,1528.0,2237.0,0.0004377987889476947,5.074154518529681e-19,0.0,39970.0,0.0,0.0,0
0.0030019622697669587,0.0029176972799157238,1529.0,2237.0,0.00043344261821325227,-9.840784520784836e-20,0.0,39970.0,0.0,0.0,0
0.002997649443655542,0.0029176972799157238,1530.0,2237.0,0.0004291297921018345,1.906652000902062e-19,0.0,39970.0,0.0,0.0,0
0.0029933795308809434,0.0029176972799157238,1531.0,2237.0,0.00042485987932723633,3.1059976143727136e-19,0.0,39970.0,0.0,0.0,0
0.0029891521044483303,0.0029176972799157238,1532.0,2237.0,0.00042063245289462165,1.7928679298804873e-18,0.0,39970.0,0.0,0.0,0
0.002984966741611532,0.0029176972799157238,1533.0,2237.0,0.00041644709005782493,2.2756814204314934e-19,0.0,39970.0,0.0,0.0,0
0.002980823023830782,0.0029176972799157238,1534.0,2237.0,0.0004123033722770747,5.842965809215996e-19,0.0,39970.0,0.0,0.0,0
0.002976720536730847,0.0029176972799157238,1535.0,2237.0,0.00040820088517713905,1.1747436521686897e-18,0.0,39970.0,0.0,0.0,0
0.0029726588700595964,0.0029176972799157238,1536.0,2237.0,0.00040413921850589,-3.53653193715705e-19,0.0,39970.0,0.0,0.0,0
0.002968637617646981,0.0029176972799157238,1537.0,2237.0,0.00040011796609327495,-7.165321229196458e-19,0.0,39970.0,0.0,0.0,0
0.0029646563773644097,0.0029176972799157238,1538.0,2237.0,0.0003961367258107024,1.6852343491844031e-18,0.0,39970.0,0.0,0.0,0
0.002960714751084533,0.0029176972799157238,1539.0,2237.0,0.0003921950995308254,1.4545909619785086e-18,0.0,39970.0,0.0,0.0,0
0.00295681234464144,0.0029176972799157238,1540.0,2237.0,0.00038829269308773227,5.2279167766669437e-20,0.0,39970.0,0.0,0.0,0
0.0029529487677912333,0.0029176972799157238,1541.0,2237.0,0.0003844291162375261,1.2670010070510475e-18,0.0,39970.0,0.0,0.0,0
0.0029491236341730107,0.0029176972799157238,1542.0,2237.0,0.0003806039826193027,1.7959431750432325e-18,0.0,39970.0,0.0,0.0,0
0.0029453365612702198,0.0029176972799157238,1543.0,2237.0,0.00037681690971651206,2.5278515237766048e-18,0.0,39970.0,0.0,0.0,0
0.0029415871703724152,0.0029176972799157238,1544.0,2237.0,0.0003730675188187077,5.53544129294147e-19,0.0,39970.0,0.0,0.0,0
0.002937875086537383,0.0029176972799157238,1545.0,2237.0,0.00036935543498367595,6.765539358039574e-19,0.0,39970.0,0.0,0.0,0
0.002934199938553647,0.0029176972799157238,1546.0,2237.0,0.00036568028699994026,1.0179061488686814e-18,0.0,39970.0,0.0,0.0,0
0.0029305613589033466,0.0029176972799157238,1547.0,2237.0,0.0003620417073496393,1.952780678343241e-18,0.0,39970.0,0.0,0.0,0
0.002926958983725482,0.0029176972799157238,1548.0,2237.0,0.00035843933217177473,3.167502517627619e-19,0.0,39970.0,0.0,0.0,0
0.002923392452779535,0.0029176972799157238,1549.0,2237.0,0.00035487280122582874,-7.103816325941554e-19,0.0,39970.0,0.0,0.0,0
0.0029198614094094405,0.0029176972799157238,1550.0,2237.0,0.0003513417578557334,1.4023117942118391e-18,0.0,39970.0,0.0,0.0,0
0.002916365500507916,0.0029176972799157238,1551.0,2237.0,0.0003478458489542093,4.82813490551006e-19,0.0,39970.0,0.0,0.0,0
0.00291290437648116,0.0029176972799157238,1552.0,2237.0,0.00034438472492745323,1.011755658543191e-18,0.0,39970.0,0.0,0.0,0
0.0029094776912138853,0.0029176972799157238,1553.0,2237.0,0.00034095803966017823,3.505779485529598e-19,0.0,39970.0,0.0,0.0,0
0.0029060851020347085,0.0029176972799157238,1554.0,2237.0,0.00033756545048100147,4.551362840862987e-19,0.0,39970.0,0.0,0.0,0
0.0029027262696818853,0.0029176972799157238,1555.0,2237.0,0.0003342066181281787,3.9978187115688395e-20,0.0,39970.0,0.0,0.0,0
0.0028994008582693817,0.0029176972799157238,1556.0,2237.0,0.0003308812067156752,1.0732605617980962e-18,0.0,39970.0,0.0,0.0,0
0.0028961085352532845,0.0029176972799157238,1557.0,2237.0,0.00032758888369957795,0.0,0.0,39970.0,0.0,0.0,0
0.0028928489713985497,0.0029176972799157238,1558.0,2237.0,0.0003243293198448429,-6.458014841765048e-20,0.0,39970.0,0.0,0.0,0
0.002889621840746075,0.0029176972799157238,1559.0,2237.0,0.0003211021891923676,2.1126934268059943e-18,0.0,39970.0,0.0,0.0,0
0.002886426820580105,0.0029176972799157238,1560.0,2237.0,0.000317907169026397,1.3039039490039907e-18,0.0,39970.0,0.0,0.0,0
0.0028832635913959605,0.0029176972799157238,1561.0,2237.0,0.00031474393984225326,1.1040130134255487e-18,0.0,39970.0,0.0,0.0,0
0.002880131836868089,0.0029176972799157238,1562.0,2237.0,0.00031161218531438104,1.3162049296549718e-18,0.0,39970.0,0.0,0.0,0
0.0028770312438184255,0.0029176972799157238,1563.0,2237.0,0.00030851159226471777,3.475027033902145e-19,0.0,39970.0,0.0,0.0,0
0.0028739615021850817,0.0029176972799157238,1564.0,2237.0,0.00030544185063137495,-6.919301616176838e-19,0.0,39970.0,0.0,0.0,0
0.0028709223049913375,0.0029176972799157238,1565.0,2237.0,0.0003024026534376312,-6.857796712921932e-19,0.0,39970.0,0.0,0.0,0
0.0028679133483149413,0.0029176972799157238,1566.0,2237.0,0.0002993936967612339,-1.0763358069608414e-19,0.0,39970.0,0.0,0.0,0
0.0028649343312577165,0.0029176972799157238,1567.0,2237.0,0.00029641467970400857,1.6667828782079315e-18,0.0,39970.0,0.0,0.0,0
0.0028619849559154737,0.0029176972799157238,1568.0,2237.0,0.00029346530436176655,4.889639808764965e-19,0.0,39970.0,0.0,0.0,0
0.0028590649273482227,0.0029176972799157238,1569.0,2237.0,0.0002905452757945162,-3.3827696790197874e-20,0.0,39970.0,0.0,0.0,0
0.0028561739535506742,0.0029176972799157238,1570.0,2237.0,0.00028765430199696675,3.9978187115688395e-19,0.0,39970.0,0.0,0.0,0
0.0028533117454230383,0.0029176972799157238,1571.0,2237.0,0.00028479209386933,9.840784520784835e-19,0.0,39970.0,0.0,0.0,0
0.0028504780167421142,0.0029176972799157238,1572.0,2237.0,0.00028195836518840796,-7.6573604552357e-19,0.0,39970.0,0.0,0.0,0
0.002847672484132678,0.0029176972799157238,1573.0,2237.0,0.0002791528325789703,1.5253216007216496e-18,0.0,39970.0,0.0,0.0,0
0.0028448948670391255,0.0029176972799157238,1574.0,2237.0,0.00027637521548541866,1.2547000264000666e-18,0.0,39970.0,0.0,0.0,0
0.0028421448876974364,0.0029176972799157238,1575.0,2237.0,0.0002736252361437293,5.381679034804207e-19,0.0,39970.0,0.0,0.0,0
0.002839422271107384,0.0029176972799157238,1576.0,2237.0,0.00027090261955367583,9.256487939863236e-19,0.0,39970.0,0.0,0.0,0
0.0028367267450050393,0.0029176972799157238,1577.0,2237.0,0.00026820709345133116,1.306979194166736e-18,0.0,39970.0,0.0,0.0,0
0.002834058039835546,0.0029176972799157238,1578.0,2237.0,0.00026553838828183816,1.1409159553784919e-18,0.0,39970.0,0.0,0.0,0
0.002831415888726163,0.0029176972799157238,1579.0,2237.0,0.0002628962371724561,1.3254306651432076e-18,0.0,39970.0,0.0,0.0,0
0.0028288000274595787,0.0029176972799157238,1580.0,2237.0,0.0002602803759058718,-5.689203551078733e-19,0.0,39970.0,0.0,0.0,0
0.0028262101944474868,0.0029176972799157238,1581.0,2237.0,0.0002576905428937795,6.5195197450199535e-19,0.0,39970.0,0.0,0.0,0
0.002823646130704427,0.0029176972799157238,1582.0,2237.0,0.0002551264791507192,2.4786476011726806e-18,0.0,39970.0,0.0,0.0,0
0.0028211075798218886,0.0029176972799157238,1583.0,2237.0,0.0002525879282681804,2.3371863236863986e-18,0.0,39970.0,0.0,0.0,0
0.002818594287942666,0.0029176972799157238,1584.0,2237.0,0.00025007463638895827,1.4238385103510559e-18,0.0,39970.0,0.0,0.0,0
0.0028161060037354795,0.0029176972799157238,1585.0,2237.0,0.0002475863521817722,1.6329551814177337e-18,0.0,39970.0,0.0,0.0,0
0.0028136424783698336,0.0029176972799157238,1586.0,2237.0,0.0002451228268161265,-2.4294436785687565e-19,0.0,39970.0,0.0,0.0,0
0.002811203465491139,0.0029176972799157238,1587.0,2237.0,0.00024268381393743193,2.8907304529805454e-19,0.0,39970.0,0.0,0.0,0
0.002808788721196076,0.0029176972799157238,1588.0,2237.0,0.00024026906964236838,7.811122713372963e-19,0.0,39970.0,0.0,0.0,0
0.0028063980040082025,0.0029176972799157238,1589.0,2237.0,0.0002378783524544945,1.6544818975569506e-18,0.0,39970.0,0.0,0.0,0
0.0028040310748538044,0.0029176972799157238,1590.0,2237.0,0.00023551142330009828,-6.980806519431742e-19,0.0,39970.0,0.0,0.0,0
0.0028016876970379987,0.0029176972799157238,1591.0,2237.0,0.00023316804548429205,9.441002649627952e-19,0.0,39970.0,0.0,0.0,0
0.00279936763622105,0.0029176972799157238,1592.0,2237.0,0.00023084798466734192,1.411537529700075e-18,0.0,39970.0,0.0,0.0,0
0.00279707066039494,0.0029176972799157238,1593.0,2237.0,0.00022855100884123272,1.6022027297902811e-18,0.0,39970.0,0.0,0.0,0
0.0027947965398601752,0.0029176972799157238,1594.0,2237.0,0.00022627688830646696,1.5468483168608664e-18,0.0,39970.0,0.0,0.0,0
0.002792545047202803,0.0029176972799157238,1595.0,2237.0,0.0002240253956490965,-6.1504903254905224e-21,0.0,39970.0,0.0,0.0,0
0.002790315957271686,0.0029176972799157238,1596.0,2237.0,0.0002217963057179796,1.0548090908216246e-18,0.0,39970.0,0.0,0.0,0
0.0027881090471559723,0.0029176972799157238,1597.0,2237.0,0.0002195893956022653,1.2916029683530098e-18,0.0,39970.0,0.0,0.0,0
0.0027859240961628103,0.0029176972799157238,1598.0,2237.0,0.00021740444460910337,9.90228942403974e-19,0.0,39970.0,0.0,0.0,0
0.0027837608857952806,0.0029176972799157238,1599.0,2237.0,0.00021524123424157288,4.705125099000249e-19,0.0,39970.0,0.0,0.0,0
0.002781619199730543,0.0029176972799157238,1600.0,2237.0,0.0002130995481768349,1.1224644844020203e-18,0.0,39970.0,0.0,0.0,0
0.0027794988237982046,0.0029176972799157238,1601.0,2237.0,0.0002109791722444983,3.2905123241374296e-19,0.0,39970.0,0.0,0.0,0
0.002777399545958909,0.0029176972799157238,1602.0,2237.0,0.00020887989440520282,-5.996728067353259e-19,0.0,39970.0,0.0,0.0,0
0.0027753211562831213,0.0029176972799157238,1603.0,2237.0,0.00020680150472941468,-2.0911667106667775e-19,0.0,39970.0,0.0,0.0,0
0.002773263446930141,0.0029176972799157238,1604.0,2237.0,0.00020474379537643484,2.460196130196209e-19,0.0,39970.0,0.0,0.0,0
0.00277122621212732,0.0029176972799157238,1605.0,2237.0,0.0002027065605736128,2.0296618074118723e-19,0.0,39970.0,0.0,0.0,0
0.002769209248149478,0.0029176972799157238,1606.0,2237.0,0.0002006895965957711,1.9681569041569672e-19,0.0,39970.0,0.0,0.0,0
0.0027672123532985387,0.0029176972799157238,1607.0,2237.0,0.00019869270174483085,2.4663466205216993e-18,0.0,39970.0,0.0,0.0,0
0.0027652353278833502,0.0029176972799157238,1608.0,2237.0,0.00019671567632964293,1.011755658543191e-18,0.0,39970.0,0.0,0.0,0
0.002763277974199726,0.0029176972799157238,1609.0,2237.0,0.00019475832264601804,1.1501416908667277e-18,0.0,39970.0,0.0,0.0,0
0.002761340096510665,0.0029176972799157238,1610.0,2237.0,0.00019282044495695733,1.6268046910922432e-18,0.0,39970.0,0.0,0.0,0
0.0027594215010267836,0.0029176972799157238,1611.0,2237.0,0.00019090184947307567,3.7517990985492184e-19,0.0,39970.0,0.0,0.0,0
0.002757521995886935,0.0029176972799157238,1612.0,2237.0,0.0001890023443332278,9.225735488235783e-19,0.0,39970.0,0.0,0.0,0
0.002755641391139021,0.0029176972799157238,1613.0,2237.0,0.00018712173958531503,-8.180152132902395e-19,0.0,39970.0,0.0,0.0,0
0.0027537794987210038,0.0029176972799157238,1614.0,2237.0,0.00018525984716729599,5.320174131549302e-19,0.0,39970.0,0.0,0.0,0
0.0027519361324420855,0.0029176972799157238,1615.0,2237.0,0.0001834164808883778,1.2731514973765382e-18,0.0,39970.0,0.0,0.0,0
0.0027501111079641038,0.0029176972799157238,1616.0,2237.0,0.00018159145641039617,1.4761176781177253e-18,0.0,39970.0,0.0,0.0,0
0.002748304242783089,0.0029176972799157238,1617.0,2237.0,0.00017978459122938194,-1.2300980650981045e-20,0.0,39970.0,0.0,0.0,0
0.00274651535621102,0.0029176972799157238,1618.0,2237.0,0.0001779957046573119,7.011558971059196e-19,0.0,39970.0,0.0,0.0,0
0.002744744269357745,0.0029176972799157238,1619.0,2237.0,0.00017622461780403745,3.2290074208825244e-19,0.0,39970.0,0.0,0.0,0
0.0027429908051131054,0.0029176972799157238,1620.0,2237.0,0.0001744711535593981,9.840784520784835e-19,0.0,39970.0,0.0,0.0,0
0.0027412547881292145,0.0029176972799157238,1621.0,2237.0,0.00017273513657550766,1.5991274846275358e-19,0.0,39970.0,0.0,0.0,0
0.002739536044802928,0.0029176972799157238,1622.0,2237.0,0.00017101639324922134,4.674372647372797e-19,0.0,39970.0,0.0,0.0,0
0.0027378344032584815,0.0029176972799157238,1623.0,2237.0,0.00016931475170477376,3.8440564534315764e-19,0.0,39970.0,0.0,0.0,0
0.0027361496933303005,0.0029176972799157238,1624.0,2237.0,0.00016763004177659327,1.5806760136510642e-18,0.0,39970.0,0.0,0.0,0
0.0027344817465459904,0.0029176972799157238,1625.0,2237.0,0.0001659620949922818,2.9952887885138845e-18,0.0,39970.0,0.0,0.0,0
0.0027328303961094793,0.0029176972799157238,1626.0,2237.0,0.0001643107445557726,4.705125099000249e-19,0.0,39970.0,0.0,0.0,0
0.0027311954768843524,0.0029176972799157238,1627.0,2237.0,0.00016267582533064458,1.2793019877020286e-18,0.0,39970.0,0.0,0.0,0
0.0027295768253773204,0.0029176972799157238,1628.0,2237.0,0.00016105717382361312,1.4269137555138012e-18,0.0,39970.0,0.0,0.0,0
0.0027279742797218865,0.0029176972799157238,1629.0,2237.0,0.00015945462816817937,1.0701853166353508e-18,0.0,39970.0,0.0,0.0,0
0.0027263876796621484,0.0029176972799157238,1630.0,2237.0,0.00015786802810844122,9.07197323009852e-19,0.0,39970.0,0.0,0.0,0
0.0027248168665367795,0.0029176972799157238,1631.0,2237.0,0.0001562972149830712,2.3279605881981628e-18,0.0,39970.0,0.0,0.0,0
0.0027232616832631546,0.0029176972799157238,1632.0,2237.0,0.00015474203170944787,8.795201165451446e-19,0.0,39970.0,0.0,0.0,0
0.0027217219743216545,0.0029176972799157238,1633.0,2237.0,0.00015320232276794715,1.4207632651883107e-18,0.0,39970.0,0.0,0.0,0
0.0027201975857401,0.0029176972799157238,1634.0,2237.0,0.00015167793418639273,1.5622245426745926e-18,0.0,39970.0,0.0,0.0,0
0.0027186883650783616,0.0029176972799157238,1635.0,2237.0,0.00015016871352465532,-1.2024208586333971e-18,0.0,39970.0,0.0,0.0,0
0.002717194161413118,0.0029176972799157238,1636.0,2237.0,0.00014867450985941137,-2.2449289688040406e-19,0.0,39970.0,0.0,0.0,0
0.002715714825322757,0.0029176972799157238,1637.0,2237.0,0.00014719517376904907,1.660632387882441e-18,0.0,39970.0,0.0,0.0,0
0.0027142502088724355,0.0029176972799157238,1638.0,2237.0,0.00014573055731872728,1.1439912005412372e-18,0.0,39970.0,0.0,0.0,0
0.002712800165599287,0.0029176972799157238,1639.0,2237.0,0.00014428051404557953,1.260850516725557e-18,0.0,39970.0,0.0,0.0,0
0.002711364550497778,0.0029176972799157238,1640.0,2237.0,0.00014284489894407043,1.1009377682628036e-18,0.0,39970.0,0.0,0.0,0
0.0027099432200052005,0.0029176972799157238,1641.0,2237.0,0.00014142356845149394,-3.1059976143727136e-19,0.0,39970.0,0.0,0.0,0
0.002708536031987323,0.0029176972799157238,1642.0,2237.0,0.00014001638043361538,1.6083532201157716e-18,0.0,39970.0,0.0,0.0,0
0.0027071428457241687,0.0029176972799157238,1643.0,2237.0,0.00013862319417046128,1.3807850780726222e-18,0.0,39970.0,0.0,0.0,0
0.0027057635218959513,0.0029176972799157238,1644.0,2237.0,0.00013724387034224389,1.731363026625582e-18,0.0,39970.0,0.0,0.0,0
0.002704397922569138,0.0029176972799157238,1645.0,2237.0,0.00013587827101543072,4.766630002255155e-19,0.0,39970.0,0.0,0.0,0
0.00270304591118266,0.0029176972799157238,1646.0,2237.0,0.00013452625962895166,2.1864993107118807e-18,0.0,39970.0,0.0,0.0,0
0.0027017073525342486,0.0029176972799157238,1647.0,2237.0,0.00013318770098054086,8.795201165451446e-19,0.0,39970.0,0.0,0.0,0
0.0027003821127669254,0.0029176972799157238,1648.0,2237.0,0.00013186246121321845,1.2547000264000666e-18,0.0,39970.0,0.0,0.0,0
0.0026990700593556103,0.0029176972799157238,1649.0,2237.0,0.0001305504078019029,5.258669228294396e-19,0.0,39970.0,0.0,0.0,0
0.0026977710610938664,0.0029176972799157238,1650.0,2237.0,0.0001292514095401605,3.321264775764882e-19,0.0,39970.0,0.0,0.0,0
0.0026964849880807885,0.0029176972799157238,1651.0,2237.0,0.00012796533652708147,-3.1059976143727136e-19,0.0,39970.0,0.0,0.0,0
0.0026952117117080006,0.0029176972799157238,1652.0,2237.0,0.0001266920601542932,9.28724039149069e-19,0.0,39970.0,0.0,0.0,0
0.0026939511046468042,0.0029176972799157238,1653.0,2237.0,0.00012543145309309778,-3.013740259490356e-19,0.0,39970.0,0.0,0.0,0
0.0026927030408354447,0.0029176972799157238,1654.0,2237.0,0.0001241833892817377,9.933041875667193e-19,0.0,39970.0,0.0,0.0,0
0.0026914673954665006,0.0029176972799157238,1655.0,2237.0,0.00012294774391279295,2.521701033451114e-19,0.0,39970.0,0.0,0.0,0
0.0026902440449744027,0.0029176972799157238,1656.0,2237.0,0.00012172439342069575,4.551362840862987e-19,0.0,39970.0,0.0,0.0,0
0.002689032867023085,0.0029176972799157238,1657.0,2237.0,0.00012051321546937797,-9.90228942403974e-19,0.0,39970.0,0.0,0.0,0
0.0026878337404937424,0.0029176972799157238,1658.0,2237.0,0.00011931408894003561,5.258669228294396e-19,0.0,39970.0,0.0,0.0,0
0.0026866465454727225,0.0029176972799157238,1659.0,2237.0,0.00011812689391901554,5.689203551078733e-19,0.0,39970.0,0.0,0.0,0
0.002685471163239535,0.0029176972799157238,1660.0,2237.0,0.00011695151168582691,1.107088258588294e-18,0.0,39970.0,0.0,0.0,0
0.002684307476254974,0.0029176972799157238,1661.0,2237.0,0.00011578782470126712,-4.6128677441178916e-20,0.0,39970.0,0.0,0.0,0
0.002683155368149376,0.0029176972799157238,1662.0,2237.0,0.00011463571659566718,1.3592583619334055e-18,0.0,39970.0,0.0,0.0,0
0.0026820147237109648,0.0029176972799157238,1663.0,2237.0,0.00011349507215725719,1.955855923505986e-18,0.0,39970.0,0.0,0.0,0
0.0026808854288743484,0.0029176972799157238,1664.0,2237.0,0.00011236577732064229,-1.353107871607915e-19,0.0,39970.0,0.0,0.0,0
0.002679767370709105,0.0029176972799157238,1665.0,2237.0,0.00011124771915539778,1.3469573812824244e-18,0.0,39970.0,0.0,0.0,0
0.002678660437408483,0.0029176972799157238,1666.0,2237.0,0.00011014078585477576,3.0752451627452612e-21,0.0,39970.0,0.0,0.0,0
0.00267756451827823,0.0029176972799157238,1667.0,2237.0,0.00010904486672452335,-6.150490325490522e-20,0.0,39970.0,0.0,0.0,0
0.0026764795037255216,0.0029176972799157238,1668.0,2237.0,0.00010795985217181476,1.2700762522137928e-18,0.0,39970.0,0.0,0.0,0
0.002675405285247996,0.0029176972799157238,1669.0,2237.0,0.00010688563369428992,4.612867744117891e-19,0.0,39970.0,0.0,0.0,0
0.002674341755422914,0.0029176972799157238,1670.0,2237.0,0.00010582210386920629,1.8820500396000998e-18,0.0,39970.0,0.0,0.0,0
0.0026732888078964015,0.0029176972799157238,1671.0,2237.0,0.00010476915634269483,4.82813490551006e-19,0.0,39970.0,0.0,0.0,0
0.002672246337372833,0.0029176972799157238,1672.0,2237.0,0.00010372668581912523,1.1624426715177088e-18,0.0,39970.0,0.0,0.0,0
0.0026712142396042855,0.0029176972799157238,1673.0,2237.0,0.00010269458805057734,1.4545909619785086e-18,0.0,39970.0,0.0,0.0,0
0.002670192411380121,0.0029176972799157238,1674.0,2237.0,0.00010167275982641386,5.5661937445689225e-19,0.0,39970.0,0.0,0.0,0
0.0026691807505166668,0.0029176972799157238,1675.0,2237.0,0.00010066109896295968,5.135659421784586e-19,0.0,39970.0,0.0,0.0,0
0.0026681791558469943,0.0029176972799157238,1676.0,2237.0,9.96595042932869e-05,6.919301616176838e-19,0.0,39970.0,0.0,0.0,0
0.0026671875272108007,0.0029176972799157238,1677.0,2237.0,9.86678756570931e-05,1.3008287038412456e-18,0.0,39970.0,0.0,0.0,0
0.0026662057654443963,0.0029176972799157238,1678.0,2237.0,9.768611389068859e-05,4.336095679470818e-19,0.0,39970.0,0.0,0.0,0
0.0026652337723707853,0.0029176972799157238,1679.0,2237.0,9.671412081707879e-05,-2.798473098098188e-19,0.0,39970.0,0.0,0.0,0
0.0026642714507898527,0.0029176972799157238,1680.0,2237.0,9.57517992361456e-05,-8.8259536170789e-19,0.0,39970.0,0.0,0.0,0
0.0026633187044686362,0.0029176972799157238,1681.0,2237.0,9.479905291492965e-05,-1.260850516725557e-19,0.0,39970.0,0.0,0.0,0
0.0026623754381317113,0.0029176972799157238,1682.0,2237.0,9.385578657800495e-05,-1.506870129745178e-19,0.0,39970.0,0.0,0.0,0
0.002661441557451658,0.0029176972799157238,1683.0,2237.0,9.292190589795122e-05,1.0548090908216246e-18,0.0,39970.0,0.0,0.0,0
0.0026605169690396293,0.0029176972799157238,1684.0,2237.0,9.199731748592247e-05,3.598036840411956e-19,0.0,39970.0,0.0,0.0,0
0.002659601580436014,0.0029176972799157238,1685.0,2237.0,9.108192888230692e-05,6.488767293392501e-19,0.0,39970.0,0.0,0.0,0
0.002658695300101188,0.0029176972799157238,1686.0,2237.0,9.017564854748161e-05,5.104906970157134e-19,0.0,39970.0,0.0,0.0,0
0.002657798037406365,0.0029176972799157238,1687.0,2237.0,8.927838585265714e-05,2.2818319107569838e-18,0.0,39970.0,0.0,0.0,0
0.0026569097026245235,0.0029176972799157238,1688.0,2237.0,8.839005107081752e-05,-6.611777099902311e-19,0.0,39970.0,0.0,0.0,0
0.002656030206921451,0.0029176972799157238,1689.0,2237.0,8.751055536774335e-05,7.903380068255321e-19,0.0,39970.0,0.0,0.0,0
0.002655159462346838,0.0029176972799157238,1690.0,2237.0,8.663981079313179e-05,1.8451470976471566e-20,0.0,39970.0,0.0,0.0,0
0.002654297381825507,0.0029176972799157238,1691.0,2237.0,8.57777302717993e-05,1.2054961037961425e-18,0.0,39970.0,0.0,0.0,0
0.002653443879148683,0.0029176972799157238,1692.0,2237.0,8.49242275949761e-05,-1.1685931618431993e-19,0.0,39970.0,0.0,0.0,0
0.00265259886896539,0.0029176972799157238,1693.0,2237.0,8.40792174116826e-05,6.857796712921932e-19,0.0,39970.0,0.0,0.0,0
0.0026517622667739035,0.0029176972799157238,1694.0,2237.0,8.324261522019635e-05,1.3561831167706601e-18,0.0,39970.0,0.0,0.0,0
0.0026509339889133087,0.0029176972799157238,1695.0,2237.0,8.241433735960153e-05,7.380588390588627e-19,0.0,39970.0,0.0,0.0,0
0.0026501139525551285,0.0029176972799157238,1696.0,2237.0,8.159430100142138e-05,-6.1504903254905224e-21,0.0,39970.0,0.0,0.0,0
0.0026493020756950436,0.0029176972799157238,1697.0,2237.0,8.078242414133674e-05,2.3986912269413037e-19,0.0,39970.0,0.0,0.0,0
0.0026484982771446926,0.0029176972799157238,1698.0,2237.0,7.99786255909851e-05,1.863598568623628e-18,0.0,39970.0,0.0,0.0,0
0.002647702476523549,0.0029176972799157238,1699.0,2237.0,7.918282496984191e-05,4.643620195745345e-19,0.0,39970.0,0.0,0.0,0
0.0026469145942508883,0.0029176972799157238,1700.0,2237.0,7.839494269718153e-05,8.549181552431826e-19,0.0,39970.0,0.0,0.0,0
0.0026461345515378285,0.0029176972799157238,1701.0,2237.0,7.761489998412009e-05,2.2818319107569838e-18,0.0,39970.0,0.0,0.0,0
0.0026453622703794446,0.0029176972799157238,1702.0,2237.0,7.684261882573644e-05,6.550272196647406e-19,0.0,39970.0,0.0,0.0,0
0.002644597673546979,0.0029176972799157238,1703.0,2237.0,7.607802199327099e-05,1.1685931618431993e-18,0.0,39970.0,0.0,0.0,0
0.00264384068458011,0.0029176972799157238,1704.0,2237.0,7.532103302640367e-05,1.3561831167706601e-18,0.0,39970.0,0.0,0.0,0
0.002643091227779313,0.0029176972799157238,1705.0,2237.0,7.457157622560658e-05,-1.5376225813726307e-19,0.0,39970.0,0.0,0.0,0
0.0026423492281982828,0.0029176972799157238,1706.0,2237.0,7.382957664457501e-05,1.6790838588589126e-18,0.0,39970.0,0.0,0.0,0
0.0026416146116364394,0.0029176972799157238,1707.0,2237.0,7.309496008273293e-05,1.1070882585882941e-19,0.0,39970.0,0.0,0.0,0
0.0026408873046315185,0.0029176972799157238,1708.0,2237.0,7.236765307781208e-05,2.4294436785687565e-19,0.0,39970.0,0.0,0.0,0
0.0026401672344522112,0.0029176972799157238,1709.0,2237.0,7.16475828985052e-05,-2.4294436785687565e-19,0.0,39970.0,0.0,0.0,0
0.002639454329090901,0.0029176972799157238,1710.0,2237.0,7.093467753719476e-05,8.918210971961258e-19,0.0,39970.0,0.0,0.0,0
0.002638748517256457,0.0029176972799157238,1711.0,2237.0,7.022886570275047e-05,-3.1982549692550716e-19,0.0,39970.0,0.0,0.0,0
0.0026380497283671088,0.0029176972799157238,1712.0,2237.0,6.953007681340081e-05,1.094787277937313e-18,0.0,39970.0,0.0,0.0,0
0.0026373578925433815,0.0029176972799157238,1713.0,2237.0,6.883824098967455e-05,1.377709832909877e-18,0.0,39970.0,0.0,0.0,0
0.0026366729406011188,0.0029176972799157238,1714.0,2237.0,6.815328904741256e-05,2.613958388333472e-19,0.0,39970.0,0.0,0.0,0
0.002635994804044556,0.0029176972799157238,1715.0,2237.0,6.747515249084947e-05,-7.0730638743141e-19,0.0,39970.0,0.0,0.0,0
0.0026353234150594726,0.0029176972799157238,1716.0,2237.0,6.680376350576526e-05,7.964884971510227e-19,0.0,39970.0,0.0,0.0,0
0.002634658706506409,0.0029176972799157238,1717.0,2237.0,6.613905495270165e-05,4.182333421333555e-19,0.0,39970.0,0.0,0.0,0
0.0026340006119139575,0.0029176972799157238,1718.0,2237.0,6.54809603602492e-05,2.2080260268510974e-18,0.0,39970.0,0.0,0.0,0
0.0026333490654721074,0.0029176972799157238,1719.0,2237.0,6.482941391840095e-05,-5.596946196196376e-19,0.0,39970.0,0.0,0.0,0
0.002632704002025676,0.0029176972799157238,1720.0,2237.0,6.418435047196854e-05,9.225735488235783e-20,0.0,39970.0,0.0,0.0,0
0.0026320653570677793,0.0029176972799157238,1721.0,2237.0,6.354570551407082e-05,2.201875536525607e-18,0.0,39970.0,0.0,0.0,0
0.0026314330667333873,0.0029176972799157238,1722.0,2237.0,6.291341517967948e-05,5.965975615725807e-19,0.0,39970.0,0.0,0.0,0
0.0026308070677929407,0.0029176972799157238,1723.0,2237.0,6.228741623923399e-05,1.2977534586785002e-18,0.0,39970.0,0.0,0.0,0
0.0026301872976460254,0.0029176972799157238,1724.0,2237.0,6.166764609231899e-05,-8.94896342358871e-19,0.0,39970.0,0.0,0.0,0
0.0026295736943151102,0.0029176972799157238,1725.0,2237.0,6.105404276140313e-05,1.7467392524393084e-18,0.0,39970.0,0.0,0.0,0
0.002628966196439349,0.0029176972799157238,1726.0,2237.0,6.0446544885641785e-05,1.814394646019704e-19,0.0,39970.0,0.0,0.0,0
0.002628364743268449,0.0029176972799157238,1727.0,2237.0,5.984509171474124e-05,1.214721839284378e-18,0.0,39970.0,0.0,0.0,0
0.002627769274656591,0.0029176972799157238,1728.0,2237.0,5.924962310288299e-05,2.2141765171765883e-19,0.0,39970.0,0.0,0.0,0
0.002627179731056418,0.0029176972799157238,1729.0,2237.0,5.866007950271037e-05,9.840784520784835e-19,0.0,39970.0,0.0,0.0,0
0.002626596053513079,0.0029176972799157238,1730.0,2237.0,5.807640195937126e-05,1.7590402330902893e-18,0.0,39970.0,0.0,0.0,0
0.0026260181836583337,0.0029176972799157238,1731.0,2237.0,5.7498532104625455e-05,2.6816137819138678e-18,0.0,39970.0,0.0,0.0,0
0.0026254460637047125,0.0029176972799157238,1732.0,2237.0,5.692641215100561e-05,2.367938775313851e-19,0.0,39970.0,0.0,0.0,0
0.0026248796364397465,0.0029176972799157238,1733.0,2237.0,5.6359984886039775e-05,1.0148309037059362e-19,0.0,39970.0,0.0,0.0,0
0.0026243188452202354,0.0029176972799157238,1734.0,2237.0,5.579919366652969e-05,-1.5991274846275358e-19,0.0,39970.0,0.0,0.0,0
0.002623763633966593,0.0029176972799157238,1735.0,2237.0,5.524398241288501e-05,2.3525625495001246e-18,0.0,39970.0,0.0,0.0,0
0.0026232139471572265,0.0029176972799157238,1736.0,2237.0,5.469429560351917e-05,1.0179061488686814e-18,0.0,39970.0,0.0,0.0,0
0.0026226697298229996,0.0029176972799157238,1737.0,2237.0,5.4150078269291515e-05,1.5037948845824327e-18,0.0,39970.0,0.0,0.0,0
0.0026221309275417234,0.0029176972799157238,1738.0,2237.0,5.3611275988016734e-05,-4.2438383245884606e-19,0.0,39970.0,0.0,0.0,0
0.0026215974864327233,0.0029176972799157238,1739.0,2237.0,5.3077834879016534e-05,7.995637423137679e-20,0.0,39970.0,0.0,0.0,0
0.0026210693531514436,0.0029176972799157238,1740.0,2237.0,5.254970159773611e-05,2.9522353562354505e-19,0.0,39970.0,0.0,0.0,0
0.002620546474884115,0.0029176972799157238,1741.0,2237.0,5.2026823330407316e-05,1.236248555423595e-18,0.0,39970.0,0.0,0.0,0
0.002620028799342474,0.0029176972799157238,1742.0,2237.0,5.150914778876692e-05,7.688112906863153e-20,0.0,39970.0,0.0,0.0,0
0.002619516274758537,0.0029176972799157238,1743.0,2237.0,5.099662320483017e-05,7.503598197098437e-19,0.0,39970.0,0.0,0.0,0
0.0026190088498794185,0.0029176972799157238,1744.0,2237.0,5.048919832571102e-05,1.9466301880177504e-18,0.0,39970.0,0.0,0.0,0
0.0026185064739622055,0.0029176972799157238,1745.0,2237.0,4.9986822408498784e-05,-7.41134084221608e-19,0.0,39970.0,0.0,0.0,0
0.0026180090967688903,0.0029176972799157238,1746.0,2237.0,4.948944521518358e-05,1.5376225813726305e-20,0.0,39970.0,0.0,0.0,0
0.002617516668561339,0.0029176972799157238,1747.0,2237.0,4.899701700763103e-05,1.6667828782079315e-18,0.0,39970.0,0.0,0.0,0
0.002617029140096318,0.0029176972799157238,1748.0,2237.0,4.8509488542610134e-05,2.1926498010373713e-18,0.0,39970.0,0.0,0.0,0
0.0026165464626205755,0.0029176972799157238,1749.0,2237.0,4.8026811066868585e-05,-9.53326000451031e-20,0.0,39970.0,0.0,0.0,0
0.002616068587865963,0.0029176972799157238,1750.0,2237.0,4.7548936312255755e-05,1.3223554199804623e-18,0.0,39970.0,0.0,0.0,0
0.0026155954680446053,0.0029176972799157238,1751.0,2237.0,4.7075816490898607e-05,5.074154518529681e-19,0.0,39970.0,0.0,0.0,0
0.002615127055844127,0.0029176972799157238,1752.0,2237.0,4.66074042904208e-05,-2.70621574321583e-19,0.0,39970.0,0.0,0.0,0
0.0026146633044229184,0.0029176972799157238,1753.0,2237.0,4.614365286921118e-05,1.1255397295647656e-18,0.0,39970.0,0.0,0.0,0
0.0026142041674054486,0.0029176972799157238,1754.0,2237.0,4.5684515851741895e-05,3.3520172273923347e-19,0.0,39970.0,0.0,0.0,0
0.0026137495988776357,0.0029176972799157238,1755.0,2237.0,4.522994732392836e-05,1.2300980650981045e-20,0.0,39970.0,0.0,0.0,0
0.0026132995533822466,0.0029176972799157238,1756.0,2237.0,4.477990182853875e-05,1.802093665368723e-18,0.0,39970.0,0.0,0.0,0
0.002612853985914355,0.0029176972799157238,1757.0,2237.0,4.4334334360648685e-05,3.782551550176671e-19,0.0,39970.0,0.0,0.0,0
0.0026124128519168484,0.0029176972799157238,1758.0,2237.0,4.389320036314037e-05,1.719062045974601e-18,0.0,39970.0,0.0,0.0,0
0.002611976107275953,0.0029176972799157238,1759.0,2237.0,4.345645572224604e-05,1.1101635037510394e-18,0.0,39970.0,0.0,0.0,0
0.002611543708316845,0.0029176972799157238,1760.0,2237.0,4.302405676313788e-05,2.583205936706019e-19,0.0,39970.0,0.0,0.0,0
0.0026111156117992664,0.0029176972799157238,1761.0,2237.0,4.259596024555943e-05,-1.353107871607915e-19,0.0,39970.0,0.0,0.0,0
0.0026106917749132087,0.0029176972799157238,1762.0,2237.0,4.217212335950216e-05,-9.687022262647573e-19,0.0,39970.0,0.0,0.0,0
0.002610272155274633,0.0029176972799157238,1763.0,2237.0,4.175250372092458e-05,1.7375135169510726e-18,0.0,39970.0,0.0,0.0,0
0.0026098567109212193,0.0029176972799157238,1764.0,2237.0,4.1337059367512826e-05,-5.842965809215996e-19,0.0,39970.0,0.0,0.0,0
0.002609445400308194,0.0029176972799157238,1765.0,2237.0,4.0925748754485685e-05,1.4269137555138012e-18,0.0,39970.0,0.0,0.0,0
0.002609038182304146,0.0029176972799157238,1766.0,2237.0,4.051853075043897e-05,1.0978625231000582e-18,0.0,39970.0,0.0,0.0,0
0.002608635016186941,0.0029176972799157238,1767.0,2237.0,4.0115364633232426e-05,8.36466684266711e-19,0.0,39970.0,0.0,0.0,0
0.0026082358616396264,0.0029176972799157238,1768.0,2237.0,3.971621008591939e-05,1.6329551814177337e-18,0.0,39970.0,0.0,0.0,0
0.002607840678746419,0.0029176972799157238,1769.0,2237.0,3.9321027192711257e-05,1.482268168443216e-18,0.0,39970.0,0.0,0.0,0
0.0026074494279886983,0.0029176972799157238,1770.0,2237.0,3.892977643499043e-05,2.075790484853051e-18,0.0,39970.0,0.0,0.0,0
0.002607062070241062,0.0029176972799157238,1771.0,2237.0,3.854241868735436e-05,5.350926583176754e-19,0.0,39970.0,0.0,0.0,0
0.002606678566767412,0.0029176972799157238,1772.0,2237.0,3.815891521370611e-05,-1.4392147361647823e-18,0.0,39970.0,0.0,0.0,0
0.0026062988792170845,0.0029176972799157238,1773.0,2237.0,3.777922766337824e-05,6.088985422235617e-19,0.0,39970.0,0.0,0.0,0
0.002605922969621006,0.0029176972799157238,1774.0,2237.0,3.740331806729939e-05,1.0148309037059362e-19,0.0,39970.0,0.0,0.0,0
0.0026055508003879047,0.0029176972799157238,1775.0,2237.0,3.7031148834197074e-05,1.1716684070059444e-18,0.0,39970.0,0.0,0.0,0
0.002605182334300544,0.0029176972799157238,1776.0,2237.0,3.6662682746837746e-05,-3.475027033902145e-19,0.0,39970.0,0.0,0.0,0
0.002604817534512012,0.0029176972799157238,1777.0,2237.0,3.6297882958305044e-05,9.379497746373048e-19,0.0,39970.0,0.0,0.0,0
0.0026044563645420235,0.0029176972799157238,1778.0,2237.0,3.593671298831686e-05,-5.473936389686565e-19,0.0,39970.0,0.0,0.0,0
0.0026040987882732813,0.0029176972799157238,1779.0,2237.0,3.55791367195744e-05,3.598036840411956e-19,0.0,39970.0,0.0,0.0,0
0.00260374476994786,0.0029176972799157238,1780.0,2237.0,3.5225118394153465e-05,-7.011558971059196e-19,0.0,39970.0,0.0,0.0,0
0.0026033942741636347,0.0029176972799157238,1781.0,2237.0,3.487462260992667e-05,1.5868265039765547e-18,0.0,39970.0,0.0,0.0,0
0.0026030472658707293,0.0029176972799157238,1782.0,2237.0,3.452761431702263e-05,-3.9978187115688395e-20,0.0,39970.0,0.0,0.0,0
0.00260270371036803,0.0029176972799157238,1783.0,2237.0,3.418405881432409e-05,-9.77927961752993e-19,0.0,39970.0,0.0,0.0,0
0.0026023635732997,0.0029176972799157238,1784.0,2237.0,3.3843921745993064e-05,3.782551550176671e-19,0.0,39970.0,0.0,0.0,0
0.0026020268206517465,0.0029176972799157238,1785.0,2237.0,3.350716909804028e-05,2.2756814204314934e-19,0.0,39970.0,0.0,0.0,0
0.0026016934187486265,0.0029176972799157238,1786.0,2237.0,3.317376719492018e-05,7.380588390588626e-20,0.0,39970.0,0.0,0.0,0
0.002601363334249871,0.0029176972799157238,1787.0,2237.0,3.284368269616426e-05,1.4453652264902727e-19,0.0,39970.0,0.0,0.0,0
0.0026010365341467548,0.0029176972799157238,1788.0,2237.0,3.2516882593047744e-05,4.182333421333555e-19,0.0,39970.0,0.0,0.0,0
0.002600712985758996,0.0029176972799157238,1789.0,2237.0,3.2193334205288215e-05,9.77927961752993e-19,0.0,39970.0,0.0,0.0,0
0.002600392656731485,0.0029176972799157238,1790.0,2237.0,3.1873005177777035e-05,1.2454742909118308e-18,0.0,39970.0,0.0,0.0,0
0.002600075515031052,0.0029176972799157238,1791.0,2237.0,3.155586347734448e-05,5.689203551078733e-19,0.0,39970.0,0.0,0.0,0
0.0025997615289432637,0.0029176972799157238,1792.0,2237.0,3.1241877389556294e-05,1.011755658543191e-18,0.0,39970.0,0.0,0.0,0
0.0025994506670692498,0.0029176972799157238,1793.0,2237.0,3.09310155155421e-05,1.3961613038863485e-18,0.0,39970.0,0.0,0.0,0
0.0025991428983225626,0.0029176972799157238,1794.0,2237.0,3.062324676885529e-05,1.1409159553784919e-18,0.0,39970.0,0.0,0.0,0
0.0025988381919260723,0.0029176972799157238,1795.0,2237.0,3.0318540372365252e-05,1.0394328650078983e-18,0.0,39970.0,0.0,0.0,0
0.002598536517408885,0.0029176972799157238,1796.0,2237.0,3.0016865855177225e-05,9.502507552882857e-19,0.0,39970.0,0.0,0.0,0
0.002598237844603297,0.0029176972799157238,1797.0,2237.0,2.971819304958978e-05,7.257578584078816e-19,0.0,39970.0,0.0,0.0,0
0.0025979421436417797,0.0029176972799157238,1798.0,2237.0,2.9422492088071745e-05,1.3838603232353675e-18,0.0,39970.0,0.0,0.0,0
0.0025976493849539884,0.0029176972799157238,1799.0,2237.0,2.912973340028191e-05,1.1685931618431993e-19,0.0,39970.0,0.0,0.0,0
0.0025973595392638146,0.0029176972799157238,1800.0,2237.0,2.8839887710106388e-05,1.0917120327745678e-18,0.0,39970.0,0.0,0.0,0
0.0025970725775864433,0.0029176972799157238,1801.0,2237.0,2.8552926032735675e-05,6.150490325490523e-19,0.0,39970.0,0.0,0.0,0
0.0025967884712254697,0.0029176972799157238,1802.0,2237.0,2.8268819671761957e-05,1.4699671877922348e-18,0.0,39970.0,0.0,0.0,0
0.0025965071917700196,0.0029176972799157238,1803.0,2237.0,2.7987540216313704e-05,-3.659541743666861e-19,0.0,39970.0,0.0,0.0,0
0.0025962287110919175,0.0029176972799157238,1804.0,2237.0,2.770905953820922e-05,1.869749058949119e-18,0.0,39970.0,0.0,0.0,0
0.0025959530013428575,0.0029176972799157238,1805.0,2237.0,2.7433349789149885e-05,6.581024648274859e-19,0.0,39970.0,0.0,0.0,0
0.0025956800349516375,0.0029176972799157238,1806.0,2237.0,2.7160383397930405e-05,5.935223164098354e-19,0.0,39970.0,0.0,0.0,0
0.002595409784621391,0.0029176972799157238,1807.0,2237.0,2.6890133067684867e-05,-1.1716684070059444e-18,0.0,39970.0,0.0,0.0,0
0.0025951422233268617,0.0029176972799157238,1808.0,2237.0,2.6622571773154377e-05,7.872627616627869e-19,0.0,39970.0,0.0,0.0,0
0.002594877324311695,0.0029176972799157238,1809.0,2237.0,2.635767275798654e-05,1.4392147361647823e-18,0.0,39970.0,0.0,0.0,0
0.002594615061085766,0.0029176972799157238,1810.0,2237.0,2.6095409532060028e-05,-1.460741452303999e-18,0.0,39970.0,0.0,0.0,0
0.0025943554074225397,0.0029176972799157238,1811.0,2237.0,2.583575586883239e-05,8.733696262196542e-19,0.0,39970.0,0.0,0.0,0
0.0025940983373564284,0.0029176972799157238,1812.0,2237.0,2.557868580272152e-05,1.1378407102157467e-19,0.0,39970.0,0.0,0.0,0
0.002593843825180213,0.0029176972799157238,1813.0,2237.0,2.5324173626506507e-05,7.226826132451364e-19,0.0,39970.0,0.0,0.0,0
0.0025935918454424657,0.0029176972799157238,1814.0,2237.0,2.507219388875812e-05,7.011558971059196e-19,0.0,39970.0,0.0,0.0,0
0.0025933423729449985,0.0029176972799157238,1815.0,2237.0,2.4822721391291914e-05,6.857796712921932e-19,0.0,39970.0,0.0,0.0,0
0.0025930953827403578,0.0029176972799157238,1816.0,2237.0,2.45757311866503e-05,5.627698647823828e-19,0.0,39970.0,0.0,0.0,0
0.0025928508501293144,0.0029176972799157238,1817.0,2237.0,2.4331198575607443e-05,-2.060414259039325e-19,0.0,39970.0,0.0,0.0,0
0.0025926087506584054,0.0029176972799157238,1818.0,2237.0,2.4089099104698043e-05,-3.690294195294313e-20,0.0,39970.0,0.0,0.0,0
0.00259236906011748,0.0029176972799157238,1819.0,2237.0,2.3849408563773692e-05,5.41243148643166e-19,0.0,39970.0,0.0,0.0,0
0.0025921317545372874,0.0029176972799157238,1820.0,2237.0,2.361210298357985e-05,6.673282003157217e-19,0.0,39970.0,0.0,0.0,0
0.0025918968101870683,0.0029176972799157238,1821.0,2237.0,2.3377158633361387e-05,9.933041875667193e-19,0.0,39970.0,0.0,0.0,0
0.0025916642035721947,0.0029176972799157238,1822.0,2237.0,2.3144552018487396e-05,2.460196130196209e-20,0.0,39970.0,0.0,0.0,0
0.00259143391143181,0.0029176972799157238,1823.0,2237.0,2.291425987810256e-05,5.535441292941471e-20,0.0,39970.0,0.0,0.0,0
0.0025912059107365075,0.0029176972799157238,1824.0,2237.0,2.2686259182800448e-05,1.3100544393294812e-18,0.0,39970.0,0.0,0.0,0
0.002590980178686029,0.0029176972799157238,1825.0,2237.0,2.2460527132322298e-05,1.1993456134706518e-18,0.0,39970.0,0.0,0.0,0
0.0025907566927069825,0.0029176972799157238,1826.0,2237.0,2.2237041153274447e-05,1.3008287038412456e-18,0.0,39970.0,0.0,0.0,0
0.0025905354304505803,0.0029176972799157238,1827.0,2237.0,2.2015778896872952e-05,4.674372647372797e-19,0.0,39970.0,0.0,0.0,0
0.002590316369790415,0.0029176972799157238,1828.0,2237.0,2.179671823670722e-05,1.5099453749079232e-18,0.0,39970.0,0.0,0.0,0
0.0025900994888202362,0.0029176972799157238,1829.0,2237.0,2.157983726652947e-05,6.458014841765048e-20,0.0,39970.0,0.0,0.0,0
0.00258988476585177,0.0029176972799157238,1830.0,2237.0,2.1365114298061456e-05,5.320174131549302e-19,0.0,39970.0,0.0,0.0,0
0.002589672179412536,0.0029176972799157238,1831.0,2237.0,2.1152527858827845e-05,1.390010813560858e-18,0.0,39970.0,0.0,0.0,0
0.002589461708243715,0.0029176972799157238,1832.0,2237.0,2.094205669000722e-05,1.636030426580479e-18,0.0,39970.0,0.0,0.0,0
0.0025892533312980148,0.0029176972799157238,1833.0,2237.0,2.0733679744307323e-05,5.473936389686565e-19,0.0,39970.0,0.0,0.0,0
0.002589047027737567,0.0029176972799157238,1834.0,2237.0,2.052737618385973e-05,-1.3838603232353675e-19,0.0,39970.0,0.0,0.0,0
0.0025888427769318453,0.0029176972799157238,1835.0,2237.0,2.032312537813695e-05,2.623184123821708e-18,0.0,39970.0,0.0,0.0,0
0.002588640558455595,0.0029176972799157238,1836.0,2237.0,2.0120906901887877e-05,-2.613958388333472e-19,0.0,39970.0,0.0,0.0,0
0.0025884403520868046,0.0029176972799157238,1837.0,2237.0,1.9920700533096872e-05,1.814394646019704e-18,0.0,39970.0,0.0,0.0,0
0.002588242137804667,0.0029176972799157238,1838.0,2237.0,1.972248625095939e-05,1.4299890006765465e-18,0.0,39970.0,0.0,0.0,0
0.0025880458957875897,0.0029176972799157238,1839.0,2237.0,1.952624423388264e-05,1.4976443942569422e-18,0.0,39970.0,0.0,0.0,0
0.0025878516064112085,0.0029176972799157238,1840.0,2237.0,1.9331954857501263e-05,9.225735488235783e-20,0.0,39970.0,0.0,0.0,0
0.002587659250246423,0.0029176972799157238,1841.0,2237.0,1.9139598692715528e-05,1.5899017491393e-18,0.0,39970.0,0.0,0.0,0
0.0025874688080574546,0.0029176972799157238,1842.0,2237.0,1.894915650374875e-05,-4.735877550627702e-19,0.0,39970.0,0.0,0.0,0
0.00258728026079993,0.0029176972799157238,1843.0,2237.0,1.8760609246223465e-05,5.5661937445689225e-19,0.0,39970.0,0.0,0.0,0
0.0025870935896189634,0.0029176972799157238,1844.0,2237.0,1.857393806525644e-05,6.919301616176838e-19,0.0,39970.0,0.0,0.0,0
0.0025869087758472824,0.0029176972799157238,1845.0,2237.0,1.8389124293574564e-05,1.331581155468698e-18,0.0,39970.0,0.0,0.0,0
0.002586725801003354,0.0029176972799157238,1846.0,2237.0,1.8206149449646335e-05,9.625517359392668e-19,0.0,39970.0,0.0,0.0,0
0.002586544646789542,0.0029176972799157238,1847.0,2237.0,1.8024995235834678e-05,3.4442745822746927e-19,0.0,39970.0,0.0,0.0,0
0.0025863652950902758,0.0029176972799157238,1848.0,2237.0,1.78456435365678e-05,5.012649615274776e-19,0.0,39970.0,0.0,0.0,0
0.002586187727970232,0.0029176972799157238,1849.0,2237.0,1.766807641652597e-05,-1.1747436521686897e-18,0.0,39970.0,0.0,0.0,0
0.002586011927672557,0.0029176972799157238,1850.0,2237.0,1.749227611884928e-05,1.4422899813275275e-18,0.0,39970.0,0.0,0.0,0
0.0025858378766170685,0.0029176972799157238,1851.0,2237.0,1.731822506336114e-05,1.5283968458843948e-18,0.0,39970.0,0.0,0.0,0
0.0025856655573985193,0.0029176972799157238,1852.0,2237.0,1.7145905844811568e-05,1.1624426715177088e-18,0.0,39970.0,0.0,0.0,0
0.0025854949527848413,0.0029176972799157238,1853.0,2237.0,1.697530123113461e-05,5.166411873412038e-19,0.0,39970.0,0.0,0.0,0
0.0025853260457154334,0.0029176972799157238,1854.0,2237.0,1.6806394161726703e-05,-8.5184291008043735e-19,0.0,39970.0,0.0,0.0,0
0.0025851588192994475,0.0029176972799157238,1855.0,2237.0,1.6639167745740514e-05,0.0,0.0,39970.0,0.0,0.0,0
0.0025849932568141024,0.0029176972799157238,1856.0,2237.0,1.6473605260394948e-05,1.1193892392392752e-18,0.0,39970.0,0.0,0.0,0
0.00258482934170301,0.0029176972799157238,1857.0,2237.0,1.6309690149303194e-05,7.196073680823912e-19,0.0,39970.0,0.0,0.0,0
0.0025846670575745256,0.0029176972799157238,1858.0,2237.0,1.614740602081807e-05,-8.610686455686732e-20,0.0,39970.0,0.0,0.0,0
0.002584506388200099,0.0029176972799157238,1859.0,2237.0,1.5986736646391526e-05,8.333914391039658e-19,0.0,39970.0,0.0,0.0,0
0.0025843473175126584,0.0029176972799157238,1860.0,2237.0,1.5827665958951585e-05,-1.0148309037059362e-19,0.0,39970.0,0.0,0.0,0
0.0025841898296050034,0.0029176972799157238,1861.0,2237.0,1.5670178051297272e-05,3.321264775764882e-19,0.0,39970.0,0.0,0.0,0
0.002584033908728215,0.0029176972799157238,1862.0,2237.0,1.5514257174506535e-05,1.3438821361196792e-18,0.0,39970.0,0.0,0.0,0
0.0025838795392900695,0.0029176972799157238,1863.0,2237.0,1.5359887736362488e-05,1.260850516725557e-18,0.0,39970.0,0.0,0.0,0
0.0025837267058534995,0.0029176972799157238,1864.0,2237.0,1.5207054299791352e-05,7.503598197098437e-19,0.0,39970.0,0.0,0.0,0
0.00258357539313503,0.0029176972799157238,1865.0,2237.0,1.5055741581323192e-05,2.3986912269413037e-19,0.0,39970.0,0.0,0.0,0
0.0025834255860032666,0.0029176972799157238,1866.0,2237.0,1.4905934449559173e-05,1.1439912005412372e-18,0.0,39970.0,0.0,0.0,0
0.0025832772694773694,0.0029176972799157238,1867.0,2237.0,1.4757617923662201e-05,1.3869355683981129e-18,0.0,39970.0,0.0,0.0,0
0.0025831304287255636,0.0029176972799157238,1868.0,2237.0,1.4610777171855502e-05,1.3561831167706601e-18,0.0,39970.0,0.0,0.0,0
0.0025829850490636484,0.0029176972799157238,1869.0,2237.0,1.4465397509941717e-05,3.874808905059029e-19,0.0,39970.0,0.0,0.0,0
0.0025828411159535395,0.0029176972799157238,1870.0,2237.0,1.4321464399833351e-05,4.182333421333555e-19,0.0,39970.0,0.0,0.0,0
0.0025826986150018073,0.0029176972799157238,1871.0,2237.0,1.4178963448099582e-05,1.1593674263549635e-18,0.0,39970.0,0.0,0.0,0
0.002582557531958234,0.0029176972799157238,1872.0,2237.0,1.4037880404526558e-05,1.0486586004961341e-18,0.0,39970.0,0.0,0.0,0
0.002582417852714399,0.0029176972799157238,1873.0,2237.0,1.3898201160692114e-05,2.613958388333472e-19,0.0,39970.0,0.0,0.0,0
0.0025822795633022636,0.0029176972799157238,1874.0,2237.0,1.3759911748555715e-05,1.4299890006765465e-18,0.0,39970.0,0.0,0.0,0
0.0025821426498927685,0.0029176972799157238,1875.0,2237.0,1.3622998339060781e-05,8.795201165451446e-19,0.0,39970.0,0.0,0.0,0
0.002582007098794459,0.0029176972799157238,1876.0,2237.0,1.3487447240752692e-05,1.1993456134706519e-19,0.0,39970.0,0.0,0.0,0
0.002581872896452115,0.0029176972799157238,1877.0,2237.0,1.335324489840762e-05,1.5622245426745926e-18,0.0,39970.0,0.0,0.0,0
0.002581740029445388,0.0029176972799157238,1878.0,2237.0,1.3220377891680391e-05,6.427262390137596e-19,0.0,39970.0,0.0,0.0,0
0.002581608484487466,0.0029176972799157238,1879.0,2237.0,1.308883293375962e-05,6.673282003157217e-19,0.0,39970.0,0.0,0.0,0
0.0025814782484237463,0.0029176972799157238,1880.0,2237.0,1.2958596870038859e-05,7.257578584078816e-19,0.0,39970.0,0.0,0.0,0
0.0025813493082305116,0.0029176972799157238,1881.0,2237.0,1.2829656676804448e-05,2.0296618074118723e-19,0.0,39970.0,0.0,0.0,0
0.002581221651013636,0.0029176972799157238,1882.0,2237.0,1.2701999459929526e-05,2.1219191622942303e-19,0.0,39970.0,0.0,0.0,0
0.0025810952640072924,0.0029176972799157238,1883.0,2237.0,1.2575612453585183e-05,4.2438383245884606e-19,0.0,39970.0,0.0,0.0,0
0.002580970134572674,0.0029176972799157238,1884.0,2237.0,1.2450483018966029e-05,1.0209813940314267e-18,0.0,39970.0,0.0,0.0,0
0.0025808462501967304,0.0029176972799157238,1885.0,2237.0,1.2326598643023994e-05,3.1982549692550716e-19,0.0,39970.0,0.0,0.0,0
0.0025807235984909253,0.0029176972799157238,1886.0,2237.0,1.2203946937218362e-05,-4.366848131098271e-19,0.0,39970.0,0.0,0.0,0
0.0025806021671899854,0.0029176972799157238,1887.0,2237.0,1.2082515636276862e-05,1.9866083751334387e-18,0.0,39970.0,0.0,0.0,0
0.002580481944150675,0.0029176972799157238,1888.0,2237.0,1.1962292596967974e-05,2.4294436785687565e-19,0.0,39970.0,0.0,0.0,0
0.002580362917350595,0.0029176972799157238,1889.0,2237.0,1.184326579688699e-05,2.35563779466287e-18,0.0,39970.0,0.0,0.0,0
0.0025802450748869626,0.0029176972799157238,1890.0,2237.0,1.1725423333255041e-05,-6.150490325490522e-20,0.0,39970.0,0.0,0.0,0
0.0025801284049754352,0.0029176972799157238,1891.0,2237.0,1.1608753421727692e-05,9.963794327294647e-19,0.0,39970.0,0.0,0.0,0
0.0025800128959489236,0.0029176972799157238,1892.0,2237.0,1.1493244395216673e-05,3.9363138083139344e-19,0.0,39970.0,0.0,0.0,0
0.0025798985362564296,0.0029176972799157238,1893.0,2237.0,1.1378884702723063e-05,-4.459105485980629e-19,0.0,39970.0,0.0,0.0,0
0.002579785314461889,0.0029176972799157238,1894.0,2237.0,1.1265662908181654e-05,1.390010813560858e-18,0.0,39970.0,0.0,0.0,0
0.0025796732192430267,0.0029176972799157238,1895.0,2237.0,1.1153567689319394e-05,8.795201165451446e-19,0.0,39970.0,0.0,0.0,0
0.002579562239390228,0.0029176972799157238,1896.0,2237.0,1.1042587836520746e-05,5.873718260843449e-19,0.0,39970.0,0.0,0.0,0
0.0025794523638054162,0.0029176972799157238,1897.0,2237.0,1.093271225170796e-05,1.6575571427196957e-18,0.0,39970.0,0.0,0.0,0
0.002579343581500939,0.0029176972799157238,1898.0,2237.0,1.0823929947231296e-05,1.506870129745178e-18,0.0,39970.0,0.0,0.0,0
0.0025792358815984757,0.0029176972799157238,1899.0,2237.0,1.0716230044768859e-05,-5.842965809215996e-19,0.0,39970.0,0.0,0.0,0
0.002579129253327947,0.0029176972799157238,1900.0,2237.0,1.0609601774241172e-05,-1.5037948845824327e-18,0.0,39970.0,0.0,0.0,0
0.00257902368602644,0.0029176972799157238,1901.0,2237.0,1.0504034472732225e-05,1.4699671877922348e-18,0.0,39970.0,0.0,0.0,0
0.0025789191691371325,0.0029176972799157238,1902.0,2237.0,1.0399517583424076e-05,2.5124752979628783e-18,0.0,39970.0,0.0,0.0,0
0.002578815692208249,0.0029176972799157238,1903.0,2237.0,1.0296040654540731e-05,1.9866083751334387e-18,0.0,39970.0,0.0,0.0,0
0.0025787132448920093,0.0029176972799157238,1904.0,2237.0,1.019359333830291e-05,-6.642529551529764e-19,0.0,39970.0,0.0,0.0,0
0.0025786118169436,0.0029176972799157238,1905.0,2237.0,1.0092165389892886e-05,1.0455833553333887e-19,0.0,39970.0,0.0,0.0,0
0.0025785113982201395,0.0029176972799157238,1906.0,2237.0,9.991746666432547e-06,-1.7836421943922515e-19,0.0,39970.0,0.0,0.0,0
0.002578411978679673,0.0029176972799157238,1907.0,2237.0,9.892327125965753e-06,1.6298799362549883e-18,0.0,39970.0,0.0,0.0,0
0.002578313548380162,0.0029176972799157238,1908.0,2237.0,9.793896826454363e-06,1.9005015105765714e-18,0.0,39970.0,0.0,0.0,0
0.002578216097478495,0.0029176972799157238,1909.0,2237.0,9.69644592478788e-06,6.642529551529764e-19,0.0,39970.0,0.0,0.0,0
0.0025781196162295017,0.0029176972799157238,1910.0,2237.0,9.599964675794293e-06,9.748527165902477e-19,0.0,39970.0,0.0,0.0,0
0.0025780240949849743,0.0029176972799157238,1911.0,2237.0,9.504443431267702e-06,7.841875165000416e-19,0.0,39970.0,0.0,0.0,0
0.0025779295241927123,0.0029176972799157238,1912.0,2237.0,9.409872639005058e-06,1.4084622845373296e-18,0.0,39970.0,0.0,0.0,0
0.002577835894395555,0.0029176972799157238,1913.0,2237.0,9.316242841847936e-06,1.2516247812373213e-18,0.0,39970.0,0.0,0.0,0
0.002577743196230446,0.0029176972799157238,1914.0,2237.0,9.223544676738326e-06,1.2270228199353592e-18,0.0,39970.0,0.0,0.0,0
0.002577651420427491,0.0029176972799157238,1915.0,2237.0,9.131768873782924e-06,3.3520172273923347e-19,0.0,39970.0,0.0,0.0,0
0.002577560557809031,0.0029176972799157238,1916.0,2237.0,9.040906255324534e-06,-4.213085872961008e-19,0.0,39970.0,0.0,0.0,0
0.0025774705992887338,0.0029176972799157238,1917.0,2237.0,8.950947735025726e-06,2.1988002913628616e-18,0.0,39970.0,0.0,0.0,0
0.0025773815358706674,0.0029176972799157238,1918.0,2237.0,8.86188431695985e-06,1.0179061488686814e-18,0.0,39970.0,0.0,0.0,0
0.0025772933586484183,0.0029176972799157238,1919.0,2237.0,8.77370709471026e-06,2.023511317086382e-18,0.0,39970.0,0.0,0.0,0
0.0025772060588041884,0.0029176972799157238,1920.0,2237.0,8.68640725048198e-06,-4.858887357137513e-19,0.0,39970.0,0.0,0.0,0
0.0025771196276079236,0.0029176972799157238,1921.0,2237.0,8.59997605421747e-06,1.0148309037059362e-19,0.0,39970.0,0.0,0.0,0
0.0025770340564164307,0.0029176972799157238,1922.0,2237.0,8.514404862724695e-06,-7.964884971510227e-19,0.0,39970.0,0.0,0.0,0
0.0025769493366725204,0.0029176972799157238,1923.0,2237.0,8.429685118813317e-06,5.965975615725807e-19,0.0,39970.0,0.0,0.0,0
0.0025768654599041462,0.0029176972799157238,1924.0,2237.0,8.345808350438922e-06,1.3561831167706601e-18,0.0,39970.0,0.0,0.0,0
0.0025767824177235625,0.0029176972799157238,1925.0,2237.0,8.262766169854831e-06,1.1839693876569255e-18,0.0,39970.0,0.0,0.0,0
0.0025767002018264795,0.0029176972799157238,1926.0,2237.0,8.18055027277294e-06,-5.689203551078733e-19,0.0,39970.0,0.0,0.0,0
0.0025766188039912435,0.0029176972799157238,1927.0,2237.0,8.099152437535603e-06,2.0173608267608912e-18,0.0,39970.0,0.0,0.0,0
0.002576538216077999,0.0029176972799157238,1928.0,2237.0,8.01856452429138e-06,5.012649615274776e-19,0.0,39970.0,0.0,0.0,0
0.0025764584300278885,0.0029176972799157238,1929.0,2237.0,7.938778474181542e-06,7.503598197098437e-19,0.0,39970.0,0.0,0.0,0
0.0025763794378622414,0.0029176972799157238,1930.0,2237.0,7.85978630853478e-06,5.258669228294396e-19,0.0,39970.0,0.0,0.0,0
0.002576301231681777,0.0029176972799157238,1931.0,2237.0,7.78158012806866e-06,1.2393238005863403e-18,0.0,39970.0,0.0,0.0,0
0.002576223803665808,0.0029176972799157238,1932.0,2237.0,7.704152112100755e-06,1.0855615424490771e-18,0.0,39970.0,0.0,0.0,0
0.002576147146071471,0.0029176972799157238,1933.0,2237.0,7.627494517763415e-06,1.1378407102157466e-18,0.0,39970.0,0.0,0.0,0
0.0025760712512329417,0.0029176972799157238,1934.0,2237.0,7.551599679234332e-06,2.552453485078567e-19,0.0,39970.0,0.0,0.0,0
0.002575996111560674,0.0029176972799157238,1935.0,2237.0,7.4764600069661235e-06,2.4048417172667943e-18,0.0,39970.0,0.0,0.0,0
0.002575921719540637,0.0029176972799157238,1936.0,2237.0,7.40206798692917e-06,1.094787277937313e-18,0.0,39970.0,0.0,0.0,0
0.0025758480677335665,0.0029176972799157238,1937.0,2237.0,7.328416179859358e-06,-6.335005035255238e-19,0.0,39970.0,0.0,0.0,0
0.0025757751487742223,0.0029176972799157238,1938.0,2237.0,7.2554972205145775e-06,1.0855615424490771e-18,0.0,39970.0,0.0,0.0,0
0.002575702955370646,0.0029176972799157238,1939.0,2237.0,7.18330381693781e-06,2.2541547042922764e-18,0.0,39970.0,0.0,0.0,0
0.002575631480303437,0.0029176972799157238,1940.0,2237.0,7.111828749729404e-06,5.812213357588544e-19,0.0,39970.0,0.0,0.0,0
0.002575560716425029,0.0029176972799157238,1941.0,2237.0,7.041064871322018e-06,1.1501416908667277e-18,0.0,39970.0,0.0,0.0,0
0.002575490656658977,0.0029176972799157238,1942.0,2237.0,6.971005105269311e-06,1.4515157168157633e-18,0.0,39970.0,0.0,0.0,0
0.0025754212939992434,0.0029176972799157238,1943.0,2237.0,6.901642445536856e-06,6.335005035255238e-19,0.0,39970.0,0.0,0.0,0
0.0025753526215095066,0.0029176972799157238,1944.0,2237.0,6.832969955799667e-06,1.0763358069608414e-19,0.0,39970.0,0.0,0.0,0
0.00257528463232246,0.0029176972799157238,1945.0,2237.0,6.764980768752446e-06,1.6452561620687148e-18,0.0,39970.0,0.0,0.0,0
0.0025752173196391275,0.0029176972799157238,1946.0,2237.0,6.697668085419821e-06,1.7098363104863652e-18,0.0,39970.0,0.0,0.0,0
0.0025751506767281848,0.0029176972799157238,1947.0,2237.0,6.631025174476843e-06,1.9835331299706935e-18,0.0,39970.0,0.0,0.0,0
0.0025750846969252845,0.0029176972799157238,1948.0,2237.0,6.565045371577459e-06,-5.842965809215996e-20,0.0,39970.0,0.0,0.0,0
0.002575019373632393,0.0029176972799157238,1949.0,2237.0,6.499722078685956e-06,-1.353107871607915e-19,0.0,39970.0,0.0,0.0,0
0.0025749547003171267,0.0029176972799157238,1950.0,2237.0,6.435048763418849e-06,1.5899017491393e-18,0.0,39970.0,0.0,0.0,0
0.002574890670512099,0.0029176972799157238,1951.0,2237.0,6.371018958390476e-06,2.072715239690306e-18,0.0,39970.0,0.0,0.0,0
0.002574827277814275,0.0029176972799157238,1952.0,2237.0,6.3076262605672905e-06,1.5160958652334138e-18,0.0,39970.0,0.0,0.0,0
0.0025747645158843346,0.0029176972799157238,1953.0,2237.0,6.24486433062659e-06,1.906652000902062e-18,0.0,39970.0,0.0,0.0,0
0.0025747023784460305,0.0029176972799157238,1954.0,2237.0,6.182726892323287e-06,1.814394646019704e-19,0.0,39970.0,0.0,0.0,0
0.002574640859285568,0.0029176972799157238,1955.0,2237.0,6.12120773186109e-06,8.303161939412205e-19,0.0,39970.0,0.0,0.0,0
0.002574579952250981,0.0029176972799157238,1956.0,2237.0,6.060300697272962e-06,9.594764907765215e-19,0.0,39970.0,0.0,0.0,0
0.0025745196512515136,0.0029176972799157238,1957.0,2237.0,5.999999697805308e-06,1.060959581147115e-18,0.0,39970.0,0.0,0.0,0
0.002574459950257015,0.0029176972799157238,1958.0,2237.0,5.94029870330694e-06,1.0917120327745678e-18,0.0,39970.0,0.0,0.0,0
0.002574400843297337,0.0029176972799157238,1959.0,2237.0,5.881191743629752e-06,6.919301616176838e-19,0.0,39970.0,0.0,0.0,0
0.0025743423244617343,0.0029176972799157238,1960.0,2237.0,5.822672908027426e-06,1.0517338456588793e-18,0.0,39970.0,0.0,0.0,0
0.002574284387898276,0.0029176972799157238,1961.0,2237.0,5.764736344568306e-06,4.397600582725723e-19,0.0,39970.0,0.0,0.0,0
0.002574227027813255,0.0029176972799157238,1962.0,2237.0,5.707376259547988e-06,1.060959581147115e-18,0.0,39970.0,0.0,0.0,0
0.0025741702384706163,0.0029176972799157238,1963.0,2237.0,5.650586916909023e-06,1.1562921811922182e-18,0.0,39970.0,0.0,0.0,0
0.0025741140141913783,0.0029176972799157238,1964.0,2237.0,5.594362637671166e-06,7.595855551980795e-19,0.0,39970.0,0.0,0.0,0
0.0025740583493530666,0.0029176972799157238,1965.0,2237.0,5.538697799358877e-06,7.872627616627869e-19,0.0,39970.0,0.0,0.0,0
0.0025740032383891496,0.0029176972799157238,1966.0,2237.0,5.483586835442306e-06,3.53653193715705e-19,0.0,39970.0,0.0,0.0,0
0.0025739486757884868,0.0029176972799157238,1967.0,2237.0,5.429024234778615e-06,2.2787566655942386e-18,0.0,39970.0,0.0,0.0,0
0.00257389465609477,0.0029176972799157238,1968.0,2237.0,5.375004541062988e-06,4.1515809697061026e-19,0.0,39970.0,0.0,0.0,0
0.002573841173905987,0.0029176972799157238,1969.0,2237.0,5.32152235228005e-06,4.0900760664511975e-19,0.0,39970.0,0.0,0.0,0
0.002573788223873875,0.0029176972799157238,1970.0,2237.0,5.268572320167421e-06,1.7159868008118558e-18,0.0,39970.0,0.0,0.0,0
0.002573735800703385,0.0029176972799157238,1971.0,2237.0,5.216149149677155e-06,5.935223164098354e-19,0.0,39970.0,0.0,0.0,0
0.0025736838991521557,0.0029176972799157238,1972.0,2237.0,5.164247598449015e-06,-5.842965809215996e-20,0.0,39970.0,0.0,0.0,0
0.00257363251402999,0.0029176972799157238,1973.0,2237.0,5.112862476283995e-06,5.65845109945128e-19,0.0,39970.0,0.0,0.0,0
0.0025735816401983346,0.0029176972799157238,1974.0,2237.0,5.0619886446269305e-06,1.260850516725557e-18,0.0,39970.0,0.0,0.0,0
0.0025735312725697606,0.0029176972799157238,1975.0,2237.0,5.011621016053052e-06,1.9005015105765714e-18,0.0,39970.0,0.0,0.0,0
0.002573481406107464,0.0029176972799157238,1976.0,2237.0,4.961754553757397e-06,-3.0752451627452612e-21,0.0,39970.0,0.0,0.0,0
0.002573432035824758,0.0029176972799157238,1977.0,2237.0,4.9123842710515724e-06,-8.118647229647489e-19,0.0,39970.0,0.0,0.0,0
0.002573383156784573,0.0029176972799157238,1978.0,2237.0,4.863505230866606e-06,-7.4728457454709845e-19,0.0,39970.0,0.0,0.0,0
0.0025733347640989647,0.0029176972799157238,1979.0,2237.0,4.81511254525773e-06,-2.798473098098188e-19,0.0,39970.0,0.0,0.0,0
0.002573286852928623,0.0029176972799157238,1980.0,2237.0,4.767201374916174e-06,5.627698647823828e-19,0.0,39970.0,0.0,0.0,0
0.0025732394184823917,0.0029176972799157238,1981.0,2237.0,4.7197669286842506e-06,9.041220778471067e-19,0.0,39970.0,0.0,0.0,0
0.002573192456016786,0.0029176972799157238,1982.0,2237.0,4.672804463078828e-06,1.4330642458392917e-18,0.0,39970.0,0.0,0.0,0
0.0025731459608355207,0.0029176972799157238,1983.0,2237.0,4.626309281813738e-06,-8.303161939412205e-20,0.0,39970.0,0.0,0.0,0
0.0025730999282890387,0.0029176972799157238,1984.0,2237.0,4.580276735331676e-06,9.041220778471067e-19,0.0,39970.0,0.0,0.0,0
0.0025730543537740482,0.0029176972799157238,1985.0,2237.0,4.534702220340297e-06,7.349835938961174e-19,0.0,39970.0,0.0,0.0,0
0.0025730092327330575,0.0029176972799157238,1986.0,2237.0,4.48958117934988e-06,6.027480518980712e-19,0.0,39970.0,0.0,0.0,0
0.002572964560653926,0.0029176972799157238,1987.0,2237.0,4.444909100218897e-06,8.5184291008043735e-19,0.0,39970.0,0.0,0.0,0
0.002572920333069409,0.0029176972799157238,1988.0,2237.0,4.400681515701637e-06,4.0593236148237447e-19,0.0,39970.0,0.0,0.0,0
0.00257287654555671,0.0029176972799157238,1989.0,2237.0,4.356894003003654e-06,5.473936389686565e-19,0.0,39970.0,0.0,0.0,0
0.0025728331937370434,0.0029176972799157238,1990.0,2237.0,4.313542183336474e-06,5.596946196196376e-19,0.0,39970.0,0.0,0.0,0
0.00257279027327519,0.0029176972799157238,1991.0,2237.0,4.270621721482279e-06,1.3039039490039907e-18,0.0,39970.0,0.0,0.0,0
0.002572747779879066,0.0029176972799157238,1992.0,2237.0,4.228128325359204e-06,1.260850516725557e-18,0.0,39970.0,0.0,0.0,0
0.0025727057092992996,0.0029176972799157238,1993.0,2237.0,4.186057745591798e-06,2.11576867196874e-18,0.0,39970.0,0.0,0.0,0
0.002572664057328795,0.0029176972799157238,1994.0,2237.0,4.1444057750878915e-06,6.550272196647406e-19,0.0,39970.0,0.0,0.0,0
0.002572622819802322,0.0029176972799157238,1995.0,2237.0,4.103168248614869e-06,8.887458520333804e-19,0.0,39970.0,0.0,0.0,0
0.0025725819925960926,0.0029176972799157238,1996.0,2237.0,4.062341042385793e-06,1.752889742764799e-19,0.0,39970.0,0.0,0.0,0
0.0025725415716273533,0.0029176972799157238,1997.0,2237.0,4.021920073646728e-06,3.0752451627452613e-19,0.0,39970.0,0.0,0.0,0
0.0025725015528539727,0.0029176972799157238,1998.0,2237.0,3.981901300266437e-06,1.660632387882441e-19,0.0,39970.0,0.0,0.0,0
0.002572461932274042,0.0029176972799157238,1999.0,2237.0,3.942280720334313e-06,1.5591492975118475e-18,0.0,39970.0,0.0,0.0,0
0.002572422705925466,0.0029176972799157238,2000.0,2237.0,3.903054371759381e-06,-1.9374044525295146e-19,0.0,39970.0,0.0,0.0,0
0.0025723838698855817,0.0029176972799157238,2001.0,2237.0,3.864218331874379e-06,1.3408068909569339e-18,0.0,39970.0,0.0,0.0,0
0.0025723454202707507,0.0029176972799157238,2002.0,2237.0,3.825768717042722e-06,1.4299890006765465e-18,0.0,39970.0,0.0,0.0,0
0.002572307353235978,0.0029176972799157238,2003.0,2237.0,3.787701682270817e-06,3.013740259490356e-19,0.0,39970.0,0.0,0.0,0
0.002572269664974531,0.0029176972799157238,2004.0,2237.0,3.7500134208237566e-06,4.336095679470818e-19,0.0,39970.0,0.0,0.0,0
0.00257223235171755,0.0029176972799157238,2005.0,2237.0,3.712700163843968e-06,6.1504903254905224e-21,0.0,39970.0,0.0,0.0,0
0.00257223235171755,0.0029176972799157238,2005.0,2237.0,3.712700163843968e-06,6.1504903254905224e-21,0.0,39970.0,0.0,0.0,0
