Total_strain,Slip_strain,Time,Slip Count,Creep,Elastic,Hygroexp,Number_of_fibers,Load,Moisture,Broken
0.0,0.0,0.0,0.0,0.0,0.0,0.0,40000.0,0.0,0.0,0
0.0,0.0,5.0,0.0,0.0,0.0,0.0,40000.0,0.0,0.0,0
0.734423853732858,0.012537543117782688,5.0,1447.0,0.0,0.722035685817722,0.0,39986.0,0.5645229958987487,0.0,0
0.734423853732858,0.012537543117782688,5.0,1447.0,0.0,0.722035685817722,0.0,39986.0,0.5645229958987487,0.0,0
0.7764567225204105,0.015007654220917592,6.0,1628.0,0.03956275768441761,0.7220356858177222,0.0,39986.0,0.5645229958987487,0.0,0
0.7901223121235285,0.015772883261630278,7.0,1683.0,0.05246311824682269,0.7220356858177223,0.0,39986.0,0.5645229958987487,0.0,0
0.7988457095950855,0.01635309754340659,8.0,1724.0,0.060606301436603414,0.7220356858177219,0.0,39986.0,0.5645229958987487,0.0,0
0.8054002454588586,0.01677732244527116,9.0,1755.0,0.06673862407196093,0.7220537434814918,0.0,39985.0,0.5645229958987487,0.0,0
0.8110271698029291,0.01725200345576119,10.0,1781.0,0.07189086740554153,0.7220537434814915,0.0,39985.0,0.5645229958987487,0.0,0
0.8159585404896308,0.017607366702476313,11.0,1808.0,0.07646687484552801,0.7220537434814915,0.0,39985.0,0.5645229958987487,0.0,0
0.8203067844636415,0.017787795886895462,12.0,1825.0,0.0806346896351196,0.7220537434814915,0.0,39985.0,0.5645229958987487,0.0,0
0.8244765835744297,0.018118071663839237,13.0,1844.0,0.08447421296896411,0.7220537434814914,0.0,39985.0,0.5645229958987487,0.0,0
0.8282166425669321,0.018301133915564077,14.0,1860.0,0.08803120970974161,0.7220537434814915,0.0,39985.0,0.5645229958987487,0.0,0
0.8318034280103357,0.018582288006302215,15.0,1881.0,0.09133955186015895,0.7220718020485051,0.0,39984.0,0.5645229958987487,0.0,0
0.8351148255089123,0.01881326518898045,16.0,1896.0,0.09441997217605722,0.7220718020485053,0.0,39984.0,0.5645229958987487,0.0,0
0.8381207838229748,0.01894328188942371,17.0,1904.0,0.09729591378967646,0.7220718020485053,0.0,39984.0,0.5645229958987487,0.0,0
0.8409683955936103,0.019100558701605794,18.0,1915.0,0.09998624874812982,0.7220718020485054,0.0,39984.0,0.5645229958987487,0.0,0
0.8436969755498823,0.019307519563445657,19.0,1927.0,0.10250786784256202,0.722071802048505,0.0,39984.0,0.5645229958987487,0.0,0
0.8461843693248066,0.019426784966635476,20.0,1934.0,0.10487599621429654,0.7220718020485052,0.0,39984.0,0.5645229958987487,0.0,0
0.8485499778214984,0.01956399554035619,21.0,1943.0,0.10710439413726774,0.7220718020485053,0.0,39984.0,0.5645229958987487,0.0,0
0.8508021905850293,0.019715090524793012,22.0,1954.0,0.10920551191636178,0.7220718020485053,0.0,39984.0,0.5645229958987487,0.0,0
0.8528197960584183,0.019747587719322793,23.0,1957.0,0.11119062019522102,0.722071802048505,0.0,39984.0,0.5645229958987487,0.0,0
0.8548933500821089,0.019941837697698143,24.0,1971.0,0.11306992424053618,0.7220718020485056,0.0,39984.0,0.5645229958987487,0.0,0
0.8568211860913733,0.020086931929078893,25.0,1979.0,0.11485266601841973,0.7220718020485054,0.0,39984.0,0.5645229958987487,0.0,0
0.8586368896556185,0.020208085444430264,26.0,1989.0,0.11654721606731361,0.7220718020485053,0.0,39984.0,0.5645229958987487,0.0,0
0.8603048206449981,0.020262635207188424,27.0,1993.0,0.1181640208910883,0.7220898615188316,0.0,39983.0,0.5645229958987487,0.0,0
0.8619021478078546,0.020319689526327976,28.0,1998.0,0.11970429373480508,0.7220898615188315,0.0,39983.0,0.5645229958987487,0.0,0
0.8634067560819972,0.020351570324482704,29.0,2000.0,0.12117702121079314,0.7220898615188315,0.0,39983.0,0.5645229958987487,0.0,0
0.8648906493281766,0.020424621506657515,30.0,2006.0,0.12258786327479768,0.7220898615188315,0.0,39983.0,0.5645229958987487,0.0,0
0.8663303524052802,0.020510255352321743,31.0,2011.0,0.12394193250623717,0.7220898615188315,0.0,39983.0,0.5645229958987487,0.0,0
0.8676605526327034,0.020538526750273237,32.0,2013.0,0.1252438613357086,0.7220898615188314,0.0,39983.0,0.5645229958987487,0.0,0
0.8689579721397724,0.020581959065853597,33.0,2015.0,0.12649784852719748,0.7220898615188314,0.0,39983.0,0.5645229958987487,0.0,0
0.8702470334631643,0.020661168227089285,34.0,2020.0,0.12770770068935355,0.7220898615188316,0.0,39983.0,0.5645229958987487,0.0,0
0.8715506757989571,0.020795641616533998,35.0,2028.0,0.12887686963570172,0.7220898615188315,0.0,39983.0,0.5645229958987487,0.0,0
0.8727786179496647,0.020891967286763166,36.0,2035.0,0.13000848611618016,0.7220898615188315,0.0,39983.0,0.5645229958987487,0.0,0
0.8739856169756333,0.021002062116739585,37.0,2043.0,0.13110539031217225,0.7220898615188311,0.0,39983.0,0.5645229958987487,0.0,0
0.8751518933071245,0.02110356934014603,38.0,2051.0,0.13217015942025703,0.7220898615188315,0.0,39983.0,0.5645229958987487,0.0,0
0.8762302019584577,0.021147518687457737,39.0,2056.0,0.1332083630602425,0.7221079218925375,0.0,39982.0,0.5645229958987487,0.0,0
0.8773404981134951,0.021250453066975445,40.0,2062.0,0.1342157248357622,0.7221079218925375,0.0,39982.0,0.5645229958987487,0.0,0
0.8784605586371027,0.021388921518748945,41.0,2070.0,0.13519731690759623,0.7221079218925375,0.0,39982.0,0.5645229958987487,0.0,0
0.8795795872283843,0.021550354359755265,42.0,2081.0,0.13615491265787144,0.7221079218925377,0.0,39982.0,0.5645229958987487,0.0,0
0.880603537248419,0.021639751539759937,43.0,2086.0,0.1370934331298108,0.7221259831696913,0.0,39981.0,0.5645229958987487,0.0,0
0.8816423874785626,0.021764301801985367,44.0,2094.0,0.13800773309772896,0.7221259831696913,0.0,39981.0,0.5645229958987487,0.0,0
0.8826127689394467,0.021840044441102078,45.0,2101.0,0.1389023719194964,0.7221259831696916,0.0,39981.0,0.5645229958987487,0.0,0
0.8835690646260349,0.021920143181656884,46.0,2107.0,0.13977856886552975,0.7221259831696916,0.0,39981.0,0.5645229958987487,0.0,0
0.8844279132168126,0.021920143181656884,47.0,2107.0,0.14063741745630748,0.7221259831696915,0.0,39981.0,0.5645229958987487,0.0,0
0.8853252250760039,0.02197496013295929,48.0,2110.0,0.14147991236419627,0.7221259831696918,0.0,39981.0,0.5645229958987487,0.0,0
0.8862408961903712,0.022063583978692673,49.0,2114.0,0.1423069596328302,0.7221259831696916,0.0,39981.0,0.5645229958987487,0.0,0
0.8870976691231307,0.022107931175133853,50.0,2116.0,0.14311938536914867,0.7221259831696916,0.0,39981.0,0.5645229958987487,0.0,0
0.8879819010896518,0.02219360510602287,51.0,2122.0,0.1439179434047807,0.7221259831696916,0.0,39981.0,0.5645229958987487,0.0,0
0.8888735307509921,0.022299856018250703,52.0,2128.0,0.14470332215389312,0.7221259831696913,0.0,39981.0,0.5645229958987487,0.0,0
0.889669530914394,0.022323027544110814,53.0,2130.0,0.14547615079143497,0.7221259831696918,0.0,39981.0,0.5645229958987487,0.0,0
0.8904778288870843,0.022370471474328097,54.0,2133.0,0.1462370048339078,0.7221259831696917,0.0,39981.0,0.5645229958987487,0.0,0
0.8913231173517401,0.022466353586952252,55.0,2138.0,0.14698641118593958,0.7221259831696916,0.0,39981.0,0.5645229958987487,0.0,0
0.8921207917896098,0.02252558650490882,56.0,2143.0,0.14772485270585262,0.7221259831696917,0.0,39981.0,0.5645229958987487,0.0,0
0.8929040078791686,0.022580882963455357,57.0,2146.0,0.14845277233686485,0.7221259831696919,0.0,39981.0,0.5645229958987487,0.0,0
0.8937112040021634,0.022670274577743402,58.0,2150.0,0.14917057684557175,0.7221259831696918,0.0,39981.0,0.5645229958987487,0.0,0
0.8945318116680592,0.022783501413151382,59.0,2156.0,0.14988227368202112,0.7221440453503609,0.0,39980.0,0.5645229958987487,0.0,0
0.8952334691459629,0.02278643897264619,60.0,2157.0,0.15058099360043006,0.7221440453503613,0.0,39980.0,0.5645229958987487,0.0,0
0.8959230837080895,0.02278643897264619,61.0,2157.0,0.1512706081625566,0.7221440453503609,0.0,39980.0,0.5645229958987487,0.0,0
0.8966487312542992,0.02283126340477641,62.0,2159.0,0.15195143127663618,0.7221440453503614,0.0,39980.0,0.5645229958987487,0.0,0
0.8973659039309746,0.02287613115511507,63.0,2161.0,0.15262373620297282,0.722144045350361,0.0,39980.0,0.5645229958987487,0.0,0
0.8980406598217244,0.02288684880597323,64.0,2162.0,0.15328777444286448,0.7221440453503613,0.0,39980.0,0.5645229958987487,0.0,0
0.8987191266451711,0.022909311445168706,65.0,2163.0,0.1539437786271158,0.7221440453503614,0.0,39980.0,0.5645229958987487,0.0,0
0.8993673125956878,0.022909311445168706,66.0,2163.0,0.1545919645776324,0.722144045350361,0.0,39980.0,0.5645229958987487,0.0,0
0.900096886335174,0.022998316791985093,67.0,2168.0,0.15523253297030232,0.7221440453503611,0.0,39980.0,0.5645229958987487,0.0,0
0.9007368590803506,0.023005151741993447,68.0,2169.0,0.15586567076547056,0.7221440453503614,0.0,39980.0,0.5645229958987487,0.0,0
0.9014098195162036,0.023052230467972182,69.0,2172.0,0.1564915524753447,0.722144045350361,0.0,39980.0,0.5645229958987487,0.0,0
0.9020511670686553,0.023074789194554513,70.0,2173.0,0.15711034130121407,0.7221440453503614,0.0,39980.0,0.5645229958987487,0.0,0
0.9026855801245716,0.023097353392425104,71.0,2174.0,0.15772219015925987,0.7221440453503608,0.0,39980.0,0.5645229958987487,0.0,0
0.9033053537490989,0.023112074568310922,72.0,2177.0,0.1583272426079014,0.7221440453503611,0.0,39980.0,0.5645229958987487,0.0,0
0.9039145344867306,0.02312286422693194,73.0,2178.0,0.15892563368691198,0.7221440453503611,0.0,39980.0,0.5645229958987487,0.0,0
0.9045516221820119,0.02316809493211616,74.0,2180.0,0.15951749067700915,0.7221440453503611,0.0,39980.0,0.5645229958987487,0.0,0
0.905206221892883,0.023237251532393782,75.0,2184.0,0.16010293378760254,0.7221440453503611,0.0,39980.0,0.5645229958987487,0.0,0
0.905874927197988,0.023326813845527736,76.0,2189.0,0.16068207677957363,0.7221440453503613,0.0,39980.0,0.5645229958987487,0.0,0
0.9064604006540264,0.02333933655186161,77.0,2191.0,0.16125502752927826,0.7221440453503611,0.0,39980.0,0.5645229958987487,0.0,0
0.9070960242066676,0.023408801109446365,78.0,2195.0,0.1618258092255116,0.7221621084346143,0.0,39979.0,0.5645229958987487,0.0,0
0.9077023299903513,0.023454187028812423,79.0,2197.0,0.1623867290898293,0.7221621084346141,0.0,39979.0,0.5645229958987487,0.0,0
0.9082908713326432,0.0234877336953268,80.0,2199.0,0.16294172376560678,0.7221621084346141,0.0,39979.0,0.5645229958987487,0.0,0
0.908920179867495,0.02356786230226069,81.0,2204.0,0.1634909036935247,0.7221621084346136,0.0,39979.0,0.5645229958987487,0.0,0
0.9095318613770157,0.023636090747261713,82.0,2207.0,0.1640343567580443,0.7221621084346144,0.0,39979.0,0.5645229958987487,0.0,0
0.9101032926506948,0.023669713055369742,83.0,2209.0,0.1645721657236154,0.7221621084346138,0.0,39979.0,0.5645229958987487,0.0,0
0.9107384513557477,0.023772627916725363,84.0,2215.0,0.1651044095673128,0.7221621084346138,0.0,39979.0,0.5645229958987487,0.0,0
0.9112652059096693,0.023772627916725363,85.0,2215.0,0.16563116412123438,0.7221621084346141,0.0,39979.0,0.5645229958987487,0.0,0
0.9117903142792633,0.023776397960554807,86.0,2216.0,0.1661525024469988,0.7221621084346141,0.0,39979.0,0.5645229958987487,0.0,0
0.9123271162219891,0.023797207251458494,87.0,2219.0,0.16666849509882098,0.7221621084346141,0.0,39979.0,0.5645229958987487,0.0,0
0.9128606569147951,0.023820032709128938,88.0,2220.0,0.16717921033395663,0.7221621084346138,0.0,39979.0,0.5645229958987487,0.0,0
0.9134346721822643,0.02388854401730983,89.0,2223.0,0.16768471429324486,0.7221621084346143,0.0,39979.0,0.5645229958987487,0.0,0
0.9139578891802632,0.023911404147441067,90.0,2224.0,0.16818507116111267,0.722162108434614,0.0,39979.0,0.5645229958987487,0.0,0
0.9144640728596418,0.023922315678540678,91.0,2225.0,0.1686803433093915,0.7221621084346143,0.0,39979.0,0.5645229958987487,0.0,0
0.9149881212966888,0.023956115997616042,92.0,2227.0,0.16917059142736324,0.7221621084346141,0.0,39979.0,0.5645229958987487,0.0,0
0.9154843313709694,0.02396704285959394,93.0,2228.0,0.16965587463966586,0.7221621084346138,0.0,39979.0,0.5645229958987487,0.0,0
0.9159876100666101,0.023989945581567168,94.0,2229.0,0.17013625061333326,0.722162108434614,0.0,39979.0,0.5645229958987487,0.0,0
0.9164631351083143,0.023989945581567168,95.0,2229.0,0.17061177565503755,0.7221621084346143,0.0,39979.0,0.5645229958987487,0.0,0
0.9169896355648514,0.024045716893660037,96.0,2233.0,0.1710825047994816,0.7221621084346141,0.0,39979.0,0.5645229958987487,0.0,0
0.9175149110886766,0.02410500532718102,97.0,2237.0,0.171548491889786,0.722162108434614,0.0,39979.0,0.5645229958987487,0.0,0
0.9179800043230212,0.024108800800682957,98.0,2238.0,0.17200978965062866,0.7221621084346143,0.0,39979.0,0.5645229958987487,0.0,0
0.9184935557791983,0.024165692152664255,99.0,2241.0,0.17246644975482447,0.7221621084346138,0.0,39979.0,0.5645229958987487,0.0,0
0.9189915948392638,0.02421165808358907,100.0,2243.0,0.17291852288396511,0.722162108434614,0.0,39979.0,0.5645229958987487,0.0,0
0.9194461090955484,0.024218636440156937,101.0,2244.0,0.1733660587836818,0.7221621084346141,0.0,39979.0,0.5645229958987487,0.0,0
0.9199111127471947,0.024240592561448466,102.0,2246.0,0.17380910631403662,0.7221621084346141,0.0,39979.0,0.5645229958987487,0.0,0
0.9203727353285277,0.02426360796131417,103.0,2247.0,0.17424771349550391,0.722162108434614,0.0,39979.0,0.5645229958987487,0.0,0
0.9208850517205239,0.0243417102978572,104.0,2254.0,0.17468192755095713,0.7221621084346143,0.0,39979.0,0.5645229958987487,0.0,0
0.9213379622175325,0.024364753401786295,105.0,2255.0,0.17511179494403664,0.7221621084346141,0.0,39979.0,0.5645229958987487,0.0,0
0.9217705256428718,0.024371750356921466,106.0,2256.0,0.17553736141424062,0.7221621084346141,0.0,39979.0,0.5645229958987487,0.0,0
0.9222148936664046,0.02439480778564921,107.0,2257.0,0.1759586720090458,0.7221621084346138,0.0,39979.0,0.5645229958987487,0.0,0
0.9226891492583648,0.02445196427331722,108.0,2260.0,0.17637577111333794,0.7221621084346143,0.0,39979.0,0.5645229958987487,0.0,0
0.923143192809532,0.02449307646141934,109.0,2263.0,0.1767887024764031,0.7221621084346138,0.0,39979.0,0.5645229958987487,0.0,0
0.9236213003280513,0.024562377219630324,110.0,2266.0,0.17719750923671143,0.7221621084346141,0.0,39979.0,0.5645229958987487,0.0,0
0.9240581484826773,0.024595247215740076,111.0,2270.0,0.17760653644961555,0.7221801724225183,0.0,39978.0,0.5645229958987487,0.0,0
0.9244820010057461,0.02461836743360195,112.0,2271.0,0.17800726875482242,0.7221801724225182,0.0,39978.0,0.5645229958987487,0.0,0
0.9249480901523552,0.024687749252506004,113.0,2274.0,0.17840397608252753,0.7221801724225186,0.0,39978.0,0.5645229958987487,0.0,0
0.9253748317357869,0.02472174594457047,114.0,2277.0,0.1787967209738948,0.7221801724225181,0.0,39978.0,0.5645229958987487,0.0,0
0.9258331171493152,0.024791205818224676,115.0,2280.0,0.17918554651376872,0.7221801724225185,0.0,39978.0,0.5645229958987487,0.0,0
0.9262412314296515,0.02481437300433187,116.0,2281.0,0.179570493607998,0.7221801724225185,0.0,39978.0,0.5645229958987487,0.0,0
0.9266565699082645,0.024848603032691378,117.0,2283.0,0.17995160205825148,0.7221801724225183,0.0,39978.0,0.5645229958987487,0.0,0
0.927037712830439,0.024852437047833152,118.0,2284.0,0.18032891096528417,0.7221801724225185,0.0,39978.0,0.5645229958987487,0.0,0
0.9274344518692644,0.024875628167112966,119.0,2285.0,0.18070245888482975,0.7221801724225185,0.0,39978.0,0.5645229958987487,0.0,0
0.9278325148064588,0.024903866097160686,120.0,2287.0,0.18107228389197635,0.7221801724225183,0.0,39978.0,0.5645229958987487,0.0,0
0.9282257080323837,0.024930919603653776,121.0,2289.0,0.18143842361140816,0.7221801724225183,0.0,39978.0,0.5645229958987487,0.0,0
0.9286396824388953,0.024982402386908173,122.0,2292.0,0.1818009152346654,0.7221801724225181,0.0,39978.0,0.5645229958987487,0.0,0
0.9290121394978157,0.02499597914825075,123.0,2294.0,0.18215979553224326,0.7221801724225182,0.0,39978.0,0.5645229958987487,0.0,0
0.9293906849925943,0.02501921931183136,124.0,2295.0,0.18251510086344125,0.7221801724225181,0.0,39978.0,0.5645229958987487,0.0,0
0.9297657072288259,0.02504247522643961,125.0,2296.0,0.18286686718506454,0.7221801724225183,0.0,39978.0,0.5645229958987487,0.0,0
0.9301178175717228,0.025046322694988132,126.0,2297.0,0.18321513005941298,0.7221801724225183,0.0,39978.0,0.5645229958987487,0.0,0
0.9304986328804674,0.02508234340140424,127.0,2301.0,0.18355992466174154,0.722180172422518,0.0,39978.0,0.5645229958987487,0.0,0
0.9308511040893337,0.0250934534847263,128.0,2302.0,0.18390128578728573,0.7221801724225183,0.0,39978.0,0.5645229958987487,0.0,0
0.9312244495091715,0.02512883683394583,129.0,2305.0,0.18423924785790402,0.7221801724225183,0.0,39978.0,0.5645229958987487,0.0,0
0.9315590465796483,0.02512883683394583,130.0,2305.0,0.18457384492838075,0.7221801724225183,0.0,39978.0,0.5645229958987487,0.0,0
0.9319298378478419,0.025168362338103666,131.0,2309.0,0.18490511069241639,0.7221801724225185,0.0,39978.0,0.5645229958987487,0.0,0
0.9322578056437629,0.025168362338103666,132.0,2309.0,0.18523307848833756,0.7221801724225183,0.0,39978.0,0.5645229958987487,0.0,0
0.9326169624065062,0.025202816284638246,133.0,2311.0,0.1855577813045462,0.7221801724225189,0.0,39978.0,0.5645229958987487,0.0,0
0.9329384328866944,0.025202816284638246,134.0,2311.0,0.18587925178473452,0.7221801724225184,0.0,39978.0,0.5645229958987487,0.0,0
0.9332911806107053,0.025237293560501407,135.0,2313.0,0.1861975222328822,0.7221801724225183,0.0,39978.0,0.5645229958987487,0.0,0
0.9336874783494706,0.02531848891409486,136.0,2317.0,0.186512624618054,0.7221801724225184,0.0,39978.0,0.5645229958987487,0.0,0
0.9340370180726775,0.025356062676339195,137.0,2320.0,0.18682459057901668,0.7221801724225181,0.0,39978.0,0.5645229958987487,0.0,0
0.9343570302438239,0.025367213997816898,138.0,2321.0,0.18713345142868532,0.722180172422518,0.0,39978.0,0.5645229958987487,0.0,0
0.9346861911613398,0.025390588185601092,139.0,2322.0,0.18743923815841695,0.7221801724225183,0.0,39978.0,0.5645229958987487,0.0,0
0.9350123153689881,0.025413969109505573,140.0,2323.0,0.1877419814421608,0.7221801724225181,0.0,39978.0,0.5645229958987487,0.0,0
0.9353847228806126,0.025486646422814854,141.0,2327.0,0.1880417116404761,0.722180172422518,0.0,39978.0,0.5645229958987487,0.0,0
0.9356814700445658,0.025486646422814854,142.0,2327.0,0.18833845880442934,0.7221801724225182,0.0,39978.0,0.5645229958987487,0.0,0
0.9359752639195144,0.025486646422814854,143.0,2327.0,0.18863225267937786,0.7221801724225183,0.0,39978.0,0.5645229958987487,0.0,0
0.9362700061762576,0.02549051865028756,144.0,2328.0,0.18892312270864842,0.7221801724225185,0.0,39978.0,0.5645229958987487,0.0,0
0.9365579815047288,0.02549051865028756,145.0,2328.0,0.1892110980371196,0.7221801724225183,0.0,39978.0,0.5645229958987487,0.0,0
0.9368430909823225,0.02549051865028756,146.0,2328.0,0.18949620751471327,0.7221801724225182,0.0,39978.0,0.5645229958987487,0.0,0
0.9371956699793528,0.025560825462230298,147.0,2331.0,0.1897784796998007,0.7221801724225181,0.0,39978.0,0.5645229958987487,0.0,0
0.9374985800276769,0.025584272347823744,148.0,2332.0,0.19005794286253147,0.7221801724225184,0.0,39978.0,0.5645229958987487,0.0,0
0.9378099102563564,0.02561892045094705,149.0,2334.0,0.19033462498808756,0.7221801724225184,0.0,39978.0,0.5645229958987487,0.0,0
0.9381307617656583,0.025665843168468365,150.0,2336.0,0.19060855377986835,0.7221801724225181,0.0,39978.0,0.5645229958987487,0.0,0
0.9384070571965215,0.025670935716588614,151.0,2337.0,0.19087975666261123,0.7221801724225182,0.0,39978.0,0.5645229958987487,0.0,0
0.938699036032482,0.02569441042971,152.0,2338.0,0.1911482607854503,0.7221801724225182,0.0,39978.0,0.5645229958987487,0.0,0
0.938971995819842,0.02570153797760243,153.0,2339.0,0.1914140930249179,0.7221801724225182,0.0,39978.0,0.5645229958987487,0.0,0
0.9392461972420909,0.025712552436877836,154.0,2341.0,0.19167727998789139,0.7221801724225181,0.0,39978.0,0.5645229958987487,0.0,0
0.9396242554794674,0.02583004264765692,155.0,2346.0,0.19193784801448868,0.7221801724225185,0.0,39978.0,0.5645229958987487,0.0,0
0.9398822306458925,0.02583004264765692,156.0,2346.0,0.19219582318091386,0.7221801724225183,0.0,39978.0,0.5645229958987487,0.0,0
0.9401642388884333,0.025856642768854292,157.0,2348.0,0.19245123130225736,0.7221801724225181,0.0,39978.0,0.5645229958987487,0.0,0
0.940431383909114,0.025870921156541042,158.0,2350.0,0.19270409793525117,0.7221801724225181,0.0,39978.0,0.5645229958987487,0.0,0
0.9407758428367464,0.025965029638443375,159.0,2354.0,0.19295444838098144,0.7221801724225183,0.0,39978.0,0.5645229958987487,0.0,0
0.9410779174288206,0.026019244923937774,160.0,2357.0,0.19320230768756114,0.7221801724225183,0.0,39978.0,0.5645229958987487,0.0,0
0.9413233103940228,0.026019244923937774,161.0,2357.0,0.19344770065276337,0.7221801724225185,0.0,39978.0,0.5645229958987487,0.0,0
0.9415898122037969,0.02604279555985718,162.0,2358.0,0.19369065182661796,0.7221801724225183,0.0,39978.0,0.5645229958987487,0.0,0
0.9418328656152168,0.02604531528392383,163.0,2359.0,0.1939311855139712,0.7221801724225184,0.0,39978.0,0.5645229958987487,0.0,0
0.9420710058782582,0.02604531528392383,164.0,2359.0,0.1941693257770127,0.7221801724225182,0.0,39978.0,0.5645229958987487,0.0,0
0.9423067765390124,0.02604531528392383,165.0,2359.0,0.1944050964377669,0.7221801724225184,0.0,39978.0,0.5645229958987487,0.0,0
0.9425637758506366,0.02606888995276105,166.0,2360.0,0.19463852108055377,0.7221801724225184,0.0,39978.0,0.5645229958987487,0.0,0
0.9428184554772882,0.026092467605548075,167.0,2361.0,0.19486962305441838,0.7221801724225182,0.0,39978.0,0.5645229958987487,0.0,0
0.9430708456761209,0.026116055383270578,168.0,2362.0,0.19509842547552866,0.7221801724225182,0.0,39978.0,0.5645229958987487,0.0,0
0.9432973714301381,0.026116055383270578,169.0,2362.0,0.1953249512295458,0.7221801724225184,0.0,39978.0,0.5645229958987487,0.0,0
0.9435801025654932,0.02617451477420638,170.0,2365.0,0.19554922297396513,0.7221801724225183,0.0,39978.0,0.5645229958987487,0.0,0
0.9438257482051906,0.026198120247440768,171.0,2366.0,0.19577126314042823,0.7221801724225183,0.0,39978.0,0.5645229958987487,0.0,0
0.9440455790017728,0.026198120247440768,172.0,2366.0,0.19599109393701022,0.7221801724225185,0.0,39978.0,0.5645229958987487,0.0,0
0.9442632224152411,0.026198120247440768,173.0,2366.0,0.1962087373504787,0.7221801724225182,0.0,39978.0,0.5645229958987487,0.0,0
0.9445094912446089,0.0262289112787599,174.0,2368.0,0.19642421514852737,0.7221801724225184,0.0,39978.0,0.5645229958987487,0.0,0
0.9447228249780667,0.0262289112787599,175.0,2368.0,0.19663754888198515,0.7221801724225182,0.0,39978.0,0.5645229958987487,0.0,0
0.9449391642055339,0.026234039501212808,176.0,2369.0,0.19684875988699946,0.7221801724225183,0.0,39978.0,0.5645229958987487,0.0,0
0.9451482736057306,0.026234039501212808,177.0,2369.0,0.197057869287196,0.7221801724225183,0.0,39978.0,0.5645229958987487,0.0,0
0.9453789449949019,0.02625768218176537,178.0,2370.0,0.1972648979958149,0.7221801724225184,0.0,39978.0,0.5645229958987487,0.0,0
0.94559109271827,0.026264861183125564,179.0,2371.0,0.1974698667178228,0.7221801724225184,0.0,39978.0,0.5645229958987487,0.0,0
0.9458091359709322,0.026280788098071634,180.0,2374.0,0.19767758077310724,0.7221982373141418,0.0,39977.0,0.5645229958987487,0.0,0
0.9460337528256209,0.026304451591533915,181.0,2375.0,0.19787853413433362,0.7221982373141416,0.0,39977.0,0.5645229958987487,0.0,0
0.9462326806769533,0.026304451591533915,182.0,2375.0,0.19807746198566614,0.7221982373141416,0.0,39977.0,0.5645229958987487,0.0,0
0.9464347615528426,0.026309588540753433,183.0,2376.0,0.19827440591233583,0.7221982373141413,0.0,39977.0,0.5645229958987487,0.0,0
0.946653421872783,0.026333266454278578,184.0,2377.0,0.19846938831875124,0.7221982373141418,0.0,39977.0,0.5645229958987487,0.0,0
0.94687014664949,0.026356949826790346,185.0,2378.0,0.19866242972294637,0.7221982373141417,0.0,39977.0,0.5645229958987487,0.0,0
0.9470849564443155,0.02638063951945184,186.0,2379.0,0.19885354982511028,0.7221982373141415,0.0,39977.0,0.5645229958987487,0.0,0
0.9472978681599272,0.02640433315831397,187.0,2380.0,0.19904276790185993,0.7221982373141412,0.0,39977.0,0.5645229958987487,0.0,0
0.9474852032107431,0.02640433315831397,188.0,2380.0,0.19923010295267587,0.7221982373141417,0.0,39977.0,0.5645229958987487,0.0,0
0.947670674013202,0.02640433315831397,189.0,2380.0,0.19941557375513475,0.7221982373141416,0.0,39977.0,0.5645229958987487,0.0,0
0.9478542991446278,0.02640433315831397,190.0,2380.0,0.19959919888656055,0.7221982373141417,0.0,39977.0,0.5645229958987487,0.0,0
0.94805980844953,0.026428044616480677,191.0,2381.0,0.19978099673329602,0.7221982373141416,0.0,39977.0,0.5645229958987487,0.0,0
0.9483109512639646,0.02649919866881569,192.0,2384.0,0.1999609854953956,0.7221982373141416,0.0,39977.0,0.5645229958987487,0.0,0
0.9484891489581779,0.02649919866881569,193.0,2384.0,0.2001391831896089,0.7221982373141417,0.0,39977.0,0.5645229958987487,0.0,0
0.9486737745484132,0.026507399796946367,194.0,2386.0,0.20031560765171355,0.7221982373141416,0.0,39977.0,0.5645229958987487,0.0,0
0.9488721757498695,0.02653113211152744,195.0,2387.0,0.20049027653858875,0.7221982373141415,0.0,39977.0,0.5645229958987487,0.0,0
0.9490472190145924,0.026533244584668103,196.0,2388.0,0.20066320733017104,0.7221982373141416,0.0,39977.0,0.5645229958987487,0.0,0
0.9492421714231718,0.026556986992069084,197.0,2389.0,0.20083441733134935,0.7221982373141415,0.0,39977.0,0.5645229958987487,0.0,0
0.9494379645943672,0.026583273820794985,198.0,2391.0,0.201003923673819,0.7221982373141413,0.0,39977.0,0.5645229958987487,0.0,0
0.9496295373463031,0.026607026928647564,199.0,2392.0,0.2011717433179022,0.7221982373141413,0.0,39977.0,0.5645229958987487,0.0,0
0.9497974723701025,0.026608812216007728,200.0,2393.0,0.20133789305434147,0.7221982373141415,0.0,39977.0,0.5645229958987487,0.0,0
0.949973310178327,0.0266201535725091,201.0,2394.0,0.20150238950606467,0.7221982373141415,0.0,39977.0,0.5645229958987487,0.0,0
0.9501836977283589,0.026667681498679464,202.0,2396.0,0.2016652491299261,0.7221982373141416,0.0,39977.0,0.5645229958987487,0.0,0
0.9503449368168555,0.026667681498679464,203.0,2396.0,0.2018264882184228,0.7221982373141415,0.0,39977.0,0.5645229958987487,0.0,0
0.9505045714998209,0.026667681498679464,204.0,2396.0,0.20198612290138812,0.7221982373141417,0.0,39977.0,0.5645229958987487,0.0,0
0.950663762438198,0.026668826190782376,205.0,2397.0,0.20214416914766234,0.7221982373141416,0.0,39977.0,0.5645229958987487,0.0,0
0.9508717346517239,0.02672032478522846,206.0,2400.0,0.20230064276674226,0.7221982373141417,0.0,39977.0,0.5645229958987487,0.0,0
0.9510318131299993,0.026725486619836335,207.0,2401.0,0.20245555941040963,0.7221982373141416,0.0,39977.0,0.5645229958987487,0.0,0
0.9511851882939286,0.026725486619836335,208.0,2401.0,0.2026089345743391,0.7221982373141417,0.0,39977.0,0.5645229958987487,0.0,0
0.9513370373192762,0.026725486619836335,209.0,2401.0,0.20276078359968652,0.7221982373141416,0.0,39977.0,0.5645229958987487,0.0,0
0.9514873753942485,0.026725486619836335,210.0,2401.0,0.20291112167465886,0.7221982373141416,0.0,39977.0,0.5645229958987487,0.0,0
0.9516362175556538,0.026725486619836335,211.0,2401.0,0.20305996383606412,0.7221982373141416,0.0,39977.0,0.5645229958987487,0.0,0
0.9517835786904335,0.026725486619836335,212.0,2401.0,0.20320732497084393,0.7221982373141415,0.0,39977.0,0.5645229958987487,0.0,0
0.9519294735371785,0.026725486619836335,213.0,2401.0,0.20335321981758886,0.7221982373141416,0.0,39977.0,0.5645229958987487,0.0,0
0.9520977293253878,0.026749299257599734,214.0,2402.0,0.2034976629680349,0.7221982373141413,0.0,39977.0,0.5645229958987487,0.0,0
0.952264552571077,0.026773116602778528,215.0,2403.0,0.20364066886854512,0.7221982373141418,0.0,39977.0,0.5645229958987487,0.0,0
0.9524299570147661,0.02679693809344042,216.0,2404.0,0.20378225182157242,0.7221982373141416,0.0,39977.0,0.5645229958987487,0.0,0
0.9525939579258246,0.026820764838963194,217.0,2405.0,0.2039224259871081,0.7221982373141415,0.0,39977.0,0.5645229958987487,0.0,0
0.9527366785174815,0.026824706033614695,218.0,2406.0,0.20406120538411351,0.7221982373141417,0.0,39977.0,0.5645229958987487,0.0,0
0.9528740770253039,0.026824706033614695,219.0,2406.0,0.20419860389193586,0.7221982373141415,0.0,39977.0,0.5645229958987487,0.0,0
0.9530101083850773,0.026824706033614695,220.0,2406.0,0.20433463525170928,0.7221982373141416,0.0,39977.0,0.5645229958987487,0.0,0
0.953144786201109,0.026824706033614695,221.0,2406.0,0.20446931306774097,0.7221982373141416,0.0,39977.0,0.5645229958987487,0.0,0
0.9532781239422499,0.026824706033614695,222.0,2406.0,0.2046026508088819,0.7221982373141416,0.0,39977.0,0.5645229958987487,0.0,0
0.9534101349432511,0.026824706033614695,223.0,2406.0,0.20473466180988312,0.7221982373141416,0.0,39977.0,0.5645229958987487,0.0,0
0.9535408324061063,0.026824706033614695,224.0,2406.0,0.20486535927273844,0.7221982373141415,0.0,39977.0,0.5645229958987487,0.0,0
0.9536702294013801,0.026824706033614695,225.0,2406.0,0.2049947562680122,0.7221982373141416,0.0,39977.0,0.5645229958987487,0.0,0
0.9538097253078064,0.026836092471900087,226.0,2407.0,0.2051228657361531,0.7221982373141416,0.0,39977.0,0.5645229958987487,0.0,0
0.953947947912491,0.026847480323942442,227.0,2408.0,0.20524970048879537,0.7221982373141417,0.0,39977.0,0.5645229958987487,0.0,0
0.9540807642626025,0.026854723952803958,228.0,2409.0,0.2053752732100452,0.7221982373141418,0.0,39977.0,0.5645229958987487,0.0,0
0.9542050875103119,0.026854723952803958,229.0,2409.0,0.20549959645775465,0.7221982373141417,0.0,39977.0,0.5645229958987487,0.0,0
0.9543281737173394,0.026854723952803958,230.0,2409.0,0.205622682664782,0.7221982373141416,0.0,39977.0,0.5645229958987487,0.0,0
0.9544811561748002,0.026885844934806984,231.0,2411.0,0.20574454414023993,0.7221982373141416,0.0,39977.0,0.5645229958987487,0.0,0
0.9546296316311224,0.02691367146063971,232.0,2413.0,0.2058651930707294,0.7221982373141418,0.0,39977.0,0.5645229958987487,0.0,0
0.9547490800819556,0.02691367146063971,233.0,2413.0,0.2059846415215626,0.7221982373141416,0.0,39977.0,0.5645229958987487,0.0,0
0.9548673399983654,0.02691367146063971,234.0,2413.0,0.20610290143797239,0.7221982373141415,0.0,39977.0,0.5645229958987487,0.0,0
0.954984423206703,0.02691367146063971,235.0,2413.0,0.20621998464631006,0.7221982373141413,0.0,39977.0,0.5645229958987487,0.0,0
0.9551075930767089,0.02692092312172582,236.0,2414.0,0.20633590285522976,0.7221982373141415,0.0,39977.0,0.5645229958987487,0.0,0
0.9552263093308644,0.026924874574248574,237.0,2415.0,0.20645066765686262,0.7221982373141415,0.0,39977.0,0.5645229958987487,0.0,0
0.9553399322019795,0.026924874574248574,238.0,2415.0,0.2065642905279777,0.7221982373141416,0.0,39977.0,0.5645229958987487,0.0,0
0.9554763238286095,0.026948773897724678,239.0,2416.0,0.2066767828311316,0.7221982373141417,0.0,39977.0,0.5645229958987487,0.0,0
0.9556115982048897,0.026972675289329808,240.0,2417.0,0.20678815581580662,0.7221982373141418,0.0,39977.0,0.5645229958987487,0.0,0
0.9557332731706001,0.026984085451309755,241.0,2418.0,0.2068984206195371,0.7221982373141418,0.0,39977.0,0.5645229958987487,0.0,0
0.9558663486418032,0.027007993273024965,242.0,2419.0,0.20700758826902496,0.7221982373141417,0.0,39977.0,0.5645229958987487,0.0,0
0.9559858423050789,0.027019405524082298,243.0,2420.0,0.20711566968124323,0.7221982373141418,0.0,39977.0,0.5645229958987487,0.0,0
0.9561042620551439,0.027030819290861294,244.0,2421.0,0.20722267566452926,0.7221982373141416,0.0,39977.0,0.5645229958987487,0.0,0
0.9562580377995761,0.027078653780156194,245.0,2423.0,0.20732861691966667,0.7221982373141412,0.0,39977.0,0.5645229958987487,0.0,0
0.9563629249208652,0.027078653780156194,246.0,2423.0,0.20743350404095573,0.7221982373141416,0.0,39977.0,0.5645229958987487,0.0,0
0.9564667683971845,0.027078653780156194,247.0,2423.0,0.20753734751727504,0.7221982373141415,0.0,39977.0,0.5645229958987487,0.0,0
0.9565695786130388,0.027078653780156194,248.0,2423.0,0.20764015773312935,0.7221982373141416,0.0,39977.0,0.5645229958987487,0.0,0
0.9566713658495999,0.027078653780156194,249.0,2423.0,0.20774194496969045,0.7221982373141415,0.0,39977.0,0.5645229958987487,0.0,0
0.9567721402857345,0.027078653780156194,250.0,2423.0,0.20784271940582508,0.7221982373141416,0.0,39977.0,0.5645229958987487,0.0,0
0.9569031108540998,0.027109852635233248,251.0,2425.0,0.20794249111911334,0.7221982373141416,0.0,39977.0,0.5645229958987487,0.0,0
0.9570258277420711,0.027133790555460387,252.0,2426.0,0.20804127008685752,0.7221982373141415,0.0,39977.0,0.5645229958987487,0.0,0
0.9571236238422934,0.027133790555460387,253.0,2426.0,0.20813906618707978,0.7221982373141416,0.0,39977.0,0.5645229958987487,0.0,0
0.9572443902189948,0.02715773391973077,254.0,2427.0,0.2082358891995107,0.7221982373141415,0.0,39977.0,0.5645229958987487,0.0,0
0.9573641947600636,0.027181678853742983,255.0,2428.0,0.20833174880656735,0.7221982373141417,0.0,39977.0,0.5645229958987487,0.0,0
0.9574591005478187,0.027181678853742983,256.0,2428.0,0.20842665459432239,0.7221982373141416,0.0,39977.0,0.5645229958987487,0.0,0
0.9575770144196383,0.027205631266422406,257.0,2429.0,0.20852061605346256,0.7221982373141415,0.0,39977.0,0.5645229958987487,0.0,0
0.957670040946414,0.027205631266422406,258.0,2429.0,0.20861364258023818,0.7221982373141418,0.0,39977.0,0.5645229958987487,0.0,0
0.9577860989466479,0.02722958836949158,259.0,2430.0,0.20870574347740314,0.7221982373141419,0.0,39977.0,0.5645229958987487,0.0,0
0.9578772834243902,0.02722958836949158,260.0,2430.0,0.20879692795514523,0.7221982373141415,0.0,39977.0,0.5645229958987487,0.0,0
0.9579675606012525,0.02722958836949158,261.0,2430.0,0.20888720513200773,0.7221982373141416,0.0,39977.0,0.5645229958987487,0.0,0
0.9580923423160465,0.027264991180492103,262.0,2432.0,0.2089765840358011,0.7221982373141416,0.0,39977.0,0.5645229958987487,0.0,0
0.9581808318847512,0.027264991180492103,263.0,2432.0,0.20906507360450596,0.7221982373141416,0.0,39977.0,0.5645229958987487,0.0,0
0.9582684409674127,0.027264991180492103,264.0,2432.0,0.20915268268716738,0.7221982373141416,0.0,39977.0,0.5645229958987487,0.0,0
0.9583791489884516,0.027288961843918803,265.0,2433.0,0.20923942004477952,0.7221982373141417,0.0,39977.0,0.5645229958987487,0.0,0
0.9584650232948342,0.027288961843918803,266.0,2433.0,0.2093252943511621,0.7221982373141413,0.0,39977.0,0.5645229958987487,0.0,0
0.9585500431375003,0.027288961843918803,267.0,2433.0,0.20941031419382816,0.7221982373141413,0.0,39977.0,0.5645229958987487,0.0,0
0.9586581965777904,0.02731294140319468,268.0,2434.0,0.20949448807484236,0.7221982373141417,0.0,39977.0,0.5645229958987487,0.0,0
0.9587415329146197,0.02731294140319468,269.0,2434.0,0.20957782441167164,0.7221982373141417,0.0,39977.0,0.5645229958987487,0.0,0
0.9588480241758072,0.02733692553802702,270.0,2435.0,0.20966033153802693,0.7221982373141417,0.0,39977.0,0.5645229958987487,0.0,0
0.958941159075214,0.027348374270764014,271.0,2436.0,0.20974201770469683,0.7221982373141413,0.0,39977.0,0.5645229958987487,0.0,0
0.9590220324508898,0.027348374270764014,272.0,2436.0,0.20982289108037247,0.7221982373141416,0.0,39977.0,0.5645229958987487,0.0,0
0.9591021011229821,0.027348374270764014,273.0,2436.0,0.20990295975246478,0.7221982373141416,0.0,39977.0,0.5645229958987487,0.0,0
0.9592093332084918,0.027376334380825717,274.0,2438.0,0.20998223172791275,0.7221982373141417,0.0,39977.0,0.5645229958987487,0.0,0
0.9592878164145641,0.027376334380825717,275.0,2438.0,0.210060714933985,0.7221982373141417,0.0,39977.0,0.5645229958987487,0.0,0
0.9593895161710907,0.027400331852265626,276.0,2439.0,0.21013841721907178,0.7221982373141416,0.0,39977.0,0.5645229958987487,0.0,0
0.9594664453054892,0.027400331852265626,277.0,2439.0,0.21021534635347022,0.7221982373141418,0.0,39977.0,0.5645229958987487,0.0,0
0.9595426089821801,0.027400331852265626,278.0,2439.0,0.21029151003016136,0.7221982373141415,0.0,39977.0,0.5645229958987487,0.0,0
0.9596180148175985,0.027400331852265626,279.0,2439.0,0.21036691586557965,0.7221982373141413,0.0,39977.0,0.5645229958987487,0.0,0
0.9596926703523933,0.027400331852265626,280.0,2439.0,0.21044157140037437,0.7221982373141416,0.0,39977.0,0.5645229958987487,0.0,0
0.9597665830521827,0.027400331852265626,281.0,2439.0,0.2105154841001638,0.7221982373141417,0.0,39977.0,0.5645229958987487,0.0,0
0.9598397603083006,0.027400331852265626,282.0,2439.0,0.21058866135628168,0.7221982373141415,0.0,39977.0,0.5645229958987487,0.0,0
0.9599362194017969,0.027424341815526516,283.0,2440.0,0.21066111048651706,0.7221982373141416,0.0,39977.0,0.5645229958987487,0.0,0
0.960007947651125,0.027424341815526516,284.0,2440.0,0.21073283873584517,0.7221982373141416,0.0,39977.0,0.5645229958987487,0.0,0
0.9600789621924324,0.027424341815526516,285.0,2440.0,0.21080385327715256,0.7221982373141416,0.0,39977.0,0.5645229958987487,0.0,0
0.9601607334165021,0.027435805104794767,286.0,2441.0,0.21087416121195401,0.7221982373141416,0.0,39977.0,0.5645229958987487,0.0,0
0.960230341775651,0.027435805104794767,287.0,2441.0,0.21094376957110295,0.7221982373141413,0.0,39977.0,0.5645229958987487,0.0,0
0.960299257520043,0.027435805104794767,288.0,2441.0,0.21101268531549483,0.7221982373141413,0.0,39977.0,0.5645229958987487,0.0,0
0.9603789528805396,0.02744727044402379,289.0,2442.0,0.21108091533676251,0.7221982373141418,0.0,39977.0,0.5645229958987487,0.0,0
0.9604579705951893,0.02745873703747001,290.0,2443.0,0.2111484664579661,0.7221982373141417,0.0,39977.0,0.5645229958987487,0.0,0
0.9605603427997216,0.027494230265693198,291.0,2445.0,0.21121534543427514,0.7221982373141416,0.0,39977.0,0.5645229958987487,0.0,0
0.9606265563190899,0.027494230265693198,292.0,2445.0,0.21128155895364342,0.7221982373141416,0.0,39977.0,0.5645229958987487,0.0,0
0.9607253306600464,0.02752744992281365,293.0,2448.0,0.21134711363747938,0.7221982373141419,0.0,39977.0,0.5645229958987487,0.0,0
0.96081426534199,0.02755148220093025,294.0,2449.0,0.21141201604130644,0.7221982373141416,0.0,39977.0,0.5645229958987487,0.0,0
0.9608785219561033,0.02755148220093025,295.0,2449.0,0.21147627265541982,0.7221982373141417,0.0,39977.0,0.5645229958987487,0.0,0
0.9609421392062184,0.02755148220093025,296.0,2449.0,0.21153988990553485,0.7221982373141413,0.0,39977.0,0.5645229958987487,0.0,0
0.9610291611078896,0.027575519854705834,297.0,2450.0,0.2116028741534305,0.7221982373141415,0.0,39977.0,0.5645229958987487,0.0,0
0.9611155591262234,0.027599560328885973,298.0,2451.0,0.2116652316975841,0.7221982373141418,0.0,39977.0,0.5645229958987487,0.0,0
0.9612013383126505,0.0276236024390945,299.0,2452.0,0.2117269687738028,0.7221982373141415,0.0,39977.0,0.5645229958987487,0.0,0
0.9612624610946936,0.0276236024390945,300.0,2452.0,0.21178809155584588,0.7221982373141416,0.0,39977.0,0.5645229958987487,0.0,0
0.9613229756948907,0.0276236024390945,301.0,2452.0,0.2118486061560429,0.7221982373141417,0.0,39977.0,0.5645229958987487,0.0,0
0.9613828881647523,0.0276236024390945,302.0,2452.0,0.21190851862590437,0.7221982373141417,0.0,39977.0,0.5645229958987487,0.0,0
0.9614422044955758,0.0276236024390945,303.0,2452.0,0.211967834956728,0.7221982373141417,0.0,39977.0,0.5645229958987487,0.0,0
0.961524981505922,0.027647653325972542,304.0,2453.0,0.2120265610801961,0.7221982373141417,0.0,39977.0,0.5645229958987487,0.0,0
0.9615831232946963,0.027647653325972542,305.0,2453.0,0.21208470286897046,0.7221982373141419,0.0,39977.0,0.5645229958987487,0.0,0
0.9616406865630043,0.027647653325972542,306.0,2453.0,0.21214226613727852,0.7221982373141413,0.0,39977.0,0.5645229958987487,0.0,0
0.9616976770672211,0.027647653325972542,307.0,2453.0,0.21219925664149522,0.7221982373141416,0.0,39977.0,0.5645229958987487,0.0,0
0.9617541005064447,0.027647653325972542,308.0,2453.0,0.21225568008071888,0.7221982373141417,0.0,39977.0,0.5645229958987487,0.0,0
0.9618099625230663,0.027647653325972542,309.0,2453.0,0.21231154209734046,0.7221982373141417,0.0,39977.0,0.5645229958987487,0.0,0
0.961865268703334,0.027647653325972542,310.0,2453.0,0.21236684827760824,0.7221982373141416,0.0,39977.0,0.5645229958987487,0.0,0
0.9619200245779123,0.027647653325972542,311.0,2453.0,0.21242160415218642,0.7221982373141415,0.0,39977.0,0.5645229958987487,0.0,0
0.9619742356224343,0.027647653325972542,312.0,2453.0,0.21247581519670852,0.7221982373141418,0.0,39977.0,0.5645229958987487,0.0,0
0.9620404332103384,0.027660179278261088,313.0,2455.0,0.21252948683232395,0.7221982373141417,0.0,39977.0,0.5645229958987487,0.0,0
0.9620987933695887,0.02766540184359429,314.0,2456.0,0.21258262442624118,0.7221982373141416,0.0,39977.0,0.5645229958987487,0.0,0
0.9621514022356118,0.02766540184359429,315.0,2456.0,0.21263523329226422,0.7221982373141417,0.0,39977.0,0.5645229958987487,0.0,0
0.9622034876346709,0.02766540184359429,316.0,2456.0,0.21268731869132326,0.7221982373141416,0.0,39977.0,0.5645229958987487,0.0,0
0.9622550547753494,0.02766540184359429,317.0,2456.0,0.2127388858320018,0.7221982373141417,0.0,39977.0,0.5645229958987487,0.0,0
0.9623061088144046,0.02766540184359429,318.0,2456.0,0.2127899398710569,0.7221982373141418,0.0,39977.0,0.5645229958987487,0.0,0
0.9623566548572827,0.02766540184359429,319.0,2456.0,0.21284048591393517,0.7221982373141416,0.0,39977.0,0.5645229958987487,0.0,0
0.9624066979586305,0.02766540184359429,320.0,2456.0,0.21289052901528294,0.7221982373141416,0.0,39977.0,0.5645229958987487,0.0,0
0.9624562431227999,0.02766540184359429,321.0,2456.0,0.2129400741794523,0.7221982373141417,0.0,39977.0,0.5645229958987487,0.0,0
0.9625052953043485,0.02766540184359429,322.0,2456.0,0.21298912636100092,0.7221982373141416,0.0,39977.0,0.5645229958987487,0.0,0
0.9625779358978886,0.02768947833294769,323.0,2457.0,0.21303769046518764,0.7221982373141415,0.0,39977.0,0.5645229958987487,0.0,0
0.9626500953971062,0.027713556948889394,324.0,2458.0,0.21308577134846363,0.7221982373141415,0.0,39977.0,0.5645229958987487,0.0,0
0.9626976978676001,0.027713556948889394,325.0,2458.0,0.2131333738189574,0.7221982373141419,0.0,39977.0,0.5645229958987487,0.0,0
0.9627689090304681,0.027737639293759418,326.0,2459.0,0.21318050263695548,0.7221982373141415,0.0,39977.0,0.5645229958987487,0.0,0
0.9628396525374993,0.027761722922366963,327.0,2460.0,0.21322716251537904,0.7221982373141417,0.0,39977.0,0.5645229958987487,0.0,0
0.962885848142375,0.027761722922366963,328.0,2460.0,0.21327335812025477,0.7221982373141415,0.0,39977.0,0.5645229958987487,0.0,0
0.962931584093302,0.027761722922366963,329.0,2460.0,0.2133190940711818,0.7221982373141417,0.0,39977.0,0.5645229958987487,0.0,0
0.9629768649639135,0.027761722922366963,330.0,2460.0,0.2133643749417933,0.7221982373141415,0.0,39977.0,0.5645229958987487,0.0,0
0.9630216952823343,0.027761722922366963,331.0,2460.0,0.21340920526021395,0.7221982373141416,0.0,39977.0,0.5645229958987487,0.0,0
0.9630660795316336,0.027761722922366963,332.0,2460.0,0.21345358950951338,0.7221982373141416,0.0,39977.0,0.5645229958987487,0.0,0
0.9631100221502734,0.027761722922366963,333.0,2460.0,0.21349753212815303,0.7221982373141418,0.0,39977.0,0.5645229958987487,0.0,0
0.963153527532552,0.027761722922366963,334.0,2460.0,0.2135410375104317,0.7221982373141417,0.0,39977.0,0.5645229958987487,0.0,0
0.963196600029044,0.027761722922366963,335.0,2460.0,0.21358411000692382,0.7221982373141417,0.0,39977.0,0.5645229958987487,0.0,0
0.963239243947035,0.027761722922366963,336.0,2460.0,0.21362675392491473,0.7221982373141416,0.0,39977.0,0.5645229958987487,0.0,0
0.9632814635509523,0.027761722922366963,337.0,2460.0,0.21366897352883207,0.7221982373141415,0.0,39977.0,0.5645229958987487,0.0,0
0.9633232630627916,0.027761722922366963,338.0,2460.0,0.21371077304067143,0.7221982373141418,0.0,39977.0,0.5645229958987487,0.0,0
0.9633646466625388,0.027761722922366963,339.0,2460.0,0.21375215664041858,0.7221982373141417,0.0,39977.0,0.5645229958987487,0.0,0
0.9634056184885885,0.027761722922366963,340.0,2460.0,0.21379312846646817,0.7221982373141417,0.0,39977.0,0.5645229958987487,0.0,0
0.9634461826381571,0.027761722922366963,341.0,2460.0,0.21383369261603685,0.7221982373141416,0.0,39977.0,0.5645229958987487,0.0,0
0.9634863431676937,0.027761722922366963,342.0,2460.0,0.21387385314557342,0.7221982373141415,0.0,39977.0,0.5645229958987487,0.0,0
0.9635261040932845,0.027761722922366963,343.0,2460.0,0.21391361407116435,0.7221982373141415,0.0,39977.0,0.5645229958987487,0.0,0
0.9635654693910558,0.027761722922366963,344.0,2460.0,0.2139529793689355,0.7221982373141415,0.0,39977.0,0.5645229958987487,0.0,0
0.9636044429975694,0.027761722922366963,345.0,2460.0,0.21399195297544918,0.7221982373141415,0.0,39977.0,0.5645229958987487,0.0,0
0.9636430288102188,0.027761722922366963,346.0,2460.0,0.2140305387880985,0.7221982373141413,0.0,39977.0,0.5645229958987487,0.0,0
0.9636812306876174,0.027761722922366963,347.0,2460.0,0.21406874066549714,0.7221982373141415,0.0,39977.0,0.5645229958987487,0.0,0
0.9637190524499847,0.027761722922366963,348.0,2460.0,0.21410656242786455,0.7221982373141415,0.0,39977.0,0.5645229958987487,0.0,0
0.9637564978795287,0.027761722922366963,349.0,2460.0,0.21414400785740845,0.7221982373141417,0.0,39977.0,0.5645229958987487,0.0,0
0.9637935707208231,0.027761722922366963,350.0,2460.0,0.21418108069870287,0.7221982373141413,0.0,39977.0,0.5645229958987487,0.0,0
0.9638355066603158,0.027766954901499337,351.0,2461.0,0.21421778465906316,0.7221982373141415,0.0,39977.0,0.5645229958987487,0.0,0
0.963895955432553,0.02779106492388404,352.0,2462.0,0.21425412340891573,0.7221982373141416,0.0,39977.0,0.5645229958987487,0.0,0
0.9639319326058032,0.02779106492388404,353.0,2462.0,0.21429010058216594,0.7221982373141416,0.0,39977.0,0.5645229958987487,0.0,0
0.9639675518001986,0.02779106492388404,354.0,2462.0,0.21432571977656117,0.7221982373141418,0.0,39977.0,0.5645229958987487,0.0,0
0.9640028165776877,0.02779106492388404,355.0,2462.0,0.21436098455405034,0.7221982373141416,0.0,39977.0,0.5645229958987487,0.0,0
0.9640377304647779,0.02779106492388404,356.0,2462.0,0.21439589844114063,0.7221982373141415,0.0,39977.0,0.5645229958987487,0.0,0
0.9640722969528872,0.02779106492388404,357.0,2462.0,0.21443046492924983,0.7221982373141416,0.0,39977.0,0.5645229958987487,0.0,0
0.9641065194986931,0.02779106492388404,358.0,2462.0,0.21446468747505573,0.7221982373141416,0.0,39977.0,0.5645229958987487,0.0,0
0.9641404015244788,0.02779106492388404,359.0,2462.0,0.21449856950084134,0.7221982373141417,0.0,39977.0,0.5645229958987487,0.0,0
0.9641739464184749,0.02779106492388404,360.0,2462.0,0.2145321143948375,0.7221982373141417,0.0,39977.0,0.5645229958987487,0.0,0
0.9642071575351989,0.02779106492388404,361.0,2462.0,0.21456532551156152,0.7221982373141415,0.0,39977.0,0.5645229958987487,0.0,0
0.96424003819579,0.02779106492388404,362.0,2462.0,0.21459820617215258,0.7221982373141416,0.0,39977.0,0.5645229958987487,0.0,0
0.9642725916883418,0.02779106492388404,363.0,2462.0,0.21463075966470443,0.7221982373141416,0.0,39977.0,0.5645229958987487,0.0,0
0.9643048212682307,0.02779106492388404,364.0,2462.0,0.21466298924459337,0.7221982373141419,0.0,39977.0,0.5645229958987487,0.0,0
0.9643608521173502,0.027815186882792768,365.0,2463.0,0.2146948981348042,0.7221982373141416,0.0,39977.0,0.5645229958987487,0.0,0
0.9643924435087986,0.027815186882792768,366.0,2463.0,0.21472648952625256,0.7221982373141418,0.0,39977.0,0.5645229958987487,0.0,0
0.9644237205606498,0.027815186882792768,367.0,2463.0,0.21475776657810386,0.7221982373141413,0.0,39977.0,0.5645229958987487,0.0,0
0.9644578515539632,0.027818352036120642,368.0,2464.0,0.21478873241808932,0.7221982373141416,0.0,39977.0,0.5645229958987487,0.0,0
0.964488509278693,0.027818352036120642,369.0,2464.0,0.214819390142819,0.7221982373141416,0.0,39977.0,0.5645229958987487,0.0,0
0.9645188619539645,0.027818352036120642,370.0,2464.0,0.21484974281809063,0.7221982373141415,0.0,39977.0,0.5645229958987487,0.0,0
0.9645489126150713,0.027818352036120642,371.0,2464.0,0.21487979347919725,0.7221982373141416,0.0,39977.0,0.5645229958987487,0.0,0
0.9645786642671038,0.027818352036120642,372.0,2464.0,0.21490954513122984,0.7221982373141416,0.0,39977.0,0.5645229958987487,0.0,0
0.9646081198852524,0.027818352036120642,373.0,2464.0,0.21493900074937847,0.7221982373141417,0.0,39977.0,0.5645229958987487,0.0,0
0.9646372824151033,0.027818352036120642,374.0,2464.0,0.2149681632792295,0.7221982373141416,0.0,39977.0,0.5645229958987487,0.0,0
0.9646661547729342,0.027818352036120642,375.0,2464.0,0.21499703563706024,0.7221982373141418,0.0,39977.0,0.5645229958987487,0.0,0
0.9646947398460044,0.027818352036120642,376.0,2464.0,0.2150256207101304,0.7221982373141416,0.0,39977.0,0.5645229958987487,0.0,0
0.9647230404928452,0.027818352036120642,377.0,2464.0,0.21505392135697124,0.7221982373141415,0.0,39977.0,0.5645229958987487,0.0,0
0.9647510595435451,0.027818352036120642,378.0,2464.0,0.21508194040767115,0.7221982373141416,0.0,39977.0,0.5645229958987487,0.0,0
0.9647787998000322,0.027818352036120642,379.0,2464.0,0.21510968066415828,0.7221982373141413,0.0,39977.0,0.5645229958987487,0.0,0
0.9648062640363555,0.027818352036120642,380.0,2464.0,0.21513714490048155,0.7221982373141416,0.0,39977.0,0.5645229958987487,0.0,0
0.9648334549989613,0.027818352036120642,381.0,2464.0,0.21516433586308745,0.7221982373141413,0.0,39977.0,0.5645229958987487,0.0,0
0.9648603754069689,0.027818352036120642,382.0,2464.0,0.21519125627109495,0.7221982373141418,0.0,39977.0,0.5645229958987487,0.0,0
0.9648896099957643,0.027820934079443905,383.0,2465.0,0.21521790881656722,0.7221982373141417,0.0,39977.0,0.5645229958987487,0.0,0
0.9649159973439781,0.027820934079443905,384.0,2465.0,0.215244296164781,0.7221982373141415,0.0,39977.0,0.5645229958987487,0.0,0
0.9649421221336902,0.027820934079443905,385.0,2465.0,0.2152704209544931,0.7221982373141416,0.0,39977.0,0.5645229958987487,0.0,0
0.9649679869774016,0.027820934079443905,386.0,2465.0,0.21529628579820437,0.7221982373141413,0.0,39977.0,0.5645229958987487,0.0,0
0.9649935944616178,0.027820934079443905,387.0,2465.0,0.21532189328242066,0.7221982373141412,0.0,39977.0,0.5645229958987487,0.0,0
0.9650189471471088,0.027820934079443905,388.0,2465.0,0.21534724596791166,0.7221982373141411,0.0,39977.0,0.5645229958987487,0.0,0
0.9650440475691645,0.027820934079443905,389.0,2465.0,0.21537234638996727,0.7221982373141418,0.0,39977.0,0.5645229958987487,0.0,0
0.9650688982378476,0.027820934079443905,390.0,2465.0,0.21539719705865035,0.7221982373141413,0.0,39977.0,0.5645229958987487,0.0,0
0.9650935016382458,0.027820934079443905,391.0,2465.0,0.21542180045904863,0.7221982373141417,0.0,39977.0,0.5645229958987487,0.0,0
0.9651178602307198,0.027820934079443905,392.0,2465.0,0.21544615905152256,0.7221982373141416,0.0,39977.0,0.5645229958987487,0.0,0
0.9651419764511491,0.027820934079443905,393.0,2465.0,0.21547027527195178,0.7221982373141416,0.0,39977.0,0.5645229958987487,0.0,0
0.9651658527111754,0.027820934079443905,394.0,2465.0,0.21549415153197823,0.7221982373141415,0.0,39977.0,0.5645229958987487,0.0,0
0.9651894913984452,0.027820934079443905,395.0,2465.0,0.21551779021924808,0.7221982373141417,0.0,39977.0,0.5645229958987487,0.0,0
0.9652128948768468,0.027820934079443905,396.0,2465.0,0.21554119369764968,0.7221982373141415,0.0,39977.0,0.5645229958987487,0.0,0
0.9652360654867477,0.027820934079443905,397.0,2465.0,0.21556436430755044,0.7221982373141417,0.0,39977.0,0.5645229958987487,0.0,0
0.9652590055452275,0.027820934079443905,398.0,2465.0,0.21558730436603027,0.7221982373141416,0.0,39977.0,0.5645229958987487,0.0,0
0.9652817173463119,0.027820934079443905,399.0,2465.0,0.21561001616711473,0.7221982373141415,0.0,39977.0,0.5645229958987487,0.0,0
0.9653042031611995,0.027820934079443905,400.0,2465.0,0.21563250198200234,0.7221982373141415,0.0,39977.0,0.5645229958987487,0.0,0
0.9653264652384909,0.027820934079443905,401.0,2465.0,0.2156547640592936,0.7221982373141416,0.0,39977.0,0.5645229958987487,0.0,0
0.9653485058044119,0.027820934079443905,402.0,2465.0,0.21567680462521474,0.7221982373141416,0.0,39977.0,0.5645229958987487,0.0,0
0.9653703270630378,0.027820934079443905,403.0,2465.0,0.21569862588384062,0.7221982373141418,0.0,39977.0,0.5645229958987487,0.0,0
0.9653919311965126,0.027820934079443905,404.0,2465.0,0.21572023001731536,0.7221982373141416,0.0,39977.0,0.5645229958987487,0.0,0
0.9654133203652675,0.027820934079443905,405.0,2465.0,0.21574161918607035,0.7221982373141412,0.0,39977.0,0.5645229958987487,0.0,0
0.9654344967082377,0.027820934079443905,406.0,2465.0,0.2157627955290404,0.7221982373141417,0.0,39977.0,0.5645229958987487,0.0,0
0.9654554623430744,0.027820934079443905,407.0,2465.0,0.2157837611638772,0.7221982373141416,0.0,39977.0,0.5645229958987487,0.0,0
0.9654762193663589,0.027820934079443905,408.0,2465.0,0.21580451818716176,0.7221982373141415,0.0,39977.0,0.5645229958987487,0.0,0
0.9655209211211748,0.027845085346807723,409.0,2466.0,0.21582506867461387,0.7221982373141415,0.0,39977.0,0.5645229958987487,0.0,0
0.9655412671278604,0.027845085346807723,410.0,2466.0,0.2158454146812993,0.722198237314142,0.0,39977.0,0.5645229958987487,0.0,0
0.9655614106883965,0.027845085346807723,411.0,2466.0,0.21586555824183554,0.7221982373141413,0.0,39977.0,0.5645229958987487,0.0,0
0.9655813538171567,0.027845085346807723,412.0,2466.0,0.21588550137059567,0.7221982373141416,0.0,39977.0,0.5645229958987487,0.0,0
0.9656010985084702,0.027845085346807723,413.0,2466.0,0.2159052460619092,0.7221982373141418,0.0,39977.0,0.5645229958987487,0.0,0
0.9656206467368224,0.027845085346807723,414.0,2466.0,0.21592479429026135,0.7221982373141417,0.0,39977.0,0.5645229958987487,0.0,0
0.9656400004570527,0.027845085346807723,415.0,2466.0,0.2159441480104916,0.7221982373141415,0.0,39977.0,0.5645229958987487,0.0,0
0.9656833168905259,0.027869240632784648,416.0,2467.0,0.21596330915798795,0.7221982373141416,0.0,39977.0,0.5645229958987487,0.0,0
0.9657022873814192,0.027869240632784648,417.0,2467.0,0.2159822796488812,0.7221982373141416,0.0,39977.0,0.5645229958987487,0.0,0
0.965721069112774,0.027869240632784648,418.0,2467.0,0.2160010613802362,0.7221982373141413,0.0,39977.0,0.5645229958987487,0.0,0
0.9657396639627797,0.027869240632784648,419.0,2467.0,0.21601965623024166,0.7221982373141416,0.0,39977.0,0.5645229958987487,0.0,0
0.9657580737909363,0.027869240632784648,420.0,2467.0,0.21603806605839823,0.7221982373141417,0.0,39977.0,0.5645229958987487,0.0,0
0.9657763004382419,0.027869240632784648,421.0,2467.0,0.21605629270570398,0.7221982373141413,0.0,39977.0,0.5645229958987487,0.0,0
0.9657943457273768,0.027869240632784648,422.0,2467.0,0.21607433799483886,0.7221982373141417,0.0,39977.0,0.5645229958987487,0.0,0
0.9658122114628845,0.027869240632784648,423.0,2467.0,0.21609220373034668,0.7221982373141416,0.0,39977.0,0.5645229958987487,0.0,0
0.9658298994313541,0.027869240632784648,424.0,2467.0,0.21610989169881611,0.7221982373141415,0.0,39977.0,0.5645229958987487,0.0,0
0.9658474114015967,0.027869240632784648,425.0,2467.0,0.21612740366905867,0.7221982373141416,0.0,39977.0,0.5645229958987487,0.0,0
0.9658647491248238,0.027869240632784648,426.0,2467.0,0.2161447413922858,0.7221982373141416,0.0,39977.0,0.5645229958987487,0.0,0
0.9658819143348225,0.027869240632784648,427.0,2467.0,0.21616190660228463,0.7221982373141417,0.0,39977.0,0.5645229958987487,0.0,0
0.9658989087481281,0.027869240632784648,428.0,2467.0,0.21617890101559017,0.722198237314142,0.0,39977.0,0.5645229958987487,0.0,0
0.9659157340641957,0.027869240632784648,429.0,2467.0,0.21619572633165782,0.7221982373141417,0.0,39977.0,0.5645229958987487,0.0,0
0.9659323919655715,0.027869240632784648,430.0,2467.0,0.21621238423303343,0.7221982373141417,0.0,39977.0,0.5645229958987487,0.0,0
0.9659488841180589,0.027869240632784648,431.0,2467.0,0.21622887638552107,0.7221982373141413,0.0,39977.0,0.5645229958987487,0.0,0
0.9659652121708876,0.027869240632784648,432.0,2467.0,0.21624520443834966,0.7221982373141418,0.0,39977.0,0.5645229958987487,0.0,0
0.9659813777568758,0.027869240632784648,433.0,2467.0,0.21626137002433785,0.7221982373141416,0.0,39977.0,0.5645229958987487,0.0,0
0.9659973824925959,0.027869240632784648,434.0,2467.0,0.21627737476005796,0.7221982373141416,0.0,39977.0,0.5645229958987487,0.0,0
0.9660132279785351,0.027869240632784648,435.0,2467.0,0.21629322024599704,0.7221982373141417,0.0,39977.0,0.5645229958987487,0.0,0
0.9660289157992544,0.027869240632784648,436.0,2467.0,0.21630890806671657,0.7221982373141413,0.0,39977.0,0.5645229958987487,0.0,0
0.9660444475235497,0.027869240632784648,437.0,2467.0,0.21632443979101176,0.7221982373141413,0.0,39977.0,0.5645229958987487,0.0,0
0.9660598247046062,0.027869240632784648,438.0,2467.0,0.21633981697206825,0.7221982373141415,0.0,39977.0,0.5645229958987487,0.0,0
0.9660750488801545,0.027869240632784648,439.0,2467.0,0.21635504114761658,0.7221982373141415,0.0,39977.0,0.5645229958987487,0.0,0
0.966090121572625,0.027869240632784648,440.0,2467.0,0.21637011384008714,0.7221982373141416,0.0,39977.0,0.5645229958987487,0.0,0
0.9661050442892999,0.027869240632784648,441.0,2467.0,0.21638503655676194,0.7221982373141416,0.0,39977.0,0.5645229958987487,0.0,0
0.9661198185224628,0.027869240632784648,442.0,2467.0,0.2163998107899249,0.7221982373141416,0.0,39977.0,0.5645229958987487,0.0,0
0.9661344457495495,0.027869240632784648,443.0,2467.0,0.21641443801701157,0.7221982373141417,0.0,39977.0,0.5645229958987487,0.0,0
0.9661489274332947,0.027869240632784648,444.0,2467.0,0.21642891970075687,0.7221982373141415,0.0,39977.0,0.5645229958987487,0.0,0
0.9661632650218793,0.027869240632784648,445.0,2467.0,0.21644325728934136,0.7221982373141417,0.0,39977.0,0.5645229958987487,0.0,0
0.9661774599490738,0.027869240632784648,446.0,2467.0,0.21645745221653584,0.7221982373141415,0.0,39977.0,0.5645229958987487,0.0,0
0.9661915136343828,0.027869240632784648,447.0,2467.0,0.2164715059018449,0.7221982373141416,0.0,39977.0,0.5645229958987487,0.0,0
0.9662054274831865,0.027869240632784648,448.0,2467.0,0.21648541975064858,0.7221982373141417,0.0,39977.0,0.5645229958987487,0.0,0
0.9662192028868815,0.027869240632784648,449.0,2467.0,0.2164991951543435,0.7221982373141417,0.0,39977.0,0.5645229958987487,0.0,0
0.9662328412230194,0.027869240632784648,450.0,2467.0,0.21651283349048153,0.7221982373141415,0.0,39977.0,0.5645229958987487,0.0,0
0.9662463438554455,0.027869240632784648,451.0,2467.0,0.21652633612290748,0.7221982373141416,0.0,39977.0,0.5645229958987487,0.0,0
0.9662597121344342,0.027869240632784648,452.0,2467.0,0.21653970440189615,0.7221982373141418,0.0,39977.0,0.5645229958987487,0.0,0
0.9662729473968242,0.027869240632784648,453.0,2467.0,0.21655293966428626,0.7221982373141418,0.0,39977.0,0.5645229958987487,0.0,0
0.9662860509661532,0.027869240632784648,454.0,2467.0,0.21656604323361528,0.7221982373141416,0.0,39977.0,0.5645229958987487,0.0,0
0.9662990241527889,0.027869240632784648,455.0,2467.0,0.21657901642025093,0.7221982373141416,0.0,39977.0,0.5645229958987487,0.0,0
0.9663118682540608,0.027869240632784648,456.0,2467.0,0.2165918605215228,0.7221982373141418,0.0,39977.0,0.5645229958987487,0.0,0
0.9663245845543895,0.027869240632784648,457.0,2467.0,0.21660457682185166,0.7221982373141413,0.0,39977.0,0.5645229958987487,0.0,0
0.966337174325416,0.027869240632784648,458.0,2467.0,0.21661716659287816,0.7221982373141416,0.0,39977.0,0.5645229958987487,0.0,0
0.9663496388261278,0.027869240632784648,459.0,2467.0,0.21662963109358985,0.7221982373141417,0.0,39977.0,0.5645229958987487,0.0,0
0.9663619793029853,0.027869240632784648,460.0,2467.0,0.21664197157044726,0.7221982373141418,0.0,39977.0,0.5645229958987487,0.0,0
0.9663741969900462,0.027869240632784648,461.0,2467.0,0.21665418925750837,0.7221982373141416,0.0,39977.0,0.5645229958987487,0.0,0
0.9663862931090899,0.027869240632784648,462.0,2467.0,0.21666628537655194,0.7221982373141416,0.0,39977.0,0.5645229958987487,0.0,0
0.966398268869738,0.027869240632784648,463.0,2467.0,0.21667826113720007,0.7221982373141417,0.0,39977.0,0.5645229958987487,0.0,0
0.9664342995825344,0.027893414745742307,464.0,2468.0,0.2166901177370388,0.7221982373141416,0.0,39977.0,0.5645229958987487,0.0,0
0.9664460382072335,0.027893414745742307,465.0,2468.0,0.2167018563617379,0.7221982373141416,0.0,39977.0,0.5645229958987487,0.0,0
0.9664576600306655,0.027893414745742307,466.0,2468.0,0.21671347818516978,0.7221982373141417,0.0,39977.0,0.5645229958987487,0.0,0
0.9664691662150219,0.027893414745742307,467.0,2468.0,0.21672498436952625,0.7221982373141417,0.0,39977.0,0.5645229958987487,0.0,0
0.9664805579109311,0.027893414745742307,468.0,2468.0,0.21673637606543555,0.7221982373141416,0.0,39977.0,0.5645229958987487,0.0,0
0.9664918362575723,0.027893414745742307,469.0,2468.0,0.21674765441207677,0.7221982373141416,0.0,39977.0,0.5645229958987487,0.0,0
0.9665030023827892,0.027893414745742307,470.0,2468.0,0.21675882053729362,0.7221982373141416,0.0,39977.0,0.5645229958987487,0.0,0
0.966514057403204,0.027893414745742307,471.0,2468.0,0.21676987555770835,0.7221982373141417,0.0,39977.0,0.5645229958987487,0.0,0
0.9665250024243276,0.027893414745742307,472.0,2468.0,0.21678082057883205,0.7221982373141413,0.0,39977.0,0.5645229958987487,0.0,0
0.9665358385406715,0.027893414745742307,473.0,2468.0,0.2167916566951759,0.7221982373141415,0.0,39977.0,0.5645229958987487,0.0,0
0.9665465668358562,0.027893414745742307,474.0,2468.0,0.21680238499036056,0.7221982373141416,0.0,39977.0,0.5645229958987487,0.0,0
0.9665571883827203,0.027893414745742307,475.0,2468.0,0.21681300653722466,0.7221982373141416,0.0,39977.0,0.5645229958987487,0.0,0
0.9665677042434272,0.027893414745742307,476.0,2468.0,0.21682352239793162,0.7221982373141416,0.0,39977.0,0.5645229958987487,0.0,0
0.9665781154695717,0.027893414745742307,477.0,2468.0,0.21683393362407619,0.7221982373141415,0.0,39977.0,0.5645229958987487,0.0,0
0.9665884231022854,0.027893414745742307,478.0,2468.0,0.2168442412567898,0.7221982373141412,0.0,39977.0,0.5645229958987487,0.0,0
0.9665986281723398,0.027893414745742307,479.0,2468.0,0.2168544463268443,0.7221982373141416,0.0,39977.0,0.5645229958987487,0.0,0
0.9666087317002506,0.027893414745742307,480.0,2468.0,0.21686454985475503,0.7221982373141416,0.0,39977.0,0.5645229958987487,0.0,0
0.966618734696379,0.027893414745742307,481.0,2468.0,0.21687455285088353,0.7221982373141415,0.0,39977.0,0.5645229958987487,0.0,0
0.9666286381610331,0.027893414745742307,482.0,2468.0,0.2168844563155374,0.7221982373141416,0.0,39977.0,0.5645229958987487,0.0,0
0.9666384430845669,0.027893414745742307,483.0,2468.0,0.21689426123907143,0.7221982373141416,0.0,39977.0,0.5645229958987487,0.0,0
0.966648150447482,0.027893414745742307,484.0,2468.0,0.21690396860198632,0.7221982373141413,0.0,39977.0,0.5645229958987487,0.0,0
0.966657761220522,0.027893414745742307,485.0,2468.0,0.21691357937502642,0.7221982373141417,0.0,39977.0,0.5645229958987487,0.0,0
0.9666672763647723,0.027893414745742307,486.0,2468.0,0.21692309451927683,0.7221982373141415,0.0,39977.0,0.5645229958987487,0.0,0
0.9666766968317558,0.027893414745742307,487.0,2468.0,0.21693251498626023,0.7221982373141418,0.0,39977.0,0.5645229958987487,0.0,0
0.9666860235635263,0.027893414745742307,488.0,2468.0,0.21694184171803074,0.7221982373141416,0.0,39977.0,0.5645229958987487,0.0,0
0.9666959521771067,0.02789500776946696,489.0,2469.0,0.21695630191572696,0.7222163031095519,0.0,39976.0,0.5645229958987487,0.0,0
0.9667051324145604,0.02789500776946696,490.0,2469.0,0.21696548215318073,0.7222163031095514,0.0,39976.0,0.5645229958987487,0.0,0
0.9667141960400752,0.02789500776946696,491.0,2469.0,0.21697454577869557,0.7222163031095516,0.0,39976.0,0.5645229958987487,0.0,0
0.9667231650295846,0.02789500776946696,492.0,2469.0,0.21698351476820485,0.7222163031095516,0.0,39976.0,0.5645229958987487,0.0,0
0.9667320429191001,0.02789500776946696,493.0,2469.0,0.21699239265772044,0.7222163031095516,0.0,39976.0,0.5645229958987487,0.0,0
0.9667408315901733,0.02789500776946696,494.0,2469.0,0.2170011813287936,0.722216303109552,0.0,39976.0,0.5645229958987487,0.0,0
0.9667495323081756,0.02789500776946696,495.0,2469.0,0.21700988204679586,0.7222163031095516,0.0,39976.0,0.5645229958987487,0.0,0
0.966758146104296,0.02789500776946696,496.0,2469.0,0.21701849584291633,0.7222163031095516,0.0,39976.0,0.5645229958987487,0.0,0
0.9667666739163143,0.02789500776946696,497.0,2469.0,0.2170270236549347,0.7222163031095514,0.0,39976.0,0.5645229958987487,0.0,0
0.9667751166406171,0.02789500776946696,498.0,2469.0,0.21703546637923746,0.7222163031095516,0.0,39976.0,0.5645229958987487,0.0,0
0.9667834751515425,0.02789500776946696,499.0,2469.0,0.21704382489016288,0.7222163031095515,0.0,39976.0,0.5645229958987487,0.0,0
0.9667917503086927,0.02789500776946696,500.0,2469.0,0.21705210004731298,0.7222163031095516,0.0,39976.0,0.5645229958987487,0.0,0
0.966799942959804,0.02789500776946696,501.0,2469.0,0.2170602926984243,0.7222163031095518,0.0,39976.0,0.5645229958987487,0.0,0
0.9668080539419707,0.02789500776946696,502.0,2469.0,0.21706840368059105,0.7222163031095513,0.0,39976.0,0.5645229958987487,0.0,0
0.9668160840822524,0.02789500776946696,503.0,2469.0,0.2170764338208727,0.7222163031095516,0.0,39976.0,0.5645229958987487,0.0,0
0.9668240341980427,0.02789500776946696,504.0,2469.0,0.21708438393666304,0.7222163031095518,0.0,39976.0,0.5645229958987487,0.0,0
0.9668319050973416,0.02789500776946696,505.0,2469.0,0.2170922548359621,0.7222163031095514,0.0,39976.0,0.5645229958987487,0.0,0
0.9668396975789838,0.02789500776946696,506.0,2469.0,0.2171000473176042,0.7222163031095515,0.0,39976.0,0.5645229958987487,0.0,0
0.9668474124328419,0.02789500776946696,507.0,2469.0,0.21710776217146222,0.7222163031095519,0.0,39976.0,0.5645229958987487,0.0,0
0.9668550504400135,0.02789500776946696,508.0,2469.0,0.21711540017863384,0.7222163031095518,0.0,39976.0,0.5645229958987487,0.0,0
0.9668626123729975,0.02789500776946696,509.0,2469.0,0.2171229621116178,0.722216303109552,0.0,39976.0,0.5645229958987487,0.0,0
0.9668700989958577,0.02789500776946696,510.0,2469.0,0.21713044873447815,0.7222163031095514,0.0,39976.0,0.5645229958987487,0.0,0
0.9668775110643791,0.02789500776946696,511.0,2469.0,0.21713786080299946,0.7222163031095518,0.0,39976.0,0.5645229958987487,0.0,0
0.966884849326213,0.02789500776946696,512.0,2469.0,0.2171451990648332,0.7222163031095519,0.0,39976.0,0.5645229958987487,0.0,0
0.9668921145210175,0.02789500776946696,513.0,2469.0,0.21715246425963783,0.7222163031095516,0.0,39976.0,0.5645229958987487,0.0,0
0.9668993073805903,0.02789500776946696,514.0,2469.0,0.2171596571192105,0.7222163031095516,0.0,39976.0,0.5645229958987487,0.0,0
0.9669064286289926,0.02789500776946696,515.0,2469.0,0.2171667783676129,0.7222163031095518,0.0,39976.0,0.5645229958987487,0.0,0
0.9669134789826715,0.02789500776946696,516.0,2469.0,0.21717382872129182,0.7222163031095518,0.0,39976.0,0.5645229958987487,0.0,0
0.9669204591505736,0.02789500776946696,517.0,2469.0,0.21718080888919397,0.7222163031095513,0.0,39976.0,0.5645229958987487,0.0,0
0.9669273698342552,0.02789500776946696,518.0,2469.0,0.21718771957287564,0.7222163031095515,0.0,39976.0,0.5645229958987487,0.0,0
0.9669457562590378,0.027906552300517175,519.0,2470.0,0.21719456146660787,0.7222163031095519,0.0,39976.0,0.5645229958987487,0.0,0
0.9669525300499092,0.027906552300517175,520.0,2470.0,0.21720133525747926,0.7222163031095515,0.0,39976.0,0.5645229958987487,0.0,0
0.966959236417922,0.027906552300517175,521.0,2470.0,0.21720804162549226,0.7222163031095519,0.0,39976.0,0.5645229958987487,0.0,0
0.9669658760360876,0.027906552300517175,522.0,2470.0,0.21721468124365775,0.7222163031095513,0.0,39976.0,0.5645229958987487,0.0,0
0.9669724495705163,0.027906552300517175,523.0,2470.0,0.2172212547780865,0.7222163031095512,0.0,39976.0,0.5645229958987487,0.0,0
0.9669789576805066,0.027906552300517175,524.0,2470.0,0.21722776288807674,0.7222163031095515,0.0,39976.0,0.5645229958987487,0.0,0
0.9669854010186293,0.027906552300517175,525.0,2470.0,0.21723420622619946,0.7222163031095515,0.0,39976.0,0.5645229958987487,0.0,0
0.9669917802308117,0.027906552300517175,526.0,2470.0,0.21724058543838184,0.7222163031095515,0.0,39976.0,0.5645229958987487,0.0,0
0.966998095956417,0.027906552300517175,527.0,2470.0,0.217246901163987,0.7222163031095519,0.0,39976.0,0.5645229958987487,0.0,0
0.9670043488283226,0.027906552300517175,528.0,2470.0,0.21725315403589276,0.7222163031095519,0.0,39976.0,0.5645229958987487,0.0,0
0.9670105394729974,0.027906552300517175,529.0,2470.0,0.21725934468056748,0.7222163031095515,0.0,39976.0,0.5645229958987487,0.0,0
0.9670166685105754,0.027906552300517175,530.0,2470.0,0.21726547371814556,0.7222163031095514,0.0,39976.0,0.5645229958987487,0.0,0
0.9670227365549285,0.027906552300517175,531.0,2470.0,0.21727154176249866,0.7222163031095516,0.0,39976.0,0.5645229958987487,0.0,0
0.9670287442137374,0.027906552300517175,532.0,2470.0,0.21727754942130756,0.7222163031095516,0.0,39976.0,0.5645229958987487,0.0,0
0.9670346920885616,0.027906552300517175,533.0,2470.0,0.21728349729613172,0.7222163031095515,0.0,39976.0,0.5645229958987487,0.0,0
0.9670405807749071,0.027906552300517175,534.0,2470.0,0.21728938598247705,0.722216303109552,0.0,39976.0,0.5645229958987487,0.0,0
0.9670464108622923,0.027906552300517175,535.0,2470.0,0.21729521606986238,0.7222163031095516,0.0,39976.0,0.5645229958987487,0.0,0
0.9670521829343156,0.027906552300517175,536.0,2470.0,0.21730098814188578,0.7222163031095516,0.0,39976.0,0.5645229958987487,0.0,0
0.9670578975687174,0.027906552300517175,537.0,2470.0,0.21730670277628755,0.7222163031095516,0.0,39976.0,0.5645229958987487,0.0,0
0.9670635553374443,0.027906552300517175,538.0,2470.0,0.21731236054501435,0.7222163031095514,0.0,39976.0,0.5645229958987487,0.0,0
0.96706915680671,0.027906552300517175,539.0,2470.0,0.21731796201428008,0.7222163031095516,0.0,39976.0,0.5645229958987487,0.0,0
0.9670747025370582,0.027906552300517175,540.0,2470.0,0.21732350774462827,0.7222163031095518,0.0,39976.0,0.5645229958987487,0.0,0
0.9670801930834205,0.027906552300517175,541.0,2470.0,0.2173289982909906,0.7222163031095516,0.0,39976.0,0.5645229958987487,0.0,0
0.9670856289951767,0.027906552300517175,542.0,2470.0,0.21733443420274692,0.7222163031095514,0.0,39976.0,0.5645229958987487,0.0,0
0.9670910108162131,0.027906552300517175,543.0,2470.0,0.2173398160237831,0.7222163031095516,0.0,39976.0,0.5645229958987487,0.0,0
0.967096339084978,0.027906552300517175,544.0,2470.0,0.21734514429254811,0.7222163031095516,0.0,39976.0,0.5645229958987487,0.0,0
0.9671016143345406,0.027906552300517175,545.0,2470.0,0.21735041954211068,0.7222163031095516,0.0,39976.0,0.5645229958987487,0.0,0
0.967106837092645,0.027906552300517175,546.0,2470.0,0.2173556423002151,0.7222163031095519,0.0,39976.0,0.5645229958987487,0.0,0
0.9671120078817659,0.027906552300517175,547.0,2470.0,0.217360813089336,0.7222163031095518,0.0,39976.0,0.5645229958987487,0.0,0
0.9671171272191624,0.027906552300517175,548.0,2470.0,0.21736593242673244,0.7222163031095516,0.0,39976.0,0.5645229958987487,0.0,0
0.9671221956169315,0.027906552300517175,549.0,2470.0,0.21737100082450161,0.7222163031095514,0.0,39976.0,0.5645229958987487,0.0,0
0.9671272135820617,0.027906552300517175,550.0,2470.0,0.2173760187896318,0.7222163031095518,0.0,39976.0,0.5645229958987487,0.0,0
0.9671321816164836,0.027906552300517175,551.0,2470.0,0.21738098682405374,0.7222163031095518,0.0,39976.0,0.5645229958987487,0.0,0
0.967137100217123,0.027906552300517175,552.0,2470.0,0.21738590542469302,0.7222163031095518,0.0,39976.0,0.5645229958987487,0.0,0
0.9671419698759504,0.027906552300517175,553.0,2470.0,0.21739077508352048,0.7222163031095514,0.0,39976.0,0.5645229958987487,0.0,0
0.9671467910800328,0.027906552300517175,554.0,2470.0,0.2173955962876028,0.7222163031095518,0.0,39976.0,0.5645229958987487,0.0,0
0.9671757575607682,0.02793074554970393,555.0,2471.0,0.21740036951915154,0.7222163031095516,0.0,39976.0,0.5645229958987487,0.0,0
0.9672288712633903,0.027979133515904555,556.0,2473.0,0.21740509525557292,0.7222163031095519,0.0,39976.0,0.5645229958987487,0.0,0
0.9672335499773336,0.027979133515904555,557.0,2473.0,0.2174097739695162,0.7222163031095519,0.0,39976.0,0.5645229958987487,0.0,0
0.9672381821367386,0.027979133515904555,558.0,2473.0,0.21741440612892138,0.7222163031095516,0.0,39976.0,0.5645229958987487,0.0,0
0.9672427682048838,0.027979133515904555,559.0,2473.0,0.21741899219706656,0.7222163031095515,0.0,39976.0,0.5645229958987487,0.0,0
0.9672473086404328,0.027979133515904555,560.0,2473.0,0.21742353263261566,0.7222163031095515,0.0,39976.0,0.5645229958987487,0.0,0
0.967251803897481,0.027979133515904555,561.0,2473.0,0.21742802788966384,0.7222163031095515,0.0,39976.0,0.5645229958987487,0.0,0
0.9672562544256011,0.027979133515904555,562.0,2473.0,0.21743247841778393,0.7222163031095519,0.0,39976.0,0.5645229958987487,0.0,0
0.9672606606698888,0.027979133515904555,563.0,2473.0,0.21743688466207164,0.7222163031095515,0.0,39976.0,0.5645229958987487,0.0,0
0.9672650230710081,0.027979133515904555,564.0,2473.0,0.21744124706319093,0.7222163031095519,0.0,39976.0,0.5645229958987487,0.0,0
0.9672693420652345,0.027979133515904555,565.0,2473.0,0.2174455660574172,0.7222163031095518,0.0,39976.0,0.5645229958987487,0.0,0
0.9672736180845,0.027979133515904555,566.0,2473.0,0.21744984207668272,0.7222163031095515,0.0,39976.0,0.5645229958987487,0.0,0
0.9672778515564368,0.027979133515904555,567.0,2473.0,0.21745407554861942,0.7222163031095514,0.0,39976.0,0.5645229958987487,0.0,0
0.9672820429044191,0.027979133515904555,568.0,2473.0,0.21745826689660191,0.7222163031095514,0.0,39976.0,0.5645229958987487,0.0,0
0.9672861925476072,0.027979133515904555,569.0,2473.0,0.21746241653978984,0.7222163031095518,0.0,39976.0,0.5645229958987487,0.0,0
0.9672903009009878,0.027979133515904555,570.0,2473.0,0.21746652489317048,0.7222163031095515,0.0,39976.0,0.5645229958987487,0.0,0
0.9672943683754175,0.027979133515904555,571.0,2473.0,0.21747059236760036,0.7222163031095514,0.0,39976.0,0.5645229958987487,0.0,0
0.9672983953776633,0.027979133515904555,572.0,2473.0,0.21747461936984602,0.7222163031095516,0.0,39976.0,0.5645229958987487,0.0,0
0.9673265793460503,0.02800333055151177,573.0,2474.0,0.21747860630262572,0.7222163031095515,0.0,39976.0,0.5645229958987487,0.0,0
0.9673305266080735,0.02800333055151177,574.0,2474.0,0.21748255356464907,0.7222163031095515,0.0,39976.0,0.5645229958987487,0.0,0
0.967334434594082,0.02800333055151177,575.0,2474.0,0.2174864615506574,0.7222163031095515,0.0,39976.0,0.5645229958987487,0.0,0
0.9673383036948876,0.02800333055151177,576.0,2474.0,0.21749033065146312,0.7222163031095516,0.0,39976.0,0.5645229958987487,0.0,0
0.967342134297414,0.02800333055151177,577.0,2474.0,0.21749416125398943,0.7222163031095516,0.0,39976.0,0.5645229958987487,0.0,0
0.9673459267847331,0.02800333055151177,578.0,2474.0,0.21749795374130856,0.722216303109552,0.0,39976.0,0.5645229958987487,0.0,0
0.9673496815361045,0.02800333055151177,579.0,2474.0,0.21750170849267997,0.7222163031095516,0.0,39976.0,0.5645229958987487,0.0,0
0.967353398927014,0.02800333055151177,580.0,2474.0,0.21750542588358948,0.7222163031095515,0.0,39976.0,0.5645229958987487,0.0,0
0.9673570793292101,0.02800333055151177,581.0,2474.0,0.2175091062857855,0.7222163031095518,0.0,39976.0,0.5645229958987487,0.0,0
0.967360723110742,0.02800333055151177,582.0,2474.0,0.2175127500673174,0.722216303109552,0.0,39976.0,0.5645229958987487,0.0,0
0.9673885292107988,0.028027529126314673,583.0,2475.0,0.2175163575925715,0.7222163031095514,0.0,39976.0,0.5645229958987487,0.0,0
0.9673921008405356,0.028027529126314673,584.0,2475.0,0.2175199292223083,0.7222163031095513,0.0,39976.0,0.5645229958987487,0.0,0
0.9673956369319253,0.028027529126314673,585.0,2475.0,0.21752346531369804,0.7222163031095514,0.0,39976.0,0.5645229958987487,0.0,0
0.9673991378385841,0.028027529126314673,586.0,2475.0,0.21752696622035664,0.7222163031095518,0.0,39976.0,0.5645229958987487,0.0,0
0.9674026039106087,0.028027529126314673,587.0,2475.0,0.21753043229238134,0.7222163031095515,0.0,39976.0,0.5645229958987487,0.0,0
0.967406035494613,0.028027529126314673,588.0,2475.0,0.21753386387638557,0.7222163031095516,0.0,39976.0,0.5645229958987487,0.0,0
0.9674094329337607,0.028027529126314673,589.0,2475.0,0.21753726131553328,0.7222163031095519,0.0,39976.0,0.5645229958987487,0.0,0
0.9674127965678013,0.028027529126314673,590.0,2475.0,0.21754062494957388,0.7222163031095519,0.0,39976.0,0.5645229958987487,0.0,0
0.9674161267331036,0.028027529126314673,591.0,2475.0,0.21754395511487626,0.7222163031095518,0.0,39976.0,0.5645229958987487,0.0,0
0.967419423762689,0.028027529126314673,592.0,2475.0,0.21754725214446155,0.7222163031095519,0.0,39976.0,0.5645229958987487,0.0,0
0.9674226879862649,0.028027529126314673,593.0,2475.0,0.21755051636803743,0.7222163031095518,0.0,39976.0,0.5645229958987487,0.0,0
0.9674259197302583,0.028027529126314673,594.0,2475.0,0.21755374811203093,0.7222163031095514,0.0,39976.0,0.5645229958987487,0.0,0
0.967429119317848,0.028027529126314673,595.0,2475.0,0.21755694769962072,0.7222163031095515,0.0,39976.0,0.5645229958987487,0.0,0
0.9674322870689968,0.028027529126314673,596.0,2475.0,0.21756011545076945,0.7222163031095515,0.0,39976.0,0.5645229958987487,0.0,0
0.9674354233004838,0.028027529126314673,597.0,2475.0,0.21756325168225643,0.7222163031095515,0.0,39976.0,0.5645229958987487,0.0,0
0.9674385283259358,0.028027529126314673,598.0,2475.0,0.21756635670770844,0.7222163031095514,0.0,39976.0,0.5645229958987487,0.0,0
0.9674416024558592,0.028027529126314673,599.0,2475.0,0.2175694308376319,0.7222163031095518,0.0,39976.0,0.5645229958987487,0.0,0
0.9674446459976707,0.028027529126314673,600.0,2475.0,0.21757247437944316,0.7222163031095516,0.0,39976.0,0.5645229958987487,0.0,0
0.9674476592557272,0.028027529126314673,601.0,2475.0,0.21757548763749981,0.7222163031095518,0.0,39976.0,0.5645229958987487,0.0,0
0.9674506425313583,0.028027529126314673,602.0,2475.0,0.217578470913131,0.7222163031095516,0.0,39976.0,0.5645229958987487,0.0,0
0.9674535961228949,0.028027529126314673,603.0,2475.0,0.21758142450466753,0.7222163031095516,0.0,39976.0,0.5645229958987487,0.0,0
0.9674565203256991,0.028027529126314673,604.0,2475.0,0.2175843487074717,0.7222163031095518,0.0,39976.0,0.5645229958987487,0.0,0
0.9674594154321942,0.028027529126314673,605.0,2475.0,0.21758724381396663,0.7222163031095516,0.0,39976.0,0.5645229958987487,0.0,0
0.9674622817318935,0.028027529126314673,606.0,2475.0,0.21759011011366608,0.7222163031095513,0.0,39976.0,0.5645229958987487,0.0,0
0.9674651195114302,0.028027529126314673,607.0,2475.0,0.21759294789320288,0.7222163031095514,0.0,39976.0,0.5645229958987487,0.0,0
0.9674679290545852,0.028027529126314673,608.0,2475.0,0.21759575743635784,0.7222163031095515,0.0,39976.0,0.5645229958987487,0.0,0
0.9674707106423152,0.028027529126314673,609.0,2475.0,0.21759853902408777,0.7222163031095518,0.0,39976.0,0.5645229958987487,0.0,0
0.9674734645527818,0.028027529126314673,610.0,2475.0,0.21760129293455438,0.7222163031095518,0.0,39976.0,0.5645229958987487,0.0,0
0.9674761910613786,0.028027529126314673,611.0,2475.0,0.21760401944315116,0.7222163031095519,0.0,39976.0,0.5645229958987487,0.0,0
0.967478890440759,0.028027529126314673,612.0,2475.0,0.21760671882253158,0.7222163031095516,0.0,39976.0,0.5645229958987487,0.0,0
0.9674815629608636,0.028027529126314673,613.0,2475.0,0.21760939134263624,0.7222163031095514,0.0,39976.0,0.5645229958987487,0.0,0
0.9674842088889466,0.028027529126314673,614.0,2475.0,0.21761203727071926,0.7222163031095514,0.0,39976.0,0.5645229958987487,0.0,0
0.9674868284896038,0.028027529126314673,615.0,2475.0,0.2176146568713764,0.7222163031095515,0.0,39976.0,0.5645229958987487,0.0,0
0.9674894220247969,0.028027529126314673,616.0,2475.0,0.21761725040656957,0.7222163031095518,0.0,39976.0,0.5645229958987487,0.0,0
0.9674919897538826,0.028027529126314673,617.0,2475.0,0.21761981813565512,0.7222163031095519,0.0,39976.0,0.5645229958987487,0.0,0
0.9674945319336351,0.028027529126314673,618.0,2475.0,0.21762236031540777,0.7222163031095516,0.0,39976.0,0.5645229958987487,0.0,0
0.9674970488182755,0.028027529126314673,619.0,2475.0,0.21762487720004808,0.7222163031095519,0.0,39976.0,0.5645229958987487,0.0,0
0.9674995406594941,0.028027529126314673,620.0,2475.0,0.21762736904126664,0.7222163031095519,0.0,39976.0,0.5645229958987487,0.0,0
0.9675051829472687,0.028030704367106102,621.0,2476.0,0.21762983608824985,0.7222163031095515,0.0,39976.0,0.5645229958987487,0.0,0
0.9675076254467231,0.028030704367106102,622.0,2476.0,0.21763227858770434,0.7222163031095518,0.0,39976.0,0.5645229958987487,0.0,0
0.9675100436429014,0.028030704367106102,623.0,2476.0,0.21763469678388256,0.7222163031095516,0.0,39976.0,0.5645229958987487,0.0,0
0.9675124377776246,0.028030704367106102,624.0,2476.0,0.2176370909186058,0.7222163031095516,0.0,39976.0,0.5645229958987487,0.0,0
0.9675148080903089,0.028030704367106102,625.0,2476.0,0.21763946123129002,0.7222163031095514,0.0,39976.0,0.5645229958987487,0.0,0
0.967517154817987,0.028030704367106102,626.0,2476.0,0.21764180795896818,0.7222163031095516,0.0,39976.0,0.5645229958987487,0.0,0
0.9675194781953342,0.028030704367106102,627.0,2476.0,0.21764413133631544,0.7222163031095515,0.0,39976.0,0.5645229958987487,0.0,0
0.96752177845469,0.028030704367106102,628.0,2476.0,0.21764643159567118,0.7222163031095516,0.0,39976.0,0.5645229958987487,0.0,0
0.9675240558260824,0.028030704367106102,629.0,2476.0,0.21764870896706354,0.7222163031095518,0.0,39976.0,0.5645229958987487,0.0,0
0.9675263105372502,0.028030704367106102,630.0,2476.0,0.2176509636782314,0.7222163031095514,0.0,39976.0,0.5645229958987487,0.0,0
0.9675285428136668,0.028030704367106102,631.0,2476.0,0.217653195954648,0.7222163031095518,0.0,39976.0,0.5645229958987487,0.0,0
0.9675307528785616,0.028030704367106102,632.0,2476.0,0.2176554060195428,0.7222163031095519,0.0,39976.0,0.5645229958987487,0.0,0
0.967532940952943,0.028030704367106102,633.0,2476.0,0.21765759409392413,0.7222163031095516,0.0,39976.0,0.5645229958987487,0.0,0
0.9675351072556201,0.028030704367106102,634.0,2476.0,0.2176597603966013,0.7222163031095514,0.0,39976.0,0.5645229958987487,0.0,0
0.9675372520032254,0.028030704367106102,635.0,2476.0,0.21766190514420652,0.7222163031095516,0.0,39976.0,0.5645229958987487,0.0,0
0.9675393754102349,0.028030704367106102,636.0,2476.0,0.21766402855121617,0.7222163031095512,0.0,39976.0,0.5645229958987487,0.0,0
0.9675414776889917,0.028030704367106102,637.0,2476.0,0.21766613082997296,0.7222163031095516,0.0,39976.0,0.5645229958987487,0.0,0
0.9675435590497251,0.028030704367106102,638.0,2476.0,0.21766821219070634,0.7222163031095516,0.0,39976.0,0.5645229958987487,0.0,0
0.9675456197005731,0.028030704367106102,639.0,2476.0,0.21767027284155416,0.7222163031095516,0.0,39976.0,0.5645229958987487,0.0,0
0.967547659847602,0.028030704367106102,640.0,2476.0,0.21767231298858336,0.7222163031095514,0.0,39976.0,0.5645229958987487,0.0,0
0.9675496796948293,0.028030704367106102,641.0,2476.0,0.21767433283581047,0.7222163031095516,0.0,39976.0,0.5645229958987487,0.0,0
0.9675516794442404,0.028030704367106102,642.0,2476.0,0.2176763325852216,0.7222163031095515,0.0,39976.0,0.5645229958987487,0.0,0
0.9675536592958124,0.028030704367106102,643.0,2476.0,0.21767831243679348,0.7222163031095518,0.0,39976.0,0.5645229958987487,0.0,0
0.9675556194475319,0.028030704367106102,644.0,2476.0,0.21768027258851302,0.7222163031095519,0.0,39976.0,0.5645229958987487,0.0,0
0.9675575600954157,0.028030704367106102,645.0,2476.0,0.2176822132363969,0.7222163031095515,0.0,39976.0,0.5645229958987487,0.0,0
0.9675594814335305,0.028030704367106102,646.0,2476.0,0.21768413457451166,0.7222163031095516,0.0,39976.0,0.5645229958987487,0.0,0
0.9675613836540116,0.028030704367106102,647.0,2476.0,0.2176860367949928,0.7222163031095516,0.0,39976.0,0.5645229958987487,0.0,0
0.9675632669470825,0.028030704367106102,648.0,2476.0,0.21768792008806367,0.7222163031095516,0.0,39976.0,0.5645229958987487,0.0,0
0.9675651315010743,0.028030704367106102,649.0,2476.0,0.21768978464205554,0.7222163031095515,0.0,39976.0,0.5645229958987487,0.0,0
0.9675669775024437,0.028030704367106102,650.0,2476.0,0.2176916306434249,0.7222163031095515,0.0,39976.0,0.5645229958987487,0.0,0
0.9675688051357926,0.028030704367106102,651.0,2476.0,0.21769345827677378,0.7222163031095515,0.0,39976.0,0.5645229958987487,0.0,0
0.9675706145838857,0.028030704367106102,652.0,2476.0,0.2176952677248669,0.7222163031095515,0.0,39976.0,0.5645229958987487,0.0,0
0.9675724060276696,0.028030704367106102,653.0,2476.0,0.21769705916865076,0.7222163031095515,0.0,39976.0,0.5645229958987487,0.0,0
0.9675741796462899,0.028030704367106102,654.0,2476.0,0.21769883278727112,0.7222163031095514,0.0,39976.0,0.5645229958987487,0.0,0
0.96757593561711,0.028030704367106102,655.0,2476.0,0.21770058875809115,0.7222163031095518,0.0,39976.0,0.5645229958987487,0.0,0
0.9675776741157284,0.028030704367106102,656.0,2476.0,0.2177023272567096,0.7222163031095516,0.0,39976.0,0.5645229958987487,0.0,0
0.9675793953159967,0.028030704367106102,657.0,2476.0,0.2177040484569778,0.7222163031095518,0.0,39976.0,0.5645229958987487,0.0,0
0.967581099390036,0.028030704367106102,658.0,2476.0,0.21770575253101718,0.7222163031095518,0.0,39976.0,0.5645229958987487,0.0,0
0.9675827865082554,0.028030704367106102,659.0,2476.0,0.2177074396492364,0.7222163031095516,0.0,39976.0,0.5645229958987487,0.0,0
0.9675844568393679,0.028030704367106102,660.0,2476.0,0.21770910998034895,0.7222163031095516,0.0,39976.0,0.5645229958987487,0.0,0
0.967586110550408,0.028030704367106102,661.0,2476.0,0.21771076369138923,0.7222163031095515,0.0,39976.0,0.5645229958987487,0.0,0
0.9675877478067484,0.028030704367106102,662.0,2476.0,0.21771240094772956,0.7222163031095512,0.0,39976.0,0.5645229958987487,0.0,0
0.9675893687721162,0.028030704367106102,663.0,2476.0,0.21771402191309736,0.7222163031095518,0.0,39976.0,0.5645229958987487,0.0,0
0.9675909736086088,0.028030704367106102,664.0,2476.0,0.21771562674959,0.7222163031095514,0.0,39976.0,0.5645229958987487,0.0,0
0.9675925624767115,0.028030704367106102,665.0,2476.0,0.21771721561769278,0.7222163031095516,0.0,39976.0,0.5645229958987487,0.0,0
0.9675941355353127,0.028030704367106102,666.0,2476.0,0.21771878867629388,0.7222163031095518,0.0,39976.0,0.5645229958987487,0.0,0
0.967595692941719,0.028030704367106102,667.0,2476.0,0.2177203460827002,0.7222163031095515,0.0,39976.0,0.5645229958987487,0.0,0
0.9675972348516728,0.028030704367106102,668.0,2476.0,0.21772188799265405,0.7222163031095516,0.0,39976.0,0.5645229958987487,0.0,0
0.9675987614193662,0.028030704367106102,669.0,2476.0,0.21772341456034738,0.7222163031095518,0.0,39976.0,0.5645229958987487,0.0,0
0.9676002727974572,0.028030704367106102,670.0,2476.0,0.21772492593843845,0.7222163031095518,0.0,39976.0,0.5645229958987487,0.0,0
0.967601769137085,0.028030704367106102,671.0,2476.0,0.2177264222780661,0.722216303109552,0.0,39976.0,0.5645229958987487,0.0,0
0.9676032505878845,0.028030704367106102,672.0,2476.0,0.21772790372886583,0.7222163031095513,0.0,39976.0,0.5645229958987487,0.0,0
0.9676047172980025,0.028030704367106102,673.0,2476.0,0.2177293704389836,0.7222163031095514,0.0,39976.0,0.5645229958987487,0.0,0
0.9676061694141108,0.028030704367106102,674.0,2476.0,0.21773082255509196,0.7222163031095516,0.0,39976.0,0.5645229958987487,0.0,0
0.9676076070814225,0.028030704367106102,675.0,2476.0,0.2177322602224036,0.7222163031095514,0.0,39976.0,0.5645229958987487,0.0,0
0.9676090304437054,0.028030704367106102,676.0,2476.0,0.21773368358468653,0.7222163031095514,0.0,39976.0,0.5645229958987487,0.0,0
0.9676104396432968,0.028030704367106102,677.0,2476.0,0.2177350927842781,0.7222163031095514,0.0,39976.0,0.5645229958987487,0.0,0
0.9676118348211182,0.028030704367106102,678.0,2476.0,0.21773648796209943,0.7222163031095512,0.0,39976.0,0.5645229958987487,0.0,0
0.9676132161166884,0.028030704367106102,679.0,2476.0,0.2177378692576695,0.7222163031095516,0.0,39976.0,0.5645229958987487,0.0,0
0.9676145836681378,0.028030704367106102,680.0,2476.0,0.217739236809119,0.7222163031095514,0.0,39976.0,0.5645229958987487,0.0,0
0.967615937612223,0.028030704367106102,681.0,2476.0,0.2177405907532042,0.7222163031095515,0.0,39976.0,0.5645229958987487,0.0,0
0.9676172780843396,0.028030704367106102,682.0,2476.0,0.21774193122532076,0.7222163031095516,0.0,39976.0,0.5645229958987487,0.0,0
0.9676186052185356,0.028030704367106102,683.0,2476.0,0.2177432583595167,0.7222163031095516,0.0,39976.0,0.5645229958987487,0.0,0
0.9676199191475258,0.028030704367106102,684.0,2476.0,0.21774457228850697,0.7222163031095516,0.0,39976.0,0.5645229958987487,0.0,0
0.9676212200027041,0.028030704367106102,685.0,2476.0,0.2177458731436852,0.722216303109552,0.0,39976.0,0.5645229958987487,0.0,0
0.967622507914157,0.028030704367106102,686.0,2476.0,0.2177471610551382,0.7222163031095519,0.0,39976.0,0.5645229958987487,0.0,0
0.967623783010677,0.028030704367106102,687.0,2476.0,0.21774843615165812,0.7222163031095516,0.0,39976.0,0.5645229958987487,0.0,0
0.9676250454197746,0.028030704367106102,688.0,2476.0,0.21774969856075566,0.7222163031095518,0.0,39976.0,0.5645229958987487,0.0,0
0.9676262952676915,0.028030704367106102,689.0,2476.0,0.2177509484086727,0.7222163031095514,0.0,39976.0,0.5645229958987487,0.0,0
0.9676275326794141,0.028030704367106102,690.0,2476.0,0.21775218582039532,0.7222163031095515,0.0,39976.0,0.5645229958987487,0.0,0
0.9676287577786843,0.028030704367106102,691.0,2476.0,0.21775341091966552,0.7222163031095512,0.0,39976.0,0.5645229958987487,0.0,0
0.9676299706880133,0.028030704367106102,692.0,2476.0,0.21775462382899435,0.7222163031095518,0.0,39976.0,0.5645229958987487,0.0,0
0.9676311715286925,0.028030704367106102,693.0,2476.0,0.2177558246696737,0.7222163031095515,0.0,39976.0,0.5645229958987487,0.0,0
0.9676323604208075,0.028030704367106102,694.0,2476.0,0.21775701356178864,0.7222163031095519,0.0,39976.0,0.5645229958987487,0.0,0
0.9676335374832483,0.028030704367106102,695.0,2476.0,0.21775819062422938,0.7222163031095519,0.0,39976.0,0.5645229958987487,0.0,0
0.967634702833722,0.028030704367106102,696.0,2476.0,0.2177593559747031,0.7222163031095518,0.0,39976.0,0.5645229958987487,0.0,0
0.9676358565887646,0.028030704367106102,697.0,2476.0,0.21776050972974584,0.7222163031095514,0.0,39976.0,0.5645229958987487,0.0,0
0.967636998863753,0.028030704367106102,698.0,2476.0,0.21776165200473419,0.7222163031095515,0.0,39976.0,0.5645229958987487,0.0,0
0.9676381297729153,0.028030704367106102,699.0,2476.0,0.2177627829138964,0.7222163031095519,0.0,39976.0,0.5645229958987487,0.0,0
0.9676392494293434,0.028030704367106102,700.0,2476.0,0.21776390257032457,0.7222163031095516,0.0,39976.0,0.5645229958987487,0.0,0
0.9676403579450039,0.028030704367106102,701.0,2476.0,0.21776501108598514,0.7222163031095519,0.0,39976.0,0.5645229958987487,0.0,0
0.9676414554307492,0.028030704367106102,702.0,2476.0,0.21776610857173037,0.7222163031095516,0.0,39976.0,0.5645229958987487,0.0,0
0.9676425419963289,0.028030704367106102,703.0,2476.0,0.21776719513731013,0.7222163031095519,0.0,39976.0,0.5645229958987487,0.0,0
0.9676436177504005,0.028030704367106102,704.0,2476.0,0.2177682708913817,0.7222163031095516,0.0,39976.0,0.5645229958987487,0.0,0
0.9676446828005403,0.028030704367106102,705.0,2476.0,0.2177693359415216,0.7222163031095518,0.0,39976.0,0.5645229958987487,0.0,0
0.9676457372532541,0.028030704367106102,706.0,2476.0,0.2177703903942353,0.7222163031095516,0.0,39976.0,0.5645229958987487,0.0,0
0.9676467812139882,0.028030704367106102,707.0,2476.0,0.21777143435496937,0.7222163031095516,0.0,39976.0,0.5645229958987487,0.0,0
0.9676478147871391,0.028030704367106102,708.0,2476.0,0.21777246792812033,0.7222163031095516,0.0,39976.0,0.5645229958987487,0.0,0
0.9676488380760656,0.028030704367106102,709.0,2476.0,0.2177734912170468,0.7222163031095516,0.0,39976.0,0.5645229958987487,0.0,0
0.9676498511830971,0.028030704367106102,710.0,2476.0,0.2177745043240783,0.7222163031095516,0.0,39976.0,0.5645229958987487,0.0,0
0.9676508542095452,0.028030704367106102,711.0,2476.0,0.21777550735052642,0.7222163031095515,0.0,39976.0,0.5645229958987487,0.0,0
0.9676518472557133,0.028030704367106102,712.0,2476.0,0.2177765003966945,0.7222163031095514,0.0,39976.0,0.5645229958987487,0.0,0
0.967652830420907,0.028030704367106102,713.0,2476.0,0.21777748356188825,0.7222163031095514,0.0,39976.0,0.5645229958987487,0.0,0
0.9676538038034437,0.028030704367106102,714.0,2476.0,0.21777845694442483,0.7222163031095516,0.0,39976.0,0.5645229958987487,0.0,0
0.9676547675006621,0.028030704367106102,715.0,2476.0,0.21777942064164338,0.7222163031095514,0.0,39976.0,0.5645229958987487,0.0,0
0.9676557216089332,0.028030704367106102,716.0,2476.0,0.2177803747499144,0.7222163031095518,0.0,39976.0,0.5645229958987487,0.0,0
0.9676566662236682,0.028030704367106102,717.0,2476.0,0.21778131936464942,0.7222163031095515,0.0,39976.0,0.5645229958987487,0.0,0
0.9676576014393296,0.028030704367106102,718.0,2476.0,0.21778225458031078,0.7222163031095514,0.0,39976.0,0.5645229958987487,0.0,0
0.9676585273494398,0.028030704367106102,719.0,2476.0,0.21778318049042095,0.7222163031095516,0.0,39976.0,0.5645229958987487,0.0,0
0.9676594440465903,0.028030704367106102,720.0,2476.0,0.21778409718757147,0.7222163031095513,0.0,39976.0,0.5645229958987487,0.0,0
0.9676603516224518,0.028030704367106102,721.0,2476.0,0.2177850047634329,0.7222163031095518,0.0,39976.0,0.5645229958987487,0.0,0
0.9676612501677826,0.028030704367106102,722.0,2476.0,0.21778590330876377,0.7222163031095515,0.0,39976.0,0.5645229958987487,0.0,0
0.967662139772438,0.028030704367106102,723.0,2476.0,0.21778679291341926,0.7222163031095516,0.0,39976.0,0.5645229958987487,0.0,0
0.9676630205253792,0.028030704367106102,724.0,2476.0,0.21778767366636037,0.7222163031095518,0.0,39976.0,0.5645229958987487,0.0,0
0.9676638925146821,0.028030704367106102,725.0,2476.0,0.21778854565566327,0.7222163031095519,0.0,39976.0,0.5645229958987487,0.0,0
0.9676647558275464,0.028030704367106102,726.0,2476.0,0.21778940896852764,0.7222163031095514,0.0,39976.0,0.5645229958987487,0.0,0
0.9676656105503044,0.028030704367106102,727.0,2476.0,0.21779026369128568,0.7222163031095516,0.0,39976.0,0.5645229958987487,0.0,0
0.9676664567684287,0.028030704367106102,728.0,2476.0,0.21779110990940992,0.7222163031095514,0.0,39976.0,0.5645229958987487,0.0,0
0.9676672945665421,0.028030704367106102,729.0,2476.0,0.2177919477075233,0.7222163031095516,0.0,39976.0,0.5645229958987487,0.0,0
0.9676681240284251,0.028030704367106102,730.0,2476.0,0.21779277716940612,0.7222163031095518,0.0,39976.0,0.5645229958987487,0.0,0
0.9676689452370241,0.028030704367106102,731.0,2476.0,0.21779359837800533,0.7222163031095515,0.0,39976.0,0.5645229958987487,0.0,0
0.9676697582744612,0.028030704367106102,732.0,2476.0,0.21779441141544242,0.7222163031095518,0.0,39976.0,0.5645229958987487,0.0,0
0.9676705632220408,0.028030704367106102,733.0,2476.0,0.217795216363022,0.7222163031095518,0.0,39976.0,0.5645229958987487,0.0,0
0.967671360160258,0.028030704367106102,734.0,2476.0,0.21779601330123916,0.7222163031095515,0.0,39976.0,0.5645229958987487,0.0,0
0.9676721491688074,0.028030704367106102,735.0,2476.0,0.2177968023097886,0.7222163031095515,0.0,39976.0,0.5645229958987487,0.0,0
0.9676729303265906,0.028030704367106102,736.0,2476.0,0.2177975834675718,0.7222163031095515,0.0,39976.0,0.5645229958987487,0.0,0
0.967673703711724,0.028030704367106102,737.0,2476.0,0.2177983568527052,0.7222163031095516,0.0,39976.0,0.5645229958987487,0.0,0
0.9676744694015468,0.028030704367106102,738.0,2476.0,0.21779912254252795,0.7222163031095519,0.0,39976.0,0.5645229958987487,0.0,0
0.9676752274726285,0.028030704367106102,739.0,2476.0,0.21779988061360966,0.7222163031095514,0.0,39976.0,0.5645229958987487,0.0,0
0.967675978000777,0.028030704367106102,740.0,2476.0,0.21780063114175816,0.7222163031095516,0.0,39976.0,0.5645229958987487,0.0,0
0.9676767210610456,0.028030704367106102,741.0,2476.0,0.2178013742020267,0.7222163031095518,0.0,39976.0,0.5645229958987487,0.0,0
0.9676774567277407,0.028030704367106102,742.0,2476.0,0.21780210986872195,0.7222163031095514,0.0,39976.0,0.5645229958987487,0.0,0
0.9676781850744303,0.028030704367106102,743.0,2476.0,0.21780283821541144,0.7222163031095516,0.0,39976.0,0.5645229958987487,0.0,0
0.967678906173949,0.028030704367106102,744.0,2476.0,0.2178035593149302,0.7222163031095514,0.0,39976.0,0.5645229958987487,0.0,0
0.9676796200984078,0.028030704367106102,745.0,2476.0,0.2178042732393889,0.7222163031095519,0.0,39976.0,0.5645229958987487,0.0,0
0.9676803269191993,0.028030704367106102,746.0,2476.0,0.2178049800601805,0.7222163031095514,0.0,39976.0,0.5645229958987487,0.0,0
0.9676810267070066,0.028030704367106102,747.0,2476.0,0.21780567984798788,0.7222163031095514,0.0,39976.0,0.5645229958987487,0.0,0
0.9676817195318088,0.028030704367106102,748.0,2476.0,0.21780637267279007,0.7222163031095514,0.0,39976.0,0.5645229958987487,0.0,0
0.9676824054628893,0.028030704367106102,749.0,2476.0,0.2178070586038704,0.7222163031095518,0.0,39976.0,0.5645229958987487,0.0,0
0.9676830845688412,0.028030704367106102,750.0,2476.0,0.21780773770982234,0.7222163031095514,0.0,39976.0,0.5645229958987487,0.0,0
0.9676837569175759,0.028030704367106102,751.0,2476.0,0.21780841005855714,0.7222163031095515,0.0,39976.0,0.5645229958987487,0.0,0
0.9676844225763293,0.028030704367106102,752.0,2476.0,0.21780907571731042,0.7222163031095514,0.0,39976.0,0.5645229958987487,0.0,0
0.9676850816116671,0.028030704367106102,753.0,2476.0,0.21780973475264825,0.7222163031095516,0.0,39976.0,0.5645229958987487,0.0,0
0.9676857340894938,0.028030704367106102,754.0,2476.0,0.21781038723047502,0.7222163031095516,0.0,39976.0,0.5645229958987487,0.0,0
0.9676863800750577,0.028030704367106102,755.0,2476.0,0.21781103321603887,0.7222163031095518,0.0,39976.0,0.5645229958987487,0.0,0
0.9676870196329578,0.028030704367106102,756.0,2476.0,0.21781167277393895,0.7222163031095516,0.0,39976.0,0.5645229958987487,0.0,0
0.9676876528271505,0.028030704367106102,757.0,2476.0,0.21781230596813167,0.7222163031095516,0.0,39976.0,0.5645229958987487,0.0,0
0.9676882797209557,0.028030704367106102,758.0,2476.0,0.21781293286193693,0.7222163031095516,0.0,39976.0,0.5645229958987487,0.0,0
0.9676889003770633,0.028030704367106102,759.0,2476.0,0.2178135535180445,0.7222163031095515,0.0,39976.0,0.5645229958987487,0.0,0
0.9676895148575395,0.028030704367106102,760.0,2476.0,0.21781416799852066,0.7222163031095516,0.0,39976.0,0.5645229958987487,0.0,0
0.9676901232238327,0.028030704367106102,761.0,2476.0,0.21781477636481392,0.7222163031095516,0.0,39976.0,0.5645229958987487,0.0,0
0.9676907255367803,0.028030704367106102,762.0,2476.0,0.21781537867776143,0.7222163031095516,0.0,39976.0,0.5645229958987487,0.0,0
0.9676913218566139,0.028030704367106102,763.0,2476.0,0.21781597499759503,0.7222163031095516,0.0,39976.0,0.5645229958987487,0.0,0
0.967691912242966,0.028030704367106102,764.0,2476.0,0.21781656538394714,0.7222163031095518,0.0,39976.0,0.5645229958987487,0.0,0
0.9676924967548756,0.028030704367106102,765.0,2476.0,0.2178171498958568,0.7222163031095519,0.0,39976.0,0.5645229958987487,0.0,0
0.9676930754507945,0.028030704367106102,766.0,2476.0,0.21781772859177578,0.7222163031095514,0.0,39976.0,0.5645229958987487,0.0,0
0.9676936483885931,0.028030704367106102,767.0,2476.0,0.21781830152957424,0.7222163031095513,0.0,39976.0,0.5645229958987487,0.0,0
0.9676942156255651,0.028030704367106102,768.0,2476.0,0.2178188687665463,0.7222163031095516,0.0,39976.0,0.5645229958987487,0.0,0
0.9676947772184351,0.028030704367106102,769.0,2476.0,0.21781943035941623,0.7222163031095516,0.0,39976.0,0.5645229958987487,0.0,0
0.9676953332233625,0.028030704367106102,770.0,2476.0,0.21781998636434374,0.7222163031095516,0.0,39976.0,0.5645229958987487,0.0,0
0.9676958836959486,0.028030704367106102,771.0,2476.0,0.2178205368369298,0.7222163031095515,0.0,39976.0,0.5645229958987487,0.0,0
0.9676964286912408,0.028030704367106102,772.0,2476.0,0.21782108183222199,0.7222163031095518,0.0,39976.0,0.5645229958987487,0.0,0
0.9676969682637394,0.028030704367106102,773.0,2476.0,0.2178216214047206,0.7222163031095516,0.0,39976.0,0.5645229958987487,0.0,0
0.9676975024674018,0.028030704367106102,774.0,2476.0,0.21782215560838294,0.7222163031095516,0.0,39976.0,0.5645229958987487,0.0,0
0.967698031355649,0.028030704367106102,775.0,2476.0,0.2178226844966302,0.7222163031095516,0.0,39976.0,0.5645229958987487,0.0,0
0.9676985549813701,0.028030704367106102,776.0,2476.0,0.21782320812235137,0.7222163031095516,0.0,39976.0,0.5645229958987487,0.0,0
0.9676990733969284,0.028030704367106102,777.0,2476.0,0.21782372653790963,0.7222163031095516,0.0,39976.0,0.5645229958987487,0.0,0
0.9676995866541658,0.028030704367106102,778.0,2476.0,0.2178242397951469,0.7222163031095519,0.0,39976.0,0.5645229958987487,0.0,0
0.967700094804408,0.028030704367106102,779.0,2476.0,0.21782474794538917,0.7222163031095514,0.0,39976.0,0.5645229958987487,0.0,0
0.9677005978984711,0.028030704367106102,780.0,2476.0,0.21782525103945227,0.7222163031095518,0.0,39976.0,0.5645229958987487,0.0,0
0.9677010959866644,0.028030704367106102,781.0,2476.0,0.2178257491276456,0.7222163031095515,0.0,39976.0,0.5645229958987487,0.0,0
0.9677015891187976,0.028030704367106102,782.0,2476.0,0.21782624225977876,0.7222163031095519,0.0,39976.0,0.5645229958987487,0.0,0
0.9677020773441839,0.028030704367106102,783.0,2476.0,0.2178267304851651,0.7222163031095513,0.0,39976.0,0.5645229958987487,0.0,0
0.9677025607116466,0.028030704367106102,784.0,2476.0,0.21782721385262777,0.7222163031095519,0.0,39976.0,0.5645229958987487,0.0,0
0.9677030392695226,0.028030704367106102,785.0,2476.0,0.21782769241050376,0.7222163031095515,0.0,39976.0,0.5645229958987487,0.0,0
0.9677035130656682,0.028030704367106102,786.0,2476.0,0.21782816620664938,0.7222163031095518,0.0,39976.0,0.5645229958987487,0.0,0
0.9677039821474634,0.028030704367106102,787.0,2476.0,0.21782863528844462,0.7222163031095518,0.0,39976.0,0.5645229958987487,0.0,0
0.9677044465618168,0.028030704367106102,788.0,2476.0,0.21782909970279796,0.7222163031095518,0.0,39976.0,0.5645229958987487,0.0,0
0.9677049063551701,0.028030704367106102,789.0,2476.0,0.21782955949615124,0.7222163031095519,0.0,39976.0,0.5645229958987487,0.0,0
0.9677053615735032,0.028030704367106102,790.0,2476.0,0.2178300147144843,0.7222163031095519,0.0,39976.0,0.5645229958987487,0.0,0
0.9677058122623378,0.028030704367106102,791.0,2476.0,0.21783046540331907,0.7222163031095513,0.0,39976.0,0.5645229958987487,0.0,0
0.9677062584667441,0.028030704367106102,792.0,2476.0,0.21783091160772527,0.7222163031095514,0.0,39976.0,0.5645229958987487,0.0,0
0.967706700231342,0.028030704367106102,793.0,2476.0,0.21783135337232318,0.7222163031095518,0.0,39976.0,0.5645229958987487,0.0,0
0.9677071376003089,0.028030704367106102,794.0,2476.0,0.2178317907412901,0.7222163031095518,0.0,39976.0,0.5645229958987487,0.0,0
0.9677075706173819,0.028030704367106102,795.0,2476.0,0.217832223758363,0.7222163031095518,0.0,39976.0,0.5645229958987487,0.0,0
0.9677079993258628,0.028030704367106102,796.0,2476.0,0.217832652466844,0.7222163031095518,0.0,39976.0,0.5645229958987487,0.0,0
0.9677084237686232,0.028030704367106102,797.0,2476.0,0.21783307690960435,0.7222163031095516,0.0,39976.0,0.5645229958987487,0.0,0
0.9677088439881076,0.028030704367106102,798.0,2476.0,0.21783349712908887,0.7222163031095516,0.0,39976.0,0.5645229958987487,0.0,0
0.9677092600263383,0.028030704367106102,799.0,2476.0,0.21783391316731945,0.7222163031095516,0.0,39976.0,0.5645229958987487,0.0,0
0.9677096719249193,0.028030704367106102,800.0,2476.0,0.21783432506590045,0.7222163031095519,0.0,39976.0,0.5645229958987487,0.0,0
0.9677100797250411,0.028030704367106102,801.0,2476.0,0.21783473286602223,0.7222163031095518,0.0,39976.0,0.5645229958987487,0.0,0
0.9677104834674837,0.028030704367106102,802.0,2476.0,0.21783513660846493,0.7222163031095515,0.0,39976.0,0.5645229958987487,0.0,0
0.9677108831926219,0.028030704367106102,803.0,2476.0,0.21783553633360314,0.7222163031095516,0.0,39976.0,0.5645229958987487,0.0,0
0.9677112789404286,0.028030704367106102,804.0,2476.0,0.21783593208140986,0.7222163031095516,0.0,39976.0,0.5645229958987487,0.0,0
0.9677116707504788,0.028030704367106102,805.0,2476.0,0.21783632389146002,0.7222163031095514,0.0,39976.0,0.5645229958987487,0.0,0
0.967712058661954,0.028030704367106102,806.0,2476.0,0.2178367118029352,0.7222163031095514,0.0,39976.0,0.5645229958987487,0.0,0
0.9677124427136455,0.028030704367106102,807.0,2476.0,0.2178370958546267,0.7222163031095516,0.0,39976.0,0.5645229958987487,0.0,0
0.9677128229439587,0.028030704367106102,808.0,2476.0,0.21783747608493984,0.7222163031095518,0.0,39976.0,0.5645229958987487,0.0,0
0.967713199390917,0.028030704367106102,809.0,2476.0,0.21783785253189827,0.7222163031095514,0.0,39976.0,0.5645229958987487,0.0,0
0.9677135720921656,0.028030704367106102,810.0,2476.0,0.2178382252331468,0.7222163031095515,0.0,39976.0,0.5645229958987487,0.0,0
0.9677139410849749,0.028030704367106102,811.0,2476.0,0.217838594225956,0.7222163031095519,0.0,39976.0,0.5645229958987487,0.0,0
0.9677143064062442,0.028030704367106102,812.0,2476.0,0.21783895954722543,0.7222163031095514,0.0,39976.0,0.5645229958987487,0.0,0
0.9677146680925064,0.028030704367106102,813.0,2476.0,0.21783932123348745,0.7222163031095516,0.0,39976.0,0.5645229958987487,0.0,0
0.96771502617993,0.028030704367106102,814.0,2476.0,0.2178396793209111,0.7222163031095516,0.0,39976.0,0.5645229958987487,0.0,0
0.9677153807043241,0.028030704367106102,815.0,2476.0,0.21784003384530531,0.7222163031095516,0.0,39976.0,0.5645229958987487,0.0,0
0.9677157317011417,0.028030704367106102,816.0,2476.0,0.21784038484212281,0.7222163031095516,0.0,39976.0,0.5645229958987487,0.0,0
0.9677160792054825,0.028030704367106102,817.0,2476.0,0.21784073234646373,0.7222163031095516,0.0,39976.0,0.5645229958987487,0.0,0
0.9677164232520974,0.028030704367106102,818.0,2476.0,0.21784107639307854,0.7222163031095515,0.0,39976.0,0.5645229958987487,0.0,0
0.9677167638753913,0.028030704367106102,819.0,2476.0,0.2178414170163725,0.7222163031095515,0.0,39976.0,0.5645229958987487,0.0,0
0.9677171011094267,0.028030704367106102,820.0,2476.0,0.2178417542504079,0.7222163031095512,0.0,39976.0,0.5645229958987487,0.0,0
0.9677174349879275,0.028030704367106102,821.0,2476.0,0.21784208812890865,0.7222163031095515,0.0,39976.0,0.5645229958987487,0.0,0
0.9677177655442816,0.028030704367106102,822.0,2476.0,0.21784241868526275,0.7222163031095516,0.0,39976.0,0.5645229958987487,0.0,0
0.9677180928115452,0.028030704367106102,823.0,2476.0,0.2178427459525264,0.7222163031095516,0.0,39976.0,0.5645229958987487,0.0,0
0.967718416822445,0.028030704367106102,824.0,2476.0,0.21784306996342614,0.7222163031095515,0.0,39976.0,0.5645229958987487,0.0,0
0.9677187376093825,0.028030704367106102,825.0,2476.0,0.21784339075036369,0.7222163031095519,0.0,39976.0,0.5645229958987487,0.0,0
0.9677190552044366,0.028030704367106102,826.0,2476.0,0.21784370834541766,0.722216303109552,0.0,39976.0,0.5645229958987487,0.0,0
0.967719369639367,0.028030704367106102,827.0,2476.0,0.21784402278034828,0.7222163031095514,0.0,39976.0,0.5645229958987487,0.0,0
0.9677196809456177,0.028030704367106102,828.0,2476.0,0.21784433408659892,0.7222163031095513,0.0,39976.0,0.5645229958987487,0.0,0
0.9677199891543196,0.028030704367106102,829.0,2476.0,0.2178446422953008,0.7222163031095513,0.0,39976.0,0.5645229958987487,0.0,0
0.9677202942962934,0.028030704367106102,830.0,2476.0,0.21784494743727462,0.7222163031095514,0.0,39976.0,0.5645229958987487,0.0,0
0.9677205964020539,0.028030704367106102,831.0,2476.0,0.2178452495430352,0.7222163031095515,0.0,39976.0,0.5645229958987487,0.0,0
0.967720895501812,0.028030704367106102,832.0,2476.0,0.2178455486427932,0.7222163031095514,0.0,39976.0,0.5645229958987487,0.0,0
0.9677211916254778,0.028030704367106102,833.0,2476.0,0.2178458447664589,0.7222163031095516,0.0,39976.0,0.5645229958987487,0.0,0
0.9677214848026636,0.028030704367106102,834.0,2476.0,0.21784613794364482,0.7222163031095514,0.0,39976.0,0.5645229958987487,0.0,0
0.9677217750626879,0.028030704367106102,835.0,2476.0,0.21784642820366915,0.7222163031095516,0.0,39976.0,0.5645229958987487,0.0,0
0.9677220624345767,0.028030704367106102,836.0,2476.0,0.2178467155755579,0.7222163031095518,0.0,39976.0,0.5645229958987487,0.0,0
0.9677223469470674,0.028030704367106102,837.0,2476.0,0.21784700008804855,0.7222163031095516,0.0,39976.0,0.5645229958987487,0.0,0
0.9677226286286116,0.028030704367106102,838.0,2476.0,0.2178472817695927,0.7222163031095515,0.0,39976.0,0.5645229958987487,0.0,0
0.9677229075073774,0.028030704367106102,839.0,2476.0,0.21784756064835864,0.722216303109552,0.0,39976.0,0.5645229958987487,0.0,0
0.9677231836112532,0.028030704367106102,840.0,2476.0,0.21784783675223446,0.7222163031095515,0.0,39976.0,0.5645229958987487,0.0,0
0.9677234569678496,0.028030704367106102,841.0,2476.0,0.21784811010883073,0.7222163031095514,0.0,39976.0,0.5645229958987487,0.0,0
0.9677237276045023,0.028030704367106102,842.0,2476.0,0.21784838074548357,0.7222163031095515,0.0,39976.0,0.5645229958987487,0.0,0
0.9677239955482756,0.028030704367106102,843.0,2476.0,0.21784864868925677,0.7222163031095518,0.0,39976.0,0.5645229958987487,0.0,0
0.9677242608259635,0.028030704367106102,844.0,2476.0,0.2178489139669447,0.7222163031095519,0.0,39976.0,0.5645229958987487,0.0,0
0.9677245234640944,0.028030704367106102,845.0,2476.0,0.21784917660507555,0.7222163031095516,0.0,39976.0,0.5645229958987487,0.0,0
0.9677247834889322,0.028030704367106102,846.0,2476.0,0.21784943662991352,0.7222163031095514,0.0,39976.0,0.5645229958987487,0.0,0
0.9677250409264796,0.028030704367106102,847.0,2476.0,0.21784969406746085,0.7222163031095513,0.0,39976.0,0.5645229958987487,0.0,0
0.9677252958024808,0.028030704367106102,848.0,2476.0,0.21784994894346196,0.7222163031095519,0.0,39976.0,0.5645229958987487,0.0,0
0.9677255481424232,0.028030704367106102,849.0,2476.0,0.21785020128340443,0.7222163031095515,0.0,39976.0,0.5645229958987487,0.0,0
0.9677257979715415,0.028030704367106102,850.0,2476.0,0.2178504511125226,0.7222163031095521,0.0,39976.0,0.5645229958987487,0.0,0
0.9677260453148182,0.028030704367106102,851.0,2476.0,0.21785069845579944,0.7222163031095518,0.0,39976.0,0.5645229958987487,0.0,0
0.9677262901969883,0.028030704367106102,852.0,2476.0,0.2178509433379695,0.7222163031095514,0.0,39976.0,0.5645229958987487,0.0,0
0.9677265326425402,0.028030704367106102,853.0,2476.0,0.2178511857835214,0.7222163031095516,0.0,39976.0,0.5645229958987487,0.0,0
0.9677267726757185,0.028030704367106102,854.0,2476.0,0.2178514258166996,0.7222163031095516,0.0,39976.0,0.5645229958987487,0.0,0
0.9677270103205268,0.028030704367106102,855.0,2476.0,0.21785166346150794,0.722216303109552,0.0,39976.0,0.5645229958987487,0.0,0
0.9677272456007296,0.028030704367106102,856.0,2476.0,0.2178518987417108,0.7222163031095515,0.0,39976.0,0.5645229958987487,0.0,0
0.9677274785398553,0.028030704367106102,857.0,2476.0,0.21785213168083653,0.7222163031095516,0.0,39976.0,0.5645229958987487,0.0,0
0.9677277091611981,0.028030704367106102,858.0,2476.0,0.21785236230217928,0.7222163031095516,0.0,39976.0,0.5645229958987487,0.0,0
0.96772793748782,0.028030704367106102,859.0,2476.0,0.2178525906288013,0.7222163031095514,0.0,39976.0,0.5645229958987487,0.0,0
0.9677281635425543,0.028030704367106102,860.0,2476.0,0.21785281668353543,0.7222163031095515,0.0,39976.0,0.5645229958987487,0.0,0
0.9677283873480063,0.028030704367106102,861.0,2476.0,0.2178530404889874,0.7222163031095518,0.0,39976.0,0.5645229958987487,0.0,0
0.9677286089265568,0.028030704367106102,862.0,2476.0,0.21785326206753797,0.7222163031095516,0.0,39976.0,0.5645229958987487,0.0,0
0.9677288283003639,0.028030704367106102,863.0,2476.0,0.2178534814413451,0.7222163031095519,0.0,39976.0,0.5645229958987487,0.0,0
0.9677290454913652,0.028030704367106102,864.0,2476.0,0.21785369863234638,0.7222163031095516,0.0,39976.0,0.5645229958987487,0.0,0
0.96772926052128,0.028030704367106102,865.0,2476.0,0.21785391366226112,0.7222163031095515,0.0,39976.0,0.5645229958987487,0.0,0
0.9677294734116113,0.028030704367106102,866.0,2476.0,0.21785412655259248,0.7222163031095519,0.0,39976.0,0.5645229958987487,0.0,0
0.9677296841836485,0.028030704367106102,867.0,2476.0,0.2178543373246296,0.7222163031095516,0.0,39976.0,0.5645229958987487,0.0,0
0.9677298928584687,0.028030704367106102,868.0,2476.0,0.2178545459994499,0.7222163031095518,0.0,39976.0,0.5645229958987487,0.0,0
0.9677300994569398,0.028030704367106102,869.0,2476.0,0.217854752597921,0.7222163031095516,0.0,39976.0,0.5645229958987487,0.0,0
0.9677303039997218,0.028030704367106102,870.0,2476.0,0.217854957140703,0.7222163031095516,0.0,39976.0,0.5645229958987487,0.0,0
0.967730506507269,0.028030704367106102,871.0,2476.0,0.21785515964825025,0.7222163031095516,0.0,39976.0,0.5645229958987487,0.0,0
0.9677307069998328,0.028030704367106102,872.0,2476.0,0.21785536014081386,0.7222163031095516,0.0,39976.0,0.5645229958987487,0.0,0
0.967730905497462,0.028030704367106102,873.0,2476.0,0.2178555586384432,0.7222163031095516,0.0,39976.0,0.5645229958987487,0.0,0
0.9677311020200068,0.028030704367106102,874.0,2476.0,0.21785575516098787,0.7222163031095518,0.0,39976.0,0.5645229958987487,0.0,0
0.9677312965871195,0.028030704367106102,875.0,2476.0,0.2178559497281007,0.722216303109552,0.0,39976.0,0.5645229958987487,0.0,0
0.9677314892182572,0.028030704367106102,876.0,2476.0,0.2178561423592384,0.7222163031095516,0.0,39976.0,0.5645229958987487,0.0,0
0.9677316799326832,0.028030704367106102,877.0,2476.0,0.21785633307366425,0.7222163031095516,0.0,39976.0,0.5645229958987487,0.0,0
0.9677318687494687,0.028030704367106102,878.0,2476.0,0.21785652189044988,0.7222163031095519,0.0,39976.0,0.5645229958987487,0.0,0
0.967732055687496,0.028030704367106102,879.0,2476.0,0.21785670882847716,0.7222163031095516,0.0,39976.0,0.5645229958987487,0.0,0
0.9677322407654587,0.028030704367106102,880.0,2476.0,0.21785689390643992,0.7222163031095515,0.0,39976.0,0.5645229958987487,0.0,0
0.9677324240018649,0.028030704367106102,881.0,2476.0,0.2178570771428461,0.7222163031095515,0.0,39976.0,0.5645229958987487,0.0,0
0.9677326054150385,0.028030704367106102,882.0,2476.0,0.21785725855601956,0.7222163031095513,0.0,39976.0,0.5645229958987487,0.0,0
0.9677327850231209,0.028030704367106102,883.0,2476.0,0.21785743816410202,0.7222163031095518,0.0,39976.0,0.5645229958987487,0.0,0
0.9677329628440728,0.028030704367106102,884.0,2476.0,0.21785761598505407,0.7222163031095515,0.0,39976.0,0.5645229958987487,0.0,0
0.9677331388956768,0.028030704367106102,885.0,2476.0,0.21785779203665795,0.7222163031095516,0.0,39976.0,0.5645229958987487,0.0,0
0.967733313195538,0.028030704367106102,886.0,2476.0,0.21785796633651924,0.7222163031095516,0.0,39976.0,0.5645229958987487,0.0,0
0.9677334857610868,0.028030704367106102,887.0,2476.0,0.21785813890206793,0.7222163031095518,0.0,39976.0,0.5645229958987487,0.0,0
0.9677336566095797,0.028030704367106102,888.0,2476.0,0.21785830975056084,0.7222163031095518,0.0,39976.0,0.5645229958987487,0.0,0
0.9677338257581014,0.028030704367106102,889.0,2476.0,0.2178584788990826,0.7222163031095514,0.0,39976.0,0.5645229958987487,0.0,0
0.9677339932235673,0.028030704367106102,890.0,2476.0,0.21785864636454855,0.7222163031095514,0.0,39976.0,0.5645229958987487,0.0,0
0.9677341590227241,0.028030704367106102,891.0,2476.0,0.21785881216370523,0.7222163031095516,0.0,39976.0,0.5645229958987487,0.0,0
0.9677343231721517,0.028030704367106102,892.0,2476.0,0.2178589763131328,0.7222163031095516,0.0,39976.0,0.5645229958987487,0.0,0
0.9677344856882651,0.028030704367106102,893.0,2476.0,0.21785913882924637,0.7222163031095519,0.0,39976.0,0.5645229958987487,0.0,0
0.9677346465873162,0.028030704367106102,894.0,2476.0,0.21785929972829746,0.7222163031095516,0.0,39976.0,0.5645229958987487,0.0,0
0.967734805885395,0.028030704367106102,895.0,2476.0,0.2178594590263762,0.7222163031095514,0.0,39976.0,0.5645229958987487,0.0,0
0.9677349635984315,0.028030704367106102,896.0,2476.0,0.21785961673941265,0.7222163031095516,0.0,39976.0,0.5645229958987487,0.0,0
0.967735119742197,0.028030704367106102,897.0,2476.0,0.2178597728831782,0.7222163031095516,0.0,39976.0,0.5645229958987487,0.0,0
0.967735274332306,0.028030704367106102,898.0,2476.0,0.21785992747328725,0.7222163031095514,0.0,39976.0,0.5645229958987487,0.0,0
0.9677354273842179,0.028030704367106102,899.0,2476.0,0.2178600805251991,0.7222163031095516,0.0,39976.0,0.5645229958987487,0.0,0
0.9677355789132376,0.028030704367106102,900.0,2476.0,0.21786023205421887,0.7222163031095516,0.0,39976.0,0.5645229958987487,0.0,0
0.9677357289345186,0.028030704367106102,901.0,2476.0,0.2178603820754997,0.7222163031095514,0.0,39976.0,0.5645229958987487,0.0,0
0.9677358774630628,0.028030704367106102,902.0,2476.0,0.2178605306040439,0.7222163031095515,0.0,39976.0,0.5645229958987487,0.0,0
0.9677360245137232,0.028030704367106102,903.0,2476.0,0.21786067765470438,0.7222163031095516,0.0,39976.0,0.5645229958987487,0.0,0
0.9677361701012052,0.028030704367106102,904.0,2476.0,0.21786082324218634,0.7222163031095515,0.0,39976.0,0.5645229958987487,0.0,0
0.9677363142400676,0.028030704367106102,905.0,2476.0,0.21786096738104876,0.7222163031095518,0.0,39976.0,0.5645229958987487,0.0,0
0.9677364569447243,0.028030704367106102,906.0,2476.0,0.21786111008570544,0.7222163031095518,0.0,39976.0,0.5645229958987487,0.0,0
0.9677365982294459,0.028030704367106102,907.0,2476.0,0.21786125137042703,0.7222163031095515,0.0,39976.0,0.5645229958987487,0.0,0
0.9677367381083609,0.028030704367106102,908.0,2476.0,0.21786139124934217,0.7222163031095515,0.0,39976.0,0.5645229958987487,0.0,0
0.9677368765954577,0.028030704367106102,909.0,2476.0,0.21786152973643885,0.7222163031095516,0.0,39976.0,0.5645229958987487,0.0,0
0.9677370137045849,0.028030704367106102,910.0,2476.0,0.21786166684556604,0.7222163031095516,0.0,39976.0,0.5645229958987487,0.0,0
0.9677371494494532,0.028030704367106102,911.0,2476.0,0.21786180259043442,0.7222163031095515,0.0,39976.0,0.5645229958987487,0.0,0
0.9677372838436376,0.028030704367106102,912.0,2476.0,0.21786193698461873,0.7222163031095515,0.0,39976.0,0.5645229958987487,0.0,0
0.9677374169005776,0.028030704367106102,913.0,2476.0,0.21786207004155878,0.7222163031095518,0.0,39976.0,0.5645229958987487,0.0,0
0.967737548633579,0.028030704367106102,914.0,2476.0,0.2178622017745601,0.7222163031095516,0.0,39976.0,0.5645229958987487,0.0,0
0.967737679055815,0.028030704367106102,915.0,2476.0,0.2178623321967961,0.7222163031095516,0.0,39976.0,0.5645229958987487,0.0,0
0.967737808180328,0.028030704367106102,916.0,2476.0,0.21786246132130918,0.7222163031095516,0.0,39976.0,0.5645229958987487,0.0,0
0.9677379360200308,0.028030704367106102,917.0,2476.0,0.21786258916101195,0.7222163031095515,0.0,39976.0,0.5645229958987487,0.0,0
0.9677380625877072,0.028030704367106102,918.0,2476.0,0.2178627157286883,0.7222163031095519,0.0,39976.0,0.5645229958987487,0.0,0
0.9677381878960141,0.028030704367106102,919.0,2476.0,0.21786284103699524,0.7222163031095515,0.0,39976.0,0.5645229958987487,0.0,0
0.9677383119574827,0.028030704367106102,920.0,2476.0,0.21786296509846387,0.7222163031095516,0.0,39976.0,0.5645229958987487,0.0,0
0.9677384347845189,0.028030704367106102,921.0,2476.0,0.21786308792550016,0.7222163031095519,0.0,39976.0,0.5645229958987487,0.0,0
0.9677385563894058,0.028030704367106102,922.0,2476.0,0.21786320953038696,0.7222163031095515,0.0,39976.0,0.5645229958987487,0.0,0
0.9677386767843036,0.028030704367106102,923.0,2476.0,0.2178633299252849,0.7222163031095514,0.0,39976.0,0.5645229958987487,0.0,0
0.9677387959812523,0.028030704367106102,924.0,2476.0,0.21786344912223363,0.7222163031095515,0.0,39976.0,0.5645229958987487,0.0,0
0.9677389139921717,0.028030704367106102,925.0,2476.0,0.21786356713315294,0.7222163031095516,0.0,39976.0,0.5645229958987487,0.0,0
0.9677390308288628,0.028030704367106102,926.0,2476.0,0.21786368396984396,0.7222163031095515,0.0,39976.0,0.5645229958987487,0.0,0
0.9677391465030094,0.028030704367106102,927.0,2476.0,0.2178637996439906,0.7222163031095514,0.0,39976.0,0.5645229958987487,0.0,0
0.9677392610261789,0.028030704367106102,928.0,2476.0,0.21786391416716008,0.7222163031095516,0.0,39976.0,0.5645229958987487,0.0,0
0.9677393744098238,0.028030704367106102,929.0,2476.0,0.21786402755080497,0.7222163031095518,0.0,39976.0,0.5645229958987487,0.0,0
0.9677394866652828,0.028030704367106102,930.0,2476.0,0.21786413980626396,0.7222163031095515,0.0,39976.0,0.5645229958987487,0.0,0
0.967739597803781,0.028030704367106102,931.0,2476.0,0.2178642509447622,0.7222163031095515,0.0,39976.0,0.5645229958987487,0.0,0
0.9677397078364329,0.028030704367106102,932.0,2476.0,0.2178643609774141,0.7222163031095516,0.0,39976.0,0.5645229958987487,0.0,0
0.9677398167742416,0.028030704367106102,933.0,2476.0,0.2178644699152228,0.7222163031095515,0.0,39976.0,0.5645229958987487,0.0,0
0.9677399246281009,0.028030704367106102,934.0,2476.0,0.21786457776908205,0.7222163031095516,0.0,39976.0,0.5645229958987487,0.0,0
0.9677400314087964,0.028030704367106102,935.0,2476.0,0.21786468454977756,0.7222163031095516,0.0,39976.0,0.5645229958987487,0.0,0
0.9677401371270062,0.028030704367106102,936.0,2476.0,0.21786479026798744,0.7222163031095515,0.0,39976.0,0.5645229958987487,0.0,0
0.9677402417933024,0.028030704367106102,937.0,2476.0,0.21786489493428357,0.7222163031095516,0.0,39976.0,0.5645229958987487,0.0,0
0.9677403454181513,0.028030704367106102,938.0,2476.0,0.21786499855913252,0.7222163031095518,0.0,39976.0,0.5645229958987487,0.0,0
0.967740448011916,0.028030704367106102,939.0,2476.0,0.2178651011528972,0.7222163031095518,0.0,39976.0,0.5645229958987487,0.0,0
0.9677405495848554,0.028030704367106102,940.0,2476.0,0.21786520272583665,0.7222163031095514,0.0,39976.0,0.5645229958987487,0.0,0
0.9677406501471274,0.028030704367106102,941.0,2476.0,0.21786530328810863,0.7222163031095512,0.0,39976.0,0.5645229958987487,0.0,0
0.9677407497087881,0.028030704367106102,942.0,2476.0,0.21786540284976913,0.7222163031095518,0.0,39976.0,0.5645229958987487,0.0,0
0.9677408482797936,0.028030704367106102,943.0,2476.0,0.21786550142077468,0.7222163031095519,0.0,39976.0,0.5645229958987487,0.0,0
0.9677409458700013,0.028030704367106102,944.0,2476.0,0.21786559901098237,0.7222163031095518,0.0,39976.0,0.5645229958987487,0.0,0
0.96774104248917,0.028030704367106102,945.0,2476.0,0.2178656956301512,0.7222163031095519,0.0,39976.0,0.5645229958987487,0.0,0
0.967741138146962,0.028030704367106102,946.0,2476.0,0.2178657912879432,0.7222163031095516,0.0,39976.0,0.5645229958987487,0.0,0
0.9677412328529432,0.028030704367106102,947.0,2476.0,0.2178658859939243,0.7222163031095521,0.0,39976.0,0.5645229958987487,0.0,0
0.9677413266165839,0.028030704367106102,948.0,2476.0,0.2178659797575651,0.7222163031095516,0.0,39976.0,0.5645229958987487,0.0,0
0.967741419447261,0.028030704367106102,949.0,2476.0,0.21786607258824225,0.7222163031095515,0.0,39976.0,0.5645229958987487,0.0,0
0.9677415113542575,0.028030704367106102,950.0,2476.0,0.2178661644952386,0.7222163031095519,0.0,39976.0,0.5645229958987487,0.0,0
0.9677416023467638,0.028030704367106102,951.0,2476.0,0.217866255487745,0.7222163031095515,0.0,39976.0,0.5645229958987487,0.0,0
0.9677416924338798,0.028030704367106102,952.0,2476.0,0.21786634557486084,0.7222163031095516,0.0,39976.0,0.5645229958987487,0.0,0
0.9677417816246139,0.028030704367106102,953.0,2476.0,0.21786643476559509,0.7222163031095516,0.0,39976.0,0.5645229958987487,0.0,0
0.9677418699278852,0.028030704367106102,954.0,2476.0,0.21786652306886653,0.7222163031095514,0.0,39976.0,0.5645229958987487,0.0,0
0.9677419573525244,0.028030704367106102,955.0,2476.0,0.2178666104935057,0.7222163031095518,0.0,39976.0,0.5645229958987487,0.0,0
0.9677420439072741,0.028030704367106102,956.0,2476.0,0.21786669704825526,0.7222163031095514,0.0,39976.0,0.5645229958987487,0.0,0
0.9677421296007894,0.028030704367106102,957.0,2476.0,0.21786678274177063,0.7222163031095515,0.0,39976.0,0.5645229958987487,0.0,0
0.9677422144416402,0.028030704367106102,958.0,2476.0,0.21786686758262147,0.7222163031095516,0.0,39976.0,0.5645229958987487,0.0,0
0.9677422984383104,0.028030704367106102,959.0,2476.0,0.21786695157929153,0.7222163031095515,0.0,39976.0,0.5645229958987487,0.0,0
0.9677423815991996,0.028030704367106102,960.0,2476.0,0.21786703474018074,0.7222163031095516,0.0,39976.0,0.5645229958987487,0.0,0
0.9677424639326241,0.028030704367106102,961.0,2476.0,0.2178671170736054,0.7222163031095515,0.0,39976.0,0.5645229958987487,0.0,0
0.9677425454468175,0.028030704367106102,962.0,2476.0,0.2178671985877987,0.7222163031095516,0.0,39976.0,0.5645229958987487,0.0,0
0.9677426261499312,0.028030704367106102,963.0,2476.0,0.2178672792909124,0.7222163031095516,0.0,39976.0,0.5645229958987487,0.0,0
0.9677427060500353,0.028030704367106102,964.0,2476.0,0.21786735919101646,0.7222163031095518,0.0,39976.0,0.5645229958987487,0.0,0
0.9677427851551202,0.028030704367106102,965.0,2476.0,0.21786743829610142,0.7222163031095516,0.0,39976.0,0.5645229958987487,0.0,0
0.9677428634730963,0.028030704367106102,966.0,2476.0,0.21786751661407752,0.7222163031095516,0.0,39976.0,0.5645229958987487,0.0,0
0.9677429410117957,0.028030704367106102,967.0,2476.0,0.2178675941527768,0.7222163031095519,0.0,39976.0,0.5645229958987487,0.0,0
0.967743017778972,0.028030704367106102,968.0,2476.0,0.2178676709199531,0.722216303109552,0.0,39976.0,0.5645229958987487,0.0,0
0.9677430937823019,0.028030704367106102,969.0,2476.0,0.21786774692328315,0.7222163031095518,0.0,39976.0,0.5645229958987487,0.0,0
0.9677431690293863,0.028030704367106102,970.0,2476.0,0.21786782217036746,0.7222163031095516,0.0,39976.0,0.5645229958987487,0.0,0
0.9677432435277497,0.028030704367106102,971.0,2476.0,0.2178678966687308,0.7222163031095516,0.0,39976.0,0.5645229958987487,0.0,0
0.9677433172848419,0.028030704367106102,972.0,2476.0,0.217867970425823,0.7222163031095516,0.0,39976.0,0.5645229958987487,0.0,0
0.9677433903080388,0.028030704367106102,973.0,2476.0,0.21786804344901992,0.7222163031095516,0.0,39976.0,0.5645229958987487,0.0,0
0.9677434626046427,0.028030704367106102,974.0,2476.0,0.21786811574562387,0.7222163031095519,0.0,39976.0,0.5645229958987487,0.0,0
0.9677435341818835,0.028030704367106102,975.0,2476.0,0.21786818732286464,0.7222163031095516,0.0,39976.0,0.5645229958987487,0.0,0
0.9677436050469187,0.028030704367106102,976.0,2476.0,0.21786825818789993,0.7222163031095516,0.0,39976.0,0.5645229958987487,0.0,0
0.967743675206835,0.028030704367106102,977.0,2476.0,0.21786832834781628,0.7222163031095518,0.0,39976.0,0.5645229958987487,0.0,0
0.9677437446686488,0.028030704367106102,978.0,2476.0,0.2178683978096299,0.7222163031095516,0.0,39976.0,0.5645229958987487,0.0,0
0.9677438134393057,0.028030704367106102,979.0,2476.0,0.21786846658028686,0.7222163031095515,0.0,39976.0,0.5645229958987487,0.0,0
0.9677438815256832,0.028030704367106102,980.0,2476.0,0.2178685346666644,0.7222163031095519,0.0,39976.0,0.5645229958987487,0.0,0
0.9677439489345899,0.028030704367106102,981.0,2476.0,0.21786860207557113,0.7222163031095516,0.0,39976.0,0.5645229958987487,0.0,0
0.9677440156727669,0.028030704367106102,982.0,2476.0,0.21786866881374806,0.7222163031095518,0.0,39976.0,0.5645229958987487,0.0,0
0.967744081746888,0.028030704367106102,983.0,2476.0,0.2178687348878691,0.7222163031095518,0.0,39976.0,0.5645229958987487,0.0,0
0.9677441471635604,0.028030704367106102,984.0,2476.0,0.21786880030454156,0.722216303109552,0.0,39976.0,0.5645229958987487,0.0,0
0.967744211929326,0.028030704367106102,985.0,2476.0,0.21786886507030714,0.7222163031095518,0.0,39976.0,0.5645229958987487,0.0,0
0.9677442760506615,0.028030704367106102,986.0,2476.0,0.21786892919164272,0.7222163031095515,0.0,39976.0,0.5645229958987487,0.0,0
0.9677443395339791,0.028030704367106102,987.0,2476.0,0.21786899267496032,0.7222163031095519,0.0,39976.0,0.5645229958987487,0.0,0
0.9677444023856271,0.028030704367106102,988.0,2476.0,0.21786905552660835,0.7222163031095515,0.0,39976.0,0.5645229958987487,0.0,0
0.967744464611891,0.028030704367106102,989.0,2476.0,0.21786911775287215,0.7222163031095518,0.0,39976.0,0.5645229958987487,0.0,0
0.9677445262189929,0.028030704367106102,990.0,2476.0,0.21786917935997402,0.7222163031095516,0.0,39976.0,0.5645229958987487,0.0,0
0.967744587213094,0.028030704367106102,991.0,2476.0,0.21786924035407518,0.7222163031095515,0.0,39976.0,0.5645229958987487,0.0,0
0.9677446476002937,0.028030704367106102,992.0,2476.0,0.21786930074127492,0.7222163031095514,0.0,39976.0,0.5645229958987487,0.0,0
0.9677447073866308,0.028030704367106102,993.0,2476.0,0.2178693605276119,0.7222163031095518,0.0,39976.0,0.5645229958987487,0.0,0
0.9677447665780837,0.028030704367106102,994.0,2476.0,0.21786941971906493,0.7222163031095516,0.0,39976.0,0.5645229958987487,0.0,0
0.967744825180572,0.028030704367106102,995.0,2476.0,0.21786947832155312,0.7222163031095518,0.0,39976.0,0.5645229958987487,0.0,0
0.9677448831999557,0.028030704367106102,996.0,2476.0,0.2178695363409368,0.7222163031095519,0.0,39976.0,0.5645229958987487,0.0,0
0.9677449406420369,0.028030704367106102,997.0,2476.0,0.217869593783018,0.7222163031095516,0.0,39976.0,0.5645229958987487,0.0,0
0.9677449975125597,0.028030704367106102,998.0,2476.0,0.21786965065354086,0.7222163031095514,0.0,39976.0,0.5645229958987487,0.0,0
0.9677450538172117,0.028030704367106102,999.0,2476.0,0.21786970695819285,0.722216303109552,0.0,39976.0,0.5645229958987487,0.0,0
0.9677451095616226,0.028030704367106102,1000.0,2476.0,0.2178697627026039,0.7222163031095516,0.0,39976.0,0.5645229958987487,0.0,0
0.9677451647513677,0.028030704367106102,1001.0,2476.0,0.2178698178923489,0.7222163031095516,0.0,39976.0,0.5645229958987487,0.0,0
0.9677452193919654,0.028030704367106102,1002.0,2476.0,0.21786987253294673,0.7222163031095516,0.0,39976.0,0.5645229958987487,0.0,0
0.9677452734888803,0.028030704367106102,1003.0,2476.0,0.21786992662986143,0.7222163031095512,0.0,39976.0,0.5645229958987487,0.0,0
0.9677453270475218,0.028030704367106102,1004.0,2476.0,0.21786998018850304,0.7222163031095515,0.0,39976.0,0.5645229958987487,0.0,0
0.967745380073246,0.028030704367106102,1005.0,2476.0,0.21787003321422715,0.7222163031095515,0.0,39976.0,0.5645229958987487,0.0,0
0.967745380073246,0.028030704367106102,1005.0,2476.0,0.21787003321422715,0.7222163031095515,0.0,39976.0,0.5645229958987487,0.0,0
0.967745380073246,0.028030704367106102,1005.0,2476.0,0.21787003321422715,0.7222163031095515,0.0,39976.0,0.5645229958987487,0.0,0
0.2318188798531147,0.014598140906287,1005.0,4315.0,0.21813009929446261,4.040272409098636e-17,0.0,39926.0,0.0,0.0,0
0.2318188798531147,0.014598140906287,1005.0,4315.0,0.21813009929446261,4.040272409098636e-17,0.0,39926.0,0.0,0.0,0
0.1887673022242018,0.011169984189739284,1006.0,4647.0,0.17851825677172162,3.609547715897762e-17,0.0,39924.0,0.0,0.0,0
0.17489331390784496,0.010215632999129712,1007.0,4754.0,0.16559861964597436,9.414974735714415e-18,0.0,39924.0,0.0,0.0,0
0.16617282467690936,0.009650415454361443,1008.0,4826.0,0.15744334795980705,-5.1007261162597807e-17,0.0,39924.0,0.0,0.0,0
0.15971344203709248,0.009330815910251571,1009.0,4866.0,0.1513035648641,-3.882610427265914e-18,0.0,39924.0,0.0,0.0,0
0.15455197125133935,0.009329052721922623,1010.0,4867.0,0.14614385726667584,1.4478012508998903e-17,0.0,39924.0,0.0,0.0,0
0.14996932296838442,0.009329052721922623,1011.0,4867.0,0.14156120898372088,5.4918315622297907e-17,0.0,39924.0,0.0,0.0,0
0.14579546161939408,0.009329052721922623,1012.0,4867.0,0.13738734763473057,1.0940285974997452e-17,0.0,39924.0,0.0,0.0,0
0.14195037064605767,0.009329052721922623,1013.0,4867.0,0.13354225666139416,-1.1875383541271202e-18,0.0,39924.0,0.0,0.0,0
0.13838821879736699,0.009329052721922623,1014.0,4867.0,0.12998010481270347,-3.298441111148891e-17,0.0,39924.0,0.0,0.0,0
0.13507730528616674,0.009329052721922623,1015.0,4867.0,0.12666919130150323,4.3626034745927444e-17,0.0,39924.0,0.0,0.0,0
0.13199253416209691,0.009329052721922623,1016.0,4867.0,0.12358442017743339,6.322397309307921e-17,0.0,39924.0,0.0,0.0,0
0.12911251199606136,0.009329052721922623,1017.0,4867.0,0.12070439801139785,-1.5967768707739213e-17,0.0,39924.0,0.0,0.0,0
0.12641835911738764,0.009329052721922623,1018.0,4867.0,0.11801024513272412,4.232472026206359e-17,0.0,39924.0,0.0,0.0,0
0.12389316275167307,0.009329052721922623,1019.0,4867.0,0.11548504876700956,1.0417626879019348e-17,0.0,39924.0,0.0,0.0,0
0.12152167672432317,0.009329052721922623,1020.0,4867.0,0.11311356273965964,4.560289500010313e-17,0.0,39924.0,0.0,0.0,0
0.11926595737296161,0.009304888792655976,1021.0,4874.0,0.11088200731756477,5.19103591923831e-19,0.0,39924.0,0.0,0.0,0
0.11713469433968882,0.009277718653254616,1022.0,4882.0,0.10877791442369332,5.870137193604418e-18,0.0,39924.0,0.0,0.0,0
0.11512678122325229,0.009257722695038339,1023.0,4888.0,0.10678999726547303,5.785871747518153e-17,0.0,39924.0,0.0,0.0,0
0.11323829323124497,0.009251196036817275,1024.0,4890.0,0.1049080359316868,1.7357970792959884e-17,0.0,39924.0,0.0,0.0,0
0.11142935982599972,0.009227523377131642,1025.0,4899.0,0.10312277518612718,-3.815055850234731e-18,0.0,39924.0,0.0,0.0,0
0.10970141061874837,0.009196516887188116,1026.0,4910.0,0.10142583246881937,-6.318130704442793e-18,0.0,39924.0,0.0,0.0,0
0.10807217068609788,0.009183494594711135,1027.0,4915.0,0.09980961482864584,2.6008512157005644e-17,0.0,39924.0,0.0,0.0,0
0.10651818497094984,0.009171879882891424,1028.0,4920.0,0.09826724382531754,-2.8081371020646696e-17,0.0,39924.0,0.0,0.0,0
0.10503736376081979,0.009165814897012837,1029.0,4922.0,0.09679248760106607,-2.7473379827366044e-17,0.0,39924.0,0.0,0.0,0
0.10360188236650293,0.009143121679161152,1030.0,4930.0,0.09537969942460088,1.8694840317366463e-17,0.0,39924.0,0.0,0.0,0
0.10220948238946845,0.00910665904088819,1031.0,4944.0,0.09402376208583935,3.3371961053404644e-17,0.0,39924.0,0.0,0.0,0
0.10089422676842762,0.009095127923097097,1032.0,4950.0,0.09272003758258962,-6.481683890939342e-18,0.0,39924.0,0.0,0.0,0
0.09962192992295775,0.009078547065374549,1033.0,4957.0,0.0914643215948423,2.928668689504518e-17,0.0,39924.0,0.0,0.0,0
0.09838628071805514,0.009054417164515001,1034.0,4965.0,0.09025280229079924,-1.2273599995349758e-17,0.0,39924.0,0.0,0.0,0
0.09713238025197993,0.008971295936912345,1035.0,4980.0,0.0890820230523267,2.31107763527733e-18,0.0,39924.0,0.0,0.0,0
0.09595779199150956,0.008929881981950195,1036.0,4993.0,0.08794884874681853,-3.3222629883125186e-17,0.0,39924.0,0.0,0.0,0
0.09479771836420921,0.00886822189348907,1037.0,5004.0,0.08685043520797923,3.063777843566885e-17,0.0,39924.0,0.0,0.0,0
0.09366239611522442,0.008799133232324473,1038.0,5015.0,0.08578420162015905,5.068371029365898e-18,0.0,39924.0,0.0,0.0,0
0.09256377274311364,0.008736905950435357,1039.0,5025.0,0.0847478055299374,5.644362686158094e-18,0.0,39924.0,0.0,0.0,0
0.09151814563596353,0.008699964138277302,1040.0,5031.0,0.08373912023494534,1.4037130006269076e-17,0.0,39924.0,0.0,0.0,0
0.09051702069437786,0.00868174510792685,1041.0,5034.0,0.08275621432371012,-7.240784006526588e-18,0.0,39924.0,0.0,0.0,0
0.08951609419555416,0.008639699770981389,1042.0,5041.0,0.08179733316183188,1.1477167087192648e-17,0.0,39924.0,0.0,0.0,0
0.08853793755936014,0.008597994157338222,1043.0,5048.0,0.08086088213928104,-1.0625623866194309e-17,0.0,39924.0,0.0,0.0,0
0.08758129880653799,0.008556826032565436,1044.0,5055.0,0.07994541151123169,-7.463003009918639e-18,0.0,39924.0,0.0,0.0,0
0.08663886359006011,0.008510199646527647,1045.0,5063.0,0.07904960268079156,-1.683531169698178e-17,0.0,39924.0,0.0,0.0,0
0.08574999305683458,0.008498676007671598,1046.0,5065.0,0.07817225578642209,1.414735063195153e-17,0.0,39924.0,0.0,0.0,0
0.0848672539316853,0.008475914199048052,1047.0,5069.0,0.07731227846989636,3.3755955491266106e-17,0.0,39924.0,0.0,0.0,0
0.0839954139465983,0.008447676971397524,1048.0,5074.0,0.07646867571245988,5.0879263016643985e-18,0.0,39924.0,0.0,0.0,0
0.0831505632260148,0.008430961325726644,1049.0,5077.0,0.07564054063754726,-8.8674271113564e-18,0.0,39924.0,0.0,0.0,0
0.0822983555051471,0.008392248054325103,1050.0,5084.0,0.07482704618808111,5.8630261854958724e-18,0.0,39924.0,0.0,0.0,0
0.08146596014591506,0.008359461288041445,1051.0,5090.0,0.07402743759513272,-1.7421969865936794e-19,0.0,39924.0,0.0,0.0,0
0.08065787032377958,0.00833778349839561,1052.0,5094.0,0.07324102556264309,5.9696913071240566e-18,0.0,39924.0,0.0,0.0,0
0.07984648966256844,0.00830024829975992,1053.0,5101.0,0.07246718010006761,3.8424332314526315e-17,0.0,39924.0,0.0,0.0,0
0.07905810839091387,0.008273722186879285,1054.0,5106.0,0.07170532494129368,1.0972285511485907e-17,0.0,39924.0,0.0,0.0,0
0.07828669183483386,0.008252698078047257,1055.0,5110.0,0.07095493249404572,-3.4950604853501774e-18,0.0,39924.0,0.0,0.0,0
0.07752121527976473,0.008226634747722658,1056.0,5115.0,0.07021551926930118,4.008119720381745e-17,0.0,39924.0,0.0,0.0,0
0.07676654478872293,0.00820084178093726,1057.0,5120.0,0.06948664174504476,3.884032628887623e-17,0.0,39924.0,0.0,0.0,0
0.07603249331734763,0.008185539431572294,1058.0,5123.0,0.06876789262303444,1.7261972183494519e-18,0.0,39924.0,0.0,0.0,0
0.07531337415500493,0.008175415451079358,1059.0,5125.0,0.06805889744118467,-1.4780230353612092e-17,0.0,39924.0,0.0,0.0,0
0.07458378604683027,0.008145413276357632,1060.0,5131.0,0.06735931150773175,-2.7750709143599323e-18,0.0,39924.0,0.0,0.0,0
0.07387346687427541,0.008125588484969148,1061.0,5135.0,0.06666881712656537,2.90875786680059e-17,0.0,39924.0,0.0,0.0,0
0.073186878405259,0.008120696056493772,1062.0,5136.0,0.06598712108602434,2.1261914244551437e-17,0.0,39924.0,0.0,0.0,0
0.07249426849094458,0.00810125484211366,1063.0,5140.0,0.06531395238609002,7.633667204523735e-18,0.0,39924.0,0.0,0.0,0
0.07179569294333447,0.008067571499296667,1064.0,5147.0,0.06464906018129693,1.5933991419223622e-17,0.0,39924.0,0.0,0.0,0
0.07112455104927293,0.008053277867694622,1065.0,5150.0,0.06399221191883742,-1.455978910224718e-17,0.0,39924.0,0.0,0.0,0
0.07046606641045178,0.008043813494418867,1066.0,5152.0,0.06334319165329202,5.71547276724355e-18,0.0,39924.0,0.0,0.0,0
0.06981059497162363,0.008029735187701486,1067.0,5155.0,0.06270179852118125,1.7510857467293614e-17,0.0,39924.0,0.0,0.0,0
0.06916270155789289,0.00801579493501523,1068.0,5158.0,0.062067845360136764,2.4835195819095614e-18,0.0,39924.0,0.0,0.0,0
0.06852679882162853,0.008006580099953281,1069.0,5160.0,0.061441157458934345,3.5366598827851695e-17,0.0,39924.0,0.0,0.0,0
0.06790721278863478,0.008006580099953281,1070.0,5160.0,0.06082157142594059,1.1914494085868204e-17,0.0,39924.0,0.0,0.0,0
0.06729457552740532,0.008006580099953281,1071.0,5160.0,0.06020893416471116,4.526156661089294e-18,0.0,39924.0,0.0,0.0,0
0.06668874330924185,0.008006580099953281,1072.0,5160.0,0.059603101946547665,7.548335107221187e-18,0.0,39924.0,0.0,0.0,0
0.0660895809334871,0.008006580099953281,1073.0,5160.0,0.05900393957079291,2.907157889976168e-17,0.0,39924.0,0.0,0.0,0
0.06549696096721334,0.008006580099953281,1074.0,5160.0,0.05841131960451917,1.7955295474077717e-17,0.0,39924.0,0.0,0.0,0
0.06491076305675435,0.008006580099953281,1075.0,5160.0,0.057825121694060164,-1.2070936264256209e-18,0.0,39924.0,0.0,0.0,0
0.06433087330424886,0.008006580099953281,1076.0,5160.0,0.05724523194155468,2.4888528379909707e-19,0.0,39924.0,0.0,0.0,0
0.06375718370301404,0.008006580099953281,1077.0,5160.0,0.05667154234031986,2.0149041475564044e-17,0.0,39924.0,0.0,0.0,0
0.0631895916261555,0.008006580099953281,1078.0,5160.0,0.05610395026346133,-1.2275377747376894e-17,0.0,39924.0,0.0,0.0,0
0.0626279993633529,0.008006580099953281,1079.0,5160.0,0.055542358000658716,-6.727013670684166e-18,0.0,39924.0,0.0,0.0,0
0.062072313701240764,0.008006580099953281,1080.0,5160.0,0.05498667233854659,4.035497101599645e-18,0.0,39924.0,0.0,0.0,0
0.06152244554324172,0.008006580099953281,1081.0,5160.0,0.05443680418054754,1.4614899415088408e-17,0.0,39924.0,0.0,0.0,0
0.06097830956510162,0.008006580099953281,1082.0,5160.0,0.05389266820240744,3.319063034663673e-18,0.0,39924.0,0.0,0.0,0
0.06043982390273453,0.008006580099953281,1083.0,5160.0,0.053354182540040346,1.4614899415088408e-17,0.0,39924.0,0.0,0.0,0
0.0599069098693069,0.008006580099953281,1084.0,5160.0,0.052821268506612715,1.13527244452931e-17,0.0,39924.0,0.0,0.0,0
0.059379491698783676,0.008006580099953281,1085.0,5160.0,0.052293850336089506,-1.9910822703927766e-18,0.0,39924.0,0.0,0.0,0
0.058857496313422464,0.008006580099953281,1086.0,5160.0,0.05177185495072829,1.3711801385303112e-17,0.0,39924.0,0.0,0.0,0
0.05834085311294113,0.008006580099953281,1087.0,5160.0,0.05125521175024696,-1.1110950169602548e-18,0.0,39924.0,0.0,0.0,0
0.05782949378330146,0.008006580099953281,1088.0,5160.0,0.050743852420607284,7.340338120046226e-18,0.0,39924.0,0.0,0.0,0
0.057323352123245866,0.008006580099953281,1089.0,5160.0,0.05023771076055169,3.4612831968345856e-18,0.0,39924.0,0.0,0.0,0
0.056822363886902746,0.008006580099953281,1090.0,5160.0,0.04973672252420856,1.477667484955782e-17,0.0,39924.0,0.0,0.0,0
0.0563264666409353,0.008006580099953281,1091.0,5160.0,0.04924082527824113,1.7654855381491663e-17,0.0,39924.0,0.0,0.0,0
0.0558355996348544,0.008006580099953281,1092.0,5160.0,0.048749958272160214,2.7112496165857352e-17,0.0,39924.0,0.0,0.0,0
0.0553497036832469,0.008006580099953281,1093.0,5160.0,0.04826406232055272,-7.059453299758674e-18,0.0,39924.0,0.0,0.0,0
0.05486872105878999,0.008006580099953281,1094.0,5160.0,0.04778307969609581,-3.502171493458723e-18,0.0,39924.0,0.0,0.0,0
0.0543925953950288,0.008006580099953281,1095.0,5160.0,0.04730695403233463,-7.786553878857465e-18,0.0,39924.0,0.0,0.0,0
0.053921271597993016,0.008006580099953281,1096.0,5160.0,0.046835630235298846,-4.359047970538471e-18,0.0,39924.0,0.0,0.0,0
0.05345469576581494,0.008006580099953281,1097.0,5160.0,0.046369054403120766,5.256812744242358e-18,0.0,39924.0,0.0,0.0,0
0.05299281511559187,0.008006580099953281,1098.0,5160.0,0.045907173752897684,3.066622246810303e-18,0.0,39924.0,0.0,0.0,0
0.05253557791680747,0.008006580099953281,1099.0,5160.0,0.04544993655411329,9.994521896560884e-18,0.0,39924.0,0.0,0.0,0
0.052082933430691716,0.008006580099953281,1100.0,5160.0,0.044997292067997546,-1.5967768707739213e-17,0.0,39924.0,0.0,0.0,0
0.05163483185495865,0.008006580099953281,1101.0,5160.0,0.04454919049226447,1.0305628501309755e-17,0.0,39924.0,0.0,0.0,0
0.051191224273413403,0.008006580099953281,1102.0,5160.0,0.04410558291071923,2.7644044021971138e-18,0.0,39924.0,0.0,0.0,0
0.05075206260996999,0.008006580099953281,1103.0,5160.0,0.04366642124727581,1.925483220591443e-17,0.0,39924.0,0.0,0.0,0
0.05031729958666283,0.008006580099953281,1104.0,5160.0,0.043231658223968655,1.594999118746785e-17,0.0,39924.0,0.0,0.0,0
0.04988688868527678,0.008006580099953281,1105.0,5160.0,0.0428012473225826,7.521668826814141e-18,0.0,39924.0,0.0,0.0,0
0.04946078411225427,0.008006580099953281,1106.0,5160.0,0.042375142749560085,3.583948086706998e-18,0.0,39924.0,0.0,0.0,0
0.049038940766571955,0.008006580099953281,1107.0,5160.0,0.04195329940387778,8.230991885641567e-18,0.0,39924.0,0.0,0.0,0
0.048621314210307645,0.008006580099953281,1108.0,5160.0,0.04153567284761348,-6.568793740269026e-18,0.0,39924.0,0.0,0.0,0
0.04820786064164543,0.008006580099953281,1109.0,5160.0,0.04112221927895125,1.6312652601003677e-17,0.0,39924.0,0.0,0.0,0
0.0477985368700902,0.008006580099953281,1110.0,5160.0,0.04071289550739603,1.2017603703442116e-17,0.0,39924.0,0.0,0.0,0
0.04739330029368536,0.008006580099953281,1111.0,5160.0,0.04030765893099118,2.0639701035053693e-18,0.0,39924.0,0.0,0.0,0
0.04699210887804631,0.008006580099953281,1112.0,5160.0,0.03990646751535213,7.04700903556872e-18,0.0,39924.0,0.0,0.0,0
0.046594921137040377,0.008006580099953281,1113.0,5160.0,0.0395092797743462,7.806109151155965e-18,0.0,39924.0,0.0,0.0,0
0.0462016961149603,0.008006580099953281,1114.0,5160.0,0.039116054752266136,8.063883195090745e-18,0.0,39924.0,0.0,0.0,0
0.04581239337005227,0.008006580099953281,1115.0,5160.0,0.038726752007358096,6.559904980133344e-18,0.0,39924.0,0.0,0.0,0
0.04542697295927317,0.008006580099953281,1116.0,5160.0,0.03834133159657899,2.291700138181543e-17,0.0,39924.0,0.0,0.0,0
0.04504539542416326,0.008006580099953281,1117.0,5160.0,0.03795975406146909,-2.520852374479426e-18,0.0,39924.0,0.0,0.0,0
0.044667621777731904,0.008006580099953281,1118.0,5160.0,0.03758198041503773,2.4564977510970882e-17,0.0,39924.0,0.0,0.0,0
0.04429361349226244,0.008006580099953281,1119.0,5160.0,0.037207972129568265,5.0559267651759434e-18,0.0,39924.0,0.0,0.0,0
0.04392333248795304,0.008006580099953281,1120.0,5160.0,0.03683769112525886,9.16964495596959e-18,0.0,39924.0,0.0,0.0,0
0.04355674112231623,0.008006580099953281,1121.0,5160.0,0.03647109975962206,6.79456824771535e-18,0.0,39924.0,0.0,0.0,0
0.043193802180268755,0.008006580099953281,1122.0,5160.0,0.03610816081757458,-9.848746230335698e-19,0.0,39924.0,0.0,0.0,0
0.042834478864849077,0.008006580099953281,1123.0,5160.0,0.035748837502154907,2.0133041707319816e-17,0.0,39924.0,0.0,0.0,0
0.04247181215394938,0.007999657465396992,1124.0,5164.0,0.035393093425811484,1.9608604859314575e-17,0.0,39924.0,0.0,0.0,0
0.042117900883226096,0.007997947018274046,1125.0,5165.0,0.035040892602211146,1.2913590725118865e-17,0.0,39924.0,0.0,0.0,0
0.04176580616677332,0.0079945454655118,1126.0,5167.0,0.03469219943852063,-4.261271609045969e-18,0.0,39924.0,0.0,0.0,0
0.0414188979260984,0.007992857935237947,1127.0,5168.0,0.034346978728119565,-3.4008396279119477e-18,0.0,39924.0,0.0,0.0,0
0.04107210233366266,0.007987845427214868,1128.0,5171.0,0.0340051956437069,3.646169407656772e-18,0.0,39924.0,0.0,0.0,0
0.040732066316441023,0.007986189322934021,1129.0,5172.0,0.0336668157307661,-2.7484046339528862e-18,0.0,39924.0,0.0,0.0,0
0.04039705548703319,0.007986189322934021,1130.0,5172.0,0.03333180490135827,1.4950894548217188e-17,0.0,39924.0,0.0,0.0,0
0.04006375553131903,0.007984564840363731,1131.0,5173.0,0.033000129428214404,4.61682201447325e-18,0.0,39924.0,0.0,0.0,0
0.03973538204220646,0.007984564840363731,1132.0,5173.0,0.032671755939101835,2.4230760129869235e-18,0.0,39924.0,0.0,0.0,0
0.03940868078102655,0.007982968106844528,1133.0,5174.0,0.03234665141144113,1.2942034757553048e-18,0.0,39924.0,0.0,0.0,0
0.039082052750095256,0.00797820832020165,1134.0,5177.0,0.0320247831671527,1.1413168014215738e-17,0.0,39924.0,0.0,0.0,0
0.03875708708274094,0.007971906952286029,1135.0,5181.0,0.03170611886771402,8.728762453239761e-18,0.0,39924.0,0.0,0.0,0
0.03844002804642824,0.007970340274277194,1136.0,5182.0,0.031390626509410144,2.0234373572866592e-17,0.0,39924.0,0.0,0.0,0
0.03812612039516408,0.007968784713661164,1137.0,5183.0,0.03107827441876202,9.51097334517978e-18,0.0,39924.0,0.0,0.0,0
0.03781071964035892,0.007962627129499722,1138.0,5187.0,0.030769031248118296,1.5240668128640423e-17,0.0,39924.0,0.0,0.0,0
0.03750455436363832,0.007962627129499722,1139.0,5187.0,0.030462865971397707,1.5313555961753014e-17,0.0,39924.0,0.0,0.0,0
0.037201436272211154,0.007962627129499722,1140.0,5187.0,0.03015974787997055,-1.2737593274432361e-17,0.0,39924.0,0.0,0.0,0
0.03689983445211106,0.007961126610701535,1141.0,5188.0,0.02985964657866864,-6.671903357842938e-18,0.0,39924.0,0.0,0.0,0
0.03659674842539813,0.007955155180743356,1142.0,5192.0,0.029562531981913887,-7.331449359910545e-18,0.0,39924.0,0.0,0.0,0
0.03630259075344146,0.007955155180743356,1143.0,5192.0,0.029268374309957206,9.5998609465366e-18,0.0,39924.0,0.0,0.0,0
0.03600989046528929,0.007953685117328978,1144.0,5193.0,0.02897714408521943,-1.216871262574871e-17,0.0,39924.0,0.0,0.0,0
0.03572155850879735,0.007953685117328978,1145.0,5193.0,0.02868881212872748,-5.855915177387327e-18,0.0,39924.0,0.0,0.0,0
0.03543609593670868,0.007953685117328978,1146.0,5193.0,0.02840334955663881,-2.5190746224522896e-18,0.0,39924.0,0.0,0.0,0
0.035153474156918364,0.007953685117328978,1147.0,5193.0,0.028120727776848493,4.156384239444921e-18,0.0,39924.0,0.0,0.0,0
0.034873664865743455,0.007953685117328978,1148.0,5193.0,0.027840918485673587,-1.2479819230497581e-18,0.0,39924.0,0.0,0.0,0
0.034596640044679515,0.007953685117328978,1149.0,5193.0,0.02756389366460964,7.075453068002903e-19,0.0,39924.0,0.0,0.0,0
0.03432237195722501,0.007953685117328978,1150.0,5193.0,0.027289625577155145,3.724390496850774e-18,0.0,39924.0,0.0,0.0,0
0.034050833145769475,0.007953685117328978,1151.0,5193.0,0.027018086765699594,1.567266187123457e-17,0.0,39924.0,0.0,0.0,0
0.03378199642854172,0.007953685117328978,1152.0,5193.0,0.02674925004847184,1.591976940300653e-17,0.0,39924.0,0.0,0.0,0
0.033515834896614784,0.007953685117328978,1153.0,5193.0,0.026483088516544916,-5.848804169278781e-19,0.0,39924.0,0.0,0.0,0
0.033252321910964555,0.007953685117328978,1154.0,5193.0,0.026219575530894684,-1.863084124438955e-18,0.0,39924.0,0.0,0.0,0
0.03299143109957904,0.007953685117328978,1155.0,5193.0,0.02595868471950918,-6.414129313908158e-18,0.0,39924.0,0.0,0.0,0
0.032733136354616166,0.007953685117328978,1156.0,5193.0,0.02570038997454629,1.355891471096938e-17,0.0,39924.0,0.0,0.0,0
0.03247741182960722,0.007953685117328978,1157.0,5193.0,0.02544466544953735,3.850610890777459e-18,0.0,39924.0,0.0,0.0,0
0.03222423193670445,0.007953685117328978,1158.0,5193.0,0.025191485556634582,-5.546586324665592e-19,0.0,39924.0,0.0,0.0,0
0.03197357134397017,0.007953685117328978,1159.0,5193.0,0.024940824963900304,3.6657246799552725e-18,0.0,39924.0,0.0,0.0,0
0.0317254049727061,0.007953685117328978,1160.0,5193.0,0.024692658592636224,1.2563373575772993e-17,0.0,39924.0,0.0,0.0,0
0.03147970799482104,0.007953685117328978,1161.0,5193.0,0.024446961614751173,-6.869233832855079e-18,0.0,39924.0,0.0,0.0,0
0.03123645583023559,0.007953685117328978,1162.0,5193.0,0.02420370945016571,1.561221830231193e-17,0.0,39924.0,0.0,0.0,0
0.03099562414432205,0.007953685117328978,1163.0,5193.0,0.023962877764252183,1.980415758229958e-18,0.0,39924.0,0.0,0.0,0
0.030757188845379025,0.007953685117328978,1164.0,5193.0,0.023724442465309158,5.100370565854353e-18,0.0,39924.0,0.0,0.0,0
0.03052112608213865,0.007953685117328978,1165.0,5193.0,0.023488379702068775,-2.133302432563689e-20,0.0,39924.0,0.0,0.0,0
0.030287412241306096,0.007953685117328978,1166.0,5193.0,0.023254665861236225,-3.49861598940445e-18,0.0,39924.0,0.0,0.0,0
0.030056023945129903,0.007953685117328978,1167.0,5193.0,0.02302327756506003,1.923527693361593e-18,0.0,39924.0,0.0,0.0,0
0.029826938049002417,0.007953685117328978,1168.0,5193.0,0.022794191668932533,1.1032729080408545e-17,0.0,39924.0,0.0,0.0,0
0.02960013163908938,0.007953685117328978,1169.0,5193.0,0.022567385259019516,-4.078163150250919e-18,0.0,39924.0,0.0,0.0,0
0.02937558202998805,0.007953685117328978,1170.0,5193.0,0.022342835649918187,-1.9199721893073201e-19,0.0,39924.0,0.0,0.0,0
0.029153266762412748,0.007953685117328978,1171.0,5193.0,0.02212052038234288,4.471046348248065e-18,0.0,39924.0,0.0,0.0,0
0.028933163600907565,0.007953685117328978,1172.0,5193.0,0.021900417220837687,4.3252706820228794e-18,0.0,39924.0,0.0,0.0,0
0.028715250531585322,0.007953685117328978,1173.0,5193.0,0.02168250415151545,-2.0817476237767332e-18,0.0,39924.0,0.0,0.0,0
0.02849950575989229,0.007953685117328978,1174.0,5193.0,0.021466759379822415,3.3617290833149468e-18,0.0,39924.0,0.0,0.0,0
0.028285907708397947,0.007953685117328978,1175.0,5193.0,0.021253161328328073,1.1857606020999839e-18,0.0,39924.0,0.0,0.0,0
0.028074435014609565,0.007953685117328978,1176.0,5193.0,0.021041688634539688,6.903011121370671e-18,0.0,39924.0,0.0,0.0,0
0.027865066528810753,0.007953685117328978,1177.0,5193.0,0.02083232014874088,8.995425257310223e-18,0.0,39924.0,0.0,0.0,0
0.027657781311923757,0.007953685117328978,1178.0,5193.0,0.020625034931853876,6.638126069327346e-18,0.0,39924.0,0.0,0.0,0
0.027452558633395022,0.007953685117328978,1179.0,5193.0,0.020419812253325145,1.3391806020418558e-17,0.0,39924.0,0.0,0.0,0
0.02724937796910341,0.007953685117328978,1180.0,5193.0,0.020216631589033536,9.90207879114979e-18,0.0,39924.0,0.0,0.0,0
0.027048218999291048,0.007953685117328978,1181.0,5193.0,0.020015472619221174,1.0193630123600161e-17,0.0,39924.0,0.0,0.0,0
0.02684906160651601,0.007953685117328978,1182.0,5193.0,0.019816315226446134,1.0222074156034343e-18,0.0,39924.0,0.0,0.0,0
0.02665188587362685,0.007953685117328978,1183.0,5193.0,0.01961913949355697,9.608749706672283e-18,0.0,39924.0,0.0,0.0,0
0.026456672081758302,0.007953685117328978,1184.0,5193.0,0.019423925701688428,4.18660602390624e-18,0.0,39924.0,0.0,0.0,0
0.026263400708348192,0.007953685117328978,1185.0,5193.0,0.019230654328278318,4.837263265838165e-18,0.0,39924.0,0.0,0.0,0
0.02607205242517488,0.007953685117328978,1186.0,5193.0,0.019039306045105005,6.2452428713302e-18,0.0,39924.0,0.0,0.0,0
0.025882608096415214,0.007953685117328978,1187.0,5193.0,0.018849861716345343,-7.555446115329732e-19,0.0,39924.0,0.0,0.0,0
0.025695048776722587,0.007953685117328978,1188.0,5193.0,0.01866230239665271,1.278203707511077e-18,0.0,39924.0,0.0,0.0,0
0.025509355709324763,0.007953685117328978,1189.0,5193.0,0.018476609329254892,-5.1821471591026286e-18,0.0,39924.0,0.0,0.0,0
0.025325510324141425,0.007953685117328978,1190.0,5193.0,0.01829276394407155,-1.068428968308981e-18,0.0,39924.0,0.0,0.0,0
0.02514349423592086,0.007953685117328978,1191.0,5193.0,0.018110747855850994,1.8559731163304096e-18,0.0,39924.0,0.0,0.0,0
0.024963289242395898,0.007953685117328978,1192.0,5193.0,0.01793054286232603,2.751960138007159e-18,0.0,39924.0,0.0,0.0,0
0.024784877322458543,0.007953685117328978,1193.0,5193.0,0.01775213094238867,-9.848746230335698e-19,0.0,39924.0,0.0,0.0,0
0.024608240634353303,0.007953685117328978,1194.0,5193.0,0.017575494254283428,6.879900345017897e-19,0.0,39924.0,0.0,0.0,0
0.024433361513888804,0.007953685117328978,1195.0,5193.0,0.017400615133818936,-3.5555040542728154e-19,0.0,39924.0,0.0,0.0,0
0.02426022247266763,0.007953685117328978,1196.0,5193.0,0.017227476092597758,3.679946696172364e-19,0.0,39924.0,0.0,0.0,0
0.024088806196334057,0.007953685117328978,1197.0,5193.0,0.017056059816264183,-2.4888528379909707e-19,0.0,39924.0,0.0,0.0,0
0.023919095542839545,0.007953685117328978,1198.0,5193.0,0.01688634916276967,5.8950257219843275e-18,0.0,39924.0,0.0,0.0,0
0.023751073540725684,0.007953685117328978,1199.0,5193.0,0.016718327160655817,-7.854108455888649e-18,0.0,39924.0,0.0,0.0,0
0.023584723387424622,0.007953685117328978,1200.0,5193.0,0.016551977007354748,8.0958827315792e-18,0.0,39924.0,0.0,0.0,0
0.02342002844757635,0.007953685117328978,1201.0,5193.0,0.016387282067506476,-1.5164224791473557e-18,0.0,39924.0,0.0,0.0,0
0.02325697225136327,0.007953685117328978,1202.0,5193.0,0.016224225871293404,-2.5795181913749274e-18,0.0,39924.0,0.0,0.0,0
0.023095538492861223,0.007953685117328978,1203.0,5193.0,0.016062792112791352,-1.966193742012867e-18,0.0,39924.0,0.0,0.0,0
0.022935711028407222,0.007953685117328978,1204.0,5193.0,0.015902964648337344,6.0336903801009676e-18,0.0,39924.0,0.0,0.0,0
0.022777473874983526,0.007953685117328978,1205.0,5193.0,0.015744727494913652,6.334130472687021e-18,0.0,39924.0,0.0,0.0,0
0.022620811208618,0.007953685117328978,1206.0,5193.0,0.015588064828548123,2.9368463488293453e-18,0.0,39924.0,0.0,0.0,0
0.022465707362800395,0.007953685117328978,1207.0,5193.0,0.015432960982730523,5.662140206429458e-18,0.0,39924.0,0.0,0.0,0
0.022312146826914573,0.007953685117328978,1208.0,5193.0,0.015279400446844697,3.1288435677600774e-18,0.0,39924.0,0.0,0.0,0
0.02216011424468643,0.007953685117328978,1209.0,5193.0,0.01512736786461655,6.0994672051050145e-18,0.0,39924.0,0.0,0.0,0
0.022009594412647278,0.007953685117328978,1210.0,5193.0,0.014976848032577398,4.673710079341616e-18,0.0,39924.0,0.0,0.0,0
0.021860572278612708,0.007953685117328978,1211.0,5193.0,0.014827825898542835,2.794626186658433e-18,0.0,39924.0,0.0,0.0,0
0.021713032940176555,0.007953685117328978,1212.0,5193.0,0.014680286560106687,2.767959906251387e-18,0.0,39924.0,0.0,0.0,0
0.021566961643219994,0.007953685117328978,1213.0,5193.0,0.01453421526315012,1.132250266083178e-17,0.0,39924.0,0.0,0.0,0
0.02142234378043543,0.007953685117328978,1214.0,5193.0,0.014389597400365559,4.218605560394695e-18,0.0,39924.0,0.0,0.0,0
0.021279164889865296,0.007953685117328978,1215.0,5193.0,0.014246418509795425,6.894122361234989e-18,0.0,39924.0,0.0,0.0,0
0.02113741065345524,0.007953685117328978,1216.0,5193.0,0.014104664273385368,2.7021830812473395e-18,0.0,39924.0,0.0,0.0,0
0.02099706689562191,0.007953685117328978,1217.0,5193.0,0.013964320515552037,-6.684347622032893e-19,0.0,39924.0,0.0,0.0,0
0.020858119581834936,0.007953685117328978,1218.0,5193.0,0.013825373201765063,4.0888296624137377e-19,0.0,39924.0,0.0,0.0,0
0.020720554817213094,0.007953685117328978,1219.0,5193.0,0.013687808437143224,-2.7892929305770235e-18,0.0,39924.0,0.0,0.0,0
0.020584358845134484,0.007953685117328978,1220.0,5193.0,0.013551612465064606,5.6354739260224125e-18,0.0,39924.0,0.0,0.0,0
0.020449518045860503,0.007953685117328978,1221.0,5193.0,0.013416771665790628,3.674613440090955e-18,0.0,39924.0,0.0,0.0,0
0.020316018935173638,0.007953685117328978,1222.0,5193.0,0.013283272555103764,3.1039550393801677e-18,0.0,39924.0,0.0,0.0,0
0.020183848163028748,0.007953685117328978,1223.0,5193.0,0.013151101782958878,-1.2710926994025314e-18,0.0,39924.0,0.0,0.0,0
0.020052992512217815,0.007953685117328978,1224.0,5193.0,0.013020246132147952,-7.039898027460174e-18,0.0,39924.0,0.0,0.0,0
0.019923438897048045,0.007953685117328978,1225.0,5193.0,0.01289069251697817,5.3439225935720416e-18,0.0,39924.0,0.0,0.0,0
0.019795174362033017,0.007953685117328978,1226.0,5193.0,0.012762427981963153,-5.025704980714624e-18,0.0,39924.0,0.0,0.0,0
0.019668186080597064,0.007953685117328978,1227.0,5193.0,0.0126354397005272,-4.55282294149634e-18,0.0,39924.0,0.0,0.0,0
0.019542461353792385,0.007953685117328978,1228.0,5193.0,0.012509714973722507,8.351879023486842e-18,0.0,39924.0,0.0,0.0,0
0.019417987609028967,0.007953685117328978,1229.0,5193.0,0.012385241228959093,5.198146927346856e-18,0.0,39924.0,0.0,0.0,0
0.019294752398817294,0.007953685117328978,1230.0,5193.0,0.012262006018747416,2.751960138007159e-18,0.0,39924.0,0.0,0.0,0
0.019172743399523386,0.007953685117328978,1231.0,5193.0,0.012139997019453513,1.932416453497275e-18,0.0,39924.0,0.0,0.0,0
0.019051948410136365,0.007953685117328978,1232.0,5193.0,0.012019202030066489,8.166992812664657e-18,0.0,39924.0,0.0,0.0,0
0.01893235535104821,0.007953685117328978,1233.0,5193.0,0.011899608970978342,-2.890624796123799e-18,0.0,39924.0,0.0,0.0,0
0.01881395226284578,0.007953685117328978,1234.0,5193.0,0.011781205882775916,-3.0719555028917122e-18,0.0,39924.0,0.0,0.0,0
0.018696727305114708,0.007953685117328978,1235.0,5193.0,0.011663980925044838,5.048815757067397e-19,0.0,39924.0,0.0,0.0,0
0.018580668755255308,0.007953685117328978,1236.0,5193.0,0.011547922375185432,3.756390033339229e-18,0.0,39924.0,0.0,0.0,0
0.018465765007310234,0.007953685117328978,1237.0,5193.0,0.011433018627240363,7.128785628816994e-19,0.0,39924.0,0.0,0.0,0
0.018352004570803864,0.007953685117328978,1238.0,5193.0,0.011319258190733995,1.2710926994025314e-18,0.0,39924.0,0.0,0.0,0
0.01823937606959313,0.007953685117328978,1239.0,5193.0,0.011206629689523257,7.182118189631087e-19,0.0,39924.0,0.0,0.0,0
0.018127868240729893,0.007953685117328978,1240.0,5193.0,0.01109512186066002,4.8070414813768465e-18,0.0,39924.0,0.0,0.0,0
0.018017469933334553,0.007953685117328978,1241.0,5193.0,0.010984723553264679,1.308425491972396e-18,0.0,39924.0,0.0,0.0,0
0.017908170107480973,0.007953685117328978,1242.0,5193.0,0.010875423727411102,2.794626186658433e-18,0.0,39924.0,0.0,0.0,0
0.017799957833092385,0.007953685117328978,1243.0,5193.0,0.010767211453022516,-3.045289222484666e-18,0.0,39924.0,0.0,0.0,0
0.01769282228884839,0.007953685117328978,1244.0,5193.0,0.010660075908778514,3.118177055597259e-18,0.0,39924.0,0.0,0.0,0
0.01758675276110274,0.007953685117328978,1245.0,5193.0,0.01055400638103287,1.9341942055244114e-18,0.0,39924.0,0.0,0.0,0
0.017481738642811998,0.007953685117328978,1246.0,5193.0,0.010448992262742126,8.89764889581772e-18,0.0,39924.0,0.0,0.0,0
0.017377769432474727,0.007953685117328978,1247.0,5193.0,0.010345023052404857,3.0168451900504838e-18,0.0,39924.0,0.0,0.0,0
0.017274834733081397,0.007953685117328978,1248.0,5193.0,0.01024208835301153,-1.0702067203361174e-18,0.0,39924.0,0.0,0.0,0
0.017172924251074598,0.007953685117328978,1249.0,5193.0,0.010140177871004722,5.0879263016643985e-18,0.0,39924.0,0.0,0.0,0
0.017072027795319647,0.007953685117328978,1250.0,5193.0,0.010039281415249778,-3.1075105434344404e-18,0.0,39924.0,0.0,0.0,0
0.016972135276085525,0.007953685117328978,1251.0,5193.0,0.009939388896015658,-1.4719786784689455e-18,0.0,39924.0,0.0,0.0,0
0.016873236704035798,0.007953685117328978,1252.0,5193.0,0.009840490323965927,1.5555330237443568e-18,0.0,39924.0,0.0,0.0,0
0.01677532218922971,0.007953685117328978,1253.0,5193.0,0.009742575809159836,3.875499419157369e-18,0.0,39924.0,0.0,0.0,0
0.016678381940133147,0.007953685117328978,1254.0,5193.0,0.00964563556006328,-1.176871841964302e-18,0.0,39924.0,0.0,0.0,0
0.01658240626263951,0.007953685117328978,1255.0,5193.0,0.009549659882569632,6.492350403102161e-18,0.0,39924.0,0.0,0.0,0
0.016487385559100193,0.007953685117328978,1256.0,5193.0,0.00945463917903032,1.0559847041190262e-18,0.0,39924.0,0.0,0.0,0
0.01639331032736492,0.007953685117328978,1257.0,5193.0,0.009360563947295052,-1.0026521433049339e-18,0.0,39924.0,0.0,0.0,0
0.016300171159831435,0.007953685117328978,1258.0,5193.0,0.009267424779761559,3.2906190022294904e-18,0.0,39924.0,0.0,0.0,0
0.016207958742504726,0.007953685117328978,1259.0,5193.0,0.009175212362434848,3.2461752015510805e-18,0.0,39924.0,0.0,0.0,0
0.016116663854065662,0.007953685117328978,1260.0,5193.0,0.009083917473995793,-7.999884122113834e-19,0.0,39924.0,0.0,0.0,0
0.016026277364948813,0.007953685117328978,1261.0,5193.0,0.008993530984878938,1.6995309379424057e-18,0.0,39924.0,0.0,0.0,0
0.01593679023642948,0.007953685117328978,1262.0,5193.0,0.008904043856359605,1.6053100805041761e-18,0.0,39924.0,0.0,0.0,0
0.015848193519719812,0.007953685117328978,1263.0,5193.0,0.008815447139649947,-1.0666512162818445e-19,0.0,39924.0,0.0,0.0,0
0.015760478355073944,0.007953685117328978,1264.0,5193.0,0.00872773197500407,-6.06213441253515e-19,0.0,39924.0,0.0,0.0,0
0.015673635970901965,0.007953685117328978,1265.0,5193.0,0.00864088959083209,1.2479819230497581e-18,0.0,39924.0,0.0,0.0,0
0.015587657682892771,0.007953685117328978,1266.0,5193.0,0.0085549113028229,-3.711946232660819e-18,0.0,39924.0,0.0,0.0,0
0.015502534893145655,0.007953685117328978,1267.0,5193.0,0.00846978851307578,4.273715873235924e-18,0.0,39924.0,0.0,0.0,0
0.01541825908931043,0.007953685117328978,1268.0,5193.0,0.008385512709240558,4.23104982458465e-18,0.0,39924.0,0.0,0.0,0
0.015334821843736258,0.007953685117328978,1269.0,5193.0,0.008302075463666386,-5.404366162494679e-19,0.0,39924.0,0.0,0.0,0
0.015252214812628851,0.007953685117328978,1270.0,5193.0,0.008219468432558979,3.1946203927641243e-18,0.0,39924.0,0.0,0.0,0
0.015170429735216063,0.007953685117328978,1271.0,5193.0,0.00813768335514619,2.844403243418252e-20,0.0,39924.0,0.0,0.0,0
0.01508945843292183,0.007953685117328978,1272.0,5193.0,0.008056712052851958,5.97324681117833e-19,0.0,39924.0,0.0,0.0,0
0.015009292808548296,0.007953685117328978,1273.0,5193.0,0.007976546428478424,5.119925838152854e-19,0.0,39924.0,0.0,0.0,0
0.014929924845466081,0.007953685117328978,1274.0,5193.0,0.007897178465396209,5.311923057083586e-18,0.0,39924.0,0.0,0.0,0
0.0148513466068126,0.007953685117328978,1275.0,5193.0,0.007818600226742727,1.6817534176710416e-18,0.0,39924.0,0.0,0.0,0
0.0147735502346984,0.007953685117328978,1276.0,5193.0,0.007740803854628529,2.3466326758200582e-19,0.0,39924.0,0.0,0.0,0
0.014696527949421338,0.007953685117328978,1277.0,5193.0,0.007663781569351465,2.5457409028593356e-18,0.0,39924.0,0.0,0.0,0
0.0146202720486886,0.007953685117328978,1278.0,5193.0,0.00758752566861873,1.731530474430861e-18,0.0,39924.0,0.0,0.0,0
0.014544774906846485,0.007953685117328978,1279.0,5193.0,0.007512028526776616,1.3582025487322154e-18,0.0,39924.0,0.0,0.0,0
0.01447002897411782,0.007953685117328978,1280.0,5193.0,0.0074372825940479505,2.0621923514782328e-19,0.0,39924.0,0.0,0.0,0
0.014396026775846976,0.007953685117328978,1281.0,5193.0,0.007363280395777103,2.4888528379909707e-19,0.0,39924.0,0.0,0.0,0
0.014322760911752386,0.007953685117328978,1282.0,5193.0,0.007290014531682517,-1.4079796054920348e-18,0.0,39924.0,0.0,0.0,0
0.014250224055186542,0.007953685117328978,1283.0,5193.0,0.0072174776751166665,2.9724013893720735e-18,0.0,39924.0,0.0,0.0,0
0.014178408952403276,0.007953685117328978,1284.0,5193.0,0.007145662572333405,1.5893103122599484e-18,0.0,39924.0,0.0,0.0,0
0.01410730842183242,0.007953685117328978,1285.0,5193.0,0.0070745620417625495,-2.595517959619155e-18,0.0,39924.0,0.0,0.0,0
0.014036915353361636,0.007953685117328978,1286.0,5193.0,0.007004168973291764,1.0595402081732989e-18,0.0,39924.0,0.0,0.0,0
0.013967222707625362,0.007953685117328978,1287.0,5193.0,0.00693447632755549,8.782095014053854e-19,0.0,39924.0,0.0,0.0,0
0.013898223515300923,0.007953685117328978,1288.0,5193.0,0.006865477135231046,5.0665932773387615e-18,0.0,39924.0,0.0,0.0,0
0.013829910876411548,0.007953685117328978,1289.0,5193.0,0.0067971644963416775,1.9981932785013224e-18,0.0,39924.0,0.0,0.0,0
0.013762277959636398,0.007953685117328978,1290.0,5193.0,0.006729531579566528,-3.0932885272173495e-19,0.0,39924.0,0.0,0.0,0
0.013695318001627413,0.007953685117328978,1291.0,5193.0,0.006662571621557536,7.409670449104548e-18,0.0,39924.0,0.0,0.0,0
0.013629024306332956,0.007953685117328978,1292.0,5193.0,0.006596277926263082,1.0346516797933892e-18,0.0,39924.0,0.0,0.0,0
0.013563390244328243,0.007953685117328978,1293.0,5193.0,0.006530643864258372,1.7457524906479523e-18,0.0,39924.0,0.0,0.0,0
0.013498409252152356,0.007953685117328978,1294.0,5193.0,0.006465662872082485,-3.2603972177681717e-18,0.0,39924.0,0.0,0.0,0
0.013434074831651911,0.007953685117328978,1295.0,5193.0,0.006401328451582041,-7.608778676143825e-19,0.0,39924.0,0.0,0.0,0
0.013370380549331234,0.007953685117328978,1296.0,5193.0,0.006337634169261359,4.199050288096195e-18,0.0,39924.0,0.0,0.0,0
0.013307320035708982,0.007953685117328978,1297.0,5193.0,0.006274573655639111,7.075453068002903e-19,0.0,39924.0,0.0,0.0,0
0.013244886984681254,0.007953685117328978,1298.0,5193.0,0.006212140604611382,2.3146331393316026e-18,0.0,39924.0,0.0,0.0,0
0.013183075152890893,0.007953685117328978,1299.0,5193.0,0.0061503287728210225,1.5075337190116737e-18,0.0,39924.0,0.0,0.0,0
0.013121878359103204,0.007953685117328978,1300.0,5193.0,0.006089131979033333,9.42208574382296e-19,0.0,39924.0,0.0,0.0,0
0.013061290483587803,0.007953685117328978,1301.0,5193.0,0.006028544103517928,4.661265815151661e-18,0.0,39924.0,0.0,0.0,0
0.013001305467506634,0.007953685117328978,1302.0,5193.0,0.005968559087436759,2.6417395123247017e-18,0.0,39924.0,0.0,0.0,0
0.012941917312308097,0.007953685117328978,1303.0,5193.0,0.005909170932238224,2.4888528379909707e-19,0.0,39924.0,0.0,0.0,0
0.012883120079127177,0.007953685117328978,1304.0,5193.0,0.005850373699057304,6.93323290583199e-19,0.0,39924.0,0.0,0.0,0
0.01282490788819155,0.007953685117328978,1305.0,5193.0,0.005792161508121677,4.62215527055466e-19,0.0,39924.0,0.0,0.0,0
0.012767274918233604,0.007953685117328978,1306.0,5193.0,0.005734528538163734,-1.1448723054758464e-18,0.0,39924.0,0.0,0.0,0
0.01271021540590832,0.007953685117328978,1307.0,5193.0,0.005677469025838445,2.6132954798905193e-18,0.0,39924.0,0.0,0.0,0
0.0126537236452169,0.007953685117328978,1308.0,5193.0,0.005620977265147025,3.72616824887791e-18,0.0,39924.0,0.0,0.0,0
0.012597793986936194,0.007953685117328978,1309.0,5193.0,0.005565047606866322,1.1413168014215737e-18,0.0,39924.0,0.0,0.0,0
0.01254242083805377,0.007953685117328978,1310.0,5193.0,0.005509674457983899,2.42485376501406e-18,0.0,39924.0,0.0,0.0,0
0.012487598661208587,0.007953685117328978,1311.0,5193.0,0.005454852281138713,1.7848630352449532e-18,0.0,39924.0,0.0,0.0,0
0.012433321974137273,0.007953685117328978,1312.0,5193.0,0.0054005755940674015,3.1288435677600774e-18,0.0,39924.0,0.0,0.0,0
0.012379585349125885,0.007953685117328978,1313.0,5193.0,0.005346838969056014,-3.875499419157369e-19,0.0,39924.0,0.0,0.0,0
0.012326383412467145,0.007953685117328978,1314.0,5193.0,0.005293637032397272,3.40972838804763e-18,0.0,39924.0,0.0,0.0,0
0.012273710843923044,0.007953685117328978,1315.0,5193.0,0.00524096446385317,5.080815293555853e-18,0.0,39924.0,0.0,0.0,0
0.012221562376192832,0.007953685117328978,1316.0,5193.0,0.005188815996122957,3.01862294207762e-18,0.0,39924.0,0.0,0.0,0
0.012169932794386275,0.007953685117328978,1317.0,5193.0,0.005137186414316403,-9.24431054110932e-20,0.0,39924.0,0.0,0.0,0
0.012118816935502175,0.007953685117328978,1318.0,5193.0,0.005086070555432301,2.559962919076427e-18,0.0,39924.0,0.0,0.0,0
0.012068209687912038,0.007953685117328978,1319.0,5193.0,0.005035463307842164,6.193688062543244e-18,0.0,39924.0,0.0,0.0,0
0.012018105990848927,0.007953685117328978,1320.0,5193.0,0.004985359610779053,1.9306387014701387e-18,0.0,39924.0,0.0,0.0,0
0.011968500833901387,0.007953685117328978,1321.0,5193.0,0.004935754453831517,4.266604865127378e-20,0.0,39924.0,0.0,0.0,0
0.011919389256512387,0.007953685117328978,1322.0,5193.0,0.004886642876442514,-3.662169175901e-19,0.0,39924.0,0.0,0.0,0
0.011870766347483257,0.007953685117328978,1323.0,5193.0,0.0048380199674133845,6.791012743661077e-19,0.0,39924.0,0.0,0.0,0
0.01182262724448257,0.007953685117328978,1324.0,5193.0,0.004789880864412701,-1.3795355730578524e-18,0.0,39924.0,0.0,0.0,0
0.011774967133559917,0.007953685117328978,1325.0,5193.0,0.004742220753490046,-1.2230933946698484e-18,0.0,39924.0,0.0,0.0,0
0.011727781248664483,0.007953685117328978,1326.0,5193.0,0.004695034868594611,1.1697608338557561e-18,0.0,39924.0,0.0,0.0,0
0.011681064871168457,0.007953685117328978,1327.0,5193.0,0.004648318491098584,-8.355434527541116e-19,0.0,39924.0,0.0,0.0,0
0.01163481332939516,0.007953685117328978,1328.0,5193.0,0.004602066949325285,2.264856082571783e-18,0.0,39924.0,0.0,0.0,0
0.011589021998151868,0.007953685117328978,1329.0,5193.0,0.004556275618081994,1.9484162217415026e-18,0.0,39924.0,0.0,0.0,0
0.0115436862982673,0.007953685117328978,1330.0,5193.0,0.004510939918197425,3.0826220150545307e-18,0.0,39924.0,0.0,0.0,0
0.011498801696133678,0.007953685117328978,1331.0,5193.0,0.004466055316063809,-2.2470785623004193e-18,0.0,39924.0,0.0,0.0,0
0.0114543637032534,0.007953685117328978,1332.0,5193.0,0.004421617323183528,2.325299651494421e-18,0.0,39924.0,0.0,0.0,0
0.011410367875790134,0.007953685117328978,1333.0,5193.0,0.0043776214957202625,1.3404250284608513e-18,0.0,39924.0,0.0,0.0,0
0.011366809814124475,0.007953685117328978,1334.0,5193.0,0.004334063434054601,2.9155133245037087e-18,0.0,39924.0,0.0,0.0,0
0.011323685162413952,0.007953685117328978,1335.0,5193.0,0.004290938782344082,-1.383091077112125e-18,0.0,39924.0,0.0,0.0,0
0.011280989608157464,0.007953685117328978,1336.0,5193.0,0.004248243228087594,-1.8950836609274105e-18,0.0,39924.0,0.0,0.0,0
0.011238718881764,0.007953685117328978,1337.0,5193.0,0.0042059725016941295,-1.1804273460185746e-18,0.0,39924.0,0.0,0.0,0
0.011196868756125697,0.007953685117328978,1338.0,5193.0,0.004164122376055827,-4.7288203921828445e-19,0.0,39924.0,0.0,0.0,0
0.011155435046195117,0.007953685117328978,1339.0,5193.0,0.004122688666125246,1.422201621709126e-19,0.0,39924.0,0.0,0.0,0
0.011114413608566737,0.007953685117328978,1340.0,5193.0,0.004081667228496863,2.31107763527733e-19,0.0,39924.0,0.0,0.0,0
0.011073800341062603,0.007953685117328978,1341.0,5193.0,0.0040410539609927335,-2.7377381217900677e-18,0.0,39924.0,0.0,0.0,0
0.01103359118232213,0.007953685117328978,1342.0,5193.0,0.00400084480225226,-1.5039782149574008e-18,0.0,39924.0,0.0,0.0,0
0.010993782111395936,0.007953685117328978,1343.0,5193.0,0.003961035731326064,4.895929082733666e-18,0.0,39924.0,0.0,0.0,0
0.010954369147343742,0.007953685117328978,1344.0,5193.0,0.0039216227672738725,-1.3368695244065786e-18,0.0,39924.0,0.0,0.0,0
0.010915348348836309,0.007953685117328978,1345.0,5193.0,0.0038826019687664384,-5.3332560814092227e-20,0.0,39924.0,0.0,0.0,0
0.010876715813761272,0.007953685117328978,1346.0,5193.0,0.0038439694336913975,2.0479703352611417e-18,0.0,39924.0,0.0,0.0,0
0.010838467678832918,0.007953685117328978,1347.0,5193.0,0.0038057212987630457,1.4577566622518543e-18,0.0,39924.0,0.0,0.0,0
0.010800600119205882,0.007953685117328978,1348.0,5193.0,0.003767853739136013,-3.022178446131893e-18,0.0,39924.0,0.0,0.0,0
0.010763109348092659,0.007953685117328978,1349.0,5193.0,0.003730362968022786,3.829277866451822e-18,0.0,39924.0,0.0,0.0,0
0.010725991616384878,0.007953685117328978,1350.0,5193.0,0.003693245236315007,-1.422201621709126e-20,0.0,39924.0,0.0,0.0,0
0.01068924321227844,0.007953685117328978,1351.0,5193.0,0.0036564968322085716,-2.6844055609759756e-18,0.0,39924.0,0.0,0.0,0
0.010652860460902327,0.007953685117328978,1352.0,5193.0,0.0036201140808324525,3.829277866451822e-18,0.0,39924.0,0.0,0.0,0
0.01061683972395106,0.007953685117328978,1353.0,5193.0,0.0035840933438811896,6.435462338233796e-19,0.0,39924.0,0.0,0.0,0
0.010581177399320938,0.007953685117328978,1354.0,5193.0,0.0035484310192510668,1.1484278095301193e-18,0.0,39924.0,0.0,0.0,0
0.01054586992074978,0.007953685117328978,1355.0,5193.0,0.0035131235406799057,2.1510799528350532e-18,0.0,39924.0,0.0,0.0,0
0.010510913757460298,0.007953685117328978,1356.0,5193.0,0.0034781673773904274,-4.7288203921828445e-19,0.0,39924.0,0.0,0.0,0
0.010476305413807042,0.007953685117328978,1357.0,5193.0,0.0034435590337371703,3.7403902650950016e-18,0.0,39924.0,0.0,0.0,0
0.0104420414289268,0.007953685117328978,1358.0,5193.0,0.0034092950488569256,1.1484278095301193e-18,0.0,39924.0,0.0,0.0,0
0.010408118376392533,0.007953685117328978,1359.0,5193.0,0.0033753719963226588,1.7066419460509512e-19,0.0,39924.0,0.0,0.0,0
0.01037453286387072,0.007953685117328978,1360.0,5193.0,0.0033417864838008477,1.8737506366017735e-18,0.0,39924.0,0.0,0.0,0
0.010341281532782113,0.007953685117328978,1361.0,5193.0,0.003308535152712243,-1.308425491972396e-18,0.0,39924.0,0.0,0.0,0
0.010308361057965905,0.007953685117328978,1362.0,5193.0,0.0032756146778960323,-2.7021830812473396e-19,0.0,39924.0,0.0,0.0,0
0.010275768147347172,0.007953685117328978,1363.0,5193.0,0.0032430217672772994,1.3937575892749436e-18,0.0,39924.0,0.0,0.0,0
0.010243499541607696,0.007953685117328978,1364.0,5193.0,0.0032107531615378224,1.731530474430861e-18,0.0,39924.0,0.0,0.0,0
0.010211552013860007,0.007953685117328978,1365.0,5193.0,0.0031788056337901356,-3.911054459700097e-20,0.0,39924.0,0.0,0.0,0
0.010179922369324716,0.007953685117328978,1366.0,5193.0,0.0031471759892548424,1.308425491972396e-18,0.0,39924.0,0.0,0.0,0
0.010148607445010999,0.007953685117328978,1367.0,5193.0,0.003115861064941129,-2.3181886433858757e-18,0.0,39924.0,0.0,0.0,0
0.010117604109400343,0.007953685117328978,1368.0,5193.0,0.00308485772933047,1.923527693361593e-18,0.0,39924.0,0.0,0.0,0
0.010086909262133341,0.007953685117328978,1369.0,5193.0,0.0030541628820634674,3.022178446131893e-18,0.0,39924.0,0.0,0.0,0
0.010056519833699687,0.007953685117328978,1370.0,5193.0,0.0030237734536298147,1.7670855149735893e-18,0.0,39924.0,0.0,0.0,0
0.010026432785131215,0.007953685117328978,1371.0,5193.0,0.0029936864050613453,-2.2684115866260563e-18,0.0,39924.0,0.0,0.0,0
0.009996645107698002,0.007953685117328978,1372.0,5193.0,0.0029638987276281283,1.5679772879343116e-18,0.0,39924.0,0.0,0.0,0
0.009967153822607471,0.007953685117328978,1373.0,5193.0,0.0029344074425375994,2.503074854208062e-18,0.0,39924.0,0.0,0.0,0
0.009937955980706544,0.007953685117328978,1374.0,5193.0,0.00290520960063667,1.9341942055244114e-18,0.0,39924.0,0.0,0.0,0
0.009909048662186698,0.007953685117328978,1375.0,5193.0,0.0028763022821168232,4.1634952475534664e-18,0.0,39924.0,0.0,0.0,0
0.009880428976291988,0.007953685117328978,1376.0,5193.0,0.002847682596222114,4.7857084570512095e-18,0.0,39924.0,0.0,0.0,0
0.009852094061029975,0.007953685117328978,1377.0,5193.0,0.0028193476809601032,5.013260716524669e-19,0.0,39924.0,0.0,0.0,0
0.009824041082885529,0.007953685117328978,1378.0,5193.0,0.0027912947028156513,5.9163587463099645e-18,0.0,39924.0,0.0,0.0,0
0.009796267236537442,0.007953685117328978,1379.0,5193.0,0.00276352085646757,5.297701040866494e-19,0.0,39924.0,0.0,0.0,0
0.009768769744577948,0.007953685117328978,1380.0,5193.0,0.0027360233645080754,1.4790896865774911e-18,0.0,39924.0,0.0,0.0,0
0.009741545857234935,0.007953685117328978,1381.0,5193.0,0.00270879947716506,3.662169175901e-18,0.0,39924.0,0.0,0.0,0
0.009714592852096972,0.007953685117328978,1382.0,5193.0,0.002681846472027102,1.1128727689873911e-18,0.0,39924.0,0.0,0.0,0
0.009687908033841097,0.007953685117328978,1383.0,5193.0,0.0026551616537712226,4.7288203921828445e-19,0.0,39924.0,0.0,0.0,0
0.009661488733963237,0.007953685117328978,1384.0,5193.0,0.002628742353893366,3.484393973187359e-19,0.0,39924.0,0.0,0.0,0
0.009635332310511396,0.007953685117328978,1385.0,5193.0,0.0026025859304415226,3.064844494783167e-18,0.0,39924.0,0.0,0.0,0
0.009609436147821428,0.007953685117328978,1386.0,5193.0,0.0025766897677515564,1.1022062568245727e-18,0.0,39924.0,0.0,0.0,0
0.009583797656255484,0.007953685117328978,1387.0,5193.0,0.0025510512761856095,2.218634529866237e-18,0.0,39924.0,0.0,0.0,0
0.009558414271943039,0.007953685117328978,1388.0,5193.0,0.0025256678918731644,1.9555272298500484e-18,0.0,39924.0,0.0,0.0,0
0.00953328345652451,0.007953685117328978,1389.0,5193.0,0.0025005370764546384,-6.328797216605611e-19,0.0,39924.0,0.0,0.0,0
0.009508402696897419,0.007953685117328978,1390.0,5193.0,0.002475656316827548,1.0666512162818447e-18,0.0,39924.0,0.0,0.0,0
0.009483769504965064,0.007953685117328978,1391.0,5193.0,0.0024510231248951893,2.3821877163627862e-18,0.0,39924.0,0.0,0.0,0
0.009459381417387723,0.007953685117328978,1392.0,5193.0,0.0024266350373178505,2.158190960943599e-18,0.0,39924.0,0.0,0.0,0
0.009435235995336314,0.007953685117328978,1393.0,5193.0,0.002402489615266443,-2.158190960943599e-18,0.0,39924.0,0.0,0.0,0
0.009411330824248517,0.007953685117328978,1394.0,5193.0,0.0023785844441786444,2.6808500569217026e-18,0.0,39924.0,0.0,0.0,0
0.009387663513587299,0.007953685117328978,1395.0,5193.0,0.0023549171335174243,3.160843104248533e-18,0.0,39924.0,0.0,0.0,0
0.009364231696601867,0.007953685117328978,1396.0,5193.0,0.0023314853165319945,8.106549243742018e-19,0.0,39924.0,0.0,0.0,0
0.009341033030091003,0.007953685117328978,1397.0,5193.0,0.002308286650021128,2.7164050974644307e-18,0.0,39924.0,0.0,0.0,0
0.009318065194168713,0.007953685117328978,1398.0,5193.0,0.002285318814098842,-9.955411351963883e-20,0.0,39924.0,0.0,0.0,0
0.009295325892032278,0.007953685117328978,1399.0,5193.0,0.0022625795119624046,3.27106372993099e-18,0.0,39924.0,0.0,0.0,0
0.009272812849732527,0.007953685117328978,1400.0,5193.0,0.002240066469662653,6.0763564287522416e-18,0.0,39924.0,0.0,0.0,0
0.009250523815946468,0.007953685117328978,1401.0,5193.0,0.002217777435876594,1.941305213632957e-18,0.0,39924.0,0.0,0.0,0
0.009228456561752153,0.007953685117328978,1402.0,5193.0,0.0021957101816822778,1.7528634987564977e-18,0.0,39924.0,0.0,0.0,0
0.009206608880405769,0.007953685117328978,1403.0,5193.0,0.002173862500335896,3.4559499407531765e-18,0.0,39924.0,0.0,0.0,0
0.009184978587120978,0.007953685117328978,1404.0,5193.0,0.002152232207051105,3.363506835342083e-18,0.0,39924.0,0.0,0.0,0
0.009163563518850426,0.007953685117328978,1405.0,5193.0,0.0021308171387805505,2.9688458853178008e-18,0.0,39924.0,0.0,0.0,0
0.009142361534069434,0.007953685117328978,1406.0,5193.0,0.002109615153999563,4.977705675981941e-19,0.0,39924.0,0.0,0.0,0
0.009121370512561863,0.007953685117328978,1407.0,5193.0,0.0020886241324919916,2.4532977974482427e-19,0.0,39924.0,0.0,0.0,0
0.009100588355208071,0.007953685117328978,1408.0,5193.0,0.0020678419751381976,4.1066071826851016e-18,0.0,39924.0,0.0,0.0,0
0.009080012983774997,0.007953685117328978,1409.0,5193.0,0.002047266603705125,4.511934644872203e-18,0.0,39924.0,0.0,0.0,0
0.009059642340708355,0.007953685117328978,1410.0,5193.0,0.002026895960638482,3.4950604853501774e-18,0.0,39924.0,0.0,0.0,0
0.009039474388926862,0.007953685117328978,1411.0,5193.0,0.0020067280088569895,-1.0524292000647533e-18,0.0,39924.0,0.0,0.0,0
0.009019507111618535,0.007953685117328978,1412.0,5193.0,0.0019867607315486617,1.0275406716848436e-18,0.0,39924.0,0.0,0.0,0
0.008999738512039,0.007953685117328978,1413.0,5193.0,0.0019669921319691286,1.2586484352125766e-18,0.0,39924.0,0.0,0.0,0
0.008980166613311828,0.007953685117328978,1414.0,5193.0,0.0019474202332419566,-4.62215527055466e-20,0.0,39924.0,0.0,0.0,0
0.008960789458230839,0.007953685117328978,1415.0,5193.0,0.0019280430781609653,2.385743220417059e-18,0.0,39924.0,0.0,0.0,0
0.008941605109064372,0.007953685117328978,1416.0,5193.0,0.0019088587289944991,2.503074854208062e-18,0.0,39924.0,0.0,0.0,0
0.008922611647361522,0.007953685117328978,1417.0,5193.0,0.0018898652672916503,-2.6666280407046116e-19,0.0,39924.0,0.0,0.0,0
0.008903807173760298,0.007953685117328978,1418.0,5193.0,0.0018710607936904264,-3.27106372993099e-19,0.0,39924.0,0.0,0.0,0
0.008885189807797665,0.007953685117328978,1419.0,5193.0,0.0018524434277277927,-2.3466326758200582e-19,0.0,39924.0,0.0,0.0,0
0.008866757687721513,0.007953685117328978,1420.0,5193.0,0.001834011307651642,7.075453068002903e-19,0.0,39924.0,0.0,0.0,0
0.008848508970304475,0.007953685117328978,1421.0,5193.0,0.0018157625902346015,2.39996523663415e-18,0.0,39924.0,0.0,0.0,0
0.008830441830659596,0.007953685117328978,1422.0,5193.0,0.0017976954505897257,-2.6701835447588844e-18,0.0,39924.0,0.0,0.0,0
0.008812554462057868,0.007953685117328978,1423.0,5193.0,0.0017798080819879949,2.4177427569055144e-18,0.0,39924.0,0.0,0.0,0
0.008794845075747513,0.007953685117328978,1424.0,5193.0,0.0017620986956776391,2.5066303582623347e-18,0.0,39924.0,0.0,0.0,0
0.008777311900775143,0.007953685117328978,1425.0,5193.0,0.0017445655207052723,-4.3021599056701066e-19,0.0,39924.0,0.0,0.0,0
0.008759953183808657,0.007953685117328978,1426.0,5193.0,0.0017272068037387865,-8.604319811340213e-19,0.0,39924.0,0.0,0.0,0
0.008742767188961888,0.007953685117328978,1427.0,5193.0,0.0017100208088920172,-2.2684115866260563e-18,0.0,39924.0,0.0,0.0,0
0.008725752197621032,0.007953685117328978,1428.0,5193.0,0.0016930058175511587,2.190190497432054e-18,0.0,39924.0,0.0,0.0,0
0.008708906508272773,0.007953685117328978,1429.0,5193.0,0.0016761601282029004,3.057733486674621e-18,0.0,39924.0,0.0,0.0,0
0.00869222843633414,0.007953685117328978,1430.0,5193.0,0.0016594820562642648,2.5884069515106096e-18,0.0,39924.0,0.0,0.0,0
0.008675716313984035,0.007953685117328978,1431.0,5193.0,0.0016429699339141634,-7.431003473430184e-19,0.0,39924.0,0.0,0.0,0
0.008659368489996473,0.007953685117328978,1432.0,5193.0,0.001626622109926599,2.1510799528350532e-18,0.0,39924.0,0.0,0.0,0
0.008643183329575423,0.007953685117328978,1433.0,5193.0,0.001610436949505551,-6.044356892263786e-19,0.0,39924.0,0.0,0.0,0
0.008627159214191361,0.007953685117328978,1434.0,5193.0,0.0015944128341214886,1.1839828500728475e-18,0.0,39924.0,0.0,0.0,0
0.008611294541419392,0.007953685117328978,1435.0,5193.0,0.0015785481613495196,1.0524292000647533e-18,0.0,39924.0,0.0,0.0,0
0.00859558772477902,0.007953685117328978,1436.0,5193.0,0.0015628413447091477,4.234605328638923e-18,0.0,39924.0,0.0,0.0,0
0.00858003719357549,0.007953685117328978,1437.0,5193.0,0.001547290813505618,6.648792581490165e-19,0.0,39924.0,0.0,0.0,0
0.008564641392742723,0.007953685117328978,1438.0,5193.0,0.001531895012672851,5.653251446293776e-19,0.0,39924.0,0.0,0.0,0
0.00854939878268781,0.007953685117328978,1439.0,5193.0,0.0015166524026179356,1.0879842406074815e-18,0.0,39924.0,0.0,0.0,0
0.008534307839137037,0.007953685117328978,1440.0,5193.0,0.001501561459067164,1.9910822703927766e-18,0.0,39924.0,0.0,0.0,0
0.008519367052983477,0.007953685117328978,1441.0,5193.0,0.0014866206729136032,1.7670855149735893e-18,0.0,39924.0,0.0,0.0,0
0.008504574930136063,0.007953685117328978,1442.0,5193.0,0.0014718285500661893,4.444380067841019e-19,0.0,39924.0,0.0,0.0,0
0.008489929991370186,0.007953685117328978,1443.0,5193.0,0.00145718361130031,3.615947623195453e-18,0.0,39924.0,0.0,0.0,0
0.008475430772179758,0.007953685117328978,1444.0,5193.0,0.0014426843921098837,3.036400462348984e-18,0.0,39924.0,0.0,0.0,0
0.008461075822630781,0.007953685117328978,1445.0,5193.0,0.0014283294425609118,-3.4132838921019024e-19,0.0,39924.0,0.0,0.0,0
0.008446863707216345,0.007953685117328978,1446.0,5193.0,0.001414117327146472,-7.11100810854563e-21,0.0,39924.0,0.0,0.0,0
0.008432793004713056,0.007953685117328978,1447.0,5193.0,0.0014000466246431836,9.42208574382296e-19,0.0,39924.0,0.0,0.0,0
0.008418862308038939,0.007953685117328978,1448.0,5193.0,0.0013861159279690669,-1.0737622243903903e-18,0.0,39924.0,0.0,0.0,0
0.008405070224112719,0.007953685117328978,1449.0,5193.0,0.0013723238440428492,-1.1377612973673008e-18,0.0,39924.0,0.0,0.0,0
0.008391415373714515,0.007953685117328978,1450.0,5193.0,0.0013586689936446411,3.786611817800548e-18,0.0,39924.0,0.0,0.0,0
0.008377896391347901,0.007953685117328978,1451.0,5193.0,0.0013451500112780272,1.617754344694131e-18,0.0,39924.0,0.0,0.0,0
0.008364511925103374,0.007953685117328978,1452.0,5193.0,0.0013317655450335022,-1.1235392811502096e-18,0.0,39924.0,0.0,0.0,0
0.008351260636523162,0.007953685117328978,1453.0,5193.0,0.0013185142564532892,8.995425257310222e-19,0.0,39924.0,0.0,0.0,0
0.008338141200467357,0.007953685117328978,1454.0,5193.0,0.001305394820397487,-1.155538817638665e-18,0.0,39924.0,0.0,0.0,0
0.008325152304981428,0.007953685117328978,1455.0,5193.0,0.0012924059249115566,-6.862122824746534e-19,0.0,39924.0,0.0,0.0,0
0.008312292651165003,0.007953685117328978,1456.0,5193.0,0.001279546271095126,4.45860208405811e-18,0.0,39924.0,0.0,0.0,0
0.008299560953041973,0.007953685117328978,1457.0,5193.0,0.0012668145729720984,1.016874159522025e-18,0.0,39924.0,0.0,0.0,0
0.008286955937431924,0.007953685117328978,1458.0,5193.0,0.0012542095573620491,1.4933117027945823e-18,0.0,39924.0,0.0,0.0,0
0.008274476343822789,0.007953685117328978,1459.0,5193.0,0.0012417299637529156,1.269314947375395e-18,0.0,39924.0,0.0,0.0,0
0.008262120924244807,0.007953685117328978,1460.0,5193.0,0.0012293745441749352,1.8061960595705902e-18,0.0,39924.0,0.0,0.0,0
0.008249888443145724,0.007953685117328978,1461.0,5193.0,0.0012171420630758528,-2.7235161055729765e-18,0.0,39924.0,0.0,0.0,0
0.00823777767726724,0.007953685117328978,1462.0,5193.0,0.0012050312971973677,2.3572991879828765e-18,0.0,39924.0,0.0,0.0,0
0.008225787415522668,0.007953685117328978,1463.0,5193.0,0.0011930410354527978,-2.097747392020961e-19,0.0,39924.0,0.0,0.0,0
0.008213916458875849,0.007953685117328978,1464.0,5193.0,0.0011811700788059776,-1.2159823865613028e-18,0.0,39924.0,0.0,0.0,0
0.00820216362022122,0.007953685117328978,1465.0,5193.0,0.00116941724015135,-2.794626186658433e-18,0.0,39924.0,0.0,0.0,0
0.008190527724265128,0.007953685117328978,1466.0,5193.0,0.0011577813441952557,3.310174274527991e-18,0.0,39924.0,0.0,0.0,0
0.008179007607408275,0.007953685117328978,1467.0,5193.0,0.0011462612273384018,2.8657362677438893e-18,0.0,39924.0,0.0,0.0,0
0.008167602117629373,0.007953685117328978,1468.0,5193.0,0.0011348557375595015,1.6248653528026766e-18,0.0,39924.0,0.0,0.0,0
0.008156310114369946,0.007953685117328978,1469.0,5193.0,0.0011235637343000751,1.020429663576298e-18,0.0,39924.0,0.0,0.0,0
0.008145130468420254,0.007953685117328978,1470.0,5193.0,0.0011123840883503831,1.770641019027862e-18,0.0,39924.0,0.0,0.0,0
0.008134062061806393,0.007953685117328978,1471.0,5193.0,0.0011013156817365173,4.380380994864108e-18,0.0,39924.0,0.0,0.0,0
0.008123103787678464,0.007953685117328978,1472.0,5193.0,0.001090357407608591,9.42208574382296e-19,0.0,39924.0,0.0,0.0,0
0.008112254550199934,0.007953685117328978,1473.0,5193.0,0.001079508170130059,2.730627113681522e-18,0.0,39924.0,0.0,0.0,0
0.008101513264438006,0.007953685117328978,1474.0,5193.0,0.001068766884368134,-6.435462338233796e-19,0.0,39924.0,0.0,0.0,0
0.008090878856255162,0.007953685117328978,1475.0,5193.0,0.0010581324761852876,3.754612281312093e-18,0.0,39924.0,0.0,0.0,0
0.00808035026220171,0.007953685117328978,1476.0,5193.0,0.0010476038821318392,1.3368695244065786e-18,0.0,39924.0,0.0,0.0,0
0.008069926429409482,0.007953685117328978,1477.0,5193.0,0.0010371800493396094,1.887972652818865e-18,0.0,39924.0,0.0,0.0,0
0.008059606315486507,0.007953685117328978,1478.0,5193.0,0.001026859935416635,1.0488736960104806e-18,0.0,39924.0,0.0,0.0,0
0.008049388888412792,0.007953685117328978,1479.0,5193.0,0.0010166425083429208,1.176871841964302e-18,0.0,39924.0,0.0,0.0,0
0.008039273126437117,0.007953685117328978,1480.0,5193.0,0.0010065267463672458,1.5110892230659464e-18,0.0,39924.0,0.0,0.0,0
0.008029258017974855,0.007953685117328978,1481.0,5193.0,0.0009965116379049821,-3.5555040542728154e-19,0.0,39924.0,0.0,0.0,0
0.008019342561506809,0.007953685117328978,1482.0,5193.0,0.0009865961814369386,-1.8346400920047726e-18,0.0,39924.0,0.0,0.0,0
0.008009525765479078,0.007953685117328978,1483.0,5193.0,0.0009767793854092062,1.7101974501052242e-18,0.0,39924.0,0.0,0.0,0
0.007999806648203872,0.007953685117328978,1484.0,5193.0,0.0009670602681339989,1.518200231174492e-18,0.0,39924.0,0.0,0.0,0
0.007990184237761364,0.007953685117328978,1485.0,5193.0,0.0009574378576914917,-9.848746230335698e-19,0.0,39924.0,0.0,0.0,0
0.007980657571902491,0.007953685117328978,1486.0,5193.0,0.000947911191832621,-1.8346400920047726e-18,0.0,39924.0,0.0,0.0,0
0.007971225697952736,0.007953685117328978,1487.0,5193.0,0.0009384793178828622,2.6488505204332475e-18,0.0,39924.0,0.0,0.0,0
0.007961887672716831,0.007953685117328978,1488.0,5193.0,0.0009291412926469608,-6.826567784203805e-19,0.0,39924.0,0.0,0.0,0
0.00795264256238448,0.007953685117328978,1489.0,5193.0,0.0009198961823146103,-2.3715212041999677e-18,0.0,39924.0,0.0,0.0,0
0.007943489442436948,0.007953685117328978,1490.0,5193.0,0.0009107430623670751,2.4888528379909708e-20,0.0,39924.0,0.0,0.0,0
0.007934427397554605,0.007953685117328978,1491.0,5193.0,0.0009016810174847298,2.232856546083328e-18,0.0,39924.0,0.0,0.0,0
0.007925455521525411,0.007953685117328978,1492.0,5193.0,0.0008927091414555388,1.4968672068488552e-18,0.0,39924.0,0.0,0.0,0
0.00791657291715429,0.007953685117328978,1493.0,5193.0,0.0008838265370844171,1.5928658163142213e-18,0.0,39924.0,0.0,0.0,0
0.007907778696173401,0.007953685117328978,1494.0,5193.0,0.0008750323161035309,-3.1288435677600774e-18,0.0,39924.0,0.0,0.0,0
0.007899071979153323,0.007953685117328978,1495.0,5193.0,0.0008663255990834506,2.0444148312068687e-18,0.0,39924.0,0.0,0.0,0
0.00789045189541509,0.007953685117328978,1496.0,5193.0,0.0008577055153452194,4.6932653516401165e-19,0.0,39924.0,0.0,0.0,0
0.00788191758294315,0.007953685117328978,1497.0,5193.0,0.0008491712028732785,1.8773061406560466e-18,0.0,39924.0,0.0,0.0,0
0.00787346818829914,0.007953685117328978,1498.0,5193.0,0.0008407218082292704,-5.902136730092873e-19,0.0,39924.0,0.0,0.0,0
0.007865102866536564,0.007953685117328978,1499.0,5193.0,0.0008323564864666886,2.734182617735795e-18,0.0,39924.0,0.0,0.0,0
0.007856820781116259,0.007953685117328978,1500.0,5193.0,0.0008240744010463878,4.586600230011932e-19,0.0,39924.0,0.0,0.0,0
0.007848621103822794,0.007953685117328978,1501.0,5193.0,0.0008158747237529207,2.908402316395163e-18,0.0,39924.0,0.0,0.0,0
0.0078405030146816,0.007953685117328978,1502.0,5193.0,0.0008077566346117284,1.2799814595382136e-18,0.0,39924.0,0.0,0.0,0
0.007832465701877001,0.007953685117328978,1503.0,5193.0,0.0007997193218071286,2.325299651494421e-18,0.0,39924.0,0.0,0.0,0
0.007824508361671017,0.007953685117328978,1504.0,5193.0,0.0007917619816011457,2.559962919076427e-19,0.0,39924.0,0.0,0.0,0
0.007816630198323,0.007953685117328978,1505.0,5193.0,0.0007838838182531261,2.076414367695324e-18,0.0,39924.0,0.0,0.0,0
0.007808830424010042,0.007953685117328978,1506.0,5193.0,0.00077608404394017,-2.1688574731064173e-19,0.0,39924.0,0.0,0.0,0
0.007801108258748222,0.007953685117328978,1507.0,5193.0,0.0007683618786783469,2.8728472758524347e-18,0.0,39924.0,0.0,0.0,0
0.007793462930314569,0.007953685117328978,1508.0,5193.0,0.0007607165502446974,7.004342986917446e-19,0.0,39924.0,0.0,0.0,0
0.007785893674169877,0.007953685117328978,1509.0,5193.0,0.0007531472941000024,4.782152952996937e-18,0.0,39924.0,0.0,0.0,0
0.007778399733382217,0.007953685117328978,1510.0,5193.0,0.0007456533533123436,3.1466210880314417e-18,0.0,39924.0,0.0,0.0,0
0.007770980358551266,0.007953685117328978,1511.0,5193.0,0.0007382339784813951,-2.385743220417059e-18,0.0,39924.0,0.0,0.0,0
0.007763634807733364,0.007953685117328978,1512.0,5193.0,0.000730888427663492,-2.0266373109355046e-19,0.0,39924.0,0.0,0.0,0
0.0077563623463673065,0.007953685117328978,1513.0,5193.0,0.0007236159662974318,4.3661589786470174e-18,0.0,39924.0,0.0,0.0,0
0.007749162247200891,0.007953685117328978,1514.0,5193.0,0.0007164158671310165,3.879054923211642e-18,0.0,39924.0,0.0,0.0,0
0.007742033790218204,0.007953685117328978,1515.0,5193.0,0.0007092874101483285,4.863929546245211e-18,0.0,39924.0,0.0,0.0,0
0.0077349762625676015,0.007953685117328978,1516.0,5193.0,0.0007022298824977314,-1.0488736960104806e-18,0.0,39924.0,0.0,0.0,0
0.0077279889584904475,0.007953685117328978,1517.0,5193.0,0.0006952425784205758,-8.355434527541116e-19,0.0,39924.0,0.0,0.0,0
0.007721071179250505,0.007953685117328978,1518.0,5193.0,0.0006883247991806342,-1.8061960595705902e-18,0.0,39924.0,0.0,0.0,0
0.007714222233064092,0.007953685117328978,1519.0,5193.0,0.0006814758529942169,4.6683768232602064e-18,0.0,39924.0,0.0,0.0,0
0.007707441435030869,0.007953685117328978,1520.0,5193.0,0.0006746950549609959,1.386646581166398e-19,0.0,39924.0,0.0,0.0,0
0.007700728107065393,0.007953685117328978,1521.0,5193.0,0.0006679817269955199,5.795471608464689e-19,0.0,39924.0,0.0,0.0,0
0.007694081577829268,0.007953685117328978,1522.0,5193.0,0.0006613351977593968,1.0808732324989359e-18,0.0,39924.0,0.0,0.0,0
0.007687501182664038,0.007953685117328978,1523.0,5193.0,0.0006547548025941645,1.9377497095786845e-18,0.0,39924.0,0.0,0.0,0
0.007680986263524693,0.007953685117328978,1524.0,5193.0,0.000648239883454822,6.257687135520155e-19,0.0,39924.0,0.0,0.0,0
0.0076745361689139,0.007953685117328978,1525.0,5193.0,0.0006417897888440269,3.0470669745118025e-18,0.0,39924.0,0.0,0.0,0
0.007668150253816815,0.007953685117328978,1526.0,5193.0,0.0006354038737469421,3.619503127249726e-18,0.0,39924.0,0.0,0.0,0
0.007661827879636611,0.007953685117328978,1527.0,5193.0,0.0006290814995667367,1.8915281568731378e-18,0.0,39924.0,0.0,0.0,0
0.0076555684141306,0.007953685117328978,1528.0,5193.0,0.0006228220340607271,2.3821877163627862e-18,0.0,39924.0,0.0,0.0,0
0.007649371231347013,0.007953685117328978,1529.0,5193.0,0.00061662485127714,1.0915397446617544e-18,0.0,39924.0,0.0,0.0,0
0.00764323571156241,0.007953685117328978,1530.0,5193.0,0.0006104893314925386,9.5998609465366e-19,0.0,39924.0,0.0,0.0,0
0.0076371612412196995,0.007953685117328978,1531.0,5193.0,0.0006044148611498291,-2.1439689447265074e-18,0.0,39924.0,0.0,0.0,0
0.0076311472128667845,0.007953685117328978,1532.0,5193.0,0.0005984008327969134,-6.826567784203805e-19,0.0,39924.0,0.0,0.0,0
0.00762519302509582,0.007953685117328978,1533.0,5193.0,0.0005924466450259483,-1.0524292000647533e-18,0.0,39924.0,0.0,0.0,0
0.007619298082483066,0.007953685117328978,1534.0,5193.0,0.0005865517024131925,2.293300115005966e-18,0.0,39924.0,0.0,0.0,0
0.007613461795529344,0.007953685117328978,1535.0,5193.0,0.0005807154154594723,7.644333716686553e-19,0.0,39924.0,0.0,0.0,0
0.007607683580601104,0.007953685117328978,1536.0,5193.0,0.0005749372005312304,4.266604865127378e-19,0.0,39924.0,0.0,0.0,0
0.0076019628598720315,0.007953685117328978,1537.0,5193.0,0.0005692164798021577,1.6710869055082233e-18,0.0,39924.0,0.0,0.0,0
0.0075962990612652844,0.007953685117328978,1538.0,5193.0,0.000563552681195413,1.3155365000809416e-19,0.0,39924.0,0.0,0.0,0
0.007590691618396288,0.007953685117328978,1539.0,5193.0,0.0005579452383264151,5.759916567921961e-19,0.0,39924.0,0.0,0.0,0
0.007585139970516083,0.007953685117328978,1540.0,5193.0,0.0005523935904462079,2.734182617735795e-18,0.0,39924.0,0.0,0.0,0
0.007579643562455247,0.007953685117328978,1541.0,5193.0,0.0005468971823853746,-7.11100810854563e-21,0.0,39924.0,0.0,0.0,0
0.007574201844568402,0.007953685117328978,1542.0,5193.0,0.0005414554644985282,2.8159592109840695e-18,0.0,39924.0,0.0,0.0,0
0.0075688142726792204,0.007953685117328978,1543.0,5193.0,0.0005360678926093468,1.9484162217415026e-18,0.0,39924.0,0.0,0.0,0
0.007563480308026023,0.007953685117328978,1544.0,5193.0,0.0005307339279561499,2.1653019690521444e-18,0.0,39924.0,0.0,0.0,0
0.007558199417207901,0.007953685117328978,1545.0,5193.0,0.0005254530371380295,-4.017719581328281e-19,0.0,39924.0,0.0,0.0,0
0.007552971072131375,0.007953685117328978,1546.0,5193.0,0.0005202246920615022,1.1804273460185746e-18,0.0,39924.0,0.0,0.0,0
0.0075477947499575735,0.007953685117328978,1547.0,5193.0,0.0005150483698877028,-3.911054459700097e-20,0.0,39924.0,0.0,0.0,0
0.007542669933049972,0.007953685117328978,1548.0,5193.0,0.0005099235529800991,-3.235508689388262e-19,0.0,39924.0,0.0,0.0,0
0.007537596108922608,0.007953685117328978,1549.0,5193.0,0.0005048497288527321,2.055081343369687e-18,0.0,39924.0,0.0,0.0,0
0.0075325727701888315,0.007953685117328978,1550.0,5193.0,0.0004998263901189607,-2.9510683650464366e-19,0.0,39924.0,0.0,0.0,0
0.0075275994145105945,0.007953685117328978,1551.0,5193.0,0.0004948530344407232,-1.1413168014215737e-18,0.0,39924.0,0.0,0.0,0
0.007522675544548179,0.007953685117328978,1552.0,5193.0,0.00048992916447831,-1.2835369635924863e-18,0.0,39924.0,0.0,0.0,0
0.007517800667910489,0.007953685117328978,1553.0,5193.0,0.000485054287840619,4.195494784041922e-19,0.0,39924.0,0.0,0.0,0
0.007512974297105797,0.007953685117328978,1554.0,5193.0,0.00048022791703592697,-7.253228270716543e-19,0.0,39924.0,0.0,0.0,0
0.007508195949492997,0.007953685117328978,1555.0,5193.0,0.00047544956942312754,-3.064844494783167e-18,0.0,39924.0,0.0,0.0,0
0.007503465147233354,0.007953685117328978,1556.0,5193.0,0.0004707187671634818,4.195494784041922e-19,0.0,39924.0,0.0,0.0,0
0.00749878141724269,0.007953685117328978,1557.0,5193.0,0.0004660350371728174,8.533209730254756e-19,0.0,39924.0,0.0,0.0,0
0.007494144291144109,0.007953685117328978,1558.0,5193.0,0.0004613979110742357,1.173316337910029e-18,0.0,39924.0,0.0,0.0,0
0.007489553305221133,0.007953685117328978,1559.0,5193.0,0.00045680692515126124,-6.506572419319252e-19,0.0,39924.0,0.0,0.0,0
0.007485008000371346,0.007953685117328978,1560.0,5193.0,0.0004522616203014743,-1.4933117027945825e-19,0.0,39924.0,0.0,0.0,0
0.007480507922060479,0.007953685117328978,1561.0,5193.0,0.0004477615419906046,3.004400925860529e-18,0.0,39924.0,0.0,0.0,0
0.007476052620276944,0.007953685117328978,1562.0,5193.0,0.00044330624020706976,2.6097399758362466e-18,0.0,39924.0,0.0,0.0,0
0.00747164164948685,0.007953685117328978,1563.0,5193.0,0.00043889526941697757,1.863084124438955e-18,0.0,39924.0,0.0,0.0,0
0.007467274568589447,0.007953685117328978,1564.0,5193.0,0.00043452818851957533,4.977705675981941e-19,0.0,39924.0,0.0,0.0,0
0.007462950940873002,0.007953685117328978,1565.0,5193.0,0.00043020456080313283,-7.111008108545631e-19,0.0,39924.0,0.0,0.0,0
0.007458670333971148,0.007953685117328978,1566.0,5193.0,0.00042592395390127555,2.3217441474401484e-18,0.0,39924.0,0.0,0.0,0
0.007454432319819619,0.007953685117328978,1567.0,5193.0,0.0004216859397497449,1.3546470446779427e-18,0.0,39924.0,0.0,0.0,0
0.007450236474613469,0.007953685117328978,1568.0,5193.0,0.00041749009454359796,-2.168857473106417e-18,0.0,39924.0,0.0,0.0,0
0.007446082378764685,0.007953685117328978,1569.0,5193.0,0.0004133359986948137,6.115466973349242e-19,0.0,39924.0,0.0,0.0,0
0.007441969616860218,0.007953685117328978,1570.0,5193.0,0.00040922323679034705,-1.1342057933130281e-18,0.0,39924.0,0.0,0.0,0
0.007437897777620452,0.007953685117328978,1571.0,5193.0,0.0004051513975505786,2.2684115866260563e-18,0.0,39924.0,0.0,0.0,0
0.007433866453858063,0.007953685117328978,1572.0,5193.0,0.0004011200737881938,-2.9475128609921638e-18,0.0,39924.0,0.0,0.0,0
0.007429875242437329,0.007953685117328978,1573.0,5193.0,0.0003971288623674552,4.444380067841019e-18,0.0,39924.0,0.0,0.0,0
0.0074259237442337684,0.007953685117328978,1574.0,5193.0,0.0003931773641638958,1.0026521433049339e-18,0.0,39924.0,0.0,0.0,0
0.007422011564094274,0.007953685117328978,1575.0,5193.0,0.00038926518402440153,2.844403243418252e-19,0.0,39924.0,0.0,0.0,0
0.00741813831079757,0.007953685117328978,1576.0,5193.0,0.0003853919307276974,6.648792581490165e-19,0.0,39924.0,0.0,0.0,0
0.007414303597015099,0.007953685117328978,1577.0,5193.0,0.00038155721694522815,-5.902136730092873e-19,0.0,39924.0,0.0,0.0,0
0.007410507039272292,0.007953685117328978,1578.0,5193.0,0.00037776065920241785,1.1839828500728475e-18,0.0,39924.0,0.0,0.0,0
0.007406748257910204,0.007953685117328978,1579.0,5193.0,0.00037400187784033027,1.3759800690035795e-18,0.0,39924.0,0.0,0.0,0
0.007403026877047567,0.007953685117328978,1580.0,5193.0,0.0003702804969776952,2.31107763527733e-19,0.0,39924.0,0.0,0.0,0
0.007399342524543196,0.007953685117328978,1581.0,5193.0,0.0003665961444733262,-2.3928542285256047e-18,0.0,39924.0,0.0,0.0,0
0.007395694831958773,0.007953685117328978,1582.0,5193.0,0.0003629484518889035,-2.3466326758200582e-19,0.0,39924.0,0.0,0.0,0
0.007392083434522,0.007953685117328978,1583.0,5193.0,0.00035933705445212547,3.786611817800548e-18,0.0,39924.0,0.0,0.0,0
0.0073885079710901145,0.007953685117328978,1584.0,5193.0,0.00035576159102024334,1.7279749703765882e-18,0.0,39924.0,0.0,0.0,0
0.007384968084113801,0.007953685117328978,1585.0,5193.0,0.0003522217040439313,-3.448838932644631e-19,0.0,39924.0,0.0,0.0,0
0.007381463419601415,0.007953685117328978,1586.0,5193.0,0.00034871703953154255,-1.863084124438955e-18,0.0,39924.0,0.0,0.0,0
0.007377993627083581,0.007953685117328978,1587.0,5193.0,0.00034524724701370677,1.4968672068488552e-18,0.0,39924.0,0.0,0.0,0
0.007374558359578153,0.007953685117328978,1588.0,5193.0,0.0003418119795082777,2.0693033595867783e-18,0.0,39924.0,0.0,0.0,0
0.0073711572735555165,0.007953685117328978,1589.0,5193.0,0.00033841089348564477,1.3226475081894872e-18,0.0,39924.0,0.0,0.0,0
0.007367790028904243,0.007953685117328978,1590.0,5193.0,0.00033504364883437017,2.2613005785175105e-18,0.0,39924.0,0.0,0.0,0
0.007364456288897056,0.007953685117328978,1591.0,5193.0,0.0003317099088271829,1.2835369635924863e-18,0.0,39924.0,0.0,0.0,0
0.007361155720157175,0.007953685117328978,1592.0,5193.0,0.0003284093400873046,-4.586600230011932e-19,0.0,39924.0,0.0,0.0,0
0.007357887992624981,0.007953685117328978,1593.0,5193.0,0.00032514161255510986,-1.3510915406236698e-19,0.0,39924.0,0.0,0.0,0
0.007354652779524994,0.007953685117328978,1594.0,5193.0,0.000321906399455122,9.030980297852951e-19,0.0,39924.0,0.0,0.0,0
0.007351449757333208,0.007953685117328978,1595.0,5193.0,0.000318703377263338,-6.328797216605611e-19,0.0,39924.0,0.0,0.0,0
0.00734827860574474,0.007953685117328978,1596.0,5193.0,0.0003155322256748654,1.9377497095786845e-18,0.0,39924.0,0.0,0.0,0
0.007345139007641776,0.007953685117328978,1597.0,5193.0,0.0003123926275719063,-1.4222016217091261e-18,0.0,39924.0,0.0,0.0,0
0.0073420306490619034,0.007953685117328978,1598.0,5193.0,0.0003092842689920312,5.688806486836504e-19,0.0,39924.0,0.0,0.0,0
0.007338953219166666,0.007953685117328978,1599.0,5193.0,0.0003062068390967935,-3.555504054272815e-21,0.0,39924.0,0.0,0.0,0
0.007335906410210511,0.007953685117328978,1600.0,5193.0,0.0003031600301406387,1.1839828500728475e-18,0.0,39924.0,0.0,0.0,0
0.007332889917510006,0.007953685117328978,1601.0,5193.0,0.0003001435374401321,2.4390757812311514e-18,0.0,39924.0,0.0,0.0,0
0.007329903439413365,0.007953685117328978,1602.0,5193.0,0.0002971570593434897,3.096844031271622e-18,0.0,39924.0,0.0,0.0,0
0.007326946677270286,0.007953685117328978,1603.0,5193.0,0.00029420029720041363,-1.635531864965495e-19,0.0,39924.0,0.0,0.0,0
0.0073240193354021,0.007953685117328978,1604.0,5193.0,0.00029127295533222535,4.3448259543213804e-18,0.0,39924.0,0.0,0.0,0
0.007321121121072172,0.007953685117328978,1605.0,5193.0,0.00028837474100229965,1.0702067203361174e-18,0.0,39924.0,0.0,0.0,0
0.007318251744456658,0.007953685117328978,1606.0,5193.0,0.000285505364386786,2.9155133245037086e-19,0.0,39924.0,0.0,0.0,0
0.007315410918615508,0.007953685117328978,1607.0,5193.0,0.00028266453854563264,2.6346285042161563e-18,0.0,39924.0,0.0,0.0,0
0.007312598359463762,0.007953685117328978,1608.0,5193.0,0.0002798519793938892,1.0702067203361174e-18,0.0,39924.0,0.0,0.0,0
0.0073098137857431685,0.007953685117328978,1609.0,5193.0,0.0002770674056732955,2.0479703352611417e-18,0.0,39924.0,0.0,0.0,0
0.007307056918994031,0.007953685117328978,1610.0,5193.0,0.0002743105389241591,-1.1733163379100291e-19,0.0,39924.0,0.0,0.0,0
0.007304327483527379,0.007953685117328978,1611.0,5193.0,0.0002715811034575085,-7.71544379777201e-19,0.0,39924.0,0.0,0.0,0
0.007301625206397395,0.007953685117328978,1612.0,5193.0,0.000268878826327522,1.155538817638665e-18,0.0,39924.0,0.0,0.0,0
0.0072989498173741075,0.007953685117328978,1613.0,5193.0,0.0002662034373042346,2.154635456889326e-18,0.0,39924.0,0.0,0.0,0
0.007296301048916386,0.007953685117328978,1614.0,5193.0,0.00026355466884651516,-1.3510915406236698e-18,0.0,39924.0,0.0,0.0,0
0.007293678636145184,0.007953685117328978,1615.0,5193.0,0.0002609322560753083,4.099496174576556e-18,0.0,39924.0,0.0,0.0,0
0.007291082316817028,0.007953685117328978,1616.0,5193.0,0.00025833593674715483,1.731530474430861e-18,0.0,39924.0,0.0,0.0,0
0.007288511831297828,0.007953685117328978,1617.0,5193.0,0.00025576545122795645,-5.333256081409223e-19,0.0,39924.0,0.0,0.0,0
0.00728596692253689,0.007953685117328978,1618.0,5193.0,0.00025322054246701875,-1.539533255500129e-18,0.0,39924.0,0.0,0.0,0
0.0072834473360412185,0.007953685117328978,1619.0,5193.0,0.0002507009559713462,-3.6266141353582714e-19,0.0,39924.0,0.0,0.0,0
0.007280952819850062,0.007953685117328978,1620.0,5193.0,0.00024820643978018823,1.461312166306127e-18,0.0,39924.0,0.0,0.0,0
0.00727848312450972,0.007953685117328978,1621.0,5193.0,0.00024573674443984915,7.71544379777201e-19,0.0,39924.0,0.0,0.0,0
0.007276038003048608,0.007953685117328978,1622.0,5193.0,0.0002432916229787342,1.8950836609274105e-18,0.0,39924.0,0.0,0.0,0
0.007273617210952532,0.007953685117328978,1623.0,5193.0,0.00024087083088266098,1.5821993041514028e-18,0.0,39924.0,0.0,0.0,0
0.007271220506140274,0.007953685117328978,1624.0,5193.0,0.00023847412607040303,-2.773293162332796e-19,0.0,39924.0,0.0,0.0,0
0.00726884764893935,0.007953685117328978,1625.0,5193.0,0.00023610126886948002,-2.1617464649978717e-18,0.0,39924.0,0.0,0.0,0
0.007266498402062069,0.007953685117328978,1626.0,5193.0,0.00023375202199219623,-8.319879486998387e-19,0.0,39924.0,0.0,0.0,0
0.0072641725305817775,0.007953685117328978,1627.0,5193.0,0.00023142615051190607,1.5999768244227669e-18,0.0,39924.0,0.0,0.0,0
0.007261869801909395,0.007953685117328978,1628.0,5193.0,0.0002291234218395228,6.862122824746534e-19,0.0,39924.0,0.0,0.0,0
0.00725958998577013,0.007953685117328978,1629.0,5193.0,0.00022684360570025973,-2.6701835447588844e-18,0.0,39924.0,0.0,0.0,0
0.007257332854180478,0.007953685117328978,1630.0,5193.0,0.0002245864741106039,8.355434527541116e-19,0.0,39924.0,0.0,0.0,0
0.007255098181425386,0.007953685117328978,1631.0,5193.0,0.00022235180135551512,-1.9306387014701387e-18,0.0,39924.0,0.0,0.0,0
0.007252885744035728,0.007953685117328978,1632.0,5193.0,0.00022013936396585602,1.4257571257633988e-18,0.0,39924.0,0.0,0.0,0
0.007250695320765914,0.007953685117328978,1633.0,5193.0,0.00021794894069604323,1.599976824422767e-19,0.0,39924.0,0.0,0.0,0
0.007248526692571799,0.007953685117328978,1634.0,5193.0,0.00021578031250192576,1.8986391649816832e-18,0.0,39924.0,0.0,0.0,0
0.007246379642588747,0.007953685117328978,1635.0,5193.0,0.00021363326251887471,1.7777520271364076e-20,0.0,39924.0,0.0,0.0,0
0.007244253956109978,0.007953685117328978,1636.0,5193.0,0.00021150757604010477,1.941305213632957e-18,0.0,39924.0,0.0,0.0,0
0.007242149420565068,0.007953685117328978,1637.0,5193.0,0.00020940304049519524,1.6070878325313125e-18,0.0,39924.0,0.0,0.0,0
0.007240065825498709,0.007953685117328978,1638.0,5193.0,0.00020731944542883742,2.844403243418252e-19,0.0,39924.0,0.0,0.0,0
0.007238002962549663,0.007953685117328978,1639.0,5193.0,0.00020525658247979065,-1.422201621709126e-19,0.0,39924.0,0.0,0.0,0
0.007235960625429912,0.007953685117328978,1640.0,5193.0,0.0002032142453600388,1.8204180757876814e-18,0.0,39924.0,0.0,0.0,0
0.007233938609904044,0.007953685117328978,1641.0,5193.0,0.0002011922298341694,1.9306387014701387e-18,0.0,39924.0,0.0,0.0,0
0.007231936713768817,0.007953685117328978,1642.0,5193.0,0.00019919033369894374,2.0657478555325056e-18,0.0,39924.0,0.0,0.0,0
0.0072299547368329525,0.007953685117328978,1643.0,5193.0,0.0001972083567630803,9.066535338395678e-19,0.0,39924.0,0.0,0.0,0
0.007227992480897108,0.007953685117328978,1644.0,5193.0,0.0001952461008272351,1.6995309379424057e-18,0.0,39924.0,0.0,0.0,0
0.007226049749734052,0.007953685117328978,1645.0,5193.0,0.00019330336966417652,3.815055850234731e-18,0.0,39924.0,0.0,0.0,0
0.007224126349069045,0.007953685117328978,1646.0,5193.0,0.00019137996899917328,3.8399443786146403e-19,0.0,39924.0,0.0,0.0,0
0.007222222086560424,0.007953685117328978,1647.0,5193.0,0.00018947570649055243,3.235508689388262e-19,0.0,39924.0,0.0,0.0,0
0.007220336771780347,0.007953685117328978,1648.0,5193.0,0.00018759039171047765,-1.0310961757391164e-19,0.0,39924.0,0.0,0.0,0
0.0072184702161957725,0.007953685117328978,1649.0,5193.0,0.00018572383612589958,3.086177519108804e-18,0.0,39924.0,0.0,0.0,0
0.0072166222331495776,0.007953685117328978,1650.0,5193.0,0.00018387585307970425,1.2408709149412125e-18,0.0,39924.0,0.0,0.0,0
0.007214792637841921,0.007953685117328978,1651.0,5193.0,0.00018204625777204703,2.6204064879990647e-18,0.0,39924.0,0.0,0.0,0
0.007212981247311749,0.007953685117328978,1652.0,5193.0,0.00018023486724187438,3.4523944366989038e-18,0.0,39924.0,0.0,0.0,0
0.0072111878804184916,0.007953685117328978,1653.0,5193.0,0.00017844150034862104,-3.448838932644631e-19,0.0,39924.0,0.0,0.0,0
0.007209412357823977,0.007953685117328978,1654.0,5193.0,0.00017666597775410395,2.250634066354692e-18,0.0,39924.0,0.0,0.0,0
0.007207654501974457,0.007953685117328978,1655.0,5193.0,0.00017490812190458496,8.959870216767495e-19,0.0,39924.0,0.0,0.0,0
0.007205914137082886,0.007953685117328978,1656.0,5193.0,0.0001731677570130136,3.484393973187359e-19,0.0,39924.0,0.0,0.0,0
0.007204191089111323,0.007953685117328978,1657.0,5193.0,0.00017144470904145048,2.5528519109678814e-18,0.0,39924.0,0.0,0.0,0
0.007202485185753534,0.007953685117328978,1658.0,5193.0,0.00016973880568366302,-6.115466973349242e-19,0.0,39924.0,0.0,0.0,0
0.007200796256417765,0.007953685117328978,1659.0,5193.0,0.0001680498763478929,-5.724361527379232e-19,0.0,39924.0,0.0,0.0,0
0.00719912413220967,0.007953685117328978,1660.0,5193.0,0.00016637775213979922,-2.9510683650464366e-19,0.0,39924.0,0.0,0.0,0
0.007197468645915441,0.007953685117328978,1661.0,5193.0,0.0001647222658455685,1.791974043353499e-18,0.0,39924.0,0.0,0.0,0
0.007195829631985062,0.007953685117328978,1662.0,5193.0,0.00016308325191519108,-4.586600230011932e-19,0.0,39924.0,0.0,0.0,0
0.007194206926515782,0.007953685117328978,1663.0,5193.0,0.00016146054644590894,8.568764770797485e-19,0.0,39924.0,0.0,0.0,0
0.007192600367235692,0.007953685117328978,1664.0,5193.0,0.00015985398716582185,-5.759916567921961e-19,0.0,39924.0,0.0,0.0,0
0.007191009793487534,0.007953685117328978,1665.0,5193.0,0.0001582634134176632,-2.2044125136491453e-19,0.0,39924.0,0.0,0.0,0
0.007189435046212607,0.007953685117328978,1666.0,5193.0,0.00015668866614273308,3.1715096164113514e-18,0.0,39924.0,0.0,0.0,0
0.007187875967934866,0.007953685117328978,1667.0,5193.0,0.000155129587864992,2.7021830812473396e-19,0.0,39924.0,0.0,0.0,0
0.007186332402745183,0.007953685117328978,1668.0,5193.0,0.00015358602267531198,-1.9021946690359563e-18,0.0,39924.0,0.0,0.0,0
0.0071848041962857614,0.007953685117328978,1669.0,5193.0,0.00015205781621588856,5.404366162494679e-19,0.0,39924.0,0.0,0.0,0
0.007183291195734677,0.007953685117328978,1670.0,5193.0,0.000150544815664802,3.77594530563773e-18,0.0,39924.0,0.0,0.0,0
0.007181793249790609,0.007953685117328978,1671.0,5193.0,0.00014904686972073712,2.4532977974482427e-19,0.0,39924.0,0.0,0.0,0
0.007180310208657718,0.007953685117328978,1672.0,5193.0,0.00014756382858784945,-1.383091077112125e-18,0.0,39924.0,0.0,0.0,0
0.007178841924030663,0.007953685117328978,1673.0,5193.0,0.00014609554396078996,7.039898027460174e-19,0.0,39924.0,0.0,0.0,0
0.007177388249079747,0.007953685117328978,1674.0,5193.0,0.00014464186900987595,8.533209730254756e-19,0.0,39924.0,0.0,0.0,0
0.007175949038436269,0.007953685117328978,1675.0,5193.0,0.00014320265836639573,1.2870924676467592e-18,0.0,39924.0,0.0,0.0,0
0.007174524148177961,0.007953685117328978,1676.0,5193.0,0.00014177776810808904,2.0728588636410514e-18,0.0,39924.0,0.0,0.0,0
0.007173113435814613,0.007953685117328978,1677.0,5193.0,0.0001403670557447422,-9.42208574382296e-19,0.0,39924.0,0.0,0.0,0
0.007171716760273816,0.007953685117328978,1678.0,5193.0,0.00013897038020394133,2.9261798366665268e-18,0.0,39924.0,0.0,0.0,0
0.007170333981886844,0.007953685117328978,1679.0,5193.0,0.00013758760181697098,-6.435462338233796e-19,0.0,39924.0,0.0,0.0,0
0.00716896496237471,0.007953685117328978,1680.0,5193.0,0.0001362185823048398,-1.4328681338719446e-18,0.0,39924.0,0.0,0.0,0
0.007167609564834328,0.007953685117328978,1681.0,5193.0,0.00013486318476445318,2.1653019690521444e-18,0.0,39924.0,0.0,0.0,0
0.007166267653724803,0.007953685117328978,1682.0,5193.0,0.00013352127365493088,1.2088713784527572e-18,0.0,39924.0,0.0,0.0,0
0.007164939094853912,0.007953685117328978,1683.0,5193.0,0.00013219271478404136,-2.7021830812473396e-19,0.0,39924.0,0.0,0.0,0
0.007163623755364662,0.007953685117328978,1684.0,5193.0,0.00013087737529479063,1.9697492460671396e-18,0.0,39924.0,0.0,0.0,0
0.0071623215037220096,0.007953685117328978,1685.0,5193.0,0.00012957512365213556,3.1146215515429862e-18,0.0,39924.0,0.0,0.0,0
0.007161032209699697,0.007953685117328978,1686.0,5193.0,0.0001282858296298241,1.6497538811825863e-18,0.0,39924.0,0.0,0.0,0
0.007159755744367256,0.007953685117328978,1687.0,5193.0,0.00012700936429738176,1.1057617608788455e-18,0.0,39924.0,0.0,0.0,0
0.007158491980077082,0.007953685117328978,1688.0,5193.0,0.00012574560000721055,1.959082733904321e-18,0.0,39924.0,0.0,0.0,0
0.0071572407904517,0.007953685117328978,1689.0,5193.0,0.00012449441038182843,5.688806486836504e-19,0.0,39924.0,0.0,0.0,0
0.007156002050371103,0.007953685117328978,1690.0,5193.0,0.00012325567030122963,6.684347622032893e-19,0.0,39924.0,0.0,0.0,0
0.0071547756359602475,0.007953685117328978,1691.0,5193.0,0.00012202925589037496,1.2870924676467592e-18,0.0,39924.0,0.0,0.0,0
0.007153561424576674,0.007953685117328978,1692.0,5193.0,0.0001208150445068004,3.3990618758848113e-18,0.0,39924.0,0.0,0.0,0
0.007152359294798229,0.007953685117328978,1693.0,5193.0,0.00011961291472835635,1.7279749703765882e-18,0.0,39924.0,0.0,0.0,0
0.007151169126410936,0.007953685117328978,1694.0,5193.0,0.00011842274634106183,4.7999304732683e-19,0.0,39924.0,0.0,0.0,0
0.00714999080039696,0.007953685117328978,1695.0,5193.0,0.0001172444203270888,-6.791012743661077e-19,0.0,39924.0,0.0,0.0,0
0.007148824198922724,0.007953685117328978,1696.0,5193.0,0.00011607781885285226,-9.777636149250242e-19,0.0,39924.0,0.0,0.0,0
0.007147669205327105,0.007953685117328978,1697.0,5193.0,0.00011492282525723166,3.9572760124056434e-18,0.0,39924.0,0.0,0.0,0
0.007146525704109779,0.007953685117328978,1698.0,5193.0,0.00011377932403990676,1.884417148764592e-18,0.0,39924.0,0.0,0.0,0
0.007145393580919676,0.007953685117328978,1699.0,5193.0,0.00011264720084980251,1.1199837770959367e-18,0.0,39924.0,0.0,0.0,0
0.007144272722543528,0.007953685117328978,1700.0,5193.0,0.00011152634247365645,-9.493195824908416e-19,0.0,39924.0,0.0,0.0,0
0.0071431630168945675,0.007953685117328978,1701.0,5193.0,0.0001104166368246958,-9.493195824908416e-19,0.0,39924.0,0.0,0.0,0
0.007142064353001307,0.007953685117328978,1702.0,5193.0,0.00010931797293143302,8.568764770797485e-19,0.0,39924.0,0.0,0.0,0
0.007140976620996432,0.007953685117328978,1703.0,5193.0,0.0001082302409265609,-1.6817534176710416e-18,0.0,39924.0,0.0,0.0,0
0.0071398997121058455,0.007953685117328978,1704.0,5193.0,0.000107153332035974,2.133302432563689e-20,0.0,39924.0,0.0,0.0,0
0.007138833518637758,0.007953685117328978,1705.0,5193.0,0.00010608713856788574,1.1484278095301193e-18,0.0,39924.0,0.0,0.0,0
0.007137777933971932,0.007953685117328978,1706.0,5193.0,0.00010503155390206048,-9.777636149250242e-19,0.0,39924.0,0.0,0.0,0
0.007136732852549024,0.007953685117328978,1707.0,5193.0,0.00010398647247915136,2.5457409028593356e-18,0.0,39924.0,0.0,0.0,0
0.0071356981698600195,0.007953685117328978,1708.0,5193.0,0.00010295178979014614,4.1243847029564657e-19,0.0,39924.0,0.0,0.0,0
0.0071346737824357865,0.007953685117328978,1709.0,5193.0,0.00010192740236591407,1.2622039392668495e-18,0.0,39924.0,0.0,0.0,0
0.007133659587836733,0.007953685117328978,1710.0,5193.0,0.00010091320776685735,4.686154343531571e-18,0.0,39924.0,0.0,0.0,0
0.007132655484642544,0.007953685117328978,1711.0,5193.0,9.990910457267319e-05,5.297701040866494e-19,0.0,39924.0,0.0,0.0,0
0.007131661372442071,0.007953685117328978,1712.0,5193.0,9.891499237220276e-05,-2.168857473106417e-18,0.0,39924.0,0.0,0.0,0
0.007130677151823271,0.007953685117328978,1713.0,5193.0,9.793077175339916e-05,-3.875499419157369e-19,0.0,39924.0,0.0,0.0,0
0.007129702724363254,0.007953685117328978,1714.0,5193.0,9.695634429338048e-05,2.7981816907127056e-18,0.0,39924.0,0.0,0.0,0
0.007128737992618463,0.007953685117328978,1715.0,5193.0,9.599161254858934e-05,2.9404018528836184e-18,0.0,39924.0,0.0,0.0,0
0.007127782860114917,0.007953685117328978,1716.0,5193.0,9.503648004504492e-05,-1.9199721893073201e-19,0.0,39924.0,0.0,0.0,0
0.007126837231338576,0.007953685117328978,1717.0,5193.0,9.409085126870276e-05,9.955411351963883e-19,0.0,39924.0,0.0,0.0,0
0.007125901011725769,0.007953685117328978,1718.0,5193.0,9.315463165589658e-05,-2.4888528379909707e-19,0.0,39924.0,0.0,0.0,0
0.007124974107653758,0.007953685117328978,1719.0,5193.0,9.222772758388643e-05,6.93323290583199e-19,0.0,39924.0,0.0,0.0,0
0.007124056426431361,0.007953685117328978,1720.0,5193.0,9.131004636148939e-05,9.955411351963883e-20,0.0,39924.0,0.0,0.0,0
0.007123147876289695,0.007953685117328978,1721.0,5193.0,9.040149621982187e-05,2.7092940893558853e-18,0.0,39924.0,0.0,0.0,0
0.007122248366372984,0.007953685117328978,1722.0,5193.0,8.950198630311078e-05,2.0479703352611417e-18,0.0,39924.0,0.0,0.0,0
0.007121357806729488,0.007953685117328978,1723.0,5193.0,8.861142665961455e-05,2.9155133245037086e-19,0.0,39924.0,0.0,0.0,0
0.007120476108302502,0.007953685117328978,1724.0,5193.0,8.772972823262877e-05,2.353743683928604e-18,0.0,39924.0,0.0,0.0,0
0.007119603182921446,0.007953685117328978,1725.0,5193.0,8.685680285157373e-05,2.332410659602967e-18,0.0,39924.0,0.0,0.0,0
0.007118738943293055,0.007953685117328978,1726.0,5193.0,8.59925632231851e-05,-1.1839828500728475e-18,0.0,39924.0,0.0,0.0,0
0.007117883302992651,0.007953685117328978,1727.0,5193.0,8.513692292277817e-05,1.0133186554677524e-18,0.0,39924.0,0.0,0.0,0
0.0071170361764554884,0.007953685117328978,1728.0,5193.0,8.428979638561261e-05,5.973246811178329e-18,0.0,39924.0,0.0,0.0,0
0.0071161974789682,0.007953685117328978,1729.0,5193.0,8.345109889832705e-05,6.897677865289262e-19,0.0,39924.0,0.0,0.0,0
0.007115367126660345,0.007953685117328978,1730.0,5193.0,8.26207465904741e-05,-1.0275406716848436e-18,0.0,39924.0,0.0,0.0,0
0.007114545036496004,0.007953685117328978,1731.0,5193.0,8.179865642613118e-05,2.4852973339366977e-18,0.0,39924.0,0.0,0.0,0
0.007113731126265468,0.007953685117328978,1732.0,5193.0,8.098474619559595e-05,-2.407076244742696e-18,0.0,39924.0,0.0,0.0,0
0.007112925314577042,0.007953685117328978,1733.0,5193.0,8.017893450716905e-05,2.7377381217900677e-18,0.0,39924.0,0.0,0.0,0
0.00711212752084888,0.007953685117328978,1734.0,5193.0,7.938114077900846e-05,6.079911932806514e-19,0.0,39924.0,0.0,0.0,0
0.007111337665300947,0.007953685117328978,1735.0,5193.0,7.859128523107596e-05,-1.6888644257795872e-18,0.0,39924.0,0.0,0.0,0
0.007110555668947035,0.007953685117328978,1736.0,5193.0,7.780928887715986e-05,2.5066303582623347e-18,0.0,39924.0,0.0,0.0,0
0.007109781453586845,0.007953685117328978,1737.0,5193.0,7.703507351697325e-05,1.2373154108869398e-18,0.0,39924.0,0.0,0.0,0
0.007109014941798207,0.007953685117328978,1738.0,5193.0,7.626856172833473e-05,-1.2622039392668495e-18,0.0,39924.0,0.0,0.0,0
0.007108256056929299,0.007953685117328978,1739.0,5193.0,7.550967685942617e-05,3.231953185333989e-18,0.0,39924.0,0.0,0.0,0
0.007107504723091003,0.007953685117328978,1740.0,5193.0,7.475834302112777e-05,1.791974043353499e-18,0.0,39924.0,0.0,0.0,0
0.007106760865149302,0.007953685117328978,1741.0,5193.0,7.401448507943121e-05,-1.5359777514458561e-18,0.0,39924.0,0.0,0.0,0
0.007106024408717796,0.007953685117328978,1742.0,5193.0,7.327802864792076e-05,1.4933117027945823e-18,0.0,39924.0,0.0,0.0,0
0.007105295280150214,0.007953685117328978,1743.0,5193.0,7.254890008034139e-05,1.6995309379424057e-18,0.0,39924.0,0.0,0.0,0
0.007104573406533102,0.007953685117328978,1744.0,5193.0,7.182702646322632e-05,2.2008570095948726e-18,0.0,39924.0,0.0,0.0,0
0.007103858715678487,0.007953685117328978,1745.0,5193.0,7.111233560861489e-05,3.3990618758848113e-18,0.0,39924.0,0.0,0.0,0
0.007103151136116698,0.007953685117328978,1746.0,5193.0,7.040475604682382e-05,1.1128727689873911e-18,0.0,39924.0,0.0,0.0,0
0.007102450597089182,0.007953685117328978,1747.0,5193.0,6.970421701930886e-05,2.4888528379909707e-19,0.0,39924.0,0.0,0.0,0
0.007101757028541454,0.007953685117328978,1748.0,5193.0,6.901064847158182e-05,6.435462338233796e-19,0.0,39924.0,0.0,0.0,0
0.007101070361116084,0.007953685117328978,1749.0,5193.0,6.832398104621295e-05,1.791974043353499e-18,0.0,39924.0,0.0,0.0,0
0.007100390526145755,0.007953685117328978,1750.0,5193.0,6.764414607588433e-05,-8.67542989242567e-19,0.0,39924.0,0.0,0.0,0
0.0070997174556464045,0.007953685117328978,1751.0,5193.0,6.697107557653385e-05,5.048815757067397e-19,0.0,39924.0,0.0,0.0,0
0.007099051082310423,0.007953685117328978,1752.0,5193.0,6.630470224055029e-05,7.324338351802e-19,0.0,39924.0,0.0,0.0,0
0.007098391339499916,0.007953685117328978,1753.0,5193.0,6.564495943004507e-05,-2.712849593410158e-18,0.0,39924.0,0.0,0.0,0
0.0070977381612400605,0.007953685117328978,1754.0,5193.0,6.499178117018647e-05,1.0133186554677524e-18,0.0,39924.0,0.0,0.0,0
0.007097091482212476,0.007953685117328978,1755.0,5193.0,6.434510214260592e-05,-5.013260716524669e-19,0.0,39924.0,0.0,0.0,0
0.007096451237748733,0.007953685117328978,1756.0,5193.0,6.370485767885997e-05,2.9688458853178008e-18,0.0,39924.0,0.0,0.0,0
0.007095817363823843,0.007953685117328978,1757.0,5193.0,6.307098375396995e-05,2.055081343369687e-18,0.0,39924.0,0.0,0.0,0
0.007095189797049885,0.007953685117328978,1758.0,5193.0,6.244341698001513e-05,2.133302432563689e-20,0.0,39924.0,0.0,0.0,0
0.007094568474669664,0.007953685117328978,1759.0,5193.0,6.182209459979382e-05,-1.1697608338557561e-18,0.0,39924.0,0.0,0.0,0
0.007093953334550424,0.007953685117328978,1760.0,5193.0,6.120695448055004e-05,4.479935108383748e-19,0.0,39924.0,0.0,0.0,0
0.007093344315177634,0.007953685117328978,1761.0,5193.0,6.059793510776204e-05,2.4532977974482427e-19,0.0,39924.0,0.0,0.0,0
0.007092741355648856,0.007953685117328978,1762.0,5193.0,5.999497557898349e-05,1.3368695244065786e-18,0.0,39924.0,0.0,0.0,0
0.00709214439566763,0.007953685117328978,1763.0,5193.0,5.9398015597757945e-05,9.670971027622057e-19,0.0,39924.0,0.0,0.0,0
0.007091553375537462,0.007953685117328978,1764.0,5193.0,5.880699546759033e-05,-2.808848202875524e-19,0.0,39924.0,0.0,0.0,0
0.007090968236155848,0.007953685117328978,1765.0,5193.0,5.822185608597587e-05,8.782095014053854e-19,0.0,39924.0,0.0,0.0,0
0.007090388919008361,0.007953685117328978,1766.0,5193.0,5.7642538938488876e-05,1.461312166306127e-18,0.0,39924.0,0.0,0.0,0
0.007089815366162802,0.007953685117328978,1767.0,5193.0,5.7068986092930784e-05,3.9110544597000968e-19,0.0,39924.0,0.0,0.0,0
0.00708924752026341,0.007953685117328978,1768.0,5193.0,5.6501140193539e-05,1.4150906136005805e-18,0.0,39924.0,0.0,0.0,0
0.007088685324525124,0.007953685117328978,1769.0,5193.0,5.593894445525162e-05,4.7999304732683e-19,0.0,39924.0,0.0,0.0,0
0.0070881287227278975,0.007953685117328978,1770.0,5193.0,5.5382342658026064e-05,-6.399907297691068e-20,0.0,39924.0,0.0,0.0,0
0.007087577659211091,0.007953685117328978,1771.0,5193.0,5.483127914121836e-05,2.481741829882425e-18,0.0,39924.0,0.0,0.0,0
0.007087032078867887,0.007953685117328978,1772.0,5193.0,5.42856987980179e-05,-1.731530474430861e-18,0.0,39924.0,0.0,0.0,0
0.007086491927139803,0.007953685117328978,1773.0,5193.0,5.374554706993422e-05,-1.9981932785013224e-18,0.0,39924.0,0.0,0.0,0
0.007085957150011216,0.007953685117328978,1774.0,5193.0,5.321076994134672e-05,-4.45860208405811e-18,0.0,39924.0,0.0,0.0,0
0.007085427694003967,0.007953685117328978,1775.0,5193.0,5.2681313934095495e-05,1.2053158743984843e-18,0.0,39924.0,0.0,0.0,0
0.007084903506172013,0.007953685117328978,1776.0,5193.0,5.21571261021391e-05,4.1279402070107386e-18,0.0,39924.0,0.0,0.0,0
0.007084384534096129,0.007953685117328978,1777.0,5193.0,5.1638154026257476e-05,2.271967090680329e-18,0.0,39924.0,0.0,0.0,0
0.007083870725878684,0.007953685117328978,1778.0,5193.0,5.112434580880985e-05,2.7448491298986135e-18,0.0,39924.0,0.0,0.0,0
0.0070833620301384214,0.007953685117328978,1779.0,5193.0,5.06156500685468e-05,3.406172883993357e-18,0.0,39924.0,0.0,0.0,0
0.007082858396005341,0.007953685117328978,1780.0,5193.0,5.0112015935471113e-05,-8.604319811340213e-19,0.0,39924.0,0.0,0.0,0
0.007082359773115622,0.007953685117328978,1781.0,5193.0,4.961339304574862e-05,-3.875499419157369e-19,0.0,39924.0,0.0,0.0,0
0.007081866111606547,0.007953685117328978,1782.0,5193.0,4.911973153667624e-05,-1.32620301224376e-18,0.0,39924.0,0.0,0.0,0
0.007081377362111563,0.007953685117328978,1783.0,5193.0,4.8630982041689376e-05,2.2364120501376008e-18,0.0,39924.0,0.0,0.0,0
0.007080893475755307,0.007953685117328978,1784.0,5193.0,4.8147095685433255e-05,-3.27106372993099e-19,0.0,39924.0,0.0,0.0,0
0.0070804144041487415,0.007953685117328978,1785.0,5193.0,4.7668024078869105e-05,1.3155365000809416e-18,0.0,39924.0,0.0,0.0,0
0.007079940099384308,0.007953685117328978,1786.0,5193.0,4.71937193144356e-05,1.365313556840761e-18,0.0,39924.0,0.0,0.0,0
0.007079470514031135,0.007953685117328978,1787.0,5193.0,4.6724133961261844e-05,1.383091077112125e-18,0.0,39924.0,0.0,0.0,0
0.007079005601130293,0.007953685117328978,1788.0,5193.0,4.62592210604216e-05,-1.422201621709126e-20,0.0,39924.0,0.0,0.0,0
0.007078545314190111,0.007953685117328978,1789.0,5193.0,4.5798934120236245e-05,3.2426196974968074e-18,0.0,39924.0,0.0,0.0,0
0.007078089607181502,0.007953685117328978,1790.0,5193.0,4.534322711162868e-05,4.7110428719114804e-18,0.0,39924.0,0.0,0.0,0
0.007077638434533392,0.007953685117328978,1791.0,5193.0,4.489205446351801e-05,1.3510915406236698e-18,0.0,39924.0,0.0,0.0,0
0.007077191751128141,0.007953685117328978,1792.0,5193.0,4.444537105826499e-05,2.175968481214963e-18,0.0,39924.0,0.0,0.0,0
0.00707674951229703,0.007953685117328978,1793.0,5193.0,4.4003132227155635e-05,1.8737506366017735e-18,0.0,39924.0,0.0,0.0,0
0.007076311673815811,0.007953685117328978,1794.0,5193.0,4.356529374593816e-05,7.750998838314738e-19,0.0,39924.0,0.0,0.0,0
0.007075878191900272,0.007953685117328978,1795.0,5193.0,4.3131811830399886e-05,2.417742756905514e-19,0.0,39924.0,0.0,0.0,0
0.007075449023201859,0.007953685117328978,1796.0,5193.0,4.2702643131987396e-05,-6.435462338233796e-19,0.0,39924.0,0.0,0.0,0
0.007075024124803346,0.007953685117328978,1797.0,5193.0,4.2277744733474225e-05,1.635531864965495e-19,0.0,39924.0,0.0,0.0,0
0.00707460345421454,0.007953685117328978,1798.0,5193.0,4.1857074144665914e-05,3.605281111032635e-18,0.0,39924.0,0.0,0.0,0
0.0070741869693680265,0.007953685117328978,1799.0,5193.0,4.144058929815324e-05,1.0808732324989359e-18,0.0,39924.0,0.0,0.0,0
0.007073774628614978,0.007953685117328978,1800.0,5193.0,4.102824854510388e-05,2.8550697555810708e-18,0.0,39924.0,0.0,0.0,0
0.007073366390720973,0.007953685117328978,1801.0,5193.0,4.062001065110053e-05,1.8701951325475008e-18,0.0,39924.0,0.0,0.0,0
0.007072962214861884,0.007953685117328978,1802.0,5193.0,4.021583479201062e-05,2.2044125136491453e-18,0.0,39924.0,0.0,0.0,0
0.007072562060619787,0.007953685117328978,1803.0,5193.0,3.98156805499147e-05,1.1733163379100291e-19,0.0,39924.0,0.0,0.0,0
0.007072165887978926,0.007953685117328978,1804.0,5193.0,3.941950790905328e-05,2.8657362677438893e-18,0.0,39924.0,0.0,0.0,0
0.007071773657321706,0.007953685117328978,1805.0,5193.0,3.902727725183183e-05,-2.773293162332796e-19,0.0,39924.0,0.0,0.0,0
0.0070713853294247335,0.007953685117328978,1806.0,5193.0,3.8638949354858606e-05,1.5146447271202193e-18,0.0,39924.0,0.0,0.0,0
0.007071000865454891,0.007953685117328978,1807.0,5193.0,3.825448538502014e-05,5.19103591923831e-19,0.0,39924.0,0.0,0.0,0
0.007070620226965473,0.007953685117328978,1808.0,5193.0,3.787384689559963e-05,1.9946377744470493e-18,0.0,39924.0,0.0,0.0,0
0.007070243375892301,0.007953685117328978,1809.0,5193.0,3.749699582242956e-05,7.11100810854563e-21,0.0,39924.0,0.0,0.0,0
0.007069870274549961,0.007953685117328978,1810.0,5193.0,3.712389448009002e-05,-2.289744610951693e-18,0.0,39924.0,0.0,0.0,0
0.007069500885628005,0.007953685117328978,1811.0,5193.0,3.6754505558134514e-05,-1.5573107757714931e-18,0.0,39924.0,0.0,0.0,0
0.007069135172187233,0.007953685117328978,1812.0,5193.0,3.638879211736371e-05,-1.6390873690197678e-18,0.0,39924.0,0.0,0.0,0
0.007068773097656001,0.007953685117328978,1813.0,5193.0,3.602671758612954e-05,-2.0266373109355046e-19,0.0,39924.0,0.0,0.0,0
0.007068414625826547,0.007953685117328978,1814.0,5193.0,3.5668245756675547e-05,-5.795471608464689e-19,0.0,39924.0,0.0,0.0,0
0.007068059720851394,0.007953685117328978,1815.0,5193.0,3.5313340781521544e-05,1.6568648892911319e-18,0.0,39924.0,0.0,0.0,0
0.007067708347239745,0.007953685117328978,1816.0,5193.0,3.496196716987233e-05,1.91997218930732e-18,0.0,39924.0,0.0,0.0,0
0.007067360469853947,0.007953685117328978,1817.0,5193.0,3.461408978407659e-05,-1.2266488987241213e-18,0.0,39924.0,0.0,0.0,0
0.007067016053905976,0.007953685117328978,1818.0,5193.0,3.426967383610319e-05,2.190190497432054e-18,0.0,39924.0,0.0,0.0,0
0.007066675064953943,0.007953685117328978,1819.0,5193.0,3.392868488407221e-05,3.555504054272815e-21,0.0,39924.0,0.0,0.0,0
0.007066337468898678,0.007953685117328978,1820.0,5193.0,3.35910888288039e-05,2.9937344136977104e-18,0.0,39924.0,0.0,0.0,0
0.007066003231980281,0.007953685117328978,1821.0,5193.0,3.325685191041142e-05,-2.3821877163627862e-19,0.0,39924.0,0.0,0.0,0
0.007065672320774796,0.007953685117328978,1822.0,5193.0,3.292594070492227e-05,7.253228270716543e-19,0.0,39924.0,0.0,0.0,0
0.0070653447021908145,0.007953685117328978,1823.0,5193.0,3.259832212094363e-05,-2.367965700145695e-18,0.0,39924.0,0.0,0.0,0
0.0070650203434662155,0.007953685117328978,1824.0,5193.0,3.227396339634202e-05,2.481741829882425e-18,0.0,39924.0,0.0,0.0,0
0.007064699212164848,0.007953685117328978,1825.0,5193.0,3.195283209497529e-05,6.328797216605611e-19,0.0,39924.0,0.0,0.0,0
0.007064381276173319,0.007953685117328978,1826.0,5193.0,3.1634896103445335e-05,2.5670739271849726e-18,0.0,39924.0,0.0,0.0,0
0.007064066503697761,0.007953685117328978,1827.0,5193.0,3.132012362788847e-05,1.7741965230821347e-18,0.0,39924.0,0.0,0.0,0
0.007063754863260666,0.007953685117328978,1828.0,5193.0,3.100848319079428e-05,-1.521755735228765e-18,0.0,39924.0,0.0,0.0,0
0.0070634463236977345,0.007953685117328978,1829.0,5193.0,3.069994362785964e-05,5.038149244904579e-18,0.0,39924.0,0.0,0.0,0
0.007063140854154745,0.007953685117328978,1830.0,5193.0,3.0394474084872133e-05,2.5919624555648823e-18,0.0,39924.0,0.0,0.0,0
0.007062838424084492,0.007953685117328978,1831.0,5193.0,3.009204401462039e-05,3.9466095002428248e-19,0.0,39924.0,0.0,0.0,0
0.007062539003243718,0.007953685117328978,1832.0,5193.0,2.9792623173848098e-05,-6.364352257148339e-19,0.0,39924.0,0.0,0.0,0
0.007062242561690089,0.007953685117328978,1833.0,5193.0,2.9496181620218953e-05,-2.8728472758524347e-18,0.0,39924.0,0.0,0.0,0
0.0070619490697792055,0.007953685117328978,1834.0,5193.0,2.9202689709333373e-05,7.537668595058369e-19,0.0,39924.0,0.0,0.0,0
0.007061658498161625,0.007953685117328978,1835.0,5193.0,2.8912118091754288e-05,-2.094191887966688e-18,0.0,39924.0,0.0,0.0,0
0.0070613708177799505,0.007953685117328978,1836.0,5193.0,2.8624437710077313e-05,1.3190920041352145e-18,0.0,39924.0,0.0,0.0,0
0.007061085999865899,0.007953685117328978,1837.0,5193.0,2.8339619796025762e-05,3.249730705605353e-18,0.0,39924.0,0.0,0.0,0
0.007060804015937444,0.007953685117328978,1838.0,5193.0,2.8057635867570006e-05,3.160843104248533e-18,0.0,39924.0,0.0,0.0,0
0.0070605248377959545,0.007953685117328978,1839.0,5193.0,2.7778457726082423e-05,1.0666512162818447e-18,0.0,39924.0,0.0,0.0,0
0.007060248437523388,0.007953685117328978,1840.0,5193.0,2.7502057453515705e-05,3.0115119339690743e-18,0.0,39924.0,0.0,0.0,0
0.007059974787479487,0.007953685117328978,1841.0,5193.0,2.7228407409614194e-05,3.175065120465624e-18,0.0,39924.0,0.0,0.0,0
0.007059703860299014,0.007953685117328978,1842.0,5193.0,2.695748022914189e-05,1.3226475081894872e-18,0.0,39924.0,0.0,0.0,0
0.007059435628889031,0.007953685117328978,1843.0,5193.0,2.6689248819158712e-05,1.866639628493228e-18,0.0,39924.0,0.0,0.0,0
0.007059170066426174,0.007953685117328978,1844.0,5193.0,2.6423686356298264e-05,5.3225895692464046e-18,0.0,39924.0,0.0,0.0,0
0.007058907146353965,0.007953685117328978,1845.0,5193.0,2.6160766284094185e-05,-1.7208639622680427e-18,0.0,39924.0,0.0,0.0,0
0.00705864684238019,0.007953685117328978,1846.0,5193.0,2.590046231031777e-05,-7.217673230173815e-19,0.0,39924.0,0.0,0.0,0
0.00705838912847423,0.007953685117328978,1847.0,5193.0,2.5642748404357312e-05,2.385743220417059e-18,0.0,39924.0,0.0,0.0,0
0.0070581339788644785,0.007953685117328978,1848.0,5193.0,2.5387598794604923e-05,6.293242176062883e-19,0.0,39924.0,0.0,0.0,0
0.0070578813680357635,0.007953685117328978,1849.0,5193.0,2.5134987965889674e-05,5.290590032757949e-18,0.0,39924.0,0.0,0.0,0
0.007057631270726787,0.007953685117328978,1850.0,5193.0,2.4884890656916493e-05,-5.759916567921961e-19,0.0,39924.0,0.0,0.0,0
0.0070573836619276156,0.007953685117328978,1851.0,5193.0,2.4637281857746213e-05,-1.5644217838800387e-18,0.0,39924.0,0.0,0.0,0
0.007057138516877166,0.007953685117328978,1852.0,5193.0,2.4392136807293175e-05,2.9866234055891647e-18,0.0,39924.0,0.0,0.0,0
0.00705689581106072,0.007953685117328978,1853.0,5193.0,2.4149430990847204e-05,9.848746230335698e-19,0.0,39924.0,0.0,0.0,0
0.007056655520207498,0.007953685117328978,1854.0,5193.0,2.3909140137625097e-05,1.1910938581813931e-18,0.0,39924.0,0.0,0.0,0
0.0070564176202882155,0.007953685117328978,1855.0,5193.0,2.367124021834106e-05,3.626614135358271e-18,0.0,39924.0,0.0,0.0,0
0.007056182087512679,0.007953685117328978,1856.0,5193.0,2.3435707442805754e-05,1.5608662798257658e-18,0.0,39924.0,0.0,0.0,0
0.007055948898327417,0.007953685117328978,1857.0,5193.0,2.3202518257543982e-05,1.6710869055082233e-18,0.0,39924.0,0.0,0.0,0
0.0070557180294133146,0.007953685117328978,1858.0,5193.0,2.2971649343442986e-05,-1.695975433888133e-18,0.0,39924.0,0.0,0.0,0
0.007055489457683291,0.007953685117328978,1859.0,5193.0,2.2743077613420264e-05,-2.631073000161883e-19,0.0,39924.0,0.0,0.0,0
0.007055263160279982,0.007953685117328978,1860.0,5193.0,2.2516780210111018e-05,8.106549243742018e-19,0.0,39924.0,0.0,0.0,0
0.007055039114573459,0.007953685117328978,1861.0,5193.0,2.2292734503586953e-05,-1.0026521433049339e-18,0.0,39924.0,0.0,0.0,0
0.007054817298158963,0.007953685117328978,1862.0,5193.0,2.2070918089090324e-05,1.383091077112125e-18,0.0,39924.0,0.0,0.0,0
0.007054597688854668,0.007953685117328978,1863.0,5193.0,2.1851308784795918e-05,1.6070878325313125e-18,0.0,39924.0,0.0,0.0,0
0.00705438026469946,0.007953685117328978,1864.0,5193.0,2.1633884629588347e-05,-1.5857548082056757e-18,0.0,39924.0,0.0,0.0,0
0.007054165003950749,0.007953685117328978,1865.0,5193.0,2.1418623880872643e-05,5.564363844936956e-18,0.0,39924.0,0.0,0.0,0
0.00705395188508227,0.007953685117328978,1866.0,5193.0,2.1205505012394446e-05,3.7972783299633664e-18,0.0,39924.0,0.0,0.0,0
0.0070537408867819605,0.007953685117328978,1867.0,5193.0,2.099450671208834e-05,1.0737622243903903e-18,0.0,39924.0,0.0,0.0,0
0.00705353198794982,0.007953685117328978,1868.0,5193.0,2.0785607879949314e-05,-2.218634529866237e-18,0.0,39924.0,0.0,0.0,0
0.007053325167695794,0.007953685117328978,1869.0,5193.0,2.0578787625918508e-05,4.174161759716285e-18,0.0,39924.0,0.0,0.0,0
0.0070531204053376735,0.007953685117328978,1870.0,5193.0,2.0374025267800837e-05,4.1706062556620126e-18,0.0,39924.0,0.0,0.0,0
0.00705291768039906,0.007953685117328978,1871.0,5193.0,2.0171300329186634e-05,1.539533255500129e-18,0.0,39924.0,0.0,0.0,0
0.0070527169726072895,0.007953685117328978,1872.0,5193.0,1.9970592537416025e-05,1.6390873690197678e-18,0.0,39924.0,0.0,0.0,0
0.007052518261891416,0.007953685117328978,1873.0,5193.0,1.9771881821541356e-05,1.887972652818865e-18,0.0,39924.0,0.0,0.0,0
0.007052321528380198,0.007953685117328978,1874.0,5193.0,1.957514831032528e-05,9.63541598707933e-19,0.0,39924.0,0.0,0.0,0
0.0070521267524001245,0.007953685117328978,1875.0,5193.0,1.9380372330252544e-05,6.719902662575621e-19,0.0,39924.0,0.0,0.0,0
0.007051933914473434,0.007953685117328978,1876.0,5193.0,1.9187534403563886e-05,-1.4364236379262173e-18,0.0,39924.0,0.0,0.0,0
0.007051742995316175,0.007953685117328978,1877.0,5193.0,1.899661524630471e-05,-2.7235161055729765e-18,0.0,39924.0,0.0,0.0,0
0.0070515539758362715,0.007953685117328978,1878.0,5193.0,1.880759576640089e-05,-7.608778676143825e-19,0.0,39924.0,0.0,0.0,0
0.00705136683713162,0.007953685117328978,1879.0,5193.0,1.8620457061746755e-05,1.6781979136167689e-18,0.0,39924.0,0.0,0.0,0
0.007051181560488189,0.007953685117328978,1880.0,5193.0,1.843518041831599e-05,1.2728704514296678e-18,0.0,39924.0,0.0,0.0,0
0.007050998127378163,0.007953685117328978,1881.0,5193.0,1.825174730828956e-05,2.8586252596353435e-18,0.0,39924.0,0.0,0.0,0
0.007050816519458077,0.007953685117328978,1882.0,5193.0,1.8070139388203746e-05,2.3644101960914223e-18,0.0,39924.0,0.0,0.0,0
0.00705063671856699,0.007953685117328978,1883.0,5193.0,1.7890338497116113e-05,2.3181886433858757e-18,0.0,39924.0,0.0,0.0,0
0.007050458706724659,0.007953685117328978,1884.0,5193.0,1.7712326654785644e-05,5.119925838152854e-19,0.0,39924.0,0.0,0.0,0
0.007050282466129755,0.007953685117328978,1885.0,5193.0,1.753608605988133e-05,1.3439805325151242e-18,0.0,39924.0,0.0,0.0,0
0.00705010797915807,0.007953685117328978,1886.0,5193.0,1.7361599088196517e-05,-4.373269986755563e-19,0.0,39924.0,0.0,0.0,0
0.00704993522836076,0.007953685117328978,1887.0,5193.0,1.7188848290889398e-05,-1.1128727689873911e-18,0.0,39924.0,0.0,0.0,0
0.0070497641964626075,0.007953685117328978,1888.0,5193.0,1.7017816392734184e-05,2.3217441474401484e-18,0.0,39924.0,0.0,0.0,0
0.007049594866360274,0.007953685117328978,1889.0,5193.0,1.6848486290400555e-05,2.0124152947184136e-18,0.0,39924.0,0.0,0.0,0
0.007049427221120608,0.007953685117328978,1890.0,5193.0,1.6680841050735796e-05,1.5786438000971299e-18,0.0,39924.0,0.0,0.0,0
0.007049261243978951,0.007953685117328978,1891.0,5193.0,1.6514863909077388e-05,1.1733163379100291e-19,0.0,39924.0,0.0,0.0,0
0.007049096918337446,0.007953685117328978,1892.0,5193.0,1.63505382675727e-05,3.875499419157369e-19,0.0,39924.0,0.0,0.0,0
0.007048934227763393,0.007953685117328978,1893.0,5193.0,1.618784769351927e-05,4.6257107746089324e-18,0.0,39924.0,0.0,0.0,0
0.007048773155987597,0.007953685117328978,1894.0,5193.0,1.6026775917725743e-05,-1.7777520271364076e-20,0.0,39924.0,0.0,0.0,0
0.007048613686902751,0.007953685117328978,1895.0,5193.0,1.586730683287958e-05,4.266604865127378e-19,0.0,39924.0,0.0,0.0,0
0.007048455804561811,0.007953685117328978,1896.0,5193.0,1.5709424491939027e-05,1.8773061406560466e-18,0.0,39924.0,0.0,0.0,0
0.007048299493176412,0.007953685117328978,1897.0,5193.0,1.5553113106539703e-05,1.5253112392830378e-18,0.0,39924.0,0.0,0.0,0
0.007048144737115282,0.007953685117328978,1898.0,5193.0,1.5398357045410914e-05,4.1243847029564657e-19,0.0,39924.0,0.0,0.0,0
0.0070479915209026925,0.007953685117328978,1899.0,5193.0,1.5245140832820082e-05,1.5075337190116737e-18,0.0,39924.0,0.0,0.0,0
0.00704783982921689,0.007953685117328978,1900.0,5193.0,1.5093449147016689e-05,3.207064656954079e-18,0.0,39924.0,0.0,0.0,0
0.0070476896468885785,0.007953685117328978,1901.0,5193.0,1.4943266818704567e-05,2.847958747472525e-18,0.0,39924.0,0.0,0.0,0
0.007047540958899399,0.007953685117328978,1902.0,5193.0,1.4794578829527962e-05,-2.0728588636410514e-18,0.0,39924.0,0.0,0.0,0
0.007047393750380435,0.007953685117328978,1903.0,5193.0,1.4647370310563325e-05,1.0808732324989359e-18,0.0,39924.0,0.0,0.0,0
0.007047248006610708,0.007953685117328978,1904.0,5193.0,1.450162654083531e-05,-1.848862108221864e-19,0.0,39924.0,0.0,0.0,0
0.0070471037130157175,0.007953685117328978,1905.0,5193.0,1.4357332945846467e-05,-1.674642409562496e-18,0.0,39924.0,0.0,0.0,0
0.007046960855165991,0.007953685117328978,1906.0,5193.0,1.4214475096116478e-05,3.388395363721993e-18,0.0,39924.0,0.0,0.0,0
0.007046819418775616,0.007953685117328978,1907.0,5193.0,1.4073038705742024e-05,1.251537427104031e-18,0.0,39924.0,0.0,0.0,0
0.007046679389700837,0.007953685117328978,1908.0,5193.0,1.3933009630965327e-05,-1.3119809960266689e-18,0.0,39924.0,0.0,0.0,0
0.007046540753938633,0.007953685117328978,1909.0,5193.0,1.379437386876321e-05,-2.9155133245037086e-19,0.0,39924.0,0.0,0.0,0
0.007046403497625312,0.007953685117328978,1910.0,5193.0,1.3657117555442587e-05,-1.695975433888133e-18,0.0,39924.0,0.0,0.0,0
0.007046267607035133,0.007953685117328978,1911.0,5193.0,1.3521226965258948e-05,2.8372922353097065e-18,0.0,39924.0,0.0,0.0,0
0.007046133068578913,0.007953685117328978,1912.0,5193.0,1.3386688509039195e-05,1.8061960595705902e-18,0.0,39924.0,0.0,0.0,0
0.007045999868802697,0.007953685117328978,1913.0,5193.0,1.3253488732826507e-05,-2.1475244487807805e-18,0.0,39924.0,0.0,0.0,0
0.007045867994386403,0.007953685117328978,1914.0,5193.0,1.3121614316530607e-05,-6.222132094977427e-19,0.0,39924.0,0.0,0.0,0
0.007045737432142475,0.007953685117328978,1915.0,5193.0,1.2991052072602293e-05,1.539533255500129e-18,0.0,39924.0,0.0,0.0,0
0.007045608169014581,0.007953685117328978,1916.0,5193.0,1.2861788944706798e-05,1.731530474430861e-18,0.0,39924.0,0.0,0.0,0
0.007045480192076297,0.007953685117328978,1917.0,5193.0,1.2733812006424292e-05,1.2479819230497581e-18,0.0,39924.0,0.0,0.0,0
0.007045353488529824,0.007953685117328978,1918.0,5193.0,1.2607108459953583e-05,1.7777520271364077e-19,0.0,39924.0,0.0,0.0,0
0.007045228045704707,0.007953685117328978,1919.0,5193.0,1.248166563483368e-05,1.9199721893073201e-19,0.0,39924.0,0.0,0.0,0
0.007045103851056552,0.007953685117328978,1920.0,5193.0,1.235747098668006e-05,1.5324222473915834e-18,0.0,39924.0,0.0,0.0,0
0.007044980892165794,0.007953685117328978,1921.0,5193.0,1.2234512095923026e-05,-3.9466095002428248e-19,0.0,39924.0,0.0,0.0,0
0.007044859156736443,0.007953685117328978,1922.0,5193.0,1.2112776666570573e-05,-5.297701040866494e-19,0.0,39924.0,0.0,0.0,0
0.007044738632594852,0.007953685117328978,1923.0,5193.0,1.1992252524979495e-05,3.331507298853628e-18,0.0,39924.0,0.0,0.0,0
0.007044619307688505,0.007953685117328978,1924.0,5193.0,1.1872927618633534e-05,1.0097631514134795e-18,0.0,39924.0,0.0,0.0,0
0.007044501170084817,0.007953685117328978,1925.0,5193.0,1.175479001494462e-05,8.177659324827475e-19,0.0,39924.0,0.0,0.0,0
0.007044384207969922,0.007953685117328978,1926.0,5193.0,1.1637827900052176e-05,-2.094191887966688e-18,0.0,39924.0,0.0,0.0,0
0.00704426840964752,0.007953685117328978,1927.0,5193.0,1.1522029577647568e-05,6.826567784203805e-19,0.0,39924.0,0.0,0.0,0
0.007044153763537676,0.007953685117328978,1928.0,5193.0,1.1407383467803351e-05,-1.9341942055244114e-18,0.0,39924.0,0.0,0.0,0
0.007044040258175684,0.007953685117328978,1929.0,5193.0,1.129387810581138e-05,-2.1830794893235087e-18,0.0,39924.0,0.0,0.0,0
0.007043927882210913,0.007953685117328978,1930.0,5193.0,1.1181502141042619e-05,-4.906595594896485e-19,0.0,39924.0,0.0,0.0,0
0.007043816624405678,0.007953685117328978,1931.0,5193.0,1.107024433580491e-05,2.3146331393316026e-18,0.0,39924.0,0.0,0.0,0
0.007043706473634099,0.007953685117328978,1932.0,5193.0,1.0960093564226825e-05,1.2408709149412125e-18,0.0,39924.0,0.0,0.0,0
0.007043597418881009,0.007953685117328978,1933.0,5193.0,1.0851038811137516e-05,-3.5555040542728154e-19,0.0,39924.0,0.0,0.0,0
0.007043489449240845,0.007953685117328978,1934.0,5193.0,1.0743069170972619e-05,-9.066535338395678e-19,0.0,39924.0,0.0,0.0,0
0.007043382553916548,0.007953685117328978,1935.0,5193.0,1.0636173846676283e-05,-9.315420622194775e-19,0.0,39924.0,0.0,0.0,0
0.0070432767222185005,0.007953685117328978,1936.0,5193.0,1.0530342148630414e-05,3.199953648845534e-19,0.0,39924.0,0.0,0.0,0
0.007043171943563447,0.007953685117328978,1937.0,5193.0,1.0425563493572811e-05,2.0373038230983232e-18,0.0,39924.0,0.0,0.0,0
0.007043068207473428,0.007953685117328978,1938.0,5193.0,1.0321827403553102e-05,1.095095248716027e-18,0.0,39924.0,0.0,0.0,0
0.007042965503574749,0.007953685117328978,1939.0,5193.0,1.0219123504875589e-05,1.3155365000809416e-18,0.0,39924.0,0.0,0.0,0
0.007042863821596936,0.007953685117328978,1940.0,5193.0,1.011744152706449e-05,-1.9910822703927766e-19,0.0,39924.0,0.0,0.0,0
0.007042763151371711,0.007953685117328978,1941.0,5193.0,1.0016771301836636e-05,7.71544379777201e-19,0.0,39924.0,0.0,0.0,0
0.00704266348283196,0.007953685117328978,1942.0,5193.0,9.917102762087465e-06,3.640836151575363e-18,0.0,39924.0,0.0,0.0,0
0.00704256480601075,0.007953685117328978,1943.0,5193.0,9.818425940877466e-06,1.3404250284608513e-18,0.0,39924.0,0.0,0.0,0
0.007042467111040316,0.007953685117328978,1944.0,5193.0,9.720730970444332e-06,-1.1910938581813931e-18,0.0,39924.0,0.0,0.0,0
0.007042370388151082,0.007953685117328978,1945.0,5193.0,9.624008081208344e-06,7.288783311259272e-19,0.0,39924.0,0.0,0.0,0
0.007042274627670675,0.007953685117328978,1946.0,5193.0,9.528247600801901e-06,2.122635920400871e-18,0.0,39924.0,0.0,0.0,0
0.007042179820022965,0.007953685117328978,1947.0,5193.0,9.433439953094547e-06,-1.461312166306127e-18,0.0,39924.0,0.0,0.0,0
0.007042085955727115,0.007953685117328978,1948.0,5193.0,9.339575657244353e-06,-1.8915281568731378e-18,0.0,39924.0,0.0,0.0,0
0.007041993025396618,0.007953685117328978,1949.0,5193.0,9.246645326742113e-06,2.9404018528836184e-18,0.0,39924.0,0.0,0.0,0
0.007041901019738352,0.007953685117328978,1950.0,5193.0,9.154639668478892e-06,1.1448723054758464e-18,0.0,39924.0,0.0,0.0,0
0.007041809929551683,0.007953685117328978,1951.0,5193.0,9.063549481811085e-06,2.844403243418252e-20,0.0,39924.0,0.0,0.0,0
0.007041719745727518,0.007953685117328978,1952.0,5193.0,8.973365657644051e-06,2.9937344136977104e-18,0.0,39924.0,0.0,0.0,0
0.007041630459247394,0.007953685117328978,1953.0,5193.0,8.884079177521444e-06,1.1590943216929378e-18,0.0,39924.0,0.0,0.0,0
0.007041542061182589,0.007953685117328978,1954.0,5193.0,8.795681112719173e-06,-7.182118189631087e-19,0.0,39924.0,0.0,0.0,0
0.007041454542693233,0.007953685117328978,1955.0,5193.0,8.708162623358548e-06,2.0444148312068687e-18,0.0,39924.0,0.0,0.0,0
0.007041367895027388,0.007953685117328978,1956.0,5193.0,8.621514957517067e-06,7.253228270716543e-19,0.0,39924.0,0.0,0.0,0
0.0070412821095202265,0.007953685117328978,1957.0,5193.0,8.535729450355358e-06,-1.1022062568245727e-19,0.0,39924.0,0.0,0.0,0
0.007041197177593122,0.007953685117328978,1958.0,5193.0,8.450797523252498e-06,2.0621923514782328e-19,0.0,39924.0,0.0,0.0,0
0.007041113090752816,0.007953685117328978,1959.0,5193.0,8.36671068294409e-06,-2.115524912292325e-18,0.0,39924.0,0.0,0.0,0
0.007041029840590549,0.007953685117328978,1960.0,5193.0,8.283460520675813e-06,7.8221089194001935e-19,0.0,39924.0,0.0,0.0,0
0.007040947418781233,0.007953685117328978,1961.0,5193.0,8.201038711362935e-06,-2.136857936617962e-18,0.0,39924.0,0.0,0.0,0
0.007040865817082629,0.007953685117328978,1962.0,5193.0,8.119437012755856e-06,3.2639527218224444e-18,0.0,39924.0,0.0,0.0,0
0.007040785027334486,0.007953685117328978,1963.0,5193.0,8.038647264615608e-06,-1.3724245649493068e-18,0.0,39924.0,0.0,0.0,0
0.007040705041457773,0.007953685117328978,1964.0,5193.0,7.958661387900216e-06,1.4542011581975814e-18,0.0,39924.0,0.0,0.0,0
0.0070406258514538285,0.007953685117328978,1965.0,5193.0,7.879471383957335e-06,-2.2684115866260563e-18,0.0,39924.0,0.0,0.0,0
0.007040547449403589,0.007953685117328978,1966.0,5193.0,7.801069333718365e-06,4.515490148926476e-19,0.0,39924.0,0.0,0.0,0
0.007040469827466787,0.007953685117328978,1967.0,5193.0,7.723447396913156e-06,3.6550581677924544e-18,0.0,39924.0,0.0,0.0,0
0.0070403929778811575,0.007953685117328978,1968.0,5193.0,7.646597811284194e-06,2.1297469285094162e-18,0.0,39924.0,0.0,0.0,0
0.007040316892961682,0.007953685117328978,1969.0,5193.0,7.570512891808706e-06,6.968787946374718e-19,0.0,39924.0,0.0,0.0,0
0.007040241565099801,0.007953685117328978,1970.0,5193.0,7.49518502993113e-06,-2.6275174961076105e-18,0.0,39924.0,0.0,0.0,0
0.007040166986762675,0.007953685117328978,1971.0,5193.0,7.420606692802044e-06,1.8737506366017735e-18,0.0,39924.0,0.0,0.0,0
0.007040093150492398,0.007953685117328978,1972.0,5193.0,7.346770422527294e-06,-1.9555272298500484e-19,0.0,39924.0,0.0,0.0,0
0.00704002004890529,0.007953685117328978,1973.0,5193.0,7.273668835416031e-06,2.28618910689742e-18,0.0,39924.0,0.0,0.0,0
0.007039947674691121,0.007953685117328978,1974.0,5193.0,7.201294621250903e-06,-1.020429663576298e-18,0.0,39924.0,0.0,0.0,0
0.007039876020612418,0.007953685117328978,1975.0,5193.0,7.129640542548154e-06,-1.3510915406236698e-18,0.0,39924.0,0.0,0.0,0
0.007039805079503711,0.007953685117328978,1976.0,5193.0,7.0586994338407105e-06,-1.3439805325151242e-18,0.0,39924.0,0.0,0.0,0
0.0070397348442708335,0.007953685117328978,1977.0,5193.0,6.988464200959108e-06,3.491504981295905e-18,0.0,39924.0,0.0,0.0,0
0.007039665307890194,0.007953685117328978,1978.0,5193.0,6.9189278203222135e-06,-6.008801851721058e-19,0.0,39924.0,0.0,0.0,0
0.007039596463408106,0.007953685117328978,1979.0,5193.0,6.850083338232765e-06,-7.11100810854563e-21,0.0,39924.0,0.0,0.0,0
0.00703952830394006,0.007953685117328978,1980.0,5193.0,6.781923870184927e-06,5.0345937408503064e-18,0.0,39924.0,0.0,0.0,0
0.007039460822670045,0.007953685117328978,1981.0,5193.0,6.714442600175944e-06,-3.0683999988374395e-18,0.0,39924.0,0.0,0.0,0
0.0070393940128498965,0.007953685117328978,1982.0,5193.0,6.647632780022759e-06,2.328855155548694e-18,0.0,39924.0,0.0,0.0,0
0.007039327867798559,0.007953685117328978,1983.0,5193.0,6.581487728687248e-06,8.4620996491693e-19,0.0,39924.0,0.0,0.0,0
0.0070392623809014815,0.007953685117328978,1984.0,5193.0,6.516000831608647e-06,2.1830794893235087e-18,0.0,39924.0,0.0,0.0,0
0.007039197545609918,0.007953685117328978,1985.0,5193.0,6.4511655400432115e-06,1.3973130933292165e-18,0.0,39924.0,0.0,0.0,0
0.007039133355440281,0.007953685117328978,1986.0,5193.0,6.386975370409099e-06,-1.2764259554839407e-18,0.0,39924.0,0.0,0.0,0
0.007039069803973505,0.007953685117328978,1987.0,5193.0,6.323423903632966e-06,-1.041762687901935e-18,0.0,39924.0,0.0,0.0,0
0.007039006884854389,0.007953685117328978,1988.0,5193.0,6.260504784518057e-06,2.097747392020961e-19,0.0,39924.0,0.0,0.0,0
0.007038944591790969,0.007953685117328978,1989.0,5193.0,6.198211721097748e-06,1.848862108221864e-19,0.0,39924.0,0.0,0.0,0
0.007038882918553887,0.007953685117328978,1990.0,5193.0,6.136538484014235e-06,1.884417148764592e-18,0.0,39924.0,0.0,0.0,0
0.007038821858975767,0.007953685117328978,1991.0,5193.0,6.075478905893707e-06,2.158190960943599e-18,0.0,39924.0,0.0,0.0,0
0.0070387614069506,0.007953685117328978,1992.0,5193.0,6.015026880727329e-06,2.4888528379909708e-18,0.0,39924.0,0.0,0.0,0
0.007038701556433133,0.007953685117328978,1993.0,5193.0,5.9551763632607465e-06,1.3902020852206709e-18,0.0,39924.0,0.0,0.0,0
0.0070386423014382644,0.007953685117328978,1994.0,5193.0,5.8959213683935e-06,9.24431054110932e-20,0.0,39924.0,0.0,0.0,0
0.007038583636040448,0.007953685117328978,1995.0,5193.0,5.83725597057545e-06,8.390989568083844e-19,0.0,39924.0,0.0,0.0,0
0.007038525554373091,0.007953685117328978,1996.0,5193.0,5.779174303220224e-06,4.3021599056701066e-19,0.0,39924.0,0.0,0.0,0
0.007038468050627984,0.007953685117328978,1997.0,5193.0,5.721670558110094e-06,3.75105677725782e-18,0.0,39924.0,0.0,0.0,0
0.007038411119054698,0.007953685117328978,1998.0,5193.0,5.664738984824375e-06,3.733279256986456e-19,0.0,39924.0,0.0,0.0,0
0.007038354753960029,0.007953685117328978,1999.0,5193.0,5.60837389015793e-06,1.2764259554839407e-18,0.0,39924.0,0.0,0.0,0
0.007038298949707428,0.007953685117328978,2000.0,5193.0,5.5525696375538095e-06,4.519045652980748e-18,0.0,39924.0,0.0,0.0,0
0.007038243700716414,0.007953685117328978,2001.0,5193.0,5.497320646541371e-06,1.5501997676629475e-18,0.0,39924.0,0.0,0.0,0
0.007038189001462046,0.007953685117328978,2002.0,5193.0,5.4426213921740186e-06,3.519949013730087e-19,0.0,39924.0,0.0,0.0,0
0.007038134846474354,0.007953685117328978,2003.0,5193.0,5.388466404481256e-06,1.0310961757391165e-18,0.0,39924.0,0.0,0.0,0
0.007038081230337792,0.007953685117328978,2004.0,5193.0,5.334850267920407e-06,-9.848746230335698e-19,0.0,39924.0,0.0,0.0,0
0.007038028147690704,0.007953685117328978,2005.0,5193.0,5.281767620830776e-06,1.095095248716027e-18,0.0,39924.0,0.0,0.0,0
0.007038028147690704,0.007953685117328978,2005.0,5193.0,5.281767620830776e-06,1.095095248716027e-18,0.0,39924.0,0.0,0.0,0
