Total_strain,Slip_strain,Time,Slip Count,Creep,Elastic,Hygroexp,Number_of_fibers,Load,Moisture,Broken
0.0,0.0,0.0,0.0,0.0,0.0,0.0,40000.0,0.0,0.0,0
0.0,0.0,5.0,0.0,0.0,0.0,0.0,40000.0,0.0,0.0,0
1.1607223352889329,0.038139119509470285,5.0,2823.0,0.0,1.123055465994456,0.0,39974.0,0.9408716598312479,0.0,0
1.1607223352889329,0.038139119509470285,5.0,2823.0,0.0,1.123055465994456,0.0,39974.0,0.9408716598312479,0.0,0
1.2238549024739869,0.04508547280515468,6.0,3156.0,0.056187580800781324,1.1230835613454675,0.0,39973.0,0.9408716598312479,0.0,0
1.2441484978060822,0.04705776206672718,7.0,3254.0,0.07450888687130408,1.1230835613454682,0.0,39973.0,0.9408716598312479,0.0,0
1.2573235927989974,0.048667783553176316,8.0,3325.0,0.08607396037777028,1.123083561345468,0.0,39973.0,0.9408716598312479,0.0,0
1.2672679267207962,0.04990520156809489,9.0,3384.0,0.09478087628465032,1.123083561345468,0.0,39973.0,0.9408716598312479,0.0,0
1.2755149220307975,0.050835125003202586,10.0,3427.0,0.10209794815954379,1.1230835613454682,0.0,39973.0,0.9408716598312479,0.0,0
1.2826802184335035,0.0515016783250222,11.0,3458.0,0.10859669124043028,1.1230835613454675,0.0,39973.0,0.9408716598312479,0.0,0
1.2895292954505613,0.05243171464429394,12.0,3495.0,0.11451573193821638,1.1230835613454673,0.0,39973.0,0.9408716598312479,0.0,0
1.295881237971972,0.05333084752910535,13.0,3533.0,0.11996854157481547,1.123083561345468,0.0,39973.0,0.9408716598312479,0.0,0
1.3017285910571188,0.05412662872729312,14.0,3567.0,0.1250201134617747,1.1230835613454684,0.0,39973.0,0.9408716598312479,0.0,0
1.3069396161672993,0.054643816820582475,15.0,3591.0,0.12971855317647624,1.1231116581022316,0.0,39972.0,0.9408716598312479,0.0,0
1.3119689601068145,0.055298413109744086,16.0,3621.0,0.13409330082682974,1.1231116581022313,0.0,39972.0,0.9408716598312479,0.0,0
1.3164819970029964,0.0557270980742844,17.0,3640.0,0.13817765275847135,1.1231116581022318,0.0,39972.0,0.9408716598312479,0.0,0
1.3209901914085005,0.0564145351070953,18.0,3667.0,0.14199841013116457,1.1231116581022313,0.0,39972.0,0.9408716598312479,0.0,0
1.324939792446998,0.056782985455822665,19.0,3686.0,0.14557956082093484,1.1231116581022313,0.0,39972.0,0.9408716598312479,0.0,0
1.3288242799575547,0.0573043065599411,20.0,3710.0,0.1489427272273729,1.1231116581022318,0.0,39972.0,0.9408716598312479,0.0,0
1.3323750199871955,0.057690322424405416,21.0,3729.0,0.15210745139254955,1.1231116581022313,0.0,39972.0,0.9408716598312479,0.0,0
1.335674089752853,0.058005428608551714,22.0,3744.0,0.1550914149740605,1.1231116581022311,0.0,39972.0,0.9408716598312479,0.0,0
1.3390208892538311,0.058533018781959475,23.0,3768.0,0.157910624301631,1.1231116581022316,0.0,39972.0,0.9408716598312479,0.0,0
1.34213216195908,0.05897534310897357,24.0,3789.0,0.16057957267986603,1.1231116581022307,0.0,39972.0,0.9408716598312479,0.0,0
1.3449687681146845,0.0592801365899885,25.0,3805.0,0.1631113853544555,1.1231116581022311,0.0,39972.0,0.9408716598312479,0.0,0
1.347500205711275,0.059405009553079736,26.0,3811.0,0.16551794998795485,1.1231116581022316,0.0,39972.0,0.9408716598312479,0.0,0
1.350112773375147,0.0597254927407174,27.0,3826.0,0.16781003446418885,1.1231116581022313,0.0,39972.0,0.9408716598312479,0.0,0
1.3526277044263761,0.06005306486712133,28.0,3839.0,0.16999739338901415,1.1231116581022313,0.0,39972.0,0.9408716598312479,0.0,0
1.3550628644571707,0.06039675386425443,29.0,3856.0,0.17208886442267576,1.1231116581022313,0.0,39972.0,0.9408716598312479,0.0,0
1.357307346111561,0.06063764450801133,30.0,3867.0,0.1740924554333089,1.1231116581022313,0.0,39972.0,0.9408716598312479,0.0,0
1.3595804504149436,0.06098778089158213,31.0,3878.0,0.17601542335312098,1.1231116581022313,0.0,39972.0,0.9408716598312479,0.0,0
1.3616984858470729,0.06125689414703095,32.0,3889.0,0.17786434552980113,1.1231116581022313,0.0,39972.0,0.9408716598312479,0.0,0
1.3636675256106003,0.06144509515194906,33.0,3898.0,0.17964518428841056,1.1231116581022313,0.0,39972.0,0.9408716598312479,0.0,0
1.365676667977103,0.061736076456609376,34.0,3910.0,0.18136334535025297,1.1231116581022313,0.0,39972.0,0.9408716598312479,0.0,0
1.367581934605066,0.06198095774137852,35.0,3920.0,0.1830237306934468,1.1231116581022311,0.0,39972.0,0.9408716598312479,0.0,0
1.369433000015423,0.06222665552937231,36.0,3931.0,0.1846352632370259,1.123139756264852,0.0,39971.0,0.9408716598312479,0.0,0
1.3712909886459603,0.06252679512839415,37.0,3945.0,0.1861931122685418,1.1231397562648513,0.0,39971.0,0.9408716598312479,0.0,0
1.372983644448069,0.06270727566604356,38.0,3952.0,0.18770528753300098,1.123139756264851,0.0,39971.0,0.9408716598312479,0.0,0
1.374600556206762,0.06285433378153299,39.0,3959.0,0.18917514117620457,1.1231397562648515,0.0,39971.0,0.9408716598312479,0.0,0
1.376280953280291,0.06310417908566722,40.0,3968.0,0.1906056929455995,1.123139756264852,0.0,39971.0,0.9408716598312479,0.0,0
1.377903936577333,0.06333317201416377,41.0,3981.0,0.19199968331414452,1.123139756264852,0.0,39971.0,0.9408716598312479,0.0,0
1.3794857735262644,0.0635550910780338,42.0,3992.0,0.19335960119920617,1.123139756264852,0.0,39971.0,0.9408716598312479,0.0,0
1.3812042096212476,0.06394542011328018,43.0,4004.0,0.19468770825894263,1.1231397562648517,0.0,39971.0,0.9408716598312479,0.0,0
1.3826077364322606,0.06405059459441277,44.0,4008.0,0.1959860605888232,1.1231397562648524,0.0,39971.0,0.9408716598312479,0.0,0
1.3840579287140489,0.06423031921681652,45.0,4017.0,0.1972565282482078,1.1231397562648524,0.0,39971.0,0.9408716598312479,0.0,0
1.3856326775496295,0.06456078340999183,46.0,4029.0,0.19850081289061308,1.1231397562648524,0.0,39971.0,0.9408716598312479,0.0,0
1.3872203304506356,0.06492878549878968,47.0,4042.0,0.19972046370282132,1.1231397562648517,0.0,39971.0,0.9408716598312479,0.0,0
1.3887666217299364,0.06527864865807402,48.0,4053.0,0.20091689182283803,1.1231397562648517,0.0,39971.0,0.9408716598312479,0.0,0
1.3902307232304234,0.06556825859660467,49.0,4063.0,0.20209138338479407,1.123139756264852,0.0,39971.0,0.9408716598312479,0.0,0
1.3914627333815908,0.06564654080989325,50.0,4068.0,0.20324511132267303,1.1231397562648522,0.0,39971.0,0.9408716598312479,0.0,0
1.3929508219556812,0.06600059465523508,51.0,4079.0,0.20437914605142146,1.123139756264852,0.0,39971.0,0.9408716598312479,0.0,0
1.394229364820367,0.06616381843891277,52.0,4089.0,0.20549446513242986,1.1231397562648515,0.0,39971.0,0.9408716598312479,0.0,0
1.3954299943584494,0.066266951089337,53.0,4093.0,0.20659196202008773,1.1231397562648517,0.0,39971.0,0.9408716598312479,0.0,0
1.3966322723131517,0.06638873708725514,54.0,4099.0,0.2076724539768722,1.1231397562648515,0.0,39971.0,0.9408716598312479,0.0,0
1.3979293606306333,0.06662159014551397,55.0,4109.0,0.20873668923609479,1.1231397562648524,0.0,39971.0,0.9408716598312479,0.0,0
1.3991360844635015,0.06677964973058165,56.0,4117.0,0.2097853534838953,1.1231397562648515,0.0,39971.0,0.9408716598312479,0.0,0
1.4002344156777402,0.06684425870345784,57.0,4121.0,0.21081907572525785,1.1231397562648524,0.0,39971.0,0.9408716598312479,0.0,0
1.4014573358224656,0.0670478209807834,58.0,4129.0,0.21183843359265767,1.1231397562648515,0.0,39971.0,0.9408716598312479,0.0,0
1.402774087951364,0.0673590485519666,59.0,4141.0,0.21284395815037277,1.123139756264852,0.0,39971.0,0.9408716598312479,0.0,0
1.4039341476509883,0.06752692815951972,60.0,4147.0,0.213836138242444,1.1231397562648522,0.0,39971.0,0.9408716598312479,0.0,0
1.4052893378127624,0.0679046780735122,61.0,4162.0,0.21482062846200695,1.1231678558334355,0.0,39970.0,0.9408716598312479,0.0,0
1.406356667417209,0.0680051223757372,62.0,4167.0,0.21578751376422853,1.1231678558334353,0.0,39970.0,0.9408716598312479,0.0,0
1.4075685130638669,0.06826221427514856,63.0,4175.0,0.21674226751147527,1.1231678558334346,0.0,39970.0,0.9408716598312479,0.0,0
1.4087319858542149,0.06848267812300576,64.0,4183.0,0.21768527645396604,1.1231678558334348,0.0,39970.0,0.9408716598312479,0.0,0
1.4097341052950414,0.06855319977168249,65.0,4185.0,0.21861687424611576,1.123167855833435,0.0,39970.0,0.9408716598312479,0.0,0
1.4107604676054941,0.0686590677380684,66.0,4188.0,0.2195373685901827,1.1231678558334348,0.0,39970.0,0.9408716598312479,0.0,0
1.4118094916925914,0.06879841550143048,67.0,4194.0,0.22044704491391798,1.123167855833435,0.0,39970.0,0.9408716598312479,0.0,0
1.4129052808558413,0.06899508069274744,68.0,4205.0,0.2213461688858507,1.1231678558334355,0.0,39970.0,0.9408716598312479,0.0,0
1.4139044389513182,0.06910541928093059,69.0,4210.0,0.22223498839314468,1.1231678558334353,0.0,39970.0,0.9408716598312479,0.0,0
1.415006462206077,0.0693286957067719,70.0,4222.0,0.2231137352220618,1.123167855833435,0.0,39970.0,0.9408716598312479,0.0,0
1.4159816071549152,0.06943494933885354,71.0,4225.0,0.22398262653881834,1.1231678558334353,0.0,39970.0,0.9408716598312479,0.0,0
1.4169117116714465,0.0695058141788169,72.0,4227.0,0.2248418662153864,1.1231678558334353,0.0,39970.0,0.9408716598312479,0.0,0
1.4179479374133546,0.0696922601117198,73.0,4234.0,0.22569164602439143,1.123167855833435,0.0,39970.0,0.9408716598312479,0.0,0
1.418911842837699,0.06981566484143632,74.0,4238.0,0.2265321467190197,1.1231678558334346,0.0,39970.0,0.9408716598312479,0.0,0
1.4198728017694502,0.06994523148206863,75.0,4244.0,0.22736353901013814,1.123167855833435,0.0,39970.0,0.9408716598312479,0.0,0
1.4207879539646184,0.0700379382364995,76.0,4248.0,0.22818598445087585,1.1231678558334346,0.0,39970.0,0.9408716598312479,0.0,0
1.4217530320020209,0.07018936448714651,77.0,4254.0,0.22899963623763114,1.1231678558334346,0.0,39970.0,0.9408716598312479,0.0,0
1.4226314897355588,0.07026281852279406,78.0,4257.0,0.22980463993552172,1.123167855833435,0.0,39970.0,0.9408716598312479,0.0,0
1.4236399906838826,0.07047482527116279,79.0,4264.0,0.2306011341354765,1.123167855833435,0.0,39970.0,0.9408716598312479,0.0,0
1.4245721228433583,0.0706188405166331,80.0,4269.0,0.23138925104948216,1.1231678558334346,0.0,39970.0,0.9408716598312479,0.0,0
1.425465051553353,0.07073190322624677,81.0,4274.0,0.23216911704986304,1.1231678558334353,0.0,39970.0,0.9408716598312479,0.0,0
1.4266090157621834,0.0711041313270255,82.0,4289.0,0.23294085315791466,1.1231678558334353,0.0,39970.0,0.9408716598312479,0.0,0
1.4274084343521325,0.07113982758818388,83.0,4290.0,0.2337045754867055,1.1231678558334346,0.0,39970.0,0.9408716598312479,0.0,0
1.4282465436828238,0.07122211676317877,84.0,4293.0,0.2344603956424018,1.1231678558334348,0.0,39970.0,0.9408716598312479,0.0,0
1.4292073967517016,0.07143494438640476,85.0,4300.0,0.2352084210880535,1.1231678558334355,0.0,39970.0,0.9408716598312479,0.0,0
1.430008318089171,0.07149553133851569,86.0,4303.0,0.23594875547341232,1.1231678558334353,0.0,39970.0,0.9408716598312479,0.0,0
1.430848425288854,0.07160289507760935,87.0,4306.0,0.23668149893400148,1.1231678558334355,0.0,39970.0,0.9408716598312479,0.0,0
1.4315954682127474,0.0716246885731416,88.0,4308.0,0.23740674836236259,1.1231678558334353,0.0,39970.0,0.9408716598312479,0.0,0
1.432349141695651,0.07166051276429036,89.0,4309.0,0.23812459765411764,1.123167855833435,0.0,39970.0,0.9408716598312479,0.0,0
1.4332099760579904,0.07181080684951054,90.0,4316.0,0.23883513793123676,1.1231678558334348,0.0,39970.0,0.9408716598312479,0.0,0
1.4339707641147572,0.07186827509283658,91.0,4322.0,0.23953845774467744,1.1231678558334355,0.0,39970.0,0.9408716598312479,0.0,0
1.4348411934946135,0.07204251895902293,92.0,4329.0,0.24023464325834737,1.1231678558334355,0.0,39970.0,0.9408716598312479,0.0,0
1.4356859777084336,0.0722001553359284,93.0,4337.0,0.24092961261967752,1.1231959568080858,0.0,39969.0,0.9408716598312479,0.0,0
1.436440065457208,0.07227200526523557,94.0,4339.0,0.24161185043914474,1.1231959568080863,0.0,39969.0,0.9408716598312479,0.0,0
1.4371496981166474,0.0723063266574036,95.0,4341.0,0.24228716170641582,1.123195956808087,0.0,39969.0,0.9408716598312479,0.0,0
1.437871316602465,0.07235945107233997,96.0,4343.0,0.2429556557772972,1.1231959568080858,0.0,39969.0,0.9408716598312479,0.0,0
1.4386968874345931,0.07252326469935916,97.0,4349.0,0.24361741298240594,1.123195956808087,0.0,39969.0,0.9408716598312479,0.0,0
1.439602408489755,0.07277368909474863,98.0,4357.0,0.24427250964217848,1.1231959568080867,0.0,39969.0,0.9408716598312479,0.0,0
1.440304129191244,0.07282689974794608,99.0,4359.0,0.24492101969047017,1.123195956808086,0.0,39969.0,0.9408716598312479,0.0,0
1.4409993801967593,0.07288015512089083,100.0,4361.0,0.24556301532304076,1.123195956808086,0.0,39969.0,0.9408716598312479,0.0,0
1.4418535114702085,0.07309873443427457,101.0,4369.0,0.24619856728310593,1.1231959568080863,0.0,39969.0,0.9408716598312479,0.0,0
1.4425435194964211,0.07315956473434164,102.0,4373.0,0.24682774500925148,1.1231959568080863,0.0,39969.0,0.9408716598312479,0.0,0
1.4432135368264594,0.07320671034465726,103.0,4376.0,0.24745061672897437,1.1231959568080867,0.0,39969.0,0.9408716598312479,0.0,0
1.443855243624308,0.07323178434264002,104.0,4378.0,0.24806724952884004,1.1231959568080858,0.0,39969.0,0.9408716598312479,0.0,0
1.4446636030272528,0.07342968386145257,105.0,4384.0,0.24867770941297218,1.1231959568080865,0.0,39969.0,0.9408716598312479,0.0,0
1.4452789276580373,0.07344065655073775,106.0,4385.0,0.24928206135447176,1.1231959568080863,0.0,39969.0,0.9408716598312479,0.0,0
1.4458882130139794,0.07345163391943076,107.0,4386.0,0.24988036934172086,1.123195956808086,0.0,39969.0,0.9408716598312479,0.0,0
1.4466358379091986,0.07360693173584451,108.0,4392.0,0.2504726964205262,1.1231959568080863,0.0,39969.0,0.9408716598312479,0.0,0
1.447374901174574,0.07375958668908342,109.0,4397.0,0.25105910473266274,1.1231959568080867,0.0,39969.0,0.9408716598312479,0.0,0
1.4483130785807157,0.07411721327666412,110.0,4410.0,0.25163965555122375,1.1231959568080858,0.0,39969.0,0.9408716598312479,0.0,0
1.4490311570225016,0.07426053795657601,111.0,4415.0,0.2522144093130978,1.1231959568080865,0.0,39969.0,0.9408716598312479,0.0,0
1.4496391220049927,0.07429948660331641,112.0,4419.0,0.2527834256488484,1.1231959568080863,0.0,39969.0,0.9408716598312479,0.0,0
1.450219775710753,0.07431680254768204,113.0,4420.0,0.25334676341024287,1.1231959568080867,0.0,39969.0,0.9408716598312479,0.0,0
1.4508197832254504,0.07435909277697073,114.0,4422.0,0.2539044806956518,1.1231959568080867,0.0,39969.0,0.9408716598312479,0.0,0
1.4513719374033134,0.07435909277697073,115.0,4422.0,0.25445663487351483,1.1231959568080858,0.0,39969.0,0.9408716598312479,0.0,0
1.452002245297238,0.07444275294035685,116.0,4425.0,0.25500328260405325,1.1231959568080867,0.0,39969.0,0.9408716598312479,0.0,0
1.4526015026254682,0.07450287252603316,117.0,4429.0,0.2555506663137893,1.1232240591889118,0.0,39968.0,0.9408716598312479,0.0,0
1.4531737221755294,0.07453922176435288,118.0,4430.0,0.2560865366255311,1.1232240591889118,0.0,39968.0,0.9408716598312479,0.0,0
1.4540152682743712,0.07485027634638557,119.0,4440.0,0.25661702814234016,1.1232240591889113,0.0,39968.0,0.9408716598312479,0.0,0
1.4545847523853574,0.07489456229076162,120.0,4442.0,0.25714222630895023,1.123224059188912,0.0,39968.0,0.9408716598312479,0.0,0
1.455145717943836,0.0749355657228102,121.0,4446.0,0.25766218843538036,1.1232240591889118,0.0,39968.0,0.9408716598312479,0.0,0
1.4557333323031099,0.07500839973660806,122.0,4448.0,0.25817696878085633,1.1232240591889113,0.0,39968.0,0.9408716598312479,0.0,0
1.4563329338340592,0.07509834993900795,123.0,4452.0,0.25868662010940574,1.1232240591889109,0.0,39968.0,0.9408716598312479,0.0,0
1.456907163842203,0.07516800578695901,124.0,4456.0,0.25919119426959847,1.1232240591889118,0.0,39968.0,0.9408716598312479,0.0,0
1.4575160888236114,0.07527738262279729,125.0,4459.0,0.2596907424151686,1.1232240591889118,0.0,39968.0,0.9408716598312479,0.0,0
1.4580519254727542,0.07531864659401127,126.0,4461.0,0.2601853150930975,1.1232240591889113,0.0,39968.0,0.9408716598312479,0.0,0
1.4586256143756793,0.07540268830748069,127.0,4464.0,0.2606749622825531,1.1232240591889118,0.0,39968.0,0.9408716598312479,0.0,0
1.459127807250943,0.07542011004990665,128.0,4465.0,0.2611597334153909,1.1232240591889118,0.0,39968.0,0.9408716598312479,0.0,0
1.459698211911658,0.07551057073645852,129.0,4468.0,0.2616396773895539,1.123224059188911,0.0,39968.0,0.9408716598312479,0.0,0
1.4602988387981952,0.0756360324329874,130.0,4473.0,0.26211484257956236,1.1232240591889113,0.0,39968.0,0.9408716598312479,0.0,0
1.460940812463739,0.07580757183243121,131.0,4479.0,0.26258527684566235,1.1232240591889118,0.0,39968.0,0.9408716598312479,0.0,0
1.4614431189188326,0.07584412759094933,132.0,4480.0,0.2630510275422379,1.123224059188911,0.0,39968.0,0.9408716598312479,0.0,0
1.4620059287799287,0.07594582346856027,133.0,4484.0,0.2635121415257231,1.1232240591889113,0.0,39968.0,0.9408716598312479,0.0,0
1.4625165077228732,0.07599987877510164,134.0,4486.0,0.2639686651621259,1.1232240591889118,0.0,39968.0,0.9408716598312479,0.0,0
1.4630185473686803,0.07604993924881659,135.0,4489.0,0.26442064433421825,1.123224059188911,0.0,39968.0,0.9408716598312479,0.0,0
1.4635037290677606,0.07608764083368458,136.0,4492.0,0.2648681244484303,1.1232240591889118,0.0,39968.0,0.9408716598312479,0.0,0
1.4640199914479042,0.07616087722078381,137.0,4494.0,0.2653111504414746,1.1232240591889113,0.0,39968.0,0.9408716598312479,0.0,0
1.464589278131696,0.07629154755932414,138.0,4499.0,0.26574976678672657,1.1232240591889115,0.0,39968.0,0.9408716598312479,0.0,0
1.4650601765740534,0.07632819528803134,139.0,4500.0,0.2661840175003765,1.123224059188912,0.0,39968.0,0.9408716598312479,0.0,0
1.4655378956368792,0.07637598570385926,140.0,4502.0,0.2666139461473743,1.1232240591889115,0.0,39968.0,0.9408716598312479,0.0,0
1.4660368827911456,0.07644932315831647,141.0,4504.0,0.2670395958471834,1.123224059188912,0.0,39968.0,0.9408716598312479,0.0,0
1.4664967442431855,0.07648777117818442,142.0,4506.0,0.26746100927935557,1.1232240591889113,0.0,39968.0,0.9408716598312479,0.0,0
1.4669934238163944,0.07656723134180725,143.0,4509.0,0.2678782286889417,1.1232240591889113,0.0,39968.0,0.9408716598312479,0.0,0
1.4674145735749893,0.07657531389759252,144.0,4511.0,0.2682912958917513,1.1232240591889118,0.0,39968.0,0.9408716598312479,0.0,0
1.4678602507763996,0.07661203471128357,145.0,4512.0,0.2687002522794704,1.1232240591889118,0.0,39968.0,0.9408716598312479,0.0,0
1.4684232315976986,0.07677012898740587,146.0,4517.0,0.26910513882464715,1.123224059188912,0.0,39968.0,0.9408716598312479,0.0,0
1.4688301664607548,0.07677620658955345,147.0,4518.0,0.2695059960855557,1.123224059188912,0.0,39968.0,0.9408716598312479,0.0,0
1.469259004664448,0.07680817666785758,148.0,4521.0,0.2699028642109449,1.1232240591889113,0.0,39968.0,0.9408716598312479,0.0,0
1.4698069862580847,0.07696323952775744,149.0,4526.0,0.27029578294468176,1.123224059188911,0.0,39968.0,0.9408716598312479,0.0,0
1.4703893985797223,0.07715664316378457,150.0,4533.0,0.27068479163029213,1.1232240591889113,0.0,39968.0,0.9408716598312479,0.0,0
1.4708561102692481,0.07723821726819236,151.0,4536.0,0.2710699292154102,1.1232240591889118,0.0,39968.0,0.9408716598312479,0.0,0
1.4712742199549131,0.07727502191313058,152.0,4537.0,0.27145123425613704,1.1232240591889118,0.0,39968.0,0.9408716598312479,0.0,0
1.471797332779858,0.07742062407289506,153.0,4542.0,0.2718287449213173,1.1232240591889115,0.0,39968.0,0.9408716598312479,0.0,0
1.4722095192690812,0.07745905648669897,154.0,4545.0,0.2722024989967366,1.1232240591889118,0.0,39968.0,0.9408716598312479,0.0,0
1.472706132637259,0.07758563496236916,155.0,4552.0,0.2725725338892443,1.1232240591889113,0.0,39968.0,0.9408716598312479,0.0,0
1.4730948564560087,0.07760800603955705,156.0,4554.0,0.27293888663080623,1.1232240591889115,0.0,39968.0,0.9408716598312479,0.0,0
1.4735832885015936,0.07773373083345901,157.0,4559.0,0.27330159388248915,1.123224059188911,0.0,39968.0,0.9408716598312479,0.0,0
1.4741267534264952,0.07791809770246741,158.0,4564.0,0.27366069193838233,1.1232240591889115,0.0,39968.0,0.9408716598312479,0.0,0
1.4745191686041181,0.07795498808901444,159.0,4565.0,0.27401621672945825,1.1232240591889113,0.0,39968.0,0.9408716598312479,0.0,0
1.4749080527868104,0.07799188517379127,160.0,4566.0,0.2743682038273736,1.1232240591889115,0.0,39968.0,0.9408716598312479,0.0,0
1.4752677402839398,0.07800308805007795,161.0,4567.0,0.2747166884482165,1.1232240591889113,0.0,39968.0,0.9408716598312479,0.0,0
1.4756303770312047,0.07802070778936075,162.0,4568.0,0.27506170545619835,1.1232240591889113,0.0,39968.0,0.9408716598312479,0.0,0
1.4760652071200806,0.07811395396714005,163.0,4572.0,0.27540328936729513,1.1232240591889115,0.0,39968.0,0.9408716598312479,0.0,0
1.4764073432095977,0.0781179050711126,164.0,4573.0,0.27574147435283936,1.123224059188912,0.0,39968.0,0.9408716598312479,0.0,0
1.4767421630998216,0.0781179050711126,165.0,4573.0,0.2760762942430635,1.1232240591889113,0.0,39968.0,0.9408716598312479,0.0,0
1.4771394542324248,0.07818370791618082,166.0,4576.0,0.2764077825305984,1.1232240591889113,0.0,39968.0,0.9408716598312479,0.0,0
1.4775334666108753,0.07824953045130456,167.0,4579.0,0.2767359723739253,1.123224059188911,0.0,39968.0,0.9408716598312479,0.0,0
1.478006282058463,0.07839742167203194,168.0,4583.0,0.2770608966007857,1.1232240591889115,0.0,39968.0,0.9408716598312479,0.0,0
1.478382604229887,0.0784520527326919,169.0,4585.0,0.2773825877115499,1.1232240591889115,0.0,39968.0,0.9408716598312479,0.0,0
1.4787010944008805,0.0784520527326919,170.0,4585.0,0.2777010778825431,1.123224059188911,0.0,39968.0,0.9408716598312479,0.0,0
1.479111206055689,0.07854684330071,171.0,4590.0,0.2780163989693335,1.1232240591889113,0.0,39968.0,0.9408716598312479,0.0,0
1.479481262303944,0.07860690401144654,172.0,4594.0,0.27833531619374013,1.1232521629760146,0.0,39967.0,0.9408716598312479,0.0,0
1.4799014757124385,0.07871797680420017,173.0,4597.0,0.27864445680948097,1.1232521629760148,0.0,39967.0,0.9408716598312479,0.0,0
1.4802075024833155,0.07871797680420017,174.0,4597.0,0.278950483580358,1.1232521629760146,0.0,39967.0,0.9408716598312479,0.0,0
1.4806215997915173,0.07882909900900431,175.0,4600.0,0.27925345868375584,1.1232521629760142,0.0,39967.0,0.9408716598312479,0.0,0
1.4809586097659428,0.0788661513054178,176.0,4601.0,0.2795534163617677,1.1232521629760153,0.0,39967.0,0.9408716598312479,0.0,0
1.48129095661017,0.07890152641594994,177.0,4603.0,0.27985038809546253,1.1232521629760146,0.0,39967.0,0.9408716598312479,0.0,0
1.481622036646281,0.07893859038785049,178.0,4604.0,0.2801444041596731,1.1232521629760146,0.0,39967.0,0.9408716598312479,0.0,0
1.4819276789641782,0.07895314266861828,179.0,4606.0,0.28043549419680264,1.123252162976015,0.0,39967.0,0.9408716598312479,0.0,0
1.4822179259332353,0.07895519640443024,180.0,4607.0,0.2807236874300476,1.1232521629760153,0.0,39967.0,0.9408716598312479,0.0,0
1.4825160532209847,0.07896799837830182,181.0,4610.0,0.28100901274392553,1.1232521629760148,0.0,39967.0,0.9408716598312479,0.0,0
1.482809800322733,0.07897925950803313,182.0,4611.0,0.28129149871594233,1.1232521629760153,0.0,39967.0,0.9408716598312479,0.0,0
1.4832007943599623,0.07909057863095764,183.0,4614.0,0.28157117363024736,1.1232521629760146,0.0,39967.0,0.9408716598312479,0.0,0
1.483519250778999,0.07913214319562087,184.0,4617.0,0.2818480654846208,1.123252162976015,0.0,39967.0,0.9408716598312479,0.0,0
1.4838325651483224,0.07917132105458884,185.0,4619.0,0.2821222019949762,1.1232521629760144,0.0,39967.0,0.9408716598312479,0.0,0
1.4841806208169046,0.07924796811923587,186.0,4622.0,0.28239361059891144,1.1232521629760153,0.0,39967.0,0.9408716598312479,0.0,0
1.4846334104597585,0.07943204990212129,187.0,4630.0,0.2826623184588797,1.1232521629760153,0.0,39967.0,0.9408716598312479,0.0,0
1.4848994444660688,0.07943204990212129,188.0,4630.0,0.28292835246518994,1.123252162976015,0.0,39967.0,0.9408716598312479,0.0,0
1.485199990847718,0.07946920951004706,189.0,4631.0,0.28319173923891344,1.1232521629760153,0.0,39967.0,0.9408716598312479,0.0,0
1.4855722503564646,0.07958070312297587,190.0,4634.0,0.2834525051347314,1.123252162976015,0.0,39967.0,0.9408716598312479,0.0,0
1.4858384877901636,0.07958876944767522,191.0,4635.0,0.2837106762437309,1.1232521629760146,0.0,39967.0,0.9408716598312479,0.0,0
1.4861702402049555,0.07966491971003926,192.0,4638.0,0.2839662783961588,1.1232521629760148,0.0,39967.0,0.9408716598312479,0.0,0
1.4864815466833126,0.07972316742042071,193.0,4641.0,0.28421933716413456,1.1232521629760153,0.0,39967.0,0.9408716598312479,0.0,0
1.4868808842118082,0.07987196424872699,194.0,4645.0,0.28446987786432376,1.1232521629760144,0.0,39967.0,0.9408716598312479,0.0,0
1.4871710197125854,0.07991405205325068,195.0,4647.0,0.28471792556057723,1.1232521629760146,0.0,39967.0,0.9408716598312479,0.0,0
1.4874910289432708,0.07998848177798182,196.0,4649.0,0.28496350506653145,1.123252162976015,0.0,39967.0,0.9408716598312479,0.0,0
1.487771384532829,0.08002570148589272,197.0,4650.0,0.2852066409481788,1.1232521629760146,0.0,39967.0,0.9408716598312479,0.0,0
1.4880121011110508,0.08002570148589272,198.0,4650.0,0.2854473575264006,1.1232521629760144,0.0,39967.0,0.9408716598312479,0.0,0
1.4882504224641218,0.08002570148589272,199.0,4650.0,0.2856856788794713,1.1232521629760155,0.0,39967.0,0.9408716598312479,0.0,0
1.4885526901792923,0.08009201923500416,200.0,4653.0,0.28592162884553074,1.123252162976015,0.0,39967.0,0.9408716598312479,0.0,0
1.488823540185527,0.08012926706174524,201.0,4654.0,0.2861552310250244,1.123252162976015,0.0,39967.0,0.9408716598312479,0.0,0
1.4890576175087,0.0801320666268238,202.0,4655.0,0.2863865087831186,1.1232521629760153,0.0,39967.0,0.9408716598312479,0.0,0
1.4893238531349464,0.08016932578410661,203.0,4656.0,0.28661548525208225,1.1232521629760153,0.0,39967.0,0.9408716598312479,0.0,0
1.4895505512165088,0.08016932578410661,204.0,4656.0,0.28684218333364503,1.123252162976015,0.0,39967.0,0.9408716598312479,0.0,0
1.4897749935841889,0.08016932578410661,205.0,4656.0,0.28706662570132485,1.1232521629760146,0.0,39967.0,0.9408716598312479,0.0,0
1.4899972026855957,0.08016932578410661,206.0,4656.0,0.28728883480273165,1.1232521629760148,0.0,39967.0,0.9408716598312479,0.0,0
1.490217200744708,0.08016932578410661,207.0,4656.0,0.287508832861844,1.123252162976015,0.0,39967.0,0.9408716598312479,0.0,0
1.4904350097641232,0.08016932578410661,208.0,4656.0,0.28772664188125924,1.123252162976015,0.0,39967.0,0.9408716598312479,0.0,0
1.490687948250057,0.0802066225068779,209.0,4657.0,0.2879422836444216,1.1232521629760148,0.0,39967.0,0.9408716598312479,0.0,0
1.4910684621012675,0.08037364028468769,210.0,4662.0,0.28815577971782236,1.123252162976015,0.0,39967.0,0.9408716598312479,0.0,0
1.4912798338366247,0.08037364028468769,211.0,4662.0,0.2883671514531798,1.1232521629760144,0.0,39967.0,0.9408716598312479,0.0,0
1.491636679448134,0.08052121735978489,212.0,4667.0,0.28857641998959166,1.123252162976015,0.0,39967.0,0.9408716598312479,0.0,0
1.4918438657142103,0.08052121735978489,213.0,4667.0,0.2887836062556682,1.1232521629760153,0.0,39967.0,0.9408716598312479,0.0,0
1.4920489904301828,0.08052121735978489,214.0,4667.0,0.2889887309716406,1.123252162976015,0.0,39967.0,0.9408716598312479,0.0,0
1.4922975091356159,0.08056665238541194,215.0,4669.0,0.2891918146514465,1.1232521629760153,0.0,39967.0,0.9408716598312479,0.0,0
1.4925472490063807,0.0806153293028279,216.0,4671.0,0.2893928776047954,1.1232521629760146,0.0,39967.0,0.9408716598312479,0.0,0
1.4927898337648953,0.08065885172692702,217.0,4673.0,0.28959193993921056,1.1232521629760155,0.0,39967.0,0.9408716598312479,0.0,0
1.4930616255586804,0.08073356189787183,218.0,4675.0,0.2897890215620512,1.1232521629760153,0.0,39967.0,0.9408716598312479,0.0,0
1.4932567461791413,0.08073356189787183,219.0,4675.0,0.2899841421825119,1.123252162976015,0.0,39967.0,0.9408716598312479,0.0,0
1.4934872897490579,0.0807709263366974,220.0,4676.0,0.2901773213136032,1.1232521629760144,0.0,39967.0,0.9408716598312479,0.0,0
1.4936785467095646,0.0807709263366974,221.0,4676.0,0.2903685782741097,1.1232521629760144,0.0,39967.0,0.9408716598312479,0.0,0
1.4939677922779282,0.08087081798863988,222.0,4681.0,0.2905579321905307,1.1232521629760148,0.0,39967.0,0.9408716598312479,0.0,0
1.4942340310052187,0.0809495869074638,223.0,4684.0,0.29074540199899734,1.1232521629760146,0.0,39967.0,0.9408716598312479,0.0,0
1.4944196354533947,0.0809495869074638,224.0,4684.0,0.2909310064471734,1.123252162976015,0.0,39967.0,0.9408716598312479,0.0,0
1.4946033931023563,0.0809495869074638,225.0,4684.0,0.29111476409613496,1.1232521629760146,0.0,39967.0,0.9408716598312479,0.0,0
1.4948405705686927,0.08100483514770386,226.0,4686.0,0.2912966933222313,1.1232521629760153,0.0,39967.0,0.9408716598312479,0.0,0
1.4950320426162191,0.08101618819853514,227.0,4687.0,0.2914768123189266,1.1232521629760148,0.0,39967.0,0.9408716598312479,0.0,0
1.4952103693959164,0.08101618819853514,228.0,4687.0,0.29165513909862373,1.1232521629760155,0.0,39967.0,0.9408716598312479,0.0,0
1.4954617462852553,0.08109101269202922,229.0,4689.0,0.29183169149446875,1.1232521629760148,0.0,39967.0,0.9408716598312479,0.0,0
1.4956739595635828,0.08112843030268817,230.0,4690.0,0.2920064871621372,1.123252162976015,0.0,39967.0,0.9408716598312479,0.0,0
1.4960259418986404,0.0813073562182795,231.0,4696.0,0.2921795435816036,1.1232521629760146,0.0,39967.0,0.9408716598312479,0.0,0
1.4962115912719463,0.08132167111429871,232.0,4698.0,0.29235087805889004,1.1232521629760148,0.0,39967.0,0.9408716598312479,0.0,0
1.49638403445974,0.0813244846331809,233.0,4699.0,0.2925205077278017,1.123252162976015,0.0,39967.0,0.9408716598312479,0.0,0
1.4965519762835786,0.0813244846331809,234.0,4699.0,0.29268844955164025,1.123252162976015,0.0,39967.0,0.9408716598312479,0.0,0
1.4967556941326563,0.08136193170899554,235.0,4700.0,0.29285472032490356,1.1232521629760144,0.0,39967.0,0.9408716598312479,0.0,0
1.4969577626703623,0.08139938389663891,236.0,4701.0,0.29301933667496605,1.123252162976015,0.0,39967.0,0.9408716598312479,0.0,0
1.497158196800039,0.08143683963753809,237.0,4702.0,0.2931823150637434,1.1232521629760146,0.0,39967.0,0.9408716598312479,0.0,0
1.4973590905872027,0.08147637669910514,238.0,4704.0,0.2933436717893402,1.1232521629760153,0.0,39967.0,0.9408716598312479,0.0,0
1.4976312436820667,0.08158877859562817,239.0,4707.0,0.293503422987681,1.1232521629760155,0.0,39967.0,0.9408716598312479,0.0,0
1.49782486341612,0.08162423668323752,240.0,4710.0,0.2936615846341249,1.1232521629760144,0.0,39967.0,0.9408716598312479,0.0,0
1.4980238456859105,0.08166663104208792,241.0,4712.0,0.293818172545065,1.123252162976015,0.0,39967.0,0.9408716598312479,0.0,0
1.4981806799490842,0.08166843547081716,242.0,4713.0,0.29397320237950963,1.1232521629760146,0.0,39967.0,0.9408716598312479,0.0,0
1.4983957464779858,0.08173001473857826,243.0,4716.0,0.29412668964065014,1.1232521629760148,0.0,39967.0,0.9408716598312479,0.0,0
1.4986226935669749,0.08180500179080524,244.0,4718.0,0.2942786496774121,1.1232521629760148,0.0,39967.0,0.9408716598312479,0.0,0
1.4988106395551892,0.08184249977044156,245.0,4719.0,0.2944290976859901,1.1232521629760148,0.0,39967.0,0.9408716598312479,0.0,0
1.498979112002097,0.08186202119197092,246.0,4721.0,0.29457804871136883,1.1232521629760146,0.0,39967.0,0.9408716598312479,0.0,0
1.499126580939556,0.08186202119197092,247.0,4721.0,0.2947255176488275,1.1232521629760148,0.0,39967.0,0.9408716598312479,0.0,0
1.499272582536159,0.08186202119197092,248.0,4721.0,0.294871519245431,1.1232521629760146,0.0,39967.0,0.9408716598312479,0.0,0
1.49945746664151,0.08190235644124914,249.0,4723.0,0.2950160681015032,1.123252162976015,0.0,39967.0,0.9408716598312479,0.0,0
1.499646237435529,0.0819480166646814,250.0,4725.0,0.29515917867209024,1.1232521629760146,0.0,39967.0,0.9408716598312479,0.0,0
1.4997993135615741,0.08195940619441396,251.0,4726.0,0.29530086526840293,1.1232521629760146,0.0,39967.0,0.9408716598312479,0.0,0
1.4999395903524229,0.08195940619441396,252.0,4726.0,0.2954411420592514,1.1232521629760153,0.0,39967.0,0.9408716598312479,0.0,0
1.500116002790067,0.08199693761884874,253.0,4727.0,0.29558002307246084,1.1232521629760148,0.0,39967.0,0.9408716598312479,0.0,0
1.5003399686885894,0.08208340439355798,254.0,4730.0,0.295717522196274,1.1232521629760146,0.0,39967.0,0.9408716598312479,0.0,0
1.5004874948638853,0.08209479958438619,255.0,4731.0,0.2958536531807418,1.1232521629760148,0.0,39967.0,0.9408716598312479,0.0,0
1.5006598145765786,0.08213234283872316,256.0,4732.0,0.2959884296390979,1.1232521629760146,0.0,39967.0,0.9408716598312479,0.0,0
1.500811172498222,0.08215026535034509,257.0,4733.0,0.2961218650491193,1.123252162976015,0.0,39967.0,0.9408716598312479,0.0,0
1.5009432802035785,0.08215026535034509,258.0,4733.0,0.2962539727544761,1.1232521629760146,0.0,39967.0,0.9408716598312479,0.0,0
1.5011116282947146,0.08218782022989216,259.0,4734.0,0.296384765966065,1.1232521629760146,0.0,39967.0,0.9408716598312479,0.0,0
1.5012868312981444,0.08223353143605663,260.0,4736.0,0.29651425776333046,1.123252162976015,0.0,39967.0,0.9408716598312479,0.0,0
1.5014150346303867,0.08223353143605663,261.0,4736.0,0.29664246109557263,1.1232521629760146,0.0,39967.0,0.9408716598312479,0.0,0
1.501579530284904,0.08227109940290264,262.0,4737.0,0.296769388783244,1.1232521629760146,0.0,39967.0,0.9408716598312479,0.0,0
1.5017051950208897,0.08227109940290264,263.0,4737.0,0.2968950535192297,1.1232521629760146,0.0,39967.0,0.9408716598312479,0.0,0
1.501867184969125,0.08230867500025035,264.0,4738.0,0.2970194678701172,1.123252162976015,0.0,39967.0,0.9408716598312479,0.0,0
1.501990361376462,0.08230867500025035,265.0,4738.0,0.2971426442774546,1.123252162976015,0.0,39967.0,0.9408716598312479,0.0,0
1.5021123121580002,0.08230867500025035,266.0,4738.0,0.29726459505899255,1.123252162976015,0.0,39967.0,0.9408716598312479,0.0,0
1.5022330495089264,0.08230867500025035,267.0,4738.0,0.29738533240991855,1.123252162976015,0.0,39967.0,0.9408716598312479,0.0,0
1.5023525855030821,0.08230867500025035,268.0,4738.0,0.2975048684040745,1.1232521629760142,0.0,39967.0,0.9408716598312479,0.0,0
1.5025085246929237,0.08234626759900106,269.0,4739.0,0.2976232149951655,1.1232521629760153,0.0,39967.0,0.9408716598312479,0.0,0
1.5026256937157125,0.08234626759900106,270.0,4739.0,0.29774038401795416,1.1232521629760148,0.0,39967.0,0.9408716598312479,0.0,0
1.5027416968872038,0.08234626759900106,271.0,4739.0,0.29785638718944546,1.1232521629760148,0.0,39967.0,0.9408716598312479,0.0,0
1.5029047216354696,0.08239444342665482,272.0,4742.0,0.2979712361100575,1.1232521629760146,0.0,39967.0,0.9408716598312479,0.0,0
1.5030184277901943,0.08239444342665482,273.0,4742.0,0.29808494226478205,1.123252162976015,0.0,39967.0,0.9408716598312479,0.0,0
1.5031310025497449,0.08239444342665482,274.0,4742.0,0.2981975170243326,1.1232521629760153,0.0,39967.0,0.9408716598312479,0.0,0
1.5032800666985344,0.08243205295349428,275.0,4743.0,0.2983089716462828,1.123252162976015,0.0,39967.0,0.9408716598312479,0.0,0
1.5033904123284414,0.08243205295349428,276.0,4743.0,0.29841931727619003,1.1232521629760146,0.0,39967.0,0.9408716598312479,0.0,0
1.5034996600009636,0.08243205295349428,277.0,4743.0,0.298528564948712,1.1232521629760148,0.0,39967.0,0.9408716598312479,0.0,0
1.503625776451846,0.08245000876437913,278.0,4744.0,0.29863672558870924,1.123252162976015,0.0,39967.0,0.9408716598312479,0.0,0
1.5037328608754748,0.08245000876437913,279.0,4744.0,0.2987438100123384,1.1232521629760146,0.0,39967.0,0.9408716598312479,0.0,0
1.5038388797912694,0.08245000876437913,280.0,4744.0,0.29884982892813283,1.1232521629760155,0.0,39967.0,0.9408716598312479,0.0,0
1.5039438438012107,0.08245000876437913,281.0,4744.0,0.29895479293807403,1.1232521629760148,0.0,39967.0,0.9408716598312479,0.0,0
1.5040853943896877,0.08248763975227769,282.0,4745.0,0.2990587125386524,1.1232521629760148,0.0,39967.0,0.9408716598312479,0.0,0
1.504188279972951,0.08248763975227769,283.0,4745.0,0.2991615981219159,1.1232521629760153,0.0,39967.0,0.9408716598312479,0.0,0
1.5042901418275447,0.08248763975227769,284.0,4745.0,0.2992634599765097,1.1232521629760148,0.0,39967.0,0.9408716598312479,0.0,0
1.5043909901397408,0.08248763975227769,285.0,4745.0,0.2993643082887057,1.1232521629760146,0.0,39967.0,0.9408716598312479,0.0,0
1.5047229243366067,0.08271972909442941,286.0,4752.0,0.2994641531434198,1.1232521629760144,0.0,39967.0,0.9408716598312479,0.0,0
1.504821775718409,0.08271972909442941,287.0,4752.0,0.2995630045252223,1.123252162976015,0.0,39967.0,0.9408716598312479,0.0,0
1.5049270222720155,0.08272710785392404,288.0,4754.0,0.29966087231933386,1.123252162976015,0.0,39967.0,0.9408716598312479,0.0,0
1.505023916265298,0.08272710785392404,289.0,4754.0,0.29975776631261675,1.1232521629760146,0.0,39967.0,0.9408716598312479,0.0,0
1.5051557934073825,0.08276305511407356,290.0,4756.0,0.29985369619455154,1.123252162976015,0.0,39967.0,0.9408716598312479,0.0,0
1.5052589416217836,0.08277122796481892,291.0,4757.0,0.29994867155820704,1.1232521629760148,0.0,39967.0,0.9408716598312479,0.0,0
1.5053529719647758,0.08277122796481892,292.0,4757.0,0.30004270190119947,1.1232521629760146,0.0,39967.0,0.9408716598312479,0.0,0
1.5054837336877622,0.08280889496236248,293.0,4758.0,0.300135796626642,1.1232521629760153,0.0,39967.0,0.9408716598312479,0.0,0
1.505575902105205,0.08280889496236248,294.0,4758.0,0.3002279650440853,1.1232521629760146,0.0,39967.0,0.9408716598312479,0.0,0
1.505667153431568,0.08280889496236248,295.0,4758.0,0.300319216370448,1.123252162976015,0.0,39967.0,0.9408716598312479,0.0,0
1.5057574967920593,0.08280889496236248,296.0,4758.0,0.30040955973093936,1.123252162976015,0.0,39967.0,0.9408716598312479,0.0,0
1.5058490280094121,0.0828109817506836,297.0,4759.0,0.30049900415997116,1.123252162976015,0.0,39967.0,0.9408716598312479,0.0,0
1.5059752619438425,0.08284866124302394,298.0,4760.0,0.3005875586020611,1.1232521629760148,0.0,39967.0,0.9408716598312479,0.0,0
1.5061006176765699,0.08288634366508468,299.0,4761.0,0.3006752319127277,1.1232521629760146,0.0,39967.0,0.9408716598312479,0.0,0
1.5061874186232171,0.08288634366508468,300.0,4761.0,0.300762032859375,1.1232521629760155,0.0,39967.0,0.9408716598312479,0.0,0
1.5062913438449537,0.08290433162402591,301.0,4762.0,0.30084797012217035,1.1232521629760146,0.0,39967.0,0.9408716598312479,0.0,0
1.5064141153462243,0.08294202095255478,302.0,4763.0,0.30093305229491174,1.1232521629760155,0.0,39967.0,0.9408716598312479,0.0,0
1.5065851783833513,0.08302884839870606,303.0,4766.0,0.30101728788588794,1.1232521629760144,0.0,39967.0,0.9408716598312479,0.0,0
1.5066685758161913,0.08302884839870606,304.0,4766.0,0.301100685318728,1.123252162976015,0.0,39967.0,0.9408716598312479,0.0,0
1.5067511434307088,0.08302884839870606,305.0,4766.0,0.301183252933245,1.1232521629760148,0.0,39967.0,0.9408716598312479,0.0,0
1.5068328894837333,0.08302884839870606,306.0,4766.0,0.3012649989862698,1.1232521629760146,0.0,39967.0,0.9408716598312479,0.0,0
1.5069138221499387,0.08302884839870606,307.0,4766.0,0.30134593165247503,1.1232521629760153,0.0,39967.0,0.9408716598312479,0.0,0
1.507031655148755,0.08306655402480181,308.0,4767.0,0.3014260590251957,1.123252162976015,0.0,39967.0,0.9408716598312479,0.0,0
1.5071109852407947,0.08306655402480181,309.0,4767.0,0.3015053891172355,1.1232521629760153,0.0,39967.0,0.9408716598312479,0.0,0
1.507189525985229,0.08306655402480181,310.0,4767.0,0.3015839298616699,1.1232521629760153,0.0,39967.0,0.9408716598312479,0.0,0
1.5072672852361984,0.08306655402480181,311.0,4767.0,0.301661689112639,1.1232521629760148,0.0,39967.0,0.9408716598312479,0.0,0
1.507344270769692,0.08306655402480181,312.0,4767.0,0.3017386746461327,1.1232521629760146,0.0,39967.0,0.9408716598312479,0.0,0
1.5074384919841575,0.08308455572463118,313.0,4768.0,0.30181489416076884,1.1232521629760148,0.0,39967.0,0.9408716598312479,0.0,0
1.5075319552492583,0.08310255787193882,314.0,4769.0,0.3018903552785621,1.1232521629760146,0.0,39967.0,0.9408716598312479,0.0,0
1.5076066655163833,0.08310255787193882,315.0,4769.0,0.3019650655456872,1.1232521629760144,0.0,39967.0,0.9408716598312479,0.0,0
1.5076806324039296,0.08310255787193882,316.0,4769.0,0.3020390324332334,1.1232521629760146,0.0,39967.0,0.9408716598312479,0.0,0
1.507809592855163,0.08315828741845423,317.0,4771.0,0.3021122633379511,1.1232521629760153,0.0,39967.0,0.9408716598312479,0.0,0
1.5079198221208914,0.08319601443914208,318.0,4772.0,0.3021847655829918,1.1232521629760146,0.0,39967.0,0.9408716598312479,0.0,0
1.5079916029565397,0.08319601443914208,319.0,4772.0,0.3022565464186403,1.1232521629760146,0.0,39967.0,0.9408716598312479,0.0,0
1.5080660273209656,0.08319937219916784,320.0,4773.0,0.3023276130230403,1.1232521629760155,0.0,39967.0,0.9408716598312479,0.0,0
1.5081363868008366,0.08319937219916784,321.0,4773.0,0.3023979725029114,1.1232521629760148,0.0,39967.0,0.9408716598312479,0.0,0
1.508243782228913,0.0832371082358955,322.0,4774.0,0.3024676318942601,1.1232521629760146,0.0,39967.0,0.9408716598312479,0.0,0
1.5083504866615705,0.08327484639972917,323.0,4775.0,0.30253659816308376,1.1232521629760148,0.0,39967.0,0.9408716598312479,0.0,0
1.5084565067111597,0.08331258640633557,324.0,4776.0,0.30260487820606663,1.1232521629760146,0.0,39967.0,0.9408716598312479,0.0,0
1.508566803303762,0.08335528235373424,325.0,4778.0,0.30267247885127024,1.1232521629760148,0.0,39967.0,0.9408716598312479,0.0,0
1.5086337313113065,0.08335528235373424,326.0,4778.0,0.30273940685881484,1.1232521629760148,0.0,39967.0,0.9408716598312479,0.0,0
1.5086999933740497,0.08335528235373424,327.0,4778.0,0.30280566892155775,1.123252162976015,0.0,39967.0,0.9408716598312479,0.0,0
1.5087655961182518,0.08335528235373424,328.0,4778.0,0.3028712716657601,1.123252162976015,0.0,39967.0,0.9408716598312479,0.0,0
1.5088305461042424,0.08335528235373424,329.0,4778.0,0.3029362216517509,1.1232521629760148,0.0,39967.0,0.9408716598312479,0.0,0
1.5088948498270747,0.08335528235373424,330.0,4778.0,0.30300052537458305,1.1232521629760148,0.0,39967.0,0.9408716598312479,0.0,0
1.5089585137171737,0.08335528235373424,331.0,4778.0,0.3030641892646821,1.1232521629760146,0.0,39967.0,0.9408716598312479,0.0,0
1.509102010440364,0.08343574865311612,332.0,4781.0,0.3031272196884909,1.123252162976015,0.0,39967.0,0.9408716598312479,0.0,0
1.509164413700977,0.08343574865311612,333.0,4781.0,0.30318962294910345,1.1232521629760148,0.0,39967.0,0.9408716598312479,0.0,0
1.509263956842805,0.0834735094571494,334.0,4782.0,0.3032514052868984,1.1232521629760144,0.0,39967.0,0.9408716598312479,0.0,0
1.509331369868111,0.08347975488919283,335.0,4783.0,0.3033125728801608,1.1232521629760148,0.0,39967.0,0.9408716598312479,0.0,0
1.5094714997433496,0.08355932579889115,336.0,4786.0,0.3033731318457009,1.1232521629760153,0.0,39967.0,0.9408716598312479,0.0,0
1.5095494826740046,0.08357735233578117,337.0,4787.0,0.30343308823946596,1.123252162976015,0.0,39967.0,0.9408716598312479,0.0,0
1.509608842491684,0.08357735233578117,338.0,4787.0,0.30349244805714526,1.1232521629760153,0.0,39967.0,0.9408716598312479,0.0,0
1.5098169890733601,0.08372672973983272,339.0,4792.0,0.30355121723477,1.1232521629760153,0.0,39967.0,0.9408716598312479,0.0,0
1.5099191986202396,0.08377075487217532,340.0,4794.0,0.3036094016493069,1.1232521629760146,0.0,39967.0,0.9408716598312479,0.0,0
1.5099768040901784,0.08377075487217532,341.0,4794.0,0.3036670071192457,1.1232521629760144,0.0,39967.0,0.9408716598312479,0.0,0
1.5100482835030884,0.0837852019991491,342.0,4796.0,0.30372403940518183,1.123252162976015,0.0,39967.0,0.9408716598312479,0.0,0
1.5101047483082977,0.0837852019991491,343.0,4796.0,0.30378050421039127,1.123252162976015,0.0,39967.0,0.9408716598312479,0.0,0
1.510198436180448,0.08382298690028916,344.0,4797.0,0.30383640718140137,1.123252162976015,0.0,39967.0,0.9408716598312479,0.0,0
1.5103096049059608,0.08387880889864749,345.0,4799.0,0.30389175390855594,1.123252162976015,0.0,39967.0,0.9408716598312479,0.0,0
1.510364400923979,0.08387880889864749,346.0,4799.0,0.3039465499265741,1.123252162976015,0.0,39967.0,0.9408716598312479,0.0,0
1.5104186517125076,0.08387880889864749,347.0,4799.0,0.30400080071510277,1.1232521629760146,0.0,39967.0,0.9408716598312479,0.0,0
1.5104723626966714,0.08387880889864749,348.0,4799.0,0.3040545116992666,1.1232521629760146,0.0,39967.0,0.9408716598312479,0.0,0
1.5105255392476133,0.08387880889864749,349.0,4799.0,0.3041076882502081,1.1232521629760148,0.0,39967.0,0.9408716598312479,0.0,0
1.5105781866830323,0.08387880889864749,350.0,4799.0,0.30416033568562745,1.1232521629760153,0.0,39967.0,0.9408716598312479,0.0,0
1.5106303102677165,0.08387880889864749,351.0,4799.0,0.3042124592703115,1.1232521629760153,0.0,39967.0,0.9408716598312479,0.0,0
1.5107197133780843,0.08391660706266432,352.0,4800.0,0.30426406421666247,1.1232521629760146,0.0,39967.0,0.9408716598312479,0.0,0
1.5107708048466395,0.08391660706266432,353.0,4800.0,0.3043151556852178,1.1232521629760153,0.0,39967.0,0.9408716598312479,0.0,0
1.5108213879465888,0.08391660706266432,354.0,4800.0,0.304365738785167,1.1232521629760155,0.0,39967.0,0.9408716598312479,0.0,0
1.5108725926761077,0.08392010632248796,355.0,4801.0,0.3044231597625582,1.1232802681695042,0.0,39966.0,0.9408716598312479,0.0,0
1.5109222312218515,0.08392010632248796,356.0,4801.0,0.30447279830830165,1.123280268169504,0.0,39966.0,0.9408716598312479,0.0,0
1.5109713385272252,0.08392010632248796,357.0,4801.0,0.30452190561367515,1.123280268169504,0.0,39966.0,0.9408716598312479,0.0,0
1.5110239951958773,0.08392415088275755,358.0,4802.0,0.30457051772205784,1.1232802681695042,0.0,39966.0,0.9408716598312479,0.0,0
1.511075485507783,0.08392751552378175,359.0,4803.0,0.30461864339293937,1.1232802681695035,0.0,39966.0,0.9408716598312479,0.0,0
1.5111231310213746,0.08392751552378175,360.0,4803.0,0.30466628890653125,1.1232802681695038,0.0,39966.0,0.9408716598312479,0.0,0
1.5111883484448814,0.08394556225584869,361.0,4804.0,0.30471345959797097,1.1232802681695042,0.0,39966.0,0.9408716598312479,0.0,0
1.511235049268898,0.08394556225584869,362.0,4804.0,0.3047601604219874,1.1232802681695035,0.0,39966.0,0.9408716598312479,0.0,0
1.5112812850081176,0.08394556225584869,363.0,4804.0,0.30480639616120714,1.123280268169504,0.0,39966.0,0.9408716598312479,0.0,0
1.511327060350244,0.08394556225584869,364.0,4804.0,0.30485217150333344,1.1232802681695038,0.0,39966.0,0.9408716598312479,0.0,0
1.5113739721359174,0.08394715447479745,365.0,4805.0,0.30489749107005804,1.123280268169504,0.0,39966.0,0.9408716598312479,0.0,0
1.5114188404940518,0.08394715447479745,366.0,4805.0,0.3049423594281926,1.1232802681695044,0.0,39966.0,0.9408716598312479,0.0,0
1.5114813124786823,0.08396520479338374,367.0,4806.0,0.3049867810942367,1.1232802681695038,0.0,39966.0,0.9408716598312479,0.0,0
1.5115631115750607,0.08400302444748736,368.0,4807.0,0.30503076053651135,1.123280268169504,0.0,39966.0,0.9408716598312479,0.0,0
1.5116066532149235,0.08400302444748736,369.0,4807.0,0.3050743021763745,1.1232802681695038,0.0,39966.0,0.9408716598312479,0.0,0
1.5116497614276345,0.08400302444748736,370.0,4807.0,0.3051174103890853,1.1232802681695042,0.0,39966.0,0.9408716598312479,0.0,0
1.5116924405430714,0.08400302444748736,371.0,4807.0,0.30516008950452217,1.1232802681695038,0.0,39966.0,0.9408716598312479,0.0,0
1.5117346948463792,0.08400302444748736,372.0,4807.0,0.3052023438078299,1.1232802681695042,0.0,39966.0,0.9408716598312479,0.0,0
1.5117765285785805,0.08400302444748736,373.0,4807.0,0.3052441775400311,1.1232802681695042,0.0,39966.0,0.9408716598312479,0.0,0
1.511817945937158,0.08400302444748736,374.0,4807.0,0.3052855948986084,1.1232802681695044,0.0,39966.0,0.9408716598312479,0.0,0
1.5118589510766163,0.08400302444748736,375.0,4807.0,0.3053266000380671,1.1232802681695044,0.0,39966.0,0.9408716598312479,0.0,0
1.5118995481090265,0.08400302444748736,376.0,4807.0,0.30536719707047705,1.123280268169504,0.0,39966.0,0.9408716598312479,0.0,0
1.5119397411045514,0.08400302444748736,377.0,4807.0,0.3054073900660022,1.1232802681695035,0.0,39966.0,0.9408716598312479,0.0,0
1.5119829006755656,0.08400639103109482,378.0,4808.0,0.30544718305340873,1.1232802681695044,0.0,39966.0,0.9408716598312479,0.0,0
1.5120222976427216,0.08400639103109482,379.0,4808.0,0.30548658002056484,1.1232802681695042,0.0,39966.0,0.9408716598312479,0.0,0
1.5120613025370804,0.08400639103109482,380.0,4808.0,0.3055255849149237,1.1232802681695035,0.0,39966.0,0.9408716598312479,0.0,0
1.5121061763709471,0.08401264813588945,381.0,4809.0,0.3055642016439957,1.1232802681695044,0.0,39966.0,0.9408716598312479,0.0,0
1.5121444088027614,0.08401264813588945,382.0,4809.0,0.30560243407580995,1.1232802681695035,0.0,39966.0,0.9408716598312479,0.0,0
1.512275993991082,0.08410638136065683,383.0,4812.0,0.3056402860393632,1.123280268169504,0.0,39966.0,0.9408716598312479,0.0,0
1.5123134692767795,0.08410638136065683,384.0,4812.0,0.3056777613250605,1.1232802681695044,0.0,39966.0,0.9408716598312479,0.0,0
1.5123505716368655,0.08410638136065683,385.0,4812.0,0.30571486368514666,1.123280268169504,0.0,39966.0,0.9408716598312479,0.0,0
1.5123873047858458,0.08410638136065683,386.0,4812.0,0.30575159683412706,1.123280268169504,0.0,39966.0,0.9408716598312479,0.0,0
1.5124236724009017,0.08410638136065683,387.0,4812.0,0.30578796444918294,1.1232802681695038,0.0,39966.0,0.9408716598312479,0.0,0
1.5124596781222952,0.08410638136065683,388.0,4812.0,0.3058239701705764,1.123280268169504,0.0,39966.0,0.9408716598312479,0.0,0
1.512495325553769,0.08410638136065683,389.0,4812.0,0.30585961760205005,1.1232802681695044,0.0,39966.0,0.9408716598312479,0.0,0
1.5125306182629366,0.08410638136065683,390.0,4812.0,0.3058949103112179,1.123280268169504,0.0,39966.0,0.9408716598312479,0.0,0
1.5126412528067055,0.08418207438569192,391.0,4814.0,0.3059298518299516,1.1232802681695035,0.0,39966.0,0.9408716598312479,0.0,0
1.5126758466315118,0.08418207438569192,392.0,4814.0,0.3059644456547578,1.1232802681695042,0.0,39966.0,0.9408716598312479,0.0,0
1.5127100962239073,0.08418207438569192,393.0,4814.0,0.3059986952471536,1.1232802681695035,0.0,39966.0,0.9408716598312479,0.0,0
1.5127440050107845,0.08418207438569192,394.0,4814.0,0.3060326040340309,1.1232802681695038,0.0,39966.0,0.9408716598312479,0.0,0
1.512777576384774,0.08418207438569192,395.0,4814.0,0.30606617540802,1.123280268169504,0.0,39966.0,0.9408716598312479,0.0,0
1.5128108137046,0.08418207438569192,396.0,4814.0,0.3060994127278461,1.123280268169504,0.0,39966.0,0.9408716598312479,0.0,0
1.5128437202954332,0.08418207438569192,397.0,4814.0,0.30613231931867935,1.123280268169504,0.0,39966.0,0.9408716598312479,0.0,0
1.512876299449237,0.08418207438569192,398.0,4814.0,0.30616489847248296,1.1232802681695038,0.0,39966.0,0.9408716598312479,0.0,0
1.5129085544251093,0.08418207438569192,399.0,4814.0,0.3061971534483553,1.1232802681695035,0.0,39966.0,0.9408716598312479,0.0,0
1.5129404884496196,0.08418207438569192,400.0,4814.0,0.30622908747286565,1.123280268169504,0.0,39966.0,0.9408716598312479,0.0,0
1.5130149271159372,0.08422489678448615,401.0,4816.0,0.3062607037403892,1.1232802681695038,0.0,39966.0,0.9408716598312479,0.0,0
1.5131219450742892,0.08430061306979306,402.0,4818.0,0.3062920054134343,1.1232802681695042,0.0,39966.0,0.9408716598312479,0.0,0
1.5131529352838242,0.08430061306979306,403.0,4818.0,0.30632299562296916,1.1232802681695044,0.0,39966.0,0.9408716598312479,0.0,0
1.513183617129596,0.08430061306979306,404.0,4818.0,0.30635367746874104,1.1232802681695042,0.0,39966.0,0.9408716598312479,0.0,0
1.5132501360476371,0.08433675543698085,405.0,4820.0,0.3063840540195944,1.1232802681695035,0.0,39966.0,0.9408716598312479,0.0,0
1.5132802103418257,0.08433675543698085,406.0,4820.0,0.3064141283137829,1.1232802681695042,0.0,39966.0,0.9408716598312479,0.0,0
1.513309985387323,0.08433675543698085,407.0,4820.0,0.3064439033592803,1.123280268169504,0.0,39966.0,0.9408716598312479,0.0,0
1.5133394641621283,0.08433675543698085,408.0,4820.0,0.30647338213408554,1.123280268169504,0.0,39966.0,0.9408716598312479,0.0,0
1.5133686496145686,0.08433675543698085,409.0,4820.0,0.30650256758652583,1.123280268169504,0.0,39966.0,0.9408716598312479,0.0,0
1.5133975446635979,0.08433675543698085,410.0,4820.0,0.30653146263555503,1.1232802681695042,0.0,39966.0,0.9408716598312479,0.0,0
1.513426152199093,0.08433675543698085,411.0,4820.0,0.30656007017105036,1.123280268169504,0.0,39966.0,0.9408716598312479,0.0,0
1.5134544750821468,0.08433675543698085,412.0,4820.0,0.3065883930541038,1.123280268169504,0.0,39966.0,0.9408716598312479,0.0,0
1.5134825161453551,0.08433675543698085,413.0,4820.0,0.3066164341173125,1.1232802681695044,0.0,39966.0,0.9408716598312479,0.0,0
1.513510278193106,0.08433675543698085,414.0,4820.0,0.3066441961650632,1.1232802681695042,0.0,39966.0,0.9408716598312479,0.0,0
1.5135377640018606,0.08433675543698085,415.0,4820.0,0.30667168197381783,1.1232802681695044,0.0,39966.0,0.9408716598312479,0.0,0
1.5136028471522143,0.08437462626876163,416.0,4821.0,0.30669889429239067,1.123280268169504,0.0,39966.0,0.9408716598312479,0.0,0
1.513629788702051,0.08437462626876163,417.0,4821.0,0.3067258358422273,1.1232802681695038,0.0,39966.0,0.9408716598312479,0.0,0
1.5136564621775017,0.08437462626876163,418.0,4821.0,0.30675250931767817,1.1232802681695038,0.0,39966.0,0.9408716598312479,0.0,0
1.513682870246093,0.08437462626876163,419.0,4821.0,0.3067789173862692,1.1232802681695038,0.0,39966.0,0.9408716598312479,0.0,0
1.5137090155487942,0.08437462626876163,420.0,4821.0,0.30680506268897073,1.1232802681695042,0.0,39966.0,0.9408716598312479,0.0,0
1.5137349007002867,0.08437462626876163,421.0,4821.0,0.306830947840463,1.1232802681695042,0.0,39966.0,0.9408716598312479,0.0,0
1.513760528289222,0.08437462626876163,422.0,4821.0,0.30685657542939837,1.1232802681695042,0.0,39966.0,0.9408716598312479,0.0,0
1.5137859008784857,0.08437462626876163,423.0,4821.0,0.30688194801866203,1.1232802681695038,0.0,39966.0,0.9408716598312479,0.0,0
1.5138538674533806,0.08441747271668985,424.0,4823.0,0.30690706814562874,1.1232802681695038,0.0,39966.0,0.9408716598312479,0.0,0
1.51387873763017,0.08441747271668985,425.0,4823.0,0.30693193832241794,1.1232802681695038,0.0,39966.0,0.9408716598312479,0.0,0
1.5139033603438974,0.08441747271668985,426.0,4823.0,0.3069565610361457,1.1232802681695035,0.0,39966.0,0.9408716598312479,0.0,0
1.513927738056926,0.08441747271668985,427.0,4823.0,0.3069809387491743,1.1232802681695035,0.0,39966.0,0.9408716598312479,0.0,0
1.5139518732071102,0.08441747271668985,428.0,4823.0,0.30700507389935855,1.1232802681695033,0.0,39966.0,0.9408716598312479,0.0,0
1.5139757682080435,0.08441747271668985,429.0,4823.0,0.3070289689002916,1.1232802681695042,0.0,39966.0,0.9408716598312479,0.0,0
1.513999425449297,0.08441747271668985,430.0,4823.0,0.3070526261415452,1.1232802681695038,0.0,39966.0,0.9408716598312479,0.0,0
1.5140228472966621,0.08441747271668985,431.0,4823.0,0.30707604798891025,1.1232802681695042,0.0,39966.0,0.9408716598312479,0.0,0
1.5140460360923853,0.08441747271668985,432.0,4823.0,0.30709923678463363,1.123280268169504,0.0,39966.0,0.9408716598312479,0.0,0
1.5140689941554046,0.08441747271668985,433.0,4823.0,0.30712219484765285,1.123280268169504,0.0,39966.0,0.9408716598312479,0.0,0
1.51409172378158,0.08441747271668985,434.0,4823.0,0.30714492447382835,1.1232802681695038,0.0,39966.0,0.9408716598312479,0.0,0
1.514114227243925,0.08441747271668985,435.0,4823.0,0.3071674279361729,1.1232802681695044,0.0,39966.0,0.9408716598312479,0.0,0
1.5141743923673234,0.08445535829118085,436.0,4824.0,0.3071897074850806,1.123280268169504,0.0,39966.0,0.9408716598312479,0.0,0
1.514196450230793,0.08445535829118085,437.0,4824.0,0.30721176534855027,1.1232802681695044,0.0,39966.0,0.9408716598312479,0.0,0
1.5142182886146527,0.08445535829118085,438.0,4824.0,0.30723360373241004,1.1232802681695035,0.0,39966.0,0.9408716598312479,0.0,0
1.5142399097027808,0.08445535829118085,439.0,4824.0,0.307255224820538,1.1232802681695035,0.0,39966.0,0.9408716598312479,0.0,0
1.5142613156573226,0.08445535829118085,440.0,4824.0,0.3072766307750798,1.123280268169504,0.0,39966.0,0.9408716598312479,0.0,0
1.514282508618909,0.08445535829118085,441.0,4824.0,0.3072978237366662,1.123280268169504,0.0,39966.0,0.9408716598312479,0.0,0
1.5143034907068695,0.08445535829118085,442.0,4824.0,0.30731880582462673,1.1232802681695038,0.0,39966.0,0.9408716598312479,0.0,0
1.5143621542763122,0.08449324854804861,443.0,4825.0,0.3073395791372015,1.1232802681695042,0.0,39966.0,0.9408716598312479,0.0,0
1.514382720890863,0.08449324854804861,444.0,4825.0,0.3073601457517525,1.1232802681695038,0.0,39966.0,0.9408716598312479,0.0,0
1.51440308286408,0.08449324854804861,445.0,4825.0,0.30738050772496944,1.1232802681695042,0.0,39966.0,0.9408716598312479,0.0,0
1.5144232422321882,0.08449324854804861,446.0,4825.0,0.3074006670930775,1.1232802681695042,0.0,39966.0,0.9408716598312479,0.0,0
1.51444320101115,0.08449324854804861,447.0,4825.0,0.3074206258720395,1.123280268169504,0.0,39966.0,0.9408716598312479,0.0,0
1.5144629611968692,0.08449324854804861,448.0,4825.0,0.30744038605775875,1.1232802681695038,0.0,39966.0,0.9408716598312479,0.0,0
1.5144825247653884,0.08449324854804861,449.0,4825.0,0.30745994962627804,1.1232802681695042,0.0,39966.0,0.9408716598312479,0.0,0
1.514501893673088,0.08449324854804861,450.0,4825.0,0.3074793185339774,1.123280268169504,0.0,39966.0,0.9408716598312479,0.0,0
1.514521069856881,0.08449324854804861,451.0,4825.0,0.30749849471777024,1.1232802681695035,0.0,39966.0,0.9408716598312479,0.0,0
1.5145400552344073,0.08449324854804861,452.0,4825.0,0.3075174800952967,1.1232802681695042,0.0,39966.0,0.9408716598312479,0.0,0
1.514558851704226,0.08449324854804861,453.0,4825.0,0.3075362765651156,1.1232802681695038,0.0,39966.0,0.9408716598312479,0.0,0
1.5145955486997238,0.08451133610176767,454.0,4826.0,0.3075548860068944,1.1232802681695038,0.0,39966.0,0.9408716598312479,0.0,0
1.5146139729744263,0.08451133610176767,455.0,4826.0,0.30757331028159673,1.1232802681695042,0.0,39966.0,0.9408716598312479,0.0,0
1.5146322139244992,0.08451133610176767,456.0,4826.0,0.3075915512316694,1.1232802681695042,0.0,39966.0,0.9408716598312479,0.0,0
1.5146502733740563,0.08451133610176767,457.0,4826.0,0.30760961068122655,1.123280268169504,0.0,39966.0,0.9408716598312479,0.0,0
1.5146681531290604,0.08451133610176767,458.0,4826.0,0.30762749043623083,1.1232802681695044,0.0,39966.0,0.9408716598312479,0.0,0
1.5146858549775053,0.08451133610176767,459.0,4826.0,0.30764519228467546,1.1232802681695042,0.0,39966.0,0.9408716598312479,0.0,0
1.5147033806895929,0.08451133610176767,460.0,4826.0,0.30766271799676326,1.1232802681695042,0.0,39966.0,0.9408716598312479,0.0,0
1.5147207320179112,0.08451133610176767,461.0,4826.0,0.3076800693250816,1.123280268169504,0.0,39966.0,0.9408716598312479,0.0,0
1.51473791069761,0.08451133610176767,462.0,4826.0,0.30769724800478027,1.1232802681695042,0.0,39966.0,0.9408716598312479,0.0,0
1.5147549184465734,0.08451133610176767,463.0,4826.0,0.3077142557537438,1.1232802681695038,0.0,39966.0,0.9408716598312479,0.0,0
1.5147717569655919,0.08451133610176767,464.0,4826.0,0.30773109427276246,1.1232802681695035,0.0,39966.0,0.9408716598312479,0.0,0
1.5147884279385333,0.08451133610176767,465.0,4826.0,0.3077477652457038,1.1232802681695035,0.0,39966.0,0.9408716598312479,0.0,0
1.5148049330325102,0.08451133610176767,466.0,4826.0,0.3077642703396806,1.123280268169504,0.0,39966.0,0.9408716598312479,0.0,0
1.514821273898047,0.08451133610176767,467.0,4826.0,0.3077806112052174,1.1232802681695044,0.0,39966.0,0.9408716598312479,0.0,0
1.514875354948989,0.08454923888151193,468.0,4827.0,0.3077967894764155,1.1232802681695035,0.0,39966.0,0.9408716598312479,0.0,0
1.51489137224369,0.08454923888151193,469.0,4827.0,0.3078128067711162,1.1232802681695035,0.0,39966.0,0.9408716598312479,0.0,0
1.5149072301636377,0.08454923888151193,470.0,4827.0,0.30782866469106385,1.1232802681695042,0.0,39966.0,0.9408716598312479,0.0,0
1.5149229302946379,0.08454923888151193,471.0,4827.0,0.3078443648220641,1.1232802681695035,0.0,39966.0,0.9408716598312479,0.0,0
1.5149384742067178,0.08454923888151193,472.0,4827.0,0.30785990873414376,1.1232802681695038,0.0,39966.0,0.9408716598312479,0.0,0
1.514953863454282,0.08454923888151193,473.0,4827.0,0.3078752979817084,1.1232802681695035,0.0,39966.0,0.9408716598312479,0.0,0
1.5149690995762695,0.08454923888151193,474.0,4827.0,0.30789053410369555,1.1232802681695044,0.0,39966.0,0.9408716598312479,0.0,0
1.5149841840963048,0.08454923888151193,475.0,4827.0,0.3079056186237309,1.1232802681695042,0.0,39966.0,0.9408716598312479,0.0,0
1.5149991185228535,0.08454923888151193,476.0,4827.0,0.3079205530502796,1.1232802681695042,0.0,39966.0,0.9408716598312479,0.0,0
1.515013904349371,0.08454923888151193,477.0,4827.0,0.30793533887679736,1.1232802681695042,0.0,39966.0,0.9408716598312479,0.0,0
1.515028543054453,0.08454923888151193,478.0,4827.0,0.3079499775818793,1.1232802681695035,0.0,39966.0,0.9408716598312479,0.0,0
1.5150430361019824,0.08454923888151193,479.0,4827.0,0.30796447062940874,1.1232802681695042,0.0,39966.0,0.9408716598312479,0.0,0
1.5150573849412765,0.08454923888151193,480.0,4827.0,0.30797881946870254,1.123280268169504,0.0,39966.0,0.9408716598312479,0.0,0
1.5150715910072312,0.08454923888151193,481.0,4827.0,0.3079930255346575,1.1232802681695038,0.0,39966.0,0.9408716598312479,0.0,0
1.5150856557204655,0.08454923888151193,482.0,4827.0,0.30800709024789175,1.123280268169504,0.0,39966.0,0.9408716598312479,0.0,0
1.5150995804874627,0.08454923888151193,483.0,4827.0,0.30802101501488877,1.123280268169504,0.0,39966.0,0.9408716598312479,0.0,0
1.515113366700711,0.08454923888151193,484.0,4827.0,0.3080348012281372,1.1232802681695042,0.0,39966.0,0.9408716598312479,0.0,0
1.515127015738844,0.08454923888151193,485.0,4827.0,0.30804845026627015,1.1232802681695042,0.0,39966.0,0.9408716598312479,0.0,0
1.5151405289667763,0.08454923888151193,486.0,4827.0,0.3080619634942027,1.123280268169504,0.0,39966.0,0.9408716598312479,0.0,0
1.5151539077358431,0.08454923888151193,487.0,4827.0,0.30807534226326927,1.1232802681695038,0.0,39966.0,0.9408716598312479,0.0,0
1.515167153383932,0.08454923888151193,488.0,4827.0,0.308088587911358,1.1232802681695044,0.0,39966.0,0.9408716598312479,0.0,0
1.515180267235619,0.08454923888151193,489.0,4827.0,0.30810170176304486,1.1232802681695038,0.0,39966.0,0.9408716598312479,0.0,0
1.5151932506023003,0.08454923888151193,490.0,4827.0,0.3081146851297263,1.1232802681695035,0.0,39966.0,0.9408716598312479,0.0,0
1.5152061047823238,0.08454923888151193,491.0,4827.0,0.30812753930974973,1.123280268169504,0.0,39966.0,0.9408716598312479,0.0,0
1.5152188310611179,0.08454923888151193,492.0,4827.0,0.30814026558854407,1.1232802681695042,0.0,39966.0,0.9408716598312479,0.0,0
1.5152314307113215,0.08454923888151193,493.0,4827.0,0.30815286523874763,1.123280268169504,0.0,39966.0,0.9408716598312479,0.0,0
1.5152439049929103,0.08454923888151193,494.0,4827.0,0.3081653395203363,1.1232802681695044,0.0,39966.0,0.9408716598312479,0.0,0
1.5152562551533229,0.08454923888151193,495.0,4827.0,0.3081776896807487,1.1232802681695047,0.0,39966.0,0.9408716598312479,0.0,0
1.515268482427585,0.08454923888151193,496.0,4827.0,0.30818991695501113,1.1232802681695044,0.0,39966.0,0.9408716598312479,0.0,0
1.515280588038435,0.08454923888151193,497.0,4827.0,0.3082020225658611,1.1232802681695035,0.0,39966.0,0.9408716598312479,0.0,0
1.5152925731964444,0.08454923888151193,498.0,4827.0,0.30821400772387025,1.1232802681695047,0.0,39966.0,0.9408716598312479,0.0,0
1.515304439100138,0.08454923888151193,499.0,4827.0,0.30822587362756426,1.123280268169504,0.0,39966.0,0.9408716598312479,0.0,0
1.5153161869361171,0.08454923888151193,500.0,4827.0,0.3082376214635432,1.1232802681695035,0.0,39966.0,0.9408716598312479,0.0,0
1.515327817879175,0.08454923888151193,501.0,4827.0,0.3082492524066009,1.1232802681695038,0.0,39966.0,0.9408716598312479,0.0,0
1.5153393330924152,0.08454923888151193,502.0,4827.0,0.3082607676198413,1.1232802681695044,0.0,39966.0,0.9408716598312479,0.0,0
1.5153507337273686,0.08454923888151193,503.0,4827.0,0.30827216825479475,1.1232802681695035,0.0,39966.0,0.9408716598312479,0.0,0
1.515362020924109,0.08454923888151193,504.0,4827.0,0.3082834554515351,1.123280268169504,0.0,39966.0,0.9408716598312479,0.0,0
1.5153847045952686,0.0845607476654153,505.0,4828.0,0.3082946303387913,1.1232802681695044,0.0,39966.0,0.9408716598312479,0.0,0
1.5153957682905381,0.0845607476654153,506.0,4828.0,0.3083056940340609,1.123280268169504,0.0,39966.0,0.9408716598312479,0.0,0
1.5154446390611978,0.08459866482641293,507.0,4829.0,0.3083166476437233,1.123280268169504,0.0,39966.0,0.9408716598312479,0.0,0
1.515455483680623,0.08459866482641293,508.0,4829.0,0.3083274922631481,1.1232802681695038,0.0,39966.0,0.9408716598312479,0.0,0
1.5154662203942812,0.08459866482641293,509.0,4829.0,0.3083382289768066,1.1232802681695035,0.0,39966.0,0.9408716598312479,0.0,0
1.515476850275854,0.08459866482641293,510.0,4829.0,0.30834885885837915,1.1232802681695035,0.0,39966.0,0.9408716598312479,0.0,0
1.5154873743883375,0.08459866482641293,511.0,4829.0,0.3083593829708625,1.123280268169504,0.0,39966.0,0.9408716598312479,0.0,0
1.515497793784152,0.08459866482641293,512.0,4829.0,0.30836980236667705,1.123280268169504,0.0,39966.0,0.9408716598312479,0.0,0
1.5155081095052458,0.08459866482641293,513.0,4829.0,0.30838011808777094,1.1232802681695044,0.0,39966.0,0.9408716598312479,0.0,0
1.5155183225831999,0.08459866482641293,514.0,4829.0,0.3083903311657248,1.123280268169504,0.0,39966.0,0.9408716598312479,0.0,0
1.5155284340393298,0.08459866482641293,515.0,4829.0,0.30840044262185495,1.1232802681695042,0.0,39966.0,0.9408716598312479,0.0,0
1.5155384448847902,0.08459866482641293,516.0,4829.0,0.3084104534673154,1.1232802681695035,0.0,39966.0,0.9408716598312479,0.0,0
1.5155483561206742,0.08459866482641293,517.0,4829.0,0.30842036470319917,1.123280268169504,0.0,39966.0,0.9408716598312479,0.0,0
1.515558168738113,0.08459866482641293,518.0,4829.0,0.30843017732063827,1.1232802681695038,0.0,39966.0,0.9408716598312479,0.0,0
1.515567883718377,0.08459866482641293,519.0,4829.0,0.30843989230090213,1.1232802681695042,0.0,39966.0,0.9408716598312479,0.0,0
1.5155775020329723,0.08459866482641293,520.0,4829.0,0.3084495106154974,1.1232802681695038,0.0,39966.0,0.9408716598312479,0.0,0
1.5155870246437382,0.08459866482641293,521.0,4829.0,0.3084590332262633,1.123280268169504,0.0,39966.0,0.9408716598312479,0.0,0
1.5155964525029435,0.08459866482641293,522.0,4829.0,0.30846846108546905,1.1232802681695038,0.0,39966.0,0.9408716598312479,0.0,0
1.5156057865533827,0.08459866482641293,523.0,4829.0,0.30847779513590795,1.1232802681695035,0.0,39966.0,0.9408716598312479,0.0,0
1.5156150277284683,0.08459866482641293,524.0,4829.0,0.30848703631099317,1.1232802681695044,0.0,39966.0,0.9408716598312479,0.0,0
1.515624176952325,0.08459866482641293,525.0,4829.0,0.3084961855348502,1.1232802681695042,0.0,39966.0,0.9408716598312479,0.0,0
1.5156332351398836,0.08459866482641293,526.0,4829.0,0.3085052437224086,1.1232802681695042,0.0,39966.0,0.9408716598312479,0.0,0
1.5156422031969696,0.08459866482641293,527.0,4829.0,0.3085142117794947,1.1232802681695035,0.0,39966.0,0.9408716598312479,0.0,0
1.5156510820203968,0.08459866482641293,528.0,4829.0,0.308523090602922,1.1232802681695035,0.0,39966.0,0.9408716598312479,0.0,0
1.515659872498055,0.08459866482641293,529.0,4829.0,0.30853188108058,1.123280268169504,0.0,39966.0,0.9408716598312479,0.0,0
1.515668575508999,0.08459866482641293,530.0,4829.0,0.3085405840915238,1.123280268169504,0.0,39966.0,0.9408716598312479,0.0,0
1.5156771919235368,0.08459866482641293,531.0,4829.0,0.30854920050606205,1.1232802681695033,0.0,39966.0,0.9408716598312479,0.0,0
1.5156857226033178,0.08459866482641293,532.0,4829.0,0.30855773118584295,1.1232802681695042,0.0,39966.0,0.9408716598312479,0.0,0
1.5156941684014165,0.08459866482641293,533.0,4829.0,0.3085661769839418,1.1232802681695042,0.0,39966.0,0.9408716598312479,0.0,0
1.5157025301624203,0.08459866482641293,534.0,4829.0,0.30857453874494545,1.1232802681695042,0.0,39966.0,0.9408716598312479,0.0,0
1.5157108087225117,0.08459866482641293,535.0,4829.0,0.30858281730503684,1.1232802681695042,0.0,39966.0,0.9408716598312479,0.0,0
1.5157190049095544,0.08459866482641293,536.0,4829.0,0.3085910134920793,1.123280268169504,0.0,39966.0,0.9408716598312479,0.0,0
1.5157271195431725,0.08459866482641293,537.0,4829.0,0.3085991281256978,1.1232802681695035,0.0,39966.0,0.9408716598312479,0.0,0
1.5157351534348378,0.08459866482641293,538.0,4829.0,0.3086071620173629,1.123280268169504,0.0,39966.0,0.9408716598312479,0.0,0
1.5157431073879448,0.08459866482641293,539.0,4829.0,0.30861511597047003,1.123280268169504,0.0,39966.0,0.9408716598312479,0.0,0
1.5157509821978963,0.08459866482641293,540.0,4829.0,0.30862299078042155,1.1232802681695042,0.0,39966.0,0.9408716598312479,0.0,0
1.5157587786521796,0.08459866482641293,541.0,4829.0,0.30863078723470466,1.123280268169504,0.0,39966.0,0.9408716598312479,0.0,0
1.5157705549019462,0.08460272219791255,542.0,4830.0,0.3086385061129716,1.123280268169504,0.0,39966.0,0.9408716598312479,0.0,0
1.515778196976091,0.08460272219791255,543.0,4830.0,0.3086461481871166,1.1232802681695035,0.0,39966.0,0.9408716598312479,0.0,0
1.5157857630103277,0.08460272219791255,544.0,4830.0,0.3086537142213532,1.1232802681695042,0.0,39966.0,0.9408716598312479,0.0,0
1.515793253761266,0.08460272219791255,545.0,4830.0,0.3086612049722915,1.123280268169503,0.0,39966.0,0.9408716598312479,0.0,0
1.515800669977987,0.08460272219791255,546.0,4830.0,0.3086686211890124,1.123280268169504,0.0,39966.0,0.9408716598312479,0.0,0
1.5158080124021185,0.08460272219791255,547.0,4830.0,0.3086759636131442,1.123280268169504,0.0,39966.0,0.9408716598312479,0.0,0
1.5158152817679094,0.08460272219791255,548.0,4830.0,0.3086832329789351,1.123280268169504,0.0,39966.0,0.9408716598312479,0.0,0
1.515822478802302,0.08460272219791255,549.0,4830.0,0.30869043001332774,1.1232802681695042,0.0,39966.0,0.9408716598312479,0.0,0
1.5158296042250061,0.08460272219791255,550.0,4830.0,0.30869755543603167,1.1232802681695042,0.0,39966.0,0.9408716598312479,0.0,0
1.5158366587485697,0.08460272219791255,551.0,4830.0,0.30870460995959503,1.1232802681695042,0.0,39966.0,0.9408716598312479,0.0,0
1.5158436430784505,0.08460272219791255,552.0,4830.0,0.3087115942894762,1.1232802681695038,0.0,39966.0,0.9408716598312479,0.0,0
1.5158505579130885,0.08460272219791255,553.0,4830.0,0.308718509124114,1.1232802681695035,0.0,39966.0,0.9408716598312479,0.0,0
1.515857403943972,0.08460272219791255,554.0,4830.0,0.3087253551549975,1.1232802681695035,0.0,39966.0,0.9408716598312479,0.0,0
1.51586418185571,0.08460272219791255,555.0,4830.0,0.30873213306673564,1.1232802681695035,0.0,39966.0,0.9408716598312479,0.0,0
1.5158708923260993,0.08460272219791255,556.0,4830.0,0.308738843537125,1.1232802681695035,0.0,39966.0,0.9408716598312479,0.0,0
1.515877536026193,0.08460272219791255,557.0,4830.0,0.30874548723721823,1.1232802681695038,0.0,39966.0,0.9408716598312479,0.0,0
1.5158841136203658,0.08460272219791255,558.0,4830.0,0.3087520648313914,1.123280268169504,0.0,39966.0,0.9408716598312479,0.0,0
1.5158906257663833,0.08460272219791255,559.0,4830.0,0.30875857697740866,1.123280268169504,0.0,39966.0,0.9408716598312479,0.0,0
1.5158970731154648,0.08460272219791255,560.0,4830.0,0.3087650243264905,1.1232802681695038,0.0,39966.0,0.9408716598312479,0.0,0
1.5159034563123517,0.08460272219791255,561.0,4830.0,0.3087714075233771,1.1232802681695038,0.0,39966.0,0.9408716598312479,0.0,0
1.5159097759953681,0.08460272219791255,562.0,4830.0,0.30877772720639357,1.1232802681695042,0.0,39966.0,0.9408716598312479,0.0,0
1.5159160327964878,0.08460272219791255,563.0,4830.0,0.30878398400751317,1.1232802681695042,0.0,39966.0,0.9408716598312479,0.0,0
1.5159222273413961,0.08460272219791255,564.0,4830.0,0.30879017855242175,1.1232802681695042,0.0,39966.0,0.9408716598312479,0.0,0
1.5159283602495528,0.08460272219791255,565.0,4830.0,0.30879631146057834,1.1232802681695042,0.0,39966.0,0.9408716598312479,0.0,0
1.5159344321342538,0.08460272219791255,566.0,4830.0,0.3088023833452792,1.1232802681695035,0.0,39966.0,0.9408716598312479,0.0,0
1.5159404436026924,0.08460272219791255,567.0,4830.0,0.3088083948137179,1.1232802681695042,0.0,39966.0,0.9408716598312479,0.0,0
1.5159463952560208,0.08460272219791255,568.0,4830.0,0.3088143464670463,1.123280268169504,0.0,39966.0,0.9408716598312479,0.0,0
1.5159522876894092,0.08460272219791255,569.0,4830.0,0.30882023890043453,1.1232802681695038,0.0,39966.0,0.9408716598312479,0.0,0
1.5159581214921054,0.08460272219791255,570.0,4830.0,0.3088260727031309,1.1232802681695038,0.0,39966.0,0.9408716598312479,0.0,0
1.515963897247495,0.08460272219791255,571.0,4830.0,0.30883184845852074,1.123280268169504,0.0,39966.0,0.9408716598312479,0.0,0
1.5159696155331586,0.08460272219791255,572.0,4830.0,0.30883756674418406,1.1232802681695042,0.0,39966.0,0.9408716598312479,0.0,0
1.515975276920929,0.08460272219791255,573.0,4830.0,0.3088432281319543,1.1232802681695042,0.0,39966.0,0.9408716598312479,0.0,0
1.5159808819769496,0.08460272219791255,574.0,4830.0,0.30884883318797507,1.1232802681695038,0.0,39966.0,0.9408716598312479,0.0,0
1.5159864312617313,0.08460272219791255,575.0,4830.0,0.3088543824727566,1.1232802681695038,0.0,39966.0,0.9408716598312479,0.0,0
1.5160298573089968,0.08464065417670275,576.0,4831.0,0.3088598765412321,1.1232802681695044,0.0,39966.0,0.9408716598312479,0.0,0
1.5160352967105775,0.08464065417670275,577.0,4831.0,0.3088653159428128,1.1232802681695042,0.0,39966.0,0.9408716598312479,0.0,0
1.516040681989208,0.08464065417670275,578.0,4831.0,0.30887070122144333,1.123280268169504,0.0,39966.0,0.9408716598312479,0.0,0
1.5160460136834208,0.08464065417670275,579.0,4831.0,0.3088760329156563,1.123280268169504,0.0,39966.0,0.9408716598312479,0.0,0
1.5160512923263902,0.08464065417670275,580.0,4831.0,0.3088813115586254,1.1232802681695044,0.0,39966.0,0.9408716598312479,0.0,0
1.5160565184459842,0.08464065417670275,581.0,4831.0,0.3088865376782196,1.1232802681695042,0.0,39966.0,0.9408716598312479,0.0,0
1.5160616925648194,0.08464065417670275,582.0,4831.0,0.3088917117970546,1.1232802681695042,0.0,39966.0,0.9408716598312479,0.0,0
1.516066815200312,0.08464065417670275,583.0,4831.0,0.3088968344325473,1.123280268169504,0.0,39966.0,0.9408716598312479,0.0,0
1.51607188686473,0.08464065417670275,584.0,4831.0,0.30890190609696516,1.1232802681695047,0.0,39966.0,0.9408716598312479,0.0,0
1.5160769080652436,0.08464065417670275,585.0,4831.0,0.308906927297479,1.1232802681695038,0.0,39966.0,0.9408716598312479,0.0,0
1.5160818793039774,0.08464065417670275,586.0,4831.0,0.30891189853621276,1.1232802681695044,0.0,39966.0,0.9408716598312479,0.0,0
1.5160868010780593,0.08464065417670275,587.0,4831.0,0.30891682031029455,1.1232802681695038,0.0,39966.0,0.9408716598312479,0.0,0
1.5160916738796708,0.08464065417670275,588.0,4831.0,0.30892169311190615,1.1232802681695042,0.0,39966.0,0.9408716598312479,0.0,0
1.5160964981960963,0.08464065417670275,589.0,4831.0,0.3089265174283317,1.123280268169504,0.0,39966.0,0.9408716598312479,0.0,0
1.516101274509771,0.08464065417670275,590.0,4831.0,0.3089312937420065,1.123280268169504,0.0,39966.0,0.9408716598312479,0.0,0
1.5161060032983311,0.08464065417670275,591.0,4831.0,0.30893602253056635,1.1232802681695042,0.0,39966.0,0.9408716598312479,0.0,0
1.5161106850346584,0.08464065417670275,592.0,4831.0,0.3089407042668938,1.1232802681695042,0.0,39966.0,0.9408716598312479,0.0,0
1.516115320186931,0.08464065417670275,593.0,4831.0,0.30894533941916646,1.123280268169504,0.0,39966.0,0.9408716598312479,0.0,0
1.5161199092186681,0.08464065417670275,594.0,4831.0,0.3089499284509035,1.1232802681695035,0.0,39966.0,0.9408716598312479,0.0,0
1.5161425586718154,0.08465876025974178,595.0,4832.0,0.30895447182101166,1.1232802681695035,0.0,39966.0,0.9408716598312479,0.0,0
1.5161470568346358,0.08465876025974178,596.0,4832.0,0.3089589699838319,1.1232802681695038,0.0,39966.0,0.9408716598312479,0.0,0
1.516151510239988,0.08465876025974178,597.0,4832.0,0.3089634233891843,1.1232802681695044,0.0,39966.0,0.9408716598312479,0.0,0
1.5161938553982734,0.08469669632479852,598.0,4833.0,0.3089678324824131,1.1232802681695035,0.0,39966.0,0.9408716598312479,0.0,0
1.516198220620292,0.08469669632479852,599.0,4833.0,0.3089721977044314,1.1232802681695038,0.0,39966.0,0.9408716598312479,0.0,0
1.5162025424076253,0.08469669632479852,600.0,4833.0,0.3089765194917647,1.1232802681695042,0.0,39966.0,0.9408716598312479,0.0,0
1.5162068211924562,0.08469669632479852,601.0,4833.0,0.3089807982765955,1.1232802681695038,0.0,39966.0,0.9408716598312479,0.0,0
1.5162110574026666,0.08469669632479852,602.0,4833.0,0.3089850344868062,1.1232802681695042,0.0,39966.0,0.9408716598312479,0.0,0
1.5162152514618812,0.08469669632479852,603.0,4833.0,0.3089892285460207,1.123280268169504,0.0,39966.0,0.9408716598312479,0.0,0
1.5162194037895094,0.08469669632479852,604.0,4833.0,0.30899338087364897,1.1232802681695042,0.0,39966.0,0.9408716598312479,0.0,0
1.5162235148007872,0.08469669632479852,605.0,4833.0,0.30899749188492676,1.1232802681695035,0.0,39966.0,0.9408716598312479,0.0,0
1.5162275849068196,0.08469669632479852,606.0,4833.0,0.309001561990959,1.1232802681695044,0.0,39966.0,0.9408716598312479,0.0,0
1.51623161451462,0.08469669632479852,607.0,4833.0,0.3090055915987595,1.1232802681695042,0.0,39966.0,0.9408716598312479,0.0,0
1.5162356040271532,0.08469669632479852,608.0,4833.0,0.30900958111129256,1.1232802681695038,0.0,39966.0,0.9408716598312479,0.0,0
1.5163533694652824,0.08481051194670801,609.0,4836.0,0.3090135309275125,1.1232802681695035,0.0,39966.0,0.9408716598312479,0.0,0
1.5163572799801746,0.08481051194670801,610.0,4836.0,0.3090174414424045,1.1232802681695042,0.0,39966.0,0.9408716598312479,0.0,0
1.5163611515847932,0.08481051194670801,611.0,4836.0,0.30902131304702335,1.123280268169504,0.0,39966.0,0.9408716598312479,0.0,0
1.5163649846663023,0.08481051194670801,612.0,4836.0,0.3090251461285325,1.123280268169504,0.0,39966.0,0.9408716598312479,0.0,0
1.5163687796080134,0.08481051194670801,613.0,4836.0,0.30902894107024337,1.1232802681695042,0.0,39966.0,0.9408716598312479,0.0,0
1.5163725367894232,0.08481051194670801,614.0,4836.0,0.3090326982516531,1.123280268169504,0.0,39966.0,0.9408716598312479,0.0,0
1.5163762565862535,0.08481051194670801,615.0,4836.0,0.30903641804848353,1.1232802681695038,0.0,39966.0,0.9408716598312479,0.0,0
1.5163799393704867,0.08481051194670801,616.0,4836.0,0.30904010083271677,1.1232802681695038,0.0,39966.0,0.9408716598312479,0.0,0
1.5163835855104046,0.08481051194670801,617.0,4836.0,0.30904374697263476,1.1232802681695042,0.0,39966.0,0.9408716598312479,0.0,0
1.5163871953706243,0.08481051194670801,618.0,4836.0,0.3090473568328543,1.1232802681695035,0.0,39966.0,0.9408716598312479,0.0,0
1.5163907693121346,0.08481051194670801,619.0,4836.0,0.3090509307743645,1.1232802681695042,0.0,39966.0,0.9408716598312479,0.0,0
1.5163943076923327,0.08481051194670801,620.0,4836.0,0.3090544691545628,1.1232802681695044,0.0,39966.0,0.9408716598312479,0.0,0
1.5163978108650593,0.08481051194670801,621.0,4836.0,0.3090579723272895,1.1232802681695035,0.0,39966.0,0.9408716598312479,0.0,0
1.5164012791806352,0.08481051194670801,622.0,4836.0,0.30906144064286517,1.1232802681695035,0.0,39966.0,0.9408716598312479,0.0,0
1.5164047129858946,0.08481051194670801,623.0,4836.0,0.30906487444812464,1.1232802681695044,0.0,39966.0,0.9408716598312479,0.0,0
1.5164081126242206,0.08481051194670801,624.0,4836.0,0.3090682740864506,1.1232802681695038,0.0,39966.0,0.9408716598312479,0.0,0
1.5164114784355802,0.08481051194670801,625.0,4836.0,0.3090716398978102,1.1232802681695038,0.0,39966.0,0.9408716598312479,0.0,0
1.516414810756557,0.08481051194670801,626.0,4836.0,0.309074972218787,1.1232802681695042,0.0,39966.0,0.9408716598312479,0.0,0
1.516436219526591,0.084828621552913,627.0,4837.0,0.3090782713826162,1.123280268169504,0.0,39966.0,0.9408716598312479,0.0,0
1.5164394858631918,0.084828621552913,628.0,4837.0,0.3090815377192168,1.1232802681695042,0.0,39966.0,0.9408716598312479,0.0,0
1.5164427196992,0.084828621552913,629.0,4837.0,0.3090847715552253,1.1232802681695038,0.0,39966.0,0.9408716598312479,0.0,0
1.5164459213580026,0.084828621552913,630.0,4837.0,0.30908797321402764,1.1232802681695042,0.0,39966.0,0.9408716598312479,0.0,0
1.5164490911597677,0.084828621552913,631.0,4837.0,0.3090911430157927,1.1232802681695042,0.0,39966.0,0.9408716598312479,0.0,0
1.5164522294214782,0.084828621552913,632.0,4837.0,0.3090942812775031,1.1232802681695042,0.0,39966.0,0.9408716598312479,0.0,0
1.5164553364569628,0.084828621552913,633.0,4837.0,0.30909738831298794,1.1232802681695035,0.0,39966.0,0.9408716598312479,0.0,0
1.516458412576928,0.084828621552913,634.0,4837.0,0.3091004644329531,1.1232802681695035,0.0,39966.0,0.9408716598312479,0.0,0
1.5164614580889884,0.084828621552913,635.0,4837.0,0.3091035099450135,1.123280268169504,0.0,39966.0,0.9408716598312479,0.0,0
1.516464473297697,0.084828621552913,636.0,4837.0,0.3091065251537222,1.1232802681695044,0.0,39966.0,0.9408716598312479,0.0,0
1.5164674585045779,0.084828621552913,637.0,4837.0,0.3091095103606029,1.1232802681695035,0.0,39966.0,0.9408716598312479,0.0,0
1.5164704140081542,0.084828621552913,638.0,4837.0,0.30911246586417923,1.123280268169504,0.0,39966.0,0.9408716598312479,0.0,0
1.5164733401039783,0.084828621552913,639.0,4837.0,0.30911539196000337,1.123280268169504,0.0,39966.0,0.9408716598312479,0.0,0
1.5164762370846625,0.084828621552913,640.0,4837.0,0.30911828894068744,1.1232802681695035,0.0,39966.0,0.9408716598312479,0.0,0
1.5164791052399071,0.084828621552913,641.0,4837.0,0.3091211570959323,1.1232802681695035,0.0,39966.0,0.9408716598312479,0.0,0
1.5164819448565305,0.084828621552913,642.0,4837.0,0.3091239967125555,1.123280268169504,0.0,39966.0,0.9408716598312479,0.0,0
1.5164847562184964,0.084828621552913,643.0,4837.0,0.30912680807452153,1.1232802681695044,0.0,39966.0,0.9408716598312479,0.0,0
1.5164875396069433,0.084828621552913,644.0,4837.0,0.3091295914629684,1.123280268169504,0.0,39966.0,0.9408716598312479,0.0,0
1.5164902953002124,0.084828621552913,645.0,4837.0,0.30913234715623744,1.1232802681695038,0.0,39966.0,0.9408716598312479,0.0,0
1.5164930235738752,0.084828621552913,646.0,4837.0,0.3091350754299004,1.1232802681695038,0.0,39966.0,0.9408716598312479,0.0,0
1.5164957247007615,0.084828621552913,647.0,4837.0,0.3091377765567867,1.123280268169504,0.0,39966.0,0.9408716598312479,0.0,0
1.5164983989509864,0.084828621552913,648.0,4837.0,0.3091404508070114,1.1232802681695035,0.0,39966.0,0.9408716598312479,0.0,0
1.516501046591977,0.084828621552913,649.0,4837.0,0.3091430984480021,1.1232802681695047,0.0,39966.0,0.9408716598312479,0.0,0
1.5165036678884996,0.084828621552913,650.0,4837.0,0.30914571974452454,1.1232802681695047,0.0,39966.0,0.9408716598312479,0.0,0
1.5165062631026858,0.084828621552913,651.0,4837.0,0.3091483149587108,1.1232802681695044,0.0,39966.0,0.9408716598312479,0.0,0
1.5165088324940592,0.084828621552913,652.0,4837.0,0.30915088435008437,1.123280268169504,0.0,39966.0,0.9408716598312479,0.0,0
1.5165113763195615,0.084828621552913,653.0,4837.0,0.30915342817558655,1.1232802681695042,0.0,39966.0,0.9408716598312479,0.0,0
1.516513894833577,0.084828621552913,654.0,4837.0,0.3091559466896023,1.1232802681695033,0.0,39966.0,0.9408716598312479,0.0,0
1.5165163882879595,0.084828621552913,655.0,4837.0,0.30915844014398464,1.1232802681695038,0.0,39966.0,0.9408716598312479,0.0,0
1.5165188569320565,0.084828621552913,656.0,4837.0,0.30916090878808156,1.123280268169504,0.0,39966.0,0.9408716598312479,0.0,0
1.516521301012734,0.084828621552913,657.0,4837.0,0.30916335286875923,1.1232802681695042,0.0,39966.0,0.9408716598312479,0.0,0
1.5165237207744027,0.084828621552913,658.0,4837.0,0.30916577263042794,1.123280268169504,0.0,39966.0,0.9408716598312479,0.0,0
1.5165261164590405,0.084828621552913,659.0,4837.0,0.30916816831506555,1.1232802681695035,0.0,39966.0,0.9408716598312479,0.0,0
1.5165284883062178,0.084828621552913,660.0,4837.0,0.30917054016224294,1.1232802681695033,0.0,39966.0,0.9408716598312479,0.0,0
1.5165308365531212,0.084828621552913,661.0,4837.0,0.30917288840914625,1.123280268169504,0.0,39966.0,0.9408716598312479,0.0,0
1.5165331614345776,0.084828621552913,662.0,4837.0,0.3091752132906028,1.123280268169504,0.0,39966.0,0.9408716598312479,0.0,0
1.516535463183077,0.084828621552913,663.0,4837.0,0.30917751503910207,1.1232802681695033,0.0,39966.0,0.9408716598312479,0.0,0
1.5165377420287962,0.084828621552913,664.0,4837.0,0.3091797938848215,1.123280268169504,0.0,39966.0,0.9408716598312479,0.0,0
1.5165399981996215,0.084828621552913,665.0,4837.0,0.3091820500556468,1.1232802681695038,0.0,39966.0,0.9408716598312479,0.0,0
1.5165422319211723,0.084828621552913,666.0,4837.0,0.30918428377719737,1.1232802681695038,0.0,39966.0,0.9408716598312479,0.0,0
1.516544443416822,0.084828621552913,667.0,4837.0,0.30918649527284736,1.123280268169504,0.0,39966.0,0.9408716598312479,0.0,0
1.5165466329077228,0.084828621552913,668.0,4837.0,0.3091886847637478,1.1232802681695038,0.0,39966.0,0.9408716598312479,0.0,0
1.516548800612825,0.084828621552913,669.0,4837.0,0.3091908524688499,1.1232802681695038,0.0,39966.0,0.9408716598312479,0.0,0
1.516550946748901,0.084828621552913,670.0,4837.0,0.3091929986049257,1.1232802681695044,0.0,39966.0,0.9408716598312479,0.0,0
1.5165530715305657,0.084828621552913,671.0,4837.0,0.3091951233865907,1.123280268169504,0.0,39966.0,0.9408716598312479,0.0,0
1.5165551751703,0.084828621552913,672.0,4837.0,0.30919722702632507,1.1232802681695035,0.0,39966.0,0.9408716598312479,0.0,0
1.5165572578784694,0.084828621552913,673.0,4837.0,0.3091993097344944,1.123280268169504,0.0,39966.0,0.9408716598312479,0.0,0
1.516559319863346,0.084828621552913,674.0,4837.0,0.30920137171937095,1.1232802681695044,0.0,39966.0,0.9408716598312479,0.0,0
1.5165613613311302,0.084828621552913,675.0,4837.0,0.3092034131871552,1.1232802681695035,0.0,39966.0,0.9408716598312479,0.0,0
1.5165633824859708,0.084828621552913,676.0,4837.0,0.3092054343419958,1.1232802681695035,0.0,39966.0,0.9408716598312479,0.0,0
1.5165653835299846,0.084828621552913,677.0,4837.0,0.30920743538600964,1.1232802681695035,0.0,39966.0,0.9408716598312479,0.0,0
1.5165673646632778,0.084828621552913,678.0,4837.0,0.30920941651930284,1.123280268169504,0.0,39966.0,0.9408716598312479,0.0,0
1.5165693260839652,0.084828621552913,679.0,4837.0,0.3092113779399904,1.1232802681695035,0.0,39966.0,0.9408716598312479,0.0,0
1.5165712679881909,0.084828621552913,680.0,4837.0,0.309213319844216,1.1232802681695038,0.0,39966.0,0.9408716598312479,0.0,0
1.5165731905701467,0.084828621552913,681.0,4837.0,0.30921524242617177,1.1232802681695038,0.0,39966.0,0.9408716598312479,0.0,0
1.5165750940220921,0.084828621552913,682.0,4837.0,0.3092171458781174,1.1232802681695038,0.0,39966.0,0.9408716598312479,0.0,0
1.5165769785343748,0.084828621552913,683.0,4837.0,0.3092190303903998,1.1232802681695042,0.0,39966.0,0.9408716598312479,0.0,0
1.5165788442954462,0.084828621552913,684.0,4837.0,0.3092208961514715,1.1232802681695033,0.0,39966.0,0.9408716598312479,0.0,0
1.5165806914918856,0.084828621552913,685.0,4837.0,0.30922274334791067,1.1232802681695042,0.0,39966.0,0.9408716598312479,0.0,0
1.516582520308413,0.084828621552913,686.0,4837.0,0.30922457216443777,1.1232802681695042,0.0,39966.0,0.9408716598312479,0.0,0
1.516584330927912,0.084828621552913,687.0,4837.0,0.3092263827839367,1.1232802681695042,0.0,39966.0,0.9408716598312479,0.0,0
1.5165861235314453,0.084828621552913,688.0,4837.0,0.3092281753874705,1.1232802681695033,0.0,39966.0,0.9408716598312479,0.0,0
1.5165878982982761,0.084828621552913,689.0,4837.0,0.30922995015430105,1.123280268169504,0.0,39966.0,0.9408716598312479,0.0,0
1.5165896554058818,0.084828621552913,690.0,4837.0,0.3092317072619066,1.123280268169504,0.0,39966.0,0.9408716598312479,0.0,0
1.5165913950299743,0.084828621552913,691.0,4837.0,0.30923344688599935,1.123280268169504,0.0,39966.0,0.9408716598312479,0.0,0
1.516597176937155,0.08483268114554947,692.0,4838.0,0.3092351692005434,1.1232802681695038,0.0,39966.0,0.9408716598312479,0.0,0
1.5165988821143825,0.08483268114554947,693.0,4838.0,0.30923687437777114,1.1232802681695038,0.0,39966.0,0.9408716598312479,0.0,0
1.5166005703248133,0.08483268114554947,694.0,4838.0,0.3092385625882021,1.123280268169504,0.0,39966.0,0.9408716598312479,0.0,0
1.5166022417372698,0.08483268114554947,695.0,4838.0,0.3092402340006586,1.1232802681695035,0.0,39966.0,0.9408716598312479,0.0,0
1.5166038965188944,0.08483268114554947,696.0,4838.0,0.30924188878228304,1.123280268169504,0.0,39966.0,0.9408716598312479,0.0,0
1.5166055348351668,0.08483268114554947,697.0,4838.0,0.3092435270985555,1.123280268169504,0.0,39966.0,0.9408716598312479,0.0,0
1.51660715684992,0.08483268114554947,698.0,4838.0,0.3092451491133086,1.1232802681695038,0.0,39966.0,0.9408716598312479,0.0,0
1.5166087627253566,0.08483268114554947,699.0,4838.0,0.3092467549887454,1.1232802681695044,0.0,39966.0,0.9408716598312479,0.0,0
1.5166103526220656,0.08483268114554947,700.0,4838.0,0.3092483448854544,1.1232802681695035,0.0,39966.0,0.9408716598312479,0.0,0
1.5166119266990383,0.08483268114554947,701.0,4838.0,0.30924991896242676,1.1232802681695038,0.0,39966.0,0.9408716598312479,0.0,0
1.516613485113683,0.08483268114554947,702.0,4838.0,0.30925147737707154,1.1232802681695035,0.0,39966.0,0.9408716598312479,0.0,0
1.5166150280218433,0.08483268114554947,703.0,4838.0,0.30925302028523194,1.1232802681695044,0.0,39966.0,0.9408716598312479,0.0,0
1.5166165555778106,0.08483268114554947,704.0,4838.0,0.3092545478411993,1.1232802681695035,0.0,39966.0,0.9408716598312479,0.0,0
1.5166180679343422,0.08483268114554947,705.0,4838.0,0.30925606019773094,1.1232802681695042,0.0,39966.0,0.9408716598312479,0.0,0
1.5166195652426746,0.08483268114554947,706.0,4838.0,0.3092575575060635,1.123280268169504,0.0,39966.0,0.9408716598312479,0.0,0
1.5166210476525408,0.08483268114554947,707.0,4838.0,0.3092590399159293,1.1232802681695044,0.0,39966.0,0.9408716598312479,0.0,0
1.5166225153121817,0.08483268114554947,708.0,4838.0,0.30926050757557033,1.1232802681695038,0.0,39966.0,0.9408716598312479,0.0,0
1.5166239683683653,0.08483268114554947,709.0,4838.0,0.3092619606317541,1.123280268169504,0.0,39966.0,0.9408716598312479,0.0,0
1.516625406966399,0.08483268114554947,710.0,4838.0,0.30926339922978735,1.1232802681695042,0.0,39966.0,0.9408716598312479,0.0,0
1.5166268312501423,0.08483268114554947,711.0,4838.0,0.30926482351353085,1.1232802681695038,0.0,39966.0,0.9408716598312479,0.0,0
1.516628241362026,0.08483268114554947,712.0,4838.0,0.30926623362541455,1.1232802681695042,0.0,39966.0,0.9408716598312479,0.0,0
1.5166296374430617,0.08483268114554947,713.0,4838.0,0.3092676297064503,1.123280268169504,0.0,39966.0,0.9408716598312479,0.0,0
1.5166310196328594,0.08483268114554947,714.0,4838.0,0.3092690118962479,1.1232802681695044,0.0,39966.0,0.9408716598312479,0.0,0
1.5166703361208758,0.08487062919678678,715.0,4839.0,0.309270380333027,1.1232802681695044,0.0,39966.0,0.9408716598312479,0.0,0
1.5166716909414815,0.08487062919678678,716.0,4839.0,0.3092717351536328,1.1232802681695038,0.0,39966.0,0.9408716598312479,0.0,0
1.516673032281397,0.08487062919678678,717.0,4839.0,0.30927307649354824,1.1232802681695044,0.0,39966.0,0.9408716598312479,0.0,0
1.5166743602747572,0.08487062919678678,718.0,4839.0,0.3092744044869084,1.1232802681695038,0.0,39966.0,0.9408716598312479,0.0,0
1.516675675054363,0.08487062919678678,719.0,4839.0,0.30927571926651415,1.123280268169504,0.0,39966.0,0.9408716598312479,0.0,0
1.5166769767516923,0.08487062919678678,720.0,4839.0,0.30927702096384385,1.1232802681695035,0.0,39966.0,0.9408716598312479,0.0,0
1.5166782654969178,0.08487062919678678,721.0,4839.0,0.3092783097090691,1.1232802681695035,0.0,39966.0,0.9408716598312479,0.0,0
1.5166795414189138,0.08487062919678678,722.0,4839.0,0.30927958563106495,1.123280268169504,0.0,39966.0,0.9408716598312479,0.0,0
1.5166808046452736,0.08487062919678678,723.0,4839.0,0.30928084885742474,1.1232802681695044,0.0,39966.0,0.9408716598312479,0.0,0
1.516682055302321,0.08487062919678678,724.0,4839.0,0.3092820995144722,1.123280268169504,0.0,39966.0,0.9408716598312479,0.0,0
1.5166832935151229,0.08487062919678678,725.0,4839.0,0.3092833377272742,1.1232802681695035,0.0,39966.0,0.9408716598312479,0.0,0
1.5166845194075018,0.08487062919678678,726.0,4839.0,0.30928456361965295,1.1232802681695042,0.0,39966.0,0.9408716598312479,0.0,0
1.5166857331020478,0.08487062919678678,727.0,4839.0,0.30928577731419893,1.1232802681695044,0.0,39966.0,0.9408716598312479,0.0,0
1.5166869347201308,0.08487062919678678,728.0,4839.0,0.30928697893228213,1.1232802681695044,0.0,39966.0,0.9408716598312479,0.0,0
1.5166881243819144,0.08487062919678678,729.0,4839.0,0.3092881685940658,1.1232802681695042,0.0,39966.0,0.9408716598312479,0.0,0
1.5166893022063657,0.08487062919678678,730.0,4839.0,0.3092893464185169,1.1232802681695035,0.0,39966.0,0.9408716598312479,0.0,0
1.5166904683112676,0.08487062919678678,731.0,4839.0,0.3092905125234189,1.1232802681695042,0.0,39966.0,0.9408716598312479,0.0,0
1.5166916228132319,0.08487062919678678,732.0,4839.0,0.309291667025383,1.1232802681695042,0.0,39966.0,0.9408716598312479,0.0,0
1.5166927658277098,0.08487062919678678,733.0,4839.0,0.30929281003986103,1.1232802681695038,0.0,39966.0,0.9408716598312479,0.0,0
1.5166938974690036,0.08487062919678678,734.0,4839.0,0.30929394168115487,1.1232802681695047,0.0,39966.0,0.9408716598312479,0.0,0
1.5166950178502783,0.08487062919678678,735.0,4839.0,0.3092950620624294,1.1232802681695044,0.0,39966.0,0.9408716598312479,0.0,0
1.516696127083573,0.08487062919678678,736.0,4839.0,0.3092961712957243,1.1232802681695035,0.0,39966.0,0.9408716598312479,0.0,0
1.516697225279812,0.08487062919678678,737.0,4839.0,0.30929726949196334,1.1232802681695044,0.0,39966.0,0.9408716598312479,0.0,0
1.5166983125488163,0.08487062919678678,738.0,4839.0,0.3092983567609675,1.1232802681695044,0.0,39966.0,0.9408716598312479,0.0,0
1.5166993889993128,0.08487062919678678,739.0,4839.0,0.309299433211464,1.123280268169504,0.0,39966.0,0.9408716598312479,0.0,0
1.5167004547389478,0.08487062919678678,740.0,4839.0,0.3093004989510992,1.1232802681695038,0.0,39966.0,0.9408716598312479,0.0,0
1.5167015098742966,0.08487062919678678,741.0,4839.0,0.3093015540864479,1.1232802681695038,0.0,39966.0,0.9408716598312479,0.0,0
1.516702554510873,0.08487062919678678,742.0,4839.0,0.3093025987230243,1.123280268169504,0.0,39966.0,0.9408716598312479,0.0,0
1.5167217017668906,0.0848887422105355,743.0,4840.0,0.3093036329652933,1.1232802681695033,0.0,39966.0,0.9408716598312479,0.0,0
1.5167227257182772,0.0848887422105355,744.0,4840.0,0.3093046569166798,1.1232802681695038,0.0,39966.0,0.9408716598312479,0.0,0
1.5167237394811768,0.0848887422105355,745.0,4840.0,0.3093056706795795,1.1232802681695038,0.0,39966.0,0.9408716598312479,0.0,0
1.5167247431569675,0.0848887422105355,746.0,4840.0,0.30930667435537,1.1232802681695038,0.0,39966.0,0.9408716598312479,0.0,0
1.5167257368460167,0.0848887422105355,747.0,4840.0,0.3093076680444196,1.1232802681695033,0.0,39966.0,0.9408716598312479,0.0,0
1.516726720647695,0.0848887422105355,748.0,4840.0,0.30930865184609785,1.123280268169504,0.0,39966.0,0.9408716598312479,0.0,0
1.5167276946603832,0.0848887422105355,749.0,4840.0,0.30930962585878585,1.1232802681695044,0.0,39966.0,0.9408716598312479,0.0,0
1.516728658981483,0.0848887422105355,750.0,4840.0,0.30931059017988555,1.123280268169504,0.0,39966.0,0.9408716598312479,0.0,0
1.5167296137074275,0.0848887422105355,751.0,4840.0,0.3093115449058302,1.123280268169504,0.0,39966.0,0.9408716598312479,0.0,0
1.5167305589336904,0.0848887422105355,752.0,4840.0,0.3093124901320929,1.1232802681695044,0.0,39966.0,0.9408716598312479,0.0,0
1.5167314947547945,0.0848887422105355,753.0,4840.0,0.3093134259531971,1.1232802681695042,0.0,39966.0,0.9408716598312479,0.0,0
1.516732421264323,0.0848887422105355,754.0,4840.0,0.3093143524627257,1.1232802681695033,0.0,39966.0,0.9408716598312479,0.0,0
1.516733338554928,0.0848887422105355,755.0,4840.0,0.3093152697533306,1.123280268169504,0.0,39966.0,0.9408716598312479,0.0,0
1.516734246718339,0.0848887422105355,756.0,4840.0,0.3093161779167413,1.1232802681695044,0.0,39966.0,0.9408716598312479,0.0,0
1.5167351458453728,0.0848887422105355,757.0,4840.0,0.3093170770437755,1.1232802681695042,0.0,39966.0,0.9408716598312479,0.0,0
1.5167360360259432,0.0848887422105355,758.0,4840.0,0.3093179672243458,1.1232802681695042,0.0,39966.0,0.9408716598312479,0.0,0
1.5167369173490688,0.0848887422105355,759.0,4840.0,0.30931884854747127,1.1232802681695035,0.0,39966.0,0.9408716598312479,0.0,0
1.5167377899028829,0.0848887422105355,760.0,4840.0,0.3093197211012855,1.1232802681695042,0.0,39966.0,0.9408716598312479,0.0,0
1.5167386537746417,0.0848887422105355,761.0,4840.0,0.30932058497304427,1.1232802681695044,0.0,39966.0,0.9408716598312479,0.0,0
1.5167395090507325,0.0848887422105355,762.0,4840.0,0.3093214402491352,1.1232802681695042,0.0,39966.0,0.9408716598312479,0.0,0
1.516740355816684,0.0848887422105355,763.0,4840.0,0.30932228701508685,1.1232802681695035,0.0,39966.0,0.9408716598312479,0.0,0
1.5167411941571738,0.0848887422105355,764.0,4840.0,0.30932312535557643,1.1232802681695033,0.0,39966.0,0.9408716598312479,0.0,0
1.5167420241560365,0.0848887422105355,765.0,4840.0,0.309323955354439,1.123280268169504,0.0,39966.0,0.9408716598312479,0.0,0
1.5167428458962722,0.0848887422105355,766.0,4840.0,0.3093247770946747,1.123280268169504,0.0,39966.0,0.9408716598312479,0.0,0
1.516743659460056,0.0848887422105355,767.0,4840.0,0.30932559065845866,1.1232802681695035,0.0,39966.0,0.9408716598312479,0.0,0
1.516744464928745,0.0848887422105355,768.0,4840.0,0.30932639612714746,1.1232802681695044,0.0,39966.0,0.9408716598312479,0.0,0
1.5167452623828863,0.0848887422105355,769.0,4840.0,0.30932719358128913,1.1232802681695038,0.0,39966.0,0.9408716598312479,0.0,0
1.5167460519022264,0.0848887422105355,770.0,4840.0,0.30932798310062926,1.1232802681695038,0.0,39966.0,0.9408716598312479,0.0,0
1.5167468335657182,0.0848887422105355,771.0,4840.0,0.30932876476412074,1.123280268169504,0.0,39966.0,0.9408716598312479,0.0,0
1.516747607451528,0.0848887422105355,772.0,4840.0,0.3093295386499307,1.123280268169504,0.0,39966.0,0.9408716598312479,0.0,0
1.5167483736370457,0.0848887422105355,773.0,4840.0,0.30933030483544816,1.1232802681695042,0.0,39966.0,0.9408716598312479,0.0,0
1.5167491321988895,0.0848887422105355,774.0,4840.0,0.30933106339729227,1.1232802681695035,0.0,39966.0,0.9408716598312479,0.0,0
1.5167498832129174,0.0848887422105355,775.0,4840.0,0.3093318144113199,1.1232802681695033,0.0,39966.0,0.9408716598312479,0.0,0
1.5167506267542306,0.0848887422105355,776.0,4840.0,0.30933255795263326,1.1232802681695038,0.0,39966.0,0.9408716598312479,0.0,0
1.516751362897184,0.0848887422105355,777.0,4840.0,0.30933329409558674,1.1232802681695042,0.0,39966.0,0.9408716598312479,0.0,0
1.5167520917153927,0.0848887422105355,778.0,4840.0,0.30933402291379564,1.123280268169504,0.0,39966.0,0.9408716598312479,0.0,0
1.5167528132817394,0.0848887422105355,779.0,4840.0,0.30933474448014203,1.1232802681695042,0.0,39966.0,0.9408716598312479,0.0,0
1.5167535276683808,0.0848887422105355,780.0,4840.0,0.3093354588667834,1.1232802681695044,0.0,39966.0,0.9408716598312479,0.0,0
1.5167542349467562,0.0848887422105355,781.0,4840.0,0.3093361661451588,1.1232802681695042,0.0,39966.0,0.9408716598312479,0.0,0
1.5167549351875942,0.0848887422105355,782.0,4840.0,0.3093368663859968,1.123280268169504,0.0,39966.0,0.9408716598312479,0.0,0
1.5167556284609196,0.0848887422105355,783.0,4840.0,0.3093375596593221,1.1232802681695042,0.0,39966.0,0.9408716598312479,0.0,0
1.5167563148360599,0.0848887422105355,784.0,4840.0,0.30933824603446264,1.1232802681695038,0.0,39966.0,0.9408716598312479,0.0,0
1.516756994381654,0.0848887422105355,785.0,4840.0,0.30933892558005627,1.123280268169504,0.0,39966.0,0.9408716598312479,0.0,0
1.5167576671656557,0.0848887422105355,786.0,4840.0,0.30933959836405833,1.1232802681695042,0.0,39966.0,0.9408716598312479,0.0,0
1.5167583332553451,0.0848887422105355,787.0,4840.0,0.3093402644537479,1.1232802681695038,0.0,39966.0,0.9408716598312479,0.0,0
1.5167589927173315,0.0848887422105355,788.0,4840.0,0.30934092391573403,1.1232802681695038,0.0,39966.0,0.9408716598312479,0.0,0
1.5167596456175612,0.0848887422105355,789.0,4840.0,0.30934157681596386,1.123280268169504,0.0,39966.0,0.9408716598312479,0.0,0
1.5167602920213255,0.0848887422105355,790.0,4840.0,0.3093422232197279,1.123280268169504,0.0,39966.0,0.9408716598312479,0.0,0
1.5167609319932647,0.0848887422105355,791.0,4840.0,0.3093428631916671,1.123280268169504,0.0,39966.0,0.9408716598312479,0.0,0
1.5167615655973765,0.0848887422105355,792.0,4840.0,0.3093434967957788,1.1232802681695042,0.0,39966.0,0.9408716598312479,0.0,0
1.5167621928970219,0.0848887422105355,793.0,4840.0,0.30934412409542456,1.1232802681695033,0.0,39966.0,0.9408716598312479,0.0,0
1.5167628139549318,0.0848887422105355,794.0,4840.0,0.3093447451533345,1.1232802681695035,0.0,39966.0,0.9408716598312479,0.0,0
1.5167634288332121,0.0848887422105355,795.0,4840.0,0.3093453600316149,1.1232802681695035,0.0,39966.0,0.9408716598312479,0.0,0
1.5167640375933518,0.0848887422105355,796.0,4840.0,0.3093459687917542,1.1232802681695044,0.0,39966.0,0.9408716598312479,0.0,0
1.5167646402962265,0.0848887422105355,797.0,4840.0,0.3093465714946291,1.1232802681695042,0.0,39966.0,0.9408716598312479,0.0,0
1.5167652370021074,0.0848887422105355,798.0,4840.0,0.30934716820051,1.1232802681695038,0.0,39966.0,0.9408716598312479,0.0,0
1.5167658277706657,0.0848887422105355,799.0,4840.0,0.3093477589690682,1.123280268169504,0.0,39966.0,0.9408716598312479,0.0,0
1.5167664126609783,0.0848887422105355,800.0,4840.0,0.309348343859381,1.1232802681695035,0.0,39966.0,0.9408716598312479,0.0,0
1.5167669917315354,0.0848887422105355,801.0,4840.0,0.3093489229299381,1.1232802681695035,0.0,39966.0,0.9408716598312479,0.0,0
1.5167675650402441,0.0848887422105355,802.0,4840.0,0.3093494962386466,1.1232802681695035,0.0,39966.0,0.9408716598312479,0.0,0
1.5167681326444358,0.0848887422105355,803.0,4840.0,0.30935006384283836,1.1232802681695035,0.0,39966.0,0.9408716598312479,0.0,0
1.5167686946008716,0.0848887422105355,804.0,4840.0,0.3093506257992741,1.1232802681695044,0.0,39966.0,0.9408716598312479,0.0,0
1.5167692509657473,0.0848887422105355,805.0,4840.0,0.3093511821641497,1.123280268169504,0.0,39966.0,0.9408716598312479,0.0,0
1.5167698017946998,0.0848887422105355,806.0,4840.0,0.30935173299310237,1.123280268169504,0.0,39966.0,0.9408716598312479,0.0,0
1.516770347142813,0.0848887422105355,807.0,4840.0,0.3093522783412155,1.123280268169504,0.0,39966.0,0.9408716598312479,0.0,0
1.5167708870646217,0.0848887422105355,808.0,4840.0,0.30935281826302397,1.1232802681695044,0.0,39966.0,0.9408716598312479,0.0,0
1.5167714216141186,0.0848887422105355,809.0,4840.0,0.3093533528125211,1.1232802681695047,0.0,39966.0,0.9408716598312479,0.0,0
1.5167719508447588,0.0848887422105355,810.0,4840.0,0.30935388204316155,1.123280268169504,0.0,39966.0,0.9408716598312479,0.0,0
1.5167724748094666,0.0848887422105355,811.0,4840.0,0.30935440600786923,1.123280268169504,0.0,39966.0,0.9408716598312479,0.0,0
1.5167729935606382,0.0848887422105355,812.0,4840.0,0.30935492475904075,1.1232802681695035,0.0,39966.0,0.9408716598312479,0.0,0
1.5167735071501496,0.0848887422105355,813.0,4840.0,0.30935543834855217,1.1232802681695038,0.0,39966.0,0.9408716598312479,0.0,0
1.5167740156293599,0.0848887422105355,814.0,4840.0,0.3093559468277623,1.123280268169504,0.0,39966.0,0.9408716598312479,0.0,0
1.5167745190491173,0.0848887422105355,815.0,4840.0,0.3093564502475201,1.1232802681695042,0.0,39966.0,0.9408716598312479,0.0,0
1.5167750174597647,0.0848887422105355,816.0,4840.0,0.3093569486581674,1.1232802681695042,0.0,39966.0,0.9408716598312479,0.0,0
1.5167755109111434,0.0848887422105355,817.0,4840.0,0.3093574421095459,1.123280268169504,0.0,39966.0,0.9408716598312479,0.0,0
1.5167759994525984,0.0848887422105355,818.0,4840.0,0.30935793065100103,1.1232802681695035,0.0,39966.0,0.9408716598312479,0.0,0
1.516776483132985,0.0848887422105355,819.0,4840.0,0.3093584143313877,1.1232802681695035,0.0,39966.0,0.9408716598312479,0.0,0
1.5167769620006715,0.0848887422105355,820.0,4840.0,0.30935889319907395,1.1232802681695035,0.0,39966.0,0.9408716598312479,0.0,0
1.5167774361035447,0.0848887422105355,821.0,4840.0,0.30935936730194724,1.1232802681695038,0.0,39966.0,0.9408716598312479,0.0,0
1.5167779054890156,0.0848887422105355,822.0,4840.0,0.309359836687418,1.1232802681695038,0.0,39966.0,0.9408716598312479,0.0,0
1.5167783702040227,0.0848887422105355,823.0,4840.0,0.3093603014024253,1.1232802681695038,0.0,39966.0,0.9408716598312479,0.0,0
1.5167788302950387,0.0848887422105355,824.0,4840.0,0.30936076149344116,1.1232802681695038,0.0,39966.0,0.9408716598312479,0.0,0
1.516779285808072,0.0848887422105355,825.0,4840.0,0.3093612170064748,1.1232802681695038,0.0,39966.0,0.9408716598312479,0.0,0
1.5167797367886753,0.0848887422105355,826.0,4840.0,0.3093616679870779,1.123280268169504,0.0,39966.0,0.9408716598312479,0.0,0
1.5167801832819467,0.0848887422105355,827.0,4840.0,0.30936211448034934,1.1232802681695042,0.0,39966.0,0.9408716598312479,0.0,0
1.5167806253325358,0.0848887422105355,828.0,4840.0,0.3093625565309383,1.1232802681695035,0.0,39966.0,0.9408716598312479,0.0,0
1.5167810629846479,0.0848887422105355,829.0,4840.0,0.3093629941830504,1.1232802681695038,0.0,39966.0,0.9408716598312479,0.0,0
1.5167814962820485,0.0848887422105355,830.0,4840.0,0.30936342748045126,1.1232802681695042,0.0,39966.0,0.9408716598312479,0.0,0
1.5167819252680685,0.0848887422105355,831.0,4840.0,0.309363856466471,1.1232802681695042,0.0,39966.0,0.9408716598312479,0.0,0
1.516782349985606,0.0848887422105355,832.0,4840.0,0.3093642811840084,1.123280268169504,0.0,39966.0,0.9408716598312479,0.0,0
1.5167827704771333,0.0848887422105355,833.0,4840.0,0.3093647016755359,1.1232802681695038,0.0,39966.0,0.9408716598312479,0.0,0
1.5167831867847001,0.0848887422105355,834.0,4840.0,0.30936511798310257,1.123280268169504,0.0,39966.0,0.9408716598312479,0.0,0
1.5167835989499372,0.0848887422105355,835.0,4840.0,0.30936553014833995,1.123280268169504,0.0,39966.0,0.9408716598312479,0.0,0
1.516784007014062,0.0848887422105355,836.0,4840.0,0.3093659382124644,1.123280268169504,0.0,39966.0,0.9408716598312479,0.0,0
1.5167844110178805,0.0848887422105355,837.0,4840.0,0.3093663422162832,1.1232802681695035,0.0,39966.0,0.9408716598312479,0.0,0
1.516784811001794,0.0848887422105355,838.0,4840.0,0.3093667422001967,1.1232802681695038,0.0,39966.0,0.9408716598312479,0.0,0
1.5167852070058014,0.0848887422105355,839.0,4840.0,0.3093671382042041,1.1232802681695038,0.0,39966.0,0.9408716598312479,0.0,0
1.5167855990695027,0.0848887422105355,840.0,4840.0,0.3093675302679055,1.1232802681695035,0.0,39966.0,0.9408716598312479,0.0,0
1.5167859872321052,0.0848887422105355,841.0,4840.0,0.30936791843050776,1.1232802681695044,0.0,39966.0,0.9408716598312479,0.0,0
1.5167863715324252,0.0848887422105355,842.0,4840.0,0.30936830273082777,1.1232802681695044,0.0,39966.0,0.9408716598312479,0.0,0
1.5167867520088931,0.0848887422105355,843.0,4840.0,0.30936868320729566,1.1232802681695042,0.0,39966.0,0.9408716598312479,0.0,0
1.516787128699557,0.0848887422105355,844.0,4840.0,0.30936905989795943,1.1232802681695044,0.0,39966.0,0.9408716598312479,0.0,0
1.516787501642086,0.0848887422105355,845.0,4840.0,0.3093694328404887,1.1232802681695038,0.0,39966.0,0.9408716598312479,0.0,0
1.5167878708737748,0.0848887422105355,846.0,4840.0,0.30936980207217746,1.1232802681695038,0.0,39966.0,0.9408716598312479,0.0,0
1.5167882364315473,0.0848887422105355,847.0,4840.0,0.3093701676299497,1.1232802681695047,0.0,39966.0,0.9408716598312479,0.0,0
1.5167885983519587,0.0848887422105355,848.0,4840.0,0.3093705295503613,1.1232802681695038,0.0,39966.0,0.9408716598312479,0.0,0
1.5167889566712023,0.0848887422105355,849.0,4840.0,0.3093708878696047,1.1232802681695044,0.0,39966.0,0.9408716598312479,0.0,0
1.5167893114251094,0.0848887422105355,850.0,4840.0,0.30937124262351207,1.1232802681695044,0.0,39966.0,0.9408716598312479,0.0,0
1.5167896626491562,0.0848887422105355,851.0,4840.0,0.3093715938475591,1.1232802681695038,0.0,39966.0,0.9408716598312479,0.0,0
1.5167900103784655,0.0848887422105355,852.0,4840.0,0.3093719415768683,1.1232802681695038,0.0,39966.0,0.9408716598312479,0.0,0
1.5167903546478105,0.0848887422105355,853.0,4840.0,0.3093722858462132,1.1232802681695044,0.0,39966.0,0.9408716598312479,0.0,0
1.5167906954916182,0.0848887422105355,854.0,4840.0,0.3093726266900207,1.1232802681695038,0.0,39966.0,0.9408716598312479,0.0,0
1.5167910329439733,0.0848887422105355,855.0,4840.0,0.30937296414237586,1.1232802681695042,0.0,39966.0,0.9408716598312479,0.0,0
1.5167913670386215,0.0848887422105355,856.0,4840.0,0.309373298237024,1.1232802681695042,0.0,39966.0,0.9408716598312479,0.0,0
1.5167916978089722,0.0848887422105355,857.0,4840.0,0.3093736290073747,1.1232802681695038,0.0,39966.0,0.9408716598312479,0.0,0
1.5167920252881029,0.0848887422105355,858.0,4840.0,0.30937395648650545,1.1232802681695038,0.0,39966.0,0.9408716598312479,0.0,0
1.516792349508762,0.0848887422105355,859.0,4840.0,0.30937428070716455,1.1232802681695038,0.0,39966.0,0.9408716598312479,0.0,0
1.5167926705033714,0.0848887422105355,860.0,4840.0,0.30937460170177394,1.123280268169504,0.0,39966.0,0.9408716598312479,0.0,0
1.5167929883040314,0.0848887422105355,861.0,4840.0,0.3093749195024338,1.123280268169504,0.0,39966.0,0.9408716598312479,0.0,0
1.5167933029425216,0.0848887422105355,862.0,4840.0,0.3093752341409242,1.1232802681695035,0.0,39966.0,0.9408716598312479,0.0,0
1.5167936144503065,0.0848887422105355,863.0,4840.0,0.3093755456487092,1.123280268169504,0.0,39966.0,0.9408716598312479,0.0,0
1.5168318749635423,0.08492669431554015,864.0,4841.0,0.30937585405694024,1.1232802681695038,0.0,39966.0,0.9408716598312479,0.0,0
1.5168321803030598,0.08492669431554015,865.0,4841.0,0.3093761593964578,1.1232802681695044,0.0,39966.0,0.9408716598312479,0.0,0
1.5168324826043986,0.08492669431554015,866.0,4841.0,0.30937646169779653,1.1232802681695038,0.0,39966.0,0.9408716598312479,0.0,0
1.5168327818977887,0.08492669431554015,867.0,4841.0,0.30937676099118677,1.123280268169504,0.0,39966.0,0.9408716598312479,0.0,0
1.51683307821316,0.08492669431554015,868.0,4841.0,0.30937705730655796,1.1232802681695038,0.0,39966.0,0.9408716598312479,0.0,0
1.5168333715801439,0.08492669431554015,869.0,4841.0,0.3093773506735419,1.1232802681695038,0.0,39966.0,0.9408716598312479,0.0,0
1.5168336620280776,0.08492669431554015,870.0,4841.0,0.3093776411214755,1.1232802681695038,0.0,39966.0,0.9408716598312479,0.0,0
1.516833949586006,0.08492669431554015,871.0,4841.0,0.30937792867940406,1.123280268169504,0.0,39966.0,0.9408716598312479,0.0,0
1.5168342342826855,0.08492669431554015,872.0,4841.0,0.3093782133760832,1.123280268169504,0.0,39966.0,0.9408716598312479,0.0,0
1.5168345161465853,0.08492669431554015,873.0,4841.0,0.3093784952399832,1.1232802681695038,0.0,39966.0,0.9408716598312479,0.0,0
1.5168347952058925,0.08492669431554015,874.0,4841.0,0.30937877429929045,1.1232802681695042,0.0,39966.0,0.9408716598312479,0.0,0
1.5168350714885135,0.08492669431554015,875.0,4841.0,0.3093790505819114,1.1232802681695044,0.0,39966.0,0.9408716598312479,0.0,0
1.5168353450220762,0.08492669431554015,876.0,4841.0,0.30937932411547403,1.1232802681695038,0.0,39966.0,0.9408716598312479,0.0,0
1.5168356158339347,0.08492669431554015,877.0,4841.0,0.3093795949273325,1.123280268169504,0.0,39966.0,0.9408716598312479,0.0,0
1.51683588395117,0.08492669431554015,878.0,4841.0,0.3093798630445679,1.1232802681695042,0.0,39966.0,0.9408716598312479,0.0,0
1.5168361494005942,0.08492669431554015,879.0,4841.0,0.30938012849399216,1.1232802681695035,0.0,39966.0,0.9408716598312479,0.0,0
1.5168364122087525,0.08492669431554015,880.0,4841.0,0.3093803913021506,1.1232802681695038,0.0,39966.0,0.9408716598312479,0.0,0
1.516836672401926,0.08492669431554015,881.0,4841.0,0.309380651495324,1.1232802681695035,0.0,39966.0,0.9408716598312479,0.0,0
1.5168369300061344,0.08492669431554015,882.0,4841.0,0.30938090909953236,1.1232802681695044,0.0,39966.0,0.9408716598312479,0.0,0
1.5168371850471378,0.08492669431554015,883.0,4841.0,0.3093811641405356,1.1232802681695035,0.0,39966.0,0.9408716598312479,0.0,0
1.516837437550441,0.08492669431554015,884.0,4841.0,0.30938141664383895,1.1232802681695044,0.0,39966.0,0.9408716598312479,0.0,0
1.516837687541294,0.08492669431554015,885.0,4841.0,0.309381666634692,1.123280268169504,0.0,39966.0,0.9408716598312479,0.0,0
1.516837935044697,0.08492669431554015,886.0,4841.0,0.30938191413809485,1.1232802681695038,0.0,39966.0,0.9408716598312479,0.0,0
1.5168381800853996,0.08492669431554015,887.0,4841.0,0.30938215917879747,1.1232802681695042,0.0,39966.0,0.9408716598312479,0.0,0
1.5168384226879066,0.08492669431554015,888.0,4841.0,0.3093824017813046,1.1232802681695042,0.0,39966.0,0.9408716598312479,0.0,0
1.5168386628764783,0.08492669431554015,889.0,4841.0,0.3093826419698762,1.123280268169504,0.0,39966.0,0.9408716598312479,0.0,0
1.5168389006751337,0.08492669431554015,890.0,4841.0,0.30938287976853174,1.1232802681695042,0.0,39966.0,0.9408716598312479,0.0,0
1.516839136107653,0.08492669431554015,891.0,4841.0,0.309383115201051,1.1232802681695035,0.0,39966.0,0.9408716598312479,0.0,0
1.5168393691975797,0.08492669431554015,892.0,4841.0,0.30938334829097763,1.1232802681695035,0.0,39966.0,0.9408716598312479,0.0,0
1.5168395999682227,0.08492669431554015,893.0,4841.0,0.30938357906162084,1.1232802681695042,0.0,39966.0,0.9408716598312479,0.0,0
1.5168398284426596,0.08492669431554015,894.0,4841.0,0.3093838075360576,1.123280268169504,0.0,39966.0,0.9408716598312479,0.0,0
1.5168400546437377,0.08492669431554015,895.0,4841.0,0.3093840337371357,1.1232802681695035,0.0,39966.0,0.9408716598312479,0.0,0
1.5168402785940776,0.08492669431554015,896.0,4841.0,0.3093842576874755,1.123280268169504,0.0,39966.0,0.9408716598312479,0.0,0
1.5168405003160745,0.08492669431554015,897.0,4841.0,0.30938447940947233,1.1232802681695044,0.0,39966.0,0.9408716598312479,0.0,0
1.5168407198319005,0.08492669431554015,898.0,4841.0,0.3093846989252985,1.1232802681695035,0.0,39966.0,0.9408716598312479,0.0,0
1.5168409371635077,0.08492669431554015,899.0,4841.0,0.3093849162569055,1.123280268169504,0.0,39966.0,0.9408716598312479,0.0,0
1.5168411523326288,0.08492669431554015,900.0,4841.0,0.30938513142602697,1.1232802681695035,0.0,39966.0,0.9408716598312479,0.0,0
1.516841365360782,0.08492669431554015,901.0,4841.0,0.3093853444541799,1.1232802681695035,0.0,39966.0,0.9408716598312479,0.0,0
1.516841576269269,0.08492669431554015,902.0,4841.0,0.3093855553626672,1.1232802681695038,0.0,39966.0,0.9408716598312479,0.0,0
1.516841785079182,0.08492669431554015,903.0,4841.0,0.30938576417258,1.123280268169504,0.0,39966.0,0.9408716598312479,0.0,0
1.5168419918114018,0.08492669431554015,904.0,4841.0,0.3093859709047996,1.123280268169504,0.0,39966.0,0.9408716598312479,0.0,0
1.5168421964866012,0.08492669431554015,905.0,4841.0,0.30938617557999915,1.1232802681695042,0.0,39966.0,0.9408716598312479,0.0,0
1.5168423991252484,0.08492669431554015,906.0,4841.0,0.3093863782186464,1.1232802681695044,0.0,39966.0,0.9408716598312479,0.0,0
1.5168425997476074,0.08492669431554015,907.0,4841.0,0.30938657884100546,1.1232802681695035,0.0,39966.0,0.9408716598312479,0.0,0
1.5168427983737407,0.08492669431554015,908.0,4841.0,0.3093867774671387,1.1232802681695042,0.0,39966.0,0.9408716598312479,0.0,0
1.5168429950235107,0.08492669431554015,909.0,4841.0,0.3093869741169087,1.123280268169504,0.0,39966.0,0.9408716598312479,0.0,0
1.516843189716583,0.08492669431554015,910.0,4841.0,0.309387168809981,1.1232802681695035,0.0,39966.0,0.9408716598312479,0.0,0
1.516843382472427,0.08492669431554015,911.0,4841.0,0.309387361565825,1.123280268169504,0.0,39966.0,0.9408716598312479,0.0,0
1.5168435733103183,0.08492669431554015,912.0,4841.0,0.3093875524037161,1.1232802681695042,0.0,39966.0,0.9408716598312479,0.0,0
1.5168437622493405,0.08492669431554015,913.0,4841.0,0.30938774134273855,1.123280268169504,0.0,39966.0,0.9408716598312479,0.0,0
1.5168439493083885,0.08492669431554015,914.0,4841.0,0.3093879284017862,1.123280268169504,0.0,39966.0,0.9408716598312479,0.0,0
1.5168441345061674,0.08492669431554015,915.0,4841.0,0.3093881135995653,1.123280268169504,0.0,39966.0,0.9408716598312479,0.0,0
1.5168443178611979,0.08492669431554015,916.0,4841.0,0.30938829695459585,1.1232802681695042,0.0,39966.0,0.9408716598312479,0.0,0
1.516844499391815,0.08492669431554015,917.0,4841.0,0.3093884784852132,1.123280268169504,0.0,39966.0,0.9408716598312479,0.0,0
1.5168446791161727,0.08492669431554015,918.0,4841.0,0.3093886582095707,1.1232802681695042,0.0,39966.0,0.9408716598312479,0.0,0
1.5168448570522433,0.08492669431554015,919.0,4841.0,0.309388836145641,1.1232802681695038,0.0,39966.0,0.9408716598312479,0.0,0
1.5168450332178198,0.08492669431554015,920.0,4841.0,0.3093890123112179,1.1232802681695033,0.0,39966.0,0.9408716598312479,0.0,0
1.5168452076305199,0.08492669431554015,921.0,4841.0,0.30938918672391785,1.123280268169504,0.0,39966.0,0.9408716598312479,0.0,0
1.5168453803077846,0.08492669431554015,922.0,4841.0,0.30938935940118256,1.1232802681695042,0.0,39966.0,0.9408716598312479,0.0,0
1.5168455512668821,0.08492669431554015,923.0,4841.0,0.3093895303602797,1.1232802681695044,0.0,39966.0,0.9408716598312479,0.0,0
1.5168457205249077,0.08492669431554015,924.0,4841.0,0.3093896996183056,1.1232802681695042,0.0,39966.0,0.9408716598312479,0.0,0
1.516845888098788,0.08492669431554015,925.0,4841.0,0.30938986719218586,1.1232802681695044,0.0,39966.0,0.9408716598312479,0.0,0
1.5168460540052802,0.08492669431554015,926.0,4841.0,0.30939003309867813,1.123280268169504,0.0,39966.0,0.9408716598312479,0.0,0
1.5168462182609754,0.08492669431554015,927.0,4841.0,0.30939019735437334,1.1232802681695038,0.0,39966.0,0.9408716598312479,0.0,0
1.516846380882299,0.08492669431554015,928.0,4841.0,0.30939035997569686,1.1232802681695042,0.0,39966.0,0.9408716598312479,0.0,0
1.5168465418855135,0.08492669431554015,929.0,4841.0,0.3093905209789113,1.1232802681695044,0.0,39966.0,0.9408716598312479,0.0,0
1.5168467012867188,0.08492669431554015,930.0,4841.0,0.309390680380117,1.123280268169504,0.0,39966.0,0.9408716598312479,0.0,0
1.5168468591018562,0.08492669431554015,931.0,4841.0,0.30939083819525426,1.1232802681695038,0.0,39966.0,0.9408716598312479,0.0,0
1.5168470153467066,0.08492669431554015,932.0,4841.0,0.3093909944401044,1.1232802681695042,0.0,39966.0,0.9408716598312479,0.0,0
1.5168471700368948,0.08492669431554015,933.0,4841.0,0.3093911491302927,1.1232802681695044,0.0,39966.0,0.9408716598312479,0.0,0
1.5168473231878898,0.08492669431554015,934.0,4841.0,0.3093913022812876,1.1232802681695042,0.0,39966.0,0.9408716598312479,0.0,0
1.516847474815007,0.08492669431554015,935.0,4841.0,0.3093914539084048,1.1232802681695038,0.0,39966.0,0.9408716598312479,0.0,0
1.5168476249334089,0.08492669431554015,936.0,4841.0,0.3093916040268068,1.123280268169504,0.0,39966.0,0.9408716598312479,0.0,0
1.516847773558108,0.08492669431554015,937.0,4841.0,0.3093917526515061,1.1232802681695042,0.0,39966.0,0.9408716598312479,0.0,0
1.5168479207039667,0.08492669431554015,938.0,4841.0,0.30939189979736464,1.1232802681695038,0.0,39966.0,0.9408716598312479,0.0,0
1.5168480663856996,0.08492669431554015,939.0,4841.0,0.3093920454790975,1.1232802681695042,0.0,39966.0,0.9408716598312479,0.0,0
1.516848210617875,0.08492669431554015,940.0,4841.0,0.3093921897112728,1.1232802681695044,0.0,39966.0,0.9408716598312479,0.0,0
1.5168483534149162,0.08492669431554015,941.0,4841.0,0.3093923325083142,1.1232802681695042,0.0,39966.0,0.9408716598312479,0.0,0
1.5168484947911032,0.08492669431554015,942.0,4841.0,0.30939247388450103,1.123280268169504,0.0,39966.0,0.9408716598312479,0.0,0
1.5168486347605734,0.08492669431554015,943.0,4841.0,0.3093926138539714,1.1232802681695042,0.0,39966.0,0.9408716598312479,0.0,0
1.5168487733373244,0.08492669431554015,944.0,4841.0,0.30939275243072234,1.1232802681695038,0.0,39966.0,0.9408716598312479,0.0,0
1.5168489105352134,0.08492669431554015,945.0,4841.0,0.30939288962861167,1.1232802681695042,0.0,39966.0,0.9408716598312479,0.0,0
1.5168490463679611,0.08492669431554015,946.0,4841.0,0.30939302546135905,1.123280268169504,0.0,39966.0,0.9408716598312479,0.0,0
1.51684918084915,0.08492669431554015,947.0,4841.0,0.3093931599425479,1.123280268169504,0.0,39966.0,0.9408716598312479,0.0,0
1.516849313992229,0.08492669431554015,948.0,4841.0,0.3093932930856268,1.123280268169504,0.0,39966.0,0.9408716598312479,0.0,0
1.5168494458105117,0.08492669431554015,949.0,4841.0,0.3093934249039098,1.1232802681695042,0.0,39966.0,0.9408716598312479,0.0,0
1.5168495763171808,0.08492669431554015,950.0,4841.0,0.3093935554105789,1.1232802681695035,0.0,39966.0,0.9408716598312479,0.0,0
1.516849705525287,0.08492669431554015,951.0,4841.0,0.30939368461868494,1.1232802681695035,0.0,39966.0,0.9408716598312479,0.0,0
1.5168498334477512,0.08492669431554015,952.0,4841.0,0.309393812541149,1.1232802681695035,0.0,39966.0,0.9408716598312479,0.0,0
1.5168499600973653,0.08492669431554015,953.0,4841.0,0.309393939190763,1.1232802681695042,0.0,39966.0,0.9408716598312479,0.0,0
1.5168500854867946,0.08492669431554015,954.0,4841.0,0.30939406458019253,1.1232802681695035,0.0,39966.0,0.9408716598312479,0.0,0
1.5168502096285783,0.08492669431554015,955.0,4841.0,0.30939418872197655,1.1232802681695042,0.0,39966.0,0.9408716598312479,0.0,0
1.5168503325351312,0.08492669431554015,956.0,4841.0,0.309394311628529,1.1232802681695044,0.0,39966.0,0.9408716598312479,0.0,0
1.5168504542187429,0.08492669431554015,957.0,4841.0,0.3093944333121408,1.123280268169504,0.0,39966.0,0.9408716598312479,0.0,0
1.5168505746915824,0.08492669431554015,958.0,4841.0,0.3093945537849804,1.1232802681695033,0.0,39966.0,0.9408716598312479,0.0,0
1.5168506939656972,0.08492669431554015,959.0,4841.0,0.30939467305909507,1.1232802681695044,0.0,39966.0,0.9408716598312479,0.0,0
1.5168508120530149,0.08492669431554015,960.0,4841.0,0.3093947911464127,1.1232802681695044,0.0,39966.0,0.9408716598312479,0.0,0
1.5168509289653438,0.08492669431554015,961.0,4841.0,0.3093949080587418,1.1232802681695035,0.0,39966.0,0.9408716598312479,0.0,0
1.516851044714376,0.08492669431554015,962.0,4841.0,0.3093950238077739,1.1232802681695038,0.0,39966.0,0.9408716598312479,0.0,0
1.5168511593116858,0.08492669431554015,963.0,4841.0,0.3093951384050837,1.1232802681695035,0.0,39966.0,0.9408716598312479,0.0,0
1.516851272768733,0.08492669431554015,964.0,4841.0,0.3093952518621314,1.1232802681695038,0.0,39966.0,0.9408716598312479,0.0,0
1.5168513850968646,0.08492669431554015,965.0,4841.0,0.30939536419026265,1.123280268169504,0.0,39966.0,0.9408716598312479,0.0,0
1.5168514963073123,0.08492669431554015,966.0,4841.0,0.30939547540071,1.1232802681695035,0.0,39966.0,0.9408716598312479,0.0,0
1.5168516064111974,0.08492669431554015,967.0,4841.0,0.3093955855045952,1.1232802681695042,0.0,39966.0,0.9408716598312479,0.0,0
1.5168517154195305,0.08492669431554015,968.0,4841.0,0.3093956945129283,1.1232802681695042,0.0,39966.0,0.9408716598312479,0.0,0
1.5168518233432124,0.08492669431554015,969.0,4841.0,0.3093958024366104,1.1232802681695038,0.0,39966.0,0.9408716598312479,0.0,0
1.5168519301930359,0.08492669431554015,970.0,4841.0,0.30939590928643396,1.123280268169504,0.0,39966.0,0.9408716598312479,0.0,0
1.516852035979686,0.08492669431554015,971.0,4841.0,0.30939601507308406,1.1232802681695035,0.0,39966.0,0.9408716598312479,0.0,0
1.5168521407137414,0.08492669431554015,972.0,4841.0,0.30939611980713944,1.123280268169504,0.0,39966.0,0.9408716598312479,0.0,0
1.5168522444056753,0.08492669431554015,973.0,4841.0,0.3093962234990732,1.1232802681695038,0.0,39966.0,0.9408716598312479,0.0,0
1.5168523470658575,0.08492669431554015,974.0,4841.0,0.3093963261592554,1.123280268169504,0.0,39966.0,0.9408716598312479,0.0,0
1.5168524487045534,0.08492669431554015,975.0,4841.0,0.30939642779795157,1.123280268169504,0.0,39966.0,0.9408716598312479,0.0,0
1.516852549331928,0.08492669431554015,976.0,4841.0,0.3093965284253257,1.1232802681695047,0.0,39966.0,0.9408716598312479,0.0,0
1.516852648958043,0.08492669431554015,977.0,4841.0,0.3093966280514408,1.123280268169504,0.0,39966.0,0.9408716598312479,0.0,0
1.5168527475928615,0.08492669431554015,978.0,4841.0,0.30939672668625945,1.1232802681695038,0.0,39966.0,0.9408716598312479,0.0,0
1.5168528452462475,0.08492669431554015,979.0,4841.0,0.30939682433964544,1.1232802681695042,0.0,39966.0,0.9408716598312479,0.0,0
1.516852941927966,0.08492669431554015,980.0,4841.0,0.3093969210213638,1.123280268169504,0.0,39966.0,0.9408716598312479,0.0,0
1.5168530376476852,0.08492669431554015,981.0,4841.0,0.30939701674108316,1.1232802681695035,0.0,39966.0,0.9408716598312479,0.0,0
1.5168531324149772,0.08492669431554015,982.0,4841.0,0.3093971115083753,1.1232802681695035,0.0,39966.0,0.9408716598312479,0.0,0
1.5168532262393193,0.08492669431554015,983.0,4841.0,0.30939720533271714,1.123280268169504,0.0,39966.0,0.9408716598312479,0.0,0
1.5168533191300932,0.08492669431554015,984.0,4841.0,0.3093972982234911,1.123280268169504,0.0,39966.0,0.9408716598312479,0.0,0
1.5168534110965886,0.08492669431554015,985.0,4841.0,0.3093973901899866,1.1232802681695038,0.0,39966.0,0.9408716598312479,0.0,0
1.5168535021480023,0.08492669431554015,986.0,4841.0,0.30939748124140015,1.1232802681695035,0.0,39966.0,0.9408716598312479,0.0,0
1.516853592293439,0.08492669431554015,987.0,4841.0,0.3093975713868369,1.1232802681695035,0.0,39966.0,0.9408716598312479,0.0,0
1.5168536815419136,0.08492669431554015,988.0,4841.0,0.3093976606353115,1.1232802681695038,0.0,39966.0,0.9408716598312479,0.0,0
1.516853769902351,0.08492669431554015,989.0,4841.0,0.309397748995749,1.1232802681695038,0.0,39966.0,0.9408716598312479,0.0,0
1.5168538573835875,0.08492669431554015,990.0,4841.0,0.30939783647698543,1.1232802681695042,0.0,39966.0,0.9408716598312479,0.0,0
1.5168539439943713,0.08492669431554015,991.0,4841.0,0.30939792308776926,1.1232802681695042,0.0,39966.0,0.9408716598312479,0.0,0
1.5168540297433633,0.08492669431554015,992.0,4841.0,0.30939800883676116,1.1232802681695035,0.0,39966.0,0.9408716598312479,0.0,0
1.5168541146391386,0.08492669431554015,993.0,4841.0,0.3093980937325363,1.1232802681695044,0.0,39966.0,0.9408716598312479,0.0,0
1.5168541986901867,0.08492669431554015,994.0,4841.0,0.30939817778358464,1.123280268169504,0.0,39966.0,0.9408716598312479,0.0,0
1.516854281904913,0.08492669431554015,995.0,4841.0,0.3093982609983108,1.123280268169504,0.0,39966.0,0.9408716598312479,0.0,0
1.5168543642916388,0.08492669431554015,996.0,4841.0,0.3093983433850367,1.123280268169504,0.0,39966.0,0.9408716598312479,0.0,0
1.516854445858603,0.08492669431554015,997.0,4841.0,0.3093984249520007,1.1232802681695042,0.0,39966.0,0.9408716598312479,0.0,0
1.5168545266139624,0.08492669431554015,998.0,4841.0,0.3093985057073604,1.1232802681695042,0.0,39966.0,0.9408716598312479,0.0,0
1.5168546065657929,0.08492669431554015,999.0,4841.0,0.30939858565919054,1.1232802681695044,0.0,39966.0,0.9408716598312479,0.0,0
1.5168546857220886,0.08492669431554015,1000.0,4841.0,0.30939866481548645,1.1232802681695042,0.0,39966.0,0.9408716598312479,0.0,0
1.5168547640907666,0.08492669431554015,1001.0,4841.0,0.3093987431841645,1.1232802681695035,0.0,39966.0,0.9408716598312479,0.0,0
1.5168548416796628,0.08492669431554015,1002.0,4841.0,0.3093988207730608,1.1232802681695038,0.0,39966.0,0.9408716598312479,0.0,0
1.516854918496537,0.08492669431554015,1003.0,4841.0,0.3093988975899349,1.1232802681695033,0.0,39966.0,0.9408716598312479,0.0,0
1.5168549945490704,0.08492669431554015,1004.0,4841.0,0.3093989736424683,1.1232802681695035,0.0,39966.0,0.9408716598312479,0.0,0
1.5168550698448686,0.08492669431554015,1005.0,4841.0,0.30939904893826636,1.1232802681695042,0.0,39966.0,0.9408716598312479,0.0,0
1.5168550698448686,0.08492669431554015,1005.0,4841.0,0.30939904893826636,1.1232802681695042,0.0,39966.0,0.9408716598312479,0.0,0
1.5168550698448686,0.08492669431554015,1005.0,4841.0,0.30939904893826636,1.1232802681695042,0.0,39966.0,0.9408716598312479,0.0,0
0.3477860486539514,0.04065409359699739,1005.0,8753.0,0.3103440413604914,-3.1377282684417894e-05,0.0,39838.0,-2.6197776386464362e-05,0.0,0
0.3477860486539514,0.04065409359699739,1005.0,8753.0,0.3103440413604914,-3.1377282684417894e-05,0.0,39838.0,-2.6197776386464362e-05,0.0,0
0.283014505451232,0.032253145120748054,1006.0,9280.0,0.25397344663402127,-3.1377282684431474e-05,0.0,39838.0,-2.6197776386464362e-05,0.0,0
0.26218559344235864,0.029805131576758216,1007.0,9466.0,0.23559254816913777,-3.137728268447865e-05,0.0,39838.0,-2.6197776386464362e-05,0.0,0
0.24950603613507713,0.028728248460103665,1008.0,9555.0,0.22398987397851086,-3.1377282684468445e-05,0.0,39838.0,-2.6197776386464362e-05,0.0,0
0.2407598214107019,0.02871724176140728,1009.0,9559.0,0.215254665952832,-3.137728268440745e-05,0.0,39838.0,-2.6197776386464362e-05,0.0,0
0.23341898380978135,0.02871724176140728,1010.0,9559.0,0.20791382835191147,-3.137728268440158e-05,0.0,39838.0,-2.6197776386464362e-05,0.0,0
0.2268991399937219,0.02871724176140728,1011.0,9559.0,0.201393984535852,-3.137728268449095e-05,0.0,39838.0,-2.6197776386464362e-05,0.0,0
0.22096088633399671,0.02871724176140728,1012.0,9559.0,0.19545573087612683,-3.13772826844573e-05,0.0,39838.0,-2.6197776386464362e-05,0.0,0
0.21549038191073466,0.02871724176140728,1013.0,9559.0,0.1899852264528648,-3.137728268450129e-05,0.0,39838.0,-2.6197776386464362e-05,0.0,0
0.210422421705513,0.02871724176140728,1014.0,9559.0,0.18491726624764313,-3.137728268444112e-05,0.0,39838.0,-2.6197776386464362e-05,0.0,0
0.2057119043193851,0.02871724176140728,1015.0,9559.0,0.18020674886151516,-3.137728268440854e-05,0.0,39838.0,-2.6197776386464362e-05,0.0,0
0.20132312516544232,0.02871724176140728,1016.0,9559.0,0.17581796970757244,-3.137728268445418e-05,0.0,39838.0,-2.6197776386464362e-05,0.0,0
0.19722564730528508,0.02871724176140728,1017.0,9559.0,0.17172049184741514,-3.137728268440321e-05,0.0,39838.0,-2.6197776386464362e-05,0.0,0
0.19339261017877313,0.02871724176140728,1018.0,9559.0,0.16788745472090322,-3.137728268444653e-05,0.0,39838.0,-2.6197776386464362e-05,0.0,0
0.18978899117742645,0.028706281364625864,1019.0,9561.0,0.1642947961163379,-3.137728268437133e-05,0.0,39838.0,-2.6197776386464362e-05,0.0,0
0.18633397279069108,0.028625234161263682,1020.0,9576.0,0.16092082493296475,-3.1377282684422895e-05,0.0,39838.0,-2.6197776386464362e-05,0.0,0
0.183068770756797,0.028534920648878578,1021.0,9593.0,0.1577459364114558,-3.1377282684470404e-05,0.0,39838.0,-2.6197776386464362e-05,0.0,0
0.18004396004557835,0.02850365443193893,1022.0,9599.0,0.15475239191717685,-3.137728268444759e-05,0.0,39838.0,-2.6197776386464362e-05,0.0,0
0.17715943003515736,0.028447382881284688,1023.0,9610.0,0.15192413345741004,-3.137728268443206e-05,0.0,39838.0,-2.6197776386464362e-05,0.0,0
0.174434682573324,0.028400147959540895,1024.0,9621.0,0.1492466209173205,-3.1377282684519904e-05,0.0,39838.0,-2.6197776386464362e-05,0.0,0
0.17182225943385532,0.028327659088865156,1025.0,9638.0,0.1467066866485275,-3.137728268441499e-05,0.0,39838.0,-2.6197776386464362e-05,0.0,0
0.16938945352096538,0.02830913524427927,1026.0,9643.0,0.1442924045802235,-3.137728268446953e-05,0.0,39838.0,-2.6197776386464362e-05,0.0,0
0.16702554759050203,0.02824466185682636,1027.0,9660.0,0.14199297203721306,-3.137728268449406e-05,0.0,39838.0,-2.6197776386464362e-05,0.0,0
0.16479328210447347,0.02820676551187914,1028.0,9670.0,0.13979860289613172,-3.1377282684430613e-05,0.0,39838.0,-2.6197776386464362e-05,0.0,0
0.16264908890493437,0.02816074426627171,1029.0,9681.0,0.13770043094220002,-3.1377282684401354e-05,0.0,39838.0,-2.6197776386464362e-05,0.0,0
0.16059281743087553,0.02811448130018672,1030.0,9693.0,0.1356904224342262,-3.1377282684409045e-05,0.0,39838.0,-2.6197776386464362e-05,0.0,0
0.15862162851761663,0.028072417827510136,1031.0,9703.0,0.13376129699364386,-3.137728268446145e-05,0.0,39838.0,-2.6197776386464362e-05,0.0,0
0.15672355621806602,0.028029186499063677,1032.0,9715.0,0.13190645602253973,-3.137728268443508e-05,0.0,39838.0,-2.6197776386464362e-05,0.0,0
0.1548613742824267,0.027953542652837254,1033.0,9730.0,0.1301199179331268,-3.137728268446608e-05,0.0,39838.0,-2.6197776386464362e-05,0.0,0
0.15289370847285833,0.02770953523630885,1034.0,9761.0,0.12839625954008688,-3.137728268441005e-05,0.0,39838.0,-2.6197776386464362e-05,0.0,0
0.1510427071911769,0.02752423046554431,1035.0,9783.0,0.12673056302917,-3.1377282684477546e-05,0.0,39838.0,-2.6197776386464362e-05,0.0,0
0.14921566205551512,0.027309380387692206,1036.0,9807.0,0.1251183679713603,-3.137728268441517e-05,0.0,39838.0,-2.6197776386464362e-05,0.0,0
0.14752614831633212,0.02718260671742245,1037.0,9822.0,0.12355562790244702,-3.137728268438701e-05,0.0,39838.0,-2.6197776386464362e-05,0.0,0
0.1458003410667187,0.026973756336705193,1038.0,9844.0,0.12203867103355096,-3.137728268451454e-05,0.0,39838.0,-2.6197776386464362e-05,0.0,0
0.1441217992344876,0.02676972083852516,1039.0,9865.0,0.1205641646994998,-3.137728268447507e-05,0.0,39838.0,-2.6197776386464362e-05,0.0,0
0.14257169255630295,0.026654695670480958,1040.0,9877.0,0.11912908318935939,-3.137728268448303e-05,0.0,39838.0,-2.6197776386464362e-05,0.0,0
0.14108773752178627,0.026569145188047975,1041.0,9886.0,0.11773067863727565,-3.137728268443844e-05,0.0,39838.0,-2.6197776386464362e-05,0.0,0
0.1395355550389642,0.02638118666009094,1042.0,9906.0,0.11636645468241064,-3.137728268441691e-05,0.0,39838.0,-2.6197776386464362e-05,0.0,0
0.13810104115729113,0.026278984826360915,1043.0,9917.0,0.11503414263446755,-3.1377282684383796e-05,0.0,39838.0,-2.6197776386464362e-05,0.0,0
0.13668802468589586,0.026168431083055402,1044.0,9929.0,0.11373167990637786,-3.137728268442847e-05,0.0,39838.0,-2.6197776386464362e-05,0.0,0
0.1352587413566245,0.026013637161752232,1045.0,9946.0,0.11245719049840959,-3.137728268438367e-05,0.0,39838.0,-2.6197776386464362e-05,0.0,0
0.1339384508453182,0.025941569810365956,1046.0,9954.0,0.11120896733848963,-3.1377282684451694e-05,0.0,39838.0,-2.6197776386464362e-05,0.0,0
0.13256316550149877,0.02578979550293006,1047.0,9971.0,0.1099854563021061,-3.137728268447704e-05,0.0,39838.0,-2.6197776386464362e-05,0.0,0
0.13123923585448272,0.025666080406051485,1048.0,9985.0,0.10878524175196862,-3.137728268444205e-05,0.0,39838.0,-2.6197776386464362e-05,0.0,0
0.12998239178694854,0.02558744463767553,1049.0,9994.0,0.10760703345281036,-3.1377282684455936e-05,0.0,39838.0,-2.6197776386464362e-05,0.0,0
0.12872098801402695,0.025483419587083507,1050.0,10006.0,0.10644965473048083,-3.137728268444628e-05,0.0,39838.0,-2.6197776386464362e-05,0.0,0
0.12750616189970468,0.025406216446315296,1051.0,10015.0,0.10531203175692676,-3.1377282684430966e-05,0.0,39838.0,-2.6197776386464362e-05,0.0,0
0.1262852005410553,0.02530410299066277,1052.0,10027.0,0.1041931838539299,-3.137728268446931e-05,0.0,39838.0,-2.6197776386464362e-05,0.0,0
0.12505810000620757,0.02517797159108287,1053.0,10042.0,0.10309221471866206,-3.1377282684404674e-05,0.0,39838.0,-2.6197776386464362e-05,0.0,0
0.12388255709621479,0.02508633891640864,1054.0,10053.0,0.10200830448334353,-3.137728268440985e-05,0.0,39838.0,-2.6197776386464362e-05,0.0,0
0.12269943067541127,0.024970814449308768,1055.0,10067.0,0.10094070252963985,-3.1377282684410684e-05,0.0,39838.0,-2.6197776386464362e-05,0.0,0
0.12154119902963419,0.02486456434718997,1056.0,10080.0,0.09988872098598159,-3.137728268442627e-05,0.0,39838.0,-2.6197776386464362e-05,0.0,0
0.12042318485377623,0.02478354231448634,1057.0,10090.0,0.09885172884282724,-3.137728268441139e-05,0.0,39838.0,-2.6197776386464362e-05,0.0,0
0.11932831444702248,0.024711254123486032,1058.0,10099.0,0.09782914662707377,-3.137728268437777e-05,0.0,39838.0,-2.6197776386464362e-05,0.0,0
0.11819239905029595,0.024584043771421014,1059.0,10115.0,0.0968204415824123,-3.137728268441179e-05,0.0,39838.0,-2.6197776386464362e-05,0.0,0
0.11711838228465414,0.024505345280700468,1060.0,10125.0,0.09582512330749104,-3.1377282684416166e-05,0.0,39838.0,-2.6197776386464362e-05,0.0,0
0.11607355102032305,0.024442897515532934,1061.0,10133.0,0.09484273980832751,-3.13772826844647e-05,0.0,39838.0,-2.6197776386464362e-05,0.0,0
0.1150495052617177,0.024388717639697646,1062.0,10140.0,0.09387287392555742,-3.1377282684450766e-05,0.0,39838.0,-2.6197776386464362e-05,0.0,0
0.11402276072053379,0.024319706923213332,1063.0,10149.0,0.0929151401008578,-3.137728268442941e-05,0.0,39838.0,-2.6197776386464362e-05,0.0,0
0.11300082217294005,0.02424372702620139,1064.0,10159.0,0.09196918145027601,-3.137728268444034e-05,0.0,39838.0,-2.6197776386464362e-05,0.0,0
0.11201353813532505,0.024190957323595618,1065.0,10166.0,0.09103466711526678,-3.137728268438726e-05,0.0,39838.0,-2.6197776386464362e-05,0.0,0
0.11103789958710256,0.024138696025622523,1066.0,10173.0,0.09011128986501742,-3.1377282684468466e-05,0.0,39838.0,-2.6197776386464362e-05,0.0,0
0.11011054966565534,0.024123872043035885,1067.0,10175.0,0.08919876392615682,-3.137728268443503e-05,0.0,39838.0,-2.6197776386464362e-05,0.0,0
0.10914259043643806,0.024057853721759222,1068.0,10184.0,0.08829682301821619,-3.137728268440531e-05,0.0,39838.0,-2.6197776386464362e-05,0.0,0
0.10822911640222975,0.02403598413049627,1069.0,10187.0,0.08740521857527084,-3.1377282684411e-05,0.0,39838.0,-2.6197776386464362e-05,0.0,0
0.1073403783857197,0.0240287465532048,1070.0,10188.0,0.08652371813605221,-3.137728268440817e-05,0.0,39838.0,-2.6197776386464362e-05,0.0,0
0.10646876413617391,0.0240287465532048,1071.0,10188.0,0.08565210388650647,-3.1377282684429834e-05,0.0,39838.0,-2.6197776386464362e-05,0.0,0
0.10560683158996623,0.0240287465532048,1072.0,10188.0,0.0847901713402988,-3.137728268443876e-05,0.0,39838.0,-2.6197776386464362e-05,0.0,0
0.10475438839381263,0.0240287465532048,1073.0,10188.0,0.08393772814414519,-3.1377282684411376e-05,0.0,39838.0,-2.6197776386464362e-05,0.0,0
0.103911253245766,0.0240287465532048,1074.0,10188.0,0.08309459299609856,-3.137728268443393e-05,0.0,39838.0,-2.6197776386464362e-05,0.0,0
0.10307725491571625,0.0240287465532048,1075.0,10188.0,0.08226059466604875,-3.137728268440282e-05,0.0,39838.0,-2.6197776386464362e-05,0.0,0
0.10225223135838327,0.0240287465532048,1076.0,10188.0,0.08143557110871578,-3.137728268439917e-05,0.0,39838.0,-2.6197776386464362e-05,0.0,0
0.10143602891000944,0.0240287465532048,1077.0,10188.0,0.08061936866034199,-3.1377282684435635e-05,0.0,39838.0,-2.6197776386464362e-05,0.0,0
0.10062850156079281,0.0240287465532048,1078.0,10188.0,0.07981184131112536,-3.13772826844478e-05,0.0,39838.0,-2.6197776386464362e-05,0.0,0
0.09982951029586021,0.0240287465532048,1079.0,10188.0,0.07901285004619277,-3.137728268444943e-05,0.0,39838.0,-2.6197776386464362e-05,0.0,0
0.09903892249826556,0.0240287465532048,1080.0,10188.0,0.07822226224859813,-3.1377282684436095e-05,0.0,39838.0,-2.6197776386464362e-05,0.0,0
0.09825661140811694,0.0240287465532048,1081.0,10188.0,0.07743995115844948,-3.137728268440728e-05,0.0,39838.0,-2.6197776386464362e-05,0.0,0
0.09748245563249831,0.0240287465532048,1082.0,10188.0,0.07666579538283086,-3.137728268444733e-05,0.0,39838.0,-2.6197776386464362e-05,0.0,0
0.09671633870135901,0.0240287465532048,1083.0,10188.0,0.07589967845169154,-3.137728268443571e-05,0.0,39838.0,-2.6197776386464362e-05,0.0,0
0.0959581486650025,0.0240287465532048,1084.0,10188.0,0.07514148841533506,-3.1377282684414195e-05,0.0,39838.0,-2.6197776386464362e-05,0.0,0
0.09520777772922323,0.0240287465532048,1085.0,10188.0,0.07439111747955579,-3.137728268445114e-05,0.0,39838.0,-2.6197776386464362e-05,0.0,0
0.09446512192451498,0.0240287465532048,1086.0,10188.0,0.07364846167484751,-3.137728268440478e-05,0.0,39838.0,-2.6197776386464362e-05,0.0,0
0.09373008080611443,0.0240287465532048,1087.0,10188.0,0.07291342055644699,-3.137728268441729e-05,0.0,39838.0,-2.6197776386464362e-05,0.0,0
0.09300255718195317,0.0240287465532048,1088.0,10188.0,0.07218589693228572,-3.1377282684436455e-05,0.0,39838.0,-2.6197776386464362e-05,0.0,0
0.09228245686586727,0.0240287465532048,1089.0,10188.0,0.07146579661619984,-3.137728268443107e-05,0.0,39838.0,-2.6197776386464362e-05,0.0,0
0.0915696884536679,0.0240287465532048,1090.0,10188.0,0.07075302820400049,-3.137728268443499e-05,0.0,39838.0,-2.6197776386464362e-05,0.0,0
0.0908641631199038,0.0240287465532048,1091.0,10188.0,0.07004750287023637,-3.1377282684403624e-05,0.0,39838.0,-2.6197776386464362e-05,0.0,0
0.090165794433352,0.0240287465532048,1092.0,10188.0,0.06934913418368457,-3.13772826844481e-05,0.0,39838.0,-2.6197776386464362e-05,0.0,0
0.08947449818946152,0.0240287465532048,1093.0,10188.0,0.06865783793979406,-3.1377282684420314e-05,0.0,39838.0,-2.6197776386464362e-05,0.0,0
0.08879019225814169,0.0240287465532048,1094.0,10188.0,0.0679735320084743,-3.1377282684451735e-05,0.0,39838.0,-2.6197776386464362e-05,0.0,0
0.08811279644544227,0.0240287465532048,1095.0,10188.0,0.06729613619577486,-3.137728268444382e-05,0.0,39838.0,-2.6197776386464362e-05,0.0,0
0.08744223236780768,0.0240287465532048,1096.0,10188.0,0.06662557211814023,-3.13772826844249e-05,0.0,39838.0,-2.6197776386464362e-05,0.0,0
0.08677842333771586,0.0240287465532048,1097.0,10188.0,0.06596176308804841,-3.137728268443763e-05,0.0,39838.0,-2.6197776386464362e-05,0.0,0
0.08612129425962378,0.0240287465532048,1098.0,10188.0,0.06530463400995631,-3.1377282684414276e-05,0.0,39838.0,-2.6197776386464362e-05,0.0,0
0.08547077153524403,0.0240287465532048,1099.0,10188.0,0.06465411128557658,-3.1377282684447995e-05,0.0,39838.0,-2.6197776386464362e-05,0.0,0
0.08482678297727123,0.0240287465532048,1100.0,10188.0,0.06401012272760379,-3.137728268444915e-05,0.0,39838.0,-2.6197776386464362e-05,0.0,0
0.08418925773075855,0.0240287465532048,1101.0,10188.0,0.0633725974810911,-3.1377282684409715e-05,0.0,39838.0,-2.6197776386464362e-05,0.0,0
0.08355812620142285,0.0240287465532048,1102.0,10188.0,0.06274146595175539,-3.137728268443061e-05,0.0,39838.0,-2.6197776386464362e-05,0.0,0
0.0829333199902244,0.0240287465532048,1103.0,10188.0,0.06211665974055695,-3.1377282684459596e-05,0.0,39838.0,-2.6197776386464362e-05,0.0,0
0.08231477183362922,0.0240287465532048,1104.0,10188.0,0.06149811158396176,-3.1377282684404396e-05,0.0,39838.0,-2.6197776386464362e-05,0.0,0
0.08170241554901847,0.0240287465532048,1105.0,10188.0,0.06088575529935104,-3.1377282684472335e-05,0.0,39838.0,-2.6197776386464362e-05,0.0,0
0.08109618598476194,0.0240287465532048,1106.0,10188.0,0.06027952573509451,-3.137728268446413e-05,0.0,39838.0,-2.6197776386464362e-05,0.0,0
0.08049601897451467,0.0240287465532048,1107.0,10188.0,0.059679358724847226,-3.137728268441461e-05,0.0,39838.0,-2.6197776386464362e-05,0.0,0
0.07990185129534193,0.0240287465532048,1108.0,10188.0,0.059085191045674494,-3.1377282684418945e-05,0.0,39838.0,-2.6197776386464362e-05,0.0,0
0.07931362062931319,0.0240287465532048,1109.0,10188.0,0.05849696037964573,-3.1377282684414466e-05,0.0,39838.0,-2.6197776386464362e-05,0.0,0
0.07873126552823909,0.0240287465532048,1110.0,10188.0,0.057914605278571625,-3.137728268442117e-05,0.0,39838.0,-2.6197776386464362e-05,0.0,0
0.0781547253812585,0.0240287465532048,1111.0,10188.0,0.05733806513159106,-3.1377282684425274e-05,0.0,39838.0,-2.6197776386464362e-05,0.0,0
0.07758394038500892,0.0240287465532048,1112.0,10188.0,0.05676728013534148,-3.137728268443123e-05,0.0,39838.0,-2.6197776386464362e-05,0.0,0
0.07701885151613941,0.0240287465532048,1113.0,10188.0,0.056202191266471954,-3.137728268444676e-05,0.0,39838.0,-2.6197776386464362e-05,0.0,0
0.07645940050594843,0.0240287465532048,1114.0,10188.0,0.055642740256280986,-3.137728268444526e-05,0.0,39838.0,-2.6197776386464362e-05,0.0,0
0.07590552981694863,0.0240287465532048,1115.0,10188.0,0.05508886956728118,-3.137728268442732e-05,0.0,39838.0,-2.6197776386464362e-05,0.0,0
0.07535718262118064,0.0240287465532048,1116.0,10188.0,0.05454052237151319,-3.137728268442128e-05,0.0,39838.0,-2.6197776386464362e-05,0.0,0
0.07481430278011401,0.0240287465532048,1117.0,10188.0,0.05399764253044657,-3.137728268440723e-05,0.0,39838.0,-2.6197776386464362e-05,0.0,0
0.07427683482598878,0.0240287465532048,1118.0,10188.0,0.053460174576321316,-3.1377282684418254e-05,0.0,39838.0,-2.6197776386464362e-05,0.0,0
0.07374472394446567,0.0240287465532048,1119.0,10188.0,0.05292806369479825,-3.1377282684448543e-05,0.0,39838.0,-2.6197776386464362e-05,0.0,0
0.07321791595846482,0.0240287465532048,1120.0,10188.0,0.052401255708797376,-3.137728268443881e-05,0.0,39838.0,-2.6197776386464362e-05,0.0,0
0.07269635731308428,0.0240287465532048,1121.0,10188.0,0.05187969706341686,-3.137728268445479e-05,0.0,39838.0,-2.6197776386464362e-05,0.0,0
0.07217999506150082,0.0240287465532048,1122.0,10188.0,0.05136333481183336,-3.137728268443789e-05,0.0,39838.0,-2.6197776386464362e-05,0.0,0
0.07166877685176311,0.0240287465532048,1123.0,10188.0,0.050852116602095654,-3.1377282684421005e-05,0.0,39838.0,-2.6197776386464362e-05,0.0,0
0.07116265091439775,0.0240287465532048,1124.0,10188.0,0.05034599066473029,-3.137728268441763e-05,0.0,39838.0,-2.6197776386464362e-05,0.0,0
0.07066156605075455,0.0240287465532048,1125.0,10188.0,0.04984490580108709,-3.137728268441216e-05,0.0,39838.0,-2.6197776386464362e-05,0.0,0
0.07016547162202538,0.0240287465532048,1126.0,10188.0,0.04934881137235793,-3.137728268443542e-05,0.0,39838.0,-2.6197776386464362e-05,0.0,0
0.0696743175388769,0.0240287465532048,1127.0,10188.0,0.04885765728920945,-3.137728268441962e-05,0.0,39838.0,-2.6197776386464362e-05,0.0,0
0.0691880542516426,0.0240287465532048,1128.0,10188.0,0.04837139400197515,-3.137728268442942e-05,0.0,39838.0,-2.6197776386464362e-05,0.0,0
0.0687066327410259,0.0240287465532048,1129.0,10188.0,0.04788997249135845,-3.137728268442656e-05,0.0,39838.0,-2.6197776386464362e-05,0.0,0
0.06823000450926914,0.0240287465532048,1130.0,10188.0,0.04741334425960169,-3.1377282684432816e-05,0.0,39838.0,-2.6197776386464362e-05,0.0,0
0.06775812157174887,0.0240287465532048,1131.0,10188.0,0.046941461322081414,-3.1377282684414e-05,0.0,39838.0,-2.6197776386464362e-05,0.0,0
0.06729093644896046,0.0240287465532048,1132.0,10188.0,0.04647427619929302,-3.1377282684435004e-05,0.0,39838.0,-2.6197776386464362e-05,0.0,0
0.06682296681792597,0.02402331121227105,1133.0,10190.0,0.04601174190919229,-3.1377282684440365e-05,0.0,39838.0,-2.6197776386464362e-05,0.0,0
0.06635151977330556,0.02400979411697942,1134.0,10195.0,0.04555381195986347,-3.137728268443598e-05,0.0,39838.0,-2.6197776386464362e-05,0.0,0
0.06589010408976717,0.024001750050817415,1135.0,10198.0,0.045100440342487114,-3.137728268443857e-05,0.0,39838.0,-2.6197776386464362e-05,0.0,0
0.06544124527186282,0.024001750050817415,1136.0,10198.0,0.04465158152458277,-3.1377282684437864e-05,0.0,39838.0,-2.6197776386464362e-05,0.0,0
0.064991554195425,0.023996450055457516,1137.0,10200.0,0.04420719044350483,-3.13772826844178e-05,0.0,39838.0,-2.6197776386464362e-05,0.0,0
0.06454108029363012,0.023985944096996687,1138.0,10204.0,0.043767222500170795,-3.137728268443316e-05,0.0,39838.0,-2.6197776386464362e-05,0.0,0
0.06409766638831056,0.02397811913884395,1139.0,10207.0,0.04333163355300394,-3.137728268440466e-05,0.0,39838.0,-2.6197776386464362e-05,0.0,0
0.06365860976292213,0.02397031615438568,1140.0,10210.0,0.04290037991207382,-3.137728268443982e-05,0.0,39838.0,-2.6197776386464362e-05,0.0,0
0.06322133425923326,0.02396000222935125,1141.0,10214.0,0.042473418333419354,-3.137728268440727e-05,0.0,39838.0,-2.6197776386464362e-05,0.0,0
0.06279351319823613,0.023954893488232435,1142.0,10216.0,0.04205070601354105,-3.137728268443608e-05,0.0,39838.0,-2.6197776386464362e-05,0.0,0
0.06236993052980571,0.023949816249293127,1143.0,10218.0,0.04163220058404993,-3.137728268442555e-05,0.0,39838.0,-2.6197776386464362e-05,0.0,0
0.06195054987616733,0.023944776073242975,1144.0,10220.0,0.0412178601064617,-3.137728268441381e-05,0.0,39838.0,-2.6197776386464362e-05,0.0,0
0.06153532091831392,0.023939764154725013,1145.0,10222.0,0.04080764306712628,-3.137728268444297e-05,0.0,39838.0,-2.6197776386464362e-05,0.0,0
0.061126692774320854,0.023937270705575053,1146.0,10223.0,0.04040150837228316,-3.1377282684428784e-05,0.0,39838.0,-2.6197776386464362e-05,0.0,0
0.06072212188683951,0.023934792847142644,1147.0,10224.0,0.039999415343234215,-3.1377282684438555e-05,0.0,39838.0,-2.6197776386464362e-05,0.0,0
0.06031418988307172,0.02392495247498265,1148.0,10228.0,0.03960132371162645,-3.1377282684459236e-05,0.0,39838.0,-2.6197776386464362e-05,0.0,0
0.05991274860929602,0.023917641297996027,1149.0,10231.0,0.03920719361483736,-3.1377282684440554e-05,0.0,39838.0,-2.6197776386464362e-05,0.0,0
0.05951043603400693,0.023905536746087298,1150.0,10236.0,0.038816985591457,-3.13772826844288e-05,0.0,39838.0,-2.6197776386464362e-05,0.0,0
0.05912411101941058,0.023905536746087298,1151.0,10236.0,0.03843066057686064,-3.137728268444042e-05,0.0,39838.0,-2.6197776386464362e-05,0.0,0
0.05873683068202593,0.02390073708669624,1152.0,10238.0,0.03804817989886705,-3.137728268444904e-05,0.0,39838.0,-2.6197776386464362e-05,0.0,0
0.05834864246644437,0.023891223496504525,1153.0,10242.0,0.03766950527347721,-3.1377282684448726e-05,0.0,39838.0,-2.6197776386464362e-05,0.0,0
0.057971368478740966,0.023888855981588818,1154.0,10243.0,0.03729459880068951,-3.137728268443741e-05,0.0,39838.0,-2.6197776386464362e-05,0.0,0
0.057597842946425476,0.023886506289575622,1155.0,10244.0,0.036923422960387205,-3.1377282684422163e-05,0.0,39838.0,-2.6197776386464362e-05,0.0,0
0.05722803459822879,0.023884180293471596,1156.0,10245.0,0.03655594060829456,-3.1377282684449275e-05,0.0,39838.0,-2.6197776386464362e-05,0.0,0
0.05686189004189836,0.023881861373437323,1157.0,10246.0,0.036192114971998396,-3.137728268443778e-05,0.0,39838.0,-2.6197776386464362e-05,0.0,0
0.056494795679272555,0.023874972335778108,1158.0,10249.0,0.03583190964703181,-3.137728268445115e-05,0.0,39838.0,-2.6197776386464362e-05,0.0,0
0.05613588679576111,0.023872684506280835,1159.0,10250.0,0.03547528859301763,-3.137728268442783e-05,0.0,39838.0,-2.6197776386464362e-05,0.0,0
0.05578281433261207,0.023872684506280835,1160.0,10250.0,0.03512221612986859,-3.137728268442236e-05,0.0,39838.0,-2.6197776386464362e-05,0.0,0
0.05543325513678591,0.023872684506280835,1161.0,10250.0,0.034772656934042426,-3.137728268443916e-05,0.0,39838.0,-2.6197776386464362e-05,0.0,0
0.05508717423759281,0.023872684506280835,1162.0,10250.0,0.03442657603484934,-3.137728268443731e-05,0.0,39838.0,-2.6197776386464362e-05,0.0,0
0.05474453701355335,0.023872684506280835,1163.0,10250.0,0.034083938810809886,-3.137728268444368e-05,0.0,39838.0,-2.6197776386464362e-05,0.0,0
0.05440530918880524,0.023872684506280835,1164.0,10250.0,0.03374471098606175,-3.137728268442993e-05,0.0,39838.0,-2.6197776386464362e-05,0.0,0
0.054069456829557015,0.023872684506280835,1165.0,10250.0,0.033408858626813545,-3.137728268443232e-05,0.0,39838.0,-2.6197776386464362e-05,0.0,0
0.05373694634058733,0.023872684506280835,1166.0,10250.0,0.03307634813784386,-3.137728268444546e-05,0.0,39838.0,-2.6197776386464362e-05,0.0,0
0.05340774446178829,0.023872684506280835,1167.0,10250.0,0.03274714625904482,-3.1377282684452663e-05,0.0,39838.0,-2.6197776386464362e-05,0.0,0
0.05308181826475149,0.023872684506280835,1168.0,10250.0,0.03242122006200801,-3.137728268442389e-05,0.0,39838.0,-2.6197776386464362e-05,0.0,0
0.052759135149395515,0.023872684506280835,1169.0,10250.0,0.032098536946652045,-3.137728268443696e-05,0.0,39838.0,-2.6197776386464362e-05,0.0,0
0.05243966284063416,0.023872684506280835,1170.0,10250.0,0.03177906463789068,-3.137728268443789e-05,0.0,39838.0,-2.6197776386464362e-05,0.0,0
0.05212336938508358,0.023872684506280835,1171.0,10250.0,0.0314627711823401,-3.137728268444013e-05,0.0,39838.0,-2.6197776386464362e-05,0.0,0
0.05181022314780818,0.023872684506280835,1172.0,10250.0,0.031149624945064697,-3.137728268443942e-05,0.0,39838.0,-2.6197776386464362e-05,0.0,0
0.051500192809103604,0.023872684506280835,1173.0,10250.0,0.03083959460636013,-3.137728268444723e-05,0.0,39838.0,-2.6197776386464362e-05,0.0,0
0.051193247361316696,0.023872684506280835,1174.0,10250.0,0.030532649158573223,-3.137728268444429e-05,0.0,39838.0,-2.6197776386464362e-05,0.0,0
0.05088935610570089,0.023872684506280835,1175.0,10250.0,0.030228757902957395,-3.137728268442128e-05,0.0,39838.0,-2.6197776386464362e-05,0.0,0
0.05058848864930688,0.023872684506280835,1176.0,10250.0,0.029927890446563406,-3.137728268443542e-05,0.0,39838.0,-2.6197776386464362e-05,0.0,0
0.05029061490190764,0.023872684506280835,1177.0,10250.0,0.029630016699164177,-3.137728268443543e-05,0.0,39838.0,-2.6197776386464362e-05,0.0,0
0.049995705072956954,0.023872684506280835,1178.0,10250.0,0.029335106870213488,-3.1377282684452216e-05,0.0,39838.0,-2.6197776386464362e-05,0.0,0
0.04970372966858112,0.023872684506280835,1179.0,10250.0,0.02904313146583764,-3.137728268443744e-05,0.0,39838.0,-2.6197776386464362e-05,0.0,0
0.049414659488603,0.023872684506280835,1180.0,10250.0,0.028754061285859507,-3.1377282684426866e-05,0.0,39838.0,-2.6197776386464362e-05,0.0,0
0.04912846562359811,0.023872684506280835,1181.0,10250.0,0.02846786742085463,-3.1377282684432985e-05,0.0,39838.0,-2.6197776386464362e-05,0.0,0
0.04884511945198192,0.023872684506280835,1182.0,10250.0,0.028184521249238464,-3.1377282684450285e-05,0.0,39838.0,-2.6197776386464362e-05,0.0,0
0.04856459263712817,0.023872684506280835,1183.0,10250.0,0.02790399443438471,-3.1377282684446924e-05,0.0,39838.0,-2.6197776386464362e-05,0.0,0
0.04828685712451726,0.023872684506280835,1184.0,10250.0,0.02762625892177378,-3.137728268442684e-05,0.0,39838.0,-2.6197776386464362e-05,0.0,0
0.0480118851389148,0.023872684506280835,1185.0,10250.0,0.02735128693617133,-3.137728268443713e-05,0.0,39838.0,-2.6197776386464362e-05,0.0,0
0.04773964918157963,0.023872684506280835,1186.0,10250.0,0.027079050978836137,-3.13772826844283e-05,0.0,39838.0,-2.6197776386464362e-05,0.0,0
0.04747012202750061,0.023872684506280835,1187.0,10250.0,0.026809523824757132,-3.137728268443933e-05,0.0,39838.0,-2.6197776386464362e-05,0.0,0
0.04720327672266235,0.023872684506280835,1188.0,10250.0,0.02654267851991887,-3.13772826844374e-05,0.0,39838.0,-2.6197776386464362e-05,0.0,0
0.04693908658133892,0.023872684506280835,1189.0,10250.0,0.026278488378595446,-3.13772826844328e-05,0.0,39838.0,-2.6197776386464362e-05,0.0,0
0.04667752518341556,0.023872684506280835,1190.0,10250.0,0.026016926980672084,-3.137728268444104e-05,0.0,39838.0,-2.6197776386464362e-05,0.0,0
0.04641856637173784,0.023872684506280835,1191.0,10250.0,0.025757968168994363,-3.1377282684436854e-05,0.0,39838.0,-2.6197776386464362e-05,0.0,0
0.04616218424948791,0.023872684506280835,1192.0,10250.0,0.025501586046744434,-3.137728268444458e-05,0.0,39838.0,-2.6197776386464362e-05,0.0,0
0.04590835317758765,0.023872684506280835,1193.0,10250.0,0.02524775497484418,-3.1377282684446084e-05,0.0,39838.0,-2.6197776386464362e-05,0.0,0
0.04565704777212814,0.023872684506280835,1194.0,10250.0,0.024996449569384665,-3.13772826844388e-05,0.0,39838.0,-2.6197776386464362e-05,0.0,0
0.045408242901825394,0.023872684506280835,1195.0,10250.0,0.024747644699081903,-3.137728268441791e-05,0.0,39838.0,-2.6197776386464362e-05,0.0,0
0.04516191368550177,0.023872684506280835,1196.0,10250.0,0.0245013154827583,-3.137728268444651e-05,0.0,39838.0,-2.6197776386464362e-05,0.0,0
0.044918035489593236,0.023872684506280835,1197.0,10250.0,0.024257437286849745,-3.137728268442725e-05,0.0,39838.0,-2.6197776386464362e-05,0.0,0
0.04467658392568126,0.023872684506280835,1198.0,10250.0,0.024015985722937793,-3.1377282684436455e-05,0.0,39838.0,-2.6197776386464362e-05,0.0,0
0.04443753484805032,0.023872684506280835,1199.0,10250.0,0.023776936645306848,-3.1377282684441605e-05,0.0,39838.0,-2.6197776386464362e-05,0.0,0
0.04420086435126953,0.023872684506280835,1200.0,10250.0,0.02354026614852605,-3.1377282684443515e-05,0.0,39838.0,-2.6197776386464362e-05,0.0,0
0.043966548767798895,0.023872684506280835,1201.0,10250.0,0.023305950565055425,-3.137728268443578e-05,0.0,39838.0,-2.6197776386464362e-05,0.0,0
0.043734564665619625,0.023872684506280835,1202.0,10250.0,0.023073966462876145,-3.13772826844303e-05,0.0,39838.0,-2.6197776386464362e-05,0.0,0
0.04350488884588821,0.023872684506280835,1203.0,10250.0,0.02284429064314474,-3.1377282684436895e-05,0.0,39838.0,-2.6197776386464362e-05,0.0,0
0.04327749834061418,0.023872684506280835,1204.0,10250.0,0.022616900137870703,-3.137728268443156e-05,0.0,39838.0,-2.6197776386464362e-05,0.0,0
0.043052370410361036,0.023872684506280835,1205.0,10250.0,0.022391772207617552,-3.1377282684431935e-05,0.0,39838.0,-2.6197776386464362e-05,0.0,0
0.04282948254197039,0.023872684506280835,1206.0,10250.0,0.022168884339226917,-3.137728268444549e-05,0.0,39838.0,-2.6197776386464362e-05,0.0,0
0.04260881244630883,0.023872684506280835,1207.0,10250.0,0.02194821424356536,-3.1377282684430126e-05,0.0,39838.0,-2.6197776386464362e-05,0.0,0
0.042390338056037334,0.023872684506280835,1208.0,10250.0,0.021729739853293864,-3.137728268443231e-05,0.0,39838.0,-2.6197776386464362e-05,0.0,0
0.04217403752340314,0.023872684506280835,1209.0,10250.0,0.02151343932065966,-3.137728268443228e-05,0.0,39838.0,-2.6197776386464362e-05,0.0,0
0.041959889218053555,0.023872684506280835,1210.0,10250.0,0.02129929101531008,-3.137728268443768e-05,0.0,39838.0,-2.6197776386464362e-05,0.0,0
0.04174787172487181,0.023872684506280835,1211.0,10250.0,0.021087273522128323,-3.1377282684427917e-05,0.0,39838.0,-2.6197776386464362e-05,0.0,0
0.04153796384183428,0.023872684506280835,1212.0,10250.0,0.020877365639090803,-3.137728268444267e-05,0.0,39838.0,-2.6197776386464362e-05,0.0,0
0.04133014457788953,0.023872684506280835,1213.0,10250.0,0.02066954637514605,-3.1377282684433236e-05,0.0,39838.0,-2.6197776386464362e-05,0.0,0
0.041124393150858064,0.023872684506280835,1214.0,10250.0,0.020463794948114587,-3.1377282684439063e-05,0.0,39838.0,-2.6197776386464362e-05,0.0,0
0.04092068898535346,0.023872684506280835,1215.0,10250.0,0.020260090782609992,-3.137728268444249e-05,0.0,39838.0,-2.6197776386464362e-05,0.0,0
0.04071901171072404,0.023872684506280835,1216.0,10250.0,0.020058413507980558,-3.1377282684432504e-05,0.0,39838.0,-2.6197776386464362e-05,0.0,0
0.04051934115901505,0.023872684506280835,1217.0,10250.0,0.01985874295627159,-3.137728268444429e-05,0.0,39838.0,-2.6197776386464362e-05,0.0,0
0.04032165736295144,0.023872684506280835,1218.0,10250.0,0.019661059160207963,-3.137728268444509e-05,0.0,39838.0,-2.6197776386464362e-05,0.0,0
0.040125940553940385,0.023872684506280835,1219.0,10250.0,0.01946534235119692,-3.13772826844449e-05,0.0,39838.0,-2.6197776386464362e-05,0.0,0
0.03993217116009407,0.023872684506280835,1220.0,10250.0,0.019271572957350602,-3.1377282684444125e-05,0.0,39838.0,-2.6197776386464362e-05,0.0,0
0.039740329804271966,0.023872684506280835,1221.0,10250.0,0.019079731601528503,-3.1377282684452054e-05,0.0,39838.0,-2.6197776386464362e-05,0.0,0
0.03955039730214274,0.023872684506280835,1222.0,10250.0,0.018889799099399272,-3.1377282684436285e-05,0.0,39838.0,-2.6197776386464362e-05,0.0,0
0.039362354660265414,0.023872684506280835,1223.0,10250.0,0.01870175645752194,-3.1377282684441286e-05,0.0,39838.0,-2.6197776386464362e-05,0.0,0
0.039176183074189706,0.023872684506280835,1224.0,10250.0,0.01851558487144624,-3.137728268444418e-05,0.0,39838.0,-2.6197776386464362e-05,0.0,0
0.03899186392657531,0.023872684506280835,1225.0,10250.0,0.018331265723831834,-3.137728268443192e-05,0.0,39838.0,-2.6197776386464362e-05,0.0,0
0.038809378785329765,0.023872684506280835,1226.0,10250.0,0.01814878058258629,-3.1377282684442716e-05,0.0,39838.0,-2.6197776386464362e-05,0.0,0
0.03862870940176514,0.023872684506280835,1227.0,10250.0,0.017968111199021662,-3.1377282684435004e-05,0.0,39838.0,-2.6197776386464362e-05,0.0,0
0.03844983770877281,0.023872684506280835,1228.0,10250.0,0.01778923950602933,-3.137728268443135e-05,0.0,39838.0,-2.6197776386464362e-05,0.0,0
0.03827274581901658,0.023872684506280835,1229.0,10250.0,0.017612147616273117,-3.137728268444473e-05,0.0,39838.0,-2.6197776386464362e-05,0.0,0
0.0380974160231438,0.023872684506280835,1230.0,10250.0,0.017436817820400335,-3.137728268444228e-05,0.0,39838.0,-2.6197776386464362e-05,0.0,0
0.03792383078801416,0.023872684506280835,1231.0,10250.0,0.017263232585270696,-3.1377282684453544e-05,0.0,39838.0,-2.6197776386464362e-05,0.0,0
0.03775197275494632,0.023872684506280835,1232.0,10250.0,0.01709137455220284,-3.1377282684424596e-05,0.0,39838.0,-2.6197776386464362e-05,0.0,0
0.037581824737981766,0.023872684506280835,1233.0,10250.0,0.0169212265352383,-3.1377282684445216e-05,0.0,39838.0,-2.6197776386464362e-05,0.0,0
0.03741336972216624,0.023872684506280835,1234.0,10250.0,0.016752771519422765,-3.13772826844261e-05,0.0,39838.0,-2.6197776386464362e-05,0.0,0
0.03724659086184796,0.023872684506280835,1235.0,10250.0,0.016585992659104484,-3.1377282684443075e-05,0.0,39838.0,-2.6197776386464362e-05,0.0,0
0.0370814714789931,0.023872684506280835,1236.0,10250.0,0.016420873276249626,-3.137728268443616e-05,0.0,39838.0,-2.6197776386464362e-05,0.0,0
0.03691799506151775,0.023872684506280835,1237.0,10250.0,0.016257396858774267,-3.1377282684432416e-05,0.0,39838.0,-2.6197776386464362e-05,0.0,0
0.036756145261636675,0.023872684506280835,1238.0,10250.0,0.016095547058893208,-3.137728268444379e-05,0.0,39838.0,-2.6197776386464362e-05,0.0,0
0.03659590589422849,0.023872684506280835,1239.0,10250.0,0.015935307691485018,-3.1377282684431244e-05,0.0,39838.0,-2.6197776386464362e-05,0.0,0
0.03643726093521695,0.023872684506280835,1240.0,10250.0,0.01577666273247347,-3.1377282684436495e-05,0.0,39838.0,-2.6197776386464362e-05,0.0,0
0.036280194519968605,0.023872684506280835,1241.0,10250.0,0.015619596317225117,-3.137728268442888e-05,0.0,39838.0,-2.6197776386464362e-05,0.0,0
0.03612469094170615,0.023872684506280835,1242.0,10250.0,0.015464092738962685,-3.137728268444103e-05,0.0,39838.0,-2.6197776386464362e-05,0.0,0
0.03597073464993782,0.023872684506280835,1243.0,10250.0,0.01531013644719435,-3.137728268444444e-05,0.0,39838.0,-2.6197776386464362e-05,0.0,0
0.035818310248902155,0.023872684506280835,1244.0,10250.0,0.01515771204615868,-3.137728268443955e-05,0.0,39838.0,-2.6197776386464362e-05,0.0,0
0.03566740249602841,0.023872684506280835,1245.0,10250.0,0.015006804293284931,-3.137728268444509e-05,0.0,39838.0,-2.6197776386464362e-05,0.0,0
0.03551799630041231,0.023872684506280835,1246.0,10250.0,0.014857398097668837,-3.1377282684440886e-05,0.0,39838.0,-2.6197776386464362e-05,0.0,0
0.03537007672130683,0.023872684506280835,1247.0,10250.0,0.014709478518563348,-3.137728268442711e-05,0.0,39838.0,-2.6197776386464362e-05,0.0,0
0.03522362896662812,0.023872684506280835,1248.0,10250.0,0.014563030763884635,-3.1377282684431006e-05,0.0,39838.0,-2.6197776386464362e-05,0.0,0
0.03507863839147626,0.023872684506280835,1249.0,10250.0,0.01441804018873279,-3.137728268443542e-05,0.0,39838.0,-2.6197776386464362e-05,0.0,0
0.034935090496670755,0.023872684506280835,1250.0,10250.0,0.014274492293927275,-3.137728268442885e-05,0.0,39838.0,-2.6197776386464362e-05,0.0,0
0.03479297092730049,0.023872684506280835,1251.0,10250.0,0.014132372724557009,-3.137728268443224e-05,0.0,39838.0,-2.6197776386464362e-05,0.0,0
0.034652265471288315,0.023872684506280835,1252.0,10250.0,0.013991667268544838,-3.1377282684438115e-05,0.0,39838.0,-2.6197776386464362e-05,0.0,0
0.03451296005796977,0.023872684506280835,1253.0,10250.0,0.0138523618552263,-3.137728268444828e-05,0.0,39838.0,-2.6197776386464362e-05,0.0,0
0.03437504075668597,0.023872684506280835,1254.0,10250.0,0.013714442553942505,-3.1377282684442255e-05,0.0,39838.0,-2.6197776386464362e-05,0.0,0
0.03423849377539054,0.023872684506280835,1255.0,10250.0,0.013577895572647065,-3.1377282684432294e-05,0.0,39838.0,-2.6197776386464362e-05,0.0,0
0.03410330545927034,0.023872684506280835,1256.0,10250.0,0.013442707256526857,-3.1377282684437424e-05,0.0,39838.0,-2.6197776386464362e-05,0.0,0
0.03396946228938002,0.023872684506280835,1257.0,10250.0,0.013308864086636538,-3.137728268443457e-05,0.0,39838.0,-2.6197776386464362e-05,0.0,0
0.03383695088129008,0.023872684506280835,1258.0,10250.0,0.013176352678546614,-3.137728268444263e-05,0.0,39838.0,-2.6197776386464362e-05,0.0,0
0.03370575798374841,0.023872684506280835,1259.0,10250.0,0.013045159781004931,-3.137728268443431e-05,0.0,39838.0,-2.6197776386464362e-05,0.0,0
0.03357587047735511,0.023872684506280835,1260.0,10250.0,0.012915272274611632,-3.137728268444093e-05,0.0,39838.0,-2.6197776386464362e-05,0.0,0
0.03344727537325057,0.023872684506280835,1261.0,10250.0,0.01278667717050709,-3.1377282684442614e-05,0.0,39838.0,-2.6197776386464362e-05,0.0,0
0.033319959811816555,0.023872684506280835,1262.0,10250.0,0.012659361609073091,-3.137728268444824e-05,0.0,39838.0,-2.6197776386464362e-05,0.0,0
0.03319391106139027,0.023872684506280835,1263.0,10250.0,0.012533312858646794,-3.137728268443796e-05,0.0,39838.0,-2.6197776386464362e-05,0.0,0
0.03306911651699105,0.023872684506280835,1264.0,10250.0,0.012408518314247574,-3.137728268443511e-05,0.0,39838.0,-2.6197776386464362e-05,0.0,0
0.03294556369905999,0.023872684506280835,1265.0,10250.0,0.012284965496316518,-3.1377282684433304e-05,0.0,39838.0,-2.6197776386464362e-05,0.0,0
0.03282324025221188,0.023872684506280835,1266.0,10250.0,0.012162642049468413,-3.137728268444603e-05,0.0,39838.0,-2.6197776386464362e-05,0.0,0
0.03270213394399972,0.023872684506280835,1267.0,10250.0,0.012041535741256252,-3.1377282684442465e-05,0.0,39838.0,-2.6197776386464362e-05,0.0,0
0.03258223266369141,0.023872684506280835,1268.0,10250.0,0.011921634460947936,-3.1377282684437424e-05,0.0,39838.0,-2.6197776386464362e-05,0.0,0
0.03246352442105865,0.023872684506280835,1269.0,10250.0,0.011802926218315177,-3.137728268444373e-05,0.0,39838.0,-2.6197776386464362e-05,0.0,0
0.032345997345177964,0.023872684506280835,1270.0,10250.0,0.011685399142434497,-3.137728268445059e-05,0.0,39838.0,-2.6197776386464362e-05,0.0,0
0.03222963968324357,0.023872684506280835,1271.0,10250.0,0.011569041480500102,-3.137728268445583e-05,0.0,39838.0,-2.6197776386464362e-05,0.0,0
0.03211443979939208,0.023872684506280835,1272.0,10250.0,0.011453841596648603,-3.137728268443623e-05,0.0,39838.0,-2.6197776386464362e-05,0.0,0
0.03200038617353884,0.023872684506280835,1273.0,10250.0,0.011339787970795379,-3.13772826844443e-05,0.0,39838.0,-2.6197776386464362e-05,0.0,0
0.03188746740022608,0.023872684506280835,1274.0,10250.0,0.011226869197482605,-3.137728268443466e-05,0.0,39838.0,-2.6197776386464362e-05,0.0,0
0.031775672187482146,0.023872684506280835,1275.0,10250.0,0.011115073984738674,-3.137728268443918e-05,0.0,39838.0,-2.6197776386464362e-05,0.0,0
0.031664989355692466,0.023872684506280835,1276.0,10250.0,0.011004391152948986,-3.1377282684435235e-05,0.0,39838.0,-2.6197776386464362e-05,0.0,0
0.03155540783648145,0.023872684506280835,1277.0,10250.0,0.010894809633737977,-3.137728268444264e-05,0.0,39838.0,-2.6197776386464362e-05,0.0,0
0.03144691667160576,0.023872684506280835,1278.0,10250.0,0.01078631846886228,-3.137728268443221e-05,0.0,39838.0,-2.6197776386464362e-05,0.0,0
0.03133950501185836,0.023872684506280835,1279.0,10250.0,0.010678906809114874,-3.1377282684426975e-05,0.0,39838.0,-2.6197776386464362e-05,0.0,0
0.03123316211598364,0.023872684506280835,1280.0,10250.0,0.010572563913240171,-3.137728268444184e-05,0.0,39838.0,-2.6197776386464362e-05,0.0,0
0.03112787734960333,0.023872684506280835,1281.0,10250.0,0.010467279146859859,-3.13772826844482e-05,0.0,39838.0,-2.6197776386464362e-05,0.0,0
0.031023640184152955,0.023872684506280835,1282.0,10250.0,0.010363041981409483,-3.137728268443579e-05,0.0,39838.0,-2.6197776386464362e-05,0.0,0
0.03092044019582902,0.023872684506280835,1283.0,10250.0,0.010259841993085541,-3.137728268442725e-05,0.0,39838.0,-2.6197776386464362e-05,0.0,0
0.0308182670645466,0.023872684506280835,1284.0,10250.0,0.010157668861803129,-3.1377282684443224e-05,0.0,39838.0,-2.6197776386464362e-05,0.0,0
0.03071711057290738,0.023872684506280835,1285.0,10250.0,0.010056512370163912,-3.137728268445121e-05,0.0,39838.0,-2.6197776386464362e-05,0.0,0
0.030616960605177844,0.023872684506280835,1286.0,10250.0,0.009956362402434372,-3.1377282684447906e-05,0.0,39838.0,-2.6197776386464362e-05,0.0,0
0.030517807146277696,0.023872684506280835,1287.0,10250.0,0.009857208943534217,-3.1377282684433175e-05,0.0,39838.0,-2.6197776386464362e-05,0.0,0
0.03041964028077837,0.023872684506280835,1288.0,10250.0,0.009759042078034888,-3.1377282684426826e-05,0.0,39838.0,-2.6197776386464362e-05,0.0,0
0.030322450191911456,0.023872684506280835,1289.0,10250.0,0.00966185198916798,-3.1377282684436285e-05,0.0,39838.0,-2.6197776386464362e-05,0.0,0
0.030226227160587045,0.023872684506280835,1290.0,10250.0,0.009565628957843571,-3.137728268444083e-05,0.0,39838.0,-2.6197776386464362e-05,0.0,0
0.03013096156442179,0.023872684506280835,1291.0,10250.0,0.009470363361678313,-3.13772826844368e-05,0.0,39838.0,-2.6197776386464362e-05,0.0,0
0.030036643876776632,0.023872684506280835,1292.0,10250.0,0.009376045674033166,-3.137728268444869e-05,0.0,39838.0,-2.6197776386464362e-05,0.0,0
0.029943264665804204,0.023872684506280835,1293.0,10250.0,0.009282666463060736,-3.13772826844399e-05,0.0,39838.0,-2.6197776386464362e-05,0.0,0
0.029850814593505557,0.023872684506280835,1294.0,10250.0,0.009190216390762082,-3.137728268443626e-05,0.0,39838.0,-2.6197776386464362e-05,0.0,0
0.029759284414796375,0.023872684506280835,1295.0,10250.0,0.009098686212052912,-3.1377282684454364e-05,0.0,39838.0,-2.6197776386464362e-05,0.0,0
0.029668664976582524,0.023872684506280835,1296.0,10250.0,0.009008066773839054,-3.137728268443933e-05,0.0,39838.0,-2.6197776386464362e-05,0.0,0
0.02957894721684462,0.023872684506280835,1297.0,10250.0,0.008918349014101152,-3.1377282684448035e-05,0.0,39838.0,-2.6197776386464362e-05,0.0,0
0.029490122163731917,0.023872684506280835,1298.0,10250.0,0.008829523960988446,-3.137728268444519e-05,0.0,39838.0,-2.6197776386464362e-05,0.0,0
0.029402180934665064,0.023872684506280835,1299.0,10250.0,0.008741582731921594,-3.1377282684447866e-05,0.0,39838.0,-2.6197776386464362e-05,0.0,0
0.02931511473544786,0.023872684506280835,1300.0,10250.0,0.008654516532704383,-3.137728268443703e-05,0.0,39838.0,-2.6197776386464362e-05,0.0,0
0.029228914859387806,0.023872684506280835,1301.0,10250.0,0.00856831665664433,-3.137728268444244e-05,0.0,39838.0,-2.6197776386464362e-05,0.0,0
0.029143572686425447,0.023872684506280835,1302.0,10250.0,0.008482974483681974,-3.1377282684437864e-05,0.0,39838.0,-2.6197776386464362e-05,0.0,0
0.029059079682272376,0.023872684506280835,1303.0,10250.0,0.008398481479528897,-3.1377282684435086e-05,0.0,39838.0,-2.6197776386464362e-05,0.0,0
0.028975427397557738,0.023872684506280835,1304.0,10250.0,0.008314829194814256,-3.137728268443514e-05,0.0,39838.0,-2.6197776386464362e-05,0.0,0
0.028892607466983345,0.023872684506280835,1305.0,10250.0,0.008232009264239868,-3.137728268443817e-05,0.0,39838.0,-2.6197776386464362e-05,0.0,0
0.02881061160848712,0.023872684506280835,1306.0,10250.0,0.008150013405743653,-3.137728268444277e-05,0.0,39838.0,-2.6197776386464362e-05,0.0,0
0.028729431622414887,0.023872684506280835,1307.0,10250.0,0.00806883341967141,-3.137728268443811e-05,0.0,39838.0,-2.6197776386464362e-05,0.0,0
0.028649059390700345,0.023872684506280835,1308.0,10250.0,0.007988461187956883,-3.137728268445869e-05,0.0,39838.0,-2.6197776386464362e-05,0.0,0
0.02856948687605339,0.023872684506280835,1309.0,10250.0,0.00790888867330992,-3.1377282684444796e-05,0.0,39838.0,-2.6197776386464362e-05,0.0,0
0.028490706121156215,0.023872684506280835,1310.0,10250.0,0.007830107918412741,-3.137728268443781e-05,0.0,39838.0,-2.6197776386464362e-05,0.0,0
0.028412709247867655,0.023872684506280835,1311.0,10250.0,0.007752111045124188,-3.1377282684442946e-05,0.0,39838.0,-2.6197776386464362e-05,0.0,0
0.028335488456435416,0.023872684506280835,1312.0,10250.0,0.007674890253691944,-3.137728268443595e-05,0.0,39838.0,-2.6197776386464362e-05,0.0,0
0.028259036024715977,0.023872684506280835,1313.0,10250.0,0.007598437821972507,-3.13772826844418e-05,0.0,39838.0,-2.6197776386464362e-05,0.0,0
0.02818334430740247,0.023872684506280835,1314.0,10250.0,0.007522746104658988,-3.1377282684431325e-05,0.0,39838.0,-2.6197776386464362e-05,0.0,0
0.028108405735260054,0.023872684506280835,1315.0,10250.0,0.007447807532516582,-3.137728268443793e-05,0.0,39838.0,-2.6197776386464362e-05,0.0,0
0.02803421281436909,0.023872684506280835,1316.0,10250.0,0.007373614611625614,-3.1377282684437905e-05,0.0,39838.0,-2.6197776386464362e-05,0.0,0
0.027960758125375643,0.023872684506280835,1317.0,10250.0,0.00730015992263217,-3.1377282684446e-05,0.0,39838.0,-2.6197776386464362e-05,0.0,0
0.027888034322749597,0.023872684506280835,1318.0,10250.0,0.007227436120006131,-3.137728268445262e-05,0.0,39838.0,-2.6197776386464362e-05,0.0,0
0.027816034134050108,0.023872684506280835,1319.0,10250.0,0.007155435931306641,-3.137728268444845e-05,0.0,39838.0,-2.6197776386464362e-05,0.0,0
0.027744750359198288,0.023872684506280835,1320.0,10250.0,0.007084152156454817,-3.13772826844456e-05,0.0,39838.0,-2.6197776386464362e-05,0.0,0
0.027674175869757237,0.023872684506280835,1321.0,10250.0,0.007013577667013766,-3.137728268444517e-05,0.0,39838.0,-2.6197776386464362e-05,0.0,0
0.027604303608219215,0.023872684506280835,1322.0,10250.0,0.006943705405475736,-3.137728268443216e-05,0.0,39838.0,-2.6197776386464362e-05,0.0,0
0.027535126587299816,0.023872684506280835,1323.0,10250.0,0.00687452838455635,-3.1377282684444925e-05,0.0,39838.0,-2.6197776386464362e-05,0.0,0
0.027466637889239327,0.023872684506280835,1324.0,10250.0,0.006806039686495854,-3.137728268444152e-05,0.0,39838.0,-2.6197776386464362e-05,0.0,0
0.027398830665110847,0.023872684506280835,1325.0,10250.0,0.0067382324623673755,-3.137728268444382e-05,0.0,39838.0,-2.6197776386464362e-05,0.0,0
0.02733169813413547,0.023872684506280835,1326.0,10250.0,0.006671099931391995,-3.1377282684436095e-05,0.0,39838.0,-2.6197776386464362e-05,0.0,0
0.02726523358300414,0.023872684506280835,1327.0,10250.0,0.006604635380260665,-3.137728268443634e-05,0.0,39838.0,-2.6197776386464362e-05,0.0,0
0.027199430365206365,0.023872684506280835,1328.0,10250.0,0.006538832162462888,-3.137728268443485e-05,0.0,39838.0,-2.6197776386464362e-05,0.0,0
0.027134281900365518,0.023872684506280835,1329.0,10250.0,0.006473683697622046,-3.137728268443608e-05,0.0,39838.0,-2.6197776386464362e-05,0.0,0
0.027069781673580835,0.023872684506280835,1330.0,10250.0,0.006409183470837358,-3.137728268443772e-05,0.0,39838.0,-2.6197776386464362e-05,0.0,0
0.02700592323477588,0.023872684506280835,1331.0,10250.0,0.006345325032032402,-3.137728268443344e-05,0.0,39838.0,-2.6197776386464362e-05,0.0,0
0.02694270019805355,0.023872684506280835,1332.0,10250.0,0.006282101995310077,-3.137728268443897e-05,0.0,39838.0,-2.6197776386464362e-05,0.0,0
0.026880106241057498,0.023872684506280835,1333.0,10250.0,0.006219508038314031,-3.1377282684450725e-05,0.0,39838.0,-2.6197776386464362e-05,0.0,0
0.026818135104339873,0.023872684506280835,1334.0,10250.0,0.006157536901596395,-3.137728268443256e-05,0.0,39838.0,-2.6197776386464362e-05,0.0,0
0.026756780590735336,0.023872684506280835,1335.0,10250.0,0.006096182387991853,-3.1377282684435404e-05,0.0,39838.0,-2.6197776386464362e-05,0.0,0
0.0266960365647414,0.023872684506280835,1336.0,10250.0,0.006035438361997924,-3.137728268443651e-05,0.0,39838.0,-2.6197776386464362e-05,0.0,0
0.026635896951904856,0.023872684506280835,1337.0,10250.0,0.005975298749161377,-3.1377282684436495e-05,0.0,39838.0,-2.6197776386464362e-05,0.0,0
0.026576355738214295,0.023872684506280835,1338.0,10250.0,0.005915757535470825,-3.137728268444236e-05,0.0,39838.0,-2.6197776386464362e-05,0.0,0
0.026517406969498742,0.023872684506280835,1339.0,10250.0,0.005856808766755266,-3.137728268444006e-05,0.0,39838.0,-2.6197776386464362e-05,0.0,0
0.026459044750832196,0.023872684506280835,1340.0,10250.0,0.005798446548088714,-3.137728268443413e-05,0.0,39838.0,-2.6197776386464362e-05,0.0,0
0.026401263245944138,0.023872684506280835,1341.0,10250.0,0.005740665043200662,-3.137728268443958e-05,0.0,39838.0,-2.6197776386464362e-05,0.0,0
0.026344056676635946,0.023872684506280835,1342.0,10250.0,0.005683458473892472,-3.137728268444408e-05,0.0,39838.0,-2.6197776386464362e-05,0.0,0
0.02628741932220301,0.023872684506280835,1343.0,10250.0,0.005626821119459541,-3.1377282684440154e-05,0.0,39838.0,-2.6197776386464362e-05,0.0,0
0.026231345518862696,0.023872684506280835,1344.0,10250.0,0.0055707473161192254,-3.137728268444483e-05,0.0,39838.0,-2.6197776386464362e-05,0.0,0
0.02617582965918794,0.023872684506280835,1345.0,10250.0,0.005515231456444462,-3.137728268443094e-05,0.0,39838.0,-2.6197776386464362e-05,0.0,0
0.026120866191546504,0.023872684506280835,1346.0,10250.0,0.0054602679888030295,-3.137728268443595e-05,0.0,39838.0,-2.6197776386464362e-05,0.0,0
0.026066449619545812,0.023872684506280835,1347.0,10250.0,0.005405851416802344,-3.1377282684444396e-05,0.0,39838.0,-2.6197776386464362e-05,0.0,0
0.026012574501483338,0.023872684506280835,1348.0,10250.0,0.0053519762987398675,-3.1377282684449235e-05,0.0,39838.0,-2.6197776386464362e-05,0.0,0
0.025959235449802377,0.023872684506280835,1349.0,10250.0,0.0052986372470589,-3.137728268443709e-05,0.0,39838.0,-2.6197776386464362e-05,0.0,0
0.025906427130553297,0.023872684506280835,1350.0,10250.0,0.0052458289278098195,-3.1377282684444315e-05,0.0,39838.0,-2.6197776386464362e-05,0.0,0
0.02585414426286017,0.023872684506280835,1351.0,10250.0,0.0051935460601166975,-3.137728268444014e-05,0.0,39838.0,-2.6197776386464362e-05,0.0,0
0.02580238161839266,0.023872684506280835,1352.0,10250.0,0.005141783415649191,-3.137728268444715e-05,0.0,39838.0,-2.6197776386464362e-05,0.0,0
0.0257511340208432,0.023872684506280835,1353.0,10250.0,0.0050905358180997175,-3.137728268443398e-05,0.0,39838.0,-2.6197776386464362e-05,0.0,0
0.025700396345409306,0.023872684506280835,1354.0,10250.0,0.005039798142665821,-3.137728268443412e-05,0.0,39838.0,-2.6197776386464362e-05,0.0,0
0.025650163518281144,0.023872684506280835,1355.0,10250.0,0.004989565315537672,-3.1377282684447995e-05,0.0,39838.0,-2.6197776386464362e-05,0.0,0
0.02560043051613417,0.023872684506280835,1356.0,10250.0,0.004939832313390696,-3.137728268443485e-05,0.0,39838.0,-2.6197776386464362e-05,0.0,0
0.02555119236562671,0.023872684506280835,1357.0,10250.0,0.004890594162883238,-3.137728268443607e-05,0.0,39838.0,-2.6197776386464362e-05,0.0,0
0.025502444142902685,0.023872684506280835,1358.0,10250.0,0.00484184594015921,-3.137728268444297e-05,0.0,39838.0,-2.6197776386464362e-05,0.0,0
0.025454180973099202,0.023872684506280835,1359.0,10250.0,0.004793582770355723,-3.137728268443926e-05,0.0,39838.0,-2.6197776386464362e-05,0.0,0
0.025406398029859053,0.023872684506280835,1360.0,10250.0,0.004745799827115573,-3.1377282684430485e-05,0.0,39838.0,-2.6197776386464362e-05,0.0,0
0.025359090534848083,0.023872684506280835,1361.0,10250.0,0.004698492332104616,-3.137728268444154e-05,0.0,39838.0,-2.6197776386464362e-05,0.0,0
0.02531225375727739,0.023872684506280835,1362.0,10250.0,0.004651655554533928,-3.13772826844449e-05,0.0,39838.0,-2.6197776386464362e-05,0.0,0
0.02526588301343019,0.023872684506280835,1363.0,10250.0,0.00460528481068672,-3.137728268443883e-05,0.0,39838.0,-2.6197776386464362e-05,0.0,0
0.025219973666193444,0.023872684506280835,1364.0,10250.0,0.004559375463449965,-3.1377282684432294e-05,0.0,39838.0,-2.6197776386464362e-05,0.0,0
0.025174521124594167,0.023872684506280835,1365.0,10250.0,0.00451392292185069,-3.137728268443206e-05,0.0,39838.0,-2.6197776386464362e-05,0.0,0
0.025129520843340317,0.023872684506280835,1366.0,10250.0,0.004468922640596844,-3.1377282684444844e-05,0.0,39838.0,-2.6197776386464362e-05,0.0,0
0.025084968322366282,0.023872684506280835,1367.0,10250.0,0.004424370119622814,-3.1377282684449594e-05,0.0,39838.0,-2.6197776386464362e-05,0.0,0
0.025040859106382842,0.023872684506280835,1368.0,10250.0,0.004380260903639367,-3.1377282684441164e-05,0.0,39838.0,-2.6197776386464362e-05,0.0,0
0.024997188784431627,0.023872684506280835,1369.0,10250.0,0.004336590581688151,-3.1377282684431935e-05,0.0,39838.0,-2.6197776386464362e-05,0.0,0
0.02495395298944405,0.023872684506280835,1370.0,10250.0,0.004293354786700573,-3.137728268443893e-05,0.0,39838.0,-2.6197776386464362e-05,0.0,0
0.02491114739780458,0.023872684506280835,1371.0,10250.0,0.004250549195061111,-3.137728268444954e-05,0.0,39838.0,-2.6197776386464362e-05,0.0,0
0.0248687677289184,0.023872684506280835,1372.0,10250.0,0.004208169526174923,-3.137728268443481e-05,0.0,39838.0,-2.6197776386464362e-05,0.0,0
0.024826809744783285,0.023872684506280835,1373.0,10250.0,0.004166211542039818,-3.137728268444151e-05,0.0,39838.0,-2.6197776386464362e-05,0.0,0
0.02478526924956586,0.023872684506280835,1374.0,10250.0,0.004124671046822397,-3.137728268444785e-05,0.0,39838.0,-2.6197776386464362e-05,0.0,0
0.02474414208918201,0.023872684506280835,1375.0,10250.0,0.0040835438864385365,-3.137728268443482e-05,0.0,39838.0,-2.6197776386464362e-05,0.0,0
0.024703424150881392,0.023872684506280835,1376.0,10250.0,0.004042825948137916,-3.137728268443708e-05,0.0,39838.0,-2.6197776386464362e-05,0.0,0
0.02466311136283625,0.023872684506280835,1377.0,10250.0,0.00400251316009278,-3.1377282684448875e-05,0.0,39838.0,-2.6197776386464362e-05,0.0,0
0.024623199693734207,0.023872684506280835,1378.0,10250.0,0.003962601490990728,-3.1377282684431406e-05,0.0,39838.0,-2.6197776386464362e-05,0.0,0
0.024583685152375065,0.023872684506280835,1379.0,10250.0,0.0039230869496315905,-3.1377282684438115e-05,0.0,39838.0,-2.6197776386464362e-05,0.0,0
0.02454456378727178,0.023872684506280835,1380.0,10250.0,0.003883965584528298,-3.1377282684432585e-05,0.0,39838.0,-2.6197776386464362e-05,0.0,0
0.024505831686255225,0.023872684506280835,1381.0,10250.0,0.0038452334835117476,-3.1377282684436705e-05,0.0,39838.0,-2.6197776386464362e-05,0.0,0
0.024467484976083025,0.023872684506280835,1382.0,10250.0,0.003806886773339553,-3.137728268444563e-05,0.0,39838.0,-2.6197776386464362e-05,0.0,0
0.024429519822052225,0.023872684506280835,1383.0,10250.0,0.003768921619308748,-3.137728268444046e-05,0.0,39838.0,-2.6197776386464362e-05,0.0,0
0.024391932427615757,0.023872684506280835,1384.0,10250.0,0.003731334224872285,-3.1377282684436285e-05,0.0,39838.0,-2.6197776386464362e-05,0.0,0
0.024354719034002877,0.023872684506280835,1385.0,10250.0,0.003694120831259399,-3.137728268443841e-05,0.0,39838.0,-2.6197776386464362e-05,0.0,0
0.024317875919843187,0.023872684506280835,1386.0,10250.0,0.003657277717099721,-3.1377282684447676e-05,0.0,39838.0,-2.6197776386464362e-05,0.0,0
0.024281399400794615,0.023872684506280835,1387.0,10250.0,0.00362080119805113,-3.137728268442924e-05,0.0,39838.0,-2.6197776386464362e-05,0.0,0
0.0242452858291748,0.023872684506280835,1388.0,10250.0,0.003584687626431327,-3.137728268444191e-05,0.0,39838.0,-2.6197776386464362e-05,0.0,0
0.024209531593596522,0.023872684506280835,1389.0,10250.0,0.0035489333908530446,-3.1377282684440324e-05,0.0,39838.0,-2.6197776386464362e-05,0.0,0
0.02417413311860642,0.023872684506280835,1390.0,10250.0,0.003513534915862944,-3.1377282684437735e-05,0.0,39838.0,-2.6197776386464362e-05,0.0,0
0.02413908686432749,0.023872684506280835,1391.0,10250.0,0.0034784886615840194,-3.1377282684444105e-05,0.0,39838.0,-2.6197776386464362e-05,0.0,0
0.024104389326105105,0.023872684506280835,1392.0,10250.0,0.003443791123361639,-3.137728268444727e-05,0.0,39838.0,-2.6197776386464362e-05,0.0,0
0.02407003703415654,0.023872684506280835,1393.0,10250.0,0.003409438831413066,-3.13772826844376e-05,0.0,39838.0,-2.6197776386464362e-05,0.0,0
0.024036026553223955,0.023872684506280835,1394.0,10250.0,0.0033754283504804777,-3.137728268444095e-05,0.0,39838.0,-2.6197776386464362e-05,0.0,0
0.02400235448223092,0.023872684506280835,1395.0,10250.0,0.0033417562794874392,-3.1377282684439504e-05,0.0,39838.0,-2.6197776386464362e-05,0.0,0
0.023969017453942275,0.023872684506280835,1396.0,10250.0,0.003308419251198794,-3.1377282684425674e-05,0.0,39838.0,-2.6197776386464362e-05,0.0,0
0.0239360121346274,0.023872684506280835,1397.0,10250.0,0.003275413931883925,-3.137728268443929e-05,0.0,39838.0,-2.6197776386464362e-05,0.0,0
0.02390333522372688,0.023872684506280835,1398.0,10250.0,0.0032427370209834037,-3.137728268443789e-05,0.0,39838.0,-2.6197776386464362e-05,0.0,0
0.023870983453522374,0.023872684506280835,1399.0,10250.0,0.0032103852507789038,-3.13772826844482e-05,0.0,39838.0,-2.6197776386464362e-05,0.0,0
0.023838953588809934,0.023872684506280835,1400.0,10250.0,0.0031783553860664517,-3.137728268443394e-05,0.0,39838.0,-2.6197776386464362e-05,0.0,0
0.023807242426576346,0.023872684506280835,1401.0,10250.0,0.0031466442238328785,-3.137728268444248e-05,0.0,39838.0,-2.6197776386464362e-05,0.0,0
0.023775846795679012,0.023872684506280835,1402.0,10250.0,0.003115248592935533,-3.1377282684433e-05,0.0,39838.0,-2.6197776386464362e-05,0.0,0
0.02374476355652864,0.023872684506280835,1403.0,10250.0,0.0030841653537851703,-3.137728268443967e-05,0.0,39838.0,-2.6197776386464362e-05,0.0,0
0.023713989600775438,0.023872684506280835,1404.0,10250.0,0.0030533913980319667,-3.137728268444906e-05,0.0,39838.0,-2.6197776386464362e-05,0.0,0
0.02368352185099818,0.023872684506280835,1405.0,10250.0,0.003022923648254701,-3.1377282684434246e-05,0.0,39838.0,-2.6197776386464362e-05,0.0,0
0.023653357260396482,0.023872684506280835,1406.0,10250.0,0.002992759057653012,-3.137728268444922e-05,0.0,39838.0,-2.6197776386464362e-05,0.0,0
0.023623492812486168,0.023872684506280835,1407.0,10250.0,0.002962894609742692,-3.137728268443777e-05,0.0,39838.0,-2.6197776386464362e-05,0.0,0
0.023593925520797553,0.023872684506280835,1408.0,10250.0,0.0029333273180540743,-3.1377282684437796e-05,0.0,39838.0,-2.6197776386464362e-05,0.0,0
0.023564652428576815,0.023872684506280835,1409.0,10250.0,0.0029040542258333434,-3.1377282684443997e-05,0.0,39838.0,-2.6197776386464362e-05,0.0,0
0.023535670608490357,0.023872684506280835,1410.0,10250.0,0.002875072405746887,-3.137728268443919e-05,0.0,39838.0,-2.6197776386464362e-05,0.0,0
0.02350697716233201,0.023872684506280835,1411.0,10250.0,0.0028463789595885385,-3.137728268444071e-05,0.0,39838.0,-2.6197776386464362e-05,0.0,0
0.02347856922073326,0.023872684506280835,1412.0,10250.0,0.0028179710179897766,-3.13772826844274e-05,0.0,39838.0,-2.6197776386464362e-05,0.0,0
0.023450443942876244,0.023872684506280835,1413.0,10250.0,0.002789845740132767,-3.1377282684442106e-05,0.0,39838.0,-2.6197776386464362e-05,0.0,0
0.023422598516209755,0.023872684506280835,1414.0,10250.0,0.0027620003134662865,-3.137728268444825e-05,0.0,39838.0,-2.6197776386464362e-05,0.0,0
0.02339503015616794,0.023872684506280835,1415.0,10250.0,0.00273443195342446,-3.1377282684432585e-05,0.0,39838.0,-2.6197776386464362e-05,0.0,0
0.023367736105891795,0.023872684506280835,1416.0,10250.0,0.0027071379031483145,-3.1377282684436326e-05,0.0,39838.0,-2.6197776386464362e-05,0.0,0
0.02334071363595355,0.023872684506280835,1417.0,10250.0,0.002680115433210073,-3.137728268444615e-05,0.0,39838.0,-2.6197776386464362e-05,0.0,0
0.023313960044083704,0.023872684506280835,1418.0,10250.0,0.0026533618413402274,-3.137728268444163e-05,0.0,39838.0,-2.6197776386464362e-05,0.0,0
0.023287472654900766,0.023872684506280835,1419.0,10250.0,0.0026268744521572933,-3.137728268444237e-05,0.0,39838.0,-2.6197776386464362e-05,0.0,0
0.023261248819643754,0.023872684506280835,1420.0,10250.0,0.0026006506169002795,-3.137728268444058e-05,0.0,39838.0,-2.6197776386464362e-05,0.0,0
0.023235285915907285,0.023872684506280835,1421.0,10250.0,0.002574687713163807,-3.137728268443828e-05,0.0,39838.0,-2.6197776386464362e-05,0.0,0
0.02320958134737934,0.023872684506280835,1422.0,10250.0,0.0025489831446358687,-3.137728268444603e-05,0.0,39838.0,-2.6197776386464362e-05,0.0,0
0.02318413254358166,0.023872684506280835,1423.0,10250.0,0.0025235343408381876,-3.137728268444627e-05,0.0,39838.0,-2.6197776386464362e-05,0.0,0
0.023158936959612658,0.023872684506280835,1424.0,10250.0,0.002498338756869176,-3.1377282684428784e-05,0.0,39838.0,-2.6197776386464362e-05,0.0,0
0.02313399207589292,0.023872684506280835,1425.0,10250.0,0.002473393873149447,-3.137728268444354e-05,0.0,39838.0,-2.6197776386464362e-05,0.0,0
0.023109295397913305,0.023872684506280835,1426.0,10250.0,0.0024486971951698366,-3.137728268444039e-05,0.0,39838.0,-2.6197776386464362e-05,0.0,0
0.02308484445598543,0.023872684506280835,1427.0,10250.0,0.002424246253241963,-3.1377282684444464e-05,0.0,39838.0,-2.6197776386464362e-05,0.0,0
0.02306063680499474,0.023872684506280835,1428.0,10250.0,0.002400038602251262,-3.1377282684435045e-05,0.0,39838.0,-2.6197776386464362e-05,0.0,0
0.023036670024155943,0.023872684506280835,1429.0,10250.0,0.0023760718214124624,-3.137728268443663e-05,0.0,39838.0,-2.6197776386464362e-05,0.0,0
0.023012941716770978,0.023872684506280835,1430.0,10250.0,0.0023523435140275066,-3.137728268444788e-05,0.0,39838.0,-2.6197776386464362e-05,0.0,0
0.02298944950998936,0.023872684506280835,1431.0,10250.0,0.002328851307245881,-3.137728268443213e-05,0.0,39838.0,-2.6197776386464362e-05,0.0,0
0.02296619105457081,0.023872684506280835,1432.0,10250.0,0.0023055928518273304,-3.137728268443583e-05,0.0,39838.0,-2.6197776386464362e-05,0.0,0
0.022943164024650402,0.023872684506280835,1433.0,10250.0,0.002282565821906934,-3.137728268444418e-05,0.0,39838.0,-2.6197776386464362e-05,0.0,0
0.022920366117505978,0.023872684506280835,1434.0,10250.0,0.002259767914762507,-3.137728268444378e-05,0.0,39838.0,-2.6197776386464362e-05,0.0,0
0.02289779505332781,0.023872684506280835,1435.0,10250.0,0.002237196850584338,-3.1377282684445616e-05,0.0,39838.0,-2.6197776386464362e-05,0.0,0
0.022875448574990673,0.023872684506280835,1436.0,10250.0,0.002214850372247201,-3.137728268444067e-05,0.0,39838.0,-2.6197776386464362e-05,0.0,0
0.022853324447828116,0.023872684506280835,1437.0,10250.0,0.002192726245084638,-3.137728268443948e-05,0.0,39838.0,-2.6197776386464362e-05,0.0,0
0.02283142045940897,0.023872684506280835,1438.0,10250.0,0.0021708222566654972,-3.137728268443611e-05,0.0,39838.0,-2.6197776386464362e-05,0.0,0
0.022809734419316156,0.023872684506280835,1439.0,10250.0,0.0021491362165726867,-3.1377282684439504e-05,0.0,39838.0,-2.6197776386464362e-05,0.0,0
0.022788264158927592,0.023872684506280835,1440.0,10250.0,0.002127665956184116,-3.1377282684440514e-05,0.0,39838.0,-2.6197776386464362e-05,0.0,0
0.02276700753119934,0.023872684506280835,1441.0,10250.0,0.0021064093284558646,-3.1377282684435004e-05,0.0,39838.0,-2.6197776386464362e-05,0.0,0
0.022745962410450918,0.023872684506280835,1442.0,10250.0,0.002085364207707438,-3.137728268443265e-05,0.0,39838.0,-2.6197776386464362e-05,0.0,0
0.022725126692152705,0.023872684506280835,1443.0,10250.0,0.0020645284894092284,-3.137728268443434e-05,0.0,39838.0,-2.6197776386464362e-05,0.0,0
0.022704498292715522,0.023872684506280835,1444.0,10250.0,0.0020439000899720437,-3.137728268443247e-05,0.0,39838.0,-2.6197776386464362e-05,0.0,0
0.022684075149282223,0.023872684506280835,1445.0,10250.0,0.0020234769465387464,-3.137728268443869e-05,0.0,39838.0,-2.6197776386464362e-05,0.0,0
0.02266385521952144,0.023872684506280835,1446.0,10250.0,0.002003257016777973,-3.1377282684449126e-05,0.0,39838.0,-2.6197776386464362e-05,0.0,0
0.022643836481423374,0.023872684506280835,1447.0,10250.0,0.001983238278679901,-3.137728268443954e-05,0.0,39838.0,-2.6197776386464362e-05,0.0,0
0.022624016933097513,0.023872684506280835,1448.0,10250.0,0.0019634187303540353,-3.137728268443849e-05,0.0,39838.0,-2.6197776386464362e-05,0.0,0
0.022604394592572505,0.023872684506280835,1449.0,10250.0,0.001943796389829031,-3.137728268444241e-05,0.0,39838.0,-2.6197776386464362e-05,0.0,0
0.02258496749759795,0.023872684506280835,1450.0,10250.0,0.0019243692948544809,-3.1377282684439104e-05,0.0,39838.0,-2.6197776386464362e-05,0.0,0
0.022565733705448177,0.023872684506280835,1451.0,10250.0,0.0019051355027046928,-3.137728268443445e-05,0.0,39838.0,-2.6197776386464362e-05,0.0,0
0.0225466912927279,0.023872684506280835,1452.0,10250.0,0.0018860930899844352,-3.1377282684447303e-05,0.0,39838.0,-2.6197776386464362e-05,0.0,0
0.022527838355180033,0.023872684506280835,1453.0,10250.0,0.0018672401524365578,-3.1377282684443705e-05,0.0,39838.0,-2.6197776386464362e-05,0.0,0
0.022509173007495067,0.023872684506280835,1454.0,10250.0,0.0018485748047516017,-3.1377282684447e-05,0.0,39838.0,-2.6197776386464362e-05,0.0,0
0.022490693383122713,0.023872684506280835,1455.0,10250.0,0.0018300951803792366,-3.1377282684439104e-05,0.0,39838.0,-2.6197776386464362e-05,0.0,0
0.0224723976340851,0.023872684506280835,1456.0,10250.0,0.0018117994313416315,-3.137728268444595e-05,0.0,39838.0,-2.6197776386464362e-05,0.0,0
0.02245428393079211,0.023872684506280835,1457.0,10250.0,0.001793685728048632,-3.1377282684435736e-05,0.0,39838.0,-2.6197776386464362e-05,0.0,0
0.02243635046185829,0.023872684506280835,1458.0,10250.0,0.001775752259114821,-3.13772826844511e-05,0.0,39838.0,-2.6197776386464362e-05,0.0,0
0.022418595433921825,0.023872684506280835,1459.0,10250.0,0.0017579972311783504,-3.137728268444458e-05,0.0,39838.0,-2.6197776386464362e-05,0.0,0
0.022401017071465114,0.023872684506280835,1460.0,10250.0,0.0017404188687216394,-3.137728268444466e-05,0.0,39838.0,-2.6197776386464362e-05,0.0,0
0.022383613616637262,0.023872684506280835,1461.0,10250.0,0.0017230154138937902,-3.137728268443995e-05,0.0,39838.0,-2.6197776386464362e-05,0.0,0
0.022366383329078292,0.023872684506280835,1462.0,10250.0,0.0017057851263348144,-3.137728268443456e-05,0.0,39838.0,-2.6197776386464362e-05,0.0,0
0.022349324485745076,0.023872684506280835,1463.0,10250.0,0.0016887262830016,-3.1377282684441205e-05,0.0,39838.0,-2.6197776386464362e-05,0.0,0
0.02233243538073907,0.023872684506280835,1464.0,10250.0,0.0016718371779956,-3.137728268444886e-05,0.0,39838.0,-2.6197776386464362e-05,0.0,0
0.022315714325135703,0.023872684506280835,1465.0,10250.0,0.0016551161223922355,-3.1377282684449235e-05,0.0,39838.0,-2.6197776386464362e-05,0.0,0
0.022299159646815482,0.023872684506280835,1466.0,10250.0,0.0016385614440720135,-3.137728268444724e-05,0.0,39838.0,-2.6197776386464362e-05,0.0,0
0.02228276969029679,0.023872684506280835,1467.0,10250.0,0.0016221714875533073,-3.137728268443622e-05,0.0,39838.0,-2.6197776386464362e-05,0.0,0
0.022266542816570284,0.023872684506280835,1468.0,10250.0,0.0016059446138268082,-3.137728268444107e-05,0.0,39838.0,-2.6197776386464362e-05,0.0,0
0.022250477402935093,0.023872684506280835,1469.0,10250.0,0.0015898792001916167,-3.137728268443938e-05,0.0,39838.0,-2.6197776386464362e-05,0.0,0
0.02223457184283645,0.023872684506280835,1470.0,10250.0,0.0015739736400929866,-3.1377282684453585e-05,0.0,39838.0,-2.6197776386464362e-05,0.0,0
0.022218824545705125,0.023872684506280835,1471.0,10250.0,0.001558226342961647,-3.137728268443564e-05,0.0,39838.0,-2.6197776386464362e-05,0.0,0
0.022203233936798246,0.023872684506280835,1472.0,10250.0,0.0015426357340547656,-3.137728268443517e-05,0.0,39838.0,-2.6197776386464362e-05,0.0,0
0.02218779845704194,0.023872684506280835,1473.0,10250.0,0.0015272002542984632,-3.1377282684437864e-05,0.0,39838.0,-2.6197776386464362e-05,0.0,0
0.022172516562875368,0.023872684506280835,1474.0,10250.0,0.0015119183601318938,-3.1377282684437254e-05,0.0,39838.0,-2.6197776386464362e-05,0.0,0
0.022157386726096386,0.023872684506280835,1475.0,10250.0,0.0014967885233529116,-3.1377282684440405e-05,0.0,39838.0,-2.6197776386464362e-05,0.0,0
0.022142407433708704,0.023872684506280835,1476.0,10250.0,0.001481809230965225,-3.1377282684431244e-05,0.0,39838.0,-2.6197776386464362e-05,0.0,0
0.0221275771877706,0.023872684506280835,1477.0,10250.0,0.001466978985027118,-3.137728268443029e-05,0.0,39838.0,-2.6197776386464362e-05,0.0,0
0.02211289450524511,0.023872684506280835,1478.0,10250.0,0.001452296302501638,-3.137728268444409e-05,0.0,39838.0,-2.6197776386464362e-05,0.0,0
0.022098357917851762,0.023872684506280835,1479.0,10250.0,0.001437759715108292,-3.1377282684438054e-05,0.0,39838.0,-2.6197776386464362e-05,0.0,0
0.0220839659719197,0.023872684506280835,1480.0,10250.0,0.0014233677691762295,-3.13772826844418e-05,0.0,39838.0,-2.6197776386464362e-05,0.0,0
0.022069717228242344,0.023872684506280835,1481.0,10250.0,0.0014091190254988655,-3.137728268443913e-05,0.0,39838.0,-2.6197776386464362e-05,0.0,0
0.02205561026193343,0.023872684506280835,1482.0,10250.0,0.0013950120591899539,-3.137728268444144e-05,0.0,39838.0,-2.6197776386464362e-05,0.0,0
0.022041643662284588,0.023872684506280835,1483.0,10250.0,0.0013810454595411144,-3.1377282684435126e-05,0.0,39838.0,-2.6197776386464362e-05,0.0,0
0.022027816032624215,0.023872684506280835,1484.0,10250.0,0.001367217829880739,-3.137728268443376e-05,0.0,39838.0,-2.6197776386464362e-05,0.0,0
0.022014125990177807,0.023872684506280835,1485.0,10250.0,0.0013535277874343347,-3.1377282684440615e-05,0.0,39838.0,-2.6197776386464362e-05,0.0,0
0.022000572165929735,0.023872684506280835,1486.0,10250.0,0.001339973963186259,-3.137728268443384e-05,0.0,39838.0,-2.6197776386464362e-05,0.0,0
0.021987153204486253,0.023872684506280835,1487.0,10250.0,0.0013265550017427814,-3.1377282684446694e-05,0.0,39838.0,-2.6197776386464362e-05,0.0,0
0.021973867763940058,0.023872684506280835,1488.0,10250.0,0.0013132695611965835,-3.137728268443557e-05,0.0,39838.0,-2.6197776386464362e-05,0.0,0
0.021960714515736012,0.023872684506280835,1489.0,10250.0,0.0013001163129925345,-3.1377282684441e-05,0.0,39838.0,-2.6197776386464362e-05,0.0,0
0.02194769214453833,0.023872684506280835,1490.0,10250.0,0.0012870939417948548,-3.137728268443663e-05,0.0,39838.0,-2.6197776386464362e-05,0.0,0
0.021934799348099044,0.023872684506280835,1491.0,10250.0,0.0012742011453555713,-3.137728268443756e-05,0.0,39838.0,-2.6197776386464362e-05,0.0,0
0.021922034837127773,0.023872684506280835,1492.0,10250.0,0.001261436634384299,-3.1377282684438637e-05,0.0,39838.0,-2.6197776386464362e-05,0.0,0
0.021909397335162777,0.023872684506280835,1493.0,10250.0,0.0012487991324192965,-3.137728268443612e-05,0.0,39838.0,-2.6197776386464362e-05,0.0,0
0.021896885578443326,0.023872684506280835,1494.0,10250.0,0.0012362873756998458,-3.1377282684431034e-05,0.0,39838.0,-2.6197776386464362e-05,0.0,0
0.02188449831578331,0.023872684506280835,1495.0,10250.0,0.0012239001130398424,-3.137728268443777e-05,0.0,39838.0,-2.6197776386464362e-05,0.0,0
0.021872234308446176,0.023872684506280835,1496.0,10250.0,0.0012116361057026971,-3.1377282684434354e-05,0.0,39838.0,-2.6197776386464362e-05,0.0,0
0.021860092330020932,0.023872684506280835,1497.0,10250.0,0.0011994941272774598,-3.1377282684437823e-05,0.0,39838.0,-2.6197776386464362e-05,0.0,0
0.02184807116629964,0.023872684506280835,1498.0,10250.0,0.0011874729635561652,-3.137728268444155e-05,0.0,39838.0,-2.6197776386464362e-05,0.0,0
0.021836169615155904,0.023872684506280835,1499.0,10250.0,0.0011755714124124298,-3.1377282684441245e-05,0.0,39838.0,-2.6197776386464362e-05,0.0,0
0.02182438648642469,0.023872684506280835,1500.0,10250.0,0.0011637882836812137,-3.137728268443506e-05,0.0,39838.0,-2.6197776386464362e-05,0.0,0
0.021812720601783304,0.023872684506280835,1501.0,10250.0,0.0011521223990398285,-3.137728268444379e-05,0.0,39838.0,-2.6197776386464362e-05,0.0,0
0.021801170794633562,0.023872684506280835,1502.0,10250.0,0.0011405725918900915,-3.1377282684439965e-05,0.0,39838.0,-2.6197776386464362e-05,0.0,0
0.02178973590998512,0.023872684506280835,1503.0,10250.0,0.0011291377072416566,-3.137728268445123e-05,0.0,39838.0,-2.6197776386464362e-05,0.0,0
0.021778414804340004,0.023872684506280835,1504.0,10250.0,0.0011178166015965313,-3.1377282684444464e-05,0.0,39838.0,-2.6197776386464362e-05,0.0,0
0.021767206345578195,0.023872684506280835,1505.0,10250.0,0.00110660814283472,-3.137728268443937e-05,0.0,39838.0,-2.6197776386464362e-05,0.0,0
0.021756109412844473,0.023872684506280835,1506.0,10250.0,0.0010955112101010034,-3.137728268444165e-05,0.0,39838.0,-2.6197776386464362e-05,0.0,0
0.021745122896436334,0.023872684506280835,1507.0,10250.0,0.0010845246936928635,-3.1377282684442906e-05,0.0,39838.0,-2.6197776386464362e-05,0.0,0
0.02173424569769298,0.023872684506280835,1508.0,10250.0,0.0010736474949495007,-3.137728268443514e-05,0.0,39838.0,-2.6197776386464362e-05,0.0,0
0.02172347672888545,0.023872684506280835,1509.0,10250.0,0.0010628785261419787,-3.1377282684439924e-05,0.0,39838.0,-2.6197776386464362e-05,0.0,0
0.021712814913107916,0.023872684506280835,1510.0,10250.0,0.0010522167103644419,-3.13772826844397e-05,0.0,39838.0,-2.6197776386464362e-05,0.0,0
0.021702259184169903,0.023872684506280835,1511.0,10250.0,0.0010416609814264258,-3.137728268443336e-05,0.0,39838.0,-2.6197776386464362e-05,0.0,0
0.021691808486489716,0.023872684506280835,1512.0,10250.0,0.0010312102837462427,-3.137728268443757e-05,0.0,39838.0,-2.6197776386464362e-05,0.0,0
0.02168146177498889,0.023872684506280835,1513.0,10250.0,0.0010208635722454128,-3.1377282684439036e-05,0.0,39838.0,-2.6197776386464362e-05,0.0,0
0.021671218014987642,0.023872684506280835,1514.0,10250.0,0.0010106198122441668,-3.1377282684435994e-05,0.0,39838.0,-2.6197776386464362e-05,0.0,0
0.021661076182101446,0.023872684506280835,1515.0,10250.0,0.0010004779793579674,-3.1377282684439396e-05,0.0,39838.0,-2.6197776386464362e-05,0.0,0
0.021651035262138543,0.023872684506280835,1516.0,10250.0,0.0009904370593950733,-3.1377282684442506e-05,0.0,39838.0,-2.6197776386464362e-05,0.0,0
0.021641094250998586,0.023872684506280835,1517.0,10250.0,0.0009804960482551206,-3.137728268444969e-05,0.0,39838.0,-2.6197776386464362e-05,0.0,0
0.02163125215457219,0.023872684506280835,1518.0,10250.0,0.0009706539518287129,-3.1377282684440005e-05,0.0,39838.0,-2.6197776386464362e-05,0.0,0
0.021621507988641476,0.023872684506280835,1519.0,10250.0,0.0009609097858980036,-3.137728268444379e-05,0.0,39838.0,-2.6197776386464362e-05,0.0,0
0.02161186077878175,0.023872684506280835,1520.0,10250.0,0.0009512625760382831,-3.137728268444386e-05,0.0,39838.0,-2.6197776386464362e-05,0.0,0
0.021602309560263995,0.023872684506280835,1521.0,10250.0,0.0009417113575205215,-3.137728268443598e-05,0.0,39838.0,-2.6197776386464362e-05,0.0,0
0.021592853377958375,0.023872684506280835,1522.0,10250.0,0.0009322551752149081,-3.1377282684452216e-05,0.0,39838.0,-2.6197776386464362e-05,0.0,0
0.02158349128623881,0.023872684506280835,1523.0,10250.0,0.0009228930834953368,-3.137728268443687e-05,0.0,39838.0,-2.6197776386464362e-05,0.0,0
0.0215742223488883,0.023872684506280835,1524.0,10250.0,0.0009136241461448297,-3.137728268443946e-05,0.0,39838.0,-2.6197776386464362e-05,0.0,0
0.021565045639005395,0.023872684506280835,1525.0,10250.0,0.0009044474362619273,-3.13772826844468e-05,0.0,39838.0,-2.6197776386464362e-05,0.0,0
0.021555960238911466,0.023872684506280835,1526.0,10250.0,0.0008953620361679971,-3.137728268444215e-05,0.0,39838.0,-2.6197776386464362e-05,0.0,0
0.021546965240058936,0.023872684506280835,1527.0,10250.0,0.0008863670373154552,-3.137728268443354e-05,0.0,39838.0,-2.6197776386464362e-05,0.0,0
0.021538059742940405,0.023872684506280835,1528.0,10250.0,0.0008774615401969233,-3.137728268443119e-05,0.0,39838.0,-2.6197776386464362e-05,0.0,0
0.021529242856998747,0.023872684506280835,1529.0,10250.0,0.0008686446542552686,-3.137728268443889e-05,0.0,39838.0,-2.6197776386464362e-05,0.0,0
0.02152051370053802,0.023872684506280835,1530.0,10250.0,0.0008599154977945466,-3.1377282684436414e-05,0.0,39838.0,-2.6197776386464362e-05,0.0,0
0.021511871400635315,0.023872684506280835,1531.0,10250.0,0.0008512731978918378,-3.137728268443623e-05,0.0,39838.0,-2.6197776386464362e-05,0.0,0
0.02150331509305342,0.023872684506280835,1532.0,10250.0,0.0008427168903099517,-3.137728268444296e-05,0.0,39838.0,-2.6197776386464362e-05,0.0,0
0.021494843922154467,0.023872684506280835,1533.0,10250.0,0.0008342457194109969,-3.137728268444421e-05,0.0,39838.0,-2.6197776386464362e-05,0.0,0
0.021486457040814307,0.023872684506280835,1534.0,10250.0,0.0008258588380708266,-3.137728268443702e-05,0.0,39838.0,-2.6197776386464362e-05,0.0,0
0.021478153610337794,0.023872684506280835,1535.0,10250.0,0.0008175554075943172,-3.137728268444299e-05,0.0,39838.0,-2.6197776386464362e-05,0.0,0
0.021469932800374975,0.023872684506280835,1536.0,10250.0,0.000809334597631502,-3.1377282684444715e-05,0.0,39838.0,-2.6197776386464362e-05,0.0,0
0.021461793788838005,0.023872684506280835,1537.0,10250.0,0.0008011955860945319,-3.137728268444232e-05,0.0,39838.0,-2.6197776386464362e-05,0.0,0
0.021453735761818946,0.023872684506280835,1538.0,10250.0,0.0007931375590754734,-3.137728268443869e-05,0.0,39838.0,-2.6197776386464362e-05,0.0,0
0.021445757913508383,0.023872684506280835,1539.0,10250.0,0.0007851597107649056,-3.1377282684435804e-05,0.0,39838.0,-2.6197776386464362e-05,0.0,0
0.021437859446114833,0.023872684506280835,1540.0,10250.0,0.0007772612433713547,-3.1377282684439036e-05,0.0,39838.0,-2.6197776386464362e-05,0.0,0
0.021430039569784974,0.023872684506280835,1541.0,10250.0,0.0007694413670414977,-3.137728268444274e-05,0.0,39838.0,-2.6197776386464362e-05,0.0,0
0.021422297502524657,0.023872684506280835,1542.0,10250.0,0.0007616992997811809,-3.137728268443206e-05,0.0,39838.0,-2.6197776386464362e-05,0.0,0
0.021414632470120702,0.023872684506280835,1543.0,10250.0,0.0007540342673772304,-3.1377282684443014e-05,0.0,39838.0,-2.6197776386464362e-05,0.0,0
0.021407043706063493,0.023872684506280835,1544.0,10250.0,0.0007464455033200172,-3.1377282684433094e-05,0.0,39838.0,-2.6197776386464362e-05,0.0,0
0.021399530451470285,0.023872684506280835,1545.0,10250.0,0.0007389322487268096,-3.137728268444183e-05,0.0,39838.0,-2.6197776386464362e-05,0.0,0
0.021392091955009365,0.023872684506280835,1546.0,10250.0,0.0007314937522658923,-3.137728268444458e-05,0.0,39838.0,-2.6197776386464362e-05,0.0,0
0.02138472747282489,0.023872684506280835,1547.0,10250.0,0.0007241292700814154,-3.137728268443666e-05,0.0,39838.0,-2.6197776386464362e-05,0.0,0
0.021377436268462505,0.023872684506280835,1548.0,10250.0,0.0007168380657190245,-3.137728268442961e-05,0.0,39838.0,-2.6197776386464362e-05,0.0,0
0.021370217612795686,0.023872684506280835,1549.0,10250.0,0.000709619410052211,-3.137728268443954e-05,0.0,39838.0,-2.6197776386464362e-05,0.0,0
0.021363070783952866,0.023872684506280835,1550.0,10250.0,0.0007024725812093875,-3.137728268443267e-05,0.0,39838.0,-2.6197776386464362e-05,0.0,0
0.021355995067245195,0.023872684506280835,1551.0,10250.0,0.0006953968645017189,-3.1377282684437945e-05,0.0,39838.0,-2.6197776386464362e-05,0.0,0
0.02134898975509511,0.023872684506280835,1552.0,10250.0,0.0006883915523516319,-3.1377282684436895e-05,0.0,39838.0,-2.6197776386464362e-05,0.0,0
0.02134205414696555,0.023872684506280835,1553.0,10250.0,0.0006814559442220788,-3.137728268444252e-05,0.0,39838.0,-2.6197776386464362e-05,0.0,0
0.021335187549289942,0.023872684506280835,1554.0,10250.0,0.0006745893465464647,-3.137728268443471e-05,0.0,39838.0,-2.6197776386464362e-05,0.0,0
0.02132838927540278,0.023872684506280835,1555.0,10250.0,0.0006677910726593027,-3.137728268443631e-05,0.0,39838.0,-2.6197776386464362e-05,0.0,0
0.021321658645471003,0.023872684506280835,1556.0,10250.0,0.0006610604427275347,-3.13772826844477e-05,0.0,39838.0,-2.6197776386464362e-05,0.0,0
0.021314994986426035,0.023872684506280835,1557.0,10250.0,0.0006543967836825627,-3.137728268444329e-05,0.0,39838.0,-2.6197776386464362e-05,0.0,0
0.021308397631896393,0.023872684506280835,1558.0,10250.0,0.0006477994291529257,-3.137728268445052e-05,0.0,39838.0,-2.6197776386464362e-05,0.0,0
0.021301865922141144,0.023872684506280835,1559.0,10250.0,0.0006412677193976726,-3.137728268444285e-05,0.0,39838.0,-2.6197776386464362e-05,0.0,0
0.02129539920398386,0.023872684506280835,1560.0,10250.0,0.0006348010012403886,-3.137728268444104e-05,0.0,39838.0,-2.6197776386464362e-05,0.0,0
0.021288996830747343,0.023872684506280835,1561.0,10250.0,0.0006283986280038658,-3.1377282684436644e-05,0.0,39838.0,-2.6197776386464362e-05,0.0,0
0.021282658162188932,0.023872684506280835,1562.0,10250.0,0.0006220599594454464,-3.137728268442493e-05,0.0,39838.0,-2.6197776386464362e-05,0.0,0
0.02127638256443647,0.023872684506280835,1563.0,10250.0,0.0006157843616929948,-3.1377282684442384e-05,0.0,39838.0,-2.6197776386464362e-05,0.0,0
0.021270169409924978,0.023872684506280835,1564.0,10250.0,0.0006095712071815002,-3.137728268444057e-05,0.0,39838.0,-2.6197776386464362e-05,0.0,0
0.021264018077333816,0.023872684506280835,1565.0,10250.0,0.0006034198745903384,-3.137728268443244e-05,0.0,39838.0,-2.6197776386464362e-05,0.0,0
0.021257927951524598,0.023872684506280835,1566.0,10250.0,0.0005973297487811213,-3.1377282684441937e-05,0.0,39838.0,-2.6197776386464362e-05,0.0,0
0.021251898423479666,0.023872684506280835,1567.0,10250.0,0.0005913002207361983,-3.1377282684443997e-05,0.0,39838.0,-2.6197776386464362e-05,0.0,0
0.02124592889024121,0.023872684506280835,1568.0,10250.0,0.0005853306874977329,-3.137728268443764e-05,0.0,39838.0,-2.6197776386464362e-05,0.0,0
0.021240018754850907,0.023872684506280835,1569.0,10250.0,0.0005794205521074306,-3.137728268443969e-05,0.0,39838.0,-2.6197776386464362e-05,0.0,0
0.0212341674262903,0.023872684506280835,1570.0,10250.0,0.0005735692235468272,-3.1377282684442574e-05,0.0,39838.0,-2.6197776386464362e-05,0.0,0
0.02122837431942166,0.023872684506280835,1571.0,10250.0,0.0005677761166781892,-3.137728268444421e-05,0.0,39838.0,-2.6197776386464362e-05,0.0,0
0.021222638854929476,0.023872684506280835,1572.0,10250.0,0.0005620406521860014,-3.137728268444263e-05,0.0,39838.0,-2.6197776386464362e-05,0.0,0
0.021216960459262513,0.023872684506280835,1573.0,10250.0,0.0005563622565190411,-3.1377282684440615e-05,0.0,39838.0,-2.6197776386464362e-05,0.0,0
0.021211338564576476,0.023872684506280835,1574.0,10250.0,0.0005507403618330013,-3.137728268443656e-05,0.0,39838.0,-2.6197776386464362e-05,0.0,0
0.021205772608677214,0.023872684506280835,1575.0,10250.0,0.0005451744059337349,-3.1377282684435364e-05,0.0,39838.0,-2.6197776386464362e-05,0.0,0
0.021200262034964484,0.023872684506280835,1576.0,10250.0,0.00053966383222101,-3.137728268444042e-05,0.0,39838.0,-2.6197776386464362e-05,0.0,0
0.02119480629237633,0.023872684506280835,1577.0,10250.0,0.0005342080896328644,-3.1377282684445616e-05,0.0,39838.0,-2.6197776386464362e-05,0.0,0
0.021189404835333967,0.023872684506280835,1578.0,10250.0,0.0005288066325904924,-3.1377282684442784e-05,0.0,39838.0,-2.6197776386464362e-05,0.0,0
0.021184057123687164,0.023872684506280835,1579.0,10250.0,0.0005234589209436891,-3.1377282684441164e-05,0.0,39838.0,-2.6197776386464362e-05,0.0,0
0.021178762622660306,0.023872684506280835,1580.0,10250.0,0.0005181644199168317,-3.1377282684443475e-05,0.0,39838.0,-2.6197776386464362e-05,0.0,0
0.02117352080279888,0.023872684506280835,1581.0,10250.0,0.0005129226000554062,-3.137728268444506e-05,0.0,39838.0,-2.6197776386464362e-05,0.0,0
0.021168331139916532,0.023872684506280835,1582.0,10250.0,0.0005077329371730608,-3.1377282684441415e-05,0.0,39838.0,-2.6197776386464362e-05,0.0,0
0.021163193115042656,0.023872684506280835,1583.0,10250.0,0.0005025949122991788,-3.1377282684439795e-05,0.0,39838.0,-2.6197776386464362e-05,0.0,0
0.021158106214370472,0.023872684506280835,1584.0,10250.0,0.0004975080116269939,-3.137728268444328e-05,0.0,39838.0,-2.6197776386464362e-05,0.0,0
0.02115306992920567,0.023872684506280835,1585.0,10250.0,0.0004924717264622008,-3.1377282684439714e-05,0.0,39838.0,-2.6197776386464362e-05,0.0,0
0.02114808375591555,0.023872684506280835,1586.0,10250.0,0.00048748555317207955,-3.137728268444564e-05,0.0,39838.0,-2.6197776386464362e-05,0.0,0
0.021143147195878627,0.023872684506280835,1587.0,10250.0,0.00048254899313515464,-3.1377282684447344e-05,0.0,39838.0,-2.6197776386464362e-05,0.0,0
0.021138259755434777,0.023872684506280835,1588.0,10250.0,0.0004776615526913012,-3.137728268443752e-05,0.0,39838.0,-2.6197776386464362e-05,0.0,0
0.021133420945835885,0.023872684506280835,1589.0,10250.0,0.00047282274309240696,-3.137728268443902e-05,0.0,39838.0,-2.6197776386464362e-05,0.0,0
0.021128630283196958,0.023872684506280835,1590.0,10250.0,0.0004680320804534764,-3.137728268443244e-05,0.0,39838.0,-2.6197776386464362e-05,0.0,0
0.02112388728844773,0.023872684506280835,1591.0,10250.0,0.00046328908570425655,-3.137728268443905e-05,0.0,39838.0,-2.6197776386464362e-05,0.0,0
0.021119191487284795,0.023872684506280835,1592.0,10250.0,0.00045859328454131903,-3.1377282684436577e-05,0.0,39838.0,-2.6197776386464362e-05,0.0,0
0.021114542410124105,0.023872684506280835,1593.0,10250.0,0.0004539442073806316,-3.137728268443735e-05,0.0,39838.0,-2.6197776386464362e-05,0.0,0
0.021109939592054077,0.023872684506280835,1594.0,10250.0,0.0004493413893106061,-3.137728268444064e-05,0.0,39838.0,-2.6197776386464362e-05,0.0,0
0.021105382572789072,0.023872684506280835,1595.0,10250.0,0.0004447843700455983,-3.1377282684441564e-05,0.0,39838.0,-2.6197776386464362e-05,0.0,0
0.021100870896623367,0.023872684506280835,1596.0,10250.0,0.00044027269387988786,-3.137728268443252e-05,0.0,39838.0,-2.6197776386464362e-05,0.0,0
0.021096404112385576,0.023872684506280835,1597.0,10250.0,0.0004358059096420955,-3.137728268443494e-05,0.0,39838.0,-2.6197776386464362e-05,0.0,0
0.021091981773393553,0.023872684506280835,1598.0,10250.0,0.0004313835706500759,-3.1377282684434686e-05,0.0,39838.0,-2.6197776386464362e-05,0.0,0
0.021087603437409716,0.023872684506280835,1599.0,10250.0,0.0004270052346662444,-3.137728268443828e-05,0.0,39838.0,-2.6197776386464362e-05,0.0,0
0.02108326866659683,0.023872684506280835,1600.0,10250.0,0.00042267046385335513,-3.137728268443919e-05,0.0,39838.0,-2.6197776386464362e-05,0.0,0
0.021078977027474185,0.023872684506280835,1601.0,10250.0,0.0004183788247307104,-3.1377282684444756e-05,0.0,39838.0,-2.6197776386464362e-05,0.0,0
0.021074728090874302,0.023872684506280835,1602.0,10250.0,0.0004141298881308273,-3.1377282684443515e-05,0.0,39838.0,-2.6197776386464362e-05,0.0,0
0.02107052143189998,0.023872684506280835,1603.0,10250.0,0.00040992322915650234,-3.1377282684443075e-05,0.0,39838.0,-2.6197776386464362e-05,0.0,0
0.021066356629881804,0.023872684506280835,1604.0,10250.0,0.00040575842713833174,-3.1377282684438955e-05,0.0,39838.0,-2.6197776386464362e-05,0.0,0
0.02106223326833612,0.023872684506280835,1605.0,10250.0,0.0004016350655926414,-3.137728268443279e-05,0.0,39838.0,-2.6197776386464362e-05,0.0,0
0.021058150934923324,0.023872684506280835,1606.0,10250.0,0.0003975527321798463,-3.137728268443252e-05,0.0,39838.0,-2.6197776386464362e-05,0.0,0
0.02105410922140668,0.023872684506280835,1607.0,10250.0,0.0003935110186631971,-3.13772826844328e-05,0.0,39838.0,-2.6197776386464362e-05,0.0,0
0.02105010772361146,0.023872684506280835,1608.0,10250.0,0.0003895095208679811,-3.137728268443311e-05,0.0,39838.0,-2.6197776386464362e-05,0.0,0
0.02104614604138455,0.023872684506280835,1609.0,10250.0,0.0003855478386410739,-3.1377282684440656e-05,0.0,39838.0,-2.6197776386464362e-05,0.0,0
0.021042223778554435,0.023872684506280835,1610.0,10250.0,0.0003816255758109618,-3.1377282684440886e-05,0.0,39838.0,-2.6197776386464362e-05,0.0,0
0.021038340542891557,0.023872684506280835,1611.0,10250.0,0.0003777423401480855,-3.137728268444263e-05,0.0,39838.0,-2.6197776386464362e-05,0.0,0
0.02103449594606913,0.023872684506280835,1612.0,10250.0,0.00037389774332564863,-3.137728268442994e-05,0.0,39838.0,-2.6197776386464362e-05,0.0,0
0.021030689603624236,0.023872684506280835,1613.0,10250.0,0.0003700914008807618,-3.13772826844399e-05,0.0,39838.0,-2.6197776386464362e-05,0.0,0
0.021026921134919486,0.023872684506280835,1614.0,10250.0,0.0003663229321760108,-3.137728268443917e-05,0.0,39838.0,-2.6197776386464362e-05,0.0,0
0.021023190163104857,0.023872684506280835,1615.0,10250.0,0.0003625919603613785,-3.137728268444368e-05,0.0,39838.0,-2.6197776386464362e-05,0.0,0
0.02101949631508006,0.023872684506280835,1616.0,10250.0,0.00035889811233658265,-3.137728268443995e-05,0.0,39838.0,-2.6197776386464362e-05,0.0,0
0.021015839221457205,0.023872684506280835,1617.0,10250.0,0.00035524101871373944,-3.13772826844501e-05,0.0,39838.0,-2.6197776386464362e-05,0.0,0
0.021012218516523917,0.023872684506280835,1618.0,10250.0,0.0003516203137804357,-3.1377282684437796e-05,0.0,39838.0,-2.6197776386464362e-05,0.0,0
0.021008633838206642,0.023872684506280835,1619.0,10250.0,0.00034803563546316664,-3.137728268443905e-05,0.0,39838.0,-2.6197776386464362e-05,0.0,0
0.02100508482803459,0.023872684506280835,1620.0,10250.0,0.0003444866252911077,-3.137728268443102e-05,0.0,39838.0,-2.6197776386464362e-05,0.0,0
0.021001571131103767,0.023872684506280835,1621.0,10250.0,0.0003409729283602866,-3.13772826844372e-05,0.0,39838.0,-2.6197776386464362e-05,0.0,0
0.020998092396041553,0.023872684506280835,1622.0,10250.0,0.0003374941932980831,-3.1377282684440615e-05,0.0,39838.0,-2.6197776386464362e-05,0.0,0
0.020994648274971564,0.023872684506280835,1623.0,10250.0,0.00033405007222809196,-3.137728268443659e-05,0.0,39838.0,-2.6197776386464362e-05,0.0,0
0.020991238423478813,0.023872684506280835,1624.0,10250.0,0.00033064022073533257,-3.137728268443506e-05,0.0,39838.0,-2.6197776386464362e-05,0.0,0
0.020987862500575293,0.023872684506280835,1625.0,10250.0,0.0003272642978318194,-3.1377282684440256e-05,0.0,39838.0,-2.6197776386464362e-05,0.0,0
0.020984520168665914,0.023872684506280835,1626.0,10250.0,0.0003239219659224442,-3.137728268444386e-05,0.0,39838.0,-2.6197776386464362e-05,0.0,0
0.02098121109351471,0.023872684506280835,1627.0,10250.0,0.0003206128907712312,-3.137728268443811e-05,0.0,39838.0,-2.6197776386464362e-05,0.0,0
0.020977934944211386,0.023872684506280835,1628.0,10250.0,0.00031733674146791385,-3.1377282684443055e-05,0.0,39838.0,-2.6197776386464362e-05,0.0,0
0.020974691393138303,0.023872684506280835,1629.0,10250.0,0.00031409319039482376,-3.137728268443213e-05,0.0,39838.0,-2.6197776386464362e-05,0.0,0
0.02097148011593763,0.023872684506280835,1630.0,10250.0,0.000310881913194156,-3.1377282684438115e-05,0.0,39838.0,-2.6197776386464362e-05,0.0,0
0.020968300791478985,0.023872684506280835,1631.0,10250.0,0.0003077025887355133,-3.137728268444381e-05,0.0,39838.0,-2.6197776386464362e-05,0.0,0
0.02096515310182727,0.023872684506280835,1632.0,10250.0,0.00030455489908379625,-3.1377282684436536e-05,0.0,39838.0,-2.6197776386464362e-05,0.0,0
0.020962036732210896,0.023872684506280835,1633.0,10250.0,0.0003014385294674222,-3.137728268444024e-05,0.0,39838.0,-2.6197776386464362e-05,0.0,0
0.020958951370990304,0.023872684506280835,1634.0,10250.0,0.0002983531682468283,-3.1377282684440114e-05,0.0,39838.0,-2.6197776386464362e-05,0.0,0
0.0209558967096268,0.023872684506280835,1635.0,10250.0,0.00029529850688332556,-3.1377282684437505e-05,0.0,39838.0,-2.6197776386464362e-05,0.0,0
0.020952872442651697,0.023872684506280835,1636.0,10250.0,0.0002922742399082248,-3.1377282684438515e-05,0.0,39838.0,-2.6197776386464362e-05,0.0,0
0.020949878267635794,0.023872684506280835,1637.0,10250.0,0.00028928006489231884,-3.1377282684438996e-05,0.0,39838.0,-2.6197776386464362e-05,0.0,0
0.020946913885159072,0.023872684506280835,1638.0,10250.0,0.00028631568241560383,-3.1377282684442574e-05,0.0,39838.0,-2.6197776386464362e-05,0.0,0
0.020943978998780838,0.023872684506280835,1639.0,10250.0,0.0002833807960373606,-3.13772826844368e-05,0.0,39838.0,-2.6197776386464362e-05,0.0,0
0.02094107331500998,0.023872684506280835,1640.0,10250.0,0.0002804751122665116,-3.1377282684443556e-05,0.0,39838.0,-2.6197776386464362e-05,0.0,0
0.020938196543275733,0.023872684506280835,1641.0,10250.0,0.00027759834053225034,-3.1377282684435296e-05,0.0,39838.0,-2.6197776386464362e-05,0.0,0
0.02093534839589849,0.023872684506280835,1642.0,10250.0,0.0002747501931550175,-3.137728268443608e-05,0.0,39838.0,-2.6197776386464362e-05,0.0,0
0.02093252858806116,0.023872684506280835,1643.0,10250.0,0.0002719303853176887,-3.1377282684442757e-05,0.0,39838.0,-2.6197776386464362e-05,0.0,0
0.02092973683778061,0.023872684506280835,1644.0,10250.0,0.00026913863503713885,-3.1377282684442424e-05,0.0,39838.0,-2.6197776386464362e-05,0.0,0
0.020926972865879488,0.023872684506280835,1645.0,10250.0,0.00026637466313601246,-3.1377282684430275e-05,0.0,39838.0,-2.6197776386464362e-05,0.0,0
0.02092423639595829,0.023872684506280835,1646.0,10250.0,0.0002636381932148128,-3.137728268443985e-05,0.0,39838.0,-2.6197776386464362e-05,0.0,0
0.020921527154367743,0.023872684506280835,1647.0,10250.0,0.00026092895162427244,-3.13772826844422e-05,0.0,39838.0,-2.6197776386464362e-05,0.0,0
0.020918844870181447,0.023872684506280835,1648.0,10250.0,0.00025824666743796997,-3.137728268443417e-05,0.0,39838.0,-2.6197776386464362e-05,0.0,0
0.020916189275168723,0.023872684506280835,1649.0,10250.0,0.0002555910724252496,-3.137728268444224e-05,0.0,39838.0,-2.6197776386464362e-05,0.0,0
0.020913560103767877,0.023872684506280835,1650.0,10250.0,0.0002529619010244046,-3.1377282684443e-05,0.0,39838.0,-2.6197776386464362e-05,0.0,0
0.020910957093059575,0.023872684506280835,1651.0,10250.0,0.00025035889031610047,-3.137728268444574e-05,0.0,39838.0,-2.6197776386464362e-05,0.0,0
0.02090837998274057,0.023872684506280835,1652.0,10250.0,0.0002477817799970958,-3.1377282684436536e-05,0.0,39838.0,-2.6197776386464362e-05,0.0,0
0.020905828515097688,0.023872684506280835,1653.0,10250.0,0.0002452303123542128,-3.1377282684434605e-05,0.0,39838.0,-2.6197776386464362e-05,0.0,0
0.02090330243498204,0.023872684506280835,1654.0,10250.0,0.00024270423223855843,-3.137728268443457e-05,0.0,39838.0,-2.6197776386464362e-05,0.0,0
0.0209008014897835,0.023872684506280835,1655.0,10250.0,0.00024020328704001917,-3.1377282684430566e-05,0.0,39838.0,-2.6197776386464362e-05,0.0,0
0.02089832542940546,0.023872684506280835,1656.0,10250.0,0.00023772722666198678,-3.137728268444441e-05,0.0,39838.0,-2.6197776386464362e-05,0.0,0
0.020895874006239837,0.023872684506280835,1657.0,10250.0,0.00023527580349636855,-3.137728268444838e-05,0.0,39838.0,-2.6197776386464362e-05,0.0,0
0.02089344697514227,0.023872684506280835,1658.0,10250.0,0.0002328487723987924,-3.1377282684442214e-05,0.0,39838.0,-2.6197776386464362e-05,0.0,0
0.020891044093407612,0.023872684506280835,1659.0,10250.0,0.00023044589066413752,-3.1377282684439714e-05,0.0,39838.0,-2.6197776386464362e-05,0.0,0
0.020888665120745702,0.023872684506280835,1660.0,10250.0,0.00022806691800222268,-3.137728268443608e-05,0.0,39838.0,-2.6197776386464362e-05,0.0,0
0.02088630981925727,0.023872684506280835,1661.0,10250.0,0.00022571161651379932,-3.137728268444664e-05,0.0,39838.0,-2.6197776386464362e-05,0.0,0
0.02088397795341023,0.023872684506280835,1662.0,10250.0,0.0002233797506667557,-3.137728268443877e-05,0.0,39838.0,-2.6197776386464362e-05,0.0,0
0.02088166929001604,0.023872684506280835,1663.0,10250.0,0.00022107108727256896,-3.1377282684442e-05,0.0,39838.0,-2.6197776386464362e-05,0.0,0
0.020879383598206444,0.023872684506280835,1664.0,10250.0,0.0002187853954629675,-3.137728268444132e-05,0.0,39838.0,-2.6197776386464362e-05,0.0,0
0.020877120649410347,0.023872684506280835,1665.0,10250.0,0.00021652244666687072,-3.1377282684441374e-05,0.0,39838.0,-2.6197776386464362e-05,0.0,0
0.02087488021733099,0.023872684506280835,1666.0,10250.0,0.00021428201458751484,-3.1377282684438155e-05,0.0,39838.0,-2.6197776386464362e-05,0.0,0
0.020872662077923293,0.023872684506280835,1667.0,10250.0,0.0002120638751798182,-3.13772826844364e-05,0.0,39838.0,-2.6197776386464362e-05,0.0,0
0.020870466009371466,0.023872684506280835,1668.0,10250.0,0.00020986780662799736,-3.1377282684450136e-05,0.0,39838.0,-2.6197776386464362e-05,0.0,0
0.02086829179206684,0.023872684506280835,1669.0,10250.0,0.00020769358932336493,-3.137728268443692e-05,0.0,39838.0,-2.6197776386464362e-05,0.0,0
0.020866139208585852,0.023872684506280835,1670.0,10250.0,0.0002055410058423795,-3.137728268443854e-05,0.0,39838.0,-2.6197776386464362e-05,0.0,0
0.02086400804366837,0.023872684506280835,1671.0,10250.0,0.00020340984092490031,-3.137728268443883e-05,0.0,39838.0,-2.6197776386464362e-05,0.0,0
0.020861898084196123,0.023872684506280835,1672.0,10250.0,0.00020129988145265568,-3.137728268444973e-05,0.0,39838.0,-2.6197776386464362e-05,0.0,0
0.020859809119171412,0.023872684506280835,1673.0,10250.0,0.0001992109164279419,-3.137728268444245e-05,0.0,39838.0,-2.6197776386464362e-05,0.0,0
0.020857740939695994,0.023872684506280835,1674.0,10250.0,0.00019714273695251752,-3.1377282684438115e-05,0.0,39838.0,-2.6197776386464362e-05,0.0,0
0.02085569333895019,0.023872684506280835,1675.0,10250.0,0.00019509513620671106,-3.137728268443901e-05,0.0,39838.0,-2.6197776386464362e-05,0.0,0
0.020853666112172223,0.023872684506280835,1676.0,10250.0,0.000193067909428739,-3.137728268443065e-05,0.0,39838.0,-2.6197776386464362e-05,0.0,0
0.020851659056637713,0.023872684506280835,1677.0,10250.0,0.0001910608538942373,-3.137728268444429e-05,0.0,39838.0,-2.6197776386464362e-05,0.0,0
0.02084967197163945,0.023872684506280835,1678.0,10250.0,0.00018907376889597938,-3.137728268443977e-05,0.0,39838.0,-2.6197776386464362e-05,0.0,0
0.020847704658467282,0.023872684506280835,1679.0,10250.0,0.00018710645572380514,-3.137728268443311e-05,0.0,39838.0,-2.6197776386464362e-05,0.0,0
0.02084575692038824,0.023872684506280835,1680.0,10250.0,0.00018515871764476435,-3.137728268443817e-05,0.0,39838.0,-2.6197776386464362e-05,0.0,0
0.020843828562626895,0.023872684506280835,1681.0,10250.0,0.00018323035988342324,-3.137728268444749e-05,0.0,39838.0,-2.6197776386464362e-05,0.0,0
0.020841919392345868,0.023872684506280835,1682.0,10250.0,0.00018132118960239462,-3.1377282684445725e-05,0.0,39838.0,-2.6197776386464362e-05,0.0,0
0.020840029218626547,0.023872684506280835,1683.0,10250.0,0.0001794310158830682,-3.137728268443176e-05,0.0,39838.0,-2.6197776386464362e-05,0.0,0
0.020838157852449964,0.023872684506280835,1684.0,10250.0,0.00017755964970648917,-3.137728268444057e-05,0.0,39838.0,-2.6197776386464362e-05,0.0,0
0.020836305106677958,0.023872684506280835,1685.0,10250.0,0.0001757069039344852,-3.137728268443662e-05,0.0,39838.0,-2.6197776386464362e-05,0.0,0
0.02083447079603441,0.023872684506280835,1686.0,10250.0,0.00017387259329093138,-3.137728268443616e-05,0.0,39838.0,-2.6197776386464362e-05,0.0,0
0.020832654737086714,0.023872684506280835,1687.0,10250.0,0.00017205653434323673,-3.137728268443627e-05,0.0,39838.0,-2.6197776386464362e-05,0.0,0
0.020830856748227468,0.023872684506280835,1688.0,10250.0,0.00017025854548399408,-3.137728268443916e-05,0.0,39838.0,-2.6197776386464362e-05,0.0,0
0.020829076649656292,0.023872684506280835,1689.0,10250.0,0.0001684784469128178,-3.1377282684446e-05,0.0,39838.0,-2.6197776386464362e-05,0.0,0
0.02082731426336184,0.023872684506280835,1690.0,10250.0,0.00016671606061836845,-3.137728268444017e-05,0.0,39838.0,-2.6197776386464362e-05,0.0,0
0.020825569413104015,0.023872684506280835,1691.0,10250.0,0.0001649712103605456,-3.137728268443869e-05,0.0,39838.0,-2.6197776386464362e-05,0.0,0
0.020823841924396347,0.023872684506280835,1692.0,10250.0,0.000163243721652872,-3.137728268443938e-05,0.0,39838.0,-2.6197776386464362e-05,0.0,0
0.020822131624488514,0.023872684506280835,1693.0,10250.0,0.000161533421745035,-3.137728268443463e-05,0.0,39838.0,-2.6197776386464362e-05,0.0,0
0.02082043834234909,0.023872684506280835,1694.0,10250.0,0.00015984013960561972,-3.13772826844469e-05,0.0,39838.0,-2.6197776386464362e-05,0.0,0
0.020818761908648478,0.023872684506280835,1695.0,10250.0,0.00015816370590500127,-3.1377282684443556e-05,0.0,39838.0,-2.6197776386464362e-05,0.0,0
0.020817102155741896,0.023872684506280835,1696.0,10250.0,0.00015650395299841277,-3.137728268443036e-05,0.0,39838.0,-2.6197776386464362e-05,0.0,0
0.020815458917652657,0.023872684506280835,1697.0,10250.0,0.0001548607149091816,-3.137728268443833e-05,0.0,39838.0,-2.6197776386464362e-05,0.0,0
0.0208138320300556,0.023872684506280835,1698.0,10250.0,0.00015323382731212507,-3.1377282684437905e-05,0.0,39838.0,-2.6197776386464362e-05,0.0,0
0.020812221330260616,0.023872684506280835,1699.0,10250.0,0.000151623127517134,-3.137728268443091e-05,0.0,39838.0,-2.6197776386464362e-05,0.0,0
0.020810626657196355,0.023872684506280835,1700.0,10250.0,0.00015002845445288154,-3.137728268443912e-05,0.0,39838.0,-2.6197776386464362e-05,0.0,0
0.020809047851394213,0.023872684506280835,1701.0,10250.0,0.0001484496486507342,-3.137728268443477e-05,0.0,39838.0,-2.6197776386464362e-05,0.0,0
0.020807484754972273,0.023872684506280835,1702.0,10250.0,0.00014688655222879597,-3.137728268443231e-05,0.0,39838.0,-2.6197776386464362e-05,0.0,0
0.020805937211619597,0.023872684506280835,1703.0,10250.0,0.00014533900887612312,-3.1377282684441455e-05,0.0,39838.0,-2.6197776386464362e-05,0.0,0
0.020804405066580565,0.023872684506280835,1704.0,10250.0,0.00014380686383708857,-3.137728268443276e-05,0.0,39838.0,-2.6197776386464362e-05,0.0,0
0.020802888166639392,0.023872684506280835,1705.0,10250.0,0.00014228996389591247,-3.137728268443551e-05,0.0,39838.0,-2.6197776386464362e-05,0.0,0
0.020801386360104816,0.023872684506280835,1706.0,10250.0,0.00014078815736133732,-3.137728268443832e-05,0.0,39838.0,-2.6197776386464362e-05,0.0,0
0.020799899496794932,0.023872684506280835,1707.0,10250.0,0.0001393012940514589,-3.1377282684438454e-05,0.0,39838.0,-2.6197776386464362e-05,0.0,0
0.020798427428022175,0.023872684506280835,1708.0,10250.0,0.00013782922527870269,-3.1377282684446985e-05,0.0,39838.0,-2.6197776386464362e-05,0.0,0
0.02079697000657845,0.023872684506280835,1709.0,10250.0,0.0001363718038349717,-3.137728268443736e-05,0.0,39838.0,-2.6197776386464362e-05,0.0,0
0.02079552708672038,0.023872684506280835,1710.0,10250.0,0.0001349288839769011,-3.1377282684435486e-05,0.0,39838.0,-2.6197776386464362e-05,0.0,0
0.020794098524154786,0.023872684506280835,1711.0,10250.0,0.0001335003214113064,-3.137728268443453e-05,0.0,39838.0,-2.6197776386464362e-05,0.0,0
0.020792684176024215,0.023872684506280835,1712.0,10250.0,0.00013208597328073914,-3.137728268443728e-05,0.0,39838.0,-2.6197776386464362e-05,0.0,0
0.02079128390089269,0.023872684506280835,1713.0,10250.0,0.00013068569814920694,-3.137728268443247e-05,0.0,39838.0,-2.6197776386464362e-05,0.0,0
0.020789897558731507,0.023872684506280835,1714.0,10250.0,0.00012929935598803173,-3.1377282684439246e-05,0.0,39838.0,-2.6197776386464362e-05,0.0,0
0.020788525010905314,0.023872684506280835,1715.0,10250.0,0.00012792680816183955,-3.137728268444115e-05,0.0,39838.0,-2.6197776386464362e-05,0.0,0
0.02078716612015818,0.023872684506280835,1716.0,10250.0,0.0001265679174147041,-3.137728268443858e-05,0.0,39838.0,-2.6197776386464362e-05,0.0,0
0.020785820750599898,0.023872684506280835,1717.0,10250.0,0.00012522254785642047,-3.137728268443398e-05,0.0,39838.0,-2.6197776386464362e-05,0.0,0
0.020784488767692386,0.023872684506280835,1718.0,10250.0,0.0001238905649489109,-3.137728268444043e-05,0.0,39838.0,-2.6197776386464362e-05,0.0,0
0.020783170038236244,0.023872684506280835,1719.0,10250.0,0.0001225718354927726,-3.137728268444624e-05,0.0,39838.0,-2.6197776386464362e-05,0.0,0
0.020781864430357438,0.023872684506280835,1720.0,10250.0,0.0001212662276139634,-3.1377282684437823e-05,0.0,39838.0,-2.6197776386464362e-05,0.0,0
0.02078057181349409,0.023872684506280835,1721.0,10250.0,0.00011997361075060565,-3.137728268443572e-05,0.0,39838.0,-2.6197776386464362e-05,0.0,0
0.02077929205838341,0.023872684506280835,1722.0,10250.0,0.00011869385563994062,-3.137728268444486e-05,0.0,39838.0,-2.6197776386464362e-05,0.0,0
0.020778025037048863,0.023872684506280835,1723.0,10250.0,0.00011742683430538419,-3.13772826844351e-05,0.0,39838.0,-2.6197776386464362e-05,0.0,0
0.020776770622787228,0.023872684506280835,1724.0,10250.0,0.00011617242004375141,-3.137728268443948e-05,0.0,39838.0,-2.6197776386464362e-05,0.0,0
0.02077552869015604,0.023872684506280835,1725.0,10250.0,0.00011493048741256933,-3.137728268444212e-05,0.0,39838.0,-2.6197776386464362e-05,0.0,0
0.020774299114961012,0.023872684506280835,1726.0,10250.0,0.00011370091221753884,-3.137728268444324e-05,0.0,39838.0,-2.6197776386464362e-05,0.0,0
0.02077308177424359,0.023872684506280835,1727.0,10250.0,0.00011248357150011744,-3.137728268444187e-05,0.0,39838.0,-2.6197776386464362e-05,0.0,0
0.020771876546268695,0.023872684506280835,1728.0,10250.0,0.00011127834352521765,-3.137728268443918e-05,0.0,39838.0,-2.6197776386464362e-05,0.0,0
0.02077068331051251,0.023872684506280835,1729.0,10250.0,0.00011008510776903851,-3.137728268444067e-05,0.0,39838.0,-2.6197776386464362e-05,0.0,0
0.020769501947650485,0.023872684506280835,1730.0,10250.0,0.00010890374490701081,-3.137728268444075e-05,0.0,39838.0,-2.6197776386464362e-05,0.0,0
0.02076833233954534,0.023872684506280835,1731.0,10250.0,0.00010773413680186078,-3.137728268444064e-05,0.0,39838.0,-2.6197776386464362e-05,0.0,0
0.020767174369235277,0.023872684506280835,1732.0,10250.0,0.00010657616649180758,-3.137728268444382e-05,0.0,39838.0,-2.6197776386464362e-05,0.0,0
0.02076602792092233,0.023872684506280835,1733.0,10250.0,0.0001054297181788514,-3.137728268443358e-05,0.0,39838.0,-2.6197776386464362e-05,0.0,0
0.02076489287996068,0.023872684506280835,1734.0,10250.0,0.0001042946772172077,-3.1377282684442384e-05,0.0,39838.0,-2.6197776386464362e-05,0.0,0
0.020763769132845306,0.023872684506280835,1735.0,10250.0,0.00010317093010183343,-3.1377282684447995e-05,0.0,39838.0,-2.6197776386464362e-05,0.0,0
0.020762656567200558,0.023872684506280835,1736.0,10250.0,0.00010205836445708215,-3.137728268443868e-05,0.0,39838.0,-2.6197776386464362e-05,0.0,0
0.020761555071768936,0.023872684506280835,1737.0,10250.0,0.00010095686902545837,-3.137728268443967e-05,0.0,39838.0,-2.6197776386464362e-05,0.0,0
0.020760464536399986,0.023872684506280835,1738.0,10250.0,9.986633365650781e-05,-3.137728268443785e-05,0.0,39838.0,-2.6197776386464362e-05,0.0,0
0.020759384852039254,0.023872684506280835,1739.0,10250.0,9.87866492957788e-05,-3.137728268444099e-05,0.0,39838.0,-2.6197776386464362e-05,0.0,0
0.020758315910717414,0.023872684506280835,1740.0,10250.0,9.771770797393599e-05,-3.13772826844367e-05,0.0,39838.0,-2.6197776386464362e-05,0.0,0
0.020757257605539432,0.023872684506280835,1741.0,10250.0,9.665940279596036e-05,-3.137728268443889e-05,0.0,39838.0,-2.6197776386464362e-05,0.0,0
0.02075620983067392,0.023872684506280835,1742.0,10250.0,9.561162793044742e-05,-3.137728268444372e-05,0.0,39838.0,-2.6197776386464362e-05,0.0,0
0.02075517248134251,0.023872684506280835,1743.0,10250.0,9.457427859904084e-05,-3.137728268444481e-05,0.0,39838.0,-2.6197776386464362e-05,0.0,0
0.020754145453809415,0.023872684506280835,1744.0,10250.0,9.354725106594347e-05,-3.1377282684442655e-05,0.0,39838.0,-2.6197776386464362e-05,0.0,0
0.020753128645371013,0.023872684506280835,1745.0,10250.0,9.253044262754223e-05,-3.1377282684448266e-05,0.0,39838.0,-2.6197776386464362e-05,0.0,0
0.020752121954345625,0.023872684506280835,1746.0,10250.0,9.152375160214905e-05,-3.1377282684441496e-05,0.0,39838.0,-2.6197776386464362e-05,0.0,0
0.020751125280063298,0.023872684506280835,1747.0,10250.0,9.052707731982175e-05,-3.137728268443929e-05,0.0,39838.0,-2.6197776386464362e-05,0.0,0
0.02075013852285578,0.023872684506280835,1748.0,10250.0,8.954032011230113e-05,-3.13772826844341e-05,0.0,39838.0,-2.6197776386464362e-05,0.0,0
0.02074916158404652,0.023872684506280835,1749.0,10250.0,8.856338130304835e-05,-3.1377282684443915e-05,0.0,39838.0,-2.6197776386464362e-05,0.0,0
0.02074819436594083,0.023872684506280835,1750.0,10250.0,8.759616319735842e-05,-3.1377282684447175e-05,0.0,39838.0,-2.6197776386464362e-05,0.0,0
0.020747236771816106,0.023872684506280835,1751.0,10250.0,8.663856907262375e-05,-3.13772826844321e-05,0.0,39838.0,-2.6197776386464362e-05,0.0,0
0.020746288705912098,0.023872684506280835,1752.0,10250.0,8.569050316863232e-05,-3.137728268444309e-05,0.0,39838.0,-2.6197776386464362e-05,0.0,0
0.020745350073421473,0.023872684506280835,1753.0,10250.0,8.475187067799955e-05,-3.137728268444103e-05,0.0,39838.0,-2.6197776386464362e-05,0.0,0
0.020744420780480173,0.023872684506280835,1754.0,10250.0,8.382257773670029e-05,-3.13772826844384e-05,0.0,39838.0,-2.6197776386464362e-05,0.0,0
0.02074350073415813,0.023872684506280835,1755.0,10250.0,8.2902531414661e-05,-3.137728268444046e-05,0.0,39838.0,-2.6197776386464362e-05,0.0,0
0.02074258984244996,0.023872684506280835,1756.0,10250.0,8.199163970648388e-05,-3.1377282684437823e-05,0.0,39838.0,-2.6197776386464362e-05,0.0,0
0.02074168801426571,0.023872684506280835,1757.0,10250.0,8.108981152223924e-05,-3.137728268444373e-05,0.0,39838.0,-2.6197776386464362e-05,0.0,0
0.020740795159421833,0.023872684506280835,1758.0,10250.0,8.019695667835983e-05,-3.1377282684442757e-05,0.0,39838.0,-2.6197776386464362e-05,0.0,0
0.02073991118863209,0.023872684506280835,1759.0,10250.0,7.931298588861193e-05,-3.137728268444341e-05,0.0,39838.0,-2.6197776386464362e-05,0.0,0
0.02073903601349866,0.023872684506280835,1760.0,10250.0,7.843781075518646e-05,-3.137728268443919e-05,0.0,39838.0,-2.6197776386464362e-05,0.0,0
0.02073816954650331,0.023872684506280835,1761.0,10250.0,7.757134375983381e-05,-3.137728268444223e-05,0.0,39838.0,-2.6197776386464362e-05,0.0,0
0.020737311700998615,0.023872684506280835,1762.0,10250.0,7.671349825513788e-05,-3.13772826844384e-05,0.0,39838.0,-2.6197776386464362e-05,0.0,0
0.020736462391199306,0.023872684506280835,1763.0,10250.0,7.586418845583131e-05,-3.1377282684435994e-05,0.0,39838.0,-2.6197776386464362e-05,0.0,0
0.0207356215321737,0.023872684506280835,1764.0,10250.0,7.502332943022534e-05,-3.1377282684438155e-05,0.0,39838.0,-2.6197776386464362e-05,0.0,0
0.020734789039835194,0.023872684506280835,1765.0,10250.0,7.419083709171686e-05,-3.1377282684438914e-05,0.0,39838.0,-2.6197776386464362e-05,0.0,0
0.02073396483093386,0.023872684506280835,1766.0,10250.0,7.336662819038039e-05,-3.137728268443167e-05,0.0,39838.0,-2.6197776386464362e-05,0.0,0
0.020733148823048116,0.023872684506280835,1767.0,10250.0,7.25506203046381e-05,-3.137728268443604e-05,0.0,39838.0,-2.6197776386464362e-05,0.0,0
0.020732340934576494,0.023872684506280835,1768.0,10250.0,7.174273183302001e-05,-3.137728268443854e-05,0.0,39838.0,-2.6197776386464362e-05,0.0,0
0.020731541084729483,0.023872684506280835,1769.0,10250.0,7.094288198600489e-05,-3.1377282684435885e-05,0.0,39838.0,-2.6197776386464362e-05,0.0,0
0.020730749193521428,0.023872684506280835,1770.0,10250.0,7.015099077794706e-05,-3.1377282684432985e-05,0.0,39838.0,-2.6197776386464362e-05,0.0,0
0.020729965181762535,0.023872684506280835,1771.0,10250.0,6.936697901905982e-05,-3.137728268443869e-05,0.0,39838.0,-2.6197776386464362e-05,0.0,0
0.020729188971050992,0.023872684506280835,1772.0,10250.0,6.859076830751465e-05,-3.1377282684438745e-05,0.0,39838.0,-2.6197776386464362e-05,0.0,0
0.020728420483765074,0.023872684506280835,1773.0,10250.0,6.782228102159783e-05,-3.13772826844384e-05,0.0,39838.0,-2.6197776386464362e-05,0.0,0
0.020727659643055407,0.023872684506280835,1774.0,10250.0,6.706144031193593e-05,-3.13772826844493e-05,0.0,39838.0,-2.6197776386464362e-05,0.0,0
0.020726906372837306,0.023872684506280835,1775.0,10250.0,6.630817009382607e-05,-3.137728268443503e-05,0.0,39838.0,-2.6197776386464362e-05,0.0,0
0.020726160597783098,0.023872684506280835,1776.0,10250.0,6.556239503961873e-05,-3.137728268443716e-05,0.0,39838.0,-2.6197776386464362e-05,0.0,0
0.020725422243314664,0.023872684506280835,1777.0,10250.0,6.482404057118616e-05,-3.1377282684433995e-05,0.0,39838.0,-2.6197776386464362e-05,0.0,0
0.02072469123559594,0.023872684506280835,1778.0,10250.0,6.409303285246655e-05,-3.1377282684446294e-05,0.0,39838.0,-2.6197776386464362e-05,0.0,0
0.02072396750152555,0.023872684506280835,1779.0,10250.0,6.336929878207782e-05,-3.137728268444014e-05,0.0,39838.0,-2.6197776386464362e-05,0.0,0
0.020723250968729484,0.023872684506280835,1780.0,10250.0,6.265276598601117e-05,-3.137728268443673e-05,0.0,39838.0,-2.6197776386464362e-05,0.0,0
0.020722541565553868,0.023872684506280835,1781.0,10250.0,6.194336281039144e-05,-3.1377282684437044e-05,0.0,39838.0,-2.6197776386464362e-05,0.0,0
0.020721839221057786,0.023872684506280835,1782.0,10250.0,6.12410183143074e-05,-3.137728268443889e-05,0.0,39838.0,-2.6197776386464362e-05,0.0,0
0.020721143865006193,0.023872684506280835,1783.0,10250.0,6.054566226272347e-05,-3.1377282684443224e-05,0.0,39838.0,-2.6197776386464362e-05,0.0,0
0.020720455427862928,0.023872684506280835,1784.0,10250.0,5.98572251194564e-05,-3.137728268444333e-05,0.0,39838.0,-2.6197776386464362e-05,0.0,0
0.02071977384078369,0.023872684506280835,1785.0,10250.0,5.9175638040217104e-05,-3.1377282684439883e-05,0.0,39838.0,-2.6197776386464362e-05,0.0,0
0.020719099035609208,0.023872684506280835,1786.0,10250.0,5.850083286573245e-05,-3.137728268444353e-05,0.0,39838.0,-2.6197776386464362e-05,0.0,0
0.020718430944858396,0.023872684506280835,1787.0,10250.0,5.783274211492064e-05,-3.1377282684438914e-05,0.0,39838.0,-2.6197776386464362e-05,0.0,0
0.020717769501721616,0.023872684506280835,1788.0,10250.0,5.7171298978150856e-05,-3.137728268445406e-05,0.0,39838.0,-2.6197776386464362e-05,0.0,0
0.020717114640054022,0.023872684506280835,1789.0,10250.0,5.6516437310555354e-05,-3.137728268444744e-05,0.0,39838.0,-2.6197776386464362e-05,0.0,0
0.0207164662943689,0.023872684506280835,1790.0,10250.0,5.586809162542282e-05,-3.1377282684434876e-05,0.0,39838.0,-2.6197776386464362e-05,0.0,0
0.020715824399831127,0.023872684506280835,1791.0,10250.0,5.5226197087649684e-05,-3.1377282684436895e-05,0.0,39838.0,-2.6197776386464362e-05,0.0,0
0.020715188892250713,0.023872684506280835,1792.0,10250.0,5.459068950724033e-05,-3.137728268444054e-05,0.0,39838.0,-2.6197776386464362e-05,0.0,0
0.020714559708076386,0.023872684506280835,1793.0,10250.0,5.3961505332910554e-05,-3.137728268443934e-05,0.0,39838.0,-2.6197776386464362e-05,0.0,0
0.02071393678438919,0.023872684506280835,1794.0,10250.0,5.33385816457163e-05,-3.1377282684438704e-05,0.0,39838.0,-2.6197776386464362e-05,0.0,0
0.020713320058896242,0.023872684506280835,1795.0,10250.0,5.272185615277114e-05,-3.137728268444024e-05,0.0,39838.0,-2.6197776386464362e-05,0.0,0
0.020712709469924487,0.023872684506280835,1796.0,10250.0,5.211126718101237e-05,-3.137728268444035e-05,0.0,39838.0,-2.6197776386464362e-05,0.0,0
0.020712104956414516,0.023872684506280835,1797.0,10250.0,5.1506753671035396e-05,-3.13772826844297e-05,0.0,39838.0,-2.6197776386464362e-05,0.0,0
0.020711506457914457,0.023872684506280835,1798.0,10250.0,5.0908255170981155e-05,-3.137728268443962e-05,0.0,39838.0,-2.6197776386464362e-05,0.0,0
0.02071091391457398,0.023872684506280835,1799.0,10250.0,5.031571183050658e-05,-3.137728268443608e-05,0.0,39838.0,-2.6197776386464362e-05,0.0,0
0.02071032726713825,0.023872684506280835,1800.0,10250.0,4.972906439477819e-05,-3.1377282684445325e-05,0.0,39838.0,-2.6197776386464362e-05,0.0,0
0.020709746456942048,0.023872684506280835,1801.0,10250.0,4.914825419856338e-05,-3.1377282684428675e-05,0.0,39838.0,-2.6197776386464362e-05,0.0,0
0.020709171425903845,0.023872684506280835,1802.0,10250.0,4.857322316036461e-05,-3.137728268443192e-05,0.0,39838.0,-2.6197776386464362e-05,0.0,0
0.020708602116520067,0.023872684506280835,1803.0,10250.0,4.800391377659537e-05,-3.1377282684444166e-05,0.0,39838.0,-2.6197776386464362e-05,0.0,0
0.020708038471859317,0.023872684506280835,1804.0,10250.0,4.7440269115839896e-05,-3.137728268443442e-05,0.0,39838.0,-2.6197776386464362e-05,0.0,0
0.02070748043555664,0.023872684506280835,1805.0,10250.0,4.6882232813168323e-05,-3.1377282684441666e-05,0.0,39838.0,-2.6197776386464362e-05,0.0,0
0.020706927951807955,0.023872684506280835,1806.0,10250.0,4.63297490644802e-05,-3.137728268444411e-05,0.0,39838.0,-2.6197776386464362e-05,0.0,0
0.020706380965364427,0.023872684506280835,1807.0,10250.0,4.578276262094419e-05,-3.137728268443611e-05,0.0,39838.0,-2.6197776386464362e-05,0.0,0
0.020705839421526928,0.023872684506280835,1808.0,10250.0,4.524121878345913e-05,-3.137728268444596e-05,0.0,39838.0,-2.6197776386464362e-05,0.0,0
0.02070530326614065,0.023872684506280835,1809.0,10250.0,4.4705063397187775e-05,-3.137728268445316e-05,0.0,39838.0,-2.6197776386464362e-05,0.0,0
0.020704772445589624,0.023872684506280835,1810.0,10250.0,4.4174242846142644e-05,-3.137728268443962e-05,0.0,39838.0,-2.6197776386464362e-05,0.0,0
0.020704246906791315,0.023872684506280835,1811.0,10250.0,4.364870404783512e-05,-3.137728268443462e-05,0.0,39838.0,-2.6197776386464362e-05,0.0,0
0.020703726597191413,0.023872684506280835,1812.0,10250.0,4.312839444794046e-05,-3.1377282684443075e-05,0.0,39838.0,-2.6197776386464362e-05,0.0,0
0.020703211464758543,0.023872684506280835,1813.0,10250.0,4.261326201506701e-05,-3.137728268442909e-05,0.0,39838.0,-2.6197776386464362e-05,0.0,0
0.02070270145797901,0.023872684506280835,1814.0,10250.0,4.210325523553987e-05,-3.137728268444245e-05,0.0,39838.0,-2.6197776386464362e-05,0.0,0
0.020702196525851736,0.023872684506280835,1815.0,10250.0,4.159832310825992e-05,-3.1377282684443705e-05,0.0,39838.0,-2.6197776386464362e-05,0.0,0
0.020701696617883066,0.023872684506280835,1816.0,10250.0,4.109841513959094e-05,-3.1377282684443075e-05,0.0,39838.0,-2.6197776386464362e-05,0.0,0
0.020701201684081794,0.023872684506280835,1817.0,10250.0,4.060348133831975e-05,-3.137728268444057e-05,0.0,39838.0,-2.6197776386464362e-05,0.0,0
0.02070071167495413,0.023872684506280835,1818.0,10250.0,4.0113472210653894e-05,-3.137728268444365e-05,0.0,39838.0,-2.6197776386464362e-05,0.0,0
0.02070022654149875,0.023872684506280835,1819.0,10250.0,3.96283387552762e-05,-3.137728268443582e-05,0.0,39838.0,-2.6197776386464362e-05,0.0,0
0.020699746235201905,0.023872684506280835,1820.0,10250.0,3.9148032458429064e-05,-3.137728268444433e-05,0.0,39838.0,-2.6197776386464362e-05,0.0,0
0.020699270708032565,0.023872684506280835,1821.0,10250.0,3.867250528908918e-05,-3.137728268443618e-05,0.0,39838.0,-2.6197776386464362e-05,0.0,0
0.020698799912437612,0.023872684506280835,1822.0,10250.0,3.820170969414068e-05,-3.137728268443731e-05,0.0,39838.0,-2.6197776386464362e-05,0.0,0
0.02069833380133711,0.023872684506280835,1823.0,10250.0,3.773559859363366e-05,-3.137728268443825e-05,0.0,39838.0,-2.6197776386464362e-05,0.0,0
0.020697872328119545,0.023872684506280835,1824.0,10250.0,3.7274125376065164e-05,-3.137728268443912e-05,0.0,39838.0,-2.6197776386464362e-05,0.0,0
0.020697415446637217,0.023872684506280835,1825.0,10250.0,3.681724389373337e-05,-3.137728268442913e-05,0.0,39838.0,-2.6197776386464362e-05,0.0,0
0.020696963111201578,0.023872684506280835,1826.0,10250.0,3.6364908458107365e-05,-3.137728268444526e-05,0.0,39838.0,-2.6197776386464362e-05,0.0,0
0.020696515276578748,0.023872684506280835,1827.0,10250.0,3.591707383526677e-05,-3.1377282684434395e-05,0.0,39838.0,-2.6197776386464362e-05,0.0,0
0.020696071897984853,0.023872684506280835,1828.0,10250.0,3.5473695241377575e-05,-3.137728268443728e-05,0.0,39838.0,-2.6197776386464362e-05,0.0,0
0.02069563293108169,0.023872684506280835,1829.0,10250.0,3.503472833820702e-05,-3.1377282684433703e-05,0.0,39838.0,-2.6197776386464362e-05,0.0,0
0.020695198331972177,0.023872684506280835,1830.0,10250.0,3.4600129228704405e-05,-3.13772826844443e-05,0.0,39838.0,-2.6197776386464362e-05,0.0,0
0.020694768057196066,0.023872684506280835,1831.0,10250.0,3.416985445259403e-05,-3.137728268444144e-05,0.0,39838.0,-2.6197776386464362e-05,0.0,0
0.020694342063725515,0.023872684506280835,1832.0,10250.0,3.374386098203756e-05,-3.1377282684436895e-05,0.0,39838.0,-2.6197776386464362e-05,0.0,0
0.020693920308960813,0.023872684506280835,1833.0,10250.0,3.33221062173345e-05,-3.137728268443384e-05,0.0,39838.0,-2.6197776386464362e-05,0.0,0
0.020693502750726133,0.023872684506280835,1834.0,10250.0,3.2904547982659766e-05,-3.1377282684443997e-05,0.0,39838.0,-2.6197776386464362e-05,0.0,0
0.02069308934726531,0.023872684506280835,1835.0,10250.0,3.2491144521837265e-05,-3.1377282684439504e-05,0.0,39838.0,-2.6197776386464362e-05,0.0,0
0.02069268005723765,0.023872684506280835,1836.0,10250.0,3.208185449417875e-05,-3.1377282684447026e-05,0.0,39838.0,-2.6197776386464362e-05,0.0,0
0.020692274839713812,0.023872684506280835,1837.0,10250.0,3.167663697034237e-05,-3.1377282684442614e-05,0.0,39838.0,-2.6197776386464362e-05,0.0,0
0.020691873654171713,0.023872684506280835,1838.0,10250.0,3.127545142823351e-05,-3.137728268443456e-05,0.0,39838.0,-2.6197776386464362e-05,0.0,0
0.020691476460492443,0.023872684506280835,1839.0,10250.0,3.087825774896498e-05,-3.137728268444421e-05,0.0,39838.0,-2.6197776386464362e-05,0.0,0
0.020691083218956317,0.023872684506280835,1840.0,10250.0,3.0485016212842524e-05,-3.1377282684435445e-05,0.0,39838.0,-2.6197776386464362e-05,0.0,0
0.020690693890238854,0.023872684506280835,1841.0,10250.0,3.0095687495379994e-05,-3.137728268443662e-05,0.0,39838.0,-2.6197776386464362e-05,0.0,0
0.020690308435406857,0.023872684506280835,1842.0,10250.0,2.971023266337991e-05,-3.137728268443731e-05,0.0,39838.0,-2.6197776386464362e-05,0.0,0
0.020689926815914524,0.023872684506280835,1843.0,10250.0,2.9328613171044312e-05,-3.1377282684428825e-05,0.0,39838.0,-2.6197776386464362e-05,0.0,0
0.020689548993599576,0.023872684506280835,1844.0,10250.0,2.8950790856100825e-05,-3.1377282684434916e-05,0.0,39838.0,-2.6197776386464362e-05,0.0,0
0.02068917493067948,0.023872684506280835,1845.0,10250.0,2.8576727936001762e-05,-3.137728268443757e-05,0.0,39838.0,-2.6197776386464362e-05,0.0,0
0.020688804589747624,0.023872684506280835,1846.0,10250.0,2.820638700414812e-05,-3.137728268443916e-05,0.0,39838.0,-2.6197776386464362e-05,0.0,0
0.020688437933769607,0.023872684506280835,1847.0,10250.0,2.7839731026135512e-05,-3.137728268444368e-05,0.0,39838.0,-2.6197776386464362e-05,0.0,0
0.020688074926079533,0.023872684506280835,1848.0,10250.0,2.7476723336060776e-05,-3.1377282684441415e-05,0.0,39838.0,-2.6197776386464362e-05,0.0,0
0.020687715530376332,0.023872684506280835,1849.0,10250.0,2.7117327632853913e-05,-3.137728268443916e-05,0.0,39838.0,-2.6197776386464362e-05,0.0,0
0.02068735971072012,0.023872684506280835,1850.0,10250.0,2.676150797664382e-05,-3.1377282684438914e-05,0.0,39838.0,-2.6197776386464362e-05,0.0,0
0.020687007431528636,0.023872684506280835,1851.0,10250.0,2.6409228785167166e-05,-3.1377282684441455e-05,0.0,39838.0,-2.6197776386464362e-05,0.0,0
0.020686658657573683,0.023872684506280835,1852.0,10250.0,2.6060454830211706e-05,-3.1377282684443875e-05,0.0,39838.0,-2.6197776386464362e-05,0.0,0
0.02068631335397757,0.023872684506280835,1853.0,10250.0,2.5715151234093767e-05,-3.1377282684439924e-05,0.0,39838.0,-2.6197776386464362e-05,0.0,0
0.020685971486209636,0.023872684506280835,1854.0,10250.0,2.5373283466161936e-05,-3.1377282684446856e-05,0.0,39838.0,-2.6197776386464362e-05,0.0,0
0.02068563302008283,0.023872684506280835,1855.0,10250.0,2.503481733935904e-05,-3.1377282684444634e-05,0.0,39838.0,-2.6197776386464362e-05,0.0,0
0.020685297921750254,0.023872684506280835,1856.0,10250.0,2.469971900678683e-05,-3.137728268444397e-05,0.0,39838.0,-2.6197776386464362e-05,0.0,0
0.020684966157701816,0.023872684506280835,1857.0,10250.0,2.436795495833521e-05,-3.1377282684433344e-05,0.0,39838.0,-2.6197776386464362e-05,0.0,0
0.020684637694760793,0.023872684506280835,1858.0,10250.0,2.403949201732057e-05,-3.137728268444397e-05,0.0,39838.0,-2.6197776386464362e-05,0.0,0
0.02068431250008065,0.023872684506280835,1859.0,10250.0,2.3714297337177947e-05,-3.1377282684441e-05,0.0,39838.0,-2.6197776386464362e-05,0.0,0
0.02068399054114164,0.023872684506280835,1860.0,10250.0,2.339233839816568e-05,-3.1377282684439524e-05,0.0,39838.0,-2.6197776386464362e-05,0.0,0
0.020683671785747593,0.023872684506280835,1861.0,10250.0,2.307358300412298e-05,-3.137728268444422e-05,0.0,39838.0,-2.6197776386464362e-05,0.0,0
0.020683356202022714,0.023872684506280835,1862.0,10250.0,2.27579992792424e-05,-3.1377282684442255e-05,0.0,39838.0,-2.6197776386464362e-05,0.0,0
0.020683043758408366,0.023872684506280835,1863.0,10250.0,2.2445555664891706e-05,-3.1377282684444234e-05,0.0,39838.0,-2.6197776386464362e-05,0.0,0
0.020682734423659928,0.023872684506280835,1864.0,10250.0,2.2136220916448305e-05,-3.137728268443474e-05,0.0,39838.0,-2.6197776386464362e-05,0.0,0
0.020682428166843656,0.023872684506280835,1865.0,10250.0,2.1829964100178984e-05,-3.1377282684438426e-05,0.0,39838.0,-2.6197776386464362e-05,0.0,0
0.020682124957333622,0.023872684506280835,1866.0,10250.0,2.1526754590146214e-05,-3.137728268443713e-05,0.0,39838.0,-2.6197776386464362e-05,0.0,0
0.020681824764808614,0.023872684506280835,1867.0,10250.0,2.122656206514737e-05,-3.1377282684445575e-05,0.0,39838.0,-2.6197776386464362e-05,0.0,0
0.020681527559249156,0.023872684506280835,1868.0,10250.0,2.092935650567915e-05,-3.137728268443495e-05,0.0,39838.0,-2.6197776386464362e-05,0.0,0
0.020681233310934417,0.023872684506280835,1869.0,10250.0,2.0635108190938848e-05,-3.1377282684439795e-05,0.0,39838.0,-2.6197776386464362e-05,0.0,0
0.020680941990439333,0.023872684506280835,1870.0,10250.0,2.0343787695848982e-05,-3.13772826844328e-05,0.0,39838.0,-2.6197776386464362e-05,0.0,0
0.020680653568631597,0.023872684506280835,1871.0,10250.0,2.0055365888118086e-05,-3.137728268443662e-05,0.0,39838.0,-2.6197776386464362e-05,0.0,0
0.0206803680166688,0.023872684506280835,1872.0,10250.0,1.976981392532405e-05,-3.137728268444538e-05,0.0,39838.0,-2.6197776386464362e-05,0.0,0
0.020680085305995504,0.023872684506280835,1873.0,10250.0,1.948710325203155e-05,-3.1377282684444634e-05,0.0,39838.0,-2.6197776386464362e-05,0.0,0
0.02067980540834042,0.023872684506280835,1874.0,10250.0,1.9207205596940894e-05,-3.1377282684434185e-05,0.0,39838.0,-2.6197776386464362e-05,0.0,0
0.020679528295713533,0.023872684506280835,1875.0,10250.0,1.8930092970053632e-05,-3.137728268443326e-05,0.0,39838.0,-2.6197776386464362e-05,0.0,0
0.02067925394040335,0.023872684506280835,1876.0,10250.0,1.865573765987206e-05,-3.137728268443727e-05,0.0,39838.0,-2.6197776386464362e-05,0.0,0
0.020678982314974118,0.023872684506280835,1877.0,10250.0,1.8384112230638664e-05,-3.13772826844397e-05,0.0,39838.0,-2.6197776386464362e-05,0.0,0
0.020678713392263057,0.023872684506280835,1878.0,10250.0,1.8115189519584642e-05,-3.137728268444213e-05,0.0,39838.0,-2.6197776386464362e-05,0.0,0
0.020678447145377695,0.023872684506280835,1879.0,10250.0,1.784894263421441e-05,-3.1377282684430234e-05,0.0,39838.0,-2.6197776386464362e-05,0.0,0
0.020678183547693085,0.023872684506280835,1880.0,10250.0,1.758534494961593e-05,-3.1377282684442106e-05,0.0,39838.0,-2.6197776386464362e-05,0.0,0
0.02067792257284928,0.023872684506280835,1881.0,10250.0,1.73243701058011e-05,-3.137728268444198e-05,0.0,39838.0,-2.6197776386464362e-05,0.0,0
0.020677664194748552,0.023872684506280835,1882.0,10250.0,1.7065992005073897e-05,-3.137728268444253e-05,0.0,39838.0,-2.6197776386464362e-05,0.0,0
0.020677408387552883,0.023872684506280835,1883.0,10250.0,1.681018480940127e-05,-3.137728268443167e-05,0.0,39838.0,-2.6197776386464362e-05,0.0,0
0.020677155125681326,0.023872684506280835,1884.0,10250.0,1.6556922937855117e-05,-3.137728268444232e-05,0.0,39838.0,-2.6197776386464362e-05,0.0,0
0.020676904383807506,0.023872684506280835,1885.0,10250.0,1.6306181064033974e-05,-3.137728268444672e-05,0.0,39838.0,-2.6197776386464362e-05,0.0,0
0.020676656136857017,0.023872684506280835,1886.0,10250.0,1.6057934113545025e-05,-3.137728268443922e-05,0.0,39838.0,-2.6197776386464362e-05,0.0,0
0.020676410360004963,0.023872684506280835,1887.0,10250.0,1.5812157261484942e-05,-3.1377282684437376e-05,0.0,39838.0,-2.6197776386464362e-05,0.0,0
0.02067616702867344,0.023872684506280835,1888.0,10250.0,1.5568825929961495e-05,-3.137728268443696e-05,0.0,39838.0,-2.6197776386464362e-05,0.0,0
0.020675926118529118,0.023872684506280835,1889.0,10250.0,1.532791578564449e-05,-3.13772826844403e-05,0.0,39838.0,-2.6197776386464362e-05,0.0,0
0.02067568760548079,0.023872684506280835,1890.0,10250.0,1.5089402737310676e-05,-3.137728268443696e-05,0.0,39838.0,-2.6197776386464362e-05,0.0,0
0.020675451465676935,0.023872684506280835,1891.0,10250.0,1.4853262933464443e-05,-3.137728268444386e-05,0.0,39838.0,-2.6197776386464362e-05,0.0,0
0.020675217675503395,0.023872684506280835,1892.0,10250.0,1.4619472759924195e-05,-3.1377282684443346e-05,0.0,39838.0,-2.6197776386464362e-05,0.0,0
0.020674986211580954,0.023872684506280835,1893.0,10250.0,1.4388008837476173e-05,-3.137728268443677e-05,0.0,39838.0,-2.6197776386464362e-05,0.0,0
0.020674757050763017,0.023872684506280835,1894.0,10250.0,1.4158848019538408e-05,-3.137728268444107e-05,0.0,39838.0,-2.6197776386464362e-05,0.0,0
0.020674530170133317,0.023872684506280835,1895.0,10250.0,1.3931967389837788e-05,-3.1377282684434964e-05,0.0,39838.0,-2.6197776386464362e-05,0.0,0
0.020674305547003596,0.023872684506280835,1896.0,10250.0,1.3707344260121386e-05,-3.1377282684441455e-05,0.0,39838.0,-2.6197776386464362e-05,0.0,0
0.020674083158911366,0.023872684506280835,1897.0,10250.0,1.3484956167891227e-05,-3.1377282684440724e-05,0.0,39838.0,-2.6197776386464362e-05,0.0,0
0.020673862983617626,0.023872684506280835,1898.0,10250.0,1.3264780874150835e-05,-3.13772826844364e-05,0.0,39838.0,-2.6197776386464362e-05,0.0,0
0.020673644999104658,0.023872684506280835,1899.0,10250.0,1.3046796361186068e-05,-3.1377282684443705e-05,0.0,39838.0,-2.6197776386464362e-05,0.0,0
0.020673429183573837,0.023872684506280835,1900.0,10250.0,1.2830980830365995e-05,-3.1377282684442614e-05,0.0,39838.0,-2.6197776386464362e-05,0.0,0
0.02067321551544343,0.023872684506280835,1901.0,10250.0,1.2617312699954917e-05,-3.137728268443825e-05,0.0,39838.0,-2.6197776386464362e-05,0.0,0
0.020673003973346447,0.023872684506280835,1902.0,10250.0,1.240577060296669e-05,-3.137728268443285e-05,0.0,39838.0,-2.6197776386464362e-05,0.0,0
0.020672794536128487,0.023872684506280835,1903.0,10250.0,1.2196333385011532e-05,-3.1377282684437945e-05,0.0,39838.0,-2.6197776386464362e-05,0.0,0
0.020672587182845675,0.023872684506280835,1904.0,10250.0,1.1988980102195159e-05,-3.137728268443003e-05,0.0,39838.0,-2.6197776386464362e-05,0.0,0
0.020672381892762482,0.023872684506280835,1905.0,10250.0,1.178369001901497e-05,-3.1377282684443055e-05,0.0,39838.0,-2.6197776386464362e-05,0.0,0
0.020672178645349766,0.023872684506280835,1906.0,10250.0,1.1580442606290615e-05,-3.137728268443502e-05,0.0,39838.0,-2.6197776386464362e-05,0.0,0
0.020671977420282588,0.023872684506280835,1907.0,10250.0,1.1379217539113932e-05,-3.137728268443869e-05,0.0,39838.0,-2.6197776386464362e-05,0.0,0
0.020671778197438286,0.023872684506280835,1908.0,10250.0,1.1179994694808231e-05,-3.137728268443456e-05,0.0,39838.0,-2.6197776386464362e-05,0.0,0
0.0206715809568944,0.023872684506280835,1909.0,10250.0,1.0982754150926028e-05,-3.1377282684444464e-05,0.0,39838.0,-2.6197776386464362e-05,0.0,0
0.020671385678926717,0.023872684506280835,1910.0,10250.0,1.0787476183245985e-05,-3.1377282684443075e-05,0.0,39838.0,-2.6197776386464362e-05,0.0,0
0.020671192344007286,0.023872684506280835,1911.0,10250.0,1.0594141263811574e-05,-3.137728268443535e-05,0.0,39838.0,-2.6197776386464362e-05,0.0,0
0.020671000932802438,0.023872684506280835,1912.0,10250.0,1.0402730058965013e-05,-3.137728268444024e-05,0.0,39838.0,-2.6197776386464362e-05,0.0,0
0.020670811426170905,0.023872684506280835,1913.0,10250.0,1.0213223427430498e-05,-3.1377282684435364e-05,0.0,39838.0,-2.6197776386464362e-05,0.0,0
0.020670623805161853,0.023872684506280835,1914.0,10250.0,1.0025602418384665e-05,-3.137728268444358e-05,0.0,39838.0,-2.6197776386464362e-05,0.0,0
0.02067043805101304,0.023872684506280835,1915.0,10250.0,9.83984826957151e-06,-3.1377282684446124e-05,0.0,39838.0,-2.6197776386464362e-05,0.0,0
0.020670254145148892,0.023872684506280835,1916.0,10250.0,9.65594240541888e-06,-3.137728268444595e-05,0.0,39838.0,-2.6197776386464362e-05,0.0,0
0.020670072069178674,0.023872684506280835,1917.0,10250.0,9.47386643519126e-06,-3.1377282684437105e-05,0.0,39838.0,-2.6197776386464362e-05,0.0,0
0.020669891804894612,0.023872684506280835,1918.0,10250.0,9.293602151135663e-06,-3.137728268444058e-05,0.0,39838.0,-2.6197776386464362e-05,0.0,0
0.02066971333427015,0.023872684506280835,1919.0,10250.0,9.115131526678481e-06,-3.1377282684447344e-05,0.0,39838.0,-2.6197776386464362e-05,0.0,0
0.02066953663945808,0.023872684506280835,1920.0,10250.0,8.938436714603889e-06,-3.1377282684438094e-05,0.0,39838.0,-2.6197776386464362e-05,0.0,0
0.020669361702788762,0.023872684506280835,1921.0,10250.0,8.76350004528485e-06,-3.1377282684437003e-05,0.0,39838.0,-2.6197776386464362e-05,0.0,0
0.020669188506768382,0.023872684506280835,1922.0,10250.0,8.590304024909151e-06,-3.137728268444168e-05,0.0,39838.0,-2.6197776386464362e-05,0.0,0
0.020669017034077208,0.023872684506280835,1923.0,10250.0,8.418831333731316e-06,-3.137728268443702e-05,0.0,39838.0,-2.6197776386464362e-05,0.0,0
0.02066884726756781,0.023872684506280835,1924.0,10250.0,8.249064824335907e-06,-3.1377282684442296e-05,0.0,39838.0,-2.6197776386464362e-05,0.0,0
0.02066867919026341,0.023872684506280835,1925.0,10250.0,8.080987519934124e-06,-3.137728268444451e-05,0.0,39838.0,-2.6197776386464362e-05,0.0,0
0.020668512785356124,0.023872684506280835,1926.0,10250.0,7.914582612655298e-06,-3.1377282684444844e-05,0.0,39838.0,-2.6197776386464362e-05,0.0,0
0.020668348036205344,0.023872684506280835,1927.0,10250.0,7.749833461866885e-06,-3.1377282684435126e-05,0.0,39838.0,-2.6197776386464362e-05,0.0,0
0.02066818492633599,0.023872684506280835,1928.0,10250.0,7.586723592519627e-06,-3.1377282684444925e-05,0.0,39838.0,-2.6197776386464362e-05,0.0,0
0.02066802343943697,0.023872684506280835,1929.0,10250.0,7.425236693489212e-06,-3.137728268443191e-05,0.0,39838.0,-2.6197776386464362e-05,0.0,0
0.02066786355935942,0.023872684506280835,1930.0,10250.0,7.265356615951949e-06,-3.137728268444232e-05,0.0,39838.0,-2.6197776386464362e-05,0.0,0
0.020667705270115237,0.023872684506280835,1931.0,10250.0,7.1070673717665475e-06,-3.137728268444136e-05,0.0,39838.0,-2.6197776386464362e-05,0.0,0
0.020667548555875354,0.023872684506280835,1932.0,10250.0,6.95035313187534e-06,-3.137728268443594e-05,0.0,39838.0,-2.6197776386464362e-05,0.0,0
0.020667393400968202,0.023872684506280835,1933.0,10250.0,6.795198224724563e-06,-3.1377282684432016e-05,0.0,39838.0,-2.6197776386464362e-05,0.0,0
0.02066723978987817,0.023872684506280835,1934.0,10250.0,6.641587134695652e-06,-3.1377282684441334e-05,0.0,39838.0,-2.6197776386464362e-05,0.0,0
0.020667087707244024,0.023872684506280835,1935.0,10250.0,6.48950450054976e-06,-3.137728268444473e-05,0.0,39838.0,-2.6197776386464362e-05,0.0,0
0.020666937137857368,0.023872684506280835,1936.0,10250.0,6.338935113897788e-06,-3.137728268444628e-05,0.0,39838.0,-2.6197776386464362e-05,0.0,0
0.020666788066661147,0.023872684506280835,1937.0,10250.0,6.189863917674732e-06,-3.137728268444759e-05,0.0,39838.0,-2.6197776386464362e-05,0.0,0
0.020666640478748107,0.023872684506280835,1938.0,10250.0,6.0422760046374045e-06,-3.1377282684445935e-05,0.0,39838.0,-2.6197776386464362e-05,0.0,0
0.020666494359359345,0.023872684506280835,1939.0,10250.0,5.896156615874291e-06,-3.137728268443934e-05,0.0,39838.0,-2.6197776386464362e-05,0.0,0
0.0206663496938828,0.023872684506280835,1940.0,10250.0,5.75149113931774e-06,-3.13772826844279e-05,0.0,39838.0,-2.6197776386464362e-05,0.0,0
0.02066620646785178,0.023872684506280835,1941.0,10250.0,5.608265108306887e-06,-3.137728268444539e-05,0.0,39838.0,-2.6197776386464362e-05,0.0,0
0.020666064666943585,0.023872684506280835,1942.0,10250.0,5.466464200114341e-06,-3.137728268444409e-05,0.0,39838.0,-2.6197776386464362e-05,0.0,0
0.020665924276978005,0.023872684506280835,1943.0,10250.0,5.326074234530828e-06,-3.13772826844443e-05,0.0,39838.0,-2.6197776386464362e-05,0.0,0
0.020665785283915928,0.023872684506280835,1944.0,10250.0,5.18708117244745e-06,-3.137728268442954e-05,0.0,39838.0,-2.6197776386464362e-05,0.0,0
0.02066564767385792,0.023872684506280835,1945.0,10250.0,5.0494711144416274e-06,-3.137728268443894e-05,0.0,39838.0,-2.6197776386464362e-05,0.0,0
0.020665511433042863,0.023872684506280835,1946.0,10250.0,4.9132302993868575e-06,-3.1377282684441774e-05,0.0,39838.0,-2.6197776386464362e-05,0.0,0
0.020665376547846562,0.023872684506280835,1947.0,10250.0,4.778345103094014e-06,-3.1377282684443305e-05,0.0,39838.0,-2.6197776386464362e-05,0.0,0
0.02066524300478041,0.023872684506280835,1948.0,10250.0,4.644802036927537e-06,-3.137728268443456e-05,0.0,39838.0,-2.6197776386464362e-05,0.0,0
0.02066511079048995,0.023872684506280835,1949.0,10250.0,4.512587746473555e-06,-3.1377282684438996e-05,0.0,39838.0,-2.6197776386464362e-05,0.0,0
0.020664979891753657,0.023872684506280835,1950.0,10250.0,4.3816890101881985e-06,-3.137728268444711e-05,0.0,39838.0,-2.6197776386464362e-05,0.0,0
0.02066485029548156,0.023872684506280835,1951.0,10250.0,4.252092738091379e-06,-3.1377282684446856e-05,0.0,39838.0,-2.6197776386464362e-05,0.0,0
0.02066472198871392,0.023872684506280835,1952.0,10250.0,4.123785970448425e-06,-3.137728268444373e-05,0.0,39838.0,-2.6197776386464362e-05,0.0,0
0.02066459495861995,0.023872684506280835,1953.0,10250.0,3.996755876472551e-06,-3.137728268443923e-05,0.0,39838.0,-2.6197776386464362e-05,0.0,0
0.020664469192496527,0.023872684506280835,1954.0,10250.0,3.8709897530505775e-06,-3.137728268443844e-05,0.0,39838.0,-2.6197776386464362e-05,0.0,0
0.020664344677766937,0.023872684506280835,1955.0,10250.0,3.7464750234696202e-06,-3.137728268444729e-05,0.0,39838.0,-2.6197776386464362e-05,0.0,0
0.020664221401979616,0.023872684506280835,1956.0,10250.0,3.6231992361442456e-06,-3.13772826844403e-05,0.0,39838.0,-2.6197776386464362e-05,0.0,0
0.020664099352806876,0.023872684506280835,1957.0,10250.0,3.501150063399257e-06,-3.137728268443724e-05,0.0,39838.0,-2.6197776386464362e-05,0.0,0
0.020663978518043684,0.023872684506280835,1958.0,10250.0,3.3803153002129594e-06,-3.1377282684440514e-05,0.0,39838.0,-2.6197776386464362e-05,0.0,0
0.020663858885606488,0.023872684506280835,1959.0,10250.0,3.260682863008741e-06,-3.137728268443781e-05,0.0,39838.0,-2.6197776386464362e-05,0.0,0
0.02066374044353192,0.023872684506280835,1960.0,10250.0,3.1422407884469313e-06,-3.137728268444292e-05,0.0,39838.0,-2.6197776386464362e-05,0.0,0
0.020663623179975686,0.023872684506280835,1961.0,10250.0,3.0249772322147964e-06,-3.137728268444474e-05,0.0,39838.0,-2.6197776386464362e-05,0.0,0
0.020663507083211338,0.023872684506280835,1962.0,10250.0,2.90888046786166e-06,-3.137728268443635e-05,0.0,39838.0,-2.6197776386464362e-05,0.0,0
0.02066339214162909,0.023872684506280835,1963.0,10250.0,2.7939388856173515e-06,-3.1377282684446483e-05,0.0,39838.0,-2.6197776386464362e-05,0.0,0
0.0206632783437347,0.023872684506280835,1964.0,10250.0,2.6801409912270833e-06,-3.137728268444083e-05,0.0,39838.0,-2.6197776386464362e-05,0.0,0
0.020663165678148274,0.023872684506280835,1965.0,10250.0,2.567475404802492e-06,-3.1377282684438196e-05,0.0,39838.0,-2.6197776386464362e-05,0.0,0
0.02066305413360317,0.023872684506280835,1966.0,10250.0,2.4559308596941417e-06,-3.1377282684435804e-05,0.0,39838.0,-2.6197776386464362e-05,0.0,0
0.020662943698944832,0.023872684506280835,1967.0,10250.0,2.3454962013515232e-06,-3.137728268443239e-05,0.0,39838.0,-2.6197776386464362e-05,0.0,0
0.020662834363129698,0.023872684506280835,1968.0,10250.0,2.2361603862232944e-06,-3.137728268444006e-05,0.0,39838.0,-2.6197776386464362e-05,0.0,0
0.0206627261152241,0.023872684506280835,1969.0,10250.0,2.127912480630627e-06,-3.137728268444219e-05,0.0,39838.0,-2.6197776386464362e-05,0.0,0
0.020662618944403167,0.023872684506280835,1970.0,10250.0,2.0207416596944446e-06,-3.1377282684439795e-05,0.0,39838.0,-2.6197776386464362e-05,0.0,0
0.020662512839949722,0.023872684506280835,1971.0,10250.0,1.9146372062445714e-06,-3.137728268443988e-05,0.0,39838.0,-2.6197776386464362e-05,0.0,0
0.02066240779125322,0.023872684506280835,1972.0,10250.0,1.8095885097465972e-06,-3.1377282684437376e-05,0.0,39838.0,-2.6197776386464362e-05,0.0,0
0.020662303787808717,0.023872684506280835,1973.0,10250.0,1.7055850652422971e-06,-3.137728268443587e-05,0.0,39838.0,-2.6197776386464362e-05,0.0,0
0.020662200819215777,0.023872684506280835,1974.0,10250.0,1.602616472302799e-06,-3.137728268444248e-05,0.0,39838.0,-2.6197776386464362e-05,0.0,0
0.02066209887517745,0.023872684506280835,1975.0,10250.0,1.500672433982424e-06,-3.137728268444556e-05,0.0,39838.0,-2.6197776386464362e-05,0.0,0
0.020661997945499267,0.023872684506280835,1976.0,10250.0,1.3997427557902929e-06,-3.1377282684440195e-05,0.0,39838.0,-2.6197776386464362e-05,0.0,0
0.02066189802008815,0.023872684506280835,1977.0,10250.0,1.299817344676761e-06,-3.137728268443962e-05,0.0,39838.0,-2.6197776386464362e-05,0.0,0
0.020661799088951497,0.023872684506280835,1978.0,10250.0,1.200886208014349e-06,-3.1377282684427706e-05,0.0,39838.0,-2.6197776386464362e-05,0.0,0
0.020661701142196086,0.023872684506280835,1979.0,10250.0,1.102939452611726e-06,-3.1377282684443156e-05,0.0,39838.0,-2.6197776386464362e-05,0.0,0
0.020661604170027187,0.023872684506280835,1980.0,10250.0,1.0059672837078015e-06,-3.137728268443521e-05,0.0,39838.0,-2.6197776386464362e-05,0.0,0
0.02066150816274748,0.023872684506280835,1981.0,10250.0,9.099600040054024e-07,-3.137728268444252e-05,0.0,39838.0,-2.6197776386464362e-05,0.0,0
0.020661413110756175,0.023872684506280835,1982.0,10250.0,8.14908012699671e-07,-3.137728268443656e-05,0.0,39838.0,-2.6197776386464362e-05,0.0,0
0.020661319004547984,0.023872684506280835,1983.0,10250.0,7.208018045079954e-07,-3.137728268444068e-05,0.0,39838.0,-2.6197776386464362e-05,0.0,0
0.020661225834712207,0.023872684506280835,1984.0,10250.0,6.276319687316647e-07,-3.1377282684439104e-05,0.0,39838.0,-2.6197776386464362e-05,0.0,0
0.02066113359193179,0.023872684506280835,1985.0,10250.0,5.353891883135531e-07,-3.137728268443741e-05,0.0,39838.0,-2.6197776386464362e-05,0.0,0
0.02066104226698237,0.023872684506280835,1986.0,10250.0,4.4406423889499205e-07,-3.1377282684439036e-05,0.0,39838.0,-2.6197776386464362e-05,0.0,0
0.020660951850731385,0.023872684506280835,1987.0,10250.0,3.53647987905524e-07,-3.1377282684435404e-05,0.0,39838.0,-2.6197776386464362e-05,0.0,0
0.02066086233413712,0.023872684506280835,1988.0,10250.0,2.641313936476116e-07,-3.1377282684444125e-05,0.0,39838.0,-2.6197776386464362e-05,0.0,0
0.020660773708247857,0.023872684506280835,1989.0,10250.0,1.7550550438198418e-07,-3.137728268444241e-05,0.0,39838.0,-2.6197776386464362e-05,0.0,0
0.020660685964200926,0.023872684506280835,1990.0,10250.0,8.776145744911005e-08,-3.137728268443703e-05,0.0,39838.0,-2.6197776386464362e-05,0.0,0
0.02066059909322185,0.023872684506280835,1991.0,10250.0,8.904783713641199e-10,-3.1377282684438704e-05,0.0,39838.0,-2.6197776386464362e-05,0.0,0
0.020660513086623453,0.023872684506280835,1992.0,10250.0,-8.511612002200943e-08,-3.137728268443825e-05,0.0,39838.0,-2.6197776386464362e-05,0.0,0
0.020660427935805012,0.023872684506280835,1993.0,10250.0,-1.7026693846374137e-07,-3.137728268444014e-05,0.0,39838.0,-2.6197776386464362e-05,0.0,0
0.020660343632251374,0.023872684506280835,1994.0,10250.0,-2.545704921038584e-07,-3.137728268443211e-05,0.0,39838.0,-2.6197776386464362e-05,0.0,0
0.020660260167532103,0.023872684506280835,1995.0,10250.0,-3.3803521137127034e-07,-3.137728268444143e-05,0.0,39838.0,-2.6197776386464362e-05,0.0,0
0.020660177533300673,0.023872684506280835,1996.0,10250.0,-4.206694428054853e-07,-3.137728268443676e-05,0.0,39838.0,-2.6197776386464362e-05,0.0,0
0.020660095721293584,0.023872684506280835,1997.0,10250.0,-5.024814498975064e-07,-3.137728268443181e-05,0.0,39838.0,-2.6197776386464362e-05,0.0,0
0.02066001472332955,0.023872684506280835,1998.0,10250.0,-5.834794139188939e-07,-3.137728268444882e-05,0.0,39838.0,-2.6197776386464362e-05,0.0,0
0.020659934531308738,0.023872684506280835,1999.0,10250.0,-6.636714347334018e-07,-3.137728268444894e-05,0.0,39838.0,-2.6197776386464362e-05,0.0,0
0.020659855137211868,0.023872684506280835,2000.0,10250.0,-7.430655316081781e-07,-3.1377282684438305e-05,0.0,39838.0,-2.6197776386464362e-05,0.0,0
0.020659776533099458,0.023872684506280835,2001.0,10250.0,-8.216696440185031e-07,-3.137728268443442e-05,0.0,39838.0,-2.6197776386464362e-05,0.0,0
0.020659698711111032,0.023872684506280835,2002.0,10250.0,-8.994916324425954e-07,-3.137728268444087e-05,0.0,39838.0,-2.6197776386464362e-05,0.0,0
0.020659621663464328,0.023872684506280835,2003.0,10250.0,-9.76539279144605e-07,-3.1377282684436854e-05,0.0,39838.0,-2.6197776386464362e-05,0.0,0
0.020659545382454524,0.023872684506280835,2004.0,10250.0,-1.0528202889537187e-06,-3.1377282684437376e-05,0.0,39838.0,-2.6197776386464362e-05,0.0,0
0.020659469860453444,0.023872684506280835,2005.0,10250.0,-1.1283422900315085e-06,-3.1377282684438155e-05,0.0,39838.0,-2.6197776386464362e-05,0.0,0
0.020659469860453444,0.023872684506280835,2005.0,10250.0,-1.1283422900315085e-06,-3.1377282684438155e-05,0.0,39838.0,-2.6197776386464362e-05,0.0,0
