Total_strain,Slip_strain,Time,Slip Count,Creep,Elastic,Hygroexp,Number_of_fibers,Load,Moisture,Broken
0.0,0.0,0.0,0.0,0.0,0.0,0.0,40000.0,0.0,0.0,0
0.0,0.0,5.0,0.0,0.0,0.0,0.0,40000.0,0.0,0.0,0
0.9772100557684062,0.01604299883230507,5.0,1391.0,0.0,0.9613696747852364,0.0,39986.0,0.9408716598312479,0.0,0
0.9772100557684062,0.01604299883230507,5.0,1391.0,0.0,0.9613696747852364,0.0,39986.0,0.9408716598312479,0.0,0
1.0158079527077335,0.018008712730505017,6.0,1498.0,0.03663218304112744,0.9613696747852359,0.0,39986.0,0.9408716598312479,0.0,0
1.0282418769796287,0.01849785870387681,7.0,1528.0,0.04857696133965071,0.9613696747852358,0.0,39986.0,0.9408716598312479,0.0,0
1.0364283997586683,0.019144397047934355,8.0,1558.0,0.05611694577463281,0.9613696747852359,0.0,39986.0,0.9408716598312479,0.0,0
1.0426471713294188,0.019686592459083368,9.0,1589.0,0.0617935219342343,0.9613696747852359,0.0,39986.0,0.9408716598312479,0.0,0
1.04774866814515,0.020017637868908218,10.0,1606.0,0.06656397334014058,0.9613696747852359,0.0,39986.0,0.9408716598312479,0.0,0
1.0522550679412623,0.020287105215215987,11.0,1623.0,0.07080090578994533,0.9613696747852358,0.0,39986.0,0.9408716598312479,0.0,0
1.056365817368127,0.020538865955285222,12.0,1638.0,0.0746598944767404,0.9613696747852366,0.0,39986.0,0.9408716598312479,0.0,0
1.0601591437426174,0.02077716847859356,13.0,1649.0,0.07821491832792274,0.9613696747852362,0.0,39986.0,0.9408716598312479,0.0,0
1.0636799709424112,0.021004563520151325,14.0,1662.0,0.0815083504861588,0.9613696747852356,0.0,39986.0,0.9408716598312479,0.0,0
1.0669686710277102,0.021232114228888616,15.0,1675.0,0.08456949986272055,0.9613696747852356,0.0,39986.0,0.9408716598312479,0.0,0
1.0699044216590206,0.021315795822947407,16.0,1679.0,0.08742156889997207,0.9613696747852359,0.0,39986.0,0.9408716598312479,0.0,0
1.0726999367182555,0.02144854289558736,17.0,1685.0,0.09008433688656688,0.9613696747852366,0.0,39986.0,0.9408716598312479,0.0,0
1.0754943896300126,0.02175207367339063,18.0,1700.0,0.09257525902052095,0.9613696747852359,0.0,39986.0,0.9408716598312479,0.0,0
1.0779414064984163,0.021864377554517454,19.0,1706.0,0.09490997200779779,0.9613696747852362,0.0,39986.0,0.9408716598312479,0.0,0
1.0802034883795901,0.021933859743140917,20.0,1711.0,0.09710257170034801,0.9613696747852366,0.0,39986.0,0.9408716598312479,0.0,0
1.0824253126467032,0.022092457558519428,21.0,1720.0,0.09916579815208268,0.9613696747852364,0.0,39986.0,0.9408716598312479,0.0,0
1.0845426245304635,0.022264388868803775,22.0,1728.0,0.10111117872555864,0.9613696747852359,0.0,39986.0,0.9408716598312479,0.0,0
1.0865174889881621,0.022401283425075445,23.0,1737.0,0.10294914862698547,0.9613696747852358,0.0,39986.0,0.9408716598312479,0.0,0
1.0884694505052213,0.02261387674869103,24.0,1748.0,0.1046916963266837,0.9613937180433271,0.0,39985.0,0.9408716598312479,0.0,0
1.0901461251679692,0.02263987629221269,25.0,1750.0,0.10634237144590979,0.9613937180433271,0.0,39985.0,0.9408716598312479,0.0,0
1.0917970015507452,0.022721756773237935,26.0,1753.0,0.1079113673476606,0.9613937180433274,0.0,39985.0,0.9408716598312479,0.0,0
1.093381611090185,0.02281201083119524,27.0,1757.0,0.10940572282914329,0.9613937180433273,0.0,39985.0,0.9408716598312479,0.0,0
1.0948754660925373,0.02287978888276605,28.0,1760.0,0.11083179977992445,0.9613937180433273,0.0,39985.0,0.9408716598312479,0.0,0
1.096459500713452,0.023100262426447873,29.0,1769.0,0.11219536085715769,0.9613937180433271,0.0,39985.0,0.9408716598312479,0.0,0
1.0978062900833854,0.023140785450968038,30.0,1771.0,0.11350162720257054,0.9613937180433271,0.0,39985.0,0.9408716598312479,0.0,0
1.099237939562117,0.02331873194900433,31.0,1778.0,0.11475533018326602,0.9613937180433269,0.0,39985.0,0.9408716598312479,0.0,0
1.100581179751522,0.02345654429023628,32.0,1785.0,0.11596075803143895,0.9613937180433271,0.0,39985.0,0.9408716598312479,0.0,0
1.1019156448328216,0.02362996942201056,33.0,1795.0,0.11712179798096425,0.9613937180433271,0.0,39985.0,0.9408716598312479,0.0,0
1.1030849187108502,0.02367906691022659,34.0,1798.0,0.11824197437077708,0.9613937180433273,0.0,39985.0,0.9408716598312479,0.0,0
1.1042201600934167,0.023731799549494354,35.0,1802.0,0.11932448311407569,0.9613937180433273,0.0,39985.0,0.9408716598312479,0.0,0
1.1053231579225489,0.023787057607918934,36.0,1804.0,0.12037222288478336,0.9613937180433269,0.0,39985.0,0.9408716598312479,0.0,0
1.1063796096478582,0.023827908882297102,37.0,1806.0,0.12138782333571439,0.9613937180433273,0.0,39985.0,0.9408716598312479,0.0,0
1.1074617069072625,0.023924158845747123,38.0,1810.0,0.12237367063166876,0.9613937180433267,0.0,39985.0,0.9408716598312479,0.0,0
1.1084284103469326,0.023932602363841333,39.0,1813.0,0.12333193055324448,0.9613937180433271,0.0,39985.0,0.9408716598312479,0.0,0
1.1094502643677844,0.024021817535296943,40.0,1817.0,0.12426456940264077,0.9613937180433271,0.0,39985.0,0.9408716598312479,0.0,0
1.110389159623216,0.024051909272717824,41.0,1820.0,0.12517337292065153,0.9613937180433273,0.0,39985.0,0.9408716598312479,0.0,0
1.1113518411953953,0.024128000361432457,42.0,1825.0,0.12605996340411627,0.9613937180433269,0.0,39985.0,0.9408716598312479,0.0,0
1.1122176929863559,0.024128000361432457,43.0,1825.0,0.1269258151950766,0.9613937180433276,0.0,39985.0,0.9408716598312479,0.0,0
1.1130641464878652,0.024128000361432457,44.0,1825.0,0.12777226869658612,0.9613937180433273,0.0,39985.0,0.9408716598312479,0.0,0
1.1139232474804943,0.02415882699527204,45.0,1827.0,0.12860054305537552,0.9613937180433276,0.0,39985.0,0.9408716598312479,0.0,0
1.1148226625377342,0.024247037469654707,46.0,1831.0,0.12941174763823265,0.9613937180433273,0.0,39985.0,0.9408716598312479,0.0,0
1.115701494383943,0.02433072453721221,47.0,1834.0,0.13020689241688396,0.9613937180433276,0.0,39985.0,0.9408716598312479,0.0,0
1.1165931622041063,0.02444238740901814,48.0,1838.0,0.13098689736524133,0.9613937180433276,0.0,39985.0,0.9408716598312479,0.0,0
1.1174280668993601,0.0245115885065192,49.0,1841.0,0.13175260096299438,0.9613937180433269,0.0,39985.0,0.9408716598312479,0.0,0
1.1182446435179156,0.024575998197484912,50.0,1844.0,0.132504767890584,0.9613937180433269,0.0,39985.0,0.9408716598312479,0.0,0
1.1190484206849645,0.02464044726261651,51.0,1847.0,0.13324409599250128,0.9613937180433271,0.0,39985.0,0.9408716598312479,0.0,0
1.1198827443308301,0.02474764432244844,52.0,1853.0,0.13397122257853505,0.9613937180433274,0.0,39985.0,0.9408716598312479,0.0,0
1.1206237663938727,0.024773158838063053,53.0,1856.0,0.13468673012596297,0.9613937180433271,0.0,39985.0,0.9408716598312479,0.0,0
1.1213366962179026,0.02478166734836657,54.0,1857.0,0.13539115143968947,0.9613937180433265,0.0,39985.0,0.9408716598312479,0.0,0
1.12205975276224,0.0248109010104859,55.0,1859.0,0.1360849743219074,0.9613937180433274,0.0,39985.0,0.9408716598312479,0.0,0
1.1227434242382848,0.0248109010104859,56.0,1859.0,0.13676864579795217,0.9613937180433269,0.0,39985.0,0.9408716598312479,0.0,0
1.1234307637311405,0.024824310360715626,57.0,1860.0,0.13744257594057807,0.9613937180433274,0.0,39985.0,0.9408716598312479,0.0,0
1.1241515376963682,0.024880518935657504,58.0,1862.0,0.13810714133086405,0.9613937180433269,0.0,39985.0,0.9408716598312479,0.0,0
1.124835207449575,0.024908641829403267,59.0,1863.0,0.13876268819032514,0.9613937180433273,0.0,39985.0,0.9408716598312479,0.0,0
1.1255676576822375,0.02499424503688016,60.0,1869.0,0.13940953521551067,0.9613937180433274,0.0,39985.0,0.9408716598312479,0.0,0
1.1262991593017966,0.025088040611137646,61.0,1875.0,0.14005136910673924,0.9614177625040621,0.0,39984.0,0.9408716598312479,0.0,0
1.126949075095571,0.025107601412707393,62.0,1877.0,0.14068172409894383,0.9614177625040626,0.0,39984.0,0.9408716598312479,0.0,0
1.1276131668958094,0.025149246273835444,63.0,1879.0,0.14130417103805415,0.9614177625040623,0.0,39984.0,0.9408716598312479,0.0,0
1.1282843885576808,0.02520567779072676,64.0,1881.0,0.14191896118303426,0.9614177625040626,0.0,39984.0,0.9408716598312479,0.0,0
1.1289481920418518,0.025262130503492956,65.0,1883.0,0.1425263119544391,0.9614177625040626,0.0,39984.0,0.9408716598312479,0.0,0
1.1296047844561394,0.025318610953897636,66.0,1885.0,0.14312642391832206,0.9614177625040625,0.0,39984.0,0.9408716598312479,0.0,0
1.1302346752270642,0.025355442500233128,67.0,1887.0,0.14371948314291133,0.9614177625040625,0.0,39984.0,0.9408716598312479,0.0,0
1.1308774024638564,0.025411990056559582,68.0,1889.0,0.14430566282337692,0.9614177625040626,0.0,39984.0,0.9408716598312479,0.0,0
1.1314986508000162,0.025453776650358927,69.0,1891.0,0.14488512456573735,0.9614177625040631,0.0,39984.0,0.9408716598312479,0.0,0
1.1320776869964837,0.025459917932180633,70.0,1892.0,0.14545801948038323,0.9614177625040631,0.0,39984.0,0.9408716598312479,0.0,0
1.1326995053484055,0.025515266617728894,71.0,1895.0,0.1460244891467567,0.9614177625040625,0.0,39984.0,0.9408716598312479,0.0,0
1.1332633995354984,0.0255189834741616,72.0,1896.0,0.1465846664774169,0.9614177625040629,0.0,39984.0,0.9408716598312479,0.0,0
1.1338740967568308,0.02557567067597077,73.0,1898.0,0.1471386764969402,0.9614177625040626,0.0,39984.0,0.9408716598312479,0.0,0
1.134450420988988,0.02560403435915265,74.0,1899.0,0.1476866370459155,0.9614177625040633,0.0,39984.0,0.9408716598312479,0.0,0
1.1349938091859912,0.025605400184116826,75.0,1900.0,0.1482286594179546,0.9614177625040626,0.0,39984.0,0.9408716598312479,0.0,0
1.1355299987044154,0.025605400184116826,76.0,1900.0,0.14876484893637879,0.9614177625040629,0.0,39984.0,0.9408716598312479,0.0,0
1.1360888658035584,0.025633810743211808,77.0,1901.0,0.1492953054764269,0.9614177625040625,0.0,39984.0,0.9408716598312479,0.0,0
1.1366752162830231,0.02569534276090147,78.0,1904.0,0.14982012393820193,0.9614177625040623,0.0,39984.0,0.9408716598312479,0.0,0
1.1371970177177104,0.025697873458734397,79.0,1905.0,0.15033939467505616,0.9614177625040633,0.0,39984.0,0.9408716598312479,0.0,0
1.1377677287515102,0.02575477528593543,80.0,1907.0,0.15085320388165502,0.9614177625040623,0.0,39984.0,0.9408716598312479,0.0,0
1.1383076630614728,0.02578627953199823,81.0,1909.0,0.15136163394555469,0.9614177625040629,0.0,39984.0,0.9408716598312479,0.0,0
1.1388677542584,0.025843240908718767,82.0,1911.0,0.1518647637657616,0.9614177625040623,0.0,39984.0,0.9408716598312479,0.0,0
1.1394226387423485,0.025900220117016228,83.0,1913.0,0.1523626690414124,0.9614177625040631,0.0,39984.0,0.9408716598312479,0.0,0
1.1399153922343488,0.025900220117016228,84.0,1913.0,0.15285542253341272,0.9614177625040631,0.0,39984.0,0.9408716598312479,0.0,0
1.1404077799642771,0.02590493607875293,85.0,1914.0,0.1533430943016045,0.9614177625040623,0.0,39984.0,0.9408716598312479,0.0,0
1.1408941801385573,0.02590867863485143,86.0,1915.0,0.1538257519197861,0.9614177625040626,0.0,39984.0,0.9408716598312479,0.0,0
1.1414004327491782,0.025937222494569683,87.0,1916.0,0.15430346067068887,0.9614177625040625,0.0,39984.0,0.9408716598312479,0.0,0
1.1419018040005373,0.02596577069380485,88.0,1917.0,0.1547762837228126,0.9614177625040629,0.0,39984.0,0.9408716598312479,0.0,0
1.1424555120195479,0.026051480144784447,89.0,1920.0,0.15524428229084364,0.9614177625040629,0.0,39984.0,0.9408716598312479,0.0,0
1.1429559968945957,0.02608873152946421,90.0,1922.0,0.15570751578121172,0.9614177625040625,0.0,39984.0,0.9408716598312479,0.0,0
1.1434281687308139,0.02610237722269616,91.0,1923.0,0.15616604192419795,0.9614177625040631,0.0,39984.0,0.9408716598312479,0.0,0
1.1439404549302887,0.026160788452500264,92.0,1926.0,0.15661991689386856,0.9614177625040633,0.0,39984.0,0.9408716598312479,0.0,0
1.1444183527255825,0.026189407724673815,93.0,1927.0,0.15706919541698877,0.9614177625040625,0.0,39984.0,0.9408716598312479,0.0,0
1.1448630881805562,0.026189407724673815,94.0,1927.0,0.15751393087196255,0.9614177625040625,0.0,39984.0,0.9408716598312479,0.0,0
1.1453319708760636,0.02621804591340129,95.0,1928.0,0.15795417537874254,0.9614177625040625,0.0,39984.0,0.9408716598312479,0.0,0
1.1457964305649038,0.026246701100417737,96.0,1929.0,0.15838997988056625,0.9614177625040626,0.0,39984.0,0.9408716598312479,0.0,0
1.1462278449026297,0.026246701100417737,97.0,1929.0,0.15882139421829217,0.9614177625040626,0.0,39984.0,0.9408716598312479,0.0,0
1.1466883273969466,0.02628011061498993,98.0,1931.0,0.1592484671980368,0.9614177625040626,0.0,39984.0,0.9408716598312479,0.0,0
1.1471534813712507,0.026322485134585315,99.0,1933.0,0.15967124665274574,0.9614177625040629,0.0,39984.0,0.9408716598312479,0.0,0
1.1476007126507963,0.026351183568604556,100.0,1934.0,0.16008977949827197,0.9614177625040623,0.0,39984.0,0.9408716598312479,0.0,0
1.1480437542719153,0.026379892903512458,101.0,1935.0,0.16050411178448307,0.9614177625040631,0.0,39984.0,0.9408716598312479,0.0,0
1.1485113705486407,0.026437332222858927,102.0,1937.0,0.16091428874186192,0.9614177625040625,0.0,39984.0,0.9408716598312479,0.0,0
1.1489461687507114,0.026466064342759575,103.0,1938.0,0.16132035482403204,0.9614177625040623,0.0,39984.0,0.9408716598312479,0.0,0
1.1493568924113997,0.026474789080893544,104.0,1939.0,0.1617223537465863,0.9614177625040631,0.0,39984.0,0.9408716598312479,0.0,0
1.149754867187385,0.026474789080893544,105.0,1939.0,0.16212032852257163,0.9614177625040629,0.0,39984.0,0.9408716598312479,0.0,0
1.1501826054680493,0.026508534389187755,106.0,1942.0,0.16251432149494183,0.9614177625040623,0.0,39984.0,0.9408716598312479,0.0,0
1.1506014248316574,0.02653730088147325,107.0,1943.0,0.16290437436626443,0.9614177625040631,0.0,39984.0,0.9408716598312479,0.0,0
1.1509875786913326,0.02653730088147325,108.0,1943.0,0.16329052822593954,0.9614177625040625,0.0,39984.0,0.9408716598312479,0.0,0
1.1513745491885456,0.02654197602946147,109.0,1945.0,0.16367282357516433,0.9614177625040631,0.0,39984.0,0.9408716598312479,0.0,0
1.1517818257391068,0.026570775805333388,110.0,1946.0,0.1640513003498537,0.9614177625040625,0.0,39984.0,0.9408716598312479,0.0,0
1.1522038538806392,0.02661810635501055,111.0,1949.0,0.16442599794170867,0.9614177625040631,0.0,39984.0,0.9408716598312479,0.0,0
1.1525748111565357,0.02661810635501055,112.0,1949.0,0.1647969552176055,0.9614177625040623,0.0,39984.0,0.9408716598312479,0.0,0
1.1529708931602416,0.026646933038859656,113.0,1950.0,0.1651642105374623,0.9614177625040625,0.0,39984.0,0.9408716598312479,0.0,0
1.1533633274297121,0.026675776075068127,114.0,1951.0,0.16552780177072426,0.9614177625040625,0.0,39984.0,0.9408716598312479,0.0,0
1.1537320483163762,0.02668453242086022,115.0,1952.0,0.16588776631159619,0.9614177625040631,0.0,39984.0,0.9408716598312479,0.0,0
1.1541461421809855,0.026742251503927155,116.0,1954.0,0.16624414109313848,0.9614177625040625,0.0,39984.0,0.9408716598312479,0.0,0
1.1544989636881782,0.026742251503927155,117.0,1954.0,0.1665969626003312,0.9614177625040631,0.0,39984.0,0.9408716598312479,0.0,0
1.1548620513985675,0.026756034932445938,118.0,1955.0,0.16694626688220188,0.9614177625040626,0.0,39984.0,0.9408716598312479,0.0,0
1.1552078740794685,0.026756034932445938,119.0,1955.0,0.16729208956310268,0.9614177625040626,0.0,39984.0,0.9408716598312479,0.0,0
1.1555502503695805,0.026756034932445938,120.0,1955.0,0.16763446585321473,0.9614177625040626,0.0,39984.0,0.9408716598312479,0.0,0
1.1559195119991736,0.02678633185690319,121.0,1957.0,0.1679734305583507,0.9614177625040626,0.0,39984.0,0.9408716598312479,0.0,0
1.1562550995299428,0.02678633185690319,122.0,1957.0,0.16830901808911966,0.9614177625040633,0.0,39984.0,0.9408716598312479,0.0,0
1.156587343910333,0.02678633185690319,123.0,1957.0,0.16864126246951006,0.9614177625040625,0.0,39984.0,0.9408716598312479,0.0,0
1.1569363662878867,0.026806419359020492,124.0,1959.0,0.16897019734494648,0.9614177625040621,0.0,39984.0,0.9408716598312479,0.0,0
1.157304774120498,0.026849168546713983,125.0,1961.0,0.16929585598986432,0.9614177625040626,0.0,39984.0,0.9408716598312479,0.0,0
1.1576561408328059,0.02687811993403886,126.0,1962.0,0.16961827131484714,0.9614177625040626,0.0,39984.0,0.9408716598312479,0.0,0
1.1579753453913244,0.02687811993403886,127.0,1962.0,0.1699374758733656,0.9614177625040629,0.0,39984.0,0.9408716598312479,0.0,0
1.1583341622250805,0.02692091077300905,128.0,1964.0,0.17025350186815166,0.9614177625040626,0.0,39984.0,0.9408716598312479,0.0,0
1.1586760154420461,0.026949884700885093,129.0,1965.0,0.17056638115724113,0.9614177625040623,0.0,39984.0,0.9408716598312479,0.0,0
1.158992069255787,0.026956174412152856,130.0,1966.0,0.17087614525971415,0.9614177625040629,0.0,39984.0,0.9408716598312479,0.0,0
1.159327741282699,0.026985166337621977,131.0,1967.0,0.17118282536115728,0.9614177625040623,0.0,39984.0,0.9408716598312479,0.0,0
1.159696021354126,0.027049819451333126,132.0,1971.0,0.17148645231887316,0.9614177625040626,0.0,39984.0,0.9408716598312479,0.0,0
1.1600546376866543,0.027107831435876417,133.0,1973.0,0.17178705666685826,0.9614177625040621,0.0,39984.0,0.9408716598312479,0.0,0
1.1604102857942928,0.027165867589804493,134.0,1975.0,0.17208466862056848,0.9614177625040626,0.0,39984.0,0.9408716598312479,0.0,0
1.1607049352552135,0.027165867589804493,135.0,1975.0,0.17237931808148904,0.9614177625040626,0.0,39984.0,0.9408716598312479,0.0,0
1.1610256845663247,0.027194900340878136,136.0,1976.0,0.17267103464152694,0.9614177625040621,0.0,39984.0,0.9408716598312479,0.0,0
1.161343541035088,0.027223943863930514,137.0,1977.0,0.17295984758723798,0.9614177625040623,0.0,39984.0,0.9408716598312479,0.0,0
1.1616433448386534,0.027237809350830425,138.0,1978.0,0.1732457859039032,0.9614177625040623,0.0,39984.0,0.9408716598312479,0.0,0
1.1619264372142157,0.027237809350830425,139.0,1978.0,0.17352887827946548,0.9614177625040631,0.0,39984.0,0.9408716598312479,0.0,0
1.1622155331307114,0.02724663043845355,140.0,1979.0,0.17380915310833817,0.9614177625040626,0.0,39984.0,0.9408716598312479,0.0,0
1.1624930185174676,0.02724663043845355,141.0,1979.0,0.17408663849509412,0.9614177625040631,0.0,39984.0,0.9408716598312479,0.0,0
1.1627954974591335,0.027274385617167215,142.0,1981.0,0.17436136225804633,0.9614177625040626,0.0,39984.0,0.9408716598312479,0.0,0
1.1630965746845736,0.027303473167928954,143.0,1982.0,0.174633351932725,0.9614177625040626,0.0,39984.0,0.9408716598312479,0.0,0
1.1633797428813306,0.027317358522150025,144.0,1983.0,0.17490263477526094,0.9614177625040629,0.0,39984.0,0.9408716598312479,0.0,0
1.1636463458717512,0.027317358522150025,145.0,1983.0,0.17516923776568144,0.9614177625040626,0.0,39984.0,0.9408716598312479,0.0,0
1.163931763274027,0.027338826078983303,146.0,1986.0,0.1754331876111238,0.9614177625040631,0.0,39984.0,0.9408716598312479,0.0,0
1.1642222018578956,0.02736794152500354,147.0,1987.0,0.17569451074897233,0.9614177625040625,0.0,39984.0,0.9408716598312479,0.0,0
1.164494823438207,0.02738184050436296,148.0,1988.0,0.17595323334992435,0.9614177625040626,0.0,39984.0,0.9408716598312479,0.0,0
1.1647800982899286,0.027410967385019268,149.0,1989.0,0.1762093813209896,0.9614177625040623,0.0,39984.0,0.9408716598312479,0.0,0
1.1650346383830676,0.027412731564830973,150.0,1990.0,0.1764672519693094,0.9614418081675319,0.0,39983.0,0.9408716598312479,0.0,0
1.1653148972672964,0.027441874010532143,151.0,1991.0,0.17671836840783697,0.9614418081675323,0.0,39983.0,0.9408716598312479,0.0,0
1.1655634912231243,0.027441874010532143,152.0,1991.0,0.17696696236366483,0.9614418081675327,0.0,39983.0,0.9408716598312479,0.0,0
1.1658096072954387,0.027441874010532143,153.0,1991.0,0.1772130784359791,0.9614418081675324,0.0,39983.0,0.9408716598312479,0.0,0
1.1660671902583044,0.027455791690186814,154.0,1992.0,0.17745674371919015,0.9614418081675319,0.0,39983.0,0.9408716598312479,0.0,0
1.1663375990011406,0.027484960627572417,155.0,1993.0,0.1776979835246408,0.9614418081675323,0.0,39983.0,0.9408716598312479,0.0,0
1.1665764378290484,0.027484960627572417,156.0,1993.0,0.17793682235254848,0.9614418081675324,0.0,39983.0,0.9408716598312479,0.0,0
1.166812899727648,0.027484960627572417,157.0,1993.0,0.17817328425114798,0.9614418081675327,0.0,39983.0,0.9408716598312479,0.0,0
1.1670761967753442,0.02751414897584158,158.0,1994.0,0.17840739295057514,0.9614418081675323,0.0,39983.0,0.9408716598312479,0.0,0
1.1673371684894291,0.027543341726659544,159.0,1995.0,0.17863917191384207,0.9614418081675327,0.0,39983.0,0.9408716598312479,0.0,0
1.1675666409328613,0.027543341726659544,160.0,1995.0,0.1788686443572745,0.9614418081675319,0.0,39983.0,0.9408716598312479,0.0,0
1.1677938298352668,0.027543341726659544,161.0,1995.0,0.17909583325967995,0.9614418081675324,0.0,39983.0,0.9408716598312479,0.0,0
1.168018757942925,0.027543341726659544,162.0,1995.0,0.17932076136733818,0.9614418081675321,0.0,39983.0,0.9408716598312479,0.0,0
1.1682553917540366,0.027557285707686573,163.0,1996.0,0.17954345119742277,0.9614418081675319,0.0,39983.0,0.9408716598312479,0.0,0
1.1684770959102944,0.027558516020550754,164.0,1997.0,0.17976392504081629,0.9614418081675323,0.0,39983.0,0.9408716598312479,0.0,0
1.1686953758341534,0.027558516020550754,165.0,1997.0,0.17998220496467526,0.9614418081675323,0.0,39983.0,0.9408716598312479,0.0,0
1.168915318803477,0.0275623511396726,166.0,1998.0,0.18019831281487703,0.9614418081675321,0.0,39983.0,0.9408716598312479,0.0,0
1.1691292762069967,0.0275623511396726,167.0,1998.0,0.1804122702183967,0.9614418081675324,0.0,39983.0,0.9408716598312479,0.0,0
1.1693411045742363,0.0275623511396726,168.0,1998.0,0.1806240985856364,0.9614418081675321,0.0,39983.0,0.9408716598312479,0.0,0
1.1695508251013138,0.0275623511396726,169.0,1998.0,0.18083381911271393,0.9614418081675319,0.0,39983.0,0.9408716598312479,0.0,0
1.1697584587723135,0.0275623511396726,170.0,1998.0,0.18104145278371347,0.9614418081675321,0.0,39983.0,0.9408716598312479,0.0,0
1.1699640263615034,0.0275623511396726,171.0,1998.0,0.18124702037290347,0.9614418081675321,0.0,39983.0,0.9408716598312479,0.0,0
1.1701675484355216,0.0275623511396726,172.0,1998.0,0.18145054244692152,0.9614418081675327,0.0,39983.0,0.9408716598312479,0.0,0
1.1703983164528784,0.02759162223702264,173.0,1999.0,0.1816520393669283,0.9614418081675329,0.0,39983.0,0.9408716598312479,0.0,0
1.1706117815302937,0.027605595390634962,174.0,2000.0,0.18185153129073123,0.9614418081675327,0.0,39983.0,0.9408716598312479,0.0,0
1.1708092884144428,0.027605595390634962,175.0,2000.0,0.18204903817488036,0.9614418081675323,0.0,39983.0,0.9408716598312479,0.0,0
1.171004830016298,0.027605595390634962,176.0,2000.0,0.1822445797767357,0.9614418081675323,0.0,39983.0,0.9408716598312479,0.0,0
1.1711984258960706,0.027605595390634962,177.0,2000.0,0.18243817565650827,0.9614418081675319,0.0,39983.0,0.9408716598312479,0.0,0
1.1713900954188372,0.027605595390634962,178.0,2000.0,0.18262984517927489,0.9614418081675321,0.0,39983.0,0.9408716598312479,0.0,0
1.1715798577565304,0.027605595390634962,179.0,2000.0,0.18281960751696794,0.9614418081675329,0.0,39983.0,0.9408716598312479,0.0,0
1.1717677318899036,0.027605595390634962,180.0,2000.0,0.18300748165034111,0.9614418081675329,0.0,39983.0,0.9408716598312479,0.0,0
1.1719830458368152,0.02763490461697689,181.0,2001.0,0.18319348637091107,0.9614418081675324,0.0,39983.0,0.9408716598312479,0.0,0
1.1721671997487804,0.02763490461697689,182.0,2001.0,0.18337764028287595,0.9614418081675323,0.0,39983.0,0.9408716598312479,0.0,0
1.172349521270916,0.02763490461697689,183.0,2001.0,0.1835599618050118,0.9614418081675319,0.0,39983.0,0.9408716598312479,0.0,0
1.1725593525546765,0.02766422853320247,184.0,2002.0,0.18374046917254652,0.9614418081675323,0.0,39983.0,0.9408716598312479,0.0,0
1.1727705281921514,0.02769669290421133,185.0,2004.0,0.1839191804390127,0.9614418081675323,0.0,39983.0,0.9408716598312479,0.0,0
1.1729474612312187,0.02769669290421133,186.0,2004.0,0.18409611347807991,0.9614418081675323,0.0,39983.0,0.9408716598312479,0.0,0
1.173130625452234,0.027704684617941386,187.0,2006.0,0.18427128598536532,0.9614418081675323,0.0,39983.0,0.9408716598312479,0.0,0
1.1733333977481906,0.02773402741903755,188.0,2007.0,0.18444471548022562,0.9614418081675321,0.0,39983.0,0.9408716598312479,0.0,0
1.1735051015754931,0.02773402741903755,189.0,2007.0,0.1846164193075282,0.9614418081675323,0.0,39983.0,0.9408716598312479,0.0,0
1.1736750969073684,0.02773402741903755,190.0,2007.0,0.18478641463940354,0.9614418081675324,0.0,39983.0,0.9408716598312479,0.0,0
1.1738434007449432,0.02773402741903755,191.0,2007.0,0.18495471847697817,0.9614418081675321,0.0,39983.0,0.9408716598312479,0.0,0
1.174010029920055,0.02773402741903755,192.0,2007.0,0.18512134765209012,0.9614418081675324,0.0,39983.0,0.9408716598312479,0.0,0
1.1741890161381359,0.027748042460224234,193.0,2008.0,0.18528631882898416,0.9614418081675324,0.0,39983.0,0.9408716598312479,0.0,0
1.174352345815143,0.027748042460224234,194.0,2008.0,0.1854496485059914,0.9614418081675327,0.0,39983.0,0.9408716598312479,0.0,0
1.1745140503263403,0.027748042460224234,195.0,2008.0,0.18561135301718873,0.9614418081675321,0.0,39983.0,0.9408716598312479,0.0,0
1.174688167567062,0.027762064184091866,196.0,2009.0,0.1857714485340427,0.9614418081675319,0.0,39983.0,0.9408716598312479,0.0,0
1.1748466701000544,0.027762064184091866,197.0,2009.0,0.18592995106703514,0.9614418081675323,0.0,39983.0,0.9408716598312479,0.0,0
1.175003595500292,0.027762064184091866,198.0,2009.0,0.18608687646727257,0.9614418081675321,0.0,39983.0,0.9408716598312479,0.0,0
1.17522665821552,0.02782976293851457,199.0,2012.0,0.18624224042807802,0.9614418081675323,0.0,39983.0,0.9408716598312479,0.0,0
1.1753804762740094,0.02782976293851457,200.0,2012.0,0.18639605848656735,0.9614418081675324,0.0,39983.0,0.9408716598312479,0.0,0
1.175532763812651,0.02782976293851457,201.0,2012.0,0.18654834602520892,0.9614418081675321,0.0,39983.0,0.9408716598312479,0.0,0
1.1756835360608087,0.02782976293851457,202.0,2012.0,0.18669911827336663,0.9614418081675324,0.0,39983.0,0.9408716598312479,0.0,0
1.1758328080962703,0.02782976293851457,203.0,2012.0,0.1868483903088283,0.9614418081675323,0.0,39983.0,0.9408716598312479,0.0,0
1.1759805948467597,0.02782976293851457,204.0,2012.0,0.1869961770593176,0.9614418081675327,0.0,39983.0,0.9408716598312479,0.0,0
1.1761269110914325,0.02782976293851457,205.0,2012.0,0.1871424933039906,0.9614418081675327,0.0,39983.0,0.9408716598312479,0.0,0
1.1762717714623598,0.02782976293851457,206.0,2012.0,0.1872873536749178,0.9614418081675327,0.0,39983.0,0.9408716598312479,0.0,0
1.176415190445992,0.02782976293851457,207.0,2012.0,0.18743077265855018,0.9614418081675327,0.0,39983.0,0.9408716598312479,0.0,0
1.1765571823846126,0.02782976293851457,208.0,2012.0,0.18757276459717076,0.9614418081675319,0.0,39983.0,0.9408716598312479,0.0,0
1.17672718828963,0.027859189750370623,209.0,2013.0,0.18771334369033182,0.9614418081675321,0.0,39983.0,0.9408716598312479,0.0,0
1.176866368595575,0.027859189750370623,210.0,2013.0,0.18785252399627694,0.9614418081675327,0.0,39983.0,0.9408716598312479,0.0,0
1.1770041640326472,0.027859189750370623,211.0,2013.0,0.18799031943334912,0.9614418081675321,0.0,39983.0,0.9408716598312479,0.0,0
1.1771700292201355,0.027888630589822983,212.0,2014.0,0.18812674378138494,0.9614418081675329,0.0,39983.0,0.9408716598312479,0.0,0
1.1773050961218439,0.027888630589822983,213.0,2014.0,0.18826181068309344,0.9614418081675327,0.0,39983.0,0.9408716598312479,0.0,0
1.1774388190841736,0.027888630589822983,214.0,2014.0,0.18839553364542314,0.9614418081675323,0.0,39983.0,0.9408716598312479,0.0,0
1.1775712114796637,0.027888630589822983,215.0,2014.0,0.18852792604091329,0.9614418081675327,0.0,39983.0,0.9408716598312479,0.0,0
1.1777022865477835,0.027888630589822983,216.0,2014.0,0.18865900110903303,0.9614418081675323,0.0,39983.0,0.9408716598312479,0.0,0
1.1778320573962566,0.027888630589822983,217.0,2014.0,0.18878877195750635,0.9614418081675321,0.0,39983.0,0.9408716598312479,0.0,0
1.1779605370023738,0.027888630589822983,218.0,2014.0,0.1889172515636234,0.9614418081675323,0.0,39983.0,0.9408716598312479,0.0,0
1.1780877382142911,0.027888630589822983,219.0,2014.0,0.18904445277554074,0.9614418081675323,0.0,39983.0,0.9408716598312479,0.0,0
1.1782136737523152,0.027888630589822983,220.0,2014.0,0.189170388313565,0.9614418081675319,0.0,39983.0,0.9408716598312479,0.0,0
1.1783383562101777,0.027888630589822983,221.0,2014.0,0.18929507077142727,0.9614418081675321,0.0,39983.0,0.9408716598312479,0.0,0
1.1784912703577768,0.027918102891306362,222.0,2015.0,0.18941851261754294,0.9614418081675327,0.0,39983.0,0.9408716598312479,0.0,0
1.1786134839364921,0.027918102891306362,223.0,2015.0,0.18954072619625836,0.9614418081675321,0.0,39983.0,0.9408716598312479,0.0,0
1.1787344814693206,0.027918102891306362,224.0,2015.0,0.1896617237290869,0.9614418081675323,0.0,39983.0,0.9408716598312479,0.0,0
1.178854275056165,0.027918102891306362,225.0,2015.0,0.1897815173159312,0.9614418081675327,0.0,39983.0,0.9408716598312479,0.0,0
1.1790023612895002,0.02794758750427946,226.0,2016.0,0.18990011893629347,0.9614418081675323,0.0,39983.0,0.9408716598312479,0.0,0
1.1791492712485077,0.027977075949105906,227.0,2017.0,0.1900175404504743,0.9614418081675323,0.0,39983.0,0.9408716598312479,0.0,0
1.1792655243987924,0.027977075949105906,228.0,2017.0,0.19013379360075908,0.9614418081675327,0.0,39983.0,0.9408716598312479,0.0,0
1.1793806208106252,0.027977075949105906,229.0,2017.0,0.19024889001259185,0.9614418081675323,0.0,39983.0,0.9408716598312479,0.0,0
1.1794945719937728,0.027977075949105906,230.0,2017.0,0.19036284119573937,0.9614418081675329,0.0,39983.0,0.9408716598312479,0.0,0
1.1796368902320316,0.02800657683766281,231.0,2018.0,0.19047565854544135,0.9614418081675323,0.0,39983.0,0.9408716598312479,0.0,0
1.179748585030141,0.02800657683766281,232.0,2018.0,0.19058735334355087,0.9614418081675327,0.0,39983.0,0.9408716598312479,0.0,0
1.1798591684462527,0.02800657683766281,233.0,2018.0,0.19069793675966257,0.9614418081675327,0.0,39983.0,0.9408716598312479,0.0,0
1.1799686515388204,0.02800657683766281,234.0,2018.0,0.19080741985223007,0.9614418081675323,0.0,39983.0,0.9408716598312479,0.0,0
1.1800819259789297,0.028011457560330896,235.0,2019.0,0.1909158135696715,0.9614418081675324,0.0,39983.0,0.9408716598312479,0.0,0
1.1802033286212956,0.02802554502090328,236.0,2020.0,0.19102312875146502,0.9614418081675319,0.0,39983.0,0.9408716598312479,0.0,0
1.1803095759990636,0.02802554502090328,237.0,2020.0,0.19112937612923306,0.9614418081675323,0.0,39983.0,0.9408716598312479,0.0,0
1.1804147661976456,0.02802554502090328,238.0,2020.0,0.19123456632781502,0.9614418081675324,0.0,39983.0,0.9408716598312479,0.0,0
1.180518909736161,0.02802554502090328,239.0,2020.0,0.1913387098663304,0.9614418081675327,0.0,39983.0,0.9408716598312479,0.0,0
1.180622017029061,0.02802554502090328,240.0,2020.0,0.19144181715923053,0.9614418081675323,0.0,39983.0,0.9408716598312479,0.0,0
1.1807240983871712,0.02802554502090328,241.0,2020.0,0.1915438985173405,0.9614418081675323,0.0,39983.0,0.9408716598312479,0.0,0
1.1808251640187208,0.02802554502090328,242.0,2020.0,0.19164496414889012,0.9614418081675327,0.0,39983.0,0.9408716598312479,0.0,0
1.1809252240303654,0.02802554502090328,243.0,2020.0,0.19174502416053466,0.9614418081675327,0.0,39983.0,0.9408716598312479,0.0,0
1.181038386152486,0.02803964274519262,244.0,2021.0,0.19184408855836593,0.9614418081675323,0.0,39983.0,0.9408716598312479,0.0,0
1.181136464843033,0.02803964274519262,245.0,2021.0,0.19194216724891286,0.9614418081675323,0.0,39983.0,0.9408716598312479,0.0,0
1.181233567634252,0.02803964274519262,246.0,2021.0,0.1920392700401321,0.9614418081675323,0.0,39983.0,0.9408716598312479,0.0,0
1.1813297042365092,0.02803964274519262,247.0,2021.0,0.1921354066423891,0.9614418081675321,0.0,39983.0,0.9408716598312479,0.0,0
1.1814248842635493,0.02803964274519262,248.0,2021.0,0.19223058666942916,0.9614418081675324,0.0,39983.0,0.9408716598312479,0.0,0
1.1815255294502367,0.028046054961970785,249.0,2022.0,0.19232481963933856,0.9614418081675319,0.0,39983.0,0.9408716598312479,0.0,0
1.1816920335463907,0.028119263721966402,250.0,2025.0,0.19241811497549693,0.9614418081675323,0.0,39983.0,0.9408716598312479,0.0,0
1.1817844005784128,0.028119263721966402,251.0,2025.0,0.19251048200751902,0.9614418081675321,0.0,39983.0,0.9408716598312479,0.0,0
1.1819054075335609,0.028148822712445,252.0,2026.0,0.19260192997218856,0.9614418081675324,0.0,39983.0,0.9408716598312479,0.0,0
1.1820255066418182,0.028178383778510008,253.0,2027.0,0.19269246801438078,0.9614418081675323,0.0,39983.0,0.9408716598312479,0.0,0
1.1821151438154158,0.028178383778510008,254.0,2027.0,0.19278210518797834,0.9614418081675323,0.0,39983.0,0.9408716598312479,0.0,0
1.18223345482516,0.02820794951945701,255.0,2028.0,0.19287085045677566,0.9614418081675327,0.0,39983.0,0.9408716598312479,0.0,0
1.18232131706376,0.02820794951945701,256.0,2028.0,0.19295871269537568,0.9614418081675327,0.0,39983.0,0.9408716598312479,0.0,0
1.1824083050584617,0.02820794951945701,257.0,2028.0,0.19304570069007734,0.9614418081675327,0.0,39983.0,0.9408716598312479,0.0,0
1.1824944275081393,0.02820794951945701,258.0,2028.0,0.19313182313975472,0.9614418081675327,0.0,39983.0,0.9408716598312479,0.0,0
1.1825796930251102,0.02820794951945701,259.0,2028.0,0.19321708865672588,0.9614418081675319,0.0,39983.0,0.9408716598312479,0.0,0
1.1827322465736143,0.028276085957071963,260.0,2031.0,0.193301505767615,0.9614418081675323,0.0,39983.0,0.9408716598312479,0.0,0
1.1828158237202044,0.028276085957071963,261.0,2031.0,0.19338508291420514,0.9614418081675323,0.0,39983.0,0.9408716598312479,0.0,0
1.182898569260281,0.028276085957071963,262.0,2031.0,0.19346782845428168,0.9614418081675321,0.0,39983.0,0.9408716598312479,0.0,0
1.1829804914684678,0.028276085957071963,263.0,2031.0,0.19354975066246846,0.9614418081675319,0.0,39983.0,0.9408716598312479,0.0,0
1.1830615985370552,0.028276085957071963,264.0,2031.0,0.1936308577310558,0.9614418081675323,0.0,39983.0,0.9408716598312479,0.0,0
1.1831714892544358,0.028305676634689473,265.0,2032.0,0.19371115777081896,0.9614418081675324,0.0,39983.0,0.9408716598312479,0.0,0
1.1832524148446366,0.02830710118387971,266.0,2033.0,0.1937906588118296,0.9614418081675327,0.0,39983.0,0.9408716598312479,0.0,0
1.1833311248370657,0.02830710118387971,267.0,2033.0,0.19386936880425876,0.9614418081675319,0.0,39983.0,0.9408716598312479,0.0,0
1.183409051651979,0.02830710118387971,268.0,2033.0,0.193947295619172,0.9614418081675318,0.0,39983.0,0.9408716598312479,0.0,0
1.1834862030821236,0.02830710118387971,269.0,2033.0,0.19402444704931648,0.9614418081675327,0.0,39983.0,0.9408716598312479,0.0,0
1.1835625868427069,0.02830710118387971,270.0,2033.0,0.19410083080989976,0.9614418081675323,0.0,39983.0,0.9408716598312479,0.0,0
1.1836382105721692,0.02830710118387971,271.0,2033.0,0.1941764545393622,0.9614418081675324,0.0,39983.0,0.9408716598312479,0.0,0
1.1837130818329473,0.02830710118387971,272.0,2033.0,0.19425132580014032,0.9614418081675324,0.0,39983.0,0.9408716598312479,0.0,0
1.1838187160202962,0.02833860909194607,273.0,2035.0,0.19432545207942276,0.9614418081675323,0.0,39983.0,0.9408716598312479,0.0,0
1.183892104730773,0.02833860909194607,274.0,2035.0,0.1943988407898996,0.9614418081675323,0.0,39983.0,0.9408716598312479,0.0,0
1.1839943741619345,0.028368220042503566,275.0,2036.0,0.19447149927050356,0.9614418081675324,0.0,39983.0,0.9408716598312479,0.0,0
1.1840663096785744,0.028368220042503566,276.0,2036.0,0.1945434347871434,0.9614418081675327,0.0,39983.0,0.9408716598312479,0.0,0
1.1841375294248622,0.028368220042503566,277.0,2036.0,0.19461465453343108,0.9614418081675324,0.0,39983.0,0.9408716598312479,0.0,0
1.1842080405228317,0.028368220042503566,278.0,2036.0,0.19468516563140076,0.9614418081675324,0.0,39983.0,0.9408716598312479,0.0,0
1.1842778500236522,0.028368220042503566,279.0,2036.0,0.1947549751322213,0.9614418081675327,0.0,39983.0,0.9408716598312479,0.0,0
1.1843482120752766,0.028369467209448322,280.0,2037.0,0.19482409001690093,0.9614418081675323,0.0,39983.0,0.9408716598312479,0.0,0
1.184416639255362,0.028369467209448322,281.0,2037.0,0.19489251719698616,0.9614418081675323,0.0,39983.0,0.9408716598312479,0.0,0
1.1844843855736276,0.028369467209448322,282.0,2037.0,0.19496026351525195,0.9614418081675321,0.0,39983.0,0.9408716598312479,0.0,0
1.1845810838906876,0.028399093295373313,283.0,2038.0,0.19502733574638698,0.9614418081675324,0.0,39983.0,0.9408716598312479,0.0,0
1.1846474887419711,0.028399093295373313,284.0,2038.0,0.1950937405976702,0.9614418081675329,0.0,39983.0,0.9408716598312479,0.0,0
1.1847132328539431,0.028399093295373313,285.0,2038.0,0.1951594847096423,0.9614418081675323,0.0,39983.0,0.9408716598312479,0.0,0
1.18477832280107,0.028399093295373313,286.0,2038.0,0.1952245746567692,0.9614418081675323,0.0,39983.0,0.9408716598312479,0.0,0
1.184856908584433,0.028413236787405215,287.0,2039.0,0.19528901694810022,0.9614418081675324,0.0,39983.0,0.9408716598312479,0.0,0
1.1849207096642507,0.028413236787405215,288.0,2039.0,0.19535281802791812,0.9614418081675324,0.0,39983.0,0.9408716598312479,0.0,0
1.1849903073333194,0.02841966820800791,289.0,2040.0,0.19541598427638424,0.9614418081675323,0.0,39983.0,0.9408716598312479,0.0,0
1.1850528450671112,0.02841966820800791,290.0,2040.0,0.19547852201017593,0.9614418081675321,0.0,39983.0,0.9408716598312479,0.0,0
1.1851740390343195,0.028478946702273127,291.0,2042.0,0.19554043748311886,0.9614418081675324,0.0,39983.0,0.9408716598312479,0.0,0
1.1852353384380125,0.028478946702273127,292.0,2042.0,0.19560173688681207,0.9614418081675323,0.0,39983.0,0.9408716598312479,0.0,0
1.1852960279024474,0.028478946702273127,293.0,2042.0,0.195662426351247,0.9614418081675323,0.0,39983.0,0.9408716598312479,0.0,0
1.185356113496621,0.028478946702273127,294.0,2042.0,0.19572251194542065,0.9614418081675324,0.0,39983.0,0.9408716598312479,0.0,0
1.185424600170368,0.02848794564349825,295.0,2043.0,0.19578199967794258,0.9614418081675321,0.0,39983.0,0.9408716598312479,0.0,0
1.1854834959900615,0.02848794564349825,296.0,2043.0,0.19584089549763584,0.9614418081675323,0.0,39983.0,0.9408716598312479,0.0,0
1.185541805786557,0.02848794564349825,297.0,2043.0,0.1958992052941313,0.9614418081675323,0.0,39983.0,0.9408716598312479,0.0,0
1.1855995353908828,0.02848794564349825,298.0,2043.0,0.19595693489845725,0.9614418081675321,0.0,39983.0,0.9408716598312479,0.0,0
1.185656690576048,0.02848794564349825,299.0,2043.0,0.19601409008362233,0.9614418081675324,0.0,39983.0,0.9408716598312479,0.0,0
1.1857570849051589,0.02853175349103874,300.0,2045.0,0.19607067656519267,0.9614418081675327,0.0,39983.0,0.9408716598312479,0.0,0
1.1858131083418297,0.02853175349103874,301.0,2045.0,0.1961267000018636,0.9614418081675319,0.0,39983.0,0.9408716598312479,0.0,0
1.1858734793855263,0.028536658540573245,302.0,2046.0,0.19618216599602564,0.9614418081675323,0.0,39983.0,0.9408716598312479,0.0,0
1.1859283934838247,0.028536658540573245,303.0,2046.0,0.19623708009432422,0.9614418081675323,0.0,39983.0,0.9408716598312479,0.0,0
1.1859827611777158,0.028536658540573245,304.0,2046.0,0.19629144778821506,0.9614418081675321,0.0,39983.0,0.9408716598312479,0.0,0
1.1860365879040136,0.028536658540573245,305.0,2046.0,0.19634527451451297,0.9614418081675323,0.0,39983.0,0.9408716598312479,0.0,0
1.186089879045436,0.028536658540573245,306.0,2046.0,0.19639856565593528,0.9614418081675324,0.0,39983.0,0.9408716598312479,0.0,0
1.1861426399311412,0.028536658540573245,307.0,2046.0,0.19645132654164052,0.9614418081675323,0.0,39983.0,0.9408716598312479,0.0,0
1.186194875837262,0.028536658540573245,308.0,2046.0,0.19650356244776152,0.9614418081675321,0.0,39983.0,0.9408716598312479,0.0,0
1.1862530303094108,0.028543096862551007,309.0,2047.0,0.19655527859793218,0.9614418081675329,0.0,39983.0,0.9408716598312479,0.0,0
1.1863042318752892,0.028543096862551007,310.0,2047.0,0.19660648016381074,0.9614418081675323,0.0,39983.0,0.9408716598312479,0.0,0
1.1863549239770748,0.028543096862551007,311.0,2047.0,0.19665717226559637,0.9614418081675319,0.0,39983.0,0.9408716598312479,0.0,0
1.18640511168402,0.028543096862551007,312.0,2047.0,0.19670735997254168,0.9614418081675324,0.0,39983.0,0.9408716598312479,0.0,0
1.1864548000149373,0.028543096862551007,313.0,2047.0,0.19675704830345897,0.9614418081675319,0.0,39983.0,0.9408716598312479,0.0,0
1.1865039939387014,0.028543096862551007,314.0,2047.0,0.19680624222722293,0.961441808167533,0.0,39983.0,0.9408716598312479,0.0,0
1.186582374448975,0.02857277293678072,315.0,2048.0,0.1968549466632668,0.9614418081675327,0.0,39983.0,0.9408716598312479,0.0,0
1.1866305942677828,0.02857277293678072,316.0,2048.0,0.19690316648207476,0.9614418081675327,0.0,39983.0,0.9408716598312479,0.0,0
1.1866873428844356,0.02858178152983915,317.0,2049.0,0.19695090650566902,0.9614418081675321,0.0,39983.0,0.9408716598312479,0.0,0
1.1867346078868581,0.02858178152983915,318.0,2049.0,0.19699817150809168,0.9614418081675319,0.0,39983.0,0.9408716598312479,0.0,0
1.186781402594649,0.02858178152983915,319.0,2049.0,0.19704496621588236,0.9614418081675323,0.0,39983.0,0.9408716598312479,0.0,0
1.1868277316873175,0.02858178152983915,320.0,2049.0,0.19709129530855088,0.9614418081675327,0.0,39983.0,0.9408716598312479,0.0,0
1.1869174519273784,0.028625633659406003,321.0,2051.0,0.19713716341904497,0.9614418081675324,0.0,39983.0,0.9408716598312479,0.0,0
1.1869628636425475,0.028625633659406003,322.0,2051.0,0.19718257513421408,0.9614418081675321,0.0,39983.0,0.9408716598312479,0.0,0
1.187007823503601,0.028625633659406003,323.0,2051.0,0.19722753499526743,0.9614418081675323,0.0,39983.0,0.9408716598312479,0.0,0
1.1870523360065621,0.028625633659406003,324.0,2051.0,0.19727204749822874,0.9614418081675327,0.0,39983.0,0.9408716598312479,0.0,0
1.187105417406303,0.028634645462990275,325.0,2052.0,0.19731611709438523,0.9614418081675327,0.0,39983.0,0.9408716598312479,0.0,0
1.187149048502651,0.028634645462990275,326.0,2052.0,0.19735974819073343,0.9614418081675323,0.0,39983.0,0.9408716598312479,0.0,0
1.187192245462337,0.028634645462990275,327.0,2052.0,0.19740294515041915,0.9614418081675324,0.0,39983.0,0.9408716598312479,0.0,0
1.1872647058984669,0.028664338756364923,328.0,2053.0,0.19744571229317456,0.9614418081675323,0.0,39983.0,0.9408716598312479,0.0,0
1.1873070475010417,0.028664338756364923,329.0,2053.0,0.1974880538957493,0.9614418081675327,0.0,39983.0,0.9408716598312479,0.0,0
1.1873489677976317,0.028664338756364923,330.0,2053.0,0.19752997419233922,0.9614418081675327,0.0,39983.0,0.9408716598312479,0.0,0
1.1873904709803011,0.028664338756364923,331.0,2053.0,0.1975714773750088,0.9614418081675323,0.0,39983.0,0.9408716598312479,0.0,0
1.1874315611994033,0.028664338756364923,332.0,2053.0,0.1976125675941108,0.9614418081675324,0.0,39983.0,0.9408716598312479,0.0,0
1.1874722425639939,0.028664338756364923,333.0,2053.0,0.19765324895870146,0.9614418081675324,0.0,39983.0,0.9408716598312479,0.0,0
1.1875125191422435,0.028664338756364923,334.0,2053.0,0.19769352553695113,0.9614418081675323,0.0,39983.0,0.9408716598312479,0.0,0
1.1875523949618434,0.028664338756364923,335.0,2053.0,0.19773340135655118,0.9614418081675321,0.0,39983.0,0.9408716598312479,0.0,0
1.1875918740104092,0.028664338756364923,336.0,2053.0,0.19777288040511692,0.9614418081675319,0.0,39983.0,0.9408716598312479,0.0,0
1.1876309602358783,0.028664338756364923,337.0,2053.0,0.19781196663058587,0.9614418081675329,0.0,39983.0,0.9408716598312479,0.0,0
1.1876847607567962,0.028680332984798364,338.0,2055.0,0.1978554383857349,0.9614658550338259,0.0,39982.0,0.9408716598312479,0.0,0
1.1877231089821028,0.028680332984798364,339.0,2055.0,0.19789378661104146,0.9614658550338259,0.0,39982.0,0.9408716598312479,0.0,0
1.1877610522421547,0.028680332984798364,340.0,2055.0,0.19793172987109334,0.9614658550338262,0.0,39982.0,0.9408716598312479,0.0,0
1.1877986138417447,0.028680332984798364,341.0,2055.0,0.19796929147068323,0.9614658550338262,0.0,39982.0,0.9408716598312479,0.0,0
1.1878357999801095,0.028680332984798364,342.0,2055.0,0.198006477609048,0.9614658550338264,0.0,39982.0,0.9408716598312479,0.0,0
1.1878726152956862,0.028680332984798364,343.0,2055.0,0.19804329292462478,0.9614658550338265,0.0,39982.0,0.9408716598312479,0.0,0
1.1879090638276488,0.028680332984798364,344.0,2055.0,0.19807974145658735,0.9614658550338259,0.0,39982.0,0.9408716598312479,0.0,0
1.187945149369847,0.028680332984798364,345.0,2055.0,0.1981158269987855,0.9614658550338262,0.0,39982.0,0.9408716598312479,0.0,0
1.1879808756014172,0.028680332984798364,346.0,2055.0,0.19815155323035585,0.9614658550338264,0.0,39982.0,0.9408716598312479,0.0,0
1.1880162461352206,0.028680332984798364,347.0,2055.0,0.19818692376415933,0.9614658550338264,0.0,39982.0,0.9408716598312479,0.0,0
1.1880512645360273,0.028680332984798364,348.0,2055.0,0.19822194216496603,0.961465855033826,0.0,39982.0,0.9408716598312479,0.0,0
1.1880859343275612,0.028680332984798364,349.0,2055.0,0.19825661195649993,0.9614658550338264,0.0,39982.0,0.9408716598312479,0.0,0
1.1881202589954287,0.028680332984798364,350.0,2055.0,0.19829093662436748,0.9614658550338264,0.0,39982.0,0.9408716598312479,0.0,0
1.1881542419885212,0.028680332984798364,351.0,2055.0,0.1983249196174598,0.9614658550338262,0.0,39982.0,0.9408716598312479,0.0,0
1.1881878867198419,0.028680332984798364,352.0,2055.0,0.19835856434878046,0.961465855033826,0.0,39982.0,0.9408716598312479,0.0,0
1.1882211965671132,0.028680332984798364,353.0,2055.0,0.19839187419605187,0.9614658550338259,0.0,39982.0,0.9408716598312479,0.0,0
1.188254174873289,0.028680332984798364,354.0,2055.0,0.1984248525022278,0.9614658550338265,0.0,39982.0,0.9408716598312479,0.0,0
1.188291740082837,0.028685248120610986,355.0,2056.0,0.19845750257596317,0.9614658550338264,0.0,39982.0,0.9408716598312479,0.0,0
1.1883240651989333,0.028685248120610986,356.0,2056.0,0.1984898276920592,0.9614658550338265,0.0,39982.0,0.9408716598312479,0.0,0
1.1883560685987646,0.028685248120610986,357.0,2056.0,0.1985218310918906,0.9614658550338265,0.0,39982.0,0.9408716598312479,0.0,0
1.1883877534906928,0.028685248120610986,358.0,2056.0,0.19855351598381893,0.9614658550338264,0.0,39982.0,0.9408716598312479,0.0,0
1.1884191230504677,0.028685248120610986,359.0,2056.0,0.19858488554359366,0.9614658550338265,0.0,39982.0,0.9408716598312479,0.0,0
1.1884501804216163,0.028685248120610986,360.0,2056.0,0.19861594291474233,0.9614658550338264,0.0,39982.0,0.9408716598312479,0.0,0
1.1884809287158244,0.028685248120610986,361.0,2056.0,0.19864669120895048,0.961465855033826,0.0,39982.0,0.9408716598312479,0.0,0
1.1885113710133062,0.028685248120610986,362.0,2056.0,0.19867713350643212,0.9614658550338262,0.0,39982.0,0.9408716598312479,0.0,0
1.1885415103631654,0.028685248120610986,363.0,2056.0,0.19870727285629133,0.9614658550338262,0.0,39982.0,0.9408716598312479,0.0,0
1.1885713497837496,0.028685248120610986,364.0,2056.0,0.1987371122768757,0.9614658550338256,0.0,39982.0,0.9408716598312479,0.0,0
1.188600892262996,0.028685248120610986,365.0,2056.0,0.19876665475612224,0.9614658550338256,0.0,39982.0,0.9408716598312479,0.0,0
1.1886301407587694,0.028685248120610986,366.0,2056.0,0.1987959032518956,0.961465855033826,0.0,39982.0,0.9408716598312479,0.0,0
1.188659098199194,0.028685248120610986,367.0,2056.0,0.19882486069232008,0.9614658550338262,0.0,39982.0,0.9408716598312479,0.0,0
1.1887174977878066,0.028714978425438527,368.0,2057.0,0.19885352997610498,0.9614658550338264,0.0,39982.0,0.9408716598312479,0.0,0
1.188745881784565,0.028714978425438527,369.0,2057.0,0.19888191397286367,0.9614658550338259,0.0,39982.0,0.9408716598312479,0.0,0
1.188773983335129,0.028714978425438527,370.0,2057.0,0.19891001552342752,0.9614658550338262,0.0,39982.0,0.9408716598312479,0.0,0
1.1888315385568216,0.028744711730405013,371.0,2058.0,0.1989378374401536,0.9614658550338259,0.0,39982.0,0.9408716598312479,0.0,0
1.188873275671874,0.028758903778382732,372.0,2059.0,0.1989653825072284,0.9614658550338265,0.0,39982.0,0.9408716598312479,0.0,0
1.1889005466456108,0.028758903778382732,373.0,2059.0,0.1989926534809651,0.9614658550338259,0.0,39982.0,0.9408716598312479,0.0,0
1.188927546254744,0.028758903778382732,374.0,2059.0,0.19901965309009836,0.9614658550338259,0.0,39982.0,0.9408716598312479,0.0,0
1.1889542772007173,0.028758903778382732,375.0,2059.0,0.19904638403607158,0.961465855033826,0.0,39982.0,0.9408716598312479,0.0,0
1.1889807421579692,0.028758903778382732,376.0,2059.0,0.19907284899332348,0.9614658550338259,0.0,39982.0,0.9408716598312479,0.0,0
1.189006943774213,0.028758903778382732,377.0,2059.0,0.1990990506095674,0.9614658550338259,0.0,39982.0,0.9408716598312479,0.0,0
1.1890328846707146,0.028758903778382732,378.0,2059.0,0.19912499150606885,0.9614658550338259,0.0,39982.0,0.9408716598312479,0.0,0
1.1890585674425638,0.028758903778382732,379.0,2059.0,0.19915067427791797,0.961465855033826,0.0,39982.0,0.9408716598312479,0.0,0
1.189083994658945,0.028758903778382732,380.0,2059.0,0.19917610149429937,0.961465855033826,0.0,39982.0,0.9408716598312479,0.0,0
1.1891091688634028,0.028758903778382732,381.0,2059.0,0.19920127569875717,0.9614658550338264,0.0,39982.0,0.9408716598312479,0.0,0
1.1891340925741036,0.028758903778382732,382.0,2059.0,0.19922619940945813,0.9614658550338262,0.0,39982.0,0.9408716598312479,0.0,0
1.189158768284096,0.028758903778382732,383.0,2059.0,0.19925087511945044,0.9614658550338259,0.0,39982.0,0.9408716598312479,0.0,0
1.189183198461565,0.028758903778382732,384.0,2059.0,0.19927530529691934,0.9614658550338259,0.0,39982.0,0.9408716598312479,0.0,0
1.1892073855500858,0.028758903778382732,385.0,2059.0,0.19929949238544017,0.9614658550338256,0.0,39982.0,0.9408716598312479,0.0,0
1.1892313319688739,0.028758903778382732,386.0,2059.0,0.19932343880422823,0.9614658550338256,0.0,39982.0,0.9408716598312479,0.0,0
1.1892550401130308,0.028758903778382732,387.0,2059.0,0.19934714694838523,0.9614658550338259,0.0,39982.0,0.9408716598312479,0.0,0
1.189278512353789,0.028758903778382732,388.0,2059.0,0.19937061918914323,0.961465855033826,0.0,39982.0,0.9408716598312479,0.0,0
1.1893017510387518,0.028758903778382732,389.0,2059.0,0.1993938578741061,0.9614658550338262,0.0,39982.0,0.9408716598312479,0.0,0
1.1893247584921331,0.028758903778382732,390.0,2059.0,0.1994168653274875,0.9614658550338259,0.0,39982.0,0.9408716598312479,0.0,0
1.1893475370149926,0.028758903778382732,391.0,2059.0,0.19943964385034704,0.9614658550338256,0.0,39982.0,0.9408716598312479,0.0,0
1.1893700888854684,0.028758903778382732,392.0,2059.0,0.1994621957208225,0.961465855033826,0.0,39982.0,0.9408716598312479,0.0,0
1.189392416359007,0.028758903778382732,393.0,2059.0,0.19948452319436122,0.9614658550338262,0.0,39982.0,0.9408716598312479,0.0,0
1.189444270189429,0.028788652299218412,394.0,2060.0,0.19950662850394776,0.9614658550338259,0.0,39982.0,0.9408716598312479,0.0,0
1.1894661555458106,0.028788652299218412,395.0,2060.0,0.19952851386032905,0.961465855033826,0.0,39982.0,0.9408716598312479,0.0,0
1.189487823137719,0.028788652299218412,396.0,2060.0,0.1995501814522377,0.9614658550338262,0.0,39982.0,0.9408716598312479,0.0,0
1.1895092751320944,0.028788652299218412,397.0,2060.0,0.19957163344661302,0.9614658550338262,0.0,39982.0,0.9408716598312479,0.0,0
1.1895305136743,0.028788652299218412,398.0,2060.0,0.1995928719888185,0.9614658550338265,0.0,39982.0,0.9408716598312479,0.0,0
1.1895515408883401,0.028788652299218412,399.0,2060.0,0.19961389920285877,0.9614658550338262,0.0,39982.0,0.9408716598312479,0.0,0
1.1895723588770737,0.028788652299218412,400.0,2060.0,0.1996347171915925,0.9614658550338259,0.0,39982.0,0.9408716598312479,0.0,0
1.189592969722426,0.028788652299218412,401.0,2060.0,0.19965532803694444,0.9614658550338259,0.0,39982.0,0.9408716598312479,0.0,0
1.189613375485596,0.028788652299218412,402.0,2060.0,0.1996757338001146,0.961465855033826,0.0,39982.0,0.9408716598312479,0.0,0
1.1896335782072662,0.028788652299218412,403.0,2060.0,0.19969593652178474,0.9614658550338264,0.0,39982.0,0.9408716598312479,0.0,0
1.1896535799078058,0.028788652299218412,404.0,2060.0,0.19971593822232445,0.961465855033826,0.0,39982.0,0.9408716598312479,0.0,0
1.1896733825874746,0.028788652299218412,405.0,2060.0,0.19973574090199317,0.9614658550338259,0.0,39982.0,0.9408716598312479,0.0,0
1.1896929882266225,0.028788652299218412,406.0,2060.0,0.1997553465411412,0.9614658550338264,0.0,39982.0,0.9408716598312479,0.0,0
1.1897123987858895,0.028788652299218412,407.0,2060.0,0.19977475710040818,0.9614658550338259,0.0,39982.0,0.9408716598312479,0.0,0
1.1897316162064018,0.028788652299218412,408.0,2060.0,0.19979397452092032,0.9614658550338262,0.0,39982.0,0.9408716598312479,0.0,0
1.1897506424099655,0.028788652299218412,409.0,2060.0,0.19981300072448416,0.9614658550338262,0.0,39982.0,0.9408716598312479,0.0,0
1.1897694792992615,0.028788652299218412,410.0,2060.0,0.19983183761378012,0.9614658550338259,0.0,39982.0,0.9408716598312479,0.0,0
1.1897881287580343,0.028788652299218412,411.0,2060.0,0.1998504870725528,0.9614658550338259,0.0,39982.0,0.9408716598312479,0.0,0
1.189806592651281,0.028788652299218412,412.0,2060.0,0.19986895096579962,0.9614658550338259,0.0,39982.0,0.9408716598312479,0.0,0
1.1898248728254393,0.028788652299218412,413.0,2060.0,0.199887231139958,0.9614658550338262,0.0,39982.0,0.9408716598312479,0.0,0
1.1898429711085718,0.028788652299218412,414.0,2060.0,0.19990532942309028,0.9614658550338259,0.0,39982.0,0.9408716598312479,0.0,0
1.1898608893105478,0.028788652299218412,415.0,2060.0,0.19992324762506644,0.9614658550338262,0.0,39982.0,0.9408716598312479,0.0,0
1.1898786292232273,0.028788652299218412,416.0,2060.0,0.1999409875377458,0.9614658550338259,0.0,39982.0,0.9408716598312479,0.0,0
1.189896192620638,0.028788652299218412,417.0,2060.0,0.19995855093515652,0.9614658550338264,0.0,39982.0,0.9408716598312479,0.0,0
1.1899433420648333,0.02881841310489784,418.0,2061.0,0.19997593957367246,0.9614658550338256,0.0,39982.0,0.9408716598312479,0.0,0
1.1899605576833512,0.02881841310489784,419.0,2061.0,0.1999931551921903,0.9614658550338264,0.0,39982.0,0.9408716598312479,0.0,0
1.1899776020034627,0.02881841310489784,420.0,2061.0,0.20001019951230203,0.961465855033826,0.0,39982.0,0.9408716598312479,0.0,0
1.1900009356066688,0.028824871981936992,421.0,2062.0,0.20002707423846888,0.9614658550338256,0.0,39982.0,0.9408716598312479,0.0,0
1.1900176424263909,0.028824871981936992,422.0,2062.0,0.20004378105819068,0.9614658550338265,0.0,39982.0,0.9408716598312479,0.0,0
1.1900341830103753,0.028824871981936992,423.0,2062.0,0.2000603216421754,0.9614658550338262,0.0,39982.0,0.9408716598312479,0.0,0
1.190050559012706,0.028824871981936992,424.0,2062.0,0.200076697644506,0.9614658550338259,0.0,39982.0,0.9408716598312479,0.0,0
1.1900667720710063,0.028824871981936992,425.0,2062.0,0.2000929107028063,0.9614658550338265,0.0,39982.0,0.9408716598312479,0.0,0
1.1900828238066044,0.028824871981936992,426.0,2062.0,0.20010896243840443,0.9614658550338259,0.0,39982.0,0.9408716598312479,0.0,0
1.1900987158246954,0.028824871981936992,427.0,2062.0,0.20012485445649547,0.9614658550338262,0.0,39982.0,0.9408716598312479,0.0,0
1.1901144497145018,0.028824871981936992,428.0,2062.0,0.20014058834630175,0.9614658550338262,0.0,39982.0,0.9408716598312479,0.0,0
1.1901300270494317,0.028824871981936992,429.0,2062.0,0.20015616568123196,0.961465855033826,0.0,39982.0,0.9408716598312479,0.0,0
1.1901454493872388,0.028824871981936992,430.0,2062.0,0.20017158801903862,0.961465855033826,0.0,39982.0,0.9408716598312479,0.0,0
1.1901607182701737,0.028824871981936992,431.0,2062.0,0.20018685690197363,0.9614658550338259,0.0,39982.0,0.9408716598312479,0.0,0
1.1901758352251428,0.028824871981936992,432.0,2062.0,0.20020197385694286,0.9614658550338259,0.0,39982.0,0.9408716598312479,0.0,0
1.190190801763859,0.028824871981936992,433.0,2062.0,0.20021694039565896,0.9614658550338264,0.0,39982.0,0.9408716598312479,0.0,0
1.1902056193829924,0.028824871981936992,434.0,2062.0,0.20023175801479234,0.9614658550338259,0.0,39982.0,0.9408716598312479,0.0,0
1.1902202895643206,0.028824871981936992,435.0,2062.0,0.20024642819612068,0.9614658550338262,0.0,39982.0,0.9408716598312479,0.0,0
1.1902348137748775,0.028824871981936992,436.0,2062.0,0.2002609524066776,0.9614658550338256,0.0,39982.0,0.9408716598312479,0.0,0
1.1902491934670993,0.028824871981936992,437.0,2062.0,0.20027533209889947,0.9614658550338259,0.0,39982.0,0.9408716598312479,0.0,0
1.19026343007897,0.028824871981936992,438.0,2062.0,0.20028956871076992,0.961465855033826,0.0,39982.0,0.9408716598312479,0.0,0
1.1902775250341646,0.028824871981936992,439.0,2062.0,0.2003036636659647,0.9614658550338262,0.0,39982.0,0.9408716598312479,0.0,0
1.190291479742193,0.028824871981936992,440.0,2062.0,0.20031761837399295,0.9614658550338262,0.0,39982.0,0.9408716598312479,0.0,0
1.1903052955985391,0.028824871981936992,441.0,2062.0,0.20033143423033933,0.9614658550338259,0.0,39982.0,0.9408716598312479,0.0,0
1.1903189739848026,0.028824871981936992,442.0,2062.0,0.20034511261660268,0.9614658550338254,0.0,39982.0,0.9408716598312479,0.0,0
1.1903325162688347,0.028824871981936992,443.0,2062.0,0.20035865490063484,0.961465855033826,0.0,39982.0,0.9408716598312479,0.0,0
1.1903459238048764,0.028824871981936992,444.0,2062.0,0.20037206243667652,0.9614658550338259,0.0,39982.0,0.9408716598312479,0.0,0
1.190359197933694,0.028824871981936992,445.0,2062.0,0.20038533656549423,0.9614658550338254,0.0,39982.0,0.9408716598312479,0.0,0
1.1903723399827129,0.028824871981936992,446.0,2062.0,0.200398478614513,0.9614658550338262,0.0,39982.0,0.9408716598312479,0.0,0
1.19038535126615,0.028824871981936992,447.0,2062.0,0.20041148989794985,0.9614658550338262,0.0,39982.0,0.9408716598312479,0.0,0
1.1903982330851448,0.028824871981936992,448.0,2062.0,0.20042437171694494,0.961465855033826,0.0,39982.0,0.9408716598312479,0.0,0
1.1904109867278916,0.028824871981936992,449.0,2062.0,0.2004371253596916,0.9614658550338264,0.0,39982.0,0.9408716598312479,0.0,0
1.1904236134697657,0.028824871981936992,450.0,2062.0,0.20044975210156568,0.9614658550338264,0.0,39982.0,0.9408716598312479,0.0,0
1.1904361145734526,0.028824871981936992,451.0,2062.0,0.2004622532052527,0.9614658550338259,0.0,39982.0,0.9408716598312479,0.0,0
1.190448491289074,0.028824871981936992,452.0,2062.0,0.200474629920874,0.9614658550338262,0.0,39982.0,0.9408716598312479,0.0,0
1.190460744854312,0.028824871981936992,453.0,2062.0,0.20048688348611213,0.9614658550338264,0.0,39982.0,0.9408716598312479,0.0,0
1.190472876494534,0.028824871981936992,454.0,2062.0,0.2004990151263342,0.9614658550338256,0.0,39982.0,0.9408716598312479,0.0,0
1.190484887422915,0.028824871981936992,455.0,2062.0,0.20051102605471502,0.9614658550338264,0.0,39982.0,0.9408716598312479,0.0,0
1.1904967788405576,0.028824871981936992,456.0,2062.0,0.2005229174723578,0.9614658550338259,0.0,39982.0,0.9408716598312479,0.0,0
1.1905085519366145,0.028824871981936992,457.0,2062.0,0.2005346905684147,0.9614658550338259,0.0,39982.0,0.9408716598312479,0.0,0
1.1905202078884054,0.028824871981936992,458.0,2062.0,0.2005463465202053,0.9614658550338265,0.0,39982.0,0.9408716598312479,0.0,0
1.190531747861535,0.028824871981936992,459.0,2062.0,0.200557886493335,0.9614658550338264,0.0,39982.0,0.9408716598312479,0.0,0
1.190543173010011,0.028824871981936992,460.0,2062.0,0.200569311641811,0.9614658550338262,0.0,39982.0,0.9408716598312479,0.0,0
1.1905544844763578,0.028824871981936992,461.0,2062.0,0.20058062310815786,0.9614658550338259,0.0,39982.0,0.9408716598312479,0.0,0
1.190565683391732,0.028824871981936992,462.0,2062.0,0.2005918220235321,0.9614658550338259,0.0,39982.0,0.9408716598312479,0.0,0
1.190606548579299,0.02885464968520163,463.0,2063.0,0.20060290950783438,0.9614658550338256,0.0,39982.0,0.9408716598312479,0.0,0
1.1906175257412874,0.02885464968520163,464.0,2063.0,0.20061388666982294,0.9614658550338256,0.0,39982.0,0.9408716598312479,0.0,0
1.190628393678688,0.02885464968520163,465.0,2063.0,0.2006247546072232,0.9614658550338259,0.0,39982.0,0.9408716598312479,0.0,0
1.1906391534783027,0.02885464968520163,466.0,2063.0,0.20063551440683827,0.9614658550338262,0.0,39982.0,0.9408716598312479,0.0,0
1.1907158284211166,0.028920671890196818,467.0,2066.0,0.2006461671446568,0.9614658550338262,0.0,39982.0,0.9408716598312479,0.0,0
1.1907263751624217,0.028920671890196818,468.0,2066.0,0.20065671388596212,0.9614658550338256,0.0,39982.0,0.9408716598312479,0.0,0
1.1907368169618966,0.028920671890196818,469.0,2066.0,0.20066715568543697,0.9614658550338262,0.0,39982.0,0.9408716598312479,0.0,0
1.1907471548637296,0.028920671890196818,470.0,2066.0,0.2006774935872699,0.961465855033826,0.0,39982.0,0.9408716598312479,0.0,0
1.19075738990172,0.028920671890196818,471.0,2066.0,0.20068772862526044,0.961465855033826,0.0,39982.0,0.9408716598312479,0.0,0
1.1907675230993802,0.028920671890196818,472.0,2066.0,0.20069786182292038,0.9614658550338264,0.0,39982.0,0.9408716598312479,0.0,0
1.190777555470038,0.028920671890196818,473.0,2066.0,0.20070789419357835,0.9614658550338256,0.0,39982.0,0.9408716598312479,0.0,0
1.1907874880169391,0.028920671890196818,474.0,2066.0,0.20071782674047955,0.9614658550338259,0.0,39982.0,0.9408716598312479,0.0,0
1.1907973217333472,0.028920671890196818,475.0,2066.0,0.20072766045688745,0.9614658550338265,0.0,39982.0,0.9408716598312479,0.0,0
1.1908070576026413,0.028920671890196818,476.0,2066.0,0.2007373963261815,0.961465855033826,0.0,39982.0,0.9408716598312479,0.0,0
1.190816696598417,0.028920671890196818,477.0,2066.0,0.20074703532195723,0.961465855033826,0.0,39982.0,0.9408716598312479,0.0,0
1.1908262396845817,0.028920671890196818,478.0,2066.0,0.20075657840812186,0.9614658550338262,0.0,39982.0,0.9408716598312479,0.0,0
1.1908356878154522,0.028920671890196818,479.0,2066.0,0.20076602653899248,0.9614658550338259,0.0,39982.0,0.9408716598312479,0.0,0
1.1908450419358494,0.028920671890196818,480.0,2066.0,0.2007753806593896,0.9614658550338256,0.0,39982.0,0.9408716598312479,0.0,0
1.1908543029811933,0.028920671890196818,481.0,2066.0,0.2007846417047336,0.9614658550338259,0.0,39982.0,0.9408716598312479,0.0,0
1.190863471877596,0.028920671890196818,482.0,2066.0,0.2007938106011362,0.9614658550338264,0.0,39982.0,0.9408716598312479,0.0,0
1.1908725495419548,0.028920671890196818,483.0,2066.0,0.20080288826549506,0.9614658550338259,0.0,39982.0,0.9408716598312479,0.0,0
1.190881536882044,0.028920671890196818,484.0,2066.0,0.20081187560558417,0.9614658550338259,0.0,39982.0,0.9408716598312479,0.0,0
1.1908904347966052,0.028920671890196818,485.0,2066.0,0.20082077352014524,0.9614658550338265,0.0,39982.0,0.9408716598312479,0.0,0
1.1908992441754365,0.028920671890196818,486.0,2066.0,0.2008295828989767,0.9614658550338262,0.0,39982.0,0.9408716598312479,0.0,0
1.190907965899484,0.028920671890196818,487.0,2066.0,0.2008383046230241,0.9614658550338259,0.0,39982.0,0.9408716598312479,0.0,0
1.1909166008409269,0.028920671890196818,488.0,2066.0,0.20084693956446711,0.9614658550338259,0.0,39982.0,0.9408716598312479,0.0,0
1.1909251498632667,0.028920671890196818,489.0,2066.0,0.20085548858680702,0.9614658550338256,0.0,39982.0,0.9408716598312479,0.0,0
1.190963400439437,0.028950458508220766,490.0,2067.0,0.20086395254495332,0.961465855033826,0.0,39982.0,0.9408716598312479,0.0,0
1.1909717801797923,0.028950458508220766,491.0,2067.0,0.2008723322853086,0.961465855033826,0.0,39982.0,0.9408716598312479,0.0,0
1.190980076540338,0.028950458508220766,492.0,2067.0,0.20088062864585435,0.961465855033826,0.0,39982.0,0.9408716598312479,0.0,0
1.1909882903507167,0.028950458508220766,493.0,2067.0,0.20088884245623315,0.9614658550338256,0.0,39982.0,0.9408716598312479,0.0,0
1.1909964224323168,0.028950458508220766,494.0,2067.0,0.20089697453783315,0.9614658550338262,0.0,39982.0,0.9408716598312479,0.0,0
1.191004473598353,0.028950458508220766,495.0,2067.0,0.20090502570386923,0.9614658550338262,0.0,39982.0,0.9408716598312479,0.0,0
1.191012444653948,0.028950458508220766,496.0,2067.0,0.20091299675946442,0.9614658550338259,0.0,39982.0,0.9408716598312479,0.0,0
1.1910203363962153,0.028950458508220766,497.0,2067.0,0.20092088850173145,0.9614658550338265,0.0,39982.0,0.9408716598312479,0.0,0
1.1910281496143345,0.028950458508220766,498.0,2067.0,0.2009287017198507,0.961465855033826,0.0,39982.0,0.9408716598312479,0.0,0
1.1910358850896345,0.028950458508220766,499.0,2067.0,0.2009364371951508,0.9614658550338262,0.0,39982.0,0.9408716598312479,0.0,0
1.1910435435956692,0.028950458508220766,500.0,2067.0,0.20094409570118546,0.9614658550338264,0.0,39982.0,0.9408716598312479,0.0,0
1.1910511258982954,0.028950458508220766,501.0,2067.0,0.20095167800381172,0.961465855033826,0.0,39982.0,0.9408716598312479,0.0,0
1.19105863275575,0.028950458508220766,502.0,2067.0,0.20095918486126638,0.9614658550338259,0.0,39982.0,0.9408716598312479,0.0,0
1.191066064918725,0.028950458508220766,503.0,2067.0,0.2009666170242413,0.9614658550338259,0.0,39982.0,0.9408716598312479,0.0,0
1.1910734231304427,0.028950458508220766,504.0,2067.0,0.2009739752359589,0.9614658550338265,0.0,39982.0,0.9408716598312479,0.0,0
1.1910807081267305,0.028950458508220766,505.0,2067.0,0.2009812602322467,0.9614658550338262,0.0,39982.0,0.9408716598312479,0.0,0
1.1910879206360938,0.028950458508220766,506.0,2067.0,0.20098847274161022,0.9614658550338259,0.0,39982.0,0.9408716598312479,0.0,0
1.1910950613797902,0.028950458508220766,507.0,2067.0,0.20099561348530642,0.961465855033826,0.0,39982.0,0.9408716598312479,0.0,0
1.1911021310718997,0.028950458508220766,508.0,2067.0,0.2010026831774158,0.9614658550338259,0.0,39982.0,0.9408716598312479,0.0,0
1.191109130419397,0.028950458508220766,509.0,2067.0,0.20100968252491325,0.9614658550338264,0.0,39982.0,0.9408716598312479,0.0,0
1.1911160601222233,0.028950458508220766,510.0,2067.0,0.20101661222773945,0.961465855033826,0.0,39982.0,0.9408716598312479,0.0,0
1.191122920873354,0.028950458508220766,511.0,2067.0,0.20102347297887027,0.9614658550338259,0.0,39982.0,0.9408716598312479,0.0,0
1.1911297133588705,0.028950458508220766,512.0,2067.0,0.20103026546438682,0.9614658550338262,0.0,39982.0,0.9408716598312479,0.0,0
1.191166229982002,0.028980250232195626,513.0,2068.0,0.20103699036354344,0.9614658550338264,0.0,39982.0,0.9408716598312479,0.0,0
1.1911728879672938,0.028980250232195626,514.0,2068.0,0.20104364834883506,0.9614658550338259,0.0,39982.0,0.9408716598312479,0.0,0
1.191179479704525,0.028980250232195626,515.0,2068.0,0.20105024008606637,0.961465855033826,0.0,39982.0,0.9408716598312479,0.0,0
1.191186005852875,0.028980250232195626,516.0,2068.0,0.2010567662344163,0.9614658550338262,0.0,39982.0,0.9408716598312479,0.0,0
1.1911924670649638,0.028980250232195626,517.0,2068.0,0.20106322744650515,0.9614658550338262,0.0,39982.0,0.9408716598312479,0.0,0
1.1911988639869182,0.028980250232195626,518.0,2068.0,0.20106962436845952,0.9614658550338264,0.0,39982.0,0.9408716598312479,0.0,0
1.191234990790999,0.029010043764759054,519.0,2069.0,0.20107595763997693,0.9614658550338256,0.0,39982.0,0.9408716598312479,0.0,0
1.1912412610454117,0.029010043764759054,520.0,2069.0,0.20108222789438976,0.9614658550338262,0.0,39982.0,0.9408716598312479,0.0,0
1.1912474689097508,0.029010043764759054,521.0,2069.0,0.2010884357587287,0.9614658550338259,0.0,39982.0,0.9408716598312479,0.0,0
1.1912536150048074,0.029010043764759054,522.0,2069.0,0.20109458185378556,0.9614658550338259,0.0,39982.0,0.9408716598312479,0.0,0
1.191259699945197,0.029010043764759054,523.0,2069.0,0.20110066679417485,0.9614658550338262,0.0,39982.0,0.9408716598312479,0.0,0
1.1912657243394174,0.029010043764759054,524.0,2069.0,0.2011066911883954,0.9614658550338259,0.0,39982.0,0.9408716598312479,0.0,0
1.1912716887899142,0.029010043764759054,525.0,2069.0,0.2011126556388921,0.9614658550338264,0.0,39982.0,0.9408716598312479,0.0,0
1.1912775938931368,0.029010043764759054,526.0,2069.0,0.2011185607421147,0.9614658550338262,0.0,39982.0,0.9408716598312479,0.0,0
1.1912834402396006,0.029010043764759054,527.0,2069.0,0.20112440708857857,0.961465855033826,0.0,39982.0,0.9408716598312479,0.0,0
1.191289228413945,0.029010043764759054,528.0,2069.0,0.20113019526292295,0.961465855033826,0.0,39982.0,0.9408716598312479,0.0,0
1.1912949589949924,0.029010043764759054,529.0,2069.0,0.2011359258439705,0.961465855033826,0.0,39982.0,0.9408716598312479,0.0,0
1.191300632555806,0.029010043764759054,530.0,2069.0,0.20114159940478388,0.9614658550338264,0.0,39982.0,0.9408716598312479,0.0,0
1.191306249663746,0.029010043764759054,531.0,2069.0,0.2011472165127239,0.9614658550338264,0.0,39982.0,0.9408716598312479,0.0,0
1.191311810880528,0.029010043764759054,532.0,2069.0,0.20115277772950602,0.9614658550338259,0.0,39982.0,0.9408716598312479,0.0,0
1.1913173167622786,0.029010043764759054,533.0,2069.0,0.20115828361125662,0.9614658550338259,0.0,39982.0,0.9408716598312479,0.0,0
1.1913227678595906,0.029010043764759054,534.0,2069.0,0.20116373470856852,0.9614658550338265,0.0,39982.0,0.9408716598312479,0.0,0
1.191328164717578,0.029010043764759054,535.0,2069.0,0.20116913156655597,0.9614658550338264,0.0,39982.0,0.9408716598312479,0.0,0
1.1913335078759313,0.029010043764759054,536.0,2069.0,0.20117447472490907,0.9614658550338268,0.0,39982.0,0.9408716598312479,0.0,0
1.1913387978689702,0.029010043764759054,537.0,2069.0,0.2011797647179483,0.9614658550338262,0.0,39982.0,0.9408716598312479,0.0,0
1.1913440352256994,0.029010043764759054,538.0,2069.0,0.2011850020746773,0.9614658550338262,0.0,39982.0,0.9408716598312479,0.0,0
1.1913492204698584,0.029010043764759054,539.0,2069.0,0.2011901873188362,0.9614658550338265,0.0,39982.0,0.9408716598312479,0.0,0
1.1913543541199756,0.029010043764759054,540.0,2069.0,0.20119532096895354,0.9614658550338265,0.0,39982.0,0.9408716598312479,0.0,0
1.191359436689421,0.029010043764759054,541.0,2069.0,0.2012004035383988,0.961465855033826,0.0,39982.0,0.9408716598312479,0.0,0
1.1913644686864553,0.029010043764759054,542.0,2069.0,0.20120543553543313,0.9614658550338265,0.0,39982.0,0.9408716598312479,0.0,0
1.1913694506142822,0.029010043764759054,543.0,2069.0,0.2012104174632603,0.9614658550338259,0.0,39982.0,0.9408716598312479,0.0,0
1.1913743829710994,0.029010043764759054,544.0,2069.0,0.20121534982007735,0.9614658550338256,0.0,39982.0,0.9408716598312479,0.0,0
1.1913792662501463,0.029010043764759054,545.0,2069.0,0.20122023309912426,0.961465855033826,0.0,39982.0,0.9408716598312479,0.0,0
1.1913841009397546,0.029010043764759054,546.0,2069.0,0.20122506778873253,0.9614658550338259,0.0,39982.0,0.9408716598312479,0.0,0
1.1913915392840704,0.02901269552543173,547.0,2070.0,0.2012298543723756,0.9614658550338265,0.0,39982.0,0.9408716598312479,0.0,0
1.1913962782404104,0.02901269552543173,548.0,2070.0,0.2012345933287157,0.9614658550338259,0.0,39982.0,0.9408716598312479,0.0,0
1.1914009700433468,0.02901269552543173,549.0,2070.0,0.20123928513165215,0.9614658550338262,0.0,39982.0,0.9408716598312479,0.0,0
1.1914056151620642,0.02901269552543173,550.0,2070.0,0.20124393025036955,0.961465855033826,0.0,39982.0,0.9408716598312479,0.0,0
1.1914102140610783,0.02901269552543173,551.0,2070.0,0.2012485291493835,0.9614658550338259,0.0,39982.0,0.9408716598312479,0.0,0
1.1914147672002822,0.02901269552543173,552.0,2070.0,0.20125308228858751,0.961465855033826,0.0,39982.0,0.9408716598312479,0.0,0
1.1914192750349941,0.02901269552543173,553.0,2070.0,0.2012575901232995,0.961465855033826,0.0,39982.0,0.9408716598312479,0.0,0
1.1914237380160015,0.02901269552543173,554.0,2070.0,0.2012620531043068,0.961465855033826,0.0,39982.0,0.9408716598312479,0.0,0
1.1914281565896057,0.02901269552543173,555.0,2070.0,0.20126647167791087,0.961465855033826,0.0,39982.0,0.9408716598312479,0.0,0
1.1914325311976681,0.02901269552543173,556.0,2070.0,0.2012708462859732,0.9614658550338265,0.0,39982.0,0.9408716598312479,0.0,0
1.1914368622776528,0.02901269552543173,557.0,2070.0,0.20127517736595807,0.9614658550338259,0.0,39982.0,0.9408716598312479,0.0,0
1.1914411502626716,0.02901269552543173,558.0,2070.0,0.2012794653509769,0.961465855033826,0.0,39982.0,0.9408716598312479,0.0,0
1.1914453955815267,0.02901269552543173,559.0,2070.0,0.201283710669832,0.961465855033826,0.0,39982.0,0.9408716598312479,0.0,0
1.1914495986587532,0.02901269552543173,560.0,2070.0,0.2012879137470585,0.961465855033826,0.0,39982.0,0.9408716598312479,0.0,0
1.1914537599146626,0.02901269552543173,561.0,2070.0,0.20129207500296806,0.9614658550338256,0.0,39982.0,0.9408716598312479,0.0,0
1.191457879765384,0.02901269552543173,562.0,2070.0,0.20129619485368952,0.9614658550338259,0.0,39982.0,0.9408716598312479,0.0,0
1.191461958622906,0.02901269552543173,563.0,2070.0,0.2013002737112113,0.9614658550338259,0.0,39982.0,0.9408716598312479,0.0,0
1.1914659968951173,0.02901269552543173,564.0,2070.0,0.2013043119834226,0.9614658550338264,0.0,39982.0,0.9408716598312479,0.0,0
1.1914699949858485,0.02901269552543173,565.0,2070.0,0.20130831007415398,0.9614658550338259,0.0,39982.0,0.9408716598312479,0.0,0
1.1914739532949126,0.02901269552543173,566.0,2070.0,0.20131226838321795,0.961465855033826,0.0,39982.0,0.9408716598312479,0.0,0
1.1914778722181434,0.02901269552543173,567.0,2070.0,0.20131618730644868,0.9614658550338259,0.0,39982.0,0.9408716598312479,0.0,0
1.1914817521474363,0.02901269552543173,568.0,2070.0,0.20132006723574175,0.961465855033826,0.0,39982.0,0.9408716598312479,0.0,0
1.191485593470788,0.02901269552543173,569.0,2070.0,0.2013239085590933,0.9614658550338259,0.0,39982.0,0.9408716598312479,0.0,0
1.1914893965723337,0.02901269552543173,570.0,2070.0,0.20132771166063895,0.9614658550338262,0.0,39982.0,0.9408716598312479,0.0,0
1.1914931618323865,0.02901269552543173,571.0,2070.0,0.20133147692069184,0.9614658550338259,0.0,39982.0,0.9408716598312479,0.0,0
1.191496889627476,0.02901269552543173,572.0,2070.0,0.20133520471578129,0.9614658550338259,0.0,39982.0,0.9408716598312479,0.0,0
1.1915005803303844,0.02901269552543173,573.0,2070.0,0.2013388954186897,0.9614658550338262,0.0,39982.0,0.9408716598312479,0.0,0
1.1915042343101856,0.02901269552543173,574.0,2070.0,0.20134254939849086,0.9614658550338262,0.0,39982.0,0.9408716598312479,0.0,0
1.1915078519322801,0.02901269552543173,575.0,2070.0,0.20134616702058533,0.9614658550338259,0.0,39982.0,0.9408716598312479,0.0,0
1.1915114335584334,0.02901269552543173,576.0,2070.0,0.20134974864673866,0.9614658550338259,0.0,39982.0,0.9408716598312479,0.0,0
1.191514979546811,0.02901269552543173,577.0,2070.0,0.20135329463511606,0.961465855033826,0.0,39982.0,0.9408716598312479,0.0,0
1.1915184902520146,0.02901269552543173,578.0,2070.0,0.2013568053403199,0.961465855033826,0.0,39982.0,0.9408716598312479,0.0,0
1.1915219660251177,0.02901269552543173,579.0,2070.0,0.20136028111342308,0.961465855033826,0.0,39982.0,0.9408716598312479,0.0,0
1.1915254072137007,0.02901269552543173,580.0,2070.0,0.20136372230200605,0.9614658550338262,0.0,39982.0,0.9408716598312479,0.0,0
1.1915288141618854,0.02901269552543173,581.0,2070.0,0.20136712925019057,0.9614658550338265,0.0,39982.0,0.9408716598312479,0.0,0
1.191532187210369,0.02901269552543173,582.0,2070.0,0.20137050229867431,0.9614658550338256,0.0,39982.0,0.9408716598312479,0.0,0
1.1915355266964596,0.02901269552543173,583.0,2070.0,0.20137384178476486,0.9614658550338262,0.0,39982.0,0.9408716598312479,0.0,0
1.1915388329541081,0.02901269552543173,584.0,2070.0,0.20137714804241347,0.9614658550338259,0.0,39982.0,0.9408716598312479,0.0,0
1.1915421063139435,0.02901269552543173,585.0,2070.0,0.20138042140224896,0.9614658550338262,0.0,39982.0,0.9408716598312479,0.0,0
1.1915453471033046,0.02901269552543173,586.0,2070.0,0.20138366219160986,0.961465855033826,0.0,39982.0,0.9408716598312479,0.0,0
1.1915485556462726,0.02901269552543173,587.0,2070.0,0.2013868707345778,0.9614658550338262,0.0,39982.0,0.9408716598312479,0.0,0
1.1915517322637044,0.02901269552543173,588.0,2070.0,0.2013900473520098,0.9614658550338264,0.0,39982.0,0.9408716598312479,0.0,0
1.191554877273265,0.02901269552543173,589.0,2070.0,0.20139319236157024,0.961465855033826,0.0,39982.0,0.9408716598312479,0.0,0
1.1915579909894574,0.02901269552543173,590.0,2070.0,0.2013963060777626,0.9614658550338262,0.0,39982.0,0.9408716598312479,0.0,0
1.191561073723656,0.02901269552543173,591.0,2070.0,0.20139938881196123,0.961465855033826,0.0,39982.0,0.9408716598312479,0.0,0
1.191564125784137,0.02901269552543173,592.0,2070.0,0.2014024408724422,0.961465855033826,0.0,39982.0,0.9408716598312479,0.0,0
1.1915671474761087,0.02901269552543173,593.0,2070.0,0.20140546256441394,0.9614658550338264,0.0,39982.0,0.9408716598312479,0.0,0
1.1915701391017428,0.02901269552543173,594.0,2070.0,0.20140845419004816,0.9614658550338259,0.0,39982.0,0.9408716598312479,0.0,0
1.1915731009602046,0.02901269552543173,595.0,2070.0,0.20141141604850984,0.9614658550338264,0.0,39982.0,0.9408716598312479,0.0,0
1.1915760333476824,0.02901269552543173,596.0,2070.0,0.20141434843598766,0.961465855033826,0.0,39982.0,0.9408716598312479,0.0,0
1.1915789365574172,0.02901269552543173,597.0,2070.0,0.20141725164572247,0.9614658550338262,0.0,39982.0,0.9408716598312479,0.0,0
1.1915818108797325,0.02901269552543173,598.0,2070.0,0.20142012596803774,0.9614658550338262,0.0,39982.0,0.9408716598312479,0.0,0
1.1915846566020627,0.02901269552543173,599.0,2070.0,0.20142297169036802,0.9614658550338264,0.0,39982.0,0.9408716598312479,0.0,0
1.191587474008983,0.02901269552543173,600.0,2070.0,0.20142578909728812,0.961465855033826,0.0,39982.0,0.9408716598312479,0.0,0
1.1915902633822355,0.02901269552543173,601.0,2070.0,0.2014285784705408,0.9614658550338262,0.0,39982.0,0.9408716598312479,0.0,0
1.1915930250007607,0.02901269552543173,602.0,2070.0,0.20143134008906605,0.9614658550338262,0.0,39982.0,0.9408716598312479,0.0,0
1.1915957591407225,0.02901269552543173,603.0,2070.0,0.2014340742290278,0.961465855033826,0.0,39982.0,0.9408716598312479,0.0,0
1.1915984660755372,0.02901269552543173,604.0,2070.0,0.20143678116384242,0.9614658550338259,0.0,39982.0,0.9408716598312479,0.0,0
1.1916011460759004,0.02901269552543173,605.0,2070.0,0.20143946116420564,0.961465855033826,0.0,39982.0,0.9408716598312479,0.0,0
1.1916037994098143,0.02901269552543173,606.0,2070.0,0.2014421144981196,0.9614658550338262,0.0,39982.0,0.9408716598312479,0.0,0
1.1916064263426147,0.02901269552543173,607.0,2070.0,0.20144474143092,0.9614658550338259,0.0,39982.0,0.9408716598312479,0.0,0
1.191609027136997,0.02901269552543173,608.0,2070.0,0.2014473422253023,0.9614658550338259,0.0,39982.0,0.9408716598312479,0.0,0
1.191611602053043,0.02901269552543173,609.0,2070.0,0.20144991714134827,0.9614658550338264,0.0,39982.0,0.9408716598312479,0.0,0
1.191614151348246,0.02901269552543173,610.0,2070.0,0.20145246643655138,0.961465855033826,0.0,39982.0,0.9408716598312479,0.0,0
1.1916166752775381,0.02901269552543173,611.0,2070.0,0.20145499036584336,0.961465855033826,0.0,39982.0,0.9408716598312479,0.0,0
1.191619174093314,0.02901269552543173,612.0,2070.0,0.2014574891816193,0.9614658550338262,0.0,39982.0,0.9408716598312479,0.0,0
1.1916216480454576,0.02901269552543173,613.0,2070.0,0.2014599631337629,0.961465855033826,0.0,39982.0,0.9408716598312479,0.0,0
1.191624097381366,0.02901269552543173,614.0,2070.0,0.20146241246967128,0.9614658550338264,0.0,39982.0,0.9408716598312479,0.0,0
1.191626522345975,0.02901269552543173,615.0,2070.0,0.20146483743428026,0.9614658550338262,0.0,39982.0,0.9408716598312479,0.0,0
1.191628923181783,0.02901269552543173,616.0,2070.0,0.20146723827008814,0.9614658550338262,0.0,39982.0,0.9408716598312479,0.0,0
1.1916313001288752,0.02901269552543173,617.0,2070.0,0.20146961521718057,0.9614658550338259,0.0,39982.0,0.9408716598312479,0.0,0
1.1916336534249492,0.02901269552543173,618.0,2070.0,0.2014719685132544,0.9614658550338259,0.0,39982.0,0.9408716598312479,0.0,0
1.1916359833053356,0.02901269552543173,619.0,2070.0,0.20147429839364095,0.9614658550338259,0.0,39982.0,0.9408716598312479,0.0,0
1.1916382900030251,0.02901269552543173,620.0,2070.0,0.20147660509133028,0.9614658550338264,0.0,39982.0,0.9408716598312479,0.0,0
1.1916405737486888,0.02901269552543173,621.0,2070.0,0.20147888883699425,0.9614658550338264,0.0,39982.0,0.9408716598312479,0.0,0
1.191642834770704,0.02901269552543173,622.0,2070.0,0.20148114985900917,0.9614658550338259,0.0,39982.0,0.9408716598312479,0.0,0
1.191645073295174,0.02901269552543173,623.0,2070.0,0.20148338838347915,0.9614658550338262,0.0,39982.0,0.9408716598312479,0.0,0
1.1916472895459531,0.02901269552543173,624.0,2070.0,0.20148560463425827,0.9614658550338262,0.0,39982.0,0.9408716598312479,0.0,0
1.1916494837446685,0.02901269552543173,625.0,2070.0,0.20148779883297394,0.9614658550338262,0.0,39982.0,0.9408716598312479,0.0,0
1.1916516561107422,0.02901269552543173,626.0,2070.0,0.2014899711990474,0.9614658550338265,0.0,39982.0,0.9408716598312479,0.0,0
1.1916538068614122,0.02901269552543173,627.0,2070.0,0.2014921219497175,0.9614658550338262,0.0,39982.0,0.9408716598312479,0.0,0
1.1916559362117556,0.02901269552543173,628.0,2070.0,0.20149425130006068,0.9614658550338265,0.0,39982.0,0.9408716598312479,0.0,0
1.1916580443747087,0.02901269552543173,629.0,2070.0,0.20149635946301406,0.9614658550338256,0.0,39982.0,0.9408716598312479,0.0,0
1.1916601315610902,0.02901269552543173,630.0,2070.0,0.2014984466493955,0.9614658550338254,0.0,39982.0,0.9408716598312479,0.0,0
1.1916621979796203,0.02901269552543173,631.0,2070.0,0.2015005130679255,0.9614658550338262,0.0,39982.0,0.9408716598312479,0.0,0
1.1916642438369422,0.02901269552543173,632.0,2070.0,0.20150255892524752,0.9614658550338262,0.0,39982.0,0.9408716598312479,0.0,0
1.1916662693376439,0.02901269552543173,633.0,2070.0,0.2015045844259491,0.9614658550338259,0.0,39982.0,0.9408716598312479,0.0,0
1.1916682746842766,0.02901269552543173,634.0,2070.0,0.2015065897725819,0.961465855033826,0.0,39982.0,0.9408716598312479,0.0,0
1.1916702600773772,0.02901269552543173,635.0,2070.0,0.20150857516568244,0.9614658550338264,0.0,39982.0,0.9408716598312479,0.0,0
1.1916722257154861,0.02901269552543173,636.0,2070.0,0.20151054080379138,0.9614658550338264,0.0,39982.0,0.9408716598312479,0.0,0
1.1917039770615752,0.02904250079183784,637.0,2071.0,0.2015124868834744,0.9614658550338264,0.0,39982.0,0.9408716598312479,0.0,0
1.191705903777442,0.02904250079183784,638.0,2071.0,0.20151441359934116,0.961465855033826,0.0,39982.0,0.9408716598312479,0.0,0
1.1917078113221655,0.02904250079183784,639.0,2071.0,0.20151632114406465,0.9614658550338264,0.0,39982.0,0.9408716598312479,0.0,0
1.1917096998865018,0.02904250079183784,640.0,2071.0,0.20151820970840098,0.9614658550338259,0.0,39982.0,0.9408716598312479,0.0,0
1.191711569659309,0.02904250079183784,641.0,2071.0,0.20152007948120826,0.9614658550338259,0.0,39982.0,0.9408716598312479,0.0,0
1.1917134208275661,0.02904250079183784,642.0,2071.0,0.2015219306494653,0.961465855033826,0.0,39982.0,0.9408716598312479,0.0,0
1.191715253576391,0.02904250079183784,643.0,2071.0,0.2015237633982902,0.9614658550338264,0.0,39982.0,0.9408716598312479,0.0,0
1.1917170680890607,0.02904250079183784,644.0,2071.0,0.2015255779109599,0.9614658550338265,0.0,39982.0,0.9408716598312479,0.0,0
1.1917188645470276,0.02904250079183784,645.0,2071.0,0.20152737436892662,0.961465855033826,0.0,39982.0,0.9408716598312479,0.0,0
1.1917206431299388,0.02904250079183784,646.0,2071.0,0.201529152951838,0.961465855033826,0.0,39982.0,0.9408716598312479,0.0,0
1.1917224040156544,0.02904250079183784,647.0,2071.0,0.20153091383755367,0.9614658550338264,0.0,39982.0,0.9408716598312479,0.0,0
1.1917241473802644,0.02904250079183784,648.0,2071.0,0.2015326572021637,0.9614658550338259,0.0,39982.0,0.9408716598312479,0.0,0
1.191725873398107,0.02904250079183784,649.0,2071.0,0.2015343832200061,0.961465855033826,0.0,39982.0,0.9408716598312479,0.0,0
1.191727582241785,0.02904250079183784,650.0,2071.0,0.20153609206368414,0.9614658550338264,0.0,39982.0,0.9408716598312479,0.0,0
1.191729274082184,0.02904250079183784,651.0,2071.0,0.2015377839040833,0.961465855033826,0.0,39982.0,0.9408716598312479,0.0,0
1.191760755758807,0.02907230746215495,652.0,2072.0,0.20153945891038919,0.9614658550338259,0.0,39982.0,0.9408716598312479,0.0,0
1.191762414098522,0.02907230746215495,653.0,2072.0,0.20154111725010407,0.9614658550338262,0.0,39982.0,0.9408716598312479,0.0,0
1.191764055937481,0.02907230746215495,654.0,2072.0,0.20154275908906297,0.9614658550338262,0.0,39982.0,0.9408716598312479,0.0,0
1.1917656814398692,0.02907230746215495,655.0,2072.0,0.20154438459145124,0.9614658550338264,0.0,39982.0,0.9408716598312479,0.0,0
1.1917672907682384,0.02907230746215495,656.0,2072.0,0.2015459939198205,0.9614658550338265,0.0,39982.0,0.9408716598312479,0.0,0
1.191768884083523,0.02907230746215495,657.0,2072.0,0.20154758723510496,0.9614658550338264,0.0,39982.0,0.9408716598312479,0.0,0
1.1917704615450555,0.02907230746215495,658.0,2072.0,0.20154916469663736,0.9614658550338259,0.0,39982.0,0.9408716598312479,0.0,0
1.1917720233105833,0.02907230746215495,659.0,2072.0,0.20155072646216546,0.961465855033826,0.0,39982.0,0.9408716598312479,0.0,0
1.1917735695362848,0.02907230746215495,660.0,2072.0,0.20155227268786685,0.9614658550338259,0.0,39982.0,0.9408716598312479,0.0,0
1.1917751003767834,0.02907230746215495,661.0,2072.0,0.20155380352836544,0.9614658550338262,0.0,39982.0,0.9408716598312479,0.0,0
1.1917766159851644,0.02907230746215495,662.0,2072.0,0.20155531913674646,0.9614658550338264,0.0,39982.0,0.9408716598312479,0.0,0
1.1917781165129901,0.02907230746215495,663.0,2072.0,0.20155681966457226,0.9614658550338262,0.0,39982.0,0.9408716598312479,0.0,0
1.1917796021103146,0.02907230746215495,664.0,2072.0,0.20155830526189666,0.961465855033826,0.0,39982.0,0.9408716598312479,0.0,0
1.1917810729256986,0.02907230746215495,665.0,2072.0,0.2015597760772807,0.9614658550338264,0.0,39982.0,0.9408716598312479,0.0,0
1.191782529106225,0.02907230746215495,666.0,2072.0,0.20156123225780703,0.9614658550338256,0.0,39982.0,0.9408716598312479,0.0,0
1.1917839707975133,0.02907230746215495,667.0,2072.0,0.20156267394909516,0.961465855033826,0.0,39982.0,0.9408716598312479,0.0,0
1.1917853981437332,0.02907230746215495,668.0,2072.0,0.20156410129531532,0.9614658550338256,0.0,39982.0,0.9408716598312479,0.0,0
1.191786811287621,0.02907230746215495,669.0,2072.0,0.20156551443920318,0.9614658550338262,0.0,39982.0,0.9408716598312479,0.0,0
1.1917882103704924,0.02907230746215495,670.0,2072.0,0.20156691352207454,0.961465855033826,0.0,39982.0,0.9408716598312479,0.0,0
1.1917895955322566,0.02907230746215495,671.0,2072.0,0.20156829868383866,0.9614658550338259,0.0,39982.0,0.9408716598312479,0.0,0
1.191790966911431,0.02907230746215495,672.0,2072.0,0.2015696700630131,0.9614658550338262,0.0,39982.0,0.9408716598312479,0.0,0
1.1917923246451545,0.02907230746215495,673.0,2072.0,0.20157102779673647,0.9614658550338262,0.0,39982.0,0.9408716598312479,0.0,0
1.1917936688692017,0.02907230746215495,674.0,2072.0,0.20157237202078374,0.9614658550338262,0.0,39982.0,0.9408716598312479,0.0,0
1.1917949997179962,0.02907230746215495,675.0,2072.0,0.20157370286957818,0.9614658550338262,0.0,39982.0,0.9408716598312479,0.0,0
1.1917963173246238,0.02907230746215495,676.0,2072.0,0.20157502047620593,0.9614658550338262,0.0,39982.0,0.9408716598312479,0.0,0
1.1917976218208466,0.02907230746215495,677.0,2072.0,0.20157632497242864,0.9614658550338262,0.0,39982.0,0.9408716598312479,0.0,0
1.191798913337115,0.02907230746215495,678.0,2072.0,0.2015776164886971,0.961465855033826,0.0,39982.0,0.9408716598312479,0.0,0
1.1918001920025818,0.02907230746215495,679.0,2072.0,0.20157889515416402,0.9614658550338262,0.0,39982.0,0.9408716598312479,0.0,0
1.1918014579451148,0.02907230746215495,680.0,2072.0,0.20158016109669696,0.9614658550338262,0.0,39982.0,0.9408716598312479,0.0,0
1.191802711291309,0.02907230746215495,681.0,2072.0,0.20158141444289107,0.9614658550338259,0.0,39982.0,0.9408716598312479,0.0,0
1.1918039521665003,0.02907230746215495,682.0,2072.0,0.2015826553180824,0.9614658550338259,0.0,39982.0,0.9408716598312479,0.0,0
1.191805180694777,0.02907230746215495,683.0,2072.0,0.20158388384635906,0.9614658550338256,0.0,39982.0,0.9408716598312479,0.0,0
1.1918063969989932,0.02907230746215495,684.0,2072.0,0.2015851001505752,0.961465855033826,0.0,39982.0,0.9408716598312479,0.0,0
1.19180760120078,0.02907230746215495,685.0,2072.0,0.20158630435236227,0.961465855033826,0.0,39982.0,0.9408716598312479,0.0,0
1.1918087934205592,0.02907230746215495,686.0,2072.0,0.20158749657214128,0.961465855033826,0.0,39982.0,0.9408716598312479,0.0,0
1.1918099737775534,0.02907230746215495,687.0,2072.0,0.2015886769291354,0.9614658550338259,0.0,39982.0,0.9408716598312479,0.0,0
1.191811142389799,0.02907230746215495,688.0,2072.0,0.20158984554138107,0.9614658550338264,0.0,39982.0,0.9408716598312479,0.0,0
1.1918122993741587,0.02907230746215495,689.0,2072.0,0.20159100252574075,0.9614658550338262,0.0,39982.0,0.9408716598312479,0.0,0
1.1918134448463313,0.02907230746215495,690.0,2072.0,0.20159214799791347,0.9614658550338259,0.0,39982.0,0.9408716598312479,0.0,0
1.1918145789208656,0.02907230746215495,691.0,2072.0,0.20159328207244778,0.9614658550338256,0.0,39982.0,0.9408716598312479,0.0,0
1.1918157017111697,0.02907230746215495,692.0,2072.0,0.20159440486275185,0.9614658550338256,0.0,39982.0,0.9408716598312479,0.0,0
1.1918168133295237,0.02907230746215495,693.0,2072.0,0.20159551648110574,0.9614658550338264,0.0,39982.0,0.9408716598312479,0.0,0
1.1918179138870904,0.02907230746215495,694.0,2072.0,0.20159661703867232,0.9614658550338264,0.0,39982.0,0.9408716598312479,0.0,0
1.1918190034939262,0.02907230746215495,695.0,2072.0,0.2015977066455082,0.9614658550338262,0.0,39982.0,0.9408716598312479,0.0,0
1.1918200822589926,0.02907230746215495,696.0,2072.0,0.20159878541057472,0.961465855033826,0.0,39982.0,0.9408716598312479,0.0,0
1.1918211502901674,0.02907230746215495,697.0,2072.0,0.20159985344174958,0.961465855033826,0.0,39982.0,0.9408716598312479,0.0,0
1.1918222076942544,0.02907230746215495,698.0,2072.0,0.20160091084583665,0.961465855033826,0.0,39982.0,0.9408716598312479,0.0,0
1.1918232545769953,0.02907230746215495,699.0,2072.0,0.2016019577285772,0.9614658550338262,0.0,39982.0,0.9408716598312479,0.0,0
1.1918242910430787,0.02907230746215495,700.0,2072.0,0.20160299419466066,0.9614658550338262,0.0,39982.0,0.9408716598312479,0.0,0
1.191825317196152,0.02907230746215495,701.0,2072.0,0.201604020347734,0.9614658550338259,0.0,39982.0,0.9408716598312479,0.0,0
1.1918263331388317,0.02907230746215495,702.0,2072.0,0.20160503629041376,0.9614658550338264,0.0,39982.0,0.9408716598312479,0.0,0
1.1918415664978523,0.029086534987294462,703.0,2073.0,0.20160604212429498,0.9614658550338259,0.0,39982.0,0.9408716598312479,0.0,0
1.1918425623235192,0.029086534987294462,704.0,2073.0,0.20160703794996188,0.9614658550338256,0.0,39982.0,0.9408716598312479,0.0,0
1.1918435482405552,0.029086534987294462,705.0,2073.0,0.20160802386699778,0.9614658550338259,0.0,39982.0,0.9408716598312479,0.0,0
1.1918445243475528,0.029086534987294462,706.0,2073.0,0.2016089999739954,0.9614658550338262,0.0,39982.0,0.9408716598312479,0.0,0
1.1918454907421234,0.029086534987294462,707.0,2073.0,0.20160996636856607,0.9614658550338262,0.0,39982.0,0.9408716598312479,0.0,0
1.1918464475209074,0.029086534987294462,708.0,2073.0,0.20161092314734994,0.9614658550338259,0.0,39982.0,0.9408716598312479,0.0,0
1.1918473947795836,0.029086534987294462,709.0,2073.0,0.20161187040602604,0.9614658550338259,0.0,39982.0,0.9408716598312479,0.0,0
1.1918483326128781,0.029086534987294462,710.0,2073.0,0.20161280823932068,0.9614658550338265,0.0,39982.0,0.9408716598312479,0.0,0
1.1918492611145755,0.029086534987294462,711.0,2073.0,0.20161373674101823,0.9614658550338262,0.0,39982.0,0.9408716598312479,0.0,0
1.191850180377527,0.029086534987294462,712.0,2073.0,0.20161465600396933,0.9614658550338265,0.0,39982.0,0.9408716598312479,0.0,0
1.1918510904936588,0.029086534987294462,713.0,2073.0,0.20161556612010142,0.9614658550338259,0.0,39982.0,0.9408716598312479,0.0,0
1.1918519915539842,0.029086534987294462,714.0,2073.0,0.20161646718042664,0.9614658550338265,0.0,39982.0,0.9408716598312479,0.0,0
1.1918528836486093,0.029086534987294462,715.0,2073.0,0.20161735927505192,0.9614658550338265,0.0,39982.0,0.9408716598312479,0.0,0
1.1918537668667446,0.029086534987294462,716.0,2073.0,0.20161824249318722,0.9614658550338264,0.0,39982.0,0.9408716598312479,0.0,0
1.1918546412967126,0.029086534987294462,717.0,2073.0,0.2016191169231553,0.9614658550338264,0.0,39982.0,0.9408716598312479,0.0,0
1.1918555070259573,0.029086534987294462,718.0,2073.0,0.2016199826523998,0.9614658550338262,0.0,39982.0,0.9408716598312479,0.0,0
1.1918563641410518,0.029086534987294462,719.0,2073.0,0.20162083976749454,0.9614658550338259,0.0,39982.0,0.9408716598312479,0.0,0
1.191857212727709,0.029086534987294462,720.0,2073.0,0.20162168835415148,0.9614658550338262,0.0,39982.0,0.9408716598312479,0.0,0
1.1918580528707874,0.029086534987294462,721.0,2073.0,0.2016225284972301,0.9614658550338262,0.0,39982.0,0.9408716598312479,0.0,0
1.1918588846543028,0.029086534987294462,722.0,2073.0,0.20162336028074526,0.9614658550338259,0.0,39982.0,0.9408716598312479,0.0,0
1.191859708161434,0.029086534987294462,723.0,2073.0,0.20162418378787644,0.9614658550338264,0.0,39982.0,0.9408716598312479,0.0,0
1.1918605234745319,0.029086534987294462,724.0,2073.0,0.2016249991009745,0.9614658550338262,0.0,39982.0,0.9408716598312479,0.0,0
1.1918613306751291,0.029086534987294462,725.0,2073.0,0.2016258063015718,0.9614658550338262,0.0,39982.0,0.9408716598312479,0.0,0
1.1918621298439467,0.029086534987294462,726.0,2073.0,0.20162660547038908,0.9614658550338262,0.0,39982.0,0.9408716598312479,0.0,0
1.191862921060901,0.029086534987294462,727.0,2073.0,0.20162739668734356,0.9614658550338262,0.0,39982.0,0.9408716598312479,0.0,0
1.1918637044051152,0.029086534987294462,728.0,2073.0,0.2016281800315579,0.9614658550338259,0.0,39982.0,0.9408716598312479,0.0,0
1.1918644799549245,0.029086534987294462,729.0,2073.0,0.20162895558136712,0.9614658550338264,0.0,39982.0,0.9408716598312479,0.0,0
1.1918652477878842,0.029086534987294462,730.0,2073.0,0.20162972341432675,0.961465855033826,0.0,39982.0,0.9408716598312479,0.0,0
1.1918660079807781,0.029086534987294462,731.0,2073.0,0.20163048360722077,0.9614658550338259,0.0,39982.0,0.9408716598312479,0.0,0
1.1918667606096265,0.029086534987294462,732.0,2073.0,0.20163123623606904,0.9614658550338259,0.0,39982.0,0.9408716598312479,0.0,0
1.1918675057496928,0.029086534987294462,733.0,2073.0,0.2016319813761352,0.9614658550338259,0.0,39982.0,0.9408716598312479,0.0,0
1.1918682434754913,0.029086534987294462,734.0,2073.0,0.20163271910193387,0.9614658550338262,0.0,39982.0,0.9408716598312479,0.0,0
1.1918689738607957,0.029086534987294462,735.0,2073.0,0.20163344948723827,0.9614658550338262,0.0,39982.0,0.9408716598312479,0.0,0
1.1918696969786446,0.029086534987294462,736.0,2073.0,0.20163417260508723,0.9614658550338262,0.0,39982.0,0.9408716598312479,0.0,0
1.1918704129013509,0.029086534987294462,737.0,2073.0,0.20163488852779357,0.961465855033826,0.0,39982.0,0.9408716598312479,0.0,0
1.1918711217005074,0.029086534987294462,738.0,2073.0,0.2016355973269499,0.9614658550338256,0.0,39982.0,0.9408716598312479,0.0,0
1.1918718234469943,0.029086534987294462,739.0,2073.0,0.20163629907343675,0.961465855033826,0.0,39982.0,0.9408716598312479,0.0,0
1.191872518210987,0.029086534987294462,740.0,2073.0,0.20163699383742958,0.9614658550338262,0.0,39982.0,0.9408716598312479,0.0,0
1.1918732060619623,0.029086534987294462,741.0,2073.0,0.2016376816884049,0.9614658550338259,0.0,39982.0,0.9408716598312479,0.0,0
1.1918738870687065,0.029086534987294462,742.0,2073.0,0.20163836269514893,0.9614658550338262,0.0,39982.0,0.9408716598312479,0.0,0
1.1918745612993198,0.029086534987294462,743.0,2073.0,0.20163903692576238,0.9614658550338262,0.0,39982.0,0.9408716598312479,0.0,0
1.1918752288212267,0.029086534987294462,744.0,2073.0,0.20163970444766918,0.9614658550338259,0.0,39982.0,0.9408716598312479,0.0,0
1.1918758897011794,0.029086534987294462,745.0,2073.0,0.20164036532762208,0.9614658550338262,0.0,39982.0,0.9408716598312479,0.0,0
1.1918765440052672,0.029086534987294462,746.0,2073.0,0.20164101963170977,0.9614658550338259,0.0,39982.0,0.9408716598312479,0.0,0
1.1918771917989202,0.029086534987294462,747.0,2073.0,0.20164166742536271,0.9614658550338262,0.0,39982.0,0.9408716598312479,0.0,0
1.1918778331469186,0.029086534987294462,748.0,2073.0,0.20164230877336123,0.9614658550338264,0.0,39982.0,0.9408716598312479,0.0,0
1.1918784681133978,0.029086534987294462,749.0,2073.0,0.2016429437398406,0.9614658550338259,0.0,39982.0,0.9408716598312479,0.0,0
1.1918790967618553,0.029086534987294462,750.0,2073.0,0.20164357238829794,0.961465855033826,0.0,39982.0,0.9408716598312479,0.0,0
1.191879719155156,0.029086534987294462,751.0,2073.0,0.20164419478159856,0.961465855033826,0.0,39982.0,0.9408716598312479,0.0,0
1.1918803353555398,0.029086534987294462,752.0,2073.0,0.20164481098198228,0.9614658550338264,0.0,39982.0,0.9408716598312479,0.0,0
1.1918809454246273,0.029086534987294462,753.0,2073.0,0.20164542105106986,0.9614658550338264,0.0,39982.0,0.9408716598312479,0.0,0
1.1918815494234258,0.029086534987294462,754.0,2073.0,0.2016460250498685,0.9614658550338264,0.0,39982.0,0.9408716598312479,0.0,0
1.1918821474123364,0.029086534987294462,755.0,2073.0,0.20164662303877884,0.961465855033826,0.0,39982.0,0.9408716598312479,0.0,0
1.1918827394511573,0.029086534987294462,756.0,2073.0,0.20164721507759986,0.9614658550338262,0.0,39982.0,0.9408716598312479,0.0,0
1.191883325599094,0.029086534987294462,757.0,2073.0,0.2016478012255363,0.9614658550338262,0.0,39982.0,0.9408716598312479,0.0,0
1.191883905914761,0.029086534987294462,758.0,2073.0,0.20164838154120343,0.9614658550338262,0.0,39982.0,0.9408716598312479,0.0,0
1.1918844804561908,0.029086534987294462,759.0,2073.0,0.20164895608263306,0.961465855033826,0.0,39982.0,0.9408716598312479,0.0,0
1.1918850492808375,0.029086534987294462,760.0,2073.0,0.20164952490728008,0.9614658550338262,0.0,39982.0,0.9408716598312479,0.0,0
1.1918856124455846,0.029086534987294462,761.0,2073.0,0.2016500880720272,0.9614658550338262,0.0,39982.0,0.9408716598312479,0.0,0
1.191886170006749,0.029086534987294462,762.0,2073.0,0.20165064563319135,0.9614658550338262,0.0,39982.0,0.9408716598312479,0.0,0
1.1918867220200868,0.029086534987294462,763.0,2073.0,0.20165119764652945,0.9614658550338256,0.0,39982.0,0.9408716598312479,0.0,0
1.1918872685408004,0.029086534987294462,764.0,2073.0,0.20165174416724302,0.9614658550338264,0.0,39982.0,0.9408716598312479,0.0,0
1.191887809623542,0.029086534987294462,765.0,2073.0,0.20165228524998455,0.9614658550338264,0.0,39982.0,0.9408716598312479,0.0,0
1.1918883453224203,0.029086534987294462,766.0,2073.0,0.2016528209488628,0.9614658550338265,0.0,39982.0,0.9408716598312479,0.0,0
1.1918888756910055,0.029086534987294462,767.0,2073.0,0.20165335131744816,0.9614658550338256,0.0,39982.0,0.9408716598312479,0.0,0
1.1918894007823353,0.029086534987294462,768.0,2073.0,0.20165387640877797,0.9614658550338259,0.0,39982.0,0.9408716598312479,0.0,0
1.1918899206489193,0.029086534987294462,769.0,2073.0,0.20165439627536186,0.9614658550338265,0.0,39982.0,0.9408716598312479,0.0,0
1.191890435342744,0.029086534987294462,770.0,2073.0,0.20165491096918653,0.9614658550338264,0.0,39982.0,0.9408716598312479,0.0,0
1.1918909449152797,0.029086534987294462,771.0,2073.0,0.20165542054172234,0.9614658550338262,0.0,39982.0,0.9408716598312479,0.0,0
1.1918914494174842,0.029086534987294462,772.0,2073.0,0.2016559250439266,0.9614658550338259,0.0,39982.0,0.9408716598312479,0.0,0
1.1918919488998077,0.029086534987294462,773.0,2073.0,0.20165642452625016,0.961465855033826,0.0,39982.0,0.9408716598312479,0.0,0
1.1918924434121987,0.029086534987294462,774.0,2073.0,0.20165691903864136,0.9614658550338256,0.0,39982.0,0.9408716598312479,0.0,0
1.1918929330041095,0.029086534987294462,775.0,2073.0,0.20165740863055212,0.9614658550338262,0.0,39982.0,0.9408716598312479,0.0,0
1.1918934177244995,0.029086534987294462,776.0,2073.0,0.20165789335094203,0.961465855033826,0.0,39982.0,0.9408716598312479,0.0,0
1.191893897621841,0.029086534987294462,777.0,2073.0,0.2016583732482835,0.9614658550338259,0.0,39982.0,0.9408716598312479,0.0,0
1.191894372744124,0.029086534987294462,778.0,2073.0,0.2016588483705666,0.9614658550338262,0.0,39982.0,0.9408716598312479,0.0,0
1.1918948431388616,0.029086534987294462,779.0,2073.0,0.2016593187653041,0.961465855033826,0.0,39982.0,0.9408716598312479,0.0,0
1.191895308853093,0.029086534987294462,780.0,2073.0,0.2016597844795355,0.9614658550338259,0.0,39982.0,0.9408716598312479,0.0,0
1.1918957699333905,0.029086534987294462,781.0,2073.0,0.20166024555983297,0.9614658550338259,0.0,39982.0,0.9408716598312479,0.0,0
1.1918962264258626,0.029086534987294462,782.0,2073.0,0.20166070205230502,0.9614658550338262,0.0,39982.0,0.9408716598312479,0.0,0
1.1918966783761582,0.029086534987294462,783.0,2073.0,0.20166115400260082,0.961465855033826,0.0,39982.0,0.9408716598312479,0.0,0
1.1918971258294737,0.029086534987294462,784.0,2073.0,0.20166160145591625,0.9614658550338259,0.0,39982.0,0.9408716598312479,0.0,0
1.1918975688305542,0.029086534987294462,785.0,2073.0,0.20166204445699665,0.9614658550338259,0.0,39982.0,0.9408716598312479,0.0,0
1.1918980074237002,0.029086534987294462,786.0,2073.0,0.2016624830501429,0.9614658550338262,0.0,39982.0,0.9408716598312479,0.0,0
1.1918984416527716,0.029086534987294462,787.0,2073.0,0.2016629172792141,0.9614658550338259,0.0,39982.0,0.9408716598312479,0.0,0
1.1918988715611913,0.029086534987294462,788.0,2073.0,0.20166334718763398,0.9614658550338262,0.0,39982.0,0.9408716598312479,0.0,0
1.191899297191951,0.029086534987294462,789.0,2073.0,0.20166377281839373,0.9614658550338259,0.0,39982.0,0.9408716598312479,0.0,0
1.191899718587614,0.029086534987294462,790.0,2073.0,0.2016641942140565,0.9614658550338262,0.0,39982.0,0.9408716598312479,0.0,0
1.1919001357903198,0.029086534987294462,791.0,2073.0,0.2016646114167624,0.9614658550338259,0.0,39982.0,0.9408716598312479,0.0,0
1.1919005488417895,0.029086534987294462,792.0,2073.0,0.20166502446823206,0.9614658550338264,0.0,39982.0,0.9408716598312479,0.0,0
1.1919009577833284,0.029086534987294462,793.0,2073.0,0.20166543340977092,0.9614658550338262,0.0,39982.0,0.9408716598312479,0.0,0
1.191901362655831,0.029086534987294462,794.0,2073.0,0.20166583828227347,0.9614658550338262,0.0,39982.0,0.9408716598312479,0.0,0
1.1919017634997846,0.029086534987294462,795.0,2073.0,0.20166623912622725,0.9614658550338259,0.0,39982.0,0.9408716598312479,0.0,0
1.1919021603552746,0.029086534987294462,796.0,2073.0,0.20166663598171714,0.9614658550338259,0.0,39982.0,0.9408716598312479,0.0,0
1.1919025532619865,0.029086534987294462,797.0,2073.0,0.20166702888842897,0.9614658550338265,0.0,39982.0,0.9408716598312479,0.0,0
1.191902942259211,0.029086534987294462,798.0,2073.0,0.2016674178856536,0.9614658550338259,0.0,39982.0,0.9408716598312479,0.0,0
1.1919331383782705,0.029116345979716463,799.0,2074.0,0.2016678030122911,0.9614658550338262,0.0,39982.0,0.9408716598312479,0.0,0
1.191933519672834,0.029116345979716463,800.0,2074.0,0.20166818430685468,0.9614658550338259,0.0,39982.0,0.9408716598312479,0.0,0
1.1919338971734534,0.029116345979716463,801.0,2074.0,0.2016685618074739,0.9614658550338265,0.0,39982.0,0.9408716598312479,0.0,0
1.1919342709178786,0.029116345979716463,802.0,2074.0,0.20166893555189913,0.9614658550338259,0.0,39982.0,0.9408716598312479,0.0,0
1.1919346409434848,0.029116345979716463,803.0,2074.0,0.2016693055775053,0.9614658550338259,0.0,39982.0,0.9408716598312479,0.0,0
1.1919350072872745,0.029116345979716463,804.0,2074.0,0.20166967192129512,0.961465855033826,0.0,39982.0,0.9408716598312479,0.0,0
1.1919353699858828,0.029116345979716463,805.0,2074.0,0.2016700346199034,0.9614658550338256,0.0,39982.0,0.9408716598312479,0.0,0
1.1919357290755797,0.029116345979716463,806.0,2074.0,0.2016703937096002,0.9614658550338265,0.0,39982.0,0.9408716598312479,0.0,0
1.1919360845922742,0.029116345979716463,807.0,2074.0,0.20167074922629477,0.9614658550338265,0.0,39982.0,0.9408716598312479,0.0,0
1.1919364365715184,0.029116345979716463,808.0,2074.0,0.20167110120553902,0.9614658550338256,0.0,39982.0,0.9408716598312479,0.0,0
1.191936785048511,0.029116345979716463,809.0,2074.0,0.2016714496825315,0.961465855033826,0.0,39982.0,0.9408716598312479,0.0,0
1.1919371300580994,0.029116345979716463,810.0,2074.0,0.20167179469211988,0.9614658550338265,0.0,39982.0,0.9408716598312479,0.0,0
1.1919374716347848,0.029116345979716463,811.0,2074.0,0.2016721362688054,0.9614658550338259,0.0,39982.0,0.9408716598312479,0.0,0
1.1919378098127258,0.029116345979716463,812.0,2074.0,0.20167247444674624,0.9614658550338259,0.0,39982.0,0.9408716598312479,0.0,0
1.1919381446257398,0.029116345979716463,813.0,2074.0,0.20167280925976033,0.961465855033826,0.0,39982.0,0.9408716598312479,0.0,0
1.1919384761073086,0.029116345979716463,814.0,2074.0,0.20167314074132928,0.9614658550338262,0.0,39982.0,0.9408716598312479,0.0,0
1.1919388042905807,0.029116345979716463,815.0,2074.0,0.20167346892460145,0.9614658550338262,0.0,39982.0,0.9408716598312479,0.0,0
1.191939129208375,0.029116345979716463,816.0,2074.0,0.20167379384239553,0.9614658550338259,0.0,39982.0,0.9408716598312479,0.0,0
1.1919394508931829,0.029116345979716463,817.0,2074.0,0.20167411552720355,0.9614658550338265,0.0,39982.0,0.9408716598312479,0.0,0
1.1919397693771736,0.029116345979716463,818.0,2074.0,0.20167443401119423,0.9614658550338262,0.0,39982.0,0.9408716598312479,0.0,0
1.1919400846921955,0.029116345979716463,819.0,2074.0,0.20167474932621618,0.9614658550338256,0.0,39982.0,0.9408716598312479,0.0,0
1.1919403968697808,0.029116345979716463,820.0,2074.0,0.20167506150380132,0.9614658550338262,0.0,39982.0,0.9408716598312479,0.0,0
1.191940705941147,0.029116345979716463,821.0,2074.0,0.20167537057516763,0.9614658550338265,0.0,39982.0,0.9408716598312479,0.0,0
1.1919410119372018,0.029116345979716463,822.0,2074.0,0.20167567657122232,0.9614658550338265,0.0,39982.0,0.9408716598312479,0.0,0
1.191941314888545,0.029116345979716463,823.0,2074.0,0.20167597952256547,0.9614658550338264,0.0,39982.0,0.9408716598312479,0.0,0
1.191941614825472,0.029116345979716463,824.0,2074.0,0.20167627945949249,0.9614658550338262,0.0,39982.0,0.9408716598312479,0.0,0
1.1919419117779766,0.029116345979716463,825.0,2074.0,0.20167657641199707,0.9614658550338262,0.0,39982.0,0.9408716598312479,0.0,0
1.1919422057757545,0.029116345979716463,826.0,2074.0,0.201676870409775,0.9614658550338264,0.0,39982.0,0.9408716598312479,0.0,0
1.1919424968482055,0.029116345979716463,827.0,2074.0,0.20167716148222617,0.961465855033826,0.0,39982.0,0.9408716598312479,0.0,0
1.1919427850244373,0.029116345979716463,828.0,2074.0,0.20167744965845782,0.9614658550338262,0.0,39982.0,0.9408716598312479,0.0,0
1.1919430703332679,0.029116345979716463,829.0,2074.0,0.20167773496728833,0.9614658550338259,0.0,39982.0,0.9408716598312479,0.0,0
1.191943352803228,0.029116345979716463,830.0,2074.0,0.20167801743724845,0.9614658550338259,0.0,39982.0,0.9408716598312479,0.0,0
1.1919436324625647,0.029116345979716463,831.0,2074.0,0.20167829709658538,0.9614658550338259,0.0,39982.0,0.9408716598312479,0.0,0
1.191943909339245,0.029116345979716463,832.0,2074.0,0.20167857397326558,0.961465855033826,0.0,39982.0,0.9408716598312479,0.0,0
1.1919441834609559,0.029116345979716463,833.0,2074.0,0.20167884809497666,0.9614658550338259,0.0,39982.0,0.9408716598312479,0.0,0
1.1919444548551108,0.029116345979716463,834.0,2074.0,0.20167911948913125,0.9614658550338262,0.0,39982.0,0.9408716598312479,0.0,0
1.1919447235488483,0.029116345979716463,835.0,2074.0,0.20167938818286885,0.9614658550338262,0.0,39982.0,0.9408716598312479,0.0,0
1.1919449895690384,0.029116345979716463,836.0,2074.0,0.201679654203059,0.9614658550338256,0.0,39982.0,0.9408716598312479,0.0,0
1.1919452529422836,0.029116345979716463,837.0,2074.0,0.20167991757630413,0.9614658550338259,0.0,39982.0,0.9408716598312479,0.0,0
1.191945513694921,0.029116345979716463,838.0,2074.0,0.2016801783289418,0.9614658550338262,0.0,39982.0,0.9408716598312479,0.0,0
1.1919457718530266,0.029116345979716463,839.0,2074.0,0.2016804364870472,0.9614658550338264,0.0,39982.0,0.9408716598312479,0.0,0
1.191946027442416,0.029116345979716463,840.0,2074.0,0.20168069207643657,0.9614658550338259,0.0,39982.0,0.9408716598312479,0.0,0
1.1919462804886485,0.029116345979716463,841.0,2074.0,0.20168094512266893,0.9614658550338259,0.0,39982.0,0.9408716598312479,0.0,0
1.1919465310170287,0.029116345979716463,842.0,2074.0,0.20168119565104942,0.9614658550338264,0.0,39982.0,0.9408716598312479,0.0,0
1.19194677905261,0.029116345979716463,843.0,2074.0,0.20168144368663068,0.9614658550338264,0.0,39982.0,0.9408716598312479,0.0,0
1.1919470246201962,0.029116345979716463,844.0,2074.0,0.20168168925421678,0.9614658550338262,0.0,39982.0,0.9408716598312479,0.0,0
1.191947267744344,0.029116345979716463,845.0,2074.0,0.20168193237836454,0.9614658550338262,0.0,39982.0,0.9408716598312479,0.0,0
1.191947508449366,0.029116345979716463,846.0,2074.0,0.20168217308338662,0.9614658550338264,0.0,39982.0,0.9408716598312479,0.0,0
1.1919477467593333,0.029116345979716463,847.0,2074.0,0.20168241139335374,0.9614658550338264,0.0,39982.0,0.9408716598312479,0.0,0
1.1919479826980766,0.029116345979716463,848.0,2074.0,0.20168264733209698,0.9614658550338259,0.0,39982.0,0.9408716598312479,0.0,0
1.1919482162891901,0.029116345979716463,849.0,2074.0,0.20168288092321063,0.9614658550338264,0.0,39982.0,0.9408716598312479,0.0,0
1.1919484475560334,0.029116345979716463,850.0,2074.0,0.20168311219005378,0.9614658550338264,0.0,39982.0,0.9408716598312479,0.0,0
1.1919486765217329,0.029116345979716463,851.0,2074.0,0.20168334115575334,0.9614658550338264,0.0,39982.0,0.9408716598312479,0.0,0
1.1919489032091857,0.029116345979716463,852.0,2074.0,0.20168356784320615,0.9614658550338264,0.0,39982.0,0.9408716598312479,0.0,0
1.1919491276410605,0.029116345979716463,853.0,2074.0,0.20168379227508115,0.9614658550338259,0.0,39982.0,0.9408716598312479,0.0,0
1.191949349839801,0.029116345979716463,854.0,2074.0,0.20168401447382164,0.9614658550338264,0.0,39982.0,0.9408716598312479,0.0,0
1.1919495698276272,0.029116345979716463,855.0,2074.0,0.2016842344616478,0.9614658550338264,0.0,39982.0,0.9408716598312479,0.0,0
1.191949787626538,0.029116345979716463,856.0,2074.0,0.2016844522605585,0.9614658550338262,0.0,39982.0,0.9408716598312479,0.0,0
1.1919500032583132,0.029116345979716463,857.0,2074.0,0.20168466789233377,0.961465855033826,0.0,39982.0,0.9408716598312479,0.0,0
1.1919502167445166,0.029116345979716463,858.0,2074.0,0.2016848813785371,0.9614658550338259,0.0,39982.0,0.9408716598312479,0.0,0
1.1919504281064968,0.029116345979716463,859.0,2074.0,0.20168509274051716,0.9614658550338259,0.0,39982.0,0.9408716598312479,0.0,0
1.1919506373653899,0.029116345979716463,860.0,2074.0,0.20168530199941037,0.9614658550338262,0.0,39982.0,0.9408716598312479,0.0,0
1.1919508445421223,0.029116345979716463,861.0,2074.0,0.20168550917614292,0.9614658550338259,0.0,39982.0,0.9408716598312479,0.0,0
1.1919510496574117,0.029116345979716463,862.0,2074.0,0.2016857142914323,0.9614658550338259,0.0,39982.0,0.9408716598312479,0.0,0
1.1919512527317702,0.029116345979716463,863.0,2074.0,0.20168591736579067,0.9614658550338264,0.0,39982.0,0.9408716598312479,0.0,0
1.1919514537855047,0.029116345979716463,864.0,2074.0,0.20168611841952536,0.9614658550338262,0.0,39982.0,0.9408716598312479,0.0,0
1.1919516528387215,0.029116345979716463,865.0,2074.0,0.20168631747274196,0.9614658550338259,0.0,39982.0,0.9408716598312479,0.0,0
1.1919518499113255,0.029116345979716463,866.0,2074.0,0.20168651454534595,0.961465855033826,0.0,39982.0,0.9408716598312479,0.0,0
1.1919520450230243,0.029116345979716463,867.0,2074.0,0.20168670965704483,0.9614658550338262,0.0,39982.0,0.9408716598312479,0.0,0
1.191952238193329,0.029116345979716463,868.0,2074.0,0.20168690282734966,0.9614658550338262,0.0,39982.0,0.9408716598312479,0.0,0
1.1919524294415573,0.029116345979716463,869.0,2074.0,0.201687094075578,0.9614658550338264,0.0,39982.0,0.9408716598312479,0.0,0
1.1919526187868343,0.029116345979716463,870.0,2074.0,0.2016872834208548,0.9614658550338268,0.0,39982.0,0.9408716598312479,0.0,0
1.191952806248094,0.029116345979716463,871.0,2074.0,0.2016874708821144,0.9614658550338262,0.0,39982.0,0.9408716598312479,0.0,0
1.1919529918440828,0.029116345979716463,872.0,2074.0,0.20168765647810344,0.9614658550338262,0.0,39982.0,0.9408716598312479,0.0,0
1.1919531755933608,0.029116345979716463,873.0,2074.0,0.20168784022738134,0.9614658550338259,0.0,39982.0,0.9408716598312479,0.0,0
1.191953357514303,0.029116345979716463,874.0,2074.0,0.20168802214832365,0.961465855033826,0.0,39982.0,0.9408716598312479,0.0,0
1.1919535376251016,0.029116345979716463,875.0,2074.0,0.20168820225912223,0.9614658550338264,0.0,39982.0,0.9408716598312479,0.0,0
1.1919537159437679,0.029116345979716463,876.0,2074.0,0.20168838057778837,0.9614658550338264,0.0,39982.0,0.9408716598312479,0.0,0
1.1919538924881337,0.029116345979716463,877.0,2074.0,0.20168855712215406,0.9614658550338264,0.0,39982.0,0.9408716598312479,0.0,0
1.1919540672758535,0.029116345979716463,878.0,2074.0,0.20168873190987402,0.9614658550338259,0.0,39982.0,0.9408716598312479,0.0,0
1.1919542403244068,0.029116345979716463,879.0,2074.0,0.2016889049584273,0.961465855033826,0.0,39982.0,0.9408716598312479,0.0,0
1.1919544116510978,0.029116345979716463,880.0,2074.0,0.20168907628511845,0.961465855033826,0.0,39982.0,0.9408716598312479,0.0,0
1.19195458127306,0.029116345979716463,881.0,2074.0,0.20168924590708065,0.9614658550338264,0.0,39982.0,0.9408716598312479,0.0,0
1.1919547492072555,0.029116345979716463,882.0,2074.0,0.20168941384127606,0.9614658550338259,0.0,39982.0,0.9408716598312479,0.0,0
1.1919549154704778,0.029116345979716463,883.0,2074.0,0.20168958010449842,0.9614658550338259,0.0,39982.0,0.9408716598312479,0.0,0
1.1919550800793535,0.029116345979716463,884.0,2074.0,0.2016897447133741,0.9614658550338262,0.0,39982.0,0.9408716598312479,0.0,0
1.1919552430503433,0.029116345979716463,885.0,2074.0,0.20168990768436387,0.9614658550338259,0.0,39982.0,0.9408716598312479,0.0,0
1.1919554043997447,0.029116345979716463,886.0,2074.0,0.20169006903376543,0.9614658550338256,0.0,39982.0,0.9408716598312479,0.0,0
1.191955564143693,0.029116345979716463,887.0,2074.0,0.2016902287777136,0.9614658550338262,0.0,39982.0,0.9408716598312479,0.0,0
1.191955722298162,0.029116345979716463,888.0,2074.0,0.2016903869321828,0.9614658550338262,0.0,39982.0,0.9408716598312479,0.0,0
1.1919558788789681,0.029116345979716463,889.0,2074.0,0.20169054351298868,0.9614658550338259,0.0,39982.0,0.9408716598312479,0.0,0
1.1919560339017692,0.029116345979716463,890.0,2074.0,0.20169069853578972,0.9614658550338259,0.0,39982.0,0.9408716598312479,0.0,0
1.1919561873820674,0.029116345979716463,891.0,2074.0,0.20169085201608802,0.961465855033826,0.0,39982.0,0.9408716598312479,0.0,0
1.1919563393352113,0.029116345979716463,892.0,2074.0,0.2016910039692318,0.9614658550338259,0.0,39982.0,0.9408716598312479,0.0,0
1.1919564897763961,0.029116345979716463,893.0,2074.0,0.2016911544104167,0.961465855033826,0.0,39982.0,0.9408716598312479,0.0,0
1.1919566387206662,0.029116345979716463,894.0,2074.0,0.2016913033546867,0.9614658550338265,0.0,39982.0,0.9408716598312479,0.0,0
1.191956786182916,0.029116345979716463,895.0,2074.0,0.20169145081693646,0.9614658550338265,0.0,39982.0,0.9408716598312479,0.0,0
1.1919569321778916,0.029116345979716463,896.0,2074.0,0.2016915968119122,0.9614658550338264,0.0,39982.0,0.9408716598312479,0.0,0
1.191957076720193,0.029116345979716463,897.0,2074.0,0.2016917413542137,0.9614658550338262,0.0,39982.0,0.9408716598312479,0.0,0
1.1919572198242747,0.029116345979716463,898.0,2074.0,0.20169188445829528,0.9614658550338259,0.0,39982.0,0.9408716598312479,0.0,0
1.1919573615044472,0.029116345979716463,899.0,2074.0,0.2016920261384676,0.9614658550338262,0.0,39982.0,0.9408716598312479,0.0,0
1.191957501774878,0.029116345979716463,900.0,2074.0,0.20169216640889862,0.961465855033826,0.0,39982.0,0.9408716598312479,0.0,0
1.1919576406495949,0.029116345979716463,901.0,2074.0,0.20169230528361537,0.9614658550338262,0.0,39982.0,0.9408716598312479,0.0,0
1.191957778142485,0.029116345979716463,902.0,2074.0,0.20169244277650572,0.9614658550338259,0.0,39982.0,0.9408716598312479,0.0,0
1.1919579142672982,0.029116345979716463,903.0,2074.0,0.20169257890131886,0.9614658550338259,0.0,39982.0,0.9408716598312479,0.0,0
1.1919580490376471,0.029116345979716463,904.0,2074.0,0.20169271367166763,0.9614658550338262,0.0,39982.0,0.9408716598312479,0.0,0
1.1919581824670085,0.029116345979716463,905.0,2074.0,0.201692847101029,0.9614658550338265,0.0,39982.0,0.9408716598312479,0.0,0
1.1919583145687254,0.029116345979716463,906.0,2074.0,0.2016929792027459,0.9614658550338264,0.0,39982.0,0.9408716598312479,0.0,0
1.1919584453560081,0.029116345979716463,907.0,2074.0,0.20169310999002876,0.9614658550338259,0.0,39982.0,0.9408716598312479,0.0,0
1.191958574841936,0.029116345979716463,908.0,2074.0,0.20169323947595652,0.9614658550338259,0.0,39982.0,0.9408716598312479,0.0,0
1.1919587030394572,0.029116345979716463,909.0,2074.0,0.20169336767347779,0.9614658550338262,0.0,39982.0,0.9408716598312479,0.0,0
1.191958829961392,0.029116345979716463,910.0,2074.0,0.2016934945954124,0.9614658550338265,0.0,39982.0,0.9408716598312479,0.0,0
1.191958955620432,0.029116345979716463,911.0,2074.0,0.20169362025445248,0.9614658550338264,0.0,39982.0,0.9408716598312479,0.0,0
1.191959080029144,0.029116345979716463,912.0,2074.0,0.20169374466316442,0.9614658550338265,0.0,39982.0,0.9408716598312479,0.0,0
1.1919592031999684,0.029116345979716463,913.0,2074.0,0.20169386783398885,0.9614658550338262,0.0,39982.0,0.9408716598312479,0.0,0
1.1919593251452227,0.029116345979716463,914.0,2074.0,0.20169398977924327,0.961465855033826,0.0,39982.0,0.9408716598312479,0.0,0
1.1919594458771015,0.029116345979716463,915.0,2074.0,0.20169411051112196,0.9614658550338256,0.0,39982.0,0.9408716598312479,0.0,0
1.1919595654076778,0.029116345979716463,916.0,2074.0,0.20169423004169842,0.9614658550338254,0.0,39982.0,0.9408716598312479,0.0,0
1.1919596837489055,0.029116345979716463,917.0,2074.0,0.201694348382926,0.9614658550338265,0.0,39982.0,0.9408716598312479,0.0,0
1.1919598009126178,0.029116345979716463,918.0,2074.0,0.20169446554663842,0.9614658550338262,0.0,39982.0,0.9408716598312479,0.0,0
1.191959916910532,0.029116345979716463,919.0,2074.0,0.20169458154455247,0.9614658550338265,0.0,39982.0,0.9408716598312479,0.0,0
1.1919600317542476,0.029116345979716463,920.0,2074.0,0.20169469638826823,0.961465855033826,0.0,39982.0,0.9408716598312479,0.0,0
1.191960145455249,0.029116345979716463,921.0,2074.0,0.20169481008926962,0.9614658550338264,0.0,39982.0,0.9408716598312479,0.0,0
1.1919602580249067,0.029116345979716463,922.0,2074.0,0.20169492265892727,0.9614658550338264,0.0,39982.0,0.9408716598312479,0.0,0
1.1919603694744774,0.029116345979716463,923.0,2074.0,0.20169503410849804,0.9614658550338262,0.0,39982.0,0.9408716598312479,0.0,0
1.1919604798151067,0.029116345979716463,924.0,2074.0,0.20169514444912712,0.9614658550338265,0.0,39982.0,0.9408716598312479,0.0,0
1.1919605890578282,0.029116345979716463,925.0,2074.0,0.20169525369184865,0.9614658550338265,0.0,39982.0,0.9408716598312479,0.0,0
1.1919606972135661,0.029116345979716463,926.0,2074.0,0.20169536184758674,0.961465855033826,0.0,39982.0,0.9408716598312479,0.0,0
1.1919608042931367,0.029116345979716463,927.0,2074.0,0.2016954689271574,0.9614658550338254,0.0,39982.0,0.9408716598312479,0.0,0
1.191960910307248,0.029116345979716463,928.0,2074.0,0.20169557494126863,0.9614658550338256,0.0,39982.0,0.9408716598312479,0.0,0
1.191961015266501,0.029116345979716463,929.0,2074.0,0.2016956799005216,0.9614658550338262,0.0,39982.0,0.9408716598312479,0.0,0
1.1919611191813924,0.029116345979716463,930.0,2074.0,0.20169578381541278,0.9614658550338259,0.0,39982.0,0.9408716598312479,0.0,0
1.191961222062313,0.029116345979716463,931.0,2074.0,0.2016958866963334,0.961465855033826,0.0,39982.0,0.9408716598312479,0.0,0
1.191961323919551,0.029116345979716463,932.0,2074.0,0.20169598855357176,0.9614658550338254,0.0,39982.0,0.9408716598312479,0.0,0
1.191961424763293,0.029116345979716463,933.0,2074.0,0.2016960893973136,0.961465855033826,0.0,39982.0,0.9408716598312479,0.0,0
1.191961524603623,0.029116345979716463,934.0,2074.0,0.20169618923764354,0.961465855033826,0.0,39982.0,0.9408716598312479,0.0,0
1.1919616234505253,0.029116345979716463,935.0,2074.0,0.20169628808454557,0.961465855033826,0.0,39982.0,0.9408716598312479,0.0,0
1.1919617213138838,0.029116345979716463,936.0,2074.0,0.20169638594790446,0.9614658550338264,0.0,39982.0,0.9408716598312479,0.0,0
1.1919618182034861,0.029116345979716463,937.0,2074.0,0.2016964828375067,0.9614658550338262,0.0,39982.0,0.9408716598312479,0.0,0
1.1919619141290207,0.029116345979716463,938.0,2074.0,0.20169657876304137,0.9614658550338259,0.0,39982.0,0.9408716598312479,0.0,0
1.1919620091000804,0.029116345979716463,939.0,2074.0,0.20169667373410086,0.9614658550338265,0.0,39982.0,0.9408716598312479,0.0,0
1.191962103126162,0.029116345979716463,940.0,2074.0,0.20169676776018255,0.9614658550338259,0.0,39982.0,0.9408716598312479,0.0,0
1.1919621962166687,0.029116345979716463,941.0,2074.0,0.2016968608506892,0.9614658550338262,0.0,39982.0,0.9408716598312479,0.0,0
1.1919622883809093,0.029116345979716463,942.0,2074.0,0.2016969530149298,0.961465855033826,0.0,39982.0,0.9408716598312479,0.0,0
1.1919623796281003,0.029116345979716463,943.0,2074.0,0.20169704426212082,0.9614658550338264,0.0,39982.0,0.9408716598312479,0.0,0
1.1919624699673665,0.029116345979716463,944.0,2074.0,0.20169713460138716,0.961465855033826,0.0,39982.0,0.9408716598312479,0.0,0
1.191962559407742,0.029116345979716463,945.0,2074.0,0.20169722404176285,0.9614658550338259,0.0,39982.0,0.9408716598312479,0.0,0
1.1919626479581713,0.029116345979716463,946.0,2074.0,0.20169731259219179,0.9614658550338264,0.0,39982.0,0.9408716598312479,0.0,0
1.1919627356275087,0.029116345979716463,947.0,2074.0,0.20169740026152938,0.9614658550338259,0.0,39982.0,0.9408716598312479,0.0,0
1.1919628224245218,0.029116345979716463,948.0,2074.0,0.2016974870585422,0.9614658550338265,0.0,39982.0,0.9408716598312479,0.0,0
1.1919629083578902,0.029116345979716463,949.0,2074.0,0.2016975729919107,0.9614658550338264,0.0,39982.0,0.9408716598312479,0.0,0
1.1919629934362073,0.029116345979716463,950.0,2074.0,0.20169765807022763,0.9614658550338268,0.0,39982.0,0.9408716598312479,0.0,0
1.1919630776679806,0.029116345979716463,951.0,2074.0,0.20169774230200124,0.9614658550338259,0.0,39982.0,0.9408716598312479,0.0,0
1.1919631610616344,0.029116345979716463,952.0,2074.0,0.2016978256956548,0.9614658550338262,0.0,39982.0,0.9408716598312479,0.0,0
1.1919632436255068,0.029116345979716463,953.0,2074.0,0.20169790825952744,0.9614658550338259,0.0,39982.0,0.9408716598312479,0.0,0
1.1919633253678554,0.029116345979716463,954.0,2074.0,0.20169799000187602,0.9614658550338259,0.0,39982.0,0.9408716598312479,0.0,0
1.191963406296854,0.029116345979716463,955.0,2074.0,0.20169807093087452,0.9614658550338259,0.0,39982.0,0.9408716598312479,0.0,0
1.1919634864205955,0.029116345979716463,956.0,2074.0,0.20169815105461616,0.9614658550338264,0.0,39982.0,0.9408716598312479,0.0,0
1.1919635657470924,0.029116345979716463,957.0,2074.0,0.201698230381113,0.9614658550338259,0.0,39982.0,0.9408716598312479,0.0,0
1.1919636442842778,0.029116345979716463,958.0,2074.0,0.20169830891829832,0.9614658550338264,0.0,39982.0,0.9408716598312479,0.0,0
1.1919637220400048,0.029116345979716463,959.0,2074.0,0.20169838667402545,0.9614658550338259,0.0,39982.0,0.9408716598312479,0.0,0
1.1919637990220495,0.029116345979716463,960.0,2074.0,0.20169846365607014,0.961465855033826,0.0,39982.0,0.9408716598312479,0.0,0
1.1919638752381103,0.029116345979716463,961.0,2074.0,0.20169853987213074,0.9614658550338262,0.0,39982.0,0.9408716598312479,0.0,0
1.1919639506958082,0.029116345979716463,962.0,2074.0,0.20169861532982875,0.961465855033826,0.0,39982.0,0.9408716598312479,0.0,0
1.1919640254026895,0.029116345979716463,963.0,2074.0,0.20169869003671012,0.9614658550338262,0.0,39982.0,0.9408716598312479,0.0,0
1.191964099366225,0.029116345979716463,964.0,2074.0,0.2016987640002457,0.9614658550338264,0.0,39982.0,0.9408716598312479,0.0,0
1.1919641725938113,0.029116345979716463,965.0,2074.0,0.20169883722783177,0.9614658550338264,0.0,39982.0,0.9408716598312479,0.0,0
1.1919642450927708,0.029116345979716463,966.0,2074.0,0.2016989097267913,0.9614658550338259,0.0,39982.0,0.9408716598312479,0.0,0
1.1919643168703533,0.029116345979716463,967.0,2074.0,0.20169898150437393,0.9614658550338259,0.0,39982.0,0.9408716598312479,0.0,0
1.1919643879337372,0.029116345979716463,968.0,2074.0,0.20169905256775775,0.9614658550338259,0.0,39982.0,0.9408716598312479,0.0,0
1.1919644582900286,0.029116345979716463,969.0,2074.0,0.2016991229240491,0.9614658550338256,0.0,39982.0,0.9408716598312479,0.0,0
1.1919645279462632,0.029116345979716463,970.0,2074.0,0.20169919258028368,0.9614658550338262,0.0,39982.0,0.9408716598312479,0.0,0
1.1919645969094066,0.029116345979716463,971.0,2074.0,0.2016992615434271,0.9614658550338259,0.0,39982.0,0.9408716598312479,0.0,0
1.1919646651863554,0.029116345979716463,972.0,2074.0,0.20169932982037592,0.9614658550338264,0.0,39982.0,0.9408716598312479,0.0,0
1.1919647327839369,0.029116345979716463,973.0,2074.0,0.2016993974179576,0.961465855033826,0.0,39982.0,0.9408716598312479,0.0,0
1.1919647997089116,0.029116345979716463,974.0,2074.0,0.20169946434293215,0.9614658550338259,0.0,39982.0,0.9408716598312479,0.0,0
1.1919648659679716,0.029116345979716463,975.0,2074.0,0.2016995306019921,0.9614658550338256,0.0,39982.0,0.9408716598312479,0.0,0
1.191964931567743,0.029116345979716463,976.0,2074.0,0.20169959620176342,0.9614658550338264,0.0,39982.0,0.9408716598312479,0.0,0
1.1919649965147854,0.029116345979716463,977.0,2074.0,0.20169966114880603,0.9614658550338259,0.0,39982.0,0.9408716598312479,0.0,0
1.1919650608155943,0.029116345979716463,978.0,2074.0,0.20169972544961468,0.9614658550338265,0.0,39982.0,0.9408716598312479,0.0,0
1.191965124476599,0.029116345979716463,979.0,2074.0,0.20169978911061967,0.9614658550338262,0.0,39982.0,0.9408716598312479,0.0,0
1.1919651875041666,0.029116345979716463,980.0,2074.0,0.20169985213818717,0.9614658550338259,0.0,39982.0,0.9408716598312479,0.0,0
1.1919652499045992,0.029116345979716463,981.0,2074.0,0.20169991453861977,0.9614658550338262,0.0,39982.0,0.9408716598312479,0.0,0
1.1919653116841373,0.029116345979716463,982.0,2074.0,0.20169997631815775,0.9614658550338265,0.0,39982.0,0.9408716598312479,0.0,0
1.1919653728489585,0.029116345979716463,983.0,2074.0,0.20170003748297918,0.9614658550338259,0.0,39982.0,0.9408716598312479,0.0,0
1.1919654334051797,0.029116345979716463,984.0,2074.0,0.20170009803920036,0.961465855033826,0.0,39982.0,0.9408716598312479,0.0,0
1.1919654933588566,0.029116345979716463,985.0,2074.0,0.20170015799287697,0.961465855033826,0.0,39982.0,0.9408716598312479,0.0,0
1.191965552715984,0.029116345979716463,986.0,2074.0,0.2017002173500047,0.9614658550338256,0.0,39982.0,0.9408716598312479,0.0,0
1.1919656114824986,0.029116345979716463,987.0,2074.0,0.20170027611651903,0.9614658550338265,0.0,39982.0,0.9408716598312479,0.0,0
1.1919656696642762,0.029116345979716463,988.0,2074.0,0.20170033429829676,0.9614658550338262,0.0,39982.0,0.9408716598312479,0.0,0
1.1919657272671356,0.029116345979716463,989.0,2074.0,0.2017003919011562,0.9614658550338256,0.0,39982.0,0.9408716598312479,0.0,0
1.191965784296837,0.029116345979716463,990.0,2074.0,0.2017004489308576,0.961465855033826,0.0,39982.0,0.9408716598312479,0.0,0
1.1919658407590834,0.029116345979716463,991.0,2074.0,0.2017005053931039,0.961465855033826,0.0,39982.0,0.9408716598312479,0.0,0
1.191965896659521,0.029116345979716463,992.0,2074.0,0.20170056129354158,0.9614658550338264,0.0,39982.0,0.9408716598312479,0.0,0
1.19196595200374,0.029116345979716463,993.0,2074.0,0.20170061663776065,0.961465855033826,0.0,39982.0,0.9408716598312479,0.0,0
1.1919660067972746,0.029116345979716463,994.0,2074.0,0.2017006714312953,0.9614658550338262,0.0,39982.0,0.9408716598312479,0.0,0
1.1919660610456049,0.029116345979716463,995.0,2074.0,0.20170072567962535,0.9614658550338262,0.0,39982.0,0.9408716598312479,0.0,0
1.191966114754155,0.029116345979716463,996.0,2074.0,0.20170077938817563,0.9614658550338259,0.0,39982.0,0.9408716598312479,0.0,0
1.191966167928296,0.029116345979716463,997.0,2074.0,0.20170083256231672,0.961465855033826,0.0,39982.0,0.9408716598312479,0.0,0
1.1919662205733457,0.029116345979716463,998.0,2074.0,0.20170088520736626,0.9614658550338265,0.0,39982.0,0.9408716598312479,0.0,0
1.1919662726945683,0.029116345979716463,999.0,2074.0,0.20170093732858876,0.9614658550338265,0.0,39982.0,0.9408716598312479,0.0,0
1.1919663242971759,0.029116345979716463,1000.0,2074.0,0.2017009889311965,0.9614658550338262,0.0,39982.0,0.9408716598312479,0.0,0
1.1919663753863292,0.029116345979716463,1001.0,2074.0,0.20170104002034986,0.9614658550338265,0.0,39982.0,0.9408716598312479,0.0,0
1.191966425967137,0.029116345979716463,1002.0,2074.0,0.20170109060115746,0.961465855033826,0.0,39982.0,0.9408716598312479,0.0,0
1.191966476044657,0.029116345979716463,1003.0,2074.0,0.20170114067867773,0.9614658550338265,0.0,39982.0,0.9408716598312479,0.0,0
1.1919665256238978,0.029116345979716463,1004.0,2074.0,0.20170119025791827,0.9614658550338259,0.0,39982.0,0.9408716598312479,0.0,0
1.1919665747098165,0.029116345979716463,1005.0,2074.0,0.20170123934383716,0.9614658550338259,0.0,39982.0,0.9408716598312479,0.0,0
1.1919665747098165,0.029116345979716463,1005.0,2074.0,0.20170123934383716,0.9614658550338259,0.0,39982.0,0.9408716598312479,0.0,0
1.1919665747098165,0.029116345979716463,1005.0,2074.0,0.20170123934383716,0.9614658550338259,0.0,39982.0,0.9408716598312479,0.0,0
0.21119626166322494,0.010203352834859299,1005.0,4002.0,0.20189740857940675,1.0224037150682115e-16,0.0,39941.0,0.0,0.0,0
0.21119626166322494,0.010203352834859299,1005.0,4002.0,0.20189740857940675,1.0224037150682115e-16,0.0,39941.0,0.0,0.0,0
0.17399152805535156,0.009670049423465533,1006.0,4062.0,0.16522597838292716,5.600648620781877e-17,0.0,39941.0,0.0,0.0,0
0.16203398459918208,0.009670049423465533,1007.0,4062.0,0.15326843492675765,1.618072416599205e-17,0.0,39941.0,0.0,0.0,0
0.1544859596039721,0.009670049423465533,1008.0,4062.0,0.14572040993154758,1.0511366381353882e-16,0.0,39941.0,0.0,0.0,0
0.1487861864201163,0.009652894532752436,1009.0,4066.0,0.140037791638405,4.1393012390945446e-17,0.0,39941.0,0.0,0.0,0
0.14398553367128747,0.00962776378175097,1010.0,4072.0,0.1352622696405776,4.617710086606329e-17,0.0,39941.0,0.0,0.0,0
0.13969558804572837,0.009579249350445816,1011.0,4084.0,0.13102083844632365,8.049193369115189e-17,0.0,39941.0,0.0,0.0,0
0.13578281405562098,0.009529557826913858,1012.0,4099.0,0.12715775597974827,9.562498506941785e-18,0.0,39941.0,0.0,0.0,0
0.13217268684779712,0.009478222638916485,1013.0,4114.0,0.12359896395992176,5.704564133060401e-17,0.0,39941.0,0.0,0.0,0
0.1288251990557649,0.009427655012293215,1014.0,4130.0,0.12030204379451279,4.4501960094360306e-17,0.0,39941.0,0.0,0.0,0
0.12574200621328663,0.009408850827625789,1015.0,4136.0,0.11723765513670197,3.198099263129224e-17,0.0,39941.0,0.0,0.0,0
0.12285999650034277,0.009381925592366353,1016.0,4146.0,0.11438257065901751,9.880491331400655e-19,0.0,39941.0,0.0,0.0,0
0.1201036920542906,0.009291201945617299,1017.0,4163.0,0.11171698985971441,-9.051438610490026e-18,0.0,39941.0,0.0,0.0,0
0.11747549429926776,0.009156555229586756,1018.0,4183.0,0.10922343882072212,1.7041008325019176e-17,0.0,39941.0,0.0,0.0,0
0.11508985517615351,0.009108090860496016,1019.0,4190.0,0.10688626406669861,-3.662595924570933e-18,0.0,39941.0,0.0,0.0,0
0.11283399601191113,0.009047141133786673,1020.0,4198.0,0.1046913546291656,-1.937484851881554e-17,0.0,39941.0,0.0,0.0,0
0.1106864214693277,0.008964964428345358,1021.0,4209.0,0.10262595679202342,4.769892366883075e-17,0.0,39941.0,0.0,0.0,0
0.10866569047278311,0.008891659392470216,1022.0,4219.0,0.10067853083135402,7.701672639527994e-17,0.0,39941.0,0.0,0.0,0
0.10675378742026874,0.008819656820195297,1023.0,4229.0,0.09883863035111456,3.8857587460215336e-17,0.0,39941.0,0.0,0.0,0
0.10494837416497858,0.008756077517694947,1024.0,4238.0,0.09709679639832478,8.807265548851963e-18,0.0,39941.0,0.0,0.0,0
0.10325434693572393,0.008714383819916066,1025.0,4244.0,0.09544446286684898,7.643752517930128e-17,0.0,39941.0,0.0,0.0,0
0.10165642688269508,0.008687055285032644,1026.0,4248.0,0.09387387134870355,2.5300304096008978e-17,0.0,39941.0,0.0,0.0,0
0.10010659333166723,0.008633098830961018,1027.0,4256.0,0.09237799425174734,4.1929625282219794e-17,0.0,39941.0,0.0,0.0,0
0.09866580122150402,0.00861983567921331,1028.0,4258.0,0.09095046529333183,5.91239515761745e-17,0.0,39941.0,0.0,0.0,0
0.09723545289778492,0.008554436018998928,1029.0,4268.0,0.08958551662982712,1.3790099539256604e-17,0.0,39941.0,0.0,0.0,0
0.0959020478156617,0.00852862559020477,1030.0,4272.0,0.08827792197649806,-1.771674307699428e-18,0.0,39941.0,0.0,0.0,0
0.0946215807330951,0.008503135341622253,1031.0,4276.0,0.08702294514251398,3.992513479947012e-17,0.0,39941.0,0.0,0.0,0
0.09338353403639257,0.008471740323553146,1032.0,4281.0,0.08581629346388055,3.755580433508683e-17,0.0,39941.0,0.0,0.0,0
0.09220894754232459,0.00845937162586236,1033.0,4283.0,0.08465407566750334,2.6248604126091683e-17,0.0,39941.0,0.0,0.0,0
0.09105088204538679,0.00842261805197382,1034.0,4289.0,0.08353276374445408,6.960209906425902e-17,0.0,39941.0,0.0,0.0,0
0.0899369853084838,0.008392326608698571,1035.0,4294.0,0.08244915845082634,2.998360020265995e-17,0.0,39941.0,0.0,0.0,0
0.08885236627550208,0.008356507935600221,1036.0,4300.0,0.08140035809094298,5.462662448739902e-18,0.0,39941.0,0.0,0.0,0
0.0878239337218836,0.008344703202374088,1037.0,4302.0,0.08038373027055062,3.6052436473024574e-17,0.0,39941.0,0.0,0.0,0
0.0868254659620018,0.008333079375669681,1038.0,4304.0,0.07939688633737327,-8.93645013378838e-18,0.0,39941.0,0.0,0.0,0
0.08584899817379676,0.008315839671544445,1039.0,4307.0,0.07843765825329342,3.9597204699246906e-17,0.0,39941.0,0.0,0.0,0
0.08488694652928683,0.008287368613561238,1040.0,4312.0,0.0775040776667667,1.241449665130729e-17,0.0,39941.0,0.0,0.0,0
0.08397156118344977,0.008281703958393886,1041.0,4313.0,0.07659435697609698,3.7073136655104616e-17,0.0,39941.0,0.0,0.0,0
0.08308407640147528,0.008281703958393886,1042.0,4313.0,0.07570687219412252,-7.268407416202781e-19,0.0,39941.0,0.0,0.0,0
0.08221735165024605,0.008281703958393886,1043.0,4313.0,0.07484014744289327,2.691298199147897e-17,0.0,39941.0,0.0,0.0,0
0.081370045130584,0.008281703958393886,1044.0,4313.0,0.07399284092323123,-1.5104659161796404e-18,0.0,39941.0,0.0,0.0,0
0.08054093642617957,0.008281703958393886,1045.0,4313.0,0.07316373221882681,-8.074746363937777e-18,0.0,39941.0,0.0,0.0,0
0.07972891501523208,0.008281703958393886,1046.0,4313.0,0.0723517108078793,1.768267241723083e-17,0.0,39941.0,0.0,0.0,0
0.07893296987472803,0.008281703958393886,1047.0,4313.0,0.07155576566737529,1.663783885115168e-18,0.0,39941.0,0.0,0.0,0
0.07815218007338506,0.008281703958393886,1048.0,4313.0,0.07077497586603229,2.185632823825352e-17,0.0,39941.0,0.0,0.0,0
0.07738570625918328,0.008281703958393886,1049.0,4313.0,0.07000850205183053,2.1221762200159254e-17,0.0,39941.0,0.0,0.0,0
0.07663278295635967,0.008281703958393886,1050.0,4313.0,0.0692555787490069,1.361548740796892e-17,0.0,39941.0,0.0,0.0,0
0.07589271159484016,0.008281703958393886,1051.0,4313.0,0.06851550738748739,3.619297794454881e-17,0.0,39941.0,0.0,0.0,0
0.07516485420241507,0.008281703958393886,1052.0,4313.0,0.06778764999506232,-6.135557979068051e-18,0.0,39941.0,0.0,0.0,0
0.07444862769659591,0.008281703958393886,1053.0,4313.0,0.06707142348924312,4.917531892524694e-18,0.0,39941.0,0.0,0.0,0
0.07374349871909078,0.008281703958393886,1054.0,4313.0,0.06636629451173803,-8.807265548851963e-18,0.0,39941.0,0.0,0.0,0
0.07304897896126905,0.008281703958393886,1055.0,4313.0,0.06567177475391626,1.3707762111494932e-17,0.0,39941.0,0.0,0.0,0
0.07236462093389553,0.008281703958393886,1056.0,4313.0,0.06498741672654278,-3.1231438116496325e-18,0.0,39941.0,0.0,0.0,0
0.0716900141388633,0.008281703958393886,1057.0,4313.0,0.06431280993151053,3.1163296796969425e-17,0.0,39941.0,0.0,0.0,0
0.07102478160467444,0.008281703958393886,1058.0,4313.0,0.06364757739732169,3.774177335296233e-17,0.0,39941.0,0.0,0.0,0
0.07036857675106008,0.008281703958393886,1059.0,4313.0,0.06299137254370732,9.377949099889761e-18,0.0,39941.0,0.0,0.0,0
0.06972108055142297,0.008281703958393886,1060.0,4313.0,0.0623438763440702,1.7773527509933363e-18,0.0,39941.0,0.0,0.0,0
0.06908199896476631,0.008281703958393886,1061.0,4313.0,0.06170479475741355,3.689000685887607e-17,0.0,39941.0,0.0,0.0,0
0.06845106061146962,0.008281703958393886,1062.0,4313.0,0.06107385640411685,1.4551010940640332e-17,0.0,39941.0,0.0,0.0,0
0.06782801466971193,0.008281703958393886,1063.0,4313.0,0.060450810462359186,1.3230772874806625e-18,0.0,39941.0,0.0,0.0,0
0.06721262897154985,0.008281703958393886,1064.0,4313.0,0.059835424764197086,9.372270656595851e-18,0.0,39941.0,0.0,0.0,0
0.06660468827965609,0.008281703958393886,1065.0,4313.0,0.059227484072303306,4.517201640304151e-18,0.0,39941.0,0.0,0.0,0
0.06600399272753207,0.008281703958393886,1066.0,4313.0,0.058626788520179295,2.7389971228167278e-17,0.0,39941.0,0.0,0.0,0
0.06541035640764244,0.008281703958393886,1067.0,4313.0,0.05803315220028968,1.4971215744389556e-17,0.0,39941.0,0.0,0.0,0
0.06482360609340046,0.008281703958393886,1068.0,4313.0,0.05744640188604771,3.333814057853635e-17,0.0,39941.0,0.0,0.0,0
0.06424358008227131,0.008281703958393886,1069.0,4313.0,0.05686637587491854,2.3994262138410042e-17,0.0,39941.0,0.0,0.0,0
0.06367012714847288,0.008281703958393886,1070.0,4313.0,0.056292922941120115,3.2298985455751107e-17,0.0,39941.0,0.0,0.0,0
0.0631031055948488,0.008281703958393886,1071.0,4313.0,0.05572590138749603,3.112922613720597e-17,0.0,39941.0,0.0,0.0,0
0.06254238239448175,0.008281703958393886,1072.0,4313.0,0.05516517818712897,4.42606262543692e-17,0.0,39941.0,0.0,0.0,0
0.061987832413511315,0.008281703958393886,1073.0,4313.0,0.05461062820615856,1.9193138333410468e-17,0.0,39941.0,0.0,0.0,0
0.06143933770743433,0.008281703958393886,1074.0,4313.0,0.054062133500081565,3.344603100112061e-18,0.0,39941.0,0.0,0.0,0
0.06089678688389878,0.008281703958393886,1075.0,4313.0,0.05351958267654602,7.932785281590067e-18,0.0,39941.0,0.0,0.0,0
0.06036007452566895,0.008281703958393886,1076.0,4313.0,0.052982870318316194,3.088505307556791e-17,0.0,39941.0,0.0,0.0,0
0.059829100668040036,0.008281703958393886,1077.0,4313.0,0.05245189646068728,1.0189966490918665e-17,0.0,39941.0,0.0,0.0,0
0.0593037703255257,0.008281703958393886,1078.0,4313.0,0.05192656611817293,3.7029128719576825e-17,0.0,39941.0,0.0,0.0,0
0.05878399306313333,0.008281703958393886,1079.0,4313.0,0.05140678885578058,-6.3740525974122045e-18,0.0,39941.0,0.0,0.0,0
0.058269682607989724,0.008281703958393886,1080.0,4313.0,0.05089247840063694,1.900007126141758e-17,0.0,39941.0,0.0,0.0,0
0.05776075649748031,0.008281703958393886,1081.0,4313.0,0.05038355229012755,2.8681817077531444e-17,0.0,39941.0,0.0,0.0,0
0.05725713576043293,0.008281703958393886,1082.0,4313.0,0.04987993155308016,4.227601032314821e-18,0.0,39941.0,0.0,0.0,0
0.056758744628205314,0.008281703958393886,1083.0,4313.0,0.049381540420852556,2.3168048639146365e-18,0.0,39941.0,0.0,0.0,0
0.056265510272834655,0.008281703958393886,1084.0,4313.0,0.0488883060654819,-2.73700966766386e-18,0.0,39941.0,0.0,0.0,0
0.055777362569678975,0.008281703958393886,1085.0,4313.0,0.0484001583623262,3.593602838549945e-17,0.0,39941.0,0.0,0.0,0
0.055294233882222994,0.008281703958393886,1086.0,4313.0,0.047917029674870236,6.359856489177433e-18,0.0,39941.0,0.0,0.0,0
0.0548160588669445,0.008281703958393886,1087.0,4313.0,0.047438854659591745,-1.7830311942872446e-18,0.0,39941.0,0.0,0.0,0
0.05434277429633523,0.008281703958393886,1088.0,4313.0,0.046965570088982465,2.7495022429104583e-17,0.0,39941.0,0.0,0.0,0
0.053874318898353445,0.008281703958393886,1089.0,4313.0,0.04649711469100068,5.706835510377965e-19,0.0,39941.0,0.0,0.0,0
0.05341063321074885,0.008281703958393886,1090.0,4313.0,0.04603342900339609,1.5700895707656788e-18,0.0,39941.0,0.0,0.0,0
0.05295165944884767,0.008281703958393886,1091.0,4313.0,0.04557445524149491,1.2413077040483813e-17,0.0,39941.0,0.0,0.0,0
0.052488797623489014,0.008273160196361009,1092.0,4317.0,0.04512013717816912,6.408123257175655e-18,0.0,39941.0,0.0,0.0,0
0.052034847166978364,0.008268926883185536,1093.0,4319.0,0.044670420034833944,1.0913968010891988e-17,0.0,39941.0,0.0,0.0,0
0.05158549229452073,0.00826474166313391,1094.0,4321.0,0.04422525038242794,3.355392142370487e-17,0.0,39941.0,0.0,0.0,0
0.051140654371938855,0.008260578071550152,1095.0,4323.0,0.04378457605142982,1.7801919726402905e-18,0.0,39941.0,0.0,0.0,0
0.050704424370565056,0.008260578071550152,1096.0,4323.0,0.043348346050056025,1.689620802102451e-17,0.0,39941.0,0.0,0.0,0
0.050272588810372644,0.008260578071550152,1097.0,4323.0,0.04291651048986361,1.0942360227361531e-17,0.0,39941.0,0.0,0.0,0
0.04983496793477806,0.00825044716776052,1098.0,4328.0,0.04248902051805867,1.4153519910066745e-17,0.0,39941.0,0.0,0.0,0
0.049411775672594124,0.00825044716776052,1099.0,4328.0,0.042065828255874724,1.4028594157600757e-17,0.0,39941.0,0.0,0.0,0
0.048990840961475525,0.008248453970068547,1100.0,4329.0,0.04164688674244808,2.4198686096990742e-17,0.0,39941.0,0.0,0.0,0
0.04857610410269757,0.008248453970068547,1101.0,4329.0,0.04123214988367014,1.8009182906630564e-17,0.0,39941.0,0.0,0.0,0
0.04816161879875978,0.008244546144254159,1102.0,4331.0,0.04082157240554673,1.8278908963091213e-17,0.0,39941.0,0.0,0.0,0
0.04774739439435534,0.008236784333756898,1103.0,4335.0,0.04041510981163957,1.6893368799377559e-18,0.0,39941.0,0.0,0.0,0
0.047345002926920066,0.008236784333756898,1104.0,4335.0,0.04001271834420428,2.6512651739258425e-17,0.0,39941.0,0.0,0.0,0
0.04694282282743954,0.00823296762980344,1105.0,4337.0,0.03961435494867724,7.949820611471792e-20,0.0,39941.0,0.0,0.0,0
0.04653898955433886,0.008223512064184172,1106.0,4342.0,0.039219977241195816,1.402291571430685e-17,0.0,39941.0,0.0,0.0,0
0.04614667265631544,0.008221628928489795,1107.0,4343.0,0.03882954347886677,1.665771340268036e-17,0.0,39941.0,0.0,0.0,0
0.04575641897989926,0.008217906198415583,1108.0,4345.0,0.038443012532524794,1.2103601880965803e-17,0.0,39941.0,0.0,0.0,0
0.04537375030912204,0.008217906198415583,1109.0,4345.0,0.03806034386174757,1.086854046454072e-17,0.0,39941.0,0.0,0.0,0
0.04499490393929035,0.008217906198415583,1110.0,4345.0,0.037681497491915884,3.007303568453901e-17,0.0,39941.0,0.0,0.0,0
0.04461984044050195,0.008217906198415583,1111.0,4345.0,0.037306433993127476,2.5851113095518096e-17,0.0,39941.0,0.0,0.0,0
0.04424671464855967,0.008216099938808959,1112.0,4346.0,0.036935114460791826,2.030611321901652e-17,0.0,39941.0,0.0,0.0,0
0.043879100685516426,0.008216099938808959,1113.0,4346.0,0.036567500497748595,8.006605044410876e-19,0.0,39941.0,0.0,0.0,0
0.043515154385536214,0.008216099938808959,1114.0,4346.0,0.03620355419776838,5.814725932962225e-18,0.0,39941.0,0.0,0.0,0
0.043154838318075116,0.008216099938808959,1115.0,4346.0,0.035843238130307264,1.6203437939167686e-17,0.0,39941.0,0.0,0.0,0
0.042798115514166846,0.008216099938808959,1116.0,4346.0,0.035486515326399,1.3673691451731483e-17,0.0,39941.0,0.0,0.0,0
0.0424449494533475,0.008216099938808959,1117.0,4346.0,0.035133349265579664,1.177141294827216e-17,0.0,39941.0,0.0,0.0,0
0.04209530405151747,0.008216099938808959,1118.0,4346.0,0.034783703863749627,1.4556689383934242e-17,0.0,39941.0,0.0,0.0,0
0.04174914364965463,0.008216099938808959,1119.0,4346.0,0.03443754346188679,1.4834933105335754e-17,0.0,39941.0,0.0,0.0,0
0.04140643300330071,0.008216099938808959,1120.0,4346.0,0.034094832815532876,5.43427023227036e-18,0.0,39941.0,0.0,0.0,0
0.04106713727275038,0.008216099938808959,1121.0,4346.0,0.033755537084982544,1.973259044633177e-17,0.0,39941.0,0.0,0.0,0
0.04073122201387874,0.008216099938808959,1122.0,4346.0,0.033419621826110905,1.4338069317118768e-18,0.0,39941.0,0.0,0.0,0
0.0403986531695502,0.008216099938808959,1123.0,4346.0,0.033087052981782356,1.658389363985955e-17,0.0,39941.0,0.0,0.0,0
0.04006939706155527,0.008216099938808959,1124.0,4346.0,0.03275779687378743,6.6466178755198086e-18,0.0,39941.0,0.0,0.0,0
0.03974342038302894,0.008216099938808959,1125.0,4346.0,0.0324318201952611,1.5326118450258833e-17,0.0,39941.0,0.0,0.0,0
0.039420690191306854,0.008216099938808959,1126.0,4346.0,0.03210909000353903,8.290527209106297e-19,0.0,39941.0,0.0,0.0,0
0.039101173901181015,0.008216099938808959,1127.0,4346.0,0.03178957371341318,1.4843450770276617e-17,0.0,39941.0,0.0,0.0,0
0.03878483927851928,0.008216099938808959,1128.0,4346.0,0.03147323909075144,1.9519648822810203e-17,0.0,39941.0,0.0,0.0,0
0.03847165443421733,0.008216099938808959,1129.0,4346.0,0.031160054246449503,8.034997260880419e-18,0.0,39941.0,0.0,0.0,0
0.0381615878184538,0.008216099938808959,1130.0,4346.0,0.03084998763068597,-4.789766918411755e-18,0.0,39941.0,0.0,0.0,0
0.037854608215222574,0.008216099938808959,1131.0,4346.0,0.030543008027454747,1.4224500451240599e-18,0.0,39941.0,0.0,0.0,0
0.037550684737118485,0.008216099938808959,1132.0,4346.0,0.030239084549350644,7.140642442089842e-18,0.0,39941.0,0.0,0.0,0
0.03724978682035515,0.008216099938808959,1133.0,4346.0,0.029938186632587318,6.138397200715005e-18,0.0,39941.0,0.0,0.0,0
0.036951884219995325,0.008216099938808959,1134.0,4346.0,0.029640284032227487,7.99524815782306e-18,0.0,39941.0,0.0,0.0,0
0.03665694700537603,0.008216099938808959,1135.0,4346.0,0.02934534681760819,-1.022119792903516e-19,0.0,39941.0,0.0,0.0,0
0.03636494555571288,0.008216099938808959,1136.0,4346.0,0.02905334536794505,1.2029782118144994e-17,0.0,39941.0,0.0,0.0,0
0.036075850555868615,0.008216099938808959,1137.0,4346.0,0.028764250368100767,1.3318788745862205e-17,0.0,39941.0,0.0,0.0,0
0.03578963299227321,0.008216099938808959,1138.0,4346.0,0.028478032804505372,1.6013210088821752e-18,0.0,39941.0,0.0,0.0,0
0.03550626414898335,0.008216099938808959,1139.0,4346.0,0.0281946639612155,7.356423287258361e-18,0.0,39941.0,0.0,0.0,0
0.035225715603870444,0.008216099938808959,1140.0,4346.0,0.027914115416102607,1.596494332082353e-17,0.0,39941.0,0.0,0.0,0
0.03494795922492767,0.008216099938808959,1141.0,4346.0,0.02763635903715982,4.5626291866554175e-18,0.0,39941.0,0.0,0.0,0
0.03467296716668694,0.008216099938808959,1142.0,4346.0,0.027361366978919104,2.044239585807032e-18,0.0,39941.0,0.0,0.0,0
0.03440071186673774,0.008216099938808959,1143.0,4346.0,0.0270891116789699,1.1476133896988923e-17,0.0,39941.0,0.0,0.0,0
0.03413116604234054,0.008216099938808959,1144.0,4346.0,0.026819565854572704,1.6893368799377558e-17,0.0,39941.0,0.0,0.0,0
0.03386430268712826,0.008216099938808959,1145.0,4346.0,0.02655270249936042,1.764860175746738e-17,0.0,39941.0,0.0,0.0,0
0.03360009506788956,0.008216099938808959,1146.0,4346.0,0.02628849488012173,1.720568318054252e-18,0.0,39941.0,0.0,0.0,0
0.03333851672142858,0.008216099938808959,1147.0,4346.0,0.02602691653366075,1.4565207048875104e-18,0.0,39941.0,0.0,0.0,0
0.03307954145149611,0.008216099938808959,1148.0,4346.0,0.02576794126372827,1.7066561319841765e-17,0.0,39941.0,0.0,0.0,0
0.032823143325787583,0.008216099938808959,1149.0,4346.0,0.025511543138019743,5.786333716492683e-18,0.0,39941.0,0.0,0.0,0
0.03256929667300407,0.008216099938808959,1150.0,4346.0,0.025257696485236236,5.141830402634077e-18,0.0,39941.0,0.0,0.0,0
0.032317976079972,0.008216099938808959,1151.0,4346.0,0.025006375892204166,1.3906507626781726e-17,0.0,39941.0,0.0,0.0,0
0.03206915638881868,0.008216099938808959,1152.0,4346.0,0.02475755620105085,3.628525264807482e-18,0.0,39941.0,0.0,0.0,0
0.031822812694200266,0.008216099938808959,1153.0,4346.0,0.02451121250643242,1.1527239886634098e-17,0.0,39941.0,0.0,0.0,0
0.03157892034057925,0.008216099938808959,1154.0,4346.0,0.024267320152811408,2.0317470105604337e-17,0.0,39941.0,0.0,0.0,0
0.03133745491954914,0.008216099938808959,1155.0,4346.0,0.024025854731781295,1.6566858309977823e-17,0.0,39941.0,0.0,0.0,0
0.031098392267203796,0.008216099938808959,1156.0,4346.0,0.023786792079435955,2.0459431187952048e-17,0.0,39941.0,0.0,0.0,0
0.030861708461549175,0.008216099938808959,1157.0,4346.0,0.023550108273781328,1.4011558827719034e-17,0.0,39941.0,0.0,0.0,0
0.03062737981995573,0.008216099938808959,1158.0,4346.0,0.023315779632187898,1.2901423163759937e-17,0.0,39941.0,0.0,0.0,0
0.030395382896649486,0.008216099938808959,1159.0,4346.0,0.02308378270888165,3.557544723633627e-18,0.0,39941.0,0.0,0.0,0
0.03016569448024021,0.008216099938808959,1160.0,4346.0,0.022854094292472368,2.051621562089113e-17,0.0,39941.0,0.0,0.0,0
0.029938291591285013,0.008216099938808959,1161.0,4346.0,0.022626691403517175,1.3384090843742152e-17,0.0,39941.0,0.0,0.0,0
0.02971315147988636,0.008216099938808959,1162.0,4346.0,0.022401551292118526,-4.258832470431317e-19,0.0,39941.0,0.0,0.0,0
0.029490251623322698,0.008216099938808959,1163.0,4346.0,0.02217865143555486,1.0394390449499368e-17,0.0,39941.0,0.0,0.0,0
0.02926956972371084,0.008216099938808959,1164.0,4346.0,0.021957969535943,1.4133645358538065e-17,0.0,39941.0,0.0,0.0,0
0.029051083705699025,0.008216099938808959,1165.0,4346.0,0.02173948351793119,9.096866156841294e-18,0.0,39941.0,0.0,0.0,0
0.028834771714189543,0.008216099938808959,1166.0,4346.0,0.021523171526421706,1.3855401637136551e-17,0.0,39941.0,0.0,0.0,0
0.02862061211208996,0.008216099938808959,1167.0,4346.0,0.021309011924322118,1.9204495219998285e-17,0.0,39941.0,0.0,0.0,0
0.02840858347809224,0.008216099938808959,1168.0,4346.0,0.021096983290324407,8.225225111226351e-18,0.0,39941.0,0.0,0.0,0
0.028198664604478892,0.008216099938808959,1169.0,4346.0,0.020887064416711055,7.464313709842621e-18,0.0,39941.0,0.0,0.0,0
0.027990834494955315,0.008216099938808959,1170.0,4346.0,0.02067923430718747,1.0385872784558505e-17,0.0,39941.0,0.0,0.0,0
0.027785072362507813,0.008216099938808959,1171.0,4346.0,0.020473472174739982,7.518258921134752e-18,0.0,39941.0,0.0,0.0,0
0.02758135762728655,0.008216099938808959,1172.0,4346.0,0.020269757439518716,9.250184125776821e-18,0.0,39941.0,0.0,0.0,0
0.027379669914512884,0.008216099938808959,1173.0,4346.0,0.020068069726745047,1.05164769803184e-17,0.0,39941.0,0.0,0.0,0
0.027179989052410453,0.008216099938808959,1174.0,4346.0,0.01986838886464261,5.709674732024919e-18,0.0,39941.0,0.0,0.0,0
0.02698229507015963,0.008216099938808959,1175.0,4346.0,0.019670694882391794,6.655135540460672e-18,0.0,39941.0,0.0,0.0,0
0.02678656819587472,0.008216099938808959,1176.0,4346.0,0.019474968008106875,1.399736271948426e-17,0.0,39941.0,0.0,0.0,0
0.02659278885460345,0.008216099938808959,1177.0,4346.0,0.01928118866683562,-2.484318941084935e-18,0.0,39941.0,0.0,0.0,0
0.02640093766634856,0.008216099938808959,1178.0,4346.0,0.01908933747858072,5.053814531578496e-18,0.0,39941.0,0.0,0.0,0
0.0262109954441106,0.008216099938808959,1179.0,4346.0,0.018899395256342762,1.0505120093730581e-17,0.0,39941.0,0.0,0.0,0
0.026022943191952076,0.008216099938808959,1180.0,4346.0,0.018711343004184235,1.001109552716055e-17,0.0,39941.0,0.0,0.0,0
0.02583676210308225,0.008216099938808959,1181.0,4346.0,0.018525161915314413,2.55529948225879e-20,0.0,39941.0,0.0,0.0,0
0.025652433557962363,0.008216099938808959,1182.0,4346.0,0.01834083337019452,1.1598220427807954e-17,0.0,39941.0,0.0,0.0,0
0.02546993912243082,0.008216099938808959,1183.0,4346.0,0.01815833893466298,2.498515049319706e-18,0.0,39941.0,0.0,0.0,0
0.025289260545848347,0.008216099938808959,1184.0,4346.0,0.017977660358080513,5.726710061906644e-18,0.0,39941.0,0.0,0.0,0
0.02511037975926235,0.008216099938808959,1185.0,4346.0,0.017798779571494512,5.2582384901592e-18,0.0,39941.0,0.0,0.0,0
0.024933278873590616,0.008216099938808959,1186.0,4346.0,0.017621678685822782,3.705184249275246e-18,0.0,39941.0,0.0,0.0,0
0.024757940177823824,0.008216099938808959,1187.0,4346.0,0.01744633999005599,3.7704863471551926e-18,0.0,39941.0,0.0,0.0,0
0.024584346137246686,0.008216099938808959,1188.0,4346.0,0.017272745949478845,4.136745939612286e-18,0.0,39941.0,0.0,0.0,0
0.02441247939167747,0.008216099938808959,1189.0,4346.0,0.017100879203909635,8.971940404375307e-18,0.0,39941.0,0.0,0.0,0
0.024242322753725603,0.008216099938808959,1190.0,4346.0,0.016930722565957762,9.210435022719462e-18,0.0,39941.0,0.0,0.0,0
0.02407385920706722,0.008216099938808959,1191.0,4346.0,0.016762259019299376,1.2441469256953354e-17,0.0,39941.0,0.0,0.0,0
0.023907071904738314,0.008216099938808959,1192.0,4346.0,0.01659547171697048,2.066953358982666e-18,0.0,39941.0,0.0,0.0,0
0.02374194416744536,0.008216099938808959,1193.0,4346.0,0.016430343979677513,8.38706074510274e-18,0.0,39941.0,0.0,0.0,0
0.02357845948189304,0.008216099938808959,1194.0,4346.0,0.016266859294125198,3.884055213033361e-18,0.0,39941.0,0.0,0.0,0
0.023416601499129178,0.008216099938808959,1195.0,4346.0,0.01610500131136134,1.663783885115168e-18,0.0,39941.0,0.0,0.0,0
0.02325635403290627,0.008216099938808959,1196.0,4346.0,0.015944753845138434,1.2211492303550063e-17,0.0,39941.0,0.0,0.0,0
0.023097701058059694,0.008216099938808959,1197.0,4346.0,0.01578610087029186,4.653484279357953e-18,0.0,39941.0,0.0,0.0,0
0.02294062670890241,0.008216099938808959,1198.0,4346.0,0.015629026521134577,2.5013542709666602e-18,0.0,39941.0,0.0,0.0,0
0.02278511527763573,0.008216099938808959,1199.0,4346.0,0.015473515089867891,9.62780060482173e-18,0.0,39941.0,0.0,0.0,0
0.0226311512127762,0.008216099938808959,1200.0,4346.0,0.015319551025008362,2.3366794154433158e-18,0.0,39941.0,0.0,0.0,0
0.022478719117598394,0.008216099938808959,1201.0,4346.0,0.015167118929830553,4.6733588308866316e-18,0.0,39941.0,0.0,0.0,0
0.022327803748593236,0.008216099938808959,1202.0,4346.0,0.015016203560825397,1.0121825171391764e-17,0.0,39941.0,0.0,0.0,0
0.022178390013941954,0.008216099938808959,1203.0,4346.0,0.01486678982617412,-7.836251745593623e-19,0.0,39941.0,0.0,0.0,0
0.02203046297200534,0.008216099938808959,1204.0,4346.0,0.014718862784237511,-1.7432820912298856e-18,0.0,39941.0,0.0,0.0,0
0.021884007829828123,0.008216099938808959,1205.0,4346.0,0.014572407642060288,5.022583093462e-18,0.0,39941.0,0.0,0.0,0
0.021739009941658394,0.008216099938808959,1206.0,4346.0,0.014427409753890553,8.829979322027598e-18,0.0,39941.0,0.0,0.0,0
0.021595454807481856,0.008216099938808959,1207.0,4346.0,0.014283854619714017,9.670388929526045e-18,0.0,39941.0,0.0,0.0,0
0.021453328071570778,0.008216099938808959,1208.0,4346.0,0.014141727883802944,-2.6518330182552333e-18,0.0,39941.0,0.0,0.0,0
0.021312615521047483,0.008216099938808959,1209.0,4346.0,0.014001015333279646,-3.1231438116496325e-18,0.0,39941.0,0.0,0.0,0
0.021173303084462136,0.008216099938808959,1210.0,4346.0,0.013861702896694297,7.552329580898202e-18,0.0,39941.0,0.0,0.0,0
0.02103537683038482,0.008216099938808959,1211.0,4346.0,0.013723776642616987,-1.357147947244113e-18,0.0,39941.0,0.0,0.0,0
0.020898822966011758,0.008216099938808959,1212.0,4346.0,0.013587222778243913,1.1907695587325962e-17,0.0,39941.0,0.0,0.0,0
0.02076362783578525,0.008216099938808959,1213.0,4346.0,0.013452027648017418,5.735227726847507e-19,0.0,39941.0,0.0,0.0,0
0.020629777920027688,0.008216099938808959,1214.0,4346.0,0.013318177732259849,8.898120641554499e-18,0.0,39941.0,0.0,0.0,0
0.020497259833588913,0.008216099938808959,1215.0,4346.0,0.013185659645821073,9.295611672128087e-18,0.0,39941.0,0.0,0.0,0
0.02036606032450731,0.008216099938808959,1216.0,4346.0,0.013054460136739478,5.786333716492683e-18,0.0,39941.0,0.0,0.0,0
0.020236166272684156,0.008216099938808959,1217.0,4346.0,0.012924566084916319,8.509147275921771e-18,0.0,39941.0,0.0,0.0,0
0.020107564688571177,0.008216099938808959,1218.0,4346.0,0.012795964500803336,5.576231314618071e-18,0.0,39941.0,0.0,0.0,0
0.01998024271187129,0.008216099938808959,1219.0,4346.0,0.012668642524103449,8.753320337559834e-18,0.0,39941.0,0.0,0.0,0
0.019854187610252188,0.008216099938808959,1220.0,4346.0,0.012542587422484354,-7.836251745593623e-19,0.0,39941.0,0.0,0.0,0
0.019729386778072882,0.008216099938808959,1221.0,4346.0,0.012417786590305043,1.9136353900471383e-18,0.0,39941.0,0.0,0.0,0
0.019605827735122802,0.008216099938808959,1222.0,4346.0,0.012294227547354961,1.3574318694088084e-17,0.0,39941.0,0.0,0.0,0
0.019483498125373536,0.008216099938808959,1223.0,4346.0,0.0121718979376057,3.3218893269364272e-18,0.0,39941.0,0.0,0.0,0
0.019362385715743082,0.008216099938808959,1224.0,4346.0,0.01205078552797524,7.8873577352388e-18,0.0,39941.0,0.0,0.0,0
0.019242478394872236,0.008216099938808959,1225.0,4346.0,0.011930878207104393,9.023046394020483e-18,0.0,39941.0,0.0,0.0,0
0.019123764171913336,0.008216099938808959,1226.0,4346.0,0.011812163984145502,2.8960060798932956e-19,0.0,39941.0,0.0,0.0,0
0.019006231175331012,0.008216099938808959,1227.0,4346.0,0.011694630987563171,4.358205228074714e-18,0.0,39941.0,0.0,0.0,0
0.018889867651714843,0.008216099938808959,1228.0,4346.0,0.011578267463947,1.2367649494132545e-17,0.0,39941.0,0.0,0.0,0
0.01877466196460388,0.008216099938808959,1229.0,4346.0,0.011463061776836042,1.544536575943091e-18,0.0,39941.0,0.0,0.0,0
0.018660602593322948,0.008216099938808959,1230.0,4346.0,0.01134900240555511,5.422913345682544e-18,0.0,39941.0,0.0,0.0,0
0.018547678131830364,0.008216099938808959,1231.0,4346.0,0.01123607794406252,8.196832894756808e-18,0.0,39941.0,0.0,0.0,0
0.018435877287577278,0.008216099938808959,1232.0,4346.0,0.011124277099809437,7.768110426066722e-18,0.0,39941.0,0.0,0.0,0
0.018325188880378332,0.008216099938808959,1233.0,4346.0,0.011013588692610496,4.332652233252127e-18,0.0,39941.0,0.0,0.0,0
0.018215601841293536,0.008216099938808959,1234.0,4346.0,0.010904001653525695,8.835657765321506e-18,0.0,39941.0,0.0,0.0,0
0.018107105211521292,0.008216099938808959,1235.0,4346.0,0.010795505023753454,8.449523621335732e-18,0.0,39941.0,0.0,0.0,0
0.017999688141302445,0.008216099938808959,1236.0,4346.0,0.010688087953534608,-1.533179689355274e-19,0.0,39941.0,0.0,0.0,0
0.017893339888835267,0.008216099938808959,1237.0,4346.0,0.010581739701067426,7.756753539478905e-18,0.0,39941.0,0.0,0.0,0
0.017788049819201155,0.008216099938808959,1238.0,4346.0,0.010476449631433312,7.802181085830173e-18,0.0,39941.0,0.0,0.0,0
0.01768380740330115,0.008216099938808959,1239.0,4346.0,0.010372207215533311,5.59610586614675e-18,0.0,39941.0,0.0,0.0,0
0.01758060221680292,0.008216099938808959,1240.0,4346.0,0.010269002029035083,4.900496562642969e-18,0.0,39941.0,0.0,0.0,0
0.017478423939098334,0.008216099938808959,1241.0,4346.0,0.010166823751330498,3.319050105289473e-18,0.0,39941.0,0.0,0.0,0
0.017377262352271307,0.008216099938808959,1242.0,4346.0,0.010065662164503471,2.73700966766386e-18,0.0,39941.0,0.0,0.0,0
0.017277107340076002,0.008216099938808959,1243.0,4346.0,0.009965507152308161,9.091187713547385e-18,0.0,39941.0,0.0,0.0,0
0.017177948886925132,0.008216099938808959,1244.0,4346.0,0.009866348699157293,7.27408585949669e-18,0.0,39941.0,0.0,0.0,0
0.017079777076888424,0.008216099938808959,1245.0,4346.0,0.009768176889120586,5.320701366392192e-18,0.0,39941.0,0.0,0.0,0
0.016982582092700937,0.008216099938808959,1246.0,4346.0,0.009670981904933098,1.5473757975900452e-18,0.0,39941.0,0.0,0.0,0
0.016886354214781355,0.008216099938808959,1247.0,4346.0,0.009574754027013516,7.495545147959118e-18,0.0,39941.0,0.0,0.0,0
0.01679108382025994,0.008216099938808959,1248.0,4346.0,0.009479483632492102,5.127634294399306e-18,0.0,39941.0,0.0,0.0,0
0.016696761382016298,0.008216099938808959,1249.0,4346.0,0.009385161194248459,4.006141743852392e-18,0.0,39941.0,0.0,0.0,0
0.01660337746772657,0.008216099938808959,1250.0,4346.0,0.009291777279958736,1.916474611694093e-18,0.0,39941.0,0.0,0.0,0
0.016510922738920228,0.008216099938808959,1251.0,4346.0,0.00919932255115239,4.503005532069379e-18,0.0,39941.0,0.0,0.0,0
0.016419387950046185,0.008216099938808959,1252.0,4346.0,0.009107787762278344,8.142887683464679e-18,0.0,39941.0,0.0,0.0,0
0.016328763947548213,0.008216099938808959,1253.0,4346.0,0.009017163759780376,6.1497540873028215e-18,0.0,39941.0,0.0,0.0,0
0.016239041668949596,0.008216099938808959,1254.0,4346.0,0.008927441481181762,5.857314257666538e-18,0.0,39941.0,0.0,0.0,0
0.016150212141946847,0.008216099938808959,1255.0,4346.0,0.008838611954179008,3.884055213033361e-18,0.0,39941.0,0.0,0.0,0
0.016062266483512465,0.008216099938808959,1256.0,4346.0,0.008750666295744624,8.262134992636755e-18,0.0,39941.0,0.0,0.0,0
0.015975195899006596,0.008216099938808959,1257.0,4346.0,0.008663595711238757,3.0606809354166397e-18,0.0,39941.0,0.0,0.0,0
0.01588899168129761,0.008216099938808959,1258.0,4346.0,0.008577391493529775,5.630176525910201e-18,0.0,39941.0,0.0,0.0,0
0.015803645209891318,0.008216099938808959,1259.0,4346.0,0.00849204502212348,6.467746911761694e-18,0.0,39941.0,0.0,0.0,0
0.015719147950068933,0.008216099938808959,1260.0,4346.0,0.008407547762301092,9.571016171882646e-18,0.0,39941.0,0.0,0.0,0
0.015635491452033575,0.008216099938808959,1261.0,4346.0,0.008323891264265736,2.4502482813214844e-18,0.0,39941.0,0.0,0.0,0
0.015552667350065318,0.008216099938808959,1262.0,4346.0,0.008241067162297475,7.546651137604293e-18,0.0,39941.0,0.0,0.0,0
0.015470667361684547,0.008216099938808959,1263.0,4346.0,0.008159067173916708,5.0822067480480384e-18,0.0,39941.0,0.0,0.0,0
0.015389483286823743,0.008216099938808959,1264.0,4346.0,0.008077883099055902,6.82264961763097e-18,0.0,39941.0,0.0,0.0,0
0.015309107007007444,0.008216099938808959,1265.0,4346.0,0.007997506819239606,4.889139676055152e-18,0.0,39941.0,0.0,0.0,0
0.015229530484540408,0.008216099938808959,1266.0,4346.0,0.007917930296772572,4.962959438875961e-18,0.0,39941.0,0.0,0.0,0
0.01515074576170381,0.008216099938808959,1267.0,4346.0,0.007839145573935976,8.773194889088513e-19,0.0,39941.0,0.0,0.0,0
0.015072744959959488,0.008216099938808959,1268.0,4346.0,0.007761144772191651,5.079367526401084e-18,0.0,39941.0,0.0,0.0,0
0.014995520279162039,0.008216099938808959,1269.0,4346.0,0.007683920091394203,3.8783767697394525e-18,0.0,39941.0,0.0,0.0,0
0.01491906399677885,0.008216099938808959,1270.0,4346.0,0.007607463809011008,4.86074745958561e-18,0.0,39941.0,0.0,0.0,0
0.014843368467117786,0.008216099938808959,1271.0,4346.0,0.007531768279349944,6.0702558811881036e-18,0.0,39941.0,0.0,0.0,0
0.014768426120562644,0.008216099938808959,1272.0,4346.0,0.007456825932794808,1.8852431735775963e-18,0.0,39941.0,0.0,0.0,0
0.01469422946281618,0.008216099938808959,1273.0,4346.0,0.007382629275048348,1.022119792903516e-19,0.0,39941.0,0.0,0.0,0
0.014620771074150666,0.008216099938808959,1274.0,4346.0,0.007309170886382827,6.393927148940884e-18,0.0,39941.0,0.0,0.0,0
0.01454804360866588,0.008216099938808959,1275.0,4346.0,0.007236443420898044,1.7092114314664353e-18,0.0,39941.0,0.0,0.0,0
0.014476039793554583,0.008216099938808959,1276.0,4346.0,0.007164439605786748,5.2525600468652915e-19,0.0,39941.0,0.0,0.0,0
0.014404752428375162,0.008216099938808959,1277.0,4346.0,0.007093152240607323,6.873755607276146e-18,0.0,39941.0,0.0,0.0,0
0.014334174384331596,0.008216099938808959,1278.0,4346.0,0.00702257419656376,6.217895406829723e-19,0.0,39941.0,0.0,0.0,0
0.014264298603560594,0.008216099938808959,1279.0,4346.0,0.006952698415792757,1.80006652416897e-18,0.0,39941.0,0.0,0.0,0
0.014195118098425785,0.008216099938808959,1280.0,4346.0,0.006883517910657947,4.219083367373958e-18,0.0,39941.0,0.0,0.0,0
0.014126625950818924,0.008216099938808959,1281.0,4346.0,0.006815025763051089,-2.8250255387194405e-18,0.0,39941.0,0.0,0.0,0
0.014058815311468137,0.008216099938808959,1282.0,4346.0,0.0067472151237002965,5.405878015800818e-18,0.0,39941.0,0.0,0.0,0
0.013991679399252907,0.008216099938808959,1283.0,4346.0,0.006680079211485069,2.5155503792014313e-18,0.0,39941.0,0.0,0.0,0
0.01392521150052603,0.008216099938808959,1284.0,4346.0,0.006613611312758195,3.344603100112061e-18,0.0,39941.0,0.0,0.0,0
0.013859404968442197,0.008216099938808959,1285.0,4346.0,0.006547804780674362,2.5325857090831564e-18,0.0,39941.0,0.0,0.0,0
0.013794253222293322,0.008216099938808959,1286.0,4346.0,0.00648265303452549,2.620601580138737e-18,0.0,39941.0,0.0,0.0,0
0.013729749746850466,0.008216099938808959,1287.0,4346.0,0.006418149559082629,6.462068468467785e-18,0.0,39941.0,0.0,0.0,0
0.013665888091712295,0.008216099938808959,1288.0,4346.0,0.006354287903944456,4.324134568311264e-18,0.0,39941.0,0.0,0.0,0
0.013602661870660046,0.008216099938808959,1289.0,4346.0,0.006291061682892206,4.10551450149579e-18,0.0,39941.0,0.0,0.0,0
0.013540064761018905,0.008216099938808959,1290.0,4346.0,0.006228464573251064,4.7528570370013495e-18,0.0,39941.0,0.0,0.0,0
0.013478090503025718,0.008216099938808959,1291.0,4346.0,0.006166490315257879,5.672764850614514e-18,0.0,39941.0,0.0,0.0,0
0.013416732899203015,0.008216099938808959,1292.0,4346.0,0.0061051327114351765,6.58699422093377e-18,0.0,39941.0,0.0,0.0,0
0.013355985813739264,0.008216099938808959,1293.0,4346.0,0.006044385625971425,3.1089477034148614e-18,0.0,39941.0,0.0,0.0,0
0.01329584317187529,0.008216099938808959,1294.0,4346.0,0.005984242984107446,7.589239462308608e-18,0.0,39941.0,0.0,0.0,0
0.013236298959296752,0.008216099938808959,1295.0,4346.0,0.005924698771528917,3.1799282445887166e-18,0.0,39941.0,0.0,0.0,0
0.013177347221532774,0.008216099938808959,1296.0,4346.0,0.005865747033764936,2.9868611725958304e-18,0.0,39941.0,0.0,0.0,0
0.013118982063360431,0.008216099938808959,1297.0,4346.0,0.005807381875592594,1.2776497411293951e-18,0.0,39941.0,0.0,0.0,0
0.013061197648215265,0.008216099938808959,1298.0,4346.0,0.005749597460447425,5.8260828195500416e-18,0.0,39941.0,0.0,0.0,0
0.013003988197607586,0.008216099938808959,1299.0,4346.0,0.005692388009839747,1.1697593185451352e-18,0.0,39941.0,0.0,0.0,0
0.012947347990544656,0.008216099938808959,1300.0,4346.0,0.005635747802776818,4.8323552431160674e-18,0.0,39941.0,0.0,0.0,0
0.012891271362958558,0.008216099938808959,1301.0,4346.0,0.005579671175190722,2.995378837536693e-18,0.0,39941.0,0.0,0.0,0
0.012835752707139795,0.008216099938808959,1302.0,4346.0,0.005524152519371957,1.851172513814146e-18,0.0,39941.0,0.0,0.0,0
0.012780786471176512,0.008216099938808959,1303.0,4346.0,0.005469186283408677,3.0237710540062353e-18,0.0,39941.0,0.0,0.0,0
0.012726367158399305,0.008216099938808959,1304.0,4346.0,0.005414766970631467,5.9396516854282106e-18,0.0,39941.0,0.0,0.0,0
0.012672489326831536,0.008216099938808959,1305.0,4346.0,0.005360889139063696,6.5074960148190524e-18,0.0,39941.0,0.0,0.0,0
0.012619147588645145,0.008216099938808959,1306.0,4346.0,0.0053075474008773054,7.73971820959718e-18,0.0,39941.0,0.0,0.0,0
0.012566336609621854,0.008216099938808959,1307.0,4346.0,0.005254736421854016,5.66992562896756e-18,0.0,39941.0,0.0,0.0,0
0.012514051108619754,0.008216099938808959,1308.0,4346.0,0.005202450920851917,4.503005532069379e-18,0.0,39941.0,0.0,0.0,0
0.01246228585704516,0.008216099938808959,1309.0,4346.0,0.0051506856692773275,2.754044997545585e-19,0.0,39941.0,0.0,0.0,0
0.012411035678329787,0.008216099938808959,1310.0,4346.0,0.0050994354905619516,3.1458575848252663e-18,0.0,39941.0,0.0,0.0,0
0.012360295447413043,0.008216099938808959,1311.0,4346.0,0.005048695259645208,8.886763754966682e-19,0.0,39941.0,0.0,0.0,0
0.012310060090229554,0.008216099938808959,1312.0,4346.0,0.004998459902461715,3.935161202678537e-18,0.0,39941.0,0.0,0.0,0
0.012260324583201726,0.008216099938808959,1313.0,4346.0,0.00494872439543389,3.9749103057358957e-19,0.0,39941.0,0.0,0.0,0
0.012211083952737416,0.008216099938808959,1314.0,4346.0,0.004899483764969584,-3.0209318323592808e-18,0.0,39941.0,0.0,0.0,0
0.01216233327473255,0.008216099938808959,1315.0,4346.0,0.004850733086964709,9.079830826959567e-18,0.0,39941.0,0.0,0.0,0
0.012114067674078681,0.008216099938808959,1316.0,4346.0,0.004802467486310841,5.297987593216558e-18,0.0,39941.0,0.0,0.0,0
0.012066282324175526,0.008216099938808959,1317.0,4346.0,0.004754682136407691,8.546057157332177e-19,0.0,39941.0,0.0,0.0,0
0.012018972446448284,0.008216099938808959,1318.0,4346.0,0.004707372258680444,5.979400788485569e-18,0.0,39941.0,0.0,0.0,0
0.011972133309869737,0.008216099938808959,1319.0,4346.0,0.004660533122101903,4.088479171614064e-19,0.0,39941.0,0.0,0.0,0
0.011925760230487211,0.008216099938808959,1320.0,4346.0,0.004614160042719375,2.3963030700293544e-18,0.0,39941.0,0.0,0.0,0
0.011879848570954109,0.008216099938808959,1321.0,4346.0,0.004568248383186276,-1.612677895469992e-18,0.0,39941.0,0.0,0.0,0
0.011834393740066233,0.008216099938808959,1322.0,4346.0,0.0045227935522983926,6.166789417184547e-18,0.0,39941.0,0.0,0.0,0
0.011789391192302594,0.008216099938808959,1323.0,4346.0,0.004477791004534754,5.908420247311714e-18,0.0,39941.0,0.0,0.0,0
0.01174483642737092,0.008216099938808959,1324.0,4346.0,0.004433236239603082,2.566656368846607e-18,0.0,39941.0,0.0,0.0,0
0.011700724989757594,0.008216099938808959,1325.0,4346.0,0.004389124801989753,6.575637334345954e-18,0.0,39941.0,0.0,0.0,0
0.011657052468282088,0.008216099938808959,1326.0,4346.0,0.004345452280514249,4.6194136195945016e-18,0.0,39941.0,0.0,0.0,0
0.011613814495655862,0.008216099938808959,1327.0,4346.0,0.004302214307888024,5.263916933453108e-18,0.0,39941.0,0.0,0.0,0
0.01157100674804562,0.008216099938808959,1328.0,4346.0,0.004259406560277783,3.7960393419777805e-18,0.0,39941.0,0.0,0.0,0
0.011528624944640927,0.008216099938808959,1329.0,4346.0,0.004217024756873091,2.3679108535598124e-18,0.0,39941.0,0.0,0.0,0
0.011486664847226125,0.008216099938808959,1330.0,4346.0,0.00417506465945829,6.359856489177433e-19,0.0,39941.0,0.0,0.0,0
0.011445122259756508,0.008216099938808959,1331.0,4346.0,0.004133522071988672,8.034997260880418e-19,0.0,39941.0,0.0,0.0,0
0.01140399302793871,0.008216099938808959,1332.0,4346.0,0.004092392840170871,6.405284035528701e-18,0.0,39941.0,0.0,0.0,0
0.011363273038815264,0.008216099938808959,1333.0,4346.0,0.004051672851047429,9.994060197278824e-19,0.0,39941.0,0.0,0.0,0
0.011322958220353334,0.008216099938808959,1334.0,4346.0,0.004011358032585498,1.9306707199288638e-19,0.0,39941.0,0.0,0.0,0
0.011283044541037476,0.008216099938808959,1335.0,4346.0,0.0039714443532696386,4.721625598884853e-18,0.0,39941.0,0.0,0.0,0
0.011243528009466496,0.008216099938808959,1336.0,4346.0,0.003931927821698658,3.543348615398856e-18,0.0,39941.0,0.0,0.0,0
0.011204404673954305,0.008216099938808959,1337.0,4346.0,0.0038928044861864654,7.345066400670545e-18,0.0,39941.0,0.0,0.0,0
0.011165670622134744,0.008216099938808959,1338.0,4346.0,0.0038540704343669073,3.648399816336162e-18,0.0,39941.0,0.0,0.0,0
0.011127321980570358,0.008216099938808959,1339.0,4346.0,0.0038157217928025252,-1.3202380658337084e-18,0.0,39941.0,0.0,0.0,0
0.011089354914365036,0.008216099938808959,1340.0,4346.0,0.003777754726597201,-1.4877521430040068e-18,0.0,39941.0,0.0,0.0,0
0.011051765626780516,0.008216099938808959,1341.0,4346.0,0.0037401654390126814,1.1754377618390436e-18,0.0,39941.0,0.0,0.0,0
0.011014550358856717,0.008216099938808959,1342.0,4346.0,0.0037029501710888774,5.536482211560712e-18,0.0,39941.0,0.0,0.0,0
0.010977705389035823,0.008216099938808959,1343.0,4346.0,0.0036661052012679864,2.4758012761440723e-18,0.0,39941.0,0.0,0.0,0
0.010941227032790157,0.008216099938808959,1344.0,4346.0,0.00362962684502232,1.9420276065166804e-18,0.0,39941.0,0.0,0.0,0
0.010905111642253697,0.008216099938808959,1345.0,4346.0,0.003593511454485859,5.40019957250691e-18,0.0,39941.0,0.0,0.0,0
0.010869355605857285,0.008216099938808959,1346.0,4346.0,0.0035577554180894464,4.801123804999571e-18,0.0,39941.0,0.0,0.0,0
0.010833955347967487,0.008216099938808959,1347.0,4346.0,0.0035223551601996513,5.167383397456665e-19,0.0,39941.0,0.0,0.0,0
0.01079890732852902,0.008216099938808959,1348.0,4346.0,0.003487307140761182,1.5899641222943583e-18,0.0,39941.0,0.0,0.0,0
0.010764208042710726,0.008216099938808959,1349.0,4346.0,0.0034526078549428916,2.2940910907390027e-18,0.0,39941.0,0.0,0.0,0
0.010729854020555112,0.008216099938808959,1350.0,4346.0,0.0034182538327872753,8.233742776167213e-19,0.0,39941.0,0.0,0.0,0
0.010695841826631334,0.008216099938808959,1351.0,4346.0,0.0033842416388634934,6.675010091989351e-18,0.0,39941.0,0.0,0.0,0
0.010662168059691647,0.008216099938808959,1352.0,4346.0,0.0033505678719238105,3.0408063838879604e-18,0.0,39941.0,0.0,0.0,0
0.010628829352331304,0.008216099938808959,1353.0,4346.0,0.003317229164563469,1.0505120093730583e-18,0.0,39941.0,0.0,0.0,0
0.010595822370651787,0.008216099938808959,1354.0,4346.0,0.003284222182883952,3.1231438116496326e-19,0.0,39941.0,0.0,0.0,0
0.010563143813927417,0.008216099938808959,1355.0,4346.0,0.0032515436261595808,4.233279475608729e-18,0.0,39941.0,0.0,0.0,0
0.010530790414275296,0.008216099938808959,1356.0,4346.0,0.003219190226507457,4.091318393261018e-18,0.0,39941.0,0.0,0.0,0
0.010498758936328493,0.008216099938808959,1357.0,4346.0,0.003187158748560654,4.324134568311264e-18,0.0,39941.0,0.0,0.0,0
0.010467046176912515,0.008216099938808959,1358.0,4346.0,0.003155445989144678,3.2821402238790683e-18,0.0,39941.0,0.0,0.0,0
0.010435648964725004,0.008216099938808959,1359.0,4346.0,0.003124048776957165,3.154375249766129e-18,0.0,39941.0,0.0,0.0,0
0.010404564160018573,0.008216099938808959,1360.0,4346.0,0.0030929639722507324,5.0566537532254505e-18,0.0,39941.0,0.0,0.0,0
0.01037378865428684,0.008216099938808959,1361.0,4346.0,0.003062188466519004,3.250908785762572e-18,0.0,39941.0,0.0,0.0,0
0.010343319369953594,0.008216099938808959,1362.0,4346.0,0.0030317191821857565,3.0209318323592808e-18,0.0,39941.0,0.0,0.0,0
0.010313153260065008,0.008216099938808959,1363.0,4346.0,0.003001553072297172,2.657511461549142e-18,0.0,39941.0,0.0,0.0,0
0.010283287307984957,0.008216099938808959,1364.0,4346.0,0.0029716871202171177,6.8396849475126955e-18,0.0,39941.0,0.0,0.0,0
0.010253718527093338,0.008216099938808959,1365.0,4346.0,0.0029421183393255014,2.3991422916763085e-18,0.0,39941.0,0.0,0.0,0
0.010224443960487427,0.008216099938808959,1366.0,4346.0,0.0029128437727195893,6.0986480976576464e-18,0.0,39941.0,0.0,0.0,0
0.010195460680686165,0.008216099938808959,1367.0,4346.0,0.0028838604929183275,3.560383945280581e-18,0.0,39941.0,0.0,0.0,0
0.01016676578933742,0.008216099938808959,1368.0,4346.0,0.0028551656015695834,7.580721797367744e-19,0.0,39941.0,0.0,0.0,0
0.010138356416928146,0.008216099938808959,1369.0,4346.0,0.0028267562291603085,3.3105324403486103e-18,0.0,39941.0,0.0,0.0,0
0.010110229722497428,0.008216099938808959,1370.0,4346.0,0.0027986295347295883,5.77781605155182e-18,0.0,39941.0,0.0,0.0,0
0.010082382893352376,0.008216099938808959,1371.0,4346.0,0.002770782705584541,1.652426998527351e-18,0.0,39941.0,0.0,0.0,0
0.01005481314478688,0.008216099938808959,1372.0,4346.0,0.002743212957019043,2.1947183330956055e-18,0.0,39941.0,0.0,0.0,0
0.010027517719803102,0.008216099938808959,1373.0,4346.0,0.0027159175320352674,1.5644111274717705e-18,0.0,39941.0,0.0,0.0,0
0.010000493888835804,0.008216099938808959,1374.0,4346.0,0.002688893701067967,5.403038794153864e-18,0.0,39941.0,0.0,0.0,0
0.009973738949479359,0.008216099938808959,1375.0,4346.0,0.0026621387617115247,-9.199078136131645e-19,0.0,39941.0,0.0,0.0,0
0.009947250226217546,0.008216099938808959,1376.0,4346.0,0.0026356500384497102,8.233742776167213e-19,0.0,39941.0,0.0,0.0,0
0.009921025070155961,0.008216099938808959,1377.0,4346.0,0.0026094248823881248,3.1259830332965866e-18,0.0,39941.0,0.0,0.0,0
0.009895060858757142,0.008216099938808959,1378.0,4346.0,0.002583460670989305,3.0635201570635942e-18,0.0,39941.0,0.0,0.0,0
0.009869354995578315,0.008216099938808959,1379.0,4346.0,0.002557754807810475,3.1856066878826252e-18,0.0,39941.0,0.0,0.0,0
0.009843904910011735,0.008216099938808959,1380.0,4346.0,0.0025323047222438983,3.8215923368003684e-18,0.0,39941.0,0.0,0.0,0
0.00981870805702764,0.008216099938808959,1381.0,4346.0,0.002507107869259803,2.4502482813214844e-18,0.0,39941.0,0.0,0.0,0
0.009793761916919734,0.008216099938808959,1382.0,4346.0,0.0024821617291519,1.760317421111611e-18,0.0,39941.0,0.0,0.0,0
0.009769063995053222,0.008216099938808959,1383.0,4346.0,0.0024574638072853844,3.78184323374301e-18,0.0,39941.0,0.0,0.0,0
0.00974461182161533,0.008216099938808959,1384.0,4346.0,0.0024330116338474915,3.673952811158749e-18,0.0,39941.0,0.0,0.0,0
0.009720402951368338,0.008216099938808959,1385.0,4346.0,0.0024088027636005,-1.3344341740684793e-19,0.0,39941.0,0.0,0.0,0
0.009696434963405052,0.008216099938808959,1386.0,4346.0,0.0023848347756372135,4.170816599375736e-18,0.0,39941.0,0.0,0.0,0
0.009672705460906698,0.008216099938808959,1387.0,4346.0,0.0023611052731388566,5.422913345682544e-18,0.0,39941.0,0.0,0.0,0
0.00964921207090325,0.008216099938808959,1388.0,4346.0,0.002337611883135411,4.048730068556706e-18,0.0,39941.0,0.0,0.0,0
0.009625952444036134,0.008216099938808959,1389.0,4346.0,0.0023143522562682935,5.990757675073386e-18,0.0,39941.0,0.0,0.0,0
0.009602924254323273,0.008216099938808959,1390.0,4346.0,0.0022913240665554365,4.761374701942213e-18,0.0,39941.0,0.0,0.0,0
0.009580125198926514,0.008216099938808959,1391.0,4346.0,0.0022685250111586755,2.8846491933054787e-18,0.0,39941.0,0.0,0.0,0
0.009557552997921312,0.008216099938808959,1392.0,4346.0,0.0022459528101534776,-1.4735560347692357e-18,0.0,39941.0,0.0,0.0,0
0.009535205394068763,0.008216099938808959,1393.0,4346.0,0.002223605206300927,2.617762358491783e-18,0.0,39941.0,0.0,0.0,0
0.009513080152589854,0.008216099938808959,1394.0,4346.0,0.002201479964822018,1.9931335961618563e-18,0.0,39941.0,0.0,0.0,0
0.009491175060942002,0.008216099938808959,1395.0,4346.0,0.002179574873174162,3.884055213033361e-18,0.0,39941.0,0.0,0.0,0
0.009469487928597779,0.008216099938808959,1396.0,4346.0,0.002157887740829944,4.315616903370401e-19,0.0,39941.0,0.0,0.0,0
0.009448016586825892,0.008216099938808959,1397.0,4346.0,0.0021364163990580548,4.3468483414868976e-18,0.0,39941.0,0.0,0.0,0
0.009426758888474258,0.008216099938808959,1398.0,4346.0,0.0021151587007064215,-2.55529948225879e-19,0.0,39941.0,0.0,0.0,0
0.009405712707755337,0.008216099938808959,1399.0,4346.0,0.002094112519987499,2.444569838027576e-18,0.0,39941.0,0.0,0.0,0
0.009384875940033515,0.008216099938808959,1400.0,4346.0,0.002073275752265677,2.149290786744338e-18,0.0,39941.0,0.0,0.0,0
0.009364246501614652,0.008216099938808959,1401.0,4346.0,0.002052646313846815,4.863586681232564e-18,0.0,39941.0,0.0,0.0,0
0.00934382232953772,0.008216099938808959,1402.0,4346.0,0.00203222214176988,4.10551450149579e-18,0.0,39941.0,0.0,0.0,0
0.009323601381368488,0.008216099938808959,1403.0,4346.0,0.002012001193600649,4.599539068065823e-18,0.0,39941.0,0.0,0.0,0
0.009303581634995286,0.008216099938808959,1404.0,4346.0,0.0019919814472274503,2.498515049319706e-18,0.0,39941.0,0.0,0.0,0
0.009283761088426802,0.008216099938808959,1405.0,4346.0,0.0019721609006589634,2.282734204151186e-18,0.0,39941.0,0.0,0.0,0
0.009264137759591857,0.008216099938808959,1406.0,4346.0,0.0019525375718240168,5.391681907566048e-18,0.0,39941.0,0.0,0.0,0
0.009244709686141208,0.008216099938808959,1407.0,4346.0,0.0019331094983733733,7.609114013837286e-19,0.0,39941.0,0.0,0.0,0
0.009225474925251333,0.008216099938808959,1408.0,4346.0,0.001913874737483496,5.161704954162756e-18,0.0,39941.0,0.0,0.0,0
0.009206431553430103,0.008216099938808959,1409.0,4346.0,0.001894831365662267,9.766922465522487e-19,0.0,39941.0,0.0,0.0,0
0.009187577666324472,0.008216099938808959,1410.0,4346.0,0.0018759774785566362,3.293497110466885e-19,0.0,39941.0,0.0,0.0,0
0.00916891137853002,0.008216099938808959,1411.0,4346.0,0.0018573111907621805,5.973722345191661e-18,0.0,39941.0,0.0,0.0,0
0.009150430823402405,0.008216099938808959,1412.0,4346.0,0.0018388306356345674,1.0959395557243255e-18,0.0,39941.0,0.0,0.0,0
0.009132134152870716,0.008216099938808959,1413.0,4346.0,0.001820533965102881,2.242985101093827e-18,0.0,39941.0,0.0,0.0,0
0.009114019537252658,0.008216099938808959,1414.0,4346.0,0.001802419349484819,3.0606809354166397e-18,0.0,39941.0,0.0,0.0,0
0.009096085165071568,0.008216099938808959,1415.0,4346.0,0.0017844849773037302,3.0180926107123266e-18,0.0,39941.0,0.0,0.0,0
0.009078329242875284,0.008216099938808959,1416.0,4346.0,0.0017667290551074458,2.5325857090831564e-18,0.0,39941.0,0.0,0.0,0
0.009060749995056789,0.008216099938808959,1417.0,4346.0,0.0017491498072889514,1.1527239886634098e-18,0.0,39941.0,0.0,0.0,0
0.009043345663676653,0.008216099938808959,1418.0,4346.0,0.001731745475908816,8.801587105558056e-19,0.0,39941.0,0.0,0.0,0
0.009026114508287233,0.008216099938808959,1419.0,4346.0,0.0017145143205193974,2.739848889310814e-18,0.0,39941.0,0.0,0.0,0
0.009009054805758632,0.008216099938808959,1420.0,4346.0,0.0016974546179907974,2.0073297043966273e-18,0.0,39941.0,0.0,0.0,0
0.008992164850106383,0.008216099938808959,1421.0,4346.0,0.0016805646623385473,1.4678775914753273e-18,0.0,39941.0,0.0,0.0,0
0.008975442952320842,0.008216099938808959,1422.0,4346.0,0.001663842764553005,1.851172513814146e-18,0.0,39941.0,0.0,0.0,0
0.008958887440198293,0.008216099938808959,1423.0,4346.0,0.0016472872524304594,4.5427546351267383e-20,0.0,39941.0,0.0,0.0,0
0.008942496658173739,0.008216099938808959,1424.0,4346.0,0.0016308964704059002,4.781249253470892e-18,0.0,39941.0,0.0,0.0,0
0.008926268967155303,0.008216099938808959,1425.0,4346.0,0.0016146687793874655,4.599539068065823e-18,0.0,39941.0,0.0,0.0,0
0.008910202744360373,0.008216099938808959,1426.0,4346.0,0.0015986025565925327,7.052626571034261e-18,0.0,39941.0,0.0,0.0,0
0.008894296383153269,0.008216099938808959,1427.0,4346.0,0.0015826961953854322,3.5490270586927644e-18,0.0,39941.0,0.0,0.0,0
0.008878548292884626,0.008216099938808959,1428.0,4346.0,0.001566948105116788,3.239551899174755e-18,0.0,39941.0,0.0,0.0,0
0.008862956898732286,0.008216099938808959,1429.0,4346.0,0.0015513567109644495,1.2066691999555398e-18,0.0,39941.0,0.0,0.0,0
0.008847520641543847,0.008216099938808959,1430.0,4346.0,0.0015359204537760097,1.7489605345237943e-18,0.0,39941.0,0.0,0.0,0
0.008832237977680724,0.008216099938808959,1431.0,4346.0,0.001520637789912884,4.221922589020912e-18,0.0,39941.0,0.0,0.0,0
0.008817107378863789,0.008216099938808959,1432.0,4346.0,0.001505507191095954,-5.422913345682544e-19,0.0,39941.0,0.0,0.0,0
0.008802127332020564,0.008216099938808959,1433.0,4346.0,0.0014905271442527265,3.0550024921227315e-18,0.0,39941.0,0.0,0.0,0
0.008787296339133872,0.008216099938808959,1434.0,4346.0,0.001475696151366034,1.760317421111611e-18,0.0,39941.0,0.0,0.0,0
0.008772612917092066,0.008216099938808959,1435.0,4346.0,0.0014610127293242293,3.9380004243254916e-18,0.0,39941.0,0.0,0.0,0
0.00875807559754071,0.008216099938808959,1436.0,4346.0,0.0014464754097728715,4.190691150904416e-18,0.0,39941.0,0.0,0.0,0
0.008743682926735729,0.008216099938808959,1437.0,4346.0,0.0014320827389678915,1.1867946484268603e-18,0.0,39941.0,0.0,0.0,0
0.008729433465398053,0.008216099938808959,1438.0,4346.0,0.0014178332776302132,5.621658860969338e-18,0.0,39941.0,0.0,0.0,0
0.008715325788569669,0.008216099938808959,1439.0,4346.0,0.0014037256008018327,3.639882151395299e-18,0.0,39941.0,0.0,0.0,0
0.008701358485471142,0.008216099938808959,1440.0,4346.0,0.001389758297703305,2.3963030700293544e-18,0.0,39941.0,0.0,0.0,0
0.008687530159360522,0.008216099938808959,1441.0,4346.0,0.0013759299715926838,3.1373399198844035e-18,0.0,39941.0,0.0,0.0,0
0.008673839427393672,0.008216099938808959,1442.0,4346.0,0.0013622392396258338,3.0493240488288232e-18,0.0,39941.0,0.0,0.0,0
0.008660284920485989,0.008216099938808959,1443.0,4346.0,0.0013486847327181509,3.1316614765904952e-18,0.0,39941.0,0.0,0.0,0
0.008646865283175483,0.008216099938808959,1444.0,4346.0,0.0013352650954076464,3.293497110466885e-19,0.0,39941.0,0.0,0.0,0
0.008633579173487243,0.008216099938808959,1445.0,4346.0,0.0013219789857194064,1.289006627717212e-18,0.0,39941.0,0.0,0.0,0
0.008620425262799226,0.008216099938808959,1446.0,4346.0,0.0013088250750313926,-3.577419275162306e-19,0.0,39941.0,0.0,0.0,0
0.008607402235709409,0.008216099938808959,1447.0,4346.0,0.0012958020479415721,-2.0726318022765744e-19,0.0,39941.0,0.0,0.0,0
0.008594508789904224,0.008216099938808959,1448.0,4346.0,0.001282908602136386,3.7137019142161085e-18,0.0,39941.0,0.0,0.0,0
0.008581743636028342,0.008216099938808959,1449.0,4346.0,0.001270143448260507,6.359856489177433e-19,0.0,39941.0,0.0,0.0,0
0.008569105497555745,0.008216099938808959,1450.0,4346.0,0.0012575053097879096,-6.331464272707891e-19,0.0,39941.0,0.0,0.0,0
0.00855659311066205,0.008216099938808959,1451.0,4346.0,0.0012449929228942158,-1.8227802973446035e-18,0.0,39941.0,0.0,0.0,0
0.008544205224098149,0.008216099938808959,1452.0,4346.0,0.0012326050363303093,3.787521677036918e-18,0.0,39941.0,0.0,0.0,0
0.008531940599065046,0.008216099938808959,1453.0,4346.0,0.0012203404112972108,-5.536482211560712e-19,0.0,39941.0,0.0,0.0,0
0.008519798009090033,0.008216099938808959,1454.0,4346.0,0.0012081978213221943,2.458765946262347e-18,0.0,39941.0,0.0,0.0,0
0.008507776239903987,0.008216099938808959,1455.0,4346.0,0.0011961760521361456,5.053814531578496e-18,0.0,39941.0,0.0,0.0,0
0.008495874089319963,0.008216099938808959,1456.0,4346.0,0.0011842739015521279,1.7035329881725269e-18,0.0,39941.0,0.0,0.0,0
0.008484090367112998,0.008216099938808959,1457.0,4346.0,0.0011724901793451622,1.1356886587816846e-20,0.0,39941.0,0.0,0.0,0
0.008472423894901047,0.008216099938808959,1458.0,4346.0,0.0011608237071332103,3.1117869250618156e-18,0.0,39941.0,0.0,0.0,0
0.008460873506027164,0.008216099938808959,1459.0,4346.0,0.001149273318259328,1.828458740638512e-18,0.0,39941.0,0.0,0.0,0
0.008449438045442837,0.008216099938808959,1460.0,4346.0,0.0011378378576750027,6.700563086811939e-19,0.0,39941.0,0.0,0.0,0
0.008438116369592486,0.008216099938808959,1461.0,4346.0,0.0011265161818246455,5.178740284044482e-18,0.0,39941.0,0.0,0.0,0
0.008426907346299077,0.008216099938808959,1462.0,4346.0,0.0011153071585312381,4.434864212542478e-18,0.0,39941.0,0.0,0.0,0
0.008415809854650947,0.008216099938808959,1463.0,4346.0,0.0011042096668831102,4.363883671368623e-18,0.0,39941.0,0.0,0.0,0
0.008404822784889686,0.008216099938808959,1464.0,4346.0,0.001093222597121847,4.625092062888411e-18,0.0,39941.0,0.0,0.0,0
0.008393945038299157,0.008216099938808959,1465.0,4346.0,0.0010823448505313184,3.974910305735896e-18,0.0,39941.0,0.0,0.0,0
0.008383175527095634,0.008216099938808959,1466.0,4346.0,0.0010715753393277998,-2.106702462040025e-18,0.0,39941.0,0.0,0.0,0
0.008372513174319031,0.008216099938808959,1467.0,4346.0,0.0010609129865511964,-1.1981515350146772e-18,0.0,39941.0,0.0,0.0,0
0.008361956913725184,0.008216099938808959,1468.0,4346.0,0.0010503567259573454,5.718192396965782e-18,0.0,39941.0,0.0,0.0,0
0.00835150568967923,0.008216099938808959,1469.0,4346.0,0.0010399055019113903,6.521692123053824e-18,0.0,39941.0,0.0,0.0,0
0.008341158457050057,0.008216099938808959,1470.0,4346.0,0.0010295582692822175,2.8562569768359367e-18,0.0,39941.0,0.0,0.0,0
0.008330914181105776,0.008216099938808959,1471.0,4346.0,0.0010193139933379408,1.3344341740684794e-18,0.0,39941.0,0.0,0.0,0
0.008320771837410266,0.008216099938808959,1472.0,4346.0,0.0010091716496424287,3.864180661504682e-18,0.0,39941.0,0.0,0.0,0
0.008310730411720698,0.008216099938808959,1473.0,4346.0,0.0009991302239528601,2.4360521730867134e-18,0.0,39941.0,0.0,0.0,0
0.008300788899886138,0.008216099938808959,1474.0,4346.0,0.0009891887121182984,3.38435220316942e-18,0.0,39941.0,0.0,0.0,0
0.008290946307747115,0.008216099938808959,1475.0,4346.0,0.0009793461199792749,6.308750499532258e-18,0.0,39941.0,0.0,0.0,0
0.00828120165103621,0.008216099938808959,1476.0,4346.0,0.0009696014632683746,2.4388913947336675e-18,0.0,39941.0,0.0,0.0,0
0.008271553955279643,0.008216099938808959,1477.0,4346.0,0.0009599537675118047,1.9278314982819094e-18,0.0,39941.0,0.0,0.0,0
0.008262002255699785,0.008216099938808959,1478.0,4346.0,0.0009504020679319495,1.396897050301472e-18,0.0,39941.0,0.0,0.0,0
0.008252545597118728,0.008216099938808959,1479.0,4346.0,0.000940945409350891,7.211622983263697e-19,0.0,39941.0,0.0,0.0,0
0.00824318303386273,0.008216099938808959,1480.0,4346.0,0.0009315828460948931,2.728492002722997e-18,0.0,39941.0,0.0,0.0,0
0.008233913629667664,0.008216099938808959,1481.0,4346.0,0.0009223134418998262,2.1010240187461166e-18,0.0,39941.0,0.0,0.0,0
0.008224736457585384,0.008216099938808959,1482.0,4346.0,0.0009131362698175463,3.4468150794024127e-18,0.0,39941.0,0.0,0.0,0
0.008215650599891036,0.008216099938808959,1483.0,4346.0,0.0009040504121231958,3.9039297645620405e-18,0.0,39941.0,0.0,0.0,0
0.008206655147991277,0.008216099938808959,1484.0,4346.0,0.0008950549602234385,6.6437786538728544e-18,0.0,39941.0,0.0,0.0,0
0.00819774920233342,0.008216099938808959,1485.0,4346.0,0.0008861490145655833,1.1300102154877762e-18,0.0,39941.0,0.0,0.0,0
0.008188931872315484,0.008216099938808959,1486.0,4346.0,0.0008773316845476448,2.714295894488226e-18,0.0,39941.0,0.0,0.0,0
0.008180202276197115,0.008216099938808959,1487.0,4346.0,0.0008686020884292738,6.413801700469564e-18,0.0,39941.0,0.0,0.0,0
0.00817155954101142,0.008216099938808959,1488.0,4346.0,0.0008599593532435825,4.684715717474449e-18,0.0,39941.0,0.0,0.0,0
0.008163002802477691,0.008216099938808959,1489.0,4346.0,0.0008514026147098512,4.326973789958218e-18,0.0,39941.0,0.0,0.0,0
0.00815453120491493,0.008216099938808959,1490.0,4346.0,0.0008429310171470944,6.98448525150736e-19,0.0,39941.0,0.0,0.0,0
0.008146143901156337,0.008216099938808959,1491.0,4346.0,0.0008345437133884979,4.511523197010242e-18,0.0,39941.0,0.0,0.0,0
0.008137840052464531,0.008216099938808959,1492.0,4346.0,0.0008262398646966966,-8.517664940862634e-20,0.0,39941.0,0.0,0.0,0
0.008129618828447737,0.008216099938808959,1493.0,4346.0,0.0008180186406798993,3.852823774916865e-18,0.0,39941.0,0.0,0.0,0
0.008121479406976691,0.008216099938808959,1494.0,4346.0,0.000809879219208854,2.6546722399021878e-18,0.0,39941.0,0.0,0.0,0
0.008113420974102474,0.008216099938808959,1495.0,4346.0,0.0008018207863346319,3.736415687391742e-18,0.0,39941.0,0.0,0.0,0
0.008105442723975068,0.008216099938808959,1496.0,4346.0,0.0007938425362072306,4.332652233252127e-18,0.0,39941.0,0.0,0.0,0
0.008097543858762825,0.008216099938808959,1497.0,4346.0,0.0007859436709949867,4.764213923589167e-18,0.0,39941.0,0.0,0.0,0
0.008089723588572635,0.008216099938808959,1498.0,4346.0,0.0007781234008047968,3.9039297645620405e-18,0.0,39941.0,0.0,0.0,0
0.008081981131370963,0.008216099938808959,1499.0,4346.0,0.0007703809436031274,8.574449373801718e-19,0.0,39941.0,0.0,0.0,0
0.008074315712905638,0.008216099938808959,1500.0,4346.0,0.0007627155251378021,-4.4575779857181115e-19,0.0,39941.0,0.0,0.0,0
0.008066726566628426,0.008216099938808959,1501.0,4346.0,0.0007551263788605907,1.5700895707656788e-18,0.0,39941.0,0.0,0.0,0
0.008059212933618377,0.008216099938808959,1502.0,4346.0,0.0007476127458505395,2.6291192450796e-18,0.0,39941.0,0.0,0.0,0
0.008051774062505922,0.008216099938808959,1503.0,4346.0,0.0007401738747380862,1.2322221947781277e-18,0.0,39941.0,0.0,0.0,0
0.008044409209397755,0.008216099938808959,1504.0,4346.0,0.0007328090216299192,-4.1452636045531487e-19,0.0,39941.0,0.0,0.0,0
0.008037117637802429,0.008216099938808959,1505.0,4346.0,0.0007255174500345916,2.5581387039057444e-18,0.0,39941.0,0.0,0.0,0
0.008029898618556706,0.008216099938808959,1506.0,4346.0,0.0007182984307888686,2.8818099716585246e-18,0.0,39941.0,0.0,0.0,0
0.008022751429752645,0.008216099938808959,1507.0,4346.0,0.0007111512419848072,9.65335359964432e-19,0.0,39941.0,0.0,0.0,0
0.008015675356665409,0.008216099938808959,1508.0,4346.0,0.0007040751688975727,1.4763952564161898e-19,0.0,39941.0,0.0,0.0,0
0.0080086696916818,0.008216099938808959,1509.0,4346.0,0.0006970695039139594,4.627931284535365e-18,0.0,39941.0,0.0,0.0,0
0.008001733734229466,0.008216099938808959,1510.0,4346.0,0.0006901335464616305,-3.407065976345054e-20,0.0,39941.0,0.0,0.0,0
0.007994866790706899,0.008216099938808959,1511.0,4346.0,0.0006832666029390618,2.7852764356620816e-18,0.0,39941.0,0.0,0.0,0
0.007988068174414014,0.008216099938808959,1512.0,4346.0,0.0006764679866461759,1.8227802973446035e-18,0.0,39941.0,0.0,0.0,0
0.00798133720548352,0.008216099938808959,1513.0,4346.0,0.0006697370177156807,2.055596472394849e-18,0.0,39941.0,0.0,0.0,0
0.007974673210812909,0.008216099938808959,1514.0,4346.0,0.0006630730230450741,-2.1294162352156586e-19,0.0,39941.0,0.0,0.0,0
0.00796807552399717,0.008216099938808959,1515.0,4346.0,0.0006564753362293338,2.3224833072085448e-18,0.0,39941.0,0.0,0.0,0
0.007961543485262118,0.008216099938808959,1516.0,4346.0,0.0006499432974942815,1.731925204642069e-18,0.0,39941.0,0.0,0.0,0
0.007955076441398435,0.008216099938808959,1517.0,4346.0,0.0006434762536305991,1.8171018540506953e-19,0.0,39941.0,0.0,0.0,0
0.007948673745696347,0.008216099938808959,1518.0,4346.0,0.0006370735579285119,-6.814131952690108e-20,0.0,39941.0,0.0,0.0,0
0.007942334757880951,0.008216099938808959,1519.0,4346.0,0.0006307345701131145,2.3565539669719954e-19,0.0,39941.0,0.0,0.0,0
0.00793605884404818,0.008216099938808959,1520.0,4346.0,0.0006244586562803419,4.3979543311320734e-18,0.0,39941.0,0.0,0.0,0
0.00792984537660142,0.008216099938808959,1521.0,4346.0,0.0006182451888335821,2.9897003942427846e-18,0.0,39941.0,0.0,0.0,0
0.00792369373418875,0.008216099938808959,1522.0,4346.0,0.0006120935464209107,6.348499602589617e-18,0.0,39941.0,0.0,0.0,0
0.007917603301640801,0.008216099938808959,1523.0,4346.0,0.0006060031138729615,3.4894034041067254e-18,0.0,39941.0,0.0,0.0,0
0.00791157346990924,0.008216099938808959,1524.0,4346.0,0.0005999732821414038,-1.3741832771258384e-18,0.0,39941.0,0.0,0.0,0
0.007905603636005879,0.008216099938808959,1525.0,4346.0,0.0005940034482380393,1.96190215804536e-18,0.0,39941.0,0.0,0.0,0
0.007899693202942341,0.008216099938808959,1526.0,4346.0,0.0005880930151745037,4.088479171614064e-18,0.0,39941.0,0.0,0.0,0
0.007893841579670402,0.008216099938808959,1527.0,4346.0,0.0005822413919025634,2.3849461834415375e-18,0.0,39941.0,0.0,0.0,0
0.007888048181022855,0.008216099938808959,1528.0,4346.0,0.0005764479932550183,1.7773527509933363e-18,0.0,39941.0,0.0,0.0,0
0.00788231242765501,0.008216099938808959,1529.0,4346.0,0.0005707122398871722,1.0107629063156993e-18,0.0,39941.0,0.0,0.0,0
0.007876633745986749,0.008216099938808959,1530.0,4346.0,0.0005650335582189103,3.2139989043521673e-18,0.0,39941.0,0.0,0.0,0
0.007871011568145169,0.008216099938808959,1531.0,4346.0,0.0005594113803773322,3.398548311404191e-18,0.0,39941.0,0.0,0.0,0
0.007865445331907809,0.008216099938808959,1532.0,4346.0,0.0005538451441399712,3.844306109976002e-18,0.0,39941.0,0.0,0.0,0
0.0078599344806464,0.008216099938808959,1533.0,4346.0,0.0005483342928785619,2.9925396158897387e-18,0.0,39941.0,0.0,0.0,0
0.007854478463271225,0.008216099938808959,1534.0,4346.0,0.0005428782755033887,2.6404761316674164e-19,0.0,39941.0,0.0,0.0,0
0.007849076734176001,0.008216099938808959,1535.0,4346.0,0.0005374765464081649,1.3741832771258384e-18,0.0,39941.0,0.0,0.0,0
0.007843728753183317,0.008216099938808959,1536.0,4346.0,0.0005321285654154812,2.725652781076043e-19,0.0,39941.0,0.0,0.0,0
0.007838433985490615,0.008216099938808959,1537.0,4346.0,0.0005268337977227801,-1.7887096375811532e-18,0.0,39941.0,0.0,0.0,0
0.007833191901616719,0.008216099938808959,1538.0,4346.0,0.0005215917138488817,6.98448525150736e-19,0.0,39941.0,0.0,0.0,0
0.007828001977348866,0.008216099938808959,1539.0,4346.0,0.0005164017895810289,4.196369594198324e-18,0.0,39941.0,0.0,0.0,0
0.007822863693690308,0.008216099938808959,1540.0,4346.0,0.0005112635059224702,4.741500150413533e-19,0.0,39941.0,0.0,0.0,0
0.007817776536808397,0.008216099938808959,1541.0,4346.0,0.0005061763490405583,3.3900306464633282e-18,0.0,39941.0,0.0,0.0,0
0.007812739997983206,0.008216099938808959,1542.0,4346.0,0.0005011398102153652,3.790360898683872e-18,0.0,39941.0,0.0,0.0,0
0.007807753573556653,0.008216099938808959,1543.0,4346.0,0.0004961533857888128,4.940245665700328e-18,0.0,39941.0,0.0,0.0,0
0.007802816764882141,0.008216099938808959,1544.0,4346.0,0.0004912165771143004,5.590427422852842e-18,0.0,39941.0,0.0,0.0,0
0.0077979290782746865,0.008216099938808959,1545.0,4346.0,0.0004863288905068488,1.814262632403741e-18,0.0,39941.0,0.0,0.0,0
0.007793090024961559,0.008216099938808959,1546.0,4346.0,0.00048148983719372297,4.997030098639412e-19,0.0,39941.0,0.0,0.0,0
0.007788299121033399,0.008216099938808959,1547.0,4346.0,0.0004766989332655592,4.298581573488676e-18,0.0,39941.0,0.0,0.0,0
0.0077835558873958115,0.008216099938808959,1548.0,4346.0,0.00047195569962797326,3.370156094934649e-18,0.0,39941.0,0.0,0.0,0
0.007778859849721487,0.008216099938808959,1549.0,4346.0,0.0004672596619536468,5.306505258157421e-18,0.0,39941.0,0.0,0.0,0
0.007774210538402739,0.008216099938808959,1550.0,4346.0,0.00046261035063490134,3.2310342342338924e-18,0.0,39941.0,0.0,0.0,0
0.0077696074885045645,0.008216099938808959,1551.0,4346.0,0.000458007300736728,2.3565539669719955e-18,0.0,39941.0,0.0,0.0,0
0.0077650502397181385,0.008216099938808959,1552.0,4346.0,0.0004534500519503029,2.092506353805254e-18,0.0,39941.0,0.0,0.0,0
0.007760538336314787,0.008216099938808959,1553.0,4346.0,0.000448938148546949,2.668868348136959e-18,0.0,39941.0,0.0,0.0,0
0.007756071327100401,0.008216099938808959,1554.0,4346.0,0.00044447113933256593,1.1356886587816846e-20,0.0,39941.0,0.0,0.0,0
0.007751648765370347,0.008216099938808959,1555.0,4346.0,0.0004400485776025096,7.665898446776371e-19,0.0,39941.0,0.0,0.0,0
0.007747270208864759,0.008216099938808959,1556.0,4346.0,0.0004356700210969229,2.203235998036468e-18,0.0,39941.0,0.0,0.0,0
0.007742935219724344,0.008216099938808959,1557.0,4346.0,0.0004313350319565046,4.275867800313042e-18,0.0,39941.0,0.0,0.0,0
0.007738643364446568,0.008216099938808959,1558.0,4346.0,0.0004270431766787308,1.8738862869897794e-18,0.0,39941.0,0.0,0.0,0
0.007734394213842332,0.008216099938808959,1559.0,4346.0,0.000422794026074494,1.8057449674628784e-18,0.0,39941.0,0.0,0.0,0
0.00773018734299303,0.008216099938808959,1560.0,4346.0,0.0004185871552251938,2.2656988742694607e-18,0.0,39941.0,0.0,0.0,0
0.007726022331208079,0.008216099938808959,1561.0,4346.0,0.0004144221434402406,3.912447429502904e-18,0.0,39941.0,0.0,0.0,0
0.00772189876198282,0.008216099938808959,1562.0,4346.0,0.00041029857421498325,1.731925204642069e-18,0.0,39941.0,0.0,0.0,0
0.007717816222956905,0.008216099938808959,1563.0,4346.0,0.0004062160351890652,4.349687563133852e-18,0.0,39941.0,0.0,0.0,0
0.007713774305873017,0.008216099938808959,1564.0,4346.0,0.00040217411810518084,1.6013210088821752e-18,0.0,39941.0,0.0,0.0,0
0.007709772606536091,0.008216099938808959,1565.0,4346.0,0.0003981724187682525,2.5212288224953395e-18,0.0,39941.0,0.0,0.0,0
0.007705810724772847,0.008216099938808959,1566.0,4346.0,0.00039421053700501265,-1.0590296743139209e-18,0.0,39941.0,0.0,0.0,0
0.0077018882643918206,0.008216099938808959,1567.0,4346.0,0.00039028807662398214,2.024365034278353e-18,0.0,39941.0,0.0,0.0,0
0.007698004833143695,0.008216099938808959,1568.0,4346.0,0.0003864046453758566,5.195775613926207e-18,0.0,39941.0,0.0,0.0,0
0.007694160042682112,0.008216099938808959,1569.0,4346.0,0.00038255985491427385,5.979400788485569e-18,0.0,39941.0,0.0,0.0,0
0.007690353508524818,0.008216099938808959,1570.0,4346.0,0.00037875332075698213,9.028724837314392e-19,0.0,39941.0,0.0,0.0,0
0.0076865848500152325,0.008216099938808959,1571.0,4346.0,0.00037498466224739546,1.9874551528679479e-19,0.0,39941.0,0.0,0.0,0
0.007682853690284361,0.008216099938808959,1572.0,4346.0,0.0003712535025165223,2.4758012761440723e-18,0.0,39941.0,0.0,0.0,0
0.007679159656213119,0.008216099938808959,1573.0,4346.0,0.0003675594684452789,5.817565154609179e-18,0.0,39941.0,0.0,0.0,0
0.00767550237839502,0.008216099938808959,1574.0,4346.0,0.00036390219062718096,2.5212288224953395e-18,0.0,39941.0,0.0,0.0,0
0.007671881491099235,0.008216099938808959,1575.0,4346.0,0.0003602813033313983,1.1669200968981808e-18,0.0,39941.0,0.0,0.0,0
0.007668296632234023,0.008216099938808959,1576.0,4346.0,0.0003566964444661845,3.798878563624735e-18,0.0,39941.0,0.0,0.0,0
0.0076647474433105016,0.008216099938808959,1577.0,4346.0,0.0003531472555426652,-1.2606144112476698e-18,0.0,39941.0,0.0,0.0,0
0.007661233569406828,0.008216099938808959,1578.0,4346.0,0.000349633381638991,1.235061416425082e-18,0.0,39941.0,0.0,0.0,0
0.007657754659132681,0.008216099938808959,1579.0,4346.0,0.000346154471364842,4.043051625262797e-18,0.0,39941.0,0.0,0.0,0
0.007654310364594131,0.008216099938808959,1580.0,4346.0,0.0003427101768262938,3.287818667172977e-18,0.0,39941.0,0.0,0.0,0
0.007650900341358858,0.008216099938808959,1581.0,4346.0,0.00033930015359101936,2.8136686521316236e-18,0.0,39941.0,0.0,0.0,0
0.007647524248421692,0.008216099938808959,1582.0,4346.0,0.0003359240606538571,1.9022785034593216e-19,0.0,39941.0,0.0,0.0,0
0.007644181748170533,0.008216099938808959,1583.0,4346.0,0.0003325815604026958,9.284254785540271e-19,0.0,39941.0,0.0,0.0,0
0.007640872506352562,0.008216099938808959,1584.0,4346.0,0.000329272318584728,7.381976282080949e-20,0.0,39941.0,0.0,0.0,0
0.007637596192040852,0.008216099938808959,1585.0,4346.0,0.00032599600427301277,1.6694623284090764e-18,0.0,39941.0,0.0,0.0,0
0.0076343524776012256,0.008216099938808959,1586.0,4346.0,0.0003227522898333892,-2.839221646954211e-19,0.0,39941.0,0.0,0.0,0
0.007631141038659547,0.008216099938808959,1587.0,4346.0,0.00031954085089171055,-6.956093035037818e-19,0.0,39941.0,0.0,0.0,0
0.007627961554069245,0.008216099938808959,1588.0,4346.0,0.00031636136630140514,5.173061840750573e-18,0.0,39941.0,0.0,0.0,0
0.007624813705879202,0.008216099938808959,1589.0,4346.0,0.0003132135181113664,1.3912186070075636e-19,0.0,39941.0,0.0,0.0,0
0.007621697179301988,0.008216099938808959,1590.0,4346.0,0.00031009699153415046,2.3679108535598124e-18,0.0,39941.0,0.0,0.0,0
0.0076186116626823395,0.008216099938808959,1591.0,4346.0,0.0003070114749145029,1.666623106762122e-18,0.0,39941.0,0.0,0.0,0
0.0076155568474660295,0.008216099938808959,1592.0,4346.0,0.00030395665969819004,4.21340492408005e-18,0.0,39941.0,0.0,0.0,0
0.007612532428168981,0.008216099938808959,1593.0,4346.0,0.00030093224040114583,1.1782769834859977e-18,0.0,39941.0,0.0,0.0,0
0.007609538102346758,0.008216099938808959,1594.0,4346.0,0.0002979379145789194,3.3247285485833813e-18,0.0,39941.0,0.0,0.0,0
0.007606573570564272,0.008216099938808959,1595.0,4346.0,0.0002949733827964325,3.9663926407950336e-18,0.0,39941.0,0.0,0.0,0
0.007603638536365878,0.008216099938808959,1596.0,4346.0,0.0002920383485980384,5.698317845437102e-18,0.0,39941.0,0.0,0.0,0
0.007600732706245706,0.008216099938808959,1597.0,4346.0,0.00028913251847786903,3.9749103057358957e-19,0.0,39941.0,0.0,0.0,0
0.007597855789618329,0.008216099938808959,1598.0,4346.0,0.000286255601850493,3.1628929147069914e-18,0.0,39941.0,0.0,0.0,0
0.007595007498789686,0.008216099938808959,1599.0,4346.0,0.0002834073110218485,3.827270780094277e-18,0.0,39941.0,0.0,0.0,0
0.007592187548928318,0.008216099938808959,1600.0,4346.0,0.0002805873611604795,4.176495042669645e-18,0.0,39941.0,0.0,0.0,0
0.00758939565803689,0.008216099938808959,1601.0,4346.0,0.0002777954702690511,5.729549283553599e-18,0.0,39941.0,0.0,0.0,0
0.007586631546923983,0.008216099938808959,1602.0,4346.0,0.0002750313591561457,3.0635201570635942e-18,0.0,39941.0,0.0,0.0,0
0.007583894939176187,0.008216099938808959,1603.0,4346.0,0.00027229475140834984,3.1912851311765335e-18,0.0,39941.0,0.0,0.0,0
0.007581185561130445,0.008216099938808959,1604.0,4346.0,0.00026958537336260784,2.6120839151978743e-18,0.0,39941.0,0.0,0.0,0
0.0075785031418466944,0.008216099938808959,1605.0,4346.0,0.00026690295407885716,5.933973242134302e-19,0.0,39941.0,0.0,0.0,0
0.007575847413080771,0.008216099938808959,1606.0,4346.0,0.00026424722531293406,2.2628596526225065e-18,0.0,39941.0,0.0,0.0,0
0.007573218109257586,0.008216099938808959,1607.0,4346.0,0.00026161792148975,3.3218893269364274e-19,0.0,39941.0,0.0,0.0,0
0.007570614967444569,0.008216099938808959,1608.0,4346.0,0.00025901477967672933,2.9726650643610594e-18,0.0,39941.0,0.0,0.0,0
0.00756803772732536,0.008216099938808959,1609.0,4346.0,0.00025643753955752375,2.847739311895074e-18,0.0,39941.0,0.0,0.0,0
0.007565486131173808,0.008216099938808959,1610.0,4346.0,0.0002538859434059722,2.055596472394849e-18,0.0,39941.0,0.0,0.0,0
0.0075629599238281695,0.008216099938808959,1611.0,4346.0,0.0002513597360603332,3.1486968064722204e-18,0.0,39941.0,0.0,0.0,0
0.007560458852665604,0.008216099938808959,1612.0,4346.0,0.0002488586648977679,2.782437214015127e-19,0.0,39941.0,0.0,0.0,0
0.007557982667576912,0.008216099938808959,1613.0,4346.0,0.0002463824798090744,1.1442063237225472e-18,0.0,39941.0,0.0,0.0,0
0.0075555311209415206,0.008216099938808959,1614.0,4346.0,0.00024393093317368254,3.543348615398856e-18,0.0,39941.0,0.0,0.0,0
0.0075531039676027195,0.008216099938808959,1615.0,4346.0,0.00024150377983488404,1.80006652416897e-18,0.0,39941.0,0.0,0.0,0
0.0075507009648431616,0.008216099938808959,1616.0,4346.0,0.0002391007770753222,4.0203378520871636e-18,0.0,39941.0,0.0,0.0,0
0.007548321872360558,0.008216099938808959,1617.0,4346.0,0.0002367216845927197,3.92380431609072e-18,0.0,39941.0,0.0,0.0,0
0.007545966452243681,0.008216099938808959,1618.0,4346.0,0.00023436626447584553,-8.176958343228128e-19,0.0,39941.0,0.0,0.0,0
0.007543634468948562,0.008216099938808959,1619.0,4346.0,0.00023203428118072423,1.235061416425082e-18,0.0,39941.0,0.0,0.0,0
0.007541325689274924,0.008216099938808959,1620.0,4346.0,0.00022972550150708352,5.4711801136807655e-18,0.0,39941.0,0.0,0.0,0
0.007539039882342871,0.008216099938808959,1621.0,4346.0,0.0002274396945750326,1.4707168131222814e-18,0.0,39941.0,0.0,0.0,0
0.0075367768195698116,0.008216099938808959,1622.0,4346.0,0.0002251766318019729,4.13958516125924e-18,0.0,39941.0,0.0,0.0,0
0.007534536274647579,0.008216099938808959,1623.0,4346.0,0.00022293608687974105,1.2379006380720362e-18,0.0,39941.0,0.0,0.0,0
0.007532318023519814,0.008216099938808959,1624.0,4346.0,0.00022071783575197738,1.5814464573534957e-18,0.0,39941.0,0.0,0.0,0
0.007530121844359556,0.008216099938808959,1625.0,4346.0,0.0002185216565917216,7.949820611471792e-20,0.0,39941.0,0.0,0.0,0
0.0075279475175470635,0.008216099938808959,1626.0,4346.0,0.00021634732977922637,1.2804889627763492e-18,0.0,39941.0,0.0,0.0,0
0.007525794825647839,0.008216099938808959,1627.0,4346.0,0.00021419463787999933,2.566656368846607e-18,0.0,39941.0,0.0,0.0,0
0.007523663553390894,0.008216099938808959,1628.0,4346.0,0.00021206336562305662,2.9471120695384715e-18,0.0,39941.0,0.0,0.0,0
0.0075215534876472345,0.008216099938808959,1629.0,4346.0,0.00020995329987939646,1.5331796893552742e-18,0.0,39941.0,0.0,0.0,0
0.0075194644174085236,0.008216099938808959,1630.0,4346.0,0.00020786422964068552,1.7659958644055194e-18,0.0,39941.0,0.0,0.0,0
0.0075173961337659965,0.008216099938808959,1631.0,4346.0,0.00020579594599816003,3.946518089266354e-19,0.0,39941.0,0.0,0.0,0
0.007515348429889571,0.008216099938808959,1632.0,4346.0,0.0002037482421217311,5.3632896910965056e-18,0.0,39941.0,0.0,0.0,0
0.007513321101007142,0.008216099938808959,1633.0,4346.0,0.00020172091323930518,2.8307039820133488e-18,0.0,39941.0,0.0,0.0,0
0.0075113139443841416,0.008216099938808959,1634.0,4346.0,0.00019971375661630446,2.9698258427141053e-18,0.0,39941.0,0.0,0.0,0
0.007509326759303231,0.008216099938808959,1635.0,4346.0,0.00019772657153539384,1.8852431735775963e-18,0.0,39941.0,0.0,0.0,0
0.007507359347044249,0.008216099938808959,1636.0,4346.0,0.00019575915927640966,4.877782789467335e-18,0.0,39941.0,0.0,0.0,0
0.007505411510864326,0.008216099938808959,1637.0,4346.0,0.00019381132309648596,3.884055213033361e-18,0.0,39941.0,0.0,0.0,0
0.0075034830559782195,0.008216099938808959,1638.0,4346.0,0.00019188286821038273,9.766922465522487e-19,0.0,39941.0,0.0,0.0,0
0.00750157378953884,0.008216099938808959,1639.0,4346.0,0.00018997360177100292,3.233873455880847e-18,0.0,39941.0,0.0,0.0,0
0.007499683520617949,0.008216099938808959,1640.0,4346.0,0.0001880833328501114,4.082800728320156e-18,0.0,39941.0,0.0,0.0,0
0.00749781206018708,0.008216099938808959,1641.0,4346.0,0.0001862118724192427,5.593266644499797e-19,0.0,39941.0,0.0,0.0,0
0.007495959221098629,0.008216099938808959,1642.0,4346.0,0.0001843590333307921,7.240015199733239e-19,0.0,39941.0,0.0,0.0,0
0.007494124818067146,0.008216099938808959,1643.0,4346.0,0.00018252463029930853,1.4338069317118768e-18,0.0,39941.0,0.0,0.0,0
0.007492308667650797,0.008216099938808959,1644.0,4346.0,0.00018070847988295856,2.2373066577999186e-18,0.0,39941.0,0.0,0.0,0
0.007490510588233025,0.008216099938808959,1645.0,4346.0,0.00017891040046518823,9.170685919662102e-19,0.0,39941.0,0.0,0.0,0
0.007488730400004394,0.008216099938808959,1646.0,4346.0,0.0001771302122365564,2.2656988742694607e-18,0.0,39941.0,0.0,0.0,0
0.007486967924944596,0.008216099938808959,1647.0,4346.0,0.00017536773717675798,1.4480030399466478e-18,0.0,39941.0,0.0,0.0,0
0.007485222986804654,0.008216099938808959,1648.0,4346.0,0.00017362279903681738,1.868207843695871e-18,0.0,39941.0,0.0,0.0,0
0.007483495411089305,0.008216099938808959,1649.0,4346.0,0.00017189522332146576,5.209971722160978e-18,0.0,39941.0,0.0,0.0,0
0.00748178502503953,0.008216099938808959,1650.0,4346.0,0.0001701848372716936,-7.12644633385507e-19,0.0,39941.0,0.0,0.0,0
0.0074800916576153054,0.008216099938808959,1651.0,4346.0,0.0001684914698474693,1.825619518991558e-18,0.0,39941.0,0.0,0.0,0
0.007478415139478477,0.008216099938808959,1652.0,4346.0,0.00016681495171064003,2.242985101093827e-18,0.0,39941.0,0.0,0.0,0
0.007476755302975832,0.008216099938808959,1653.0,4346.0,0.0001651551152079943,4.520040861951105e-18,0.0,39941.0,0.0,0.0,0
0.007475111982122338,0.008216099938808959,1654.0,4346.0,0.00016351179435449928,3.500760290694543e-18,0.0,39941.0,0.0,0.0,0
0.007473485012584538,0.008216099938808959,1655.0,4346.0,0.0001618848248167004,3.4042267546980996e-18,0.0,39941.0,0.0,0.0,0
0.007471874231664124,0.008216099938808959,1656.0,4346.0,0.00016027404389628753,5.905581025664759e-19,0.0,39941.0,0.0,0.0,0
0.007470279478281663,0.008216099938808959,1657.0,4346.0,0.00015867929051382654,3.838627666682094e-18,0.0,39941.0,0.0,0.0,0
0.007468700592960488,0.008216099938808959,1658.0,4346.0,0.00015710040519264958,2.0073297043966273e-18,0.0,39941.0,0.0,0.0,0
0.007467137417810749,0.008216099938808959,1659.0,4346.0,0.0001555372300429098,3.7080234709222e-18,0.0,39941.0,0.0,0.0,0
0.0074655897965136275,0.008216099938808959,1660.0,4346.0,0.0001539896087457895,2.9641473994201966e-18,0.0,39941.0,0.0,0.0,0
0.007464057574305708,0.008216099938808959,1661.0,4346.0,0.00015245738653786803,5.899902582370851e-18,0.0,39941.0,0.0,0.0,0
0.007462540597963484,0.008216099938808959,1662.0,4346.0,0.00015094041019564878,4.485970202187654e-19,0.0,39941.0,0.0,0.0,0
0.00746103871578807,0.008216099938808959,1663.0,4346.0,0.00014943852802023325,5.053814531578497e-19,0.0,39941.0,0.0,0.0,0
0.007459551777589991,0.008216099938808959,1664.0,4346.0,0.0001479515898221526,3.5518662803397185e-18,0.0,39941.0,0.0,0.0,0
0.007458079634674186,0.008216099938808959,1665.0,4346.0,0.0001464794469063469,2.822186317072486e-18,0.0,39941.0,0.0,0.0,0
0.007456622139825137,0.008216099938808959,1666.0,4346.0,0.00014502195205729867,2.470122832850164e-18,0.0,39941.0,0.0,0.0,0
0.007455179147292147,0.008216099938808959,1667.0,4346.0,0.0001435789595243088,2.995378837536693e-18,0.0,39941.0,0.0,0.0,0
0.007453750512774759,0.008216099938808959,1668.0,4346.0,0.00014215032500692015,3.0919123735331363e-18,0.0,39941.0,0.0,0.0,0
0.007452336093408329,0.008216099938808959,1669.0,4346.0,0.00014073590564049192,1.1527239886634098e-18,0.0,39941.0,0.0,0.0,0
0.007450935747749744,0.008216099938808959,1670.0,4346.0,0.0001393355599819075,2.754044997545585e-19,0.0,39941.0,0.0,0.0,0
0.007449549335763271,0.008216099938808959,1671.0,4346.0,0.00013794914799543451,9.596569166705235e-19,0.0,39941.0,0.0,0.0,0
0.007448176718806557,0.008216099938808959,1672.0,4346.0,0.0001365765310387193,3.22251656929303e-18,0.0,39941.0,0.0,0.0,0
0.007446817759616757,0.008216099938808959,1673.0,4346.0,0.00013521757184892252,-6.58699422093377e-19,0.0,39941.0,0.0,0.0,0
0.007445472322296827,0.008216099938808959,1674.0,4346.0,0.0001338721345289915,1.8880823952245504e-18,0.0,39941.0,0.0,0.0,0
0.007444140272301911,0.008216099938808959,1675.0,4346.0,0.00013254008453407462,2.3679108535598124e-18,0.0,39941.0,0.0,0.0,0
0.0074428214764258975,0.008216099938808959,1676.0,4346.0,0.00013122128865806088,7.779467312654539e-19,0.0,39941.0,0.0,0.0,0
0.007441515802788103,0.008216099938808959,1677.0,4346.0,0.00012991561502026546,2.754044997545585e-18,0.0,39941.0,0.0,0.0,0
0.007440223120820073,0.008216099938808959,1678.0,4346.0,0.00012862293305223454,2.5212288224953395e-18,0.0,39941.0,0.0,0.0,0
0.007438943301252532,0.008216099938808959,1679.0,4346.0,0.00012734311348469484,2.524068044142294e-18,0.0,39941.0,0.0,0.0,0
0.007437676216102462,0.008216099938808959,1680.0,4346.0,0.0001260760283346236,3.892572877974224e-18,0.0,39941.0,0.0,0.0,0
0.007436421738660288,0.008216099938808959,1681.0,4346.0,0.0001248215508924503,1.6723015500560305e-18,0.0,39941.0,0.0,0.0,0
0.007435179743477219,0.008216099938808959,1682.0,4346.0,0.00012357955570938372,3.4070659763450538e-18,0.0,39941.0,0.0,0.0,0
0.0074339501063527096,0.008216099938808959,1683.0,4346.0,0.00012234991858487096,2.3253225288554993e-18,0.0,39941.0,0.0,0.0,0
0.007432732704322014,0.008216099938808959,1684.0,4346.0,0.00012113251655417566,7.978212827941334e-19,0.0,39941.0,0.0,0.0,0
0.007431527415643916,0.008216099938808959,1685.0,4346.0,0.00011992722787608003,1.5331796893552742e-18,0.0,39941.0,0.0,0.0,0
0.007430334119788548,0.008216099938808959,1686.0,4346.0,0.0001187339320207118,1.6552662201743052e-18,0.0,39941.0,0.0,0.0,0
0.00742915269742533,0.008216099938808959,1687.0,4346.0,0.00011755250965749038,4.281546243606951e-18,0.0,39941.0,0.0,0.0,0
0.007427983030411032,0.008216099938808959,1688.0,4346.0,0.00011638284264319674,2.3707500752067665e-18,0.0,39941.0,0.0,0.0,0
0.0074268250017779916,0.008216099938808959,1689.0,4346.0,0.00011522481401015162,2.8278647603663946e-18,0.0,39941.0,0.0,0.0,0
0.007425678495722369,0.008216099938808959,1690.0,4346.0,0.00011407830795453029,4.843712129703885e-18,0.0,39941.0,0.0,0.0,0
0.007424543397592608,0.008216099938808959,1691.0,4346.0,0.00011294320982476898,3.940839645972446e-18,0.0,39941.0,0.0,0.0,0
0.007423419593877945,0.008216099938808959,1692.0,4346.0,0.00011181940611010989,1.0561904526669666e-18,0.0,39941.0,0.0,0.0,0
0.007422306972197081,0.008216099938808959,1693.0,4346.0,0.00011070678442924463,2.498515049319706e-18,0.0,39941.0,0.0,0.0,0
0.007421205421286919,0.008216099938808959,1694.0,4346.0,0.0001096052335190789,4.7301432638257165e-18,0.0,39941.0,0.0,0.0,0
0.007420114830991442,0.008216099938808959,1695.0,4346.0,0.00010851464322360272,5.456984005445994e-18,0.0,39941.0,0.0,0.0,0
0.007419035092250715,0.008216099938808959,1696.0,4346.0,0.00010743490448287785,7.665898446776371e-19,0.0,39941.0,0.0,0.0,0
0.00741796609708997,0.008216099938808959,1697.0,4346.0,0.00010636590932213117,4.250314805490454e-18,0.0,39941.0,0.0,0.0,0
0.007416907738608791,0.008216099938808959,1698.0,4346.0,0.00010530755084095517,-1.7376036479359774e-18,0.0,39941.0,0.0,0.0,0
0.007415859910970456,0.008216099938808959,1699.0,4346.0,0.00010425972320261993,-1.7035329881725268e-19,0.0,39941.0,0.0,0.0,0
0.007414822509391326,0.008216099938808959,1700.0,4346.0,0.00010322232162348755,1.0703865609017378e-18,0.0,39941.0,0.0,0.0,0
0.007413795430130376,0.008216099938808959,1701.0,4346.0,0.00010219524236253744,4.6960726040622654e-18,0.0,39941.0,0.0,0.0,0
0.007412778570478821,0.008216099938808959,1702.0,4346.0,0.0001011783827109866,-1.598481787235221e-18,0.0,39941.0,0.0,0.0,0
0.0074117718287498606,0.008216099938808959,1703.0,4346.0,0.00010017164098202198,2.873292306717662e-18,0.0,39941.0,0.0,0.0,0
0.007410775104268473,0.008216099938808959,1704.0,4346.0,9.91749165006323e-05,5.229846273689658e-18,0.0,39941.0,0.0,0.0,0
0.007409788297361375,0.008216099938808959,1705.0,4346.0,9.818810959353823e-05,-1.3060419575989373e-19,0.0,39941.0,0.0,0.0,0
0.007408811309347067,0.008216099938808959,1706.0,4346.0,9.721112157922748e-05,2.796633322249898e-18,0.0,39941.0,0.0,0.0,0
0.007407844042525922,0.008216099938808959,1707.0,4346.0,9.624385475808482e-05,2.3423578587372244e-18,0.0,39941.0,0.0,0.0,0
0.007406886400170456,0.008216099938808959,1708.0,4346.0,9.528621240262103e-05,-2.271377317563369e-19,0.0,39941.0,0.0,0.0,0
0.007405938286515639,0.008216099938808959,1709.0,4346.0,9.433809874780219e-05,2.876131528364616e-18,0.0,39941.0,0.0,0.0,0
0.00740499960674931,0.008216099938808959,1710.0,4346.0,9.339941898147406e-05,-5.735227726847507e-19,0.0,39941.0,0.0,0.0,0
0.007404070267002715,0.008216099938808959,1711.0,4346.0,9.24700792348776e-05,2.2117536629773307e-18,0.0,39941.0,0.0,0.0,0
0.0074031501743410996,0.008216099938808959,1712.0,4346.0,9.154998657326357e-05,3.236712677527801e-18,0.0,39941.0,0.0,0.0,0
0.0074022392367544335,0.008216099938808959,1713.0,4346.0,9.06390489865976e-05,6.075934324482013e-19,0.0,39941.0,0.0,0.0,0
0.007401337363148201,0.008216099938808959,1714.0,4346.0,8.97371753803633e-05,4.9118534492307855e-19,0.0,39941.0,0.0,0.0,0
0.007400444463334285,0.008216099938808959,1715.0,4346.0,8.884427556644856e-05,3.9181258727968117e-19,0.0,39941.0,0.0,0.0,0
0.007399560448021965,0.008216099938808959,1716.0,4346.0,8.796026025412773e-05,1.4565207048875104e-18,0.0,39941.0,0.0,0.0,0
0.007398685228808973,0.008216099938808959,1717.0,4346.0,8.708504104113251e-05,2.524068044142294e-18,0.0,39941.0,0.0,0.0,0
0.0073978187181726485,0.008216099938808959,1718.0,4346.0,8.621853040481356e-05,-2.725652781076043e-19,0.0,39941.0,0.0,0.0,0
0.007396960829461223,0.008216099938808959,1719.0,4346.0,8.536064169338308e-05,3.302014775407748e-18,0.0,39941.0,0.0,0.0,0
0.007396111476885093,0.008216099938808959,1720.0,4346.0,8.451128911725668e-05,5.877188809195218e-19,0.0,39941.0,0.0,0.0,0
0.007395270575508307,0.008216099938808959,1721.0,4346.0,8.367038774046756e-05,4.088479171614064e-18,0.0,39941.0,0.0,0.0,0
0.007394438041240016,0.008216099938808959,1722.0,4346.0,8.283785347217793e-05,3.509277955635405e-18,0.0,39941.0,0.0,0.0,0
0.007393613790826105,0.008216099938808959,1723.0,4346.0,8.201360305826824e-05,1.890921616871505e-18,0.0,39941.0,0.0,0.0,0
0.007392797741840845,0.008216099938808959,1724.0,4346.0,8.119755407300833e-05,1.9022785034593215e-18,0.0,39941.0,0.0,0.0,0
0.007391989812678659,0.008216099938808959,1725.0,4346.0,8.038962491082103e-05,1.5218228027674573e-18,0.0,39941.0,0.0,0.0,0
0.007391189922545954,0.008216099938808959,1726.0,4346.0,7.95897347781161e-05,4.366722893015577e-18,0.0,39941.0,0.0,0.0,0
0.007390397991453051,0.008216099938808959,1727.0,4346.0,7.879780368521451e-05,1.7489605345237943e-18,0.0,39941.0,0.0,0.0,0
0.007389613940206182,0.008216099938808959,1728.0,4346.0,7.801375243834586e-05,1.706372209819481e-18,0.0,39941.0,0.0,0.0,0
0.007388837690399571,0.008216099938808959,1729.0,4346.0,7.723750263173359e-05,2.9641473994201966e-18,0.0,39941.0,0.0,0.0,0
0.0073880691644075845,0.008216099938808959,1730.0,4346.0,7.646897663974866e-05,5.564874428030254e-19,0.0,39941.0,0.0,0.0,0
0.00738730828537699,0.008216099938808959,1731.0,4346.0,7.57080976091519e-05,4.3695621146625314e-18,0.0,39941.0,0.0,0.0,0
0.007386554977219244,0.008216099938808959,1732.0,4346.0,7.495478945140709e-05,1.4025754935953804e-18,0.0,39941.0,0.0,0.0,0
0.007385809164602907,0.008216099938808959,1733.0,4346.0,7.420897683506877e-05,2.578013255434424e-18,0.0,39941.0,0.0,0.0,0
0.007385070772946092,0.008216099938808959,1734.0,4346.0,7.347058517825641e-05,2.8392216469542115e-21,0.0,39941.0,0.0,0.0,0
0.0073843397284090225,0.008216099938808959,1735.0,4346.0,7.273954064118671e-05,-5.678443293908423e-21,0.0,39941.0,0.0,0.0,0
0.007383615957886637,0.008216099938808959,1736.0,4346.0,7.201577011879718e-05,3.367316873287695e-18,0.0,39941.0,0.0,0.0,0
0.0073828993890012705,0.008216099938808959,1737.0,4346.0,7.129920123343384e-05,1.814262632403741e-18,0.0,39941.0,0.0,0.0,0
0.007382189950095447,0.008216099938808959,1738.0,4346.0,7.058976232761034e-05,2.9527905128323797e-19,0.0,39941.0,0.0,0.0,0
0.0073814875702246825,0.008216099938808959,1739.0,4346.0,6.988738245684307e-05,2.17768300321388e-18,0.0,39941.0,0.0,0.0,0
0.007380792179150401,0.008216099938808959,1740.0,4346.0,6.919199138256237e-05,3.1912851311765335e-18,0.0,39941.0,0.0,0.0,0
0.007380103707332915,0.008216099938808959,1741.0,4346.0,6.850351956507985e-05,-5.082206748048038e-19,0.0,39941.0,0.0,0.0,0
0.007379422085924478,0.008216099938808959,1742.0,4346.0,6.782189815664034e-05,2.3679108535598124e-18,0.0,39941.0,0.0,0.0,0
0.007378747246762371,0.008216099938808959,1743.0,4346.0,6.714705899453464e-05,-9.085509270253477e-20,0.0,39941.0,0.0,0.0,0
0.007378079122362121,0.008216099938808959,1744.0,4346.0,6.647893459428432e-05,5.905581025664759e-19,0.0,39941.0,0.0,0.0,0
0.007377417645910732,0.008216099938808959,1745.0,4346.0,6.581745814289309e-05,4.1282282746714235e-18,0.0,39941.0,0.0,0.0,0
0.007376762751260002,0.008216099938808959,1746.0,4346.0,6.51625634921641e-05,1.7347644262890233e-18,0.0,39941.0,0.0,0.0,0
0.007376114372919924,0.008216099938808959,1747.0,4346.0,6.451418515208655e-05,8.347311642045382e-19,0.0,39941.0,0.0,0.0,0
0.007375472446052122,0.008216099938808959,1748.0,4346.0,6.387225828428697e-05,-1.1442063237225472e-18,0.0,39941.0,0.0,0.0,0
0.0073748369064633775,0.008216099938808959,1749.0,4346.0,6.323671869554198e-05,1.4536814832405563e-18,0.0,39941.0,0.0,0.0,0
0.007374207690599202,0.008216099938808959,1750.0,4346.0,6.260750283136391e-05,2.242985101093827e-18,0.0,39941.0,0.0,0.0,0
0.007373584735537479,0.008216099938808959,1751.0,4346.0,6.198454776964293e-05,-1.4820736997100983e-18,0.0,39941.0,0.0,0.0,0
0.007372967978982188,0.008216099938808959,1752.0,4346.0,6.136779121435208e-05,1.947706049810589e-18,0.0,39941.0,0.0,0.0,0
0.007372357359257161,0.008216099938808959,1753.0,4346.0,6.075717148932306e-05,2.3310009721494075e-18,0.0,39941.0,0.0,0.0,0
0.007371752815299913,0.008216099938808959,1754.0,4346.0,6.015262753207387e-05,3.798878563624735e-18,0.0,39941.0,0.0,0.0,0
0.0073711542866555435,0.008216099938808959,1755.0,4346.0,5.955409888770534e-05,1.6751407717029846e-18,0.0,39941.0,0.0,0.0,0
0.0073705617134706925,0.008216099938808959,1756.0,4346.0,5.896152570285406e-05,7.211622983263697e-19,0.0,39941.0,0.0,0.0,0
0.007369975036487545,0.008216099938808959,1757.0,4346.0,5.837484871970794e-05,6.927700818568275e-19,0.0,39941.0,0.0,0.0,0
0.0073693941970379186,0.008216099938808959,1758.0,4346.0,5.779400927007982e-05,2.4729620544971182e-18,0.0,39941.0,0.0,0.0,0
0.00736881913703738,0.008216099938808959,1759.0,4346.0,5.721894926953985e-05,5.235524716983566e-18,0.0,39941.0,0.0,0.0,0
0.007368249798979449,0.008216099938808959,1760.0,4346.0,5.66496112116107e-05,3.157214471413083e-18,0.0,39941.0,0.0,0.0,0
0.0073676861259298464,0.008216099938808959,1761.0,4346.0,5.608593816201015e-05,1.3628263905380216e-19,0.0,39941.0,0.0,0.0,0
0.007367128061520801,0.008216099938808959,1762.0,4346.0,5.552787375296386e-05,3.3389246568181528e-18,0.0,39941.0,0.0,0.0,0
0.007366575549945403,0.008216099938808959,1763.0,4346.0,5.497536217756701e-05,1.720568318054252e-18,0.0,39941.0,0.0,0.0,0
0.007366028535952041,0.008216099938808959,1764.0,4346.0,5.44283481842004e-05,5.845957371078721e-18,0.0,39941.0,0.0,0.0,0
0.007365486964838849,0.008216099938808959,1765.0,4346.0,5.388677707100958e-05,2.930076739656746e-18,0.0,39941.0,0.0,0.0,0
0.007364950782448268,0.008216099938808959,1766.0,4346.0,5.335059468043171e-05,2.927237518009792e-18,0.0,39941.0,0.0,0.0,0
0.007364419935161618,0.008216099938808959,1767.0,4346.0,5.281974739378088e-05,2.9073629664811125e-18,0.0,39941.0,0.0,0.0,0
0.007363894369893724,0.008216099938808959,1768.0,4346.0,5.2294182125885605e-05,2.106702462040025e-18,0.0,39941.0,0.0,0.0,0
0.007363374034087617,0.008216099938808959,1769.0,4346.0,5.177384631978172e-05,-1.1754377618390436e-18,0.0,39941.0,0.0,0.0,0
0.007362858875709291,0.008216099938808959,1770.0,4346.0,5.125868794145522e-05,1.9249922766349552e-18,0.0,39941.0,0.0,0.0,0
0.0073623488432424744,0.008216099938808959,1771.0,4346.0,5.074865547463743e-05,2.2373066577999186e-18,0.0,39941.0,0.0,0.0,0
0.007361843885683498,0.008216099938808959,1772.0,4346.0,5.02436979156585e-05,3.858502218210773e-18,0.0,39941.0,0.0,0.0,0
0.007361343952536178,0.008216099938808959,1773.0,4346.0,4.974376476834133e-05,-1.4480030399466478e-19,0.0,39941.0,0.0,0.0,0
0.007360848993806794,0.008216099938808959,1774.0,4346.0,4.924880603895388e-05,3.2026420177643504e-18,0.0,39941.0,0.0,0.0,0
0.007360358959999048,0.008216099938808959,1775.0,4346.0,4.875877223121132e-05,-5.3661289127434595e-19,0.0,39941.0,0.0,0.0,0
0.007359873802109162,0.008216099938808959,1776.0,4346.0,4.827361434132432e-05,3.682470476099612e-18,0.0,39941.0,0.0,0.0,0
0.007359393471620938,0.008216099938808959,1777.0,4346.0,4.779328385309998e-05,3.78184323374301e-18,0.0,39941.0,0.0,0.0,0
0.007358917920500926,0.008216099938808959,1778.0,4346.0,4.7317732733088385e-05,2.8846491933054787e-18,0.0,39941.0,0.0,0.0,0
0.007358447101193618,0.008216099938808959,1779.0,4346.0,4.684691342578183e-05,1.1356886587816846e-20,0.0,39941.0,0.0,0.0,0
0.007357980966616694,0.008216099938808959,1780.0,4346.0,4.638077884885638e-05,3.182767466235671e-18,0.0,39941.0,0.0,0.0,0
0.007357519470156306,0.008216099938808959,1781.0,4346.0,4.591928238846725e-05,1.9022785034593215e-18,0.0,39941.0,0.0,0.0,0
0.007357062565662421,0.008216099938808959,1782.0,4346.0,4.546237789458345e-05,3.0720378220044566e-18,0.0,39941.0,0.0,0.0,0
0.007356610207444211,0.008216099938808959,1783.0,4346.0,4.501001967637403e-05,2.1720045599199717e-18,0.0,39941.0,0.0,0.0,0
0.007356162350265479,0.008216099938808959,1784.0,4346.0,4.4562162497640836e-05,3.9039297645620405e-18,0.0,39941.0,0.0,0.0,0
0.007355718949340131,0.008216099938808959,1785.0,4346.0,4.4118761572292995e-05,2.7767587707212188e-18,0.0,39941.0,0.0,0.0,0
0.0073552799603277055,0.008216099938808959,1786.0,4346.0,4.36797725598677e-05,8.347311642045382e-19,0.0,39941.0,0.0,0.0,0
0.007354845339328937,0.008216099938808959,1787.0,4346.0,4.324515156109865e-05,4.1793342643165994e-18,0.0,39941.0,0.0,0.0,0
0.007354415042881361,0.008216099938808959,1788.0,4346.0,4.2814855113523075e-05,3.520634842223222e-18,0.0,39941.0,0.0,0.0,0
0.007353989027954977,0.008216099938808959,1789.0,4346.0,4.2388840187138146e-05,1.984615931220994e-18,0.0,39941.0,0.0,0.0,0
0.007353567251947932,0.008216099938808959,1790.0,4346.0,4.1967064180096364e-05,4.9118534492307855e-19,0.0,39941.0,0.0,0.0,0
0.00735314967268228,0.008216099938808959,1791.0,4346.0,4.1549484914444575e-05,1.5473757975900452e-18,0.0,39941.0,0.0,0.0,0
0.007352736248399749,0.008216099938808959,1792.0,4346.0,4.113606063190944e-05,4.662001944298815e-18,0.0,39941.0,0.0,0.0,0
0.007352326937757557,0.008216099938808959,1793.0,4346.0,4.0726749989718315e-05,5.814725932962225e-18,0.0,39941.0,0.0,0.0,0
0.0073519216998243,0.008216099938808959,1794.0,4346.0,4.032151205646439e-05,-1.8199410756976494e-18,0.0,39941.0,0.0,0.0,0
0.007351520494075853,0.008216099938808959,1795.0,4346.0,3.992030630801745e-05,-1.652426998527351e-18,0.0,39941.0,0.0,0.0,0
0.007351123280391303,0.008216099938808959,1796.0,4346.0,3.952309262346869e-05,-2.822186317072486e-18,0.0,39941.0,0.0,0.0,0
0.007350730019048953,0.008216099938808959,1797.0,4346.0,3.9129831281118144e-05,4.485970202187654e-19,0.0,39941.0,0.0,0.0,0
0.007350340670722341,0.008216099938808959,1798.0,4346.0,3.8740482954503834e-05,2.634797688373508e-18,0.0,39941.0,0.0,0.0,0
0.007349955196476303,0.008216099938808959,1799.0,4346.0,3.8355008708469114e-05,-3.4581719659902296e-18,0.0,39941.0,0.0,0.0,0
0.007349573557763103,0.008216099938808959,1800.0,4346.0,3.797336999526781e-05,-5.167383397456665e-19,0.0,39941.0,0.0,0.0,0
0.007349195716418547,0.008216099938808959,1801.0,4346.0,3.759552865071012e-05,2.8392216469542115e-21,0.0,39941.0,0.0,0.0,0
0.007348821634658183,0.008216099938808959,1802.0,4346.0,3.7221446890347524e-05,-5.50808999509117e-19,0.0,39941.0,0.0,0.0,0
0.00734845127507353,0.008216099938808959,1803.0,4346.0,3.6851087305691895e-05,1.69217610158471e-18,0.0,39941.0,0.0,0.0,0
0.007348084600628314,0.008216099938808959,1804.0,4346.0,3.648441286047722e-05,1.3912186070075635e-18,0.0,39941.0,0.0,0.0,0
0.0073477215746547905,0.008216099938808959,1805.0,4346.0,3.6121386886950904e-05,3.710862692569154e-18,0.0,39941.0,0.0,0.0,0
0.007347362160850054,0.008216099938808959,1806.0,4346.0,3.576197308221564e-05,3.2168381259991214e-18,0.0,39941.0,0.0,0.0,0
0.007347006323272427,0.008216099938808959,1807.0,4346.0,3.540613550458925e-05,2.756884219192539e-18,0.0,39941.0,0.0,0.0,0
0.007346654026337858,0.008216099938808959,1808.0,4346.0,3.505383857001871e-05,2.1578084516852007e-18,0.0,39941.0,0.0,0.0,0
0.0073463052348163565,0.008216099938808959,1809.0,4346.0,3.470504704851784e-05,3.92380431609072e-18,0.0,39941.0,0.0,0.0,0
0.007345959913828482,0.008216099938808959,1810.0,4346.0,3.435972606064238e-05,1.947706049810589e-18,0.0,39941.0,0.0,0.0,0
0.007345618028841845,0.008216099938808959,1811.0,4346.0,3.401784107400522e-05,4.432024990895524e-18,0.0,39941.0,0.0,0.0,0
0.00734527954566766,0.008216099938808959,1812.0,4346.0,3.367935789982484e-05,-1.1697593185451352e-18,0.0,39941.0,0.0,0.0,0
0.007344944430457339,0.008216099938808959,1813.0,4346.0,3.33442426895004e-05,5.156026510868848e-18,0.0,39941.0,0.0,0.0,0
0.0073446126496990675,0.008216099938808959,1814.0,4346.0,3.301246193123188e-05,8.546057157332177e-19,0.0,39941.0,0.0,0.0,0
0.0073442841702145035,0.008216099938808959,1815.0,4346.0,3.268398244666663e-05,1.1072964423121424e-18,0.0,39941.0,0.0,0.0,0
0.007343958959155421,0.008216099938808959,1816.0,4346.0,3.2358771387583066e-05,1.2379006380720362e-18,0.0,39941.0,0.0,0.0,0
0.00734363698400044,0.008216099938808959,1817.0,4346.0,3.2036796232604375e-05,1.1782769834859977e-18,0.0,39941.0,0.0,0.0,0
0.007343318212551785,0.008216099938808959,1818.0,4346.0,3.1718024783945346e-05,4.437703434189432e-18,0.0,39941.0,0.0,0.0,0
0.007343002612932034,0.008216099938808959,1819.0,4346.0,3.140242516419724e-05,1.760317421111611e-19,0.0,39941.0,0.0,0.0,0
0.0073426901535809715,0.008216099938808959,1820.0,4346.0,3.108996581313465e-05,3.472368074225001e-18,0.0,39941.0,0.0,0.0,0
0.007342380803252397,0.008216099938808959,1821.0,4346.0,3.0780615484560894e-05,1.973259044633177e-18,0.0,39941.0,0.0,0.0,0
0.007342074531011023,0.008216099938808959,1822.0,4346.0,3.04743432431865e-05,1.2946850710111205e-18,0.0,39941.0,0.0,0.0,0
0.007341771306229371,0.008216099938808959,1823.0,4346.0,3.0171118461531484e-05,2.9811827293019218e-18,0.0,39941.0,0.0,0.0,0
0.007341471098584704,0.008216099938808959,1824.0,4346.0,2.9870910816866316e-05,1.4593599265344647e-18,0.0,39941.0,0.0,0.0,0
0.007341173878056011,0.008216099938808959,1825.0,4346.0,2.9573690288174548e-05,1.5700895707656788e-18,0.0,39941.0,0.0,0.0,0
0.007340879614920993,0.008216099938808959,1826.0,4346.0,2.9279427153156683e-05,-1.2095084216024941e-18,0.0,39941.0,0.0,0.0,0
0.007340588279753092,0.008216099938808959,1827.0,4346.0,2.8988091985253498e-05,3.4581719659902296e-18,0.0,39941.0,0.0,0.0,0
0.007340299843418545,0.008216099938808959,1828.0,4346.0,2.869965565070612e-05,5.1105989645175805e-18,0.0,39941.0,0.0,0.0,0
0.007340014277073477,0.008216099938808959,1829.0,4346.0,2.8414089305639767e-05,1.3457910606562961e-18,0.0,39941.0,0.0,0.0,0
0.007339731552161019,0.008216099938808959,1830.0,4346.0,2.8131364393182324e-05,6.899308602098734e-19,0.0,39941.0,0.0,0.0,0
0.007339451640408445,0.008216099938808959,1831.0,4346.0,2.7851452640607597e-05,1.4934305862979152e-18,0.0,39941.0,0.0,0.0,0
0.007339174513824345,0.008216099938808959,1832.0,4346.0,2.7574326056506533e-05,1.4139323801831973e-18,0.0,39941.0,0.0,0.0,0
0.007338900144695829,0.008216099938808959,1833.0,4346.0,2.729995692798927e-05,2.674546791430867e-18,0.0,39941.0,0.0,0.0,0
0.0073386285055857545,0.008216099938808959,1834.0,4346.0,2.702831781791545e-05,4.662001944298815e-18,0.0,39941.0,0.0,0.0,0
0.0073383595693299825,0.008216099938808959,1835.0,4346.0,2.6759381562147288e-05,-1.0505120093730582e-19,0.0,39941.0,0.0,0.0,0
0.00733809330903467,0.008216099938808959,1836.0,4346.0,2.6493121266834518e-05,9.823706898461571e-19,0.0,39941.0,0.0,0.0,0
0.007337829698073563,0.008216099938808959,1837.0,4346.0,2.6229510305725488e-05,1.4281284884179683e-18,0.0,39941.0,0.0,0.0,0
0.007337568710085343,0.008216099938808959,1838.0,4346.0,2.5968522317505998e-05,5.11059896451758e-19,0.0,39941.0,0.0,0.0,0
0.007337310318970995,0.008216099938808959,1839.0,4346.0,2.5710131203158512e-05,3.441136636108504e-18,0.0,39941.0,0.0,0.0,0
0.007337054498891194,0.008216099938808959,1840.0,4346.0,2.5454311123356133e-05,2.8562569768359367e-18,0.0,39941.0,0.0,0.0,0
0.007336801224263716,0.008216099938808959,1841.0,4346.0,2.520103649587871e-05,2.2855734257981403e-18,0.0,39941.0,0.0,0.0,0
0.007336550469760889,0.008216099938808959,1842.0,4346.0,2.4950281993051583e-05,9.596569166705235e-19,0.0,39941.0,0.0,0.0,0
0.007336302210307054,0.008216099938808959,1843.0,4346.0,2.47020225392156e-05,3.1515360281191745e-18,0.0,39941.0,0.0,0.0,0
0.0073360564210760565,0.008216099938808959,1844.0,4346.0,2.4456233308218073e-05,4.744339372060487e-18,0.0,39941.0,0.0,0.0,0
0.00733581307748877,0.008216099938808959,1845.0,4346.0,2.4212889720932543e-05,6.785739736220565e-19,0.0,39941.0,0.0,0.0,0
0.0073355721552106345,0.008216099938808959,1846.0,4346.0,2.3971967442795882e-05,5.428591788976452e-18,0.0,39941.0,0.0,0.0,0
0.0073353336301492204,0.008216099938808959,1847.0,4346.0,2.3733442381380908e-05,5.786333716492683e-18,0.0,39941.0,0.0,0.0,0
0.007335097478451817,0.008216099938808959,1848.0,4346.0,2.3497290683981723e-05,-2.55529948225879e-19,0.0,39941.0,0.0,0.0,0
0.007334863676503069,0.008216099938808959,1849.0,4346.0,2.3263488735231695e-05,2.4559267246153927e-18,0.0,39941.0,0.0,0.0,0
0.007334632200922581,0.008216099938808959,1850.0,4346.0,2.303201315474177e-05,3.591615383397077e-18,0.0,39941.0,0.0,0.0,0
0.0073344030285625965,0.008216099938808959,1851.0,4346.0,2.2802840794760742e-05,-3.208320461058259e-19,0.0,39941.0,0.0,0.0,0
0.007334176136505697,0.008216099938808959,1852.0,4346.0,2.257594873786106e-05,1.022119792903516e-19,0.0,39941.0,0.0,0.0,0
0.007333951502062486,0.008216099938808959,1853.0,4346.0,2.2351314294650015e-05,1.6325524469986716e-18,0.0,39941.0,0.0,0.0,0
0.007333729102769329,0.008216099938808959,1854.0,4346.0,2.212891500149336e-05,-1.5530542408839537e-18,0.0,39941.0,0.0,0.0,0
0.007333508916386114,0.008216099938808959,1855.0,4346.0,2.190872861827782e-05,2.2912518690920486e-18,0.0,39941.0,0.0,0.0,0
0.007333290920894021,0.008216099938808959,1856.0,4346.0,2.1690733126181515e-05,3.980588749029804e-18,0.0,39941.0,0.0,0.0,0
0.007333075094493312,0.008216099938808959,1857.0,4346.0,2.147490672547407e-05,1.6495877768803969e-18,0.0,39941.0,0.0,0.0,0
0.007332861415601173,0.008216099938808959,1858.0,4346.0,2.1261227833334334e-05,2.203235998036468e-18,0.0,39941.0,0.0,0.0,0
0.0073326498628495315,0.008216099938808959,1859.0,4346.0,2.1049675081695973e-05,1.1356886587816845e-18,0.0,39941.0,0.0,0.0,0
0.007332440415082942,0.008216099938808959,1860.0,4346.0,2.08402273151067e-05,-1.5587326841778621e-18,0.0,39941.0,0.0,0.0,0
0.007332233051356452,0.008216099938808959,1861.0,4346.0,2.0632863588616835e-05,-2.0470788074539862e-18,0.0,39941.0,0.0,0.0,0
0.007332027750933518,0.008216099938808959,1862.0,4346.0,2.042756316567912e-05,3.733576465744788e-18,0.0,39941.0,0.0,0.0,0
0.007331824493283918,0.008216099938808959,1863.0,4346.0,2.022430551608081e-05,4.940245665700328e-19,0.0,39941.0,0.0,0.0,0
0.0073316232580817285,0.008216099938808959,1864.0,4346.0,2.002307031388838e-05,5.456984005445994e-18,0.0,39941.0,0.0,0.0,0
0.00733142402520325,0.008216099938808959,1865.0,4346.0,1.9823837435413396e-05,2.8307039820133488e-18,0.0,39941.0,0.0,0.0,0
0.007331226774725037,0.008216099938808959,1866.0,4346.0,1.9626586957201354e-05,4.656323501004906e-19,0.0,39941.0,0.0,0.0,0
0.007331031486921878,0.008216099938808959,1867.0,4346.0,1.9431299154041e-05,1.680819214996893e-18,0.0,39941.0,0.0,0.0,0
0.0073308381422648285,0.008216099938808959,1868.0,4346.0,1.9237954496988415e-05,6.388248705646976e-18,0.0,39941.0,0.0,0.0,0
0.007330646721419255,0.008216099938808959,1869.0,4346.0,1.904653365141757e-05,6.473425355055602e-19,0.0,39941.0,0.0,0.0,0
0.007330457205242922,0.008216099938808959,1870.0,4346.0,1.8857017475083876e-05,2.3196440855615906e-18,0.0,39941.0,0.0,0.0,0
0.007330269574784051,0.008216099938808959,1871.0,4346.0,1.866938701621213e-05,5.0594929748724046e-18,0.0,39941.0,0.0,0.0,0
0.007330083811279435,0.008216099938808959,1872.0,4346.0,1.8483623511599565e-05,9.085509270253477e-20,0.0,39941.0,0.0,0.0,0
0.0073298998961525775,0.008216099938808959,1873.0,4346.0,1.829970838474137e-05,2.535424930730111e-18,0.0,39941.0,0.0,0.0,0
0.007329717811011808,0.008216099938808959,1874.0,4346.0,1.8117623243971574e-05,-2.8108294304846694e-19,0.0,39941.0,0.0,0.0,0
0.007329537537648459,0.008216099938808959,1875.0,4346.0,1.7937349880623976e-05,-4.713107933943991e-19,0.0,39941.0,0.0,0.0,0
0.007329359058035049,0.008216099938808959,1876.0,4346.0,1.7758870267212666e-05,-4.03169473867498e-19,0.0,39941.0,0.0,0.0,0
0.007329182354323463,0.008216099938808959,1877.0,4346.0,1.758216655562621e-05,1.5388581326491826e-18,0.0,39941.0,0.0,0.0,0
0.007329007408843186,0.008216099938808959,1878.0,4346.0,1.7407221075348303e-05,1.4139323801831973e-18,0.0,39941.0,0.0,0.0,0
0.00732883420409952,0.008216099938808959,1879.0,4346.0,1.723401633168366e-05,-1.987455152867948e-20,0.0,39941.0,0.0,0.0,0
0.007328662722771851,0.008216099938808959,1880.0,4346.0,1.706253500401339e-05,6.075934324482013e-19,0.0,39941.0,0.0,0.0,0
0.0073284929477119,0.008216099938808959,1881.0,4346.0,1.6892759944063146e-05,2.4928366060257975e-18,0.0,39941.0,0.0,0.0,0
0.007328324861942024,0.008216099938808959,1882.0,4346.0,1.6724674174183908e-05,2.282734204151186e-18,0.0,39941.0,0.0,0.0,0
0.007328158448653496,0.008216099938808959,1883.0,4346.0,1.6558260885660544e-05,-2.0101689260435818e-18,0.0,39941.0,0.0,0.0,0
0.007327993691204859,0.008216099938808959,1884.0,4346.0,1.6393503437023237e-05,-2.8960060798932956e-19,0.0,39941.0,0.0,0.0,0
0.007327830573120228,0.008216099938808959,1885.0,4346.0,1.623038535239158e-05,9.057117053783935e-19,0.0,39941.0,0.0,0.0,0
0.007327669078087659,0.008216099938808959,1886.0,4346.0,1.606889031981978e-05,4.679037274180541e-18,0.0,39941.0,0.0,0.0,0
0.0073275091899575075,0.008216099938808959,1887.0,4346.0,1.5909002189670994e-05,1.8852431735775963e-18,0.0,39941.0,0.0,0.0,0
0.007327350892740838,0.008216099938808959,1888.0,4346.0,1.5750704972999058e-05,3.2423911208217093e-18,0.0,39941.0,0.0,0.0,0
0.007327194170607788,0.008216099938808959,1889.0,4346.0,1.5593982839950235e-05,2.024365034278353e-18,0.0,39941.0,0.0,0.0,0
0.007327039007886017,0.008216099938808959,1890.0,4346.0,1.5438820118180097e-05,2.2855734257981403e-18,0.0,39941.0,0.0,0.0,0
0.007326885389059124,0.008216099938808959,1891.0,4346.0,1.5285201291287573e-05,1.0164413496096076e-18,0.0,39941.0,0.0,0.0,0
0.007326733298765098,0.008216099938808959,1892.0,4346.0,1.5133110997261484e-05,7.523937364428661e-19,0.0,39941.0,0.0,0.0,0
0.007326582721794784,0.008216099938808959,1893.0,4346.0,1.4982534026946451e-05,2.3679108535598124e-18,0.0,39941.0,0.0,0.0,0
0.007326433643090358,0.008216099938808959,1894.0,4346.0,1.4833455322519787e-05,3.591615383397077e-18,0.0,39941.0,0.0,0.0,0
0.007326286047743825,0.008216099938808959,1895.0,4346.0,1.4685859975985903e-05,5.576231314618071e-18,0.0,39941.0,0.0,0.0,0
0.007326139920995526,0.008216099938808959,1896.0,4346.0,1.4539733227689249e-05,3.1856066878826252e-18,0.0,39941.0,0.0,0.0,0
0.007325995248232671,0.008216099938808959,1897.0,4346.0,1.4395060464830613e-05,5.079367526401084e-18,0.0,39941.0,0.0,0.0,0
0.007325852014987853,0.008216099938808959,1898.0,4346.0,1.425182722001493e-05,3.367316873287695e-18,0.0,39941.0,0.0,0.0,0
0.007325710206937634,0.008216099938808959,1899.0,4346.0,1.4110019169797858e-05,1.5275012460613657e-18,0.0,39941.0,0.0,0.0,0
0.007325569809901093,0.008216099938808959,1900.0,4346.0,1.396962213325568e-05,1.7915488592281074e-18,0.0,39941.0,0.0,0.0,0
0.0073254308098384055,0.008216099938808959,1901.0,4346.0,1.3830622070568612e-05,2.3565539669719954e-19,0.0,39941.0,0.0,0.0,0
0.007325293192849452,0.008216099938808959,1902.0,4346.0,1.3693005081613833e-05,1.6495877768803969e-18,0.0,39941.0,0.0,0.0,0
0.007325156945172415,0.008216099938808959,1903.0,4346.0,1.3556757404577968e-05,1.2095084216024941e-18,0.0,39941.0,0.0,0.0,0
0.00732502205318242,0.008216099938808959,1904.0,4346.0,1.3421865414580315e-05,4.40931121771989e-18,0.0,39941.0,0.0,0.0,0
0.007324888503390147,0.008216099938808959,1905.0,4346.0,1.3288315622309838e-05,3.2707833372912514e-18,0.0,39941.0,0.0,0.0,0
0.007324756282440512,0.008216099938808959,1906.0,4346.0,1.3156094672673845e-05,3.089073151886182e-18,0.0,39941.0,0.0,0.0,0
0.007324625377111308,0.008216099938808959,1907.0,4346.0,1.3025189343469145e-05,1.3770224987727925e-18,0.0,39941.0,0.0,0.0,0
0.00732449577431189,0.008216099938808959,1908.0,4346.0,1.2895586544052651e-05,8.574449373801718e-19,0.0,39941.0,0.0,0.0,0
0.007324367461081876,0.008216099938808959,1909.0,4346.0,1.2767273314037875e-05,1.8738862869897794e-18,0.0,39941.0,0.0,0.0,0
0.00732424042458983,0.008216099938808959,1910.0,4346.0,1.2640236821993064e-05,7.665898446776371e-19,0.0,39941.0,0.0,0.0,0
0.007324114652132003,0.008216099938808959,1911.0,4346.0,1.251446436416422e-05,4.275867800313042e-18,0.0,39941.0,0.0,0.0,0
0.007323990131131038,0.008216099938808959,1912.0,4346.0,1.238994336320121e-05,2.674546791430867e-18,0.0,39941.0,0.0,0.0,0
0.007323866849134737,0.008216099938808959,1913.0,4346.0,1.2266661366898476e-05,2.890327636599387e-18,0.0,39941.0,0.0,0.0,0
0.0073237447938147935,0.008216099938808959,1914.0,4346.0,1.2144606046955026e-05,3.265104893997343e-18,0.0,39941.0,0.0,0.0,0
0.007323623952965572,0.008216099938808959,1915.0,4346.0,1.2023765197737581e-05,2.0101689260435818e-18,0.0,39941.0,0.0,0.0,0
0.007323504314502895,0.008216099938808959,1916.0,4346.0,1.1904126735058986e-05,3.0493240488288232e-18,0.0,39941.0,0.0,0.0,0
0.0073233858664628095,0.008216099938808959,1917.0,4346.0,1.1785678694974148e-05,1.8568509571080542e-18,0.0,39941.0,0.0,0.0,0
0.007323268597000417,0.008216099938808959,1918.0,4346.0,1.1668409232579653e-05,2.390624626735446e-18,0.0,39941.0,0.0,0.0,0
0.007323152494388671,0.008216099938808959,1919.0,4346.0,1.1552306620832949e-05,4.13958516125924e-18,0.0,39941.0,0.0,0.0,0
0.007323037547017212,0.008216099938808959,1920.0,4346.0,1.1437359249375019e-05,2.2912518690920486e-18,0.0,39941.0,0.0,0.0,0
0.007322923743391212,0.008216099938808959,1921.0,4346.0,1.1323555623373233e-05,3.4326189711676417e-18,0.0,39941.0,0.0,0.0,0
0.007322811072130209,0.008216099938808959,1922.0,4346.0,1.1210884362369856e-05,4.5058447537163334e-18,0.0,39941.0,0.0,0.0,0
0.007322699521966985,0.008216099938808959,1923.0,4346.0,1.1099334199145735e-05,1.7546389778177025e-18,0.0,39941.0,0.0,0.0,0
0.0073225890817464265,0.008216099938808959,1924.0,4346.0,1.098889397859126e-05,1.6864976582908015e-18,0.0,39941.0,0.0,0.0,0
0.007322479740424429,0.008216099938808959,1925.0,4346.0,1.0879552656590578e-05,3.963553419148079e-18,0.0,39941.0,0.0,0.0,0
0.007322371487066762,0.008216099938808959,1926.0,4346.0,1.0771299298923269e-05,4.204887259139187e-18,0.0,39941.0,0.0,0.0,0
0.007322264310847997,0.008216099938808959,1927.0,4346.0,1.0664123080161492e-05,-7.751075096184997e-19,0.0,39941.0,0.0,0.0,0
0.007322158201050431,0.008216099938808959,1928.0,4346.0,1.055801328259442e-05,1.785870415934199e-18,0.0,39941.0,0.0,0.0,0
0.007322053147062993,0.008216099938808959,1929.0,4346.0,1.0452959295153944e-05,3.0691986003575025e-18,0.0,39941.0,0.0,0.0,0
0.007321949138380192,0.008216099938808959,1930.0,4346.0,1.0348950612354755e-05,3.361638429993786e-18,0.0,39941.0,0.0,0.0,0
0.007321846164601078,0.008216099938808959,1931.0,4346.0,1.0245976833239826e-05,2.833543203660303e-18,0.0,39941.0,0.0,0.0,0
0.0073217442154281855,0.008216099938808959,1932.0,4346.0,1.0144027660346749e-05,2.793794100602944e-18,0.0,39941.0,0.0,0.0,0
0.007321643280666512,0.008216099938808959,1933.0,4346.0,1.0043092898673673e-05,3.867019883151636e-18,0.0,39941.0,0.0,0.0,0
0.007321543350222495,0.008216099938808959,1934.0,4346.0,9.943162454659382e-06,-5.1389911809871225e-19,0.0,39941.0,0.0,0.0,0
0.007321444414103016,0.008216099938808959,1935.0,4346.0,9.844226335175824e-06,4.5966998464188686e-18,0.0,39941.0,0.0,0.0,0
0.007321346462414369,0.008216099938808959,1936.0,4346.0,9.746274646530056e-06,2.9925396158897387e-18,0.0,39941.0,0.0,0.0,0
0.007321249485361308,0.008216099938808959,1937.0,4346.0,9.64929759347143e-06,2.191879111448651e-18,0.0,39941.0,0.0,0.0,0
0.00732115347324605,0.008216099938808959,1938.0,4346.0,9.553285478212287e-06,3.81591389350646e-18,0.0,39941.0,0.0,0.0,0
0.007321058416467301,0.008216099938808959,1939.0,4346.0,9.45822869946246e-06,2.7625626624864478e-18,0.0,39941.0,0.0,0.0,0
0.007320964305519302,0.008216099938808959,1940.0,4346.0,9.36411775146478e-06,2.044239585807032e-18,0.0,39941.0,0.0,0.0,0
0.00732087113099088,0.008216099938808959,1941.0,4346.0,9.270943223045344e-06,-4.997030098639412e-19,0.0,39941.0,0.0,0.0,0
0.007320778883564514,0.008216099938808959,1942.0,4346.0,9.178695796673286e-06,3.4468150794024127e-18,0.0,39941.0,0.0,0.0,0
0.007320687554015369,0.008216099938808959,1943.0,4346.0,9.087366247531402e-06,2.3281617505024534e-18,0.0,39941.0,0.0,0.0,0
0.007320597133210423,0.008216099938808959,1944.0,4346.0,8.996945442586163e-06,2.228788992859056e-18,0.0,39941.0,0.0,0.0,0
0.007320507612107521,0.008216099938808959,1945.0,4346.0,8.907424339682236e-06,1.0391551227852414e-18,0.0,39941.0,0.0,0.0,0
0.007320418981754472,0.008216099938808959,1946.0,4346.0,8.818793986635764e-06,2.822186317072486e-18,0.0,39941.0,0.0,0.0,0
0.007320331233288177,0.008216099938808959,1947.0,4346.0,8.731045520336666e-06,5.244042381924428e-18,0.0,39941.0,0.0,0.0,0
0.007320244357933705,0.008216099938808959,1948.0,4346.0,8.644170165866553e-06,2.580852477081378e-18,0.0,39941.0,0.0,0.0,0
0.007320158347003453,0.008216099938808959,1949.0,4346.0,8.558159235615416e-06,1.4309677100649225e-18,0.0,39941.0,0.0,0.0,0
0.007320073191896258,0.008216099938808959,1950.0,4346.0,8.473004128419811e-06,2.731331224369951e-18,0.0,39941.0,0.0,0.0,0
0.007319988884096538,0.008216099938808959,1951.0,4346.0,8.388696328698036e-06,4.593860624771914e-18,0.0,39941.0,0.0,0.0,0
0.007319905415173436,0.008216099938808959,1952.0,4346.0,8.305227405600245e-06,1.533179689355274e-19,0.0,39941.0,0.0,0.0,0
0.0073198227767800024,0.008216099938808959,1953.0,4346.0,8.222589012163083e-06,4.520040861951105e-18,0.0,39941.0,0.0,0.0,0
0.007319740960652317,0.008216099938808959,1954.0,4346.0,8.140772884479713e-06,2.4133383999110796e-18,0.0,39941.0,0.0,0.0,0
0.007319659958608705,0.008216099938808959,1955.0,4346.0,8.059770840869263e-06,-6.019149891542928e-19,0.0,39941.0,0.0,0.0,0
0.007319579762548897,0.008216099938808959,1956.0,4346.0,7.979574781059156e-06,2.404820734970217e-18,0.0,39941.0,0.0,0.0,0
0.007319500364453214,0.008216099938808959,1957.0,4346.0,7.900176685375896e-06,2.066953358982666e-18,0.0,39941.0,0.0,0.0,0
0.007319421756381783,0.008216099938808959,1958.0,4346.0,7.821568613945705e-06,-5.678443293908423e-20,0.0,39941.0,0.0,0.0,0
0.007319343930473733,0.008216099938808959,1959.0,4346.0,7.74374270589448e-06,1.4082539368892889e-18,0.0,39941.0,0.0,0.0,0
0.007319266878946404,0.008216099938808959,1960.0,4346.0,7.66669117856761e-06,1.0050844630217909e-18,0.0,39941.0,0.0,0.0,0
0.007319190594094585,0.008216099938808959,1961.0,4346.0,7.590406326746752e-06,2.9613081777732425e-18,0.0,39941.0,0.0,0.0,0
0.007319115068289723,0.008216099938808959,1962.0,4346.0,7.514880521884927e-06,2.004490482749673e-18,0.0,39941.0,0.0,0.0,0
0.007319040293979176,0.008216099938808959,1963.0,4346.0,7.4401062113364516e-06,2.702939007900409e-18,0.0,39941.0,0.0,0.0,0
0.0073189662636854455,0.008216099938808959,1964.0,4346.0,7.366075917609964e-06,6.217895406829723e-19,0.0,39941.0,0.0,0.0,0
0.0073188929700054505,0.008216099938808959,1965.0,4346.0,7.292782237613364e-06,3.4610111876371837e-18,0.0,39941.0,0.0,0.0,0
0.007318820405609757,0.008216099938808959,1966.0,4346.0,7.220217841918106e-06,5.394521129213002e-18,0.0,39941.0,0.0,0.0,0
0.00731874856324186,0.008216099938808959,1967.0,4346.0,7.148375474023569e-06,4.5427546351267383e-20,0.0,39941.0,0.0,0.0,0
0.00731867743571747,0.008216099938808959,1968.0,4346.0,7.077247949633483e-06,1.0845826691365088e-18,0.0,39941.0,0.0,0.0,0
0.007318607015923774,0.008216099938808959,1969.0,4346.0,7.006828155936715e-06,1.0561904526669666e-18,0.0,39941.0,0.0,0.0,0
0.007318537296818731,0.008216099938808959,1970.0,4346.0,6.937109050894481e-06,1.8227802973446035e-18,0.0,39941.0,0.0,0.0,0
0.007318468271430375,0.008216099938808959,1971.0,4346.0,6.86808366253732e-06,1.8540117354611e-18,0.0,39941.0,0.0,0.0,0
0.0073183999328561055,0.008216099938808959,1972.0,4346.0,6.799745088270236e-06,-1.652426998527351e-18,0.0,39941.0,0.0,0.0,0
0.007318332274262016,0.008216099938808959,1973.0,4346.0,6.73208649417907e-06,4.474613315599837e-18,0.0,39941.0,0.0,0.0,0
0.007318265288882183,0.008216099938808959,1974.0,4346.0,6.665101114346589e-06,1.033476679491333e-18,0.0,39941.0,0.0,0.0,0
0.007318198970018016,0.008216099938808959,1975.0,4346.0,6.5987822501805705e-06,-1.328755730774571e-18,0.0,39941.0,0.0,0.0,0
0.007318133311037577,0.008216099938808959,1976.0,4346.0,6.533123269738154e-06,3.3900306464633282e-18,0.0,39941.0,0.0,0.0,0
0.007318068305374905,0.008216099938808959,1977.0,4346.0,6.468117607067004e-06,9.483000300827066e-19,0.0,39941.0,0.0,0.0,0
0.007318003946529384,0.008216099938808959,1978.0,4346.0,6.403758761547079e-06,5.735227726847507e-19,0.0,39941.0,0.0,0.0,0
0.00731794022806508,0.008216099938808959,1979.0,4346.0,6.340040297238926e-06,4.565468408302372e-18,0.0,39941.0,0.0,0.0,0
0.007317877143610081,0.008216099938808959,1980.0,4346.0,6.276955842244558e-06,2.214592884624285e-19,0.0,39941.0,0.0,0.0,0
0.007317814686855904,0.008216099938808959,1981.0,4346.0,6.214499088065195e-06,1.8625294004019625e-18,0.0,39941.0,0.0,0.0,0
0.007317752851556812,0.008216099938808959,1982.0,4346.0,6.152663788973324e-06,4.556950743361509e-18,0.0,39941.0,0.0,0.0,0
0.007317691631529225,0.008216099938808959,1983.0,4346.0,6.091443761388133e-06,4.278707021959996e-18,0.0,39941.0,0.0,0.0,0
0.0073176310206510935,0.008216099938808959,1984.0,4346.0,6.030832883253862e-06,6.649457097166763e-18,0.0,39941.0,0.0,0.0,0
0.007317571012861273,0.008216099938808959,1985.0,4346.0,5.970825093434825e-06,3.302014775407748e-18,0.0,39941.0,0.0,0.0,0
0.007317511602158937,0.008216099938808959,1986.0,4346.0,5.911414391100674e-06,6.416640922116518e-19,0.0,39941.0,0.0,0.0,0
0.007317452782602967,0.008216099938808959,1987.0,4346.0,5.852594835131423e-06,1.2293829731311736e-18,0.0,39941.0,0.0,0.0,0
0.0073173945483113595,0.008216099938808959,1988.0,4346.0,5.7943605435230925e-06,1.6751407717029846e-18,0.0,39941.0,0.0,0.0,0
0.007317336893460636,0.008216099938808959,1989.0,4346.0,5.736705692797725e-06,2.4246952864988965e-18,0.0,39941.0,0.0,0.0,0
0.007317279812285261,0.008216099938808959,1990.0,4346.0,5.6796245174226835e-06,2.4644443895562554e-18,0.0,39941.0,0.0,0.0,0
0.007317223299077069,0.008216099938808959,1991.0,4346.0,5.623111309232003e-06,1.6978545448786184e-18,0.0,39941.0,0.0,0.0,0
0.007317167348184695,0.008216099938808959,1992.0,4346.0,5.567160416858468e-06,3.0493240488288232e-18,0.0,39941.0,0.0,0.0,0
0.007317111954013002,0.008216099938808959,1993.0,4346.0,5.511766245165191e-06,1.3344341740684794e-18,0.0,39941.0,0.0,0.0,0
0.007317057111022526,0.008216099938808959,1994.0,4346.0,5.456923254689756e-06,6.643778653872855e-19,0.0,39941.0,0.0,0.0,0
0.007317002813728923,0.008216099938808959,1995.0,4346.0,5.402625961088537e-06,-4.400793552779028e-19,0.0,39941.0,0.0,0.0,0
0.007316949056702421,0.008216099938808959,1996.0,4346.0,5.348868934584325e-06,1.7035329881725268e-19,0.0,39941.0,0.0,0.0,0
0.007316895834567267,0.008216099938808959,1997.0,4346.0,5.29564679943105e-06,1.916474611694093e-18,0.0,39941.0,0.0,0.0,0
0.00731684314200121,0.008216099938808959,1998.0,4346.0,5.2429542333711325e-06,2.620601580138737e-18,0.0,39941.0,0.0,0.0,0
0.00731679097373494,0.008216099938808959,1999.0,4346.0,5.190785967103933e-06,3.0550024921227315e-18,0.0,39941.0,0.0,0.0,0
0.0073167393245515975,0.008216099938808959,2000.0,4346.0,5.139136783758123e-06,4.7869276967648006e-18,0.0,39941.0,0.0,0.0,0
0.0073166881892862135,0.008216099938808959,2001.0,4346.0,5.088001518374338e-06,4.0402124036158425e-18,0.0,39941.0,0.0,0.0,0
0.00731663756282522,0.008216099938808959,2002.0,4346.0,5.037375057382376e-06,2.3168048639146365e-18,0.0,39941.0,0.0,0.0,0
0.007316587440105929,0.008216099938808959,2003.0,4346.0,4.9872523380932806e-06,5.11059896451758e-19,0.0,39941.0,0.0,0.0,0
0.007316537816116033,0.008216099938808959,2004.0,4346.0,4.93762834819484e-06,2.7852764356620816e-18,0.0,39941.0,0.0,0.0,0
0.007316488685893085,0.008216099938808959,2005.0,4346.0,4.888498125245384e-06,1.4934305862979152e-18,0.0,39941.0,0.0,0.0,0
0.007316488685893085,0.008216099938808959,2005.0,4346.0,4.888498125245384e-06,1.4934305862979152e-18,0.0,39941.0,0.0,0.0,0
