Total_strain,Slip_strain,Time,Slip Count,Creep,Elastic,Hygroexp,Number_of_fibers,Load,Moisture,Broken
0.0,0.0,0.0,0.0,0.0,0.0,0.0,40000.0,0.0,0.0,0
0.0,0.0,5.0,0.0,0.0,0.0,0.0,40000.0,0.0,0.0,0
0.9179088287202172,0.019901197378407794,5.0,1825.0,0.0,0.8981972079062125,0.0,39985.0,0.7526973278649983,0.0,0
0.9179088287202172,0.019901197378407794,5.0,1825.0,0.0,0.8981972079062125,0.0,39985.0,0.7526973278649983,0.0,0
0.9657136470680688,0.022769578679866793,6.0,2000.0,0.044938780614396066,0.8982421368614139,0.0,39983.0,0.7526973278649983,0.0,0
0.9813422767571915,0.023745384743150955,7.0,2060.0,0.05959364532647264,0.8982646030246086,0.0,39982.0,0.7526973278649983,0.0,0
0.9915313876532965,0.02468499989695319,8.0,2114.0,0.06884531998692793,0.898287070311646,0.0,39981.0,0.7526973278649983,0.0,0
0.9990743229805988,0.02526376014723223,9.0,2146.0,0.07580949506395111,0.8982870703116458,0.0,39981.0,0.7526973278649983,0.0,0
1.005293678231496,0.025631209834693705,10.0,2163.0,0.08166396919750592,0.8983095387226094,0.0,39980.0,0.7526973278649983,0.0,0
1.0107186545219582,0.025858063625932026,11.0,2177.0,0.08686209169672976,0.898309538722609,0.0,39980.0,0.7526973278649983,0.0,0
1.0158726727938399,0.02627835552051415,12.0,2199.0,0.09159872966532857,0.8983320082575833,0.0,39979.0,0.7526973278649983,0.0,0
1.0205606135712721,0.0266046647186144,13.0,2217.0,0.09596036124466067,0.8983320082575829,0.0,39979.0,0.7526973278649983,0.0,0
1.024836847356993,0.02684023614571376,14.0,2229.0,0.10000102360328217,0.8983320082575831,0.0,39979.0,0.7526973278649983,0.0,0
1.0288606648207266,0.02710837959218109,15.0,2245.0,0.10375669762054836,0.8983320082575834,0.0,39979.0,0.7526973278649983,0.0,0
1.0326344148961895,0.027382974464339453,16.0,2261.0,0.10725585282385276,0.8983320082575832,0.0,39979.0,0.7526973278649983,0.0,0
1.0362802530457031,0.027762615341480217,17.0,2281.0,0.11052543858348371,0.8983544789166524,0.0,39978.0,0.7526973278649983,0.0,0
1.0395656207836212,0.02799179982412816,18.0,2295.0,0.11358162183875399,0.8983544789166521,0.0,39978.0,0.7526973278649983,0.0,0
1.0425969837600473,0.028158662813917962,19.0,2309.0,0.11644612182538984,0.8983544789166525,0.0,39978.0,0.7526973278649983,0.0,0
1.0455357472412463,0.028407291732405183,20.0,2322.0,0.11913625638810175,0.8983544789166524,0.0,39978.0,0.7526973278649983,0.0,0
1.0482313903759939,0.02857153196665715,21.0,2330.0,0.12166765928859748,0.8983544789166521,0.0,39978.0,0.7526973278649983,0.0,0
1.0508141829380993,0.028767509162051442,22.0,2341.0,0.12405447465530874,0.8983544789166521,0.0,39978.0,0.7526973278649983,0.0,0
1.05343869419692,0.0291369890917214,23.0,2358.0,0.12630950598445934,0.8983544789166523,0.0,39978.0,0.7526973278649983,0.0,0
1.0557209035568966,0.029284358113716047,24.0,2365.0,0.1284443463224414,0.8983544789166522,0.0,39978.0,0.7526973278649983,0.0,0
1.05783910027197,0.029377406797420673,25.0,2370.0,0.13046949435380994,0.8983544789166525,0.0,39978.0,0.7526973278649983,0.0,0
1.0599273467607147,0.02954148165237108,26.0,2380.0,0.13239766821265933,0.8983769506999006,0.0,39977.0,0.7526973278649983,0.0,0
1.0619050540080155,0.029685709287796985,27.0,2388.0,0.13423114782453444,0.8983769506999009,0.0,39977.0,0.7526973278649983,0.0,0
1.0638640420564713,0.029895016838918972,28.0,2400.0,0.1359808283218683,0.8983769506999006,0.0,39977.0,0.7526973278649983,0.0,0
1.0656227326698142,0.02998073271840364,29.0,2404.0,0.1376538030557265,0.8983769506999004,0.0,39977.0,0.7526973278649983,0.0,0
1.0672819573307795,0.03003727996639105,30.0,2408.0,0.13925648046870434,0.8983769506999006,0.0,39977.0,0.7526973278649983,0.0,0
1.0689067329567181,0.030123869573169194,31.0,2415.0,0.1407946664878649,0.8983769506999008,0.0,39977.0,0.7526973278649983,0.0,0
1.0705926448824028,0.03033082522555799,32.0,2425.0,0.14227362276116076,0.8983769506999009,0.0,39977.0,0.7526973278649983,0.0,0
1.0722175303600059,0.030531214736265598,33.0,2433.0,0.14369811872805616,0.8983769506999011,0.0,39977.0,0.7526973278649983,0.0,0
1.0737164922267552,0.030655816824812044,34.0,2439.0,0.14507247850625904,0.8983769506999004,0.0,39977.0,0.7526973278649983,0.0,0
1.0752406393720588,0.030851819243383757,35.0,2450.0,0.14640062323299105,0.8983769506999006,0.0,39977.0,0.7526973278649983,0.0,0
1.076626686522878,0.030952380280456986,36.0,2456.0,0.1476861093467368,0.8983769506999009,0.0,39977.0,0.7526973278649983,0.0,0
1.077980505558898,0.0310601454477967,37.0,2460.0,0.14893216321541736,0.8983769506999008,0.0,39977.0,0.7526973278649983,0.0,0
1.07925341213466,0.031123502773085475,38.0,2464.0,0.15014171246589028,0.8983769506999005,0.0,39977.0,0.7526973278649983,0.0,0
1.08048604876667,0.031180437539650153,39.0,2467.0,0.15131741433133575,0.8983769506999009,0.0,39977.0,0.7526973278649983,0.0,0
1.081658250946778,0.031209266118314517,40.0,2469.0,0.15246537953583522,0.8983994236074123,0.0,39976.0,0.7526973278649983,0.0,0
1.0829251609424044,0.03136108508399,41.0,2476.0,0.15358047056578633,0.8983994236074122,0.0,39976.0,0.7526973278649983,0.0,0
1.084245664290444,0.031593780327349594,42.0,2487.0,0.15466827867046595,0.8983994236074124,0.0,39976.0,0.7526973278649983,0.0,0
1.0853505382535422,0.03163629639799317,43.0,2490.0,0.15573063656292085,0.8983994236074121,0.0,39976.0,0.7526973278649983,0.0,0
1.0864316912744516,0.03167889420351565,44.0,2494.0,0.15676919177830761,0.8983994236074121,0.0,39976.0,0.7526973278649983,0.0,0
1.0875554467673272,0.03178640023205684,45.0,2499.0,0.157785441242642,0.8983994236074121,0.0,39976.0,0.7526973278649983,0.0,0
1.088608759210693,0.03184440740660095,46.0,2502.0,0.1587807465114637,0.8983994236074122,0.0,39976.0,0.7526973278649983,0.0,0
1.0896116081187732,0.031871655888783525,47.0,2503.0,0.1597563469373614,0.8983994236074123,0.0,39976.0,0.7526973278649983,0.0,0
1.0906109647586173,0.031913988109279035,48.0,2506.0,0.16071337135670993,0.8983994236074121,0.0,39976.0,0.7526973278649983,0.0,0
1.0916263480449335,0.03198989417134574,49.0,2510.0,0.16165284858095952,0.8983994236074122,0.0,39976.0,0.7526973278649983,0.0,0
1.092671538219065,0.03211221606706958,50.0,2515.0,0.1625757168593672,0.8983994236074121,0.0,39976.0,0.7526973278649983,0.0,0
1.0936369336763745,0.03217049595315678,51.0,2518.0,0.16348283243058936,0.8983994236074122,0.0,39976.0,0.7526973278649983,0.0,0
1.0946039964104983,0.032245413860843807,52.0,2523.0,0.16437497725702616,0.8983994236074124,0.0,39976.0,0.7526973278649983,0.0,0
1.0955625828698823,0.03232611155492798,53.0,2528.0,0.16525286602232594,0.8983994236074121,0.0,39976.0,0.7526973278649983,0.0,0
1.0964947984086435,0.03239404065287768,54.0,2531.0,0.16611715246313755,0.8983994236074121,0.0,39976.0,0.7526973278649983,0.0,0
1.0973794866744824,0.032427446283040215,55.0,2533.0,0.16696843509881398,0.898399423607412,0.0,39976.0,0.7526973278649983,0.0,0
1.0983472560675622,0.032556388358449026,56.0,2539.0,0.16780726241648486,0.8983994236074124,0.0,39976.0,0.7526973278649983,0.0,0
1.0992291134081578,0.03261137055215939,57.0,2541.0,0.16863413756337012,0.8983994236074124,0.0,39976.0,0.7526973278649983,0.0,0
1.1001760158808067,0.03274288799494435,58.0,2547.0,0.16944952259323398,0.8983994236074121,0.0,39976.0,0.7526973278649983,0.0,0
1.1009839483560817,0.03274650075404121,59.0,2548.0,0.17025384230941218,0.8983994236074122,0.0,39976.0,0.7526973278649983,0.0,0
1.1018356451027265,0.03280455206730223,60.0,2551.0,0.17104748774279607,0.8983994236074124,0.0,39976.0,0.7526973278649983,0.0,0
1.10270133594291,0.032887851728494163,61.0,2556.0,0.17183498213823528,0.8984218976392722,0.0,39975.0,0.7526973278649983,0.0,0
1.1035898714229944,0.03300297573470337,62.0,2562.0,0.17260839361211033,0.8984218976392724,0.0,39975.0,0.7526973278649983,0.0,0
1.1044117653741286,0.033061161810352645,63.0,2565.0,0.17337210148759527,0.8984218976392725,0.0,39975.0,0.7526973278649983,0.0,0
1.105182230837134,0.033077314025873786,64.0,2567.0,0.1741264147350793,0.8984218976392727,0.0,39975.0,0.7526973278649983,0.0,0
1.1059634659494588,0.033113363671259576,65.0,2569.0,0.17487160020201858,0.8984218976392724,0.0,39975.0,0.7526973278649983,0.0,0
1.106829696899287,0.03324329081787186,66.0,2575.0,0.1756079040052345,0.8984218976392724,0.0,39975.0,0.7526973278649983,0.0,0
1.1075910575136287,0.03327700098294063,67.0,2577.0,0.17633555445450735,0.8984218976392727,0.0,39975.0,0.7526973278649983,0.0,0
1.108387338080044,0.033354071945972175,68.0,2581.0,0.17705476405789097,0.8984218976392724,0.0,39975.0,0.7526973278649983,0.0,0
1.1091392754170648,0.033395042239522936,69.0,2583.0,0.17776573110136104,0.8984218976392724,0.0,39975.0,0.7526973278649983,0.0,0
1.1098421853078362,0.033395042239522936,70.0,2583.0,0.1784686409921324,0.8984218976392724,0.0,39975.0,0.7526973278649983,0.0,0
1.1106204437218554,0.03347827420279521,71.0,2588.0,0.1791636674428793,0.8984218976392726,0.0,39975.0,0.7526973278649983,0.0,0
1.111383777717918,0.03355430210960031,72.0,2593.0,0.1798509735321369,0.8984218976392723,0.0,39975.0,0.7526973278649983,0.0,0
1.1121515529290031,0.0336423381927533,73.0,2597.0,0.1805307126600691,0.8984218976392728,0.0,39975.0,0.7526973278649983,0.0,0
1.112894773500389,0.033713242011927345,74.0,2602.0,0.1812030294122807,0.8984218976392724,0.0,39975.0,0.7526973278649983,0.0,0
1.1136758044666952,0.033829242049091414,75.0,2607.0,0.18186806034142322,0.898421897639272,0.0,39975.0,0.7526973278649983,0.0,0
1.1143769497572522,0.03387251300629447,76.0,2610.0,0.18252593467477699,0.8984218976392728,0.0,39975.0,0.7526973278649983,0.0,0
1.1150556682981347,0.03390039126696682,77.0,2611.0,0.18317677495498697,0.8984218976392726,0.0,39975.0,0.7526973278649983,0.0,0
1.1158614544303898,0.03406225473385181,78.0,2619.0,0.18382069762035722,0.8984218976392724,0.0,39975.0,0.7526973278649983,0.0,0
1.1165349726437273,0.034098657037079955,79.0,2621.0,0.1844578135304667,0.8984218976392724,0.0,39975.0,0.7526973278649983,0.0,0
1.1172467366075383,0.0341800060890441,80.0,2626.0,0.18508822844231357,0.8984218976392722,0.0,39975.0,0.7526973278649983,0.0,0
1.117926469112275,0.03423592359440299,81.0,2628.0,0.18571204344169126,0.8984218976392726,0.0,39975.0,0.7526973278649983,0.0,0
1.1185617604466709,0.034253903036438084,82.0,2630.0,0.18632935533405204,0.8984218976392726,0.0,39975.0,0.7526973278649983,0.0,0
1.1191860187946705,0.03426725971978027,83.0,2631.0,0.18694025699870945,0.898421897639273,0.0,39975.0,0.7526973278649983,0.0,0
1.119883108103623,0.034359768317580607,84.0,2635.0,0.1875448377098617,0.8984218976392722,0.0,39975.0,0.7526973278649983,0.0,0
1.120560625049973,0.03443893954620236,85.0,2640.0,0.18814318342758973,0.8984218976392725,0.0,39975.0,0.7526973278649983,0.0,0
1.1211808580783318,0.03446697894047013,86.0,2641.0,0.1887353770616809,0.8984218976392726,0.0,39975.0,0.7526973278649983,0.0,0
1.1218114167814721,0.03451141599443237,87.0,2644.0,0.18932149871085902,0.8984218976392726,0.0,39975.0,0.7526973278649983,0.0,0
1.1226038292234362,0.03472370126749751,88.0,2654.0,0.18990162587975803,0.8984218976392726,0.0,39975.0,0.7526973278649983,0.0,0
1.1232476326193093,0.03479329686737978,89.0,2657.0,0.19047583367574877,0.8984218976392726,0.0,39975.0,0.7526973278649983,0.0,0
1.1238501995373251,0.03482750247360977,90.0,2659.0,0.19104419498753453,0.8984218976392726,0.0,39975.0,0.7526973278649983,0.0,0
1.1244408990603447,0.034855616336920414,91.0,2660.0,0.19160678064724357,0.8984218976392728,0.0,39975.0,0.7526973278649983,0.0,0
1.1249977779906846,0.034855616336920414,92.0,2660.0,0.19216365957758352,0.8984218976392722,0.0,39975.0,0.7526973278649983,0.0,0
1.12559059857349,0.034897197571832614,93.0,2662.0,0.19271489892547686,0.8984218976392719,0.0,39975.0,0.7526973278649983,0.0,0
1.1262807805530428,0.03504171429340591,94.0,2668.0,0.1932605641834563,0.8984218976392726,0.0,39975.0,0.7526973278649983,0.0,0
1.1268234435774624,0.03504422220129957,95.0,2669.0,0.1938007192999822,0.8984218976392722,0.0,39975.0,0.7526973278649983,0.0,0
1.1274301127302258,0.03511618387431471,96.0,2673.0,0.19433542677973034,0.8984218976392722,0.0,39975.0,0.7526973278649983,0.0,0
1.1279876472668107,0.035144397415829795,97.0,2674.0,0.19486474777480012,0.8984218976392723,0.0,39975.0,0.7526973278649983,0.0,0
1.1285153441005278,0.035148099856643654,98.0,2675.0,0.1953887421677033,0.8984218976392727,0.0,39975.0,0.7526973278649983,0.0,0
1.1290623023533424,0.03517633163025184,99.0,2676.0,0.1959074686469099,0.8984218976392722,0.0,39975.0,0.7526973278649983,0.0,0
1.1296261343631817,0.03522664751134583,100.0,2679.0,0.19642098477565506,0.8984218976392726,0.0,39975.0,0.7526973278649983,0.0,0
1.1302499406218325,0.03534209149100649,101.0,2685.0,0.19692934705464513,0.8984218976392728,0.0,39975.0,0.7526973278649983,0.0,0
1.1307814869481354,0.035370373892718424,102.0,2686.0,0.19743261097923626,0.8984218976392722,0.0,39975.0,0.7526973278649983,0.0,0
1.1313589696719004,0.0354496365041084,103.0,2691.0,0.19793083109161122,0.8984218976392728,0.0,39975.0,0.7526973278649983,0.0,0
1.1318583431681788,0.03545578006357689,104.0,2692.0,0.1984240610284212,0.8984218976392723,0.0,39975.0,0.7526973278649983,0.0,0
1.1323552320711452,0.035464376430639794,105.0,2693.0,0.19891235356432468,0.8984218976392725,0.0,39975.0,0.7526973278649983,0.0,0
1.1328386391586258,0.035464376430639794,106.0,2693.0,0.19939576065180534,0.8984218976392723,0.0,39975.0,0.7526973278649983,0.0,0
1.133396030823646,0.03554319528984306,107.0,2697.0,0.1998743334576222,0.8984218976392723,0.0,39975.0,0.7526973278649983,0.0,0
1.1339930521664456,0.03566642769405876,108.0,2703.0,0.20034812239620609,0.8984218976392724,0.0,39975.0,0.7526973278649983,0.0,0
1.1345323971667052,0.035736717930234224,109.0,2706.0,0.20081717716029038,0.8984218976392722,0.0,39975.0,0.7526973278649983,0.0,0
1.135010315276682,0.03575026645146807,110.0,2707.0,0.20128154674903306,0.8984218976392723,0.0,39975.0,0.7526973278649983,0.0,0
1.1354718719407848,0.0357520903707354,111.0,2708.0,0.20174127949386844,0.898421897639273,0.0,39975.0,0.7526973278649983,0.0,0
1.1359331808429998,0.03575825568452323,112.0,2709.0,0.20219642308229566,0.8984218976392726,0.0,39975.0,0.7526973278649983,0.0,0
1.1364406260113924,0.035815099355410496,113.0,2711.0,0.2026470245798012,0.8984218976392728,0.0,39975.0,0.7526973278649983,0.0,0
1.1368867318816762,0.035815099355410496,114.0,2711.0,0.20309313045008498,0.8984218976392726,0.0,39975.0,0.7526973278649983,0.0,0
1.13735683119194,0.03584354254200769,115.0,2712.0,0.20353478657375143,0.8984218976392728,0.0,39975.0,0.7526973278649983,0.0,0
1.1378645750662013,0.035914034724417385,116.0,2715.0,0.20397203826560317,0.8984218976392725,0.0,39975.0,0.7526973278649983,0.0,0
1.138354403766395,0.03597097139954278,117.0,2717.0,0.20440493029067142,0.8984218976392724,0.0,39975.0,0.7526973278649983,0.0,0
1.138825059482173,0.0360130505268964,118.0,2719.0,0.20483350687909582,0.8984218976392728,0.0,39975.0,0.7526973278649983,0.0,0
1.139300108562993,0.036063794746851306,119.0,2722.0,0.20525781173996097,0.8984218976392726,0.0,39975.0,0.7526973278649983,0.0,0
1.1397201848972174,0.036063794746851306,120.0,2722.0,0.20567788807418524,0.8984218976392728,0.0,39975.0,0.7526973278649983,0.0,0
1.1401931062708475,0.03612082560811857,121.0,2724.0,0.20609377858654815,0.8984218976392726,0.0,39975.0,0.7526973278649983,0.0,0
1.1406419791282076,0.03615795155509215,122.0,2728.0,0.20650552549693477,0.8984218976392725,0.0,39975.0,0.7526973278649983,0.0,0
1.1410806982654218,0.036189025638373375,123.0,2730.0,0.20691317055086772,0.8984218976392725,0.0,39975.0,0.7526973278649983,0.0,0
1.1415550017240192,0.03625974461844718,124.0,2733.0,0.2073167550293912,0.8984218976392726,0.0,39975.0,0.7526973278649983,0.0,0
1.141996756160636,0.036301934326089344,125.0,2735.0,0.20771631975836582,0.8984218976392724,0.0,39975.0,0.7526973278649983,0.0,0
1.1424209174601616,0.03633051026675554,126.0,2736.0,0.20811190511722533,0.8984218976392725,0.0,39975.0,0.7526973278649983,0.0,0
1.1428193713196477,0.03633731819622132,127.0,2738.0,0.2085035510472456,0.8984218976392727,0.0,39975.0,0.7526973278649983,0.0,0
1.143240435760267,0.03637063662472209,128.0,2740.0,0.2088912970593642,0.8984218976392724,0.0,39975.0,0.7526973278649983,0.0,0
1.1436330029766846,0.03637931865890722,129.0,2741.0,0.2092751822415965,0.8984218976392727,0.0,39975.0,0.7526973278649983,0.0,0
1.14408395749645,0.036450210154192864,130.0,2744.0,0.20965524526607643,0.8984218976392725,0.0,39975.0,0.7526973278649983,0.0,0
1.144546118783644,0.036536092311702975,131.0,2747.0,0.21003152439576048,0.8984218976392719,0.0,39975.0,0.7526973278649983,0.0,0
1.144918651878702,0.036536092311702975,132.0,2747.0,0.21040405749081817,0.8984218976392728,0.0,39975.0,0.7526973278649983,0.0,0
1.1452922145114948,0.03654083042057349,133.0,2748.0,0.21077288201474043,0.8984218976392726,0.0,39975.0,0.7526973278649983,0.0,0
1.1457146821701076,0.03659814505374078,134.0,2750.0,0.21113803504018622,0.8984218976392725,0.0,39975.0,0.7526973278649983,0.0,0
1.1462332140456897,0.036755158714919064,135.0,2756.0,0.21149955325458994,0.8984218976392723,0.0,39975.0,0.7526973278649983,0.0,0
1.1466335040830238,0.03679752904129236,136.0,2758.0,0.21185747296555069,0.8984218976392726,0.0,39975.0,0.7526973278649983,0.0,0
1.1470165500149812,0.03682621783278166,137.0,2759.0,0.21221183010601866,0.8984218976392727,0.0,39975.0,0.7526973278649983,0.0,0
1.1473689696169809,0.03682780730150404,138.0,2760.0,0.21256266023929607,0.8984218976392722,0.0,39975.0,0.7526973278649983,0.0,0
1.1477450160119673,0.0368565153719182,139.0,2761.0,0.21290999856386847,0.8984218976392722,0.0,39975.0,0.7526973278649983,0.0,0
1.1480910555512098,0.036858673556952694,140.0,2762.0,0.21325387991807637,0.8984218976392729,0.0,39975.0,0.7526973278649983,0.0,0
1.1485052342683018,0.0369323934074781,141.0,2766.0,0.21359433878464304,0.8984218976392722,0.0,39975.0,0.7526973278649983,0.0,0
1.1488710368257693,0.03696112545452272,142.0,2767.0,0.21393140929506588,0.8984218976392724,0.0,39975.0,0.7526973278649983,0.0,0
1.1492334976470668,0.03698987033700193,143.0,2768.0,0.21426512523388416,0.8984218976392728,0.0,39975.0,0.7526973278649983,0.0,0
1.1496050641818603,0.03703104206284985,144.0,2771.0,0.21459552004282953,0.8984218976392723,0.0,39975.0,0.7526973278649983,0.0,0
1.1499321709639012,0.03703104206284985,145.0,2771.0,0.21492262682487062,0.8984218976392724,0.0,39975.0,0.7526973278649983,0.0,0
1.1502655393959138,0.03704055897157867,146.0,2773.0,0.21524647834815439,0.8984218976392728,0.0,39975.0,0.7526973278649983,0.0,0
1.1506198862672659,0.03707427714122857,147.0,2776.0,0.21556710704985654,0.8984218976392722,0.0,39975.0,0.7526973278649983,0.0,0
1.1509748514456537,0.0371118043295297,148.0,2778.0,0.21588454503994328,0.8984218976392722,0.0,39975.0,0.7526973278649983,0.0,0
1.151317925130744,0.037140598949713256,149.0,2779.0,0.21619882410485006,0.8984218976392725,0.0,39975.0,0.7526973278649983,0.0,0
1.1516378190932122,0.03714934130594607,150.0,2780.0,0.21650997571108532,0.8984218976392727,0.0,39975.0,0.7526973278649983,0.0,0
1.1519884346555003,0.03719190157055912,151.0,2782.0,0.21681803100876038,0.8984218976392722,0.0,39975.0,0.7526973278649983,0.0,0
1.152322248085806,0.03722072517457314,152.0,2783.0,0.21712302083505206,0.8984218976392723,0.0,39975.0,0.7526973278649983,0.0,0
1.1526530317560475,0.03724955396226698,153.0,2784.0,0.21742497571759975,0.8984218976392726,0.0,39975.0,0.7526973278649983,0.0,0
1.1529519819162914,0.03724955396226698,154.0,2784.0,0.21772392587784364,0.8984218976392726,0.0,39975.0,0.7526973278649983,0.0,0
1.153248855570968,0.03725155367024849,155.0,2785.0,0.218025179320148,0.8984443727955652,0.0,39974.0,0.7526973278649983,0.0,0
1.1535450235288596,0.03725464069252602,156.0,2786.0,0.2183182602557622,0.8984443727955649,0.0,39974.0,0.7526973278649983,0.0,0
1.1538777978082124,0.03729727995512928,157.0,2788.0,0.21860839527251177,0.8984443727955652,0.0,39974.0,0.7526973278649983,0.0,0
1.1541939091854339,0.037326148522353345,158.0,2789.0,0.21889563808250917,0.8984443727955654,0.0,39974.0,0.7526973278649983,0.0,0
1.1544782916090173,0.037326148522353345,159.0,2789.0,0.21918002050609245,0.8984443727955652,0.0,39974.0,0.7526973278649983,0.0,0
1.1548313989639978,0.03739770422965019,160.0,2792.0,0.2194615721537761,0.8984443727955653,0.0,39974.0,0.7526973278649983,0.0,0
1.1551101484525896,0.03739770422965019,161.0,2792.0,0.2197403216423683,0.8984443727955652,0.0,39974.0,0.7526973278649983,0.0,0
1.1553861238543772,0.03739770422965019,162.0,2792.0,0.2200162970441559,0.8984443727955644,0.0,39974.0,0.7526973278649983,0.0,0
1.1557460729248343,0.037484424290083286,163.0,2795.0,0.22028952605417973,0.8984443727955652,0.0,39974.0,0.7526973278649983,0.0,0
1.1560744130491505,0.037542254414824075,164.0,2797.0,0.220560036053755,0.8984443727955658,0.0,39974.0,0.7526973278649983,0.0,0
1.1564026518969388,0.03760267518058358,165.0,2800.0,0.2208278541357839,0.8984443727955655,0.0,39974.0,0.7526973278649983,0.0,0
1.156696737262603,0.0376316075660595,166.0,2801.0,0.22109300711597205,0.8984443727955652,0.0,39974.0,0.7526973278649983,0.0,0
1.1569592516854537,0.0376316075660595,167.0,2801.0,0.22135552153882285,0.8984443727955651,0.0,39974.0,0.7526973278649983,0.0,0
1.1572770424019188,0.037689496139670084,168.0,2803.0,0.22161542368167736,0.8984443727955654,0.0,39974.0,0.7526973278649983,0.0,0
1.157592269354911,0.03774740721633799,169.0,2805.0,0.22187273955800185,0.8984443727955651,0.0,39974.0,0.7526973278649983,0.0,0
1.1579187707990013,0.037819153298062395,170.0,2808.0,0.22212749492036762,0.898444372795565,0.0,39974.0,0.7526973278649983,0.0,0
1.158199964056718,0.03784812621285809,171.0,2809.0,0.22237971526328873,0.898444372795565,0.0,39974.0,0.7526973278649983,0.0,0
1.1584496746194086,0.03784812621285809,172.0,2809.0,0.22262942582597936,0.8984443727955648,0.0,39974.0,0.7526973278649983,0.0,0
1.1586969003884844,0.03784812621285809,173.0,2809.0,0.22287665159505513,0.8984443727955649,0.0,39974.0,0.7526973278649983,0.0,0
1.1589844931543203,0.037890953266561056,174.0,2811.0,0.2231214173071881,0.8984443727955647,0.0,39974.0,0.7526973278649983,0.0,0
1.1592896143643476,0.037953744332056116,175.0,2814.0,0.22336374745172022,0.898444372795565,0.0,39974.0,0.7526973278649983,0.0,0
1.159564829660739,0.03798904080692901,176.0,2816.0,0.22360366627323866,0.8984443727955651,0.0,39974.0,0.7526973278649983,0.0,0
1.1598162082704813,0.03800288791579616,177.0,2817.0,0.22384119777411388,0.898444372795565,0.0,39974.0,0.7526973278649983,0.0,0
1.1601585794107103,0.038110091113135285,178.0,2822.0,0.22407636571700357,0.8984443727955652,0.0,39974.0,0.7526973278649983,0.0,0
1.160420435717363,0.038139119509470285,179.0,2823.0,0.2243091936273215,0.898444372795565,0.0,39974.0,0.7526973278649983,0.0,0
1.1606509468857165,0.038139119509470285,180.0,2823.0,0.2245397047956748,0.8984443727955654,0.0,39974.0,0.7526973278649983,0.0,0
1.1608854659805385,0.03814542111969865,181.0,2824.0,0.22476792228026873,0.898444372795565,0.0,39974.0,0.7526973278649983,0.0,0
1.1611252746441387,0.03815928315428509,182.0,2825.0,0.22499386890928247,0.8984443727955648,0.0,39974.0,0.7526973278649983,0.0,0
1.1613767044174055,0.03818701455362057,183.0,2827.0,0.2252175672832136,0.898444372795565,0.0,39974.0,0.7526973278649983,0.0,0
1.1616562925376048,0.03824513017983847,184.0,2829.0,0.22543903977719504,0.8984443727955651,0.0,39974.0,0.7526973278649983,0.0,0
1.1618755613036937,0.03824513017983847,185.0,2829.0,0.22565830854328386,0.8984443727955652,0.0,39974.0,0.7526973278649983,0.0,0
1.1621494638227516,0.03830194572945799,186.0,2832.0,0.22587539551272215,0.8984443727955654,0.0,39974.0,0.7526973278649983,0.0,0
1.162378268481949,0.038315823503204664,187.0,2833.0,0.2260903223981731,0.8984443727955652,0.0,39974.0,0.7526973278649983,0.0,0
1.1626643575206395,0.0383891242441397,188.0,2837.0,0.2263031106959286,0.8984443727955649,0.0,39974.0,0.7526973278649983,0.0,0
1.1629167432969525,0.03843083902828624,189.0,2840.0,0.22651378168809497,0.8984443727955653,0.0,39974.0,0.7526973278649983,0.0,0
1.1631544137117584,0.03845993468643624,190.0,2841.0,0.22672235644475075,0.8984443727955649,0.0,39974.0,0.7526973278649983,0.0,0
1.163369745538439,0.038468767131784924,191.0,2842.0,0.2269288558260828,0.8984443727955651,0.0,39974.0,0.7526973278649983,0.0,0
1.1636892921239606,0.03858386905889258,192.0,2847.0,0.2271333004844967,0.898444372795565,0.0,39974.0,0.7526973278649983,0.0,0
1.16389170250617,0.03858386905889258,193.0,2847.0,0.22733571086670604,0.8984443727955652,0.0,39974.0,0.7526973278649983,0.0,0
1.1641351144399605,0.0386268846435921,194.0,2849.0,0.22753610721579723,0.898444372795565,0.0,39974.0,0.7526973278649983,0.0,0
1.1643335167974362,0.0386268846435921,195.0,2849.0,0.227734509573273,0.898444372795565,0.0,39974.0,0.7526973278649983,0.0,0
1.1645590731131865,0.03865601275154226,196.0,2850.0,0.22793093778107298,0.8984443727955651,0.0,39974.0,0.7526973278649983,0.0,0
1.1647845513970003,0.03868701733285466,197.0,2852.0,0.22812541148357435,0.898444372795565,0.0,39974.0,0.7526973278649983,0.0,0
1.1649770900429952,0.03868701733285466,198.0,2852.0,0.22831795012956924,0.898444372795565,0.0,39974.0,0.7526973278649983,0.0,0
1.165196856841211,0.038716161286416986,199.0,2853.0,0.22850857297422258,0.8984443727955655,0.0,39974.0,0.7526973278649983,0.0,0
1.1654147358924134,0.038745314230832835,200.0,2854.0,0.22869729908100925,0.8984443727955652,0.0,39974.0,0.7526973278649983,0.0,0
1.165601584135035,0.038745314230832835,201.0,2854.0,0.22888414732363072,0.8984443727955654,0.0,39974.0,0.7526973278649983,0.0,0
1.1658474932507146,0.03880623428223213,202.0,2857.0,0.2290691363879113,0.898444372795565,0.0,39974.0,0.7526973278649983,0.0,0
1.1660306416364792,0.03880623428223213,203.0,2857.0,0.22925228477367576,0.898444372795565,0.0,39974.0,0.7526973278649983,0.0,0
1.1663273305293207,0.03892159715214247,204.0,2862.0,0.2294336107966069,0.8984443727955648,0.0,39974.0,0.7526973278649983,0.0,0
1.1665068523227975,0.03892159715214247,205.0,2862.0,0.2296131325900836,0.8984443727955657,0.0,39974.0,0.7526973278649983,0.0,0
1.166698516980231,0.03893552629265887,206.0,2863.0,0.22979086810700095,0.898444372795565,0.0,39974.0,0.7526973278649983,0.0,0
1.1668744839948013,0.03893552629265887,207.0,2863.0,0.22996683512157112,0.8984443727955649,0.0,39974.0,0.7526973278649983,0.0,0
1.1670778925296703,0.038964718717993355,208.0,2864.0,0.2301410512311055,0.898444372795565,0.0,39974.0,0.7526973278649983,0.0,0
1.1672503751563443,0.038964718717993355,209.0,2864.0,0.23031353385777978,0.8984443727955649,0.0,39974.0,0.7526973278649983,0.0,0
1.1674503427986318,0.03899391996768091,210.0,2865.0,0.2304843002503796,0.8984443727955654,0.0,39974.0,0.7526973278649983,0.0,0
1.167653449509104,0.039027959442502445,211.0,2867.0,0.2306533674860302,0.8984443727955649,0.0,39974.0,0.7526973278649983,0.0,0
1.1678500458271974,0.03905717077471953,212.0,2868.0,0.23082075247190667,0.898444372795565,0.0,39974.0,0.7526973278649983,0.0,0
1.168044982348379,0.03908638782087945,213.0,2869.0,0.23098647194692806,0.8984443727955653,0.0,39974.0,0.7526973278649983,0.0,0
1.1682522233098414,0.03912955824583569,214.0,2871.0,0.2311505424834343,0.8984443727955653,0.0,39974.0,0.7526973278649983,0.0,0
1.1684235330821884,0.039138430012771,215.0,2872.0,0.231312980488846,0.8984443727955653,0.0,39974.0,0.7526973278649983,0.0,0
1.168672051585351,0.039226126797472186,216.0,2875.0,0.23147380220730743,0.8984443727955654,0.0,39974.0,0.7526973278649983,0.0,0
1.1688452282962822,0.03924008199439819,217.0,2876.0,0.2316330237213127,0.8984443727955652,0.0,39974.0,0.7526973278649983,0.0,0
1.169009211494252,0.039246427960364046,218.0,2877.0,0.23179066095331677,0.8984443727955654,0.0,39974.0,0.7526973278649983,0.0,0
1.1691716270669104,0.03925277481901091,219.0,2878.0,0.2319467296673281,0.8984443727955652,0.0,39974.0,0.7526973278649983,0.0,0
1.1693553917418655,0.0392820236908064,220.0,2879.0,0.23210124547048772,0.8984443727955648,0.0,39974.0,0.7526973278649983,0.0,0
1.1695083700860092,0.0392820236908064,221.0,2879.0,0.2322542238146314,0.8984443727955654,0.0,39974.0,0.7526973278649983,0.0,0
1.169659826269213,0.0392820236908064,222.0,2879.0,0.23240567999783518,0.8984443727955651,0.0,39974.0,0.7526973278649983,0.0,0
1.1698097754373245,0.0392820236908064,223.0,2879.0,0.23255562916594688,0.898444372795565,0.0,39974.0,0.7526973278649983,0.0,0
1.170016764771598,0.03934055587692504,224.0,2881.0,0.23270408631410172,0.8984443727955648,0.0,39974.0,0.7526973278649983,0.0,0
1.1701668761010944,0.03934368723229974,225.0,2882.0,0.23285106628822339,0.8984443727955648,0.0,39974.0,0.7526973278649983,0.0,0
1.1703772947597615,0.03940858839268211,226.0,2885.0,0.23299658378650798,0.8984443727955654,0.0,39974.0,0.7526973278649983,0.0,0
1.1705213643341494,0.03940858839268211,227.0,2885.0,0.23314065336089618,0.8984443727955652,0.0,39974.0,0.7526973278649983,0.0,0
1.1706996377115724,0.039444225712473184,228.0,2887.0,0.2332832894185279,0.8984443727955654,0.0,39974.0,0.7526973278649983,0.0,0
1.1708548332476263,0.03945820444387035,229.0,2888.0,0.23342450622318467,0.8984443727955654,0.0,39974.0,0.7526973278649983,0.0,0
1.1709946449211577,0.03945820444387035,230.0,2888.0,0.23356431789671617,0.898444372795565,0.0,39974.0,0.7526973278649983,0.0,0
1.171137910304997,0.03946304930397314,231.0,2889.0,0.2337027384204526,0.8984443727955648,0.0,39974.0,0.7526973278649983,0.0,0
1.171304253460876,0.03949234924370081,232.0,2890.0,0.23383978163660363,0.8984443727955655,0.0,39974.0,0.7526973278649983,0.0,0
1.1714399330739154,0.03949234924370081,233.0,2890.0,0.23397546124964322,0.8984443727955649,0.0,39974.0,0.7526973278649983,0.0,0
1.1716124651381334,0.03953055172988185,234.0,2892.0,0.23410979082768024,0.8984443727955652,0.0,39974.0,0.7526973278649983,0.0,0
1.1717454581142688,0.03953055172988185,235.0,2892.0,0.2342427838038155,0.8984443727955653,0.0,39974.0,0.7526973278649983,0.0,0
1.1718771277879387,0.03953055172988185,236.0,2892.0,0.23437445347748556,0.898444372795565,0.0,39974.0,0.7526973278649983,0.0,0
1.1720074873262463,0.03953055172988185,237.0,2892.0,0.23450481301579312,0.898444372795565,0.0,39974.0,0.7526973278649983,0.0,0
1.1721365497652767,0.03953055172988185,238.0,2892.0,0.23463387545482356,0.8984443727955651,0.0,39974.0,0.7526973278649983,0.0,0
1.1722936513257414,0.03955987504422066,239.0,2893.0,0.23476165370094948,0.898444372795565,0.0,39974.0,0.7526973278649983,0.0,0
1.1724543348009,0.03959405168820796,240.0,2895.0,0.2348881605321208,0.8984443727955654,0.0,39974.0,0.7526973278649983,0.0,0
1.1725795828679222,0.03959405168820796,241.0,2895.0,0.23501340859914283,0.8984443727955653,0.0,39974.0,0.7526973278649983,0.0,0
1.172705789201035,0.039596256193521265,242.0,2896.0,0.23513741042694264,0.8984443727955652,0.0,39974.0,0.7526973278649983,0.0,0
1.1728578941708476,0.039625593174456464,243.0,2897.0,0.23526017841581992,0.8984443727955652,0.0,39974.0,0.7526973278649983,0.0,0
1.1729794405977165,0.039625593174456464,244.0,2897.0,0.23538172484268868,0.8984443727955652,0.0,39974.0,0.7526973278649983,0.0,0
1.173099777617332,0.039625593174456464,245.0,2897.0,0.2355020618623044,0.8984443727955651,0.0,39974.0,0.7526973278649983,0.0,0
1.1732189172635072,0.039625593174456464,246.0,2897.0,0.2356212015084795,0.8984443727955648,0.0,39974.0,0.7526973278649983,0.0,0
1.1733368714503154,0.039625593174456464,247.0,2897.0,0.23573915569528756,0.8984443727955652,0.0,39974.0,0.7526973278649983,0.0,0
1.1734830065094286,0.03965494771060347,248.0,2898.0,0.23585593621825382,0.8984443727955654,0.0,39974.0,0.7526973278649983,0.0,0
1.1736407443074708,0.039697066971363625,249.0,2901.0,0.23597155475553577,0.8984443727955652,0.0,39974.0,0.7526973278649983,0.0,0
1.1737552124210249,0.039697066971363625,250.0,2901.0,0.23608602286909017,0.8984443727955651,0.0,39974.0,0.7526973278649983,0.0,0
1.173868541557765,0.039697066971363625,251.0,2901.0,0.2361993520058303,0.898444372795565,0.0,39974.0,0.7526973278649983,0.0,0
1.1739947601337066,0.039711084054365395,252.0,2902.0,0.23631155349876964,0.8984443727955654,0.0,39974.0,0.7526973278649983,0.0,0
1.1741058452030932,0.039711084054365395,253.0,2902.0,0.23642263856815657,0.8984443727955652,0.0,39974.0,0.7526973278649983,0.0,0
1.174224740268102,0.039719999364935886,254.0,2903.0,0.2365326183225951,0.8984443727955649,0.0,39974.0,0.7526973278649983,0.0,0
1.1743336257056636,0.039719999364935886,255.0,2903.0,0.23664150376015633,0.8984443727955648,0.0,39974.0,0.7526973278649983,0.0,0
1.1744554495990174,0.039734021248966994,256.0,2904.0,0.23674930576947895,0.8984443727955657,0.0,39974.0,0.7526973278649983,0.0,0
1.174562178960395,0.039734021248966994,257.0,2904.0,0.23685603513085673,0.8984443727955649,0.0,39974.0,0.7526973278649983,0.0,0
1.1746678463468567,0.039734021248966994,258.0,2904.0,0.23696170251731818,0.8984443727955651,0.0,39974.0,0.7526973278649983,0.0,0
1.1748018488041472,0.039763407727883116,259.0,2905.0,0.23706631849569268,0.8984443727955649,0.0,39974.0,0.7526973278649983,0.0,0
1.1749054238361223,0.039763407727883116,260.0,2905.0,0.2371698935276679,0.8984443727955649,0.0,39974.0,0.7526973278649983,0.0,0
1.1750373612843807,0.03979280073297377,261.0,2906.0,0.2372724379708357,0.8984443727955654,0.0,39974.0,0.7526973278649983,0.0,0
1.175138885393273,0.03979280073297377,262.0,2906.0,0.23737396207972788,0.8984443727955649,0.0,39974.0,0.7526973278649983,0.0,0
1.1752393993203867,0.03979280073297377,263.0,2906.0,0.23747447600684174,0.8984443727955648,0.0,39974.0,0.7526973278649983,0.0,0
1.1753389131172005,0.03979280073297377,264.0,2906.0,0.23757398980365552,0.8984443727955648,0.0,39974.0,0.7526973278649983,0.0,0
1.175505171125823,0.03986053512361824,265.0,2909.0,0.23767251342163365,0.8984443727955652,0.0,39974.0,0.7526973278649983,0.0,0
1.1756027144174108,0.03986053512361824,266.0,2909.0,0.23777005671322105,0.8984443727955653,0.0,39974.0,0.7526973278649983,0.0,0
1.1757286963807354,0.03988994436733462,267.0,2910.0,0.23786662943282944,0.8984443727955649,0.0,39974.0,0.7526973278649983,0.0,0
1.1758243081857187,0.03988994436733462,268.0,2910.0,0.23796224123781268,0.8984443727955651,0.0,39974.0,0.7526973278649983,0.0,0
1.1759189686373377,0.03988994436733462,269.0,2910.0,0.23805690168943186,0.898444372795565,0.0,39974.0,0.7526973278649983,0.0,0
1.176012687201718,0.03988994436733462,270.0,2910.0,0.238150620253812,0.898444372795565,0.0,39974.0,0.7526973278649983,0.0,0
1.1761691824736253,0.03995365359016574,271.0,2913.0,0.23824340630288834,0.8984443727955652,0.0,39974.0,0.7526973278649983,0.0,0
1.176261045286081,0.03995365359016574,272.0,2913.0,0.23833526911534417,0.8984443727955652,0.0,39974.0,0.7526973278649983,0.0,0
1.1763814204540373,0.03998307999592824,273.0,2914.0,0.2384262178775376,0.8984443727955651,0.0,39974.0,0.7526973278649983,0.0,0
1.1764855104858976,0.03999712622090448,274.0,2915.0,0.23851626168442172,0.8984443727955652,0.0,39974.0,0.7526973278649983,0.0,0
1.176574658341928,0.03999712622090448,275.0,2915.0,0.23860540954045237,0.8984443727955653,0.0,39974.0,0.7526973278649983,0.0,0
1.1766677872471045,0.04000199430604322,276.0,2916.0,0.23869367036049013,0.898444372795565,0.0,39974.0,0.7526973278649983,0.0,0
1.176764104575826,0.040010929024563505,277.0,2917.0,0.23878105297069116,0.8984443727955651,0.0,39974.0,0.7526973278649983,0.0,0
1.1768800564969828,0.04004036780702204,278.0,2918.0,0.23886756610938964,0.8984443727955648,0.0,39974.0,0.7526973278649983,0.0,0
1.176995151963551,0.04006981095500791,279.0,2919.0,0.23895321842797185,0.8984443727955654,0.0,39974.0,0.7526973278649983,0.0,0
1.1770799520273207,0.04006981095500791,280.0,2919.0,0.23903801849174144,0.898444372795565,0.0,39974.0,0.7526973278649983,0.0,0
1.1771639083163552,0.04006981095500791,281.0,2919.0,0.23912197478077582,0.8984443727955653,0.0,39974.0,0.7526973278649983,0.0,0
1.1772479154105944,0.040071903708933154,282.0,2920.0,0.23921087510270386,0.898466849076374,0.0,39973.0,0.7526973278649983,0.0,0
1.1773302550481457,0.040071903708933154,283.0,2920.0,0.239293214740255,0.8984668490763743,0.0,39973.0,0.7526973278649983,0.0,0
1.1774117460281481,0.040071903708933154,284.0,2920.0,0.2393747057202576,0.8984668490763741,0.0,39973.0,0.7526973278649983,0.0,0
1.1775218775690397,0.040101360282228556,285.0,2921.0,0.2394553806878539,0.8984668490763739,0.0,39973.0,0.7526973278649983,0.0,0
1.1776017476574,0.040101360282228556,286.0,2921.0,0.23953525077621424,0.8984668490763745,0.0,39973.0,0.7526973278649983,0.0,0
1.1776808220074662,0.040101360282228556,287.0,2921.0,0.23961432512628036,0.8984668490763742,0.0,39973.0,0.7526973278649983,0.0,0
1.1777622609178737,0.04010451222502445,288.0,2922.0,0.23969261209389206,0.8984668490763743,0.0,39973.0,0.7526973278649983,0.0,0
1.1778538314147653,0.04011857512147656,289.0,2923.0,0.2397701196943314,0.898466849076374,0.0,39973.0,0.7526973278649983,0.0,0
1.177930567487005,0.04011857512147656,290.0,2923.0,0.23984685576657108,0.8984668490763748,0.0,39973.0,0.7526973278649983,0.0,0
1.178012934724083,0.04012497009074365,291.0,2924.0,0.23992282803438206,0.8984668490763746,0.0,39973.0,0.7526973278649983,0.0,0
1.1780881508191774,0.04012497009074365,292.0,2924.0,0.23999804412947648,0.8984668490763745,0.0,39973.0,0.7526973278649983,0.0,0
1.178162618290359,0.04012497009074365,293.0,2924.0,0.24007251160065798,0.8984668490763742,0.0,39973.0,0.7526973278649983,0.0,0
1.1782658197673506,0.040154445250583745,294.0,2925.0,0.24014623791780956,0.8984668490763741,0.0,39973.0,0.7526973278649983,0.0,0
1.1783388123234995,0.040154445250583745,295.0,2925.0,0.2402192304739585,0.898466849076374,0.0,39973.0,0.7526973278649983,0.0,0
1.1784110784361619,0.040154445250583745,296.0,2925.0,0.24029149658662086,0.8984668490763741,0.0,39973.0,0.7526973278649983,0.0,0
1.178482625348403,0.040154445250583745,297.0,2925.0,0.240363043498862,0.8984668490763744,0.0,39973.0,0.7526973278649983,0.0,0
1.1785828793136035,0.04018386433440637,298.0,2928.0,0.24043387838023975,0.898466849076374,0.0,39973.0,0.7526973278649983,0.0,0
1.1786670822441545,0.04019793731750774,299.0,2929.0,0.24050400832768942,0.8984668490763742,0.0,39973.0,0.7526973278649983,0.0,0
1.1787365142828392,0.04019793731750774,300.0,2929.0,0.2405734403663741,0.8984668490763744,0.0,39973.0,0.7526973278649983,0.0,0
1.1788052553669772,0.04019793731750774,301.0,2929.0,0.24064218145051208,0.8984668490763742,0.0,39973.0,0.7526973278649983,0.0,0
1.1789028027910295,0.040227427727889946,302.0,2930.0,0.24071023846418224,0.8984668490763741,0.0,39973.0,0.7526973278649983,0.0,0
1.1789701825489598,0.040227427727889946,303.0,2930.0,0.24077761822211263,0.8984668490763743,0.0,39973.0,0.7526973278649983,0.0,0
1.1790368917972982,0.040227427727889946,304.0,2930.0,0.24084432747045098,0.8984668490763741,0.0,39973.0,0.7526973278649983,0.0,0
1.179109338136474,0.040233828649995015,305.0,2931.0,0.24091037288752168,0.8984668490763743,0.0,39973.0,0.7526973278649983,0.0,0
1.1791747263335184,0.040233828649995015,306.0,2931.0,0.24097576108456606,0.898466849076374,0.0,39973.0,0.7526973278649983,0.0,0
1.1792394638554238,0.040233828649995015,307.0,2931.0,0.24104049860647128,0.8984668490763742,0.0,39973.0,0.7526973278649983,0.0,0
1.1793035571814356,0.040233828649995015,308.0,2931.0,0.24110459193248338,0.8984668490763739,0.0,39973.0,0.7526973278649983,0.0,0
1.1793670127258635,0.040233828649995015,309.0,2931.0,0.241168047476911,0.8984668490763741,0.0,39973.0,0.7526973278649983,0.0,0
1.1794298368387683,0.040233828649995015,310.0,2931.0,0.2412308715898159,0.8984668490763741,0.0,39973.0,0.7526973278649983,0.0,0
1.1795215429541284,0.04026333579747897,311.0,2932.0,0.24129307055769195,0.8984668490763743,0.0,39973.0,0.7526973278649983,0.0,0
1.1796421416734602,0.04032235447036825,312.0,2934.0,0.24135465060413458,0.8984668490763742,0.0,39973.0,0.7526973278649983,0.0,0
1.179703108959825,0.04032235447036825,313.0,2934.0,0.2414156178904994,0.8984668490763745,0.0,39973.0,0.7526973278649983,0.0,0
1.179763469585877,0.04032235447036825,314.0,2934.0,0.24147597851655145,0.8984668490763741,0.0,39973.0,0.7526973278649983,0.0,0
1.1798232295904312,0.04032235447036825,315.0,2934.0,0.2415357385211055,0.8984668490763745,0.0,39973.0,0.7526973278649983,0.0,0
1.1798823949519817,0.04032235447036825,316.0,2934.0,0.24159490388265614,0.8984668490763745,0.0,39973.0,0.7526973278649983,0.0,0
1.1799409715893263,0.04032235447036825,317.0,2934.0,0.24165348052000052,0.8984668490763745,0.0,39973.0,0.7526973278649983,0.0,0
1.1800053713490397,0.04032876045722938,318.0,2935.0,0.24171147429285308,0.8984668490763741,0.0,39973.0,0.7526973278649983,0.0,0
1.1800627880586367,0.04032876045722938,319.0,2935.0,0.24176889100245,0.8984668490763743,0.0,39973.0,0.7526973278649983,0.0,0
1.1801196334483357,0.04032876045722938,320.0,2935.0,0.24182573639214894,0.8984668490763744,0.0,39973.0,0.7526973278649983,0.0,0
1.1801759132042051,0.04032876045722938,321.0,2935.0,0.24188201614801866,0.898466849076374,0.0,39973.0,0.7526973278649983,0.0,0
1.1802380401592851,0.04033516766090476,322.0,2936.0,0.2419377358994232,0.8984668490763742,0.0,39973.0,0.7526973278649983,0.0,0
1.1802932054794604,0.04033516766090476,323.0,2936.0,0.24199290121959824,0.8984668490763745,0.0,39973.0,0.7526973278649983,0.0,0
1.180347821886082,0.04033516766090476,324.0,2936.0,0.24204751762621987,0.8984668490763742,0.0,39973.0,0.7526973278649983,0.0,0
1.1804018948418307,0.04033516766090476,325.0,2936.0,0.24210159058196853,0.8984668490763741,0.0,39973.0,0.7526973278649983,0.0,0
1.1804554297549457,0.04033516766090476,326.0,2936.0,0.24215512549508367,0.898466849076374,0.0,39973.0,0.7526973278649983,0.0,0
1.180514840597659,0.04034157627878653,327.0,2937.0,0.2422081277199154,0.8984668490763739,0.0,39973.0,0.7526973278649983,0.0,0
1.1805673154352103,0.04034157627878653,328.0,2937.0,0.24226060255746643,0.8984668490763745,0.0,39973.0,0.7526973278649983,0.0,0
1.180648802765686,0.04037111091079824,329.0,2938.0,0.2423125552559304,0.8984668490763743,0.0,39973.0,0.7526973278649983,0.0,0
1.1807002385209786,0.04037111091079824,330.0,2938.0,0.24236399101122322,0.8984668490763738,0.0,39973.0,0.7526973278649983,0.0,0
1.180757572512926,0.040377520946459876,331.0,2939.0,0.24241491496750883,0.8984668490763743,0.0,39973.0,0.7526973278649983,0.0,0
1.1808079897631358,0.040377520946459876,332.0,2939.0,0.2424653322177186,0.8984668490763741,0.0,39973.0,0.7526973278649983,0.0,0
1.1808579053494839,0.040377520946459876,333.0,2939.0,0.24251524780406664,0.8984668490763741,0.0,39973.0,0.7526973278649983,0.0,0
1.1809214245297344,0.040391621212220286,334.0,2940.0,0.24256466671855673,0.8984668490763741,0.0,39973.0,0.7526973278649983,0.0,0
1.1809998959069998,0.04042116540455489,335.0,2941.0,0.24261359390348758,0.8984668490763744,0.0,39973.0,0.7526973278649983,0.0,0
1.1810483362554611,0.04042116540455489,336.0,2941.0,0.24266203425194882,0.8984668490763741,0.0,39973.0,0.7526973278649983,0.0,0
1.1810962946118277,0.04042116540455489,337.0,2941.0,0.24270999260831552,0.8984668490763743,0.0,39973.0,0.7526973278649983,0.0,0
1.1811437757722456,0.04042116540455489,338.0,2941.0,0.2427574737687334,0.8984668490763743,0.0,39973.0,0.7526973278649983,0.0,0
1.1811907844851162,0.04042116540455489,339.0,2941.0,0.24280448248160394,0.8984668490763744,0.0,39973.0,0.7526973278649983,0.0,0
1.181237325451571,0.04042116540455489,340.0,2941.0,0.24285102344805873,0.8984668490763743,0.0,39973.0,0.7526973278649983,0.0,0
1.1812834033259467,0.04042116540455489,341.0,2941.0,0.24289710132243442,0.8984668490763745,0.0,39973.0,0.7526973278649983,0.0,0
1.181388128969626,0.04048027165793058,342.0,2943.0,0.24294272071273804,0.8984668490763743,0.0,39973.0,0.7526973278649983,0.0,0
1.181433294437999,0.04048027165793058,343.0,2943.0,0.2429878861811112,0.8984668490763741,0.0,39973.0,0.7526973278649983,0.0,0
1.1814780105011744,0.04048027165793058,344.0,2943.0,0.24303260224428658,0.8984668490763741,0.0,39973.0,0.7526973278649983,0.0,0
1.1815222816309305,0.04048027165793058,345.0,2943.0,0.24307687337404263,0.8984668490763743,0.0,39973.0,0.7526973278649983,0.0,0
1.1815699902464618,0.04048414964985351,346.0,2944.0,0.24312070399765093,0.8984668490763743,0.0,39973.0,0.7526973278649983,0.0,0
1.181613384747131,0.04048414964985351,347.0,2944.0,0.24316409849832024,0.8984668490763745,0.0,39973.0,0.7526973278649983,0.0,0
1.1816563474644475,0.04048414964985351,348.0,2944.0,0.24320706121563676,0.8984668490763743,0.0,39973.0,0.7526973278649983,0.0,0
1.1817284449502021,0.040513711905247156,349.0,2945.0,0.2432495964459977,0.8984668490763739,0.0,39973.0,0.7526973278649983,0.0,0
1.1817754462559662,0.04051860121396525,350.0,2946.0,0.24329170844304374,0.8984668490763739,0.0,39973.0,0.7526973278649983,0.0,0
1.1818171392310057,0.04051860121396525,351.0,2946.0,0.24333340141808313,0.8984668490763743,0.0,39973.0,0.7526973278649983,0.0,0
1.1818584173534374,0.04051860121396525,352.0,2946.0,0.24337467954051492,0.8984668490763743,0.0,39973.0,0.7526973278649983,0.0,0
1.1818992847511687,0.04051860121396525,353.0,2946.0,0.24341554693824607,0.8984668490763745,0.0,39973.0,0.7526973278649983,0.0,0
1.181939745511028,0.04051860121396525,354.0,2946.0,0.2434560076981055,0.8984668490763742,0.0,39973.0,0.7526973278649983,0.0,0
1.1819798036791744,0.04051860121396525,355.0,2946.0,0.2434960658662519,0.8984668490763743,0.0,39973.0,0.7526973278649983,0.0,0
1.1820194632615033,0.04051860121396525,356.0,2946.0,0.24353572544858068,0.8984668490763745,0.0,39973.0,0.7526973278649983,0.0,0
1.182058728224046,0.04051860121396525,357.0,2946.0,0.24357499041112327,0.8984668490763741,0.0,39973.0,0.7526973278649983,0.0,0
1.1820976024933683,0.04051860121396525,358.0,2946.0,0.24361386468044569,0.8984668490763741,0.0,39973.0,0.7526973278649983,0.0,0
1.1821360899569628,0.04051860121396525,359.0,2946.0,0.2436523521440401,0.8984668490763742,0.0,39973.0,0.7526973278649983,0.0,0
1.1821741944636377,0.04051860121396525,360.0,2946.0,0.24369045665071506,0.8984668490763745,0.0,39973.0,0.7526973278649983,0.0,0
1.1822463860407957,0.040553067430857834,361.0,2948.0,0.24372818201098032,0.8984668490763745,0.0,39973.0,0.7526973278649983,0.0,0
1.1822837360272427,0.040553067430857834,362.0,2948.0,0.24376553199742754,0.8984668490763743,0.0,39973.0,0.7526973278649983,0.0,0
1.182329692138742,0.04056204519467545,363.0,2949.0,0.24380251034510905,0.8984668490763744,0.0,39973.0,0.7526973278649983,0.0,0
1.1823663025455433,0.04056204519467545,364.0,2949.0,0.24383912075191044,0.8984668490763742,0.0,39973.0,0.7526973278649983,0.0,0
1.1824025486725538,0.04056204519467545,365.0,2949.0,0.24387536687892108,0.8984668490763745,0.0,39973.0,0.7526973278649983,0.0,0
1.1824384341444332,0.04056204519467545,366.0,2949.0,0.24391125235080033,0.8984668490763743,0.0,39973.0,0.7526973278649983,0.0,0
1.1824739625497729,0.04056204519467545,367.0,2949.0,0.24394678075614012,0.8984668490763741,0.0,39973.0,0.7526973278649983,0.0,0
1.1825387194460675,0.04059162719928604,368.0,2950.0,0.24398195564782427,0.8984668490763741,0.0,39973.0,0.7526973278649983,0.0,0
1.1825735443416268,0.04059162719928604,369.0,2950.0,0.24401678054338338,0.8984668490763741,0.0,39973.0,0.7526973278649983,0.0,0
1.1826080227235904,0.04059162719928604,370.0,2950.0,0.24405125892534713,0.8984668490763739,0.0,39973.0,0.7526973278649983,0.0,0
1.1826562787036412,0.0406057478630915,371.0,2951.0,0.24408539424159234,0.8984668490763743,0.0,39973.0,0.7526973278649983,0.0,0
1.182690074367737,0.0406057478630915,372.0,2951.0,0.24411918990568812,0.8984668490763742,0.0,39973.0,0.7526973278649983,0.0,0
1.182723533759286,0.0406057478630915,373.0,2951.0,0.24415264929723715,0.8984668490763743,0.0,39973.0,0.7526973278649983,0.0,0
1.182756660224263,0.0406057478630915,374.0,2951.0,0.24418577576221415,0.8984668490763745,0.0,39973.0,0.7526973278649983,0.0,0
1.1827894570753483,0.0406057478630915,375.0,2951.0,0.24421857261329963,0.8984668490763743,0.0,39973.0,0.7526973278649983,0.0,0
1.182821927592261,0.0406057478630915,376.0,2951.0,0.24425104313021215,0.8984668490763742,0.0,39973.0,0.7526973278649983,0.0,0
1.1828540750220848,0.0406057478630915,377.0,2951.0,0.24428319056003603,0.8984668490763743,0.0,39973.0,0.7526973278649983,0.0,0
1.1828859025795948,0.0406057478630915,378.0,2951.0,0.24431501811754594,0.8984668490763743,0.0,39973.0,0.7526973278649983,0.0,0
1.1829315377719274,0.040619872187441314,379.0,2952.0,0.24434652898552875,0.8984668490763742,0.0,39973.0,0.7526973278649983,0.0,0
1.1829627351015,0.040619872187441314,380.0,2952.0,0.24437772631510138,0.8984668490763741,0.0,39973.0,0.7526973278649983,0.0,0
1.1829936220124255,0.040619872187441314,381.0,2952.0,0.24440861322602672,0.8984668490763748,0.0,39973.0,0.7526973278649983,0.0,0
1.1830242015934234,0.040619872187441314,382.0,2952.0,0.2444391928070246,0.8984668490763745,0.0,39973.0,0.7526973278649983,0.0,0
1.1830840731228973,0.04064946840785809,383.0,2953.0,0.24446946811608206,0.8984668490763745,0.0,39973.0,0.7526973278649983,0.0,0
1.1831140471875727,0.04064946840785809,384.0,2953.0,0.24449944218075728,0.8984668490763741,0.0,39973.0,0.7526973278649983,0.0,0
1.1831437230053004,0.04064946840785809,385.0,2953.0,0.24452911799848495,0.8984668490763741,0.0,39973.0,0.7526973278649983,0.0,0
1.1831731035436885,0.04064946840785809,386.0,2953.0,0.2445584985368732,0.8984668490763743,0.0,39973.0,0.7526973278649983,0.0,0
1.1832212146583239,0.04066849132536371,387.0,2955.0,0.24458758673400277,0.8984668490763744,0.0,39973.0,0.7526973278649983,0.0,0
1.1832500134230404,0.04066849132536371,388.0,2955.0,0.2446163854987192,0.8984668490763742,0.0,39973.0,0.7526973278649983,0.0,0
1.1832785256352458,0.04066849132536371,389.0,2955.0,0.24464489771092462,0.8984668490763745,0.0,39973.0,0.7526973278649983,0.0,0
1.1833067541461868,0.04066849132536371,390.0,2955.0,0.24467312622186568,0.8984668490763743,0.0,39973.0,0.7526973278649983,0.0,0
1.1833347017787392,0.04066849132536371,391.0,2955.0,0.2447010738544181,0.8984668490763744,0.0,39973.0,0.7526973278649983,0.0,0
1.183362371327691,0.04066849132536371,392.0,2955.0,0.24472874340336997,0.8984668490763743,0.0,39973.0,0.7526973278649983,0.0,0
1.183389765560021,0.04066849132536371,393.0,2955.0,0.24475613763569984,0.8984668490763743,0.0,39973.0,0.7526973278649983,0.0,0
1.1834168872151767,0.04066849132536371,394.0,2955.0,0.24478325929085545,0.8984668490763744,0.0,39973.0,0.7526973278649983,0.0,0
1.1834437390053465,0.04066849132536371,395.0,2955.0,0.24481011108102543,0.8984668490763741,0.0,39973.0,0.7526973278649983,0.0,0
1.183470323615733,0.04066849132536371,396.0,2955.0,0.24483669569141184,0.8984668490763744,0.0,39973.0,0.7526973278649983,0.0,0
1.1835262509038562,0.04069809852439984,397.0,2956.0,0.24486301578049902,0.8984668490763745,0.0,39973.0,0.7526973278649983,0.0,0
1.1835523091036753,0.04069809852439984,398.0,2956.0,0.24488907398031803,0.8984668490763744,0.0,39973.0,0.7526973278649983,0.0,0
1.1835781080200687,0.04069809852439984,399.0,2956.0,0.24491487289671154,0.8984668490763743,0.0,39973.0,0.7526973278649983,0.0,0
1.1836036502329503,0.04069809852439984,400.0,2956.0,0.2449404151095932,0.898466849076374,0.0,39973.0,0.7526973278649983,0.0,0
1.183628938296563,0.04069809852439984,401.0,2956.0,0.24496570317320587,0.8984668490763741,0.0,39973.0,0.7526973278649983,0.0,0
1.1836539747397348,0.04069809852439984,402.0,2956.0,0.24499073961637763,0.8984668490763745,0.0,39973.0,0.7526973278649983,0.0,0
1.1836787620661313,0.04069809852439984,403.0,2956.0,0.24501552694277395,0.8984668490763745,0.0,39973.0,0.7526973278649983,0.0,0
1.1837033027545056,0.04069809852439984,404.0,2956.0,0.2450400676311486,0.8984668490763744,0.0,39973.0,0.7526973278649983,0.0,0
1.1837275992589482,0.04069809852439984,405.0,2956.0,0.24506436413559105,0.8984668490763741,0.0,39973.0,0.7526973278649983,0.0,0
1.1837516540091297,0.04069809852439984,406.0,2956.0,0.24508841888577254,0.8984668490763741,0.0,39973.0,0.7526973278649983,0.0,0
1.1837754694105453,0.04069809852439984,407.0,2956.0,0.24511223428718826,0.8984668490763743,0.0,39973.0,0.7526973278649983,0.0,0
1.1837990478447553,0.04069809852439984,408.0,2956.0,0.24513581272139823,0.898466849076374,0.0,39973.0,0.7526973278649983,0.0,0
1.183822391669623,0.04069809852439984,409.0,2956.0,0.245159156546266,0.8984668490763739,0.0,39973.0,0.7526973278649983,0.0,0
1.1838455032195512,0.04069809852439984,410.0,2956.0,0.24518226809619398,0.8984668490763745,0.0,39973.0,0.7526973278649983,0.0,0
1.183868384805713,0.04069809852439984,411.0,2956.0,0.24520514968235593,0.8984668490763741,0.0,39973.0,0.7526973278649983,0.0,0
1.1838910387162875,0.04069809852439984,412.0,2956.0,0.2452278035929303,0.8984668490763741,0.0,39973.0,0.7526973278649983,0.0,0
1.183913467216684,0.04069809852439984,413.0,2956.0,0.24525023209332675,0.8984668490763746,0.0,39973.0,0.7526973278649983,0.0,0
1.1839356725497714,0.04069809852439984,414.0,2956.0,0.2452724374264144,0.8984668490763739,0.0,39973.0,0.7526973278649983,0.0,0
1.183957656936102,0.04069809852439984,415.0,2956.0,0.2452944218127451,0.8984668490763742,0.0,39973.0,0.7526973278649983,0.0,0
1.1839794225741331,0.04069809852439984,416.0,2956.0,0.2453161874507759,0.8984668490763742,0.0,39973.0,0.7526973278649983,0.0,0
1.184000971640446,0.04069809852439984,417.0,2956.0,0.24533773651708893,0.8984668490763742,0.0,39973.0,0.7526973278649983,0.0,0
1.1840223062899662,0.04069809852439984,418.0,2956.0,0.24535907116660902,0.8984668490763744,0.0,39973.0,0.7526973278649983,0.0,0
1.1840730493584268,0.040727719226651096,419.0,2957.0,0.24538019353281834,0.898466849076374,0.0,39973.0,0.7526973278649983,0.0,0
1.1840939615535804,0.040727719226651096,420.0,2957.0,0.24540110572797194,0.8984668490763741,0.0,39973.0,0.7526973278649983,0.0,0
1.184114665668915,0.040727719226651096,421.0,2957.0,0.24542180984330644,0.8984668490763744,0.0,39973.0,0.7526973278649983,0.0,0
1.1841647866519558,0.040757342103747846,422.0,2958.0,0.24544230794925073,0.8984668490763742,0.0,39973.0,0.7526973278649983,0.0,0
1.1841850807983376,0.040757342103747846,423.0,2958.0,0.24546260209563256,0.8984668490763741,0.0,39973.0,0.7526973278649983,0.0,0
1.184205173014589,0.040757342103747846,424.0,2958.0,0.24548269431188363,0.8984668490763744,0.0,39973.0,0.7526973278649983,0.0,0
1.1842250653099475,0.040757342103747846,425.0,2958.0,0.2455025866072423,0.8984668490763744,0.0,39973.0,0.7526973278649983,0.0,0
1.1842447596736596,0.040757342103747846,426.0,2958.0,0.24552228097095458,0.8984668490763745,0.0,39973.0,0.7526973278649983,0.0,0
1.1842642580751785,0.040757342103747846,427.0,2958.0,0.24554177937247332,0.8984668490763741,0.0,39973.0,0.7526973278649983,0.0,0
1.184313189288754,0.04078696892814146,428.0,2959.0,0.24556108376165509,0.8984668490763745,0.0,39973.0,0.7526973278649983,0.0,0
1.1843760711388696,0.04083073847095699,429.0,2961.0,0.24558019606895506,0.8984668490763743,0.0,39973.0,0.7526973278649983,0.0,0
1.1843949932755338,0.04083073847095699,430.0,2961.0,0.24559911820561955,0.8984668490763742,0.0,39973.0,0.7526973278649983,0.0,0
1.1844137271337927,0.04083073847095699,431.0,2961.0,0.24561785206387823,0.8984668490763744,0.0,39973.0,0.7526973278649983,0.0,0
1.184432274587047,0.04083073847095699,432.0,2961.0,0.2456363995171325,0.8984668490763742,0.0,39973.0,0.7526973278649983,0.0,0
1.1844506374900576,0.04083073847095699,433.0,2961.0,0.24565476242014328,0.8984668490763742,0.0,39973.0,0.7526973278649983,0.0,0
1.1844688176791303,0.04083073847095699,434.0,2961.0,0.245672942609216,0.8984668490763743,0.0,39973.0,0.7526973278649983,0.0,0
1.184486816972299,0.04083073847095699,435.0,2961.0,0.24569094190238472,0.8984668490763741,0.0,39973.0,0.7526973278649983,0.0,0
1.1845046371695083,0.04083073847095699,436.0,2961.0,0.24570876209959414,0.8984668490763744,0.0,39973.0,0.7526973278649983,0.0,0
1.1845519127385273,0.04086037115669167,437.0,2962.0,0.24572640498287832,0.898466849076374,0.0,39973.0,0.7526973278649983,0.0,0
1.1845990139307372,0.04089000501523917,438.0,2963.0,0.24574387231654074,0.8984668490763743,0.0,39973.0,0.7526973278649983,0.0,0
1.1846163074615257,0.04089000501523917,439.0,2963.0,0.24576116584732924,0.8984668490763739,0.0,39973.0,0.7526973278649983,0.0,0
1.1846334289188074,0.04089000501523917,440.0,2963.0,0.24577828730461104,0.898466849076374,0.0,39973.0,0.7526973278649983,0.0,0
1.184650380014743,0.04089000501523917,441.0,2963.0,0.24579523840054643,0.8984668490763743,0.0,39973.0,0.7526973278649983,0.0,0
1.1846671624444558,0.04089000501523917,442.0,2963.0,0.24581202083025916,0.8984668490763744,0.0,39973.0,0.7526973278649983,0.0,0
1.1846837778862027,0.04089000501523917,443.0,2963.0,0.24582863627200613,0.8984668490763743,0.0,39973.0,0.7526973278649983,0.0,0
1.1847002280015417,0.04089000501523917,444.0,2963.0,0.24584508638734523,0.8984668490763744,0.0,39973.0,0.7526973278649983,0.0,0
1.1847165144354983,0.04089000501523917,445.0,2963.0,0.2458613728213017,0.8984668490763743,0.0,39973.0,0.7526973278649983,0.0,0
1.184746784722032,0.04090415092054222,446.0,2964.0,0.24587749720253266,0.8984668490763739,0.0,39973.0,0.7526973278649983,0.0,0
1.1847627486629893,0.04090415092054222,447.0,2964.0,0.2458934611434897,0.8984668490763743,0.0,39973.0,0.7526973278649983,0.0,0
1.1847785537600797,0.04090415092054222,448.0,2964.0,0.24590926624058024,0.898466849076374,0.0,39973.0,0.7526973278649983,0.0,0
1.1847942015938266,0.04090415092054222,449.0,2964.0,0.2459249140743269,0.8984668490763745,0.0,39973.0,0.7526973278649983,0.0,0
1.184809693729026,0.04090415092054222,450.0,2964.0,0.24594040620952645,0.8984668490763744,0.0,39973.0,0.7526973278649983,0.0,0
1.1848250317149047,0.04090415092054222,451.0,2964.0,0.24595574419540508,0.8984668490763744,0.0,39973.0,0.7526973278649983,0.0,0
1.1848402170852739,0.04090415092054222,452.0,2964.0,0.2459709295657742,0.8984668490763745,0.0,39973.0,0.7526973278649983,0.0,0
1.1848552513586832,0.04090415092054222,453.0,2964.0,0.2459859638391836,0.8984668490763743,0.0,39973.0,0.7526973278649983,0.0,0
1.1848701360385727,0.04090415092054222,454.0,2964.0,0.24600084851907317,0.8984668490763743,0.0,39973.0,0.7526973278649983,0.0,0
1.1848848726134227,0.04090415092054222,455.0,2964.0,0.24601558509392296,0.8984668490763742,0.0,39973.0,0.7526973278649983,0.0,0
1.184899462556903,0.04090415092054222,456.0,2964.0,0.24603017503740335,0.8984668490763745,0.0,39973.0,0.7526973278649983,0.0,0
1.1849170784976846,0.040907322090206914,457.0,2965.0,0.2460446198085203,0.8984668490763745,0.0,39973.0,0.7526973278649983,0.0,0
1.1849313795409273,0.040907322090206914,458.0,2965.0,0.2460589208517632,0.8984668490763741,0.0,39973.0,0.7526973278649983,0.0,0
1.1849455382864125,0.040907322090206914,459.0,2965.0,0.24607307959724828,0.898466849076374,0.0,39973.0,0.7526973278649983,0.0,0
1.184959556150026,0.040907322090206914,460.0,2965.0,0.2460870974608618,0.8984668490763736,0.0,39973.0,0.7526973278649983,0.0,0
1.1849760725818168,0.040909960138457546,461.0,2966.0,0.24610097584440194,0.8984668490763741,0.0,39973.0,0.7526973278649983,0.0,0
1.1849898128731333,0.040909960138457546,462.0,2966.0,0.24611471613571856,0.8984668490763739,0.0,39973.0,0.7526973278649983,0.0,0
1.185003416446267,0.040909960138457546,463.0,2966.0,0.24612831970885227,0.898466849076374,0.0,39973.0,0.7526973278649983,0.0,0
1.1850168846615865,0.040909960138457546,464.0,2966.0,0.24614178792417163,0.8984668490763742,0.0,39973.0,0.7526973278649983,0.0,0
1.1850302188659243,0.040909960138457546,465.0,2966.0,0.2461551221285095,0.8984668490763742,0.0,39973.0,0.7526973278649983,0.0,0
1.1850434203927123,0.040909960138457546,466.0,2966.0,0.2461683236552973,0.8984668490763745,0.0,39973.0,0.7526973278649983,0.0,0
1.1850564905621137,0.040909960138457546,467.0,2966.0,0.24618139382469895,0.8984668490763743,0.0,39973.0,0.7526973278649983,0.0,0
1.1850694306811567,0.040909960138457546,468.0,2966.0,0.24619433394374193,0.8984668490763742,0.0,39973.0,0.7526973278649983,0.0,0
1.185082242043864,0.040909960138457546,469.0,2966.0,0.24620714530644902,0.8984668490763742,0.0,39973.0,0.7526973278649983,0.0,0
1.1850949259313823,0.040909960138457546,470.0,2966.0,0.24621982919396748,0.8984668490763742,0.0,39973.0,0.7526973278649983,0.0,0
1.1851074836121114,0.040909960138457546,471.0,2966.0,0.24623238687469642,0.8984668490763742,0.0,39973.0,0.7526973278649983,0.0,0
1.1851199163418293,0.040909960138457546,472.0,2966.0,0.24624481960441438,0.8984668490763741,0.0,39973.0,0.7526973278649983,0.0,0
1.1851322253638197,0.040909960138457546,473.0,2966.0,0.2462571286264046,0.8984668490763744,0.0,39973.0,0.7526973278649983,0.0,0
1.1851444119089947,0.040909960138457546,474.0,2966.0,0.24626931517157988,0.8984668490763743,0.0,39973.0,0.7526973278649983,0.0,0
1.1851564771960192,0.040909960138457546,475.0,2966.0,0.24628138045860437,0.8984668490763745,0.0,39973.0,0.7526973278649983,0.0,0
1.185168422431432,0.040909960138457546,476.0,2966.0,0.24629332569401718,0.898466849076374,0.0,39973.0,0.7526973278649983,0.0,0
1.1852395483099074,0.04096925963859848,477.0,2968.0,0.24630515207235174,0.8984668490763739,0.0,39973.0,0.7526973278649983,0.0,0
1.1852512570138114,0.04096925963859848,478.0,2968.0,0.24631686077625567,0.8984668490763743,0.0,39973.0,0.7526973278649983,0.0,0
1.185262849214165,0.04096925963859848,479.0,2968.0,0.2463284529766091,0.8984668490763741,0.0,39973.0,0.7526973278649983,0.0,0
1.185274326070198,0.04096925963859848,480.0,2968.0,0.24633992983264205,0.8984668490763745,0.0,39973.0,0.7526973278649983,0.0,0
1.1852998412960045,0.04098341220499802,481.0,2969.0,0.24635129249204923,0.8984668490763743,0.0,39973.0,0.7526973278649983,0.0,0
1.1853110908950617,0.04098341220499802,482.0,2969.0,0.2463625420911064,0.8984668490763742,0.0,39973.0,0.7526973278649983,0.0,0
1.1853222285587381,0.04098341220499802,483.0,2969.0,0.24637367975478258,0.8984668490763745,0.0,39973.0,0.7526973278649983,0.0,0
1.185333255400809,0.04098341220499802,484.0,2969.0,0.24638470659685352,0.898466849076374,0.0,39973.0,0.7526973278649983,0.0,0
1.185344172523968,0.04098341220499802,485.0,2969.0,0.2463956237200126,0.8984668490763741,0.0,39973.0,0.7526973278649983,0.0,0
1.1853549810199369,0.04098341220499802,486.0,2969.0,0.24640643221598138,0.8984668490763743,0.0,39973.0,0.7526973278649983,0.0,0
1.1853656819695737,0.04098341220499802,487.0,2969.0,0.2464171331656184,0.898466849076374,0.0,39973.0,0.7526973278649983,0.0,0
1.1853762764429825,0.04098341220499802,488.0,2969.0,0.2464277276390273,0.8984668490763741,0.0,39973.0,0.7526973278649983,0.0,0
1.185430573814799,0.04102722052017705,489.0,2971.0,0.24643821669566457,0.8984668490763745,0.0,39973.0,0.7526973278649983,0.0,0
1.1854409585035788,0.04102722052017705,490.0,2971.0,0.24644860138444452,0.8984668490763741,0.0,39973.0,0.7526973278649983,0.0,0
1.1854512398629788,0.04102722052017705,491.0,2971.0,0.24645888274384456,0.8984668490763739,0.0,39973.0,0.7526973278649983,0.0,0
1.1854614189211439,0.04102722052017705,492.0,2971.0,0.24646906180200934,0.8984668490763743,0.0,39973.0,0.7526973278649983,0.0,0
1.1854714966959874,0.04102722052017705,493.0,2971.0,0.24647913957685302,0.8984668490763741,0.0,39973.0,0.7526973278649983,0.0,0
1.1854814741952961,0.04102722052017705,494.0,2971.0,0.2464891170761617,0.8984668490763745,0.0,39973.0,0.7526973278649983,0.0,0
1.1854913524168278,0.04102722052017705,495.0,2971.0,0.24649899529769323,0.8984668490763743,0.0,39973.0,0.7526973278649983,0.0,0
1.1855011323484128,0.04102722052017705,496.0,2971.0,0.24650877522927853,0.8984668490763741,0.0,39973.0,0.7526973278649983,0.0,0
1.1855108149680529,0.04102722052017705,497.0,2971.0,0.24651845784891857,0.8984668490763739,0.0,39973.0,0.7526973278649983,0.0,0
1.1855204012440177,0.04102722052017705,498.0,2971.0,0.24652804412488336,0.8984668490763743,0.0,39973.0,0.7526973278649983,0.0,0
1.1855298921349429,0.04102722052017705,499.0,2971.0,0.24653753501580858,0.8984668490763739,0.0,39973.0,0.7526973278649983,0.0,0
1.1855392885899256,0.04102722052017705,500.0,2971.0,0.24654693147079138,0.8984668490763741,0.0,39973.0,0.7526973278649983,0.0,0
1.185548591548619,0.04102722052017705,501.0,2971.0,0.24655623442948474,0.8984668490763741,0.0,39973.0,0.7526973278649983,0.0,0
1.185557801941327,0.04102722052017705,502.0,2971.0,0.24656544482219253,0.8984668490763745,0.0,39973.0,0.7526973278649983,0.0,0
1.185566920689096,0.04102722052017705,503.0,2971.0,0.24657456356996169,0.8984668490763744,0.0,39973.0,0.7526973278649983,0.0,0
1.1855759487038091,0.04102722052017705,504.0,2971.0,0.24658359158467458,0.8984668490763748,0.0,39973.0,0.7526973278649983,0.0,0
1.1855848868882746,0.04102722052017705,505.0,2971.0,0.2465925297691401,0.8984668490763745,0.0,39973.0,0.7526973278649983,0.0,0
1.1855937361363187,0.04102722052017705,506.0,2971.0,0.2466013790171843,0.8984668490763741,0.0,39973.0,0.7526973278649983,0.0,0
1.1856024973328736,0.04102722052017705,507.0,2971.0,0.24661014021373923,0.8984668490763743,0.0,39973.0,0.7526973278649983,0.0,0
1.185611171354066,0.04102722052017705,508.0,2971.0,0.24661881423493184,0.8984668490763739,0.0,39973.0,0.7526973278649983,0.0,0
1.1856197590673059,0.04102722052017705,509.0,2971.0,0.2466274019481714,0.8984668490763743,0.0,39973.0,0.7526973278649983,0.0,0
1.1856579219786672,0.04105688116747308,510.0,2972.0,0.24663590421223672,0.8984668490763742,0.0,39973.0,0.7526973278649983,0.0,0
1.1856663396437912,0.04105688116747308,511.0,2972.0,0.2466443218773609,0.8984668490763743,0.0,39973.0,0.7526973278649983,0.0,0
1.1856746735517483,0.04105688116747308,512.0,2972.0,0.24665265578531773,0.8984668490763741,0.0,39973.0,0.7526973278649983,0.0,0
1.1856829245359353,0.04105688116747308,513.0,2972.0,0.24666090676950495,0.8984668490763739,0.0,39973.0,0.7526973278649983,0.0,0
1.185691093421458,0.04105688116747308,514.0,2972.0,0.24666907565502774,0.8984668490763741,0.0,39973.0,0.7526973278649983,0.0,0
1.1856991810252118,0.04105688116747308,515.0,2972.0,0.24667716325878136,0.8984668490763742,0.0,39973.0,0.7526973278649983,0.0,0
1.1857071881559638,0.04105688116747308,516.0,2972.0,0.2466851703895332,0.8984668490763743,0.0,39973.0,0.7526973278649983,0.0,0
1.1857151156144332,0.04105688116747308,517.0,2972.0,0.24669309784800295,0.898466849076374,0.0,39973.0,0.7526973278649983,0.0,0
1.185722964193373,0.04105688116747308,518.0,2972.0,0.24670094642694265,0.898466849076374,0.0,39973.0,0.7526973278649983,0.0,0
1.1857307346776476,0.04105688116747308,519.0,2972.0,0.2467087169112172,0.8984668490763741,0.0,39973.0,0.7526973278649983,0.0,0
1.185738427844312,0.04105688116747308,520.0,2972.0,0.2467164100778816,0.8984668490763743,0.0,39973.0,0.7526973278649983,0.0,0
1.1857460444626888,0.04105688116747308,521.0,2972.0,0.24672402669625848,0.8984668490763742,0.0,39973.0,0.7526973278649983,0.0,0
1.1857535852944467,0.04105688116747308,522.0,2972.0,0.2467315675280164,0.8984668490763743,0.0,39973.0,0.7526973278649983,0.0,0
1.185761051093675,0.04105688116747308,523.0,2972.0,0.24673903332724445,0.8984668490763741,0.0,39973.0,0.7526973278649983,0.0,0
1.1857684426069597,0.04105688116747308,524.0,2972.0,0.2467464248405292,0.8984668490763745,0.0,39973.0,0.7526973278649983,0.0,0
1.1857757605734582,0.04105688116747308,525.0,2972.0,0.24675374280702772,0.8984668490763741,0.0,39973.0,0.7526973278649983,0.0,0
1.1857830057249734,0.04105688116747308,526.0,2972.0,0.24676098795854312,0.8984668490763741,0.0,39973.0,0.7526973278649983,0.0,0
1.1857901787860268,0.04105688116747308,527.0,2972.0,0.24676816101959637,0.898466849076374,0.0,39973.0,0.7526973278649983,0.0,0
1.18579728047393,0.04105688116747308,528.0,2972.0,0.2467752627074997,0.898466849076374,0.0,39973.0,0.7526973278649983,0.0,0
1.185804311498858,0.04105688116747308,529.0,2972.0,0.24678229373242744,0.8984668490763745,0.0,39973.0,0.7526973278649983,0.0,0
1.185811272563919,0.04105688116747308,530.0,2972.0,0.24678925479748862,0.8984668490763741,0.0,39973.0,0.7526973278649983,0.0,0
1.185818164365225,0.04105688116747308,531.0,2972.0,0.24679614659879479,0.8984668490763739,0.0,39973.0,0.7526973278649983,0.0,0
1.1858249875919629,0.04105688116747308,532.0,2972.0,0.24680296982553246,0.8984668490763739,0.0,39973.0,0.7526973278649983,0.0,0
1.18583174292646,0.04105688116747308,533.0,2972.0,0.2468097251600298,0.8984668490763741,0.0,39973.0,0.7526973278649983,0.0,0
1.1858384310442562,0.04105688116747308,534.0,2972.0,0.24681641327782558,0.8984668490763742,0.0,39973.0,0.7526973278649983,0.0,0
1.1858450526141677,0.04105688116747308,535.0,2972.0,0.2468230348477374,0.8984668490763745,0.0,39973.0,0.7526973278649983,0.0,0
1.1858516082983583,0.04105688116747308,536.0,2972.0,0.24682959053192788,0.8984668490763744,0.0,39973.0,0.7526973278649983,0.0,0
1.185858098752401,0.04105688116747308,537.0,2972.0,0.2468360809859706,0.8984668490763743,0.0,39973.0,0.7526973278649983,0.0,0
1.1858645246253474,0.04105688116747308,538.0,2972.0,0.24684250685891676,0.8984668490763749,0.0,39973.0,0.7526973278649983,0.0,0
1.1858708865597891,0.04105688116747308,539.0,2972.0,0.24684886879335857,0.8984668490763745,0.0,39973.0,0.7526973278649983,0.0,0
1.1858771851919256,0.04105688116747308,540.0,2972.0,0.2468551674254952,0.8984668490763741,0.0,39973.0,0.7526973278649983,0.0,0
1.1858834211516254,0.04105688116747308,541.0,2972.0,0.246861403385195,0.8984668490763741,0.0,39973.0,0.7526973278649983,0.0,0
1.1858895950624895,0.04105688116747308,542.0,2972.0,0.2468675772960589,0.8984668490763742,0.0,39973.0,0.7526973278649983,0.0,0
1.1858957075419136,0.04105688116747308,543.0,2972.0,0.2468736897754831,0.8984668490763741,0.0,39973.0,0.7526973278649983,0.0,0
1.1859017592011514,0.04105688116747308,544.0,2972.0,0.2468797414347211,0.8984668490763741,0.0,39973.0,0.7526973278649983,0.0,0
1.1859077506453741,0.04105688116747308,545.0,2972.0,0.24688573287894353,0.8984668490763742,0.0,39973.0,0.7526973278649983,0.0,0
1.1859136824737304,0.04105688116747308,546.0,2972.0,0.2468916647072999,0.8984668490763745,0.0,39973.0,0.7526973278649983,0.0,0
1.1859195552794084,0.04105688116747308,547.0,2972.0,0.24689753751297794,0.8984668490763745,0.0,39973.0,0.7526973278649983,0.0,0
1.1859253696496934,0.04105688116747308,548.0,2972.0,0.2469033518832631,0.8984668490763741,0.0,39973.0,0.7526973278649983,0.0,0
1.1859311261660275,0.04105688116747308,549.0,2972.0,0.24690910839959718,0.898466849076374,0.0,39973.0,0.7526973278649983,0.0,0
1.1859368254040672,0.04105688116747308,550.0,2972.0,0.2469148076376368,0.8984668490763745,0.0,39973.0,0.7526973278649983,0.0,0
1.1859424679337407,0.04105688116747308,551.0,2972.0,0.24692045016731043,0.8984668490763739,0.0,39973.0,0.7526973278649983,0.0,0
1.185948054319306,0.04105688116747308,552.0,2972.0,0.24692603655287573,0.8984668490763741,0.0,39973.0,0.7526973278649983,0.0,0
1.185953585119406,0.04105688116747308,553.0,2972.0,0.24693156735297575,0.8984668490763741,0.0,39973.0,0.7526973278649983,0.0,0
1.1859590608871258,0.04105688116747308,554.0,2972.0,0.24693704312069553,0.8984668490763741,0.0,39973.0,0.7526973278649983,0.0,0
1.1859644821700464,0.04105688116747308,555.0,2972.0,0.24694246440361614,0.8984668490763741,0.0,39973.0,0.7526973278649983,0.0,0
1.1859698495103006,0.04105688116747308,556.0,2972.0,0.2469478317438702,0.8984668490763745,0.0,39973.0,0.7526973278649983,0.0,0
1.185975163444627,0.04105688116747308,557.0,2972.0,0.24695314567819648,0.898466849076374,0.0,39973.0,0.7526973278649983,0.0,0
1.185980424504423,0.04105688116747308,558.0,2972.0,0.24695840673799282,0.8984668490763742,0.0,39973.0,0.7526973278649983,0.0,0
1.1859856332157999,0.04105688116747308,559.0,2972.0,0.24696361544936943,0.8984668490763745,0.0,39973.0,0.7526973278649983,0.0,0
1.1859907900996325,0.04105688116747308,560.0,2972.0,0.24696877233320205,0.8984668490763742,0.0,39973.0,0.7526973278649983,0.0,0
1.1859958956716137,0.04105688116747308,561.0,2972.0,0.24697387790518305,0.8984668490763744,0.0,39973.0,0.7526973278649983,0.0,0
1.1860009504423046,0.04105688116747308,562.0,2972.0,0.2469789326758742,0.8984668490763741,0.0,39973.0,0.7526973278649983,0.0,0
1.1860059549171869,0.04105688116747308,563.0,2972.0,0.2469839371507565,0.8984668490763743,0.0,39973.0,0.7526973278649983,0.0,0
1.1860109095967122,0.04105688116747308,564.0,2972.0,0.2469888918302818,0.8984668490763741,0.0,39973.0,0.7526973278649983,0.0,0
1.1860158149763524,0.04105688116747308,565.0,2972.0,0.246993797209922,0.8984668490763746,0.0,39973.0,0.7526973278649983,0.0,0
1.1860206715466497,0.04105688116747308,566.0,2972.0,0.24699865378021932,0.8984668490763744,0.0,39973.0,0.7526973278649983,0.0,0
1.1860254797932652,0.04105688116747308,567.0,2972.0,0.24700346202683462,0.8984668490763744,0.0,39973.0,0.7526973278649983,0.0,0
1.1860599109558139,0.0410865519262598,568.0,2973.0,0.24700822243059686,0.8984668490763741,0.0,39973.0,0.7526973278649983,0.0,0
1.1860646239927675,0.0410865519262598,569.0,2973.0,0.24701293546755027,0.8984668490763744,0.0,39973.0,0.7526973278649983,0.0,0
1.1860692901342194,0.0410865519262598,570.0,2973.0,0.24701760160900232,0.8984668490763738,0.0,39973.0,0.7526973278649983,0.0,0
1.1860739098467885,0.0410865519262598,571.0,2973.0,0.24702222132157137,0.8984668490763745,0.0,39973.0,0.7526973278649983,0.0,0
1.1860784835924492,0.0410865519262598,572.0,2973.0,0.2470267950672321,0.898466849076374,0.0,39973.0,0.7526973278649983,0.0,0
1.1860830118285806,0.0410865519262598,573.0,2973.0,0.24703132330336328,0.8984668490763741,0.0,39973.0,0.7526973278649983,0.0,0
1.1860874950080094,0.0410865519262598,574.0,2973.0,0.24703580648279216,0.8984668490763741,0.0,39973.0,0.7526973278649983,0.0,0
1.1860919335790574,0.0410865519262598,575.0,2973.0,0.24704024505384028,0.8984668490763739,0.0,39973.0,0.7526973278649983,0.0,0
1.1860963279855858,0.0410865519262598,576.0,2973.0,0.2470446394603687,0.8984668490763743,0.0,39973.0,0.7526973278649983,0.0,0
1.1861006786670387,0.0410865519262598,577.0,2973.0,0.24704899014182155,0.8984668490763741,0.0,39973.0,0.7526973278649983,0.0,0
1.1861049860584876,0.0410865519262598,578.0,2973.0,0.2470532975332705,0.8984668490763739,0.0,39973.0,0.7526973278649983,0.0,0
1.1861092505906756,0.0410865519262598,579.0,2973.0,0.24705756206545845,0.8984668490763742,0.0,39973.0,0.7526973278649983,0.0,0
1.1861134726900595,0.0410865519262598,580.0,2973.0,0.2470617841648423,0.8984668490763744,0.0,39973.0,0.7526973278649983,0.0,0
1.1861176527788524,0.0410865519262598,581.0,2973.0,0.24706596425363528,0.8984668490763741,0.0,39973.0,0.7526973278649983,0.0,0
1.186121791275067,0.0410865519262598,582.0,2973.0,0.24707010274984975,0.8984668490763744,0.0,39973.0,0.7526973278649983,0.0,0
1.186125888592556,0.0410865519262598,583.0,2973.0,0.24707420006733893,0.8984668490763743,0.0,39973.0,0.7526973278649983,0.0,0
1.1861299451410552,0.0410865519262598,584.0,2973.0,0.24707825661583793,0.8984668490763745,0.0,39973.0,0.7526973278649983,0.0,0
1.186133961326222,0.0410865519262598,585.0,2973.0,0.2470822728010048,0.8984668490763744,0.0,39973.0,0.7526973278649983,0.0,0
1.1861379375496788,0.0410865519262598,586.0,2973.0,0.24708624902446175,0.8984668490763745,0.0,39973.0,0.7526973278649983,0.0,0
1.1861418742090513,0.0410865519262598,587.0,2973.0,0.24709018568383403,0.8984668490763741,0.0,39973.0,0.7526973278649983,0.0,0
1.1861457716980084,0.0410865519262598,588.0,2973.0,0.24709408317279136,0.8984668490763745,0.0,39973.0,0.7526973278649983,0.0,0
1.1861496304063026,0.0410865519262598,589.0,2973.0,0.2470979418810855,0.8984668490763743,0.0,39973.0,0.7526973278649983,0.0,0
1.1861534507198077,0.0410865519262598,590.0,2973.0,0.24710176219459054,0.8984668490763745,0.0,39973.0,0.7526973278649983,0.0,0
1.1861572330205583,0.0410865519262598,591.0,2973.0,0.24710554449534106,0.8984668490763743,0.0,39973.0,0.7526973278649983,0.0,0
1.1861609776867874,0.0410865519262598,592.0,2973.0,0.2471092891615704,0.8984668490763741,0.0,39973.0,0.7526973278649983,0.0,0
1.1861646850929652,0.0410865519262598,593.0,2973.0,0.24711299656774813,0.8984668490763744,0.0,39973.0,0.7526973278649983,0.0,0
1.1861683556098355,0.0410865519262598,594.0,2973.0,0.24711666708461824,0.8984668490763745,0.0,39973.0,0.7526973278649983,0.0,0
1.1861719896044522,0.0410865519262598,595.0,2973.0,0.24712030107923494,0.8984668490763744,0.0,39973.0,0.7526973278649983,0.0,0
1.1861755874402184,0.0410865519262598,596.0,2973.0,0.24712389891500133,0.8984668490763745,0.0,39973.0,0.7526973278649983,0.0,0
1.1861791494769205,0.0410865519262598,597.0,2973.0,0.2471274609517035,0.8984668490763739,0.0,39973.0,0.7526973278649983,0.0,0
1.1861826760707654,0.0410865519262598,598.0,2973.0,0.24713098754554844,0.8984668490763739,0.0,39973.0,0.7526973278649983,0.0,0
1.1861861675744152,0.0410865519262598,599.0,2973.0,0.2471344790491981,0.8984668490763742,0.0,39973.0,0.7526973278649983,0.0,0
1.1861896243370234,0.0410865519262598,600.0,2973.0,0.24713793581180613,0.8984668490763744,0.0,39973.0,0.7526973278649983,0.0,0
1.1861930467042687,0.0410865519262598,601.0,2973.0,0.2471413581790515,0.8984668490763742,0.0,39973.0,0.7526973278649983,0.0,0
1.1861964350183911,0.0410865519262598,602.0,2973.0,0.2471447464931739,0.8984668490763745,0.0,39973.0,0.7526973278649983,0.0,0
1.1861997896182246,0.0410865519262598,603.0,2973.0,0.24714810109300742,0.8984668490763742,0.0,39973.0,0.7526973278649983,0.0,0
1.186203110839232,0.0410865519262598,604.0,2973.0,0.24715142231401485,0.8984668490763739,0.0,39973.0,0.7526973278649983,0.0,0
1.1862063990135383,0.0410865519262598,605.0,2973.0,0.24715471048832116,0.8984668490763745,0.0,39973.0,0.7526973278649983,0.0,0
1.1862096544699636,0.0410865519262598,606.0,2973.0,0.24715796594474643,0.898466849076374,0.0,39973.0,0.7526973278649983,0.0,0
1.1862128775340561,0.0410865519262598,607.0,2973.0,0.24716118900883888,0.898466849076374,0.0,39973.0,0.7526973278649983,0.0,0
1.186216068528125,0.0410865519262598,608.0,2973.0,0.24716438000290789,0.8984668490763741,0.0,39973.0,0.7526973278649983,0.0,0
1.1862192277712726,0.0410865519262598,609.0,2973.0,0.2471675392460555,0.8984668490763741,0.0,39973.0,0.7526973278649983,0.0,0
1.1862223555794256,0.0410865519262598,610.0,2973.0,0.2471706670542085,0.8984668490763741,0.0,39973.0,0.7526973278649983,0.0,0
1.1862254522653675,0.0410865519262598,611.0,2973.0,0.2471737637401503,0.898466849076374,0.0,39973.0,0.7526973278649983,0.0,0
1.1862285181387695,0.0410865519262598,612.0,2973.0,0.2471768296135524,0.8984668490763743,0.0,39973.0,0.7526973278649983,0.0,0
1.186261229290985,0.041116227711023384,613.0,2974.0,0.24717986498100428,0.8984668490763741,0.0,39973.0,0.7526973278649983,0.0,0
1.1862642344560261,0.041116227711023384,614.0,2974.0,0.2471828701460453,0.8984668490763744,0.0,39973.0,0.7526973278649983,0.0,0
1.1862672097191755,0.041116227711023384,615.0,2974.0,0.24718584540919467,0.8984668490763744,0.0,39973.0,0.7526973278649983,0.0,0
1.1862701553779615,0.041116227711023384,616.0,2974.0,0.24718879106798097,0.8984668490763743,0.0,39973.0,0.7526973278649983,0.0,0
1.1862730717269536,0.041116227711023384,617.0,2974.0,0.2471917074169728,0.8984668490763746,0.0,39973.0,0.7526973278649983,0.0,0
1.186275959057788,0.041116227711023384,618.0,2974.0,0.24719459474780722,0.8984668490763741,0.0,39973.0,0.7526973278649983,0.0,0
1.1862788176592003,0.041116227711023384,619.0,2974.0,0.2471974533492198,0.8984668490763739,0.0,39973.0,0.7526973278649983,0.0,0
1.186281647817054,0.041116227711023384,620.0,2974.0,0.2472002835070731,0.8984668490763745,0.0,39973.0,0.7526973278649983,0.0,0
1.1862844498143659,0.041116227711023384,621.0,2974.0,0.24720308550438522,0.8984668490763743,0.0,39973.0,0.7526973278649983,0.0,0
1.186287223931339,0.041116227711023384,622.0,2974.0,0.24720585962135813,0.898466849076374,0.0,39973.0,0.7526973278649983,0.0,0
1.1862899704453869,0.041116227711023384,623.0,2974.0,0.24720860613540607,0.8984668490763745,0.0,39973.0,0.7526973278649983,0.0,0
1.1862926896311634,0.041116227711023384,624.0,2974.0,0.24721132532118273,0.8984668490763742,0.0,39973.0,0.7526973278649983,0.0,0
1.1862953817605895,0.041116227711023384,625.0,2974.0,0.24721401745060867,0.8984668490763741,0.0,39973.0,0.7526973278649983,0.0,0
1.1862980471028801,0.041116227711023384,626.0,2974.0,0.24721668279289943,0.8984668490763745,0.0,39973.0,0.7526973278649983,0.0,0
1.186300685924572,0.041116227711023384,627.0,2974.0,0.24721932161459115,0.8984668490763743,0.0,39973.0,0.7526973278649983,0.0,0
1.186303298489549,0.041116227711023384,628.0,2974.0,0.24722193417956836,0.8984668490763739,0.0,39973.0,0.7526973278649983,0.0,0
1.1863058850590704,0.041116227711023384,629.0,2974.0,0.24722452074908974,0.8984668490763743,0.0,39973.0,0.7526973278649983,0.0,0
1.186308445891795,0.041116227711023384,630.0,2974.0,0.24722708158181433,0.8984668490763741,0.0,39973.0,0.7526973278649983,0.0,0
1.1863109812438084,0.041116227711023384,631.0,2974.0,0.2472296169338275,0.8984668490763741,0.0,39973.0,0.7526973278649983,0.0,0
1.1863134913686475,0.041116227711023384,632.0,2974.0,0.2472321270586668,0.8984668490763743,0.0,39973.0,0.7526973278649983,0.0,0
1.1863159765173275,0.041116227711023384,633.0,2974.0,0.2472346122073466,0.8984668490763744,0.0,39973.0,0.7526973278649983,0.0,0
1.1863184369383644,0.041116227711023384,634.0,2974.0,0.2472370726283837,0.8984668490763741,0.0,39973.0,0.7526973278649983,0.0,0
1.1863208728778032,0.041116227711023384,635.0,2974.0,0.2472395085678226,0.8984668490763738,0.0,39973.0,0.7526973278649983,0.0,0
1.1863232845792397,0.041116227711023384,636.0,2974.0,0.24724192026925906,0.8984668490763741,0.0,39973.0,0.7526973278649983,0.0,0
1.1863256722838462,0.041116227711023384,637.0,2974.0,0.2472443079738654,0.8984668490763745,0.0,39973.0,0.7526973278649983,0.0,0
1.1863280362303947,0.041116227711023384,638.0,2974.0,0.24724667192041375,0.8984668490763742,0.0,39973.0,0.7526973278649983,0.0,0
1.1863303766552815,0.041116227711023384,639.0,2974.0,0.24724901234530097,0.8984668490763742,0.0,39973.0,0.7526973278649983,0.0,0
1.1863326937925525,0.041116227711023384,640.0,2974.0,0.24725132948257167,0.8984668490763745,0.0,39973.0,0.7526973278649983,0.0,0
1.1863349878739218,0.041116227711023384,641.0,2974.0,0.24725362356394112,0.8984668490763745,0.0,39973.0,0.7526973278649983,0.0,0
1.1863372591288002,0.041116227711023384,642.0,2974.0,0.24725589481881952,0.8984668490763745,0.0,39973.0,0.7526973278649983,0.0,0
1.186339507784315,0.041116227711023384,643.0,2974.0,0.24725814347433422,0.8984668490763744,0.0,39973.0,0.7526973278649983,0.0,0
1.1863558992909955,0.04113039293668509,644.0,2975.0,0.24726036975535293,0.8984668490763743,0.0,39973.0,0.7526973278649983,0.0,0
1.1863581034201478,0.04113039293668509,645.0,2975.0,0.24726257388450532,0.8984668490763743,0.0,39973.0,0.7526973278649983,0.0,0
1.1863602856178483,0.04113039293668509,646.0,2975.0,0.24726475608220605,0.898466849076374,0.0,39973.0,0.7526973278649983,0.0,0
1.1863624461023194,0.04113039293668509,647.0,2975.0,0.24726691656667704,0.8984668490763742,0.0,39973.0,0.7526973278649983,0.0,0
1.1863645850896107,0.04113039293668509,648.0,2975.0,0.2472690555539684,0.8984668490763745,0.0,39973.0,0.7526973278649983,0.0,0
1.1863667027936229,0.04113039293668509,649.0,2975.0,0.24727117325798037,0.8984668490763745,0.0,39973.0,0.7526973278649983,0.0,0
1.1863687994261278,0.04113039293668509,650.0,2975.0,0.24727326989048548,0.8984668490763743,0.0,39973.0,0.7526973278649983,0.0,0
1.186370875196791,0.04113039293668509,651.0,2975.0,0.2472753456611486,0.8984668490763741,0.0,39973.0,0.7526973278649983,0.0,0
1.186372930313191,0.04113039293668509,652.0,2975.0,0.24727740077754856,0.8984668490763739,0.0,39973.0,0.7526973278649983,0.0,0
1.186374964980841,0.04113039293668509,653.0,2975.0,0.24727943544519865,0.8984668490763742,0.0,39973.0,0.7526973278649983,0.0,0
1.18637697940321,0.04113039293668509,654.0,2975.0,0.24728144986756742,0.8984668490763743,0.0,39973.0,0.7526973278649983,0.0,0
1.186378973781741,0.04113039293668509,655.0,2975.0,0.24728344424609866,0.8984668490763741,0.0,39973.0,0.7526973278649983,0.0,0
1.1863809483158745,0.04113039293668509,656.0,2975.0,0.2472854187802319,0.8984668490763742,0.0,39973.0,0.7526973278649983,0.0,0
1.1863829032030648,0.04113039293668509,657.0,2975.0,0.24728737366742232,0.8984668490763742,0.0,39973.0,0.7526973278649983,0.0,0
1.1863848386388025,0.04113039293668509,658.0,2975.0,0.24728930910316002,0.8984668490763745,0.0,39973.0,0.7526973278649983,0.0,0
1.1863867548166331,0.04113039293668509,659.0,2975.0,0.24729122528099054,0.8984668490763742,0.0,39973.0,0.7526973278649983,0.0,0
1.1863886519281757,0.04113039293668509,660.0,2975.0,0.24729312239253312,0.8984668490763748,0.0,39973.0,0.7526973278649983,0.0,0
1.1863905301631428,0.04113039293668509,661.0,2975.0,0.24729500062750034,0.898466849076374,0.0,39973.0,0.7526973278649983,0.0,0
1.1863923897093598,0.04113039293668509,662.0,2975.0,0.2472968601737174,0.8984668490763743,0.0,39973.0,0.7526973278649983,0.0,0
1.186394230752783,0.04113039293668509,663.0,2975.0,0.24729870121714048,0.8984668490763744,0.0,39973.0,0.7526973278649983,0.0,0
1.186396053477518,0.04113039293668509,664.0,2975.0,0.2473005239418754,0.8984668490763745,0.0,39973.0,0.7526973278649983,0.0,0
1.1863978580658385,0.04113039293668509,665.0,2975.0,0.2473023285301962,0.8984668490763741,0.0,39973.0,0.7526973278649983,0.0,0
1.1863996446982057,0.04113039293668509,666.0,2975.0,0.2473041151625633,0.8984668490763745,0.0,39973.0,0.7526973278649983,0.0,0
1.1864014135532837,0.04113039293668509,667.0,2975.0,0.24730588401764117,0.8984668490763745,0.0,39973.0,0.7526973278649983,0.0,0
1.1864031648079594,0.04113039293668509,668.0,2975.0,0.24730763527231692,0.8984668490763745,0.0,39973.0,0.7526973278649983,0.0,0
1.18640489863736,0.04113039293668509,669.0,2975.0,0.2473093691017176,0.8984668490763742,0.0,39973.0,0.7526973278649983,0.0,0
1.1864066152148698,0.04113039293668509,670.0,2975.0,0.2473110856792274,0.8984668490763741,0.0,39973.0,0.7526973278649983,0.0,0
1.186408314712148,0.04113039293668509,671.0,2975.0,0.24731278517650565,0.8984668490763744,0.0,39973.0,0.7526973278649983,0.0,0
1.1864099972991458,0.04113039293668509,672.0,2975.0,0.2473144677635033,0.8984668490763743,0.0,39973.0,0.7526973278649983,0.0,0
1.1864116631441233,0.04113039293668509,673.0,2975.0,0.24731613360848093,0.8984668490763743,0.0,39973.0,0.7526973278649983,0.0,0
1.1864133124136662,0.04113039293668509,674.0,2975.0,0.24731778287802383,0.8984668490763745,0.0,39973.0,0.7526973278649983,0.0,0
1.186414945272703,0.04113039293668509,675.0,2975.0,0.2473194157370605,0.8984668490763746,0.0,39973.0,0.7526973278649983,0.0,0
1.1864165618845208,0.04113039293668509,676.0,2975.0,0.2473210323488784,0.8984668490763741,0.0,39973.0,0.7526973278649983,0.0,0
1.1864181624107824,0.04113039293668509,677.0,2975.0,0.24732263287513997,0.8984668490763745,0.0,39973.0,0.7526973278649983,0.0,0
1.1864197470115416,0.04113039293668509,678.0,2975.0,0.24732421747589917,0.8984668490763745,0.0,39973.0,0.7526973278649983,0.0,0
1.18642131584526,0.04113039293668509,679.0,2975.0,0.24732578630961743,0.8984668490763742,0.0,39973.0,0.7526973278649983,0.0,0
1.1864228690688217,0.04113039293668509,680.0,2975.0,0.24732733953317923,0.8984668490763745,0.0,39973.0,0.7526973278649983,0.0,0
1.1864244068375507,0.04113039293668509,681.0,2975.0,0.24732887730190853,0.8984668490763741,0.0,39973.0,0.7526973278649983,0.0,0
1.1864259293052255,0.04113039293668509,682.0,2975.0,0.24733039976958315,0.8984668490763741,0.0,39973.0,0.7526973278649983,0.0,0
1.1864274366240937,0.04113039293668509,683.0,2975.0,0.24733190708845132,0.8984668490763738,0.0,39973.0,0.7526973278649983,0.0,0
1.1864289289448886,0.04113039293668509,684.0,2975.0,0.24733339940924615,0.8984668490763739,0.0,39973.0,0.7526973278649983,0.0,0
1.1864304064168434,0.04113039293668509,685.0,2975.0,0.24733487688120118,0.8984668490763741,0.0,39973.0,0.7526973278649983,0.0,0
1.1864318691877067,0.04113039293668509,686.0,2975.0,0.24733633965206436,0.8984668490763744,0.0,39973.0,0.7526973278649983,0.0,0
1.186433317403757,0.04113039293668509,687.0,2975.0,0.24733778786811433,0.8984668490763745,0.0,39973.0,0.7526973278649983,0.0,0
1.1864347512098163,0.04113039293668509,688.0,2975.0,0.24733922167417388,0.8984668490763743,0.0,39973.0,0.7526973278649983,0.0,0
1.1864361707492672,0.04113039293668509,689.0,2975.0,0.24734064121362465,0.8984668490763743,0.0,39973.0,0.7526973278649983,0.0,0
1.1864375761640646,0.04113039293668509,690.0,2975.0,0.24734204662842207,0.8984668490763744,0.0,39973.0,0.7526973278649983,0.0,0
1.186438967594751,0.04113039293668509,691.0,2975.0,0.2473434380591086,0.8984668490763748,0.0,39973.0,0.7526973278649983,0.0,0
1.1864403451804708,0.04113039293668509,692.0,2975.0,0.24734481564482833,0.898466849076374,0.0,39973.0,0.7526973278649983,0.0,0
1.1864417090589836,0.04113039293668509,693.0,2975.0,0.24734617952334137,0.8984668490763739,0.0,39973.0,0.7526973278649983,0.0,0
1.1864430593666786,0.04113039293668509,694.0,2975.0,0.24734752983103617,0.8984668490763741,0.0,39973.0,0.7526973278649983,0.0,0
1.1864443962385876,0.04113039293668509,695.0,2975.0,0.24734886670294506,0.898466849076374,0.0,39973.0,0.7526973278649983,0.0,0
1.1864457198083986,0.04113039293668509,696.0,2975.0,0.2473501902727561,0.8984668490763743,0.0,39973.0,0.7526973278649983,0.0,0
1.1864470302084702,0.04113039293668509,697.0,2975.0,0.24735150067282757,0.8984668490763745,0.0,39973.0,0.7526973278649983,0.0,0
1.186448327569843,0.04113039293668509,698.0,2975.0,0.24735279803420046,0.8984668490763743,0.0,39973.0,0.7526973278649983,0.0,0
1.1864496120222543,0.04113039293668509,699.0,2975.0,0.247354082486612,0.8984668490763742,0.0,39973.0,0.7526973278649983,0.0,0
1.186450883694151,0.04113039293668509,700.0,2975.0,0.24735535415850848,0.8984668490763745,0.0,39973.0,0.7526973278649983,0.0,0
1.1864521427127006,0.04113039293668509,701.0,2975.0,0.24735661317705823,0.8984668490763743,0.0,39973.0,0.7526973278649983,0.0,0
1.1864533892038065,0.04113039293668509,702.0,2975.0,0.24735785966816407,0.8984668490763743,0.0,39973.0,0.7526973278649983,0.0,0
1.1864546232921187,0.04113039293668509,703.0,2975.0,0.24735909375647622,0.898466849076374,0.0,39973.0,0.7526973278649983,0.0,0
1.1864558451010467,0.04113039293668509,704.0,2975.0,0.24736031556540436,0.8984668490763739,0.0,39973.0,0.7526973278649983,0.0,0
1.186457054752773,0.04113039293668509,705.0,2975.0,0.2473615252171307,0.8984668490763743,0.0,39973.0,0.7526973278649983,0.0,0
1.1864582523682636,0.04113039293668509,706.0,2975.0,0.2473627228326211,0.8984668490763745,0.0,39973.0,0.7526973278649983,0.0,0
1.186459438067281,0.04113039293668509,707.0,2975.0,0.24736390853163845,0.8984668490763743,0.0,39973.0,0.7526973278649983,0.0,0
1.1864606119683958,0.04113039293668509,708.0,2975.0,0.24736508243275324,0.8984668490763743,0.0,39973.0,0.7526973278649983,0.0,0
1.1864617741889993,0.04113039293668509,709.0,2975.0,0.24736624465335705,0.8984668490763741,0.0,39973.0,0.7526973278649983,0.0,0
1.186462924845315,0.04113039293668509,710.0,2975.0,0.24736739530967236,0.8984668490763741,0.0,39973.0,0.7526973278649983,0.0,0
1.1864640640524085,0.04113039293668509,711.0,2975.0,0.24736853451676613,0.8984668490763741,0.0,39973.0,0.7526973278649983,0.0,0
1.1864651919242024,0.04113039293668509,712.0,2975.0,0.24736966238856006,0.8984668490763742,0.0,39973.0,0.7526973278649983,0.0,0
1.1864663085734843,0.04113039293668509,713.0,2975.0,0.24737077903784208,0.8984668490763742,0.0,39973.0,0.7526973278649983,0.0,0
1.1864674141119202,0.04113039293668509,714.0,2975.0,0.24737188457627793,0.8984668490763743,0.0,39973.0,0.7526973278649983,0.0,0
1.186468508650065,0.04113039293668509,715.0,2975.0,0.24737297911442274,0.8984668490763739,0.0,39973.0,0.7526973278649983,0.0,0
1.1864695922973731,0.04113039293668509,716.0,2975.0,0.24737406276173068,0.8984668490763744,0.0,39973.0,0.7526973278649983,0.0,0
1.1864706651622106,0.04113039293668509,717.0,2975.0,0.2473751356265681,0.8984668490763744,0.0,39973.0,0.7526973278649983,0.0,0
1.1864717273518646,0.04113039293668509,718.0,2975.0,0.24737619781622208,0.8984668490763742,0.0,39973.0,0.7526973278649983,0.0,0
1.1864727789725547,0.04113039293668509,719.0,2975.0,0.24737724943691217,0.8984668490763743,0.0,39973.0,0.7526973278649983,0.0,0
1.1864738201294442,0.04113039293668509,720.0,2975.0,0.24737829059380165,0.8984668490763745,0.0,39973.0,0.7526973278649983,0.0,0
1.1864748509266496,0.04113039293668509,721.0,2975.0,0.24737932139100716,0.8984668490763743,0.0,39973.0,0.7526973278649983,0.0,0
1.1864758714672514,0.04113039293668509,722.0,2975.0,0.24738034193160885,0.8984668490763745,0.0,39973.0,0.7526973278649983,0.0,0
1.1864768818533045,0.04113039293668509,723.0,2975.0,0.2473813523176621,0.8984668490763741,0.0,39973.0,0.7526973278649983,0.0,0
1.1864778821858484,0.04113039293668509,724.0,2975.0,0.2473823526502059,0.8984668490763745,0.0,39973.0,0.7526973278649983,0.0,0
1.1864788725649171,0.04113039293668509,725.0,2975.0,0.2473833430292746,0.8984668490763745,0.0,39973.0,0.7526973278649983,0.0,0
1.1864798530895493,0.04113039293668509,726.0,2975.0,0.24738432355390702,0.8984668490763742,0.0,39973.0,0.7526973278649983,0.0,0
1.1864808238577988,0.04113039293668509,727.0,2975.0,0.24738529432215642,0.8984668490763741,0.0,39973.0,0.7526973278649983,0.0,0
1.1864817849667428,0.04113039293668509,728.0,2975.0,0.24738625543110027,0.8984668490763741,0.0,39973.0,0.7526973278649983,0.0,0
1.1864827365124928,0.04113039293668509,729.0,2975.0,0.24738720697685035,0.8984668490763741,0.0,39973.0,0.7526973278649983,0.0,0
1.1864836785902044,0.04113039293668509,730.0,2975.0,0.24738814905456194,0.8984668490763743,0.0,39973.0,0.7526973278649983,0.0,0
1.1864846112940863,0.04113039293668509,731.0,2975.0,0.24738908175844374,0.8984668490763744,0.0,39973.0,0.7526973278649983,0.0,0
1.1864855347174095,0.04113039293668509,732.0,2975.0,0.24739000518176688,0.8984668490763743,0.0,39973.0,0.7526973278649983,0.0,0
1.1864864489525169,0.04113039293668509,733.0,2975.0,0.2473909194168744,0.8984668490763745,0.0,39973.0,0.7526973278649983,0.0,0
1.186487354090833,0.04113039293668509,734.0,2975.0,0.24739182455519076,0.8984668490763743,0.0,39973.0,0.7526973278649983,0.0,0
1.1864882502228726,0.04113039293668509,735.0,2975.0,0.24739272068723026,0.8984668490763743,0.0,39973.0,0.7526973278649983,0.0,0
1.1864891374382494,0.04113039293668509,736.0,2975.0,0.247393607902607,0.8984668490763742,0.0,39973.0,0.7526973278649983,0.0,0
1.1864900158256855,0.04113039293668509,737.0,2975.0,0.2473944862900432,0.8984668490763741,0.0,39973.0,0.7526973278649983,0.0,0
1.1864908854730207,0.04113039293668509,738.0,2975.0,0.24739535593737827,0.8984668490763743,0.0,39973.0,0.7526973278649983,0.0,0
1.1864917464672204,0.04113039293668509,739.0,2975.0,0.24739621693157796,0.8984668490763743,0.0,39973.0,0.7526973278649983,0.0,0
1.1864925988943846,0.04113039293668509,740.0,2975.0,0.24739706935874214,0.898466849076374,0.0,39973.0,0.7526973278649983,0.0,0
1.1864934428397569,0.04113039293668509,741.0,2975.0,0.24739791330411454,0.8984668490763744,0.0,39973.0,0.7526973278649983,0.0,0
1.1864942783877321,0.04113039293668509,742.0,2975.0,0.24739874885208973,0.8984668490763741,0.0,39973.0,0.7526973278649983,0.0,0
1.1864951056218664,0.04113039293668509,743.0,2975.0,0.24739957608622398,0.8984668490763745,0.0,39973.0,0.7526973278649983,0.0,0
1.1864959246248834,0.04113039293668509,744.0,2975.0,0.247400395089241,0.8984668490763742,0.0,39973.0,0.7526973278649983,0.0,0
1.1864967354786842,0.04113039293668509,745.0,2975.0,0.24740120594304177,0.8984668490763741,0.0,39973.0,0.7526973278649983,0.0,0
1.186497538264355,0.04113039293668509,746.0,2975.0,0.24740200872871257,0.8984668490763742,0.0,39973.0,0.7526973278649983,0.0,0
1.1864983330621748,0.04113039293668509,747.0,2975.0,0.24740280352653238,0.8984668490763743,0.0,39973.0,0.7526973278649983,0.0,0
1.1864991199516242,0.04113039293668509,748.0,2975.0,0.24740359041598164,0.8984668490763741,0.0,39973.0,0.7526973278649983,0.0,0
1.1864998990113929,0.04113039293668509,749.0,2975.0,0.24740436947575029,0.8984668490763746,0.0,39973.0,0.7526973278649983,0.0,0
1.186500670319387,0.04113039293668509,750.0,2975.0,0.24740514078374456,0.8984668490763741,0.0,39973.0,0.7526973278649983,0.0,0
1.1865014339527384,0.04113039293668509,751.0,2975.0,0.24740590441709615,0.8984668490763743,0.0,39973.0,0.7526973278649983,0.0,0
1.1865021899878112,0.04113039293668509,752.0,2975.0,0.24740666045216894,0.8984668490763741,0.0,39973.0,0.7526973278649983,0.0,0
1.1865029385002093,0.04113039293668509,753.0,2975.0,0.2474074089645669,0.8984668490763744,0.0,39973.0,0.7526973278649983,0.0,0
1.1865036795647848,0.04113039293668509,754.0,2975.0,0.24740815002914232,0.8984668490763741,0.0,39973.0,0.7526973278649983,0.0,0
1.1865044132556442,0.04113039293668509,755.0,2975.0,0.24740888372000172,0.8984668490763743,0.0,39973.0,0.7526973278649983,0.0,0
1.1865051396461577,0.04113039293668509,756.0,2975.0,0.24740961011051532,0.8984668490763743,0.0,39973.0,0.7526973278649983,0.0,0
1.1865058588089648,0.04113039293668509,757.0,2975.0,0.24741032927332235,0.898466849076374,0.0,39973.0,0.7526973278649983,0.0,0
1.1865065708159825,0.04113039293668509,758.0,2975.0,0.24741104128034005,0.8984668490763744,0.0,39973.0,0.7526973278649983,0.0,0
1.186507275738412,0.04113039293668509,759.0,2975.0,0.2474117462027696,0.8984668490763746,0.0,39973.0,0.7526973278649983,0.0,0
1.1865079736467459,0.04113039293668509,760.0,2975.0,0.24741244411110366,0.8984668490763741,0.0,39973.0,0.7526973278649983,0.0,0
1.1865086646107763,0.04113039293668509,761.0,2975.0,0.2474131350751338,0.8984668490763744,0.0,39973.0,0.7526973278649983,0.0,0
1.1865093486995995,0.04113039293668509,762.0,2975.0,0.24741381916395702,0.8984668490763744,0.0,39973.0,0.7526973278649983,0.0,0
1.1865100259816252,0.04113039293668509,763.0,2975.0,0.2474144964459827,0.8984668490763744,0.0,39973.0,0.7526973278649983,0.0,0
1.1865106965245817,0.04113039293668509,764.0,2975.0,0.24741516698893948,0.8984668490763743,0.0,39973.0,0.7526973278649983,0.0,0
1.1865113603955249,0.04113039293668509,765.0,2975.0,0.2474158308598826,0.8984668490763743,0.0,39973.0,0.7526973278649983,0.0,0
1.1865120176608417,0.04113039293668509,766.0,2975.0,0.24741648812519926,0.8984668490763742,0.0,39973.0,0.7526973278649983,0.0,0
1.1865126683862592,0.04113039293668509,767.0,2975.0,0.24741713885061672,0.8984668490763742,0.0,39973.0,0.7526973278649983,0.0,0
1.1865133126368508,0.04113039293668509,768.0,2975.0,0.24741778310120838,0.8984668490763743,0.0,39973.0,0.7526973278649983,0.0,0
1.186513950477042,0.04113039293668509,769.0,2975.0,0.24741842094139932,0.8984668490763745,0.0,39973.0,0.7526973278649983,0.0,0
1.1865145819706167,0.04113039293668509,770.0,2975.0,0.24741905243497433,0.898466849076374,0.0,39973.0,0.7526973278649983,0.0,0
1.1865152071807257,0.04113039293668509,771.0,2975.0,0.24741967764508346,0.898466849076374,0.0,39973.0,0.7526973278649983,0.0,0
1.1865158261698905,0.04113039293668509,772.0,2975.0,0.2474202966342479,0.8984668490763748,0.0,39973.0,0.7526973278649983,0.0,0
1.1865164390000098,0.04113039293668509,773.0,2975.0,0.24742090946436715,0.8984668490763745,0.0,39973.0,0.7526973278649983,0.0,0
1.1865170457323673,0.04113039293668509,774.0,2975.0,0.247421516196725,0.8984668490763741,0.0,39973.0,0.7526973278649983,0.0,0
1.1865176464276372,0.04113039293668509,775.0,2975.0,0.24742211689199492,0.8984668490763739,0.0,39973.0,0.7526973278649983,0.0,0
1.1865182411458897,0.04113039293668509,776.0,2975.0,0.2474227116102471,0.8984668490763743,0.0,39973.0,0.7526973278649983,0.0,0
1.1865188299465963,0.04113039293668509,777.0,2975.0,0.24742330041095384,0.8984668490763743,0.0,39973.0,0.7526973278649983,0.0,0
1.1865194128886378,0.04113039293668509,778.0,2975.0,0.24742388335299553,0.8984668490763741,0.0,39973.0,0.7526973278649983,0.0,0
1.1865199900303096,0.04113039293668509,779.0,2975.0,0.24742446049466707,0.8984668490763744,0.0,39973.0,0.7526973278649983,0.0,0
1.1865205614293255,0.04113039293668509,780.0,2975.0,0.2474250318936831,0.8984668490763742,0.0,39973.0,0.7526973278649983,0.0,0
1.1865211271428262,0.04113039293668509,781.0,2975.0,0.24742559760718383,0.8984668490763745,0.0,39973.0,0.7526973278649983,0.0,0
1.1865216872273836,0.04113039293668509,782.0,2975.0,0.2474261576917412,0.8984668490763743,0.0,39973.0,0.7526973278649983,0.0,0
1.1865222417390064,0.04113039293668509,783.0,2975.0,0.24742671220336404,0.8984668490763743,0.0,39973.0,0.7526973278649983,0.0,0
1.1865227907331466,0.04113039293668509,784.0,2975.0,0.24742726119750405,0.8984668490763744,0.0,39973.0,0.7526973278649983,0.0,0
1.186523334264704,0.04113039293668509,785.0,2975.0,0.2474278047290613,0.8984668490763745,0.0,39973.0,0.7526973278649983,0.0,0
1.1865238723880316,0.04113039293668509,786.0,2975.0,0.24742834285238907,0.8984668490763745,0.0,39973.0,0.7526973278649983,0.0,0
1.1865244051569426,0.04113039293668509,787.0,2975.0,0.24742887562130014,0.8984668490763742,0.0,39973.0,0.7526973278649983,0.0,0
1.1865249326247145,0.04113039293668509,788.0,2975.0,0.24742940308907205,0.8984668490763743,0.0,39973.0,0.7526973278649983,0.0,0
1.1865254548440947,0.04113039293668509,789.0,2975.0,0.247429925308452,0.8984668490763745,0.0,39973.0,0.7526973278649983,0.0,0
1.1865259718673047,0.04113039293668509,790.0,2975.0,0.24743044233166223,0.8984668490763741,0.0,39973.0,0.7526973278649983,0.0,0
1.1865264837460483,0.04113039293668509,791.0,2975.0,0.24743095421040578,0.8984668490763743,0.0,39973.0,0.7526973278649983,0.0,0
1.186526990531513,0.04113039293668509,792.0,2975.0,0.24743146099587052,0.8984668490763743,0.0,39973.0,0.7526973278649983,0.0,0
1.186527492274378,0.04113039293668509,793.0,2975.0,0.2474319627387355,0.8984668490763743,0.0,39973.0,0.7526973278649983,0.0,0
1.1865279890248182,0.04113039293668509,794.0,2975.0,0.2474324594891759,0.898466849076374,0.0,39973.0,0.7526973278649983,0.0,0
1.186528480832509,0.04113039293668509,795.0,2975.0,0.2474329512968665,0.8984668490763743,0.0,39973.0,0.7526973278649983,0.0,0
1.1865289677466315,0.04113039293668509,796.0,2975.0,0.24743343821098912,0.8984668490763745,0.0,39973.0,0.7526973278649983,0.0,0
1.1865294498158774,0.04113039293668509,797.0,2975.0,0.24743392028023495,0.8984668490763741,0.0,39973.0,0.7526973278649983,0.0,0
1.1865299270884544,0.04113039293668509,798.0,2975.0,0.24743439755281182,0.8984668490763746,0.0,39973.0,0.7526973278649983,0.0,0
1.1865303996120897,0.04113039293668509,799.0,2975.0,0.24743487007644727,0.8984668490763743,0.0,39973.0,0.7526973278649983,0.0,0
1.1865308674340362,0.04113039293668509,800.0,2975.0,0.24743533789839373,0.898466849076374,0.0,39973.0,0.7526973278649983,0.0,0
1.1865313306010767,0.04113039293668509,801.0,2975.0,0.2474358010654344,0.8984668490763741,0.0,39973.0,0.7526973278649983,0.0,0
1.1865317891595284,0.04113039293668509,802.0,2975.0,0.24743625962388582,0.8984668490763745,0.0,39973.0,0.7526973278649983,0.0,0
1.1865322431552467,0.04113039293668509,803.0,2975.0,0.24743671361960437,0.8984668490763744,0.0,39973.0,0.7526973278649983,0.0,0
1.1865326926336326,0.04113039293668509,804.0,2975.0,0.24743716309799016,0.8984668490763745,0.0,39973.0,0.7526973278649983,0.0,0
1.1865331376396335,0.04113039293668509,805.0,2975.0,0.2474376081039912,0.8984668490763741,0.0,39973.0,0.7526973278649983,0.0,0
1.186533578217751,0.04113039293668509,806.0,2975.0,0.2474380486821086,0.8984668490763745,0.0,39973.0,0.7526973278649983,0.0,0
1.1865340144120426,0.04113039293668509,807.0,2975.0,0.24743848487640038,0.8984668490763741,0.0,39973.0,0.7526973278649983,0.0,0
1.186534446266129,0.04113039293668509,808.0,2975.0,0.24743891673048646,0.8984668490763741,0.0,39973.0,0.7526973278649983,0.0,0
1.1865348738231951,0.04113039293668509,809.0,2975.0,0.24743934428755268,0.8984668490763741,0.0,39973.0,0.7526973278649983,0.0,0
1.1865352971259975,0.04113039293668509,810.0,2975.0,0.24743976759035502,0.8984668490763742,0.0,39973.0,0.7526973278649983,0.0,0
1.1865357162168666,0.04113039293668509,811.0,2975.0,0.24744018668122417,0.8984668490763745,0.0,39973.0,0.7526973278649983,0.0,0
1.1865361311377116,0.04113039293668509,812.0,2975.0,0.2474406016020693,0.8984668490763739,0.0,39973.0,0.7526973278649983,0.0,0
1.1865365419300256,0.04113039293668509,813.0,2975.0,0.24744101239438324,0.8984668490763745,0.0,39973.0,0.7526973278649983,0.0,0
1.1865369486348876,0.04113039293668509,814.0,2975.0,0.24744141909924522,0.8984668490763744,0.0,39973.0,0.7526973278649983,0.0,0
1.1865373512929687,0.04113039293668509,815.0,2975.0,0.24744182175732612,0.8984668490763742,0.0,39973.0,0.7526973278649983,0.0,0
1.1865377499445349,0.04113039293668509,816.0,2975.0,0.24744222040889233,0.8984668490763748,0.0,39973.0,0.7526973278649983,0.0,0
1.1865381446294516,0.04113039293668509,817.0,2975.0,0.24744261509380913,0.8984668490763741,0.0,39973.0,0.7526973278649983,0.0,0
1.1865385353871876,0.04113039293668509,818.0,2975.0,0.24744300585154533,0.8984668490763736,0.0,39973.0,0.7526973278649983,0.0,0
1.1865389222568197,0.04113039293668509,819.0,2975.0,0.2474433927211772,0.8984668490763745,0.0,39973.0,0.7526973278649983,0.0,0
1.1865393052770346,0.04113039293668509,820.0,2975.0,0.24744377574139187,0.8984668490763746,0.0,39973.0,0.7526973278649983,0.0,0
1.1865396844861342,0.04113039293668509,821.0,2975.0,0.24744415495049177,0.898466849076374,0.0,39973.0,0.7526973278649983,0.0,0
1.1865400599220406,0.04113039293668509,822.0,2975.0,0.2474445303863981,0.8984668490763741,0.0,39973.0,0.7526973278649983,0.0,0
1.186540431622297,0.04113039293668509,823.0,2975.0,0.2474449020866546,0.8984668490763741,0.0,39973.0,0.7526973278649983,0.0,0
1.1865407996240744,0.04113039293668509,824.0,2975.0,0.24744527008843192,0.8984668490763742,0.0,39973.0,0.7526973278649983,0.0,0
1.1865411639641728,0.04113039293668509,825.0,2975.0,0.24744563442853024,0.8984668490763746,0.0,39973.0,0.7526973278649983,0.0,0
1.1865415246790265,0.04113039293668509,826.0,2975.0,0.24744599514338406,0.8984668490763742,0.0,39973.0,0.7526973278649983,0.0,0
1.1865418818047075,0.04113039293668509,827.0,2975.0,0.24744635226906517,0.8984668490763743,0.0,39973.0,0.7526973278649983,0.0,0
1.1865422353769286,0.04113039293668509,828.0,2975.0,0.2474467058412864,0.8984668490763739,0.0,39973.0,0.7526973278649983,0.0,0
1.1865425854310474,0.04113039293668509,829.0,2975.0,0.24744705589540503,0.8984668490763736,0.0,39973.0,0.7526973278649983,0.0,0
1.1865429320020697,0.04113039293668509,830.0,2975.0,0.24744740246642735,0.8984668490763741,0.0,39973.0,0.7526973278649983,0.0,0
1.1865432751246525,0.04113039293668509,831.0,2975.0,0.24744774558901006,0.8984668490763743,0.0,39973.0,0.7526973278649983,0.0,0
1.1865436148331086,0.04113039293668509,832.0,2975.0,0.24744808529746623,0.898466849076374,0.0,39973.0,0.7526973278649983,0.0,0
1.1865439511614089,0.04113039293668509,833.0,2975.0,0.2474484216257666,0.8984668490763743,0.0,39973.0,0.7526973278649983,0.0,0
1.1865442841431868,0.04113039293668509,834.0,2975.0,0.24744875460754454,0.8984668490763743,0.0,39973.0,0.7526973278649983,0.0,0
1.1865446138117408,0.04113039293668509,835.0,2975.0,0.24744908427609855,0.8984668490763741,0.0,39973.0,0.7526973278649983,0.0,0
1.1865449402000379,0.04113039293668509,836.0,2975.0,0.24744941066439538,0.8984668490763744,0.0,39973.0,0.7526973278649983,0.0,0
1.1865452633407167,0.04113039293668509,837.0,2975.0,0.24744973380507457,0.8984668490763741,0.0,39973.0,0.7526973278649983,0.0,0
1.186545583266093,0.04113039293668509,838.0,2975.0,0.24745005373045026,0.8984668490763744,0.0,39973.0,0.7526973278649983,0.0,0
1.1865459000081577,0.04113039293668509,839.0,2975.0,0.2474503704725153,0.8984668490763743,0.0,39973.0,0.7526973278649983,0.0,0
1.1865462135985865,0.04113039293668509,840.0,2975.0,0.24745068406294415,0.8984668490763741,0.0,39973.0,0.7526973278649983,0.0,0
1.1865465240687383,0.04113039293668509,841.0,2975.0,0.24745099453309605,0.8984668490763741,0.0,39973.0,0.7526973278649983,0.0,0
1.1865468314496608,0.04113039293668509,842.0,2975.0,0.24745130191401823,0.8984668490763745,0.0,39973.0,0.7526973278649983,0.0,0
1.1865471357720918,0.04113039293668509,843.0,2975.0,0.24745160623644935,0.8984668490763741,0.0,39973.0,0.7526973278649983,0.0,0
1.1865474370664642,0.04113039293668509,844.0,2975.0,0.2474519075308215,0.8984668490763749,0.0,39973.0,0.7526973278649983,0.0,0
1.186547735362907,0.04113039293668509,845.0,2975.0,0.24745220582726465,0.8984668490763739,0.0,39973.0,0.7526973278649983,0.0,0
1.186548030691251,0.04113039293668509,846.0,2975.0,0.2474525011556086,0.8984668490763742,0.0,39973.0,0.7526973278649983,0.0,0
1.1865483230810288,0.04113039293668509,847.0,2975.0,0.24745279354538638,0.8984668490763743,0.0,39973.0,0.7526973278649983,0.0,0
1.1865486125614797,0.04113039293668509,848.0,2975.0,0.24745308302583727,0.8984668490763741,0.0,39973.0,0.7526973278649983,0.0,0
1.186548899161552,0.04113039293668509,849.0,2975.0,0.24745336962590953,0.8984668490763741,0.0,39973.0,0.7526973278649983,0.0,0
1.186549182909906,0.04113039293668509,850.0,2975.0,0.24745365337426356,0.898466849076374,0.0,39973.0,0.7526973278649983,0.0,0
1.1865494638349166,0.04113039293668509,851.0,2975.0,0.2474539342992741,0.8984668490763744,0.0,39973.0,0.7526973278649983,0.0,0
1.1865497419646767,0.04113039293668509,852.0,2975.0,0.24745421242903437,0.8984668490763741,0.0,39973.0,0.7526973278649983,0.0,0
1.1865500173269994,0.04113039293668509,853.0,2975.0,0.24745448779135706,0.8984668490763739,0.0,39973.0,0.7526973278649983,0.0,0
1.1865502899494211,0.04113039293668509,854.0,2975.0,0.24745476041377873,0.8984668490763741,0.0,39973.0,0.7526973278649983,0.0,0
1.1865505598592045,0.04113039293668509,855.0,2975.0,0.24745503032356217,0.8984668490763742,0.0,39973.0,0.7526973278649983,0.0,0
1.186550827083341,0.04113039293668509,856.0,2975.0,0.24745529754769843,0.8984668490763744,0.0,39973.0,0.7526973278649983,0.0,0
1.1865510916485524,0.04113039293668509,857.0,2975.0,0.24745556211291,0.8984668490763742,0.0,39973.0,0.7526973278649983,0.0,0
1.1865513535812962,0.04113039293668509,858.0,2975.0,0.2474558240456538,0.8984668490763743,0.0,39973.0,0.7526973278649983,0.0,0
1.1865516129077656,0.04113039293668509,859.0,2975.0,0.2474560833721232,0.8984668490763741,0.0,39973.0,0.7526973278649983,0.0,0
1.1865518696538937,0.04113039293668509,860.0,2975.0,0.24745634011825116,0.8984668490763745,0.0,39973.0,0.7526973278649983,0.0,0
1.186552123845355,0.04113039293668509,861.0,2975.0,0.24745659430971245,0.8984668490763743,0.0,39973.0,0.7526973278649983,0.0,0
1.1865523755075686,0.04113039293668509,862.0,2975.0,0.24745684597192635,0.8984668490763743,0.0,39973.0,0.7526973278649983,0.0,0
1.1865526246657019,0.04113039293668509,863.0,2975.0,0.24745709513005945,0.8984668490763739,0.0,39973.0,0.7526973278649983,0.0,0
1.18655287134467,0.04113039293668509,864.0,2975.0,0.24745734180902765,0.8984668490763742,0.0,39973.0,0.7526973278649983,0.0,0
1.1865531155691416,0.04113039293668509,865.0,2975.0,0.2474575860334992,0.8984668490763741,0.0,39973.0,0.7526973278649983,0.0,0
1.1865533573635392,0.04113039293668509,866.0,2975.0,0.24745782782789677,0.8984668490763743,0.0,39973.0,0.7526973278649983,0.0,0
1.1865535967520422,0.04113039293668509,867.0,2975.0,0.24745806721639965,0.8984668490763745,0.0,39973.0,0.7526973278649983,0.0,0
1.1865538337585897,0.04113039293668509,868.0,2975.0,0.24745830422294712,0.8984668490763743,0.0,39973.0,0.7526973278649983,0.0,0
1.1865540684068827,0.04113039293668509,869.0,2975.0,0.2474585388712402,0.8984668490763743,0.0,39973.0,0.7526973278649983,0.0,0
1.186554300720386,0.04113039293668509,870.0,2975.0,0.2474587711847437,0.8984668490763742,0.0,39973.0,0.7526973278649983,0.0,0
1.1865545307223317,0.04113039293668509,871.0,2975.0,0.24745900118668931,0.8984668490763743,0.0,39973.0,0.7526973278649983,0.0,0
1.1865547584357194,0.04113039293668509,872.0,2975.0,0.2474592289000771,0.8984668490763742,0.0,39973.0,0.7526973278649983,0.0,0
1.1865549838833214,0.04113039293668509,873.0,2975.0,0.24745945434767888,0.8984668490763741,0.0,39973.0,0.7526973278649983,0.0,0
1.1865552070876821,0.04113039293668509,874.0,2975.0,0.24745967755203976,0.8984668490763742,0.0,39973.0,0.7526973278649983,0.0,0
1.1865554280711224,0.04113039293668509,875.0,2975.0,0.24745989853547998,0.8984668490763741,0.0,39973.0,0.7526973278649983,0.0,0
1.1865556468557406,0.04113039293668509,876.0,2975.0,0.24746011732009815,0.8984668490763743,0.0,39973.0,0.7526973278649983,0.0,0
1.1865558634634157,0.04113039293668509,877.0,2975.0,0.24746033392777317,0.8984668490763744,0.0,39973.0,0.7526973278649983,0.0,0
1.1865560779158082,0.04113039293668509,878.0,2975.0,0.24746054838016576,0.8984668490763743,0.0,39973.0,0.7526973278649983,0.0,0
1.1865562902343636,0.04113039293668509,879.0,2975.0,0.24746076069872136,0.8984668490763739,0.0,39973.0,0.7526973278649983,0.0,0
1.1865565004403145,0.04113039293668509,880.0,2975.0,0.24746097090467203,0.8984668490763741,0.0,39973.0,0.7526973278649983,0.0,0
1.186556708554681,0.04113039293668509,881.0,2975.0,0.2474611790190385,0.8984668490763745,0.0,39973.0,0.7526973278649983,0.0,0
1.1865569145982748,0.04113039293668509,882.0,2975.0,0.24746138506263243,0.8984668490763743,0.0,39973.0,0.7526973278649983,0.0,0
1.1865571185917008,0.04113039293668509,883.0,2975.0,0.24746158905605836,0.8984668490763741,0.0,39973.0,0.7526973278649983,0.0,0
1.1865573205553581,0.04113039293668509,884.0,2975.0,0.2474617910197158,0.8984668490763743,0.0,39973.0,0.7526973278649983,0.0,0
1.1865575205094436,0.04113039293668509,885.0,2975.0,0.24746199097380128,0.8984668490763742,0.0,39973.0,0.7526973278649983,0.0,0
1.1865577184739529,0.04113039293668509,886.0,2975.0,0.24746218893831046,0.8984668490763743,0.0,39973.0,0.7526973278649983,0.0,0
1.1865579144686824,0.04113039293668509,887.0,2975.0,0.24746238493303974,0.8984668490763743,0.0,39973.0,0.7526973278649983,0.0,0
1.1865581085132315,0.04113039293668509,888.0,2975.0,0.24746257897758903,0.8984668490763741,0.0,39973.0,0.7526973278649983,0.0,0
1.1865583006270048,0.04113039293668509,889.0,2975.0,0.24746277109136258,0.8984668490763739,0.0,39973.0,0.7526973278649983,0.0,0
1.1865584908292148,0.04113039293668509,890.0,2975.0,0.24746296129357231,0.8984668490763741,0.0,39973.0,0.7526973278649983,0.0,0
1.1865586791388807,0.04113039293668509,891.0,2975.0,0.24746314960323834,0.8984668490763741,0.0,39973.0,0.7526973278649983,0.0,0
1.1865588655748345,0.04113039293668509,892.0,2975.0,0.24746333603919202,0.8984668490763744,0.0,39973.0,0.7526973278649983,0.0,0
1.1865590501557193,0.04113039293668509,893.0,2975.0,0.24746352062007673,0.8984668490763743,0.0,39973.0,0.7526973278649983,0.0,0
1.1865592328999934,0.04113039293668509,894.0,2975.0,0.24746370336435103,0.8984668490763739,0.0,39973.0,0.7526973278649983,0.0,0
1.1865594138259319,0.04113039293668509,895.0,2975.0,0.24746388429028945,0.8984668490763739,0.0,39973.0,0.7526973278649983,0.0,0
1.186559592951627,0.04113039293668509,896.0,2975.0,0.24746406341598476,0.8984668490763738,0.0,39973.0,0.7526973278649983,0.0,0
1.1865597702949922,0.04113039293668509,897.0,2975.0,0.24746424075934967,0.8984668490763744,0.0,39973.0,0.7526973278649983,0.0,0
1.1865599458737608,0.04113039293668509,898.0,2975.0,0.24746441633811836,0.8984668490763742,0.0,39973.0,0.7526973278649983,0.0,0
1.1865601197054918,0.04113039293668509,899.0,2975.0,0.24746459016984934,0.8984668490763743,0.0,39973.0,0.7526973278649983,0.0,0
1.186560291807568,0.04113039293668509,900.0,2975.0,0.24746476227192557,0.8984668490763742,0.0,39973.0,0.7526973278649983,0.0,0
1.1865604621972001,0.04113039293668509,901.0,2975.0,0.24746493266155772,0.8984668490763743,0.0,39973.0,0.7526973278649983,0.0,0
1.186560630891427,0.04113039293668509,902.0,2975.0,0.2474651013557845,0.8984668490763741,0.0,39973.0,0.7526973278649983,0.0,0
1.1865607979071182,0.04113039293668509,903.0,2975.0,0.2474652683714759,0.8984668490763744,0.0,39973.0,0.7526973278649983,0.0,0
1.1865609632609757,0.04113039293668509,904.0,2975.0,0.24746543372533308,0.8984668490763745,0.0,39973.0,0.7526973278649983,0.0,0
1.1865611269695346,0.04113039293668509,905.0,2975.0,0.24746559743389224,0.8984668490763745,0.0,39973.0,0.7526973278649983,0.0,0
1.1865612890491661,0.04113039293668509,906.0,2975.0,0.2474657595135238,0.8984668490763741,0.0,39973.0,0.7526973278649983,0.0,0
1.1865614495160786,0.04113039293668509,907.0,2975.0,0.24746591998043616,0.8984668490763745,0.0,39973.0,0.7526973278649983,0.0,0
1.1865616083863184,0.04113039293668509,908.0,2975.0,0.24746607885067604,0.8984668490763743,0.0,39973.0,0.7526973278649983,0.0,0
1.186561765675773,0.04113039293668509,909.0,2975.0,0.24746623614013055,0.8984668490763745,0.0,39973.0,0.7526973278649983,0.0,0
1.1865619214001712,0.04113039293668509,910.0,2975.0,0.24746639186452893,0.8984668490763739,0.0,39973.0,0.7526973278649983,0.0,0
1.186562075575086,0.04113039293668509,911.0,2975.0,0.24746654603944365,0.8984668490763743,0.0,39973.0,0.7526973278649983,0.0,0
1.1865622282159347,0.04113039293668509,912.0,2975.0,0.2474666986802922,0.8984668490763741,0.0,39973.0,0.7526973278649983,0.0,0
1.1865623793379816,0.04113039293668509,913.0,2975.0,0.24746684980233907,0.898466849076374,0.0,39973.0,0.7526973278649983,0.0,0
1.186562528956339,0.04113039293668509,914.0,2975.0,0.24746699942069655,0.8984668490763745,0.0,39973.0,0.7526973278649983,0.0,0
1.1865626770859687,0.04113039293668509,915.0,2975.0,0.24746714755032648,0.8984668490763743,0.0,39973.0,0.7526973278649983,0.0,0
1.186562823741684,0.04113039293668509,916.0,2975.0,0.24746729420604172,0.8984668490763741,0.0,39973.0,0.7526973278649983,0.0,0
1.1865629689381507,0.04113039293668509,917.0,2975.0,0.2474674394025084,0.8984668490763745,0.0,39973.0,0.7526973278649983,0.0,0
1.1865631126898883,0.04113039293668509,918.0,2975.0,0.247467583154246,0.8984668490763741,0.0,39973.0,0.7526973278649983,0.0,0
1.1865632550112724,0.04113039293668509,919.0,2975.0,0.2474677254756299,0.8984668490763741,0.0,39973.0,0.7526973278649983,0.0,0
1.1865633959165351,0.04113039293668509,920.0,2975.0,0.2474678663808926,0.8984668490763743,0.0,39973.0,0.7526973278649983,0.0,0
1.1865635354197666,0.04113039293668509,921.0,2975.0,0.24746800588412426,0.8984668490763743,0.0,39973.0,0.7526973278649983,0.0,0
1.186563673534918,0.04113039293668509,922.0,2975.0,0.2474681439992757,0.8984668490763743,0.0,39973.0,0.7526973278649983,0.0,0
1.1865638102758007,0.04113039293668509,923.0,2975.0,0.2474682807401583,0.8984668490763743,0.0,39973.0,0.7526973278649983,0.0,0
1.186563945656089,0.04113039293668509,924.0,2975.0,0.24746841612044657,0.8984668490763743,0.0,39973.0,0.7526973278649983,0.0,0
1.1865640796893209,0.04113039293668509,925.0,2975.0,0.24746855015367827,0.8984668490763743,0.0,39973.0,0.7526973278649983,0.0,0
1.1865642123888998,0.04113039293668509,926.0,2975.0,0.24746868285325715,0.8984668490763745,0.0,39973.0,0.7526973278649983,0.0,0
1.1865643437680955,0.04113039293668509,927.0,2975.0,0.24746881423245326,0.8984668490763739,0.0,39973.0,0.7526973278649983,0.0,0
1.186564473840047,0.04113039293668509,928.0,2975.0,0.24746894430440433,0.8984668490763743,0.0,39973.0,0.7526973278649983,0.0,0
1.1865646026177603,0.04113039293668509,929.0,2975.0,0.24746907308211785,0.8984668490763741,0.0,39973.0,0.7526973278649983,0.0,0
1.1865647301141142,0.04113039293668509,930.0,2975.0,0.24746920057847172,0.8984668490763744,0.0,39973.0,0.7526973278649983,0.0,0
1.1865648563418583,0.04113039293668509,931.0,2975.0,0.2474693268062159,0.8984668490763742,0.0,39973.0,0.7526973278649983,0.0,0
1.1865649813136154,0.04113039293668509,932.0,2975.0,0.24746945177797283,0.8984668490763743,0.0,39973.0,0.7526973278649983,0.0,0
1.1865651050418824,0.04113039293668509,933.0,2975.0,0.24746957550623996,0.898466849076374,0.0,39973.0,0.7526973278649983,0.0,0
1.1865652275390328,0.04113039293668509,934.0,2975.0,0.24746969800339036,0.8984668490763739,0.0,39973.0,0.7526973278649983,0.0,0
1.1865653488173165,0.04113039293668509,935.0,2975.0,0.24746981928167375,0.8984668490763743,0.0,39973.0,0.7526973278649983,0.0,0
1.1865654688888607,0.04113039293668509,936.0,2975.0,0.2474699393532182,0.8984668490763746,0.0,39973.0,0.7526973278649983,0.0,0
1.186565587765673,0.04113039293668509,937.0,2975.0,0.24747005823003054,0.8984668490763742,0.0,39973.0,0.7526973278649983,0.0,0
1.1865657054596415,0.04113039293668509,938.0,2975.0,0.24747017592399906,0.8984668490763741,0.0,39973.0,0.7526973278649983,0.0,0
1.1865658219825352,0.04113039293668509,939.0,2975.0,0.24747029244689295,0.8984668490763742,0.0,39973.0,0.7526973278649983,0.0,0
1.1865659373460071,0.04113039293668509,940.0,2975.0,0.24747040781036458,0.8984668490763742,0.0,39973.0,0.7526973278649983,0.0,0
1.186566051561593,0.04113039293668509,941.0,2975.0,0.2474705220259506,0.8984668490763743,0.0,39973.0,0.7526973278649983,0.0,0
1.1865661646407148,0.04113039293668509,942.0,2975.0,0.2474706351050724,0.8984668490763739,0.0,39973.0,0.7526973278649983,0.0,0
1.186566276594681,0.04113039293668509,943.0,2975.0,0.24747074705903835,0.8984668490763746,0.0,39973.0,0.7526973278649983,0.0,0
1.1865663874346861,0.04113039293668509,944.0,2975.0,0.24747085789904355,0.8984668490763743,0.0,39973.0,0.7526973278649983,0.0,0
1.1865664971718148,0.04113039293668509,945.0,2975.0,0.2474709676361724,0.8984668490763745,0.0,39973.0,0.7526973278649983,0.0,0
1.1865666058170412,0.04113039293668509,946.0,2975.0,0.2474710762813986,0.8984668490763745,0.0,39973.0,0.7526973278649983,0.0,0
1.186566713381229,0.04113039293668509,947.0,2975.0,0.2474711838455867,0.8984668490763739,0.0,39973.0,0.7526973278649983,0.0,0
1.1865668198751356,0.04113039293668509,948.0,2975.0,0.24747129033949308,0.8984668490763743,0.0,39973.0,0.7526973278649983,0.0,0
1.1865669253094102,0.04113039293668509,949.0,2975.0,0.2474713957737677,0.8984668490763741,0.0,39973.0,0.7526973278649983,0.0,0
1.1865670296945958,0.04113039293668509,950.0,2975.0,0.24747150015895342,0.898466849076374,0.0,39973.0,0.7526973278649983,0.0,0
1.1865671330411318,0.04113039293668509,951.0,2975.0,0.24747160350548947,0.8984668490763744,0.0,39973.0,0.7526973278649983,0.0,0
1.1865672353593526,0.04113039293668509,952.0,2975.0,0.24747170582371011,0.8984668490763741,0.0,39973.0,0.7526973278649983,0.0,0
1.18656733665949,0.04113039293668509,953.0,2975.0,0.2474718071238477,0.8984668490763743,0.0,39973.0,0.7526973278649983,0.0,0
1.186567436951674,0.04113039293668509,954.0,2975.0,0.24747190741603167,0.8984668490763739,0.0,39973.0,0.7526973278649983,0.0,0
1.1865675362459343,0.04113039293668509,955.0,2975.0,0.24747200671029196,0.8984668490763743,0.0,39973.0,0.7526973278649983,0.0,0
1.1865676345522003,0.04113039293668509,956.0,2975.0,0.24747210501655778,0.898466849076374,0.0,39973.0,0.7526973278649983,0.0,0
1.1865677318803023,0.04113039293668509,957.0,2975.0,0.24747220234466014,0.8984668490763739,0.0,39973.0,0.7526973278649983,0.0,0
1.1865678282399739,0.04113039293668509,958.0,2975.0,0.24747229870433146,0.8984668490763742,0.0,39973.0,0.7526973278649983,0.0,0
1.1865679236408506,0.04113039293668509,959.0,2975.0,0.24747239410520816,0.8984668490763741,0.0,39973.0,0.7526973278649983,0.0,0
1.186568018092473,0.04113039293668509,960.0,2975.0,0.24747248855683027,0.8984668490763743,0.0,39973.0,0.7526973278649983,0.0,0
1.1865681116042854,0.04113039293668509,961.0,2975.0,0.24747258206864287,0.8984668490763744,0.0,39973.0,0.7526973278649983,0.0,0
1.18656820418564,0.04113039293668509,962.0,2975.0,0.24747267464999761,0.8984668490763745,0.0,39973.0,0.7526973278649983,0.0,0
1.1865682958457948,0.04113039293668509,963.0,2975.0,0.24747276631015222,0.8984668490763746,0.0,39973.0,0.7526973278649983,0.0,0
1.1865683865939156,0.04113039293668509,964.0,2975.0,0.24747285705827324,0.898466849076374,0.0,39973.0,0.7526973278649983,0.0,0
1.1865684764390778,0.04113039293668509,965.0,2975.0,0.24747294690343533,0.898466849076374,0.0,39973.0,0.7526973278649983,0.0,0
1.1865685653902658,0.04113039293668509,966.0,2975.0,0.24747303585462327,0.8984668490763741,0.0,39973.0,0.7526973278649983,0.0,0
1.1865686534563742,0.04113039293668509,967.0,2975.0,0.2474731239207319,0.898466849076374,0.0,39973.0,0.7526973278649983,0.0,0
1.1865687406462107,0.04113039293668509,968.0,2975.0,0.24747321111056822,0.898466849076374,0.0,39973.0,0.7526973278649983,0.0,0
1.1865688269684935,0.04113039293668509,969.0,2975.0,0.2474732974328511,0.8984668490763742,0.0,39973.0,0.7526973278649983,0.0,0
1.1865689124318555,0.04113039293668509,970.0,2975.0,0.24747338289621304,0.8984668490763741,0.0,39973.0,0.7526973278649983,0.0,0
1.1865689970448428,0.04113039293668509,971.0,2975.0,0.24747346750920024,0.8984668490763743,0.0,39973.0,0.7526973278649983,0.0,0
1.1865690808159164,0.04113039293668509,972.0,2975.0,0.24747355128027412,0.8984668490763739,0.0,39973.0,0.7526973278649983,0.0,0
1.1865691637534543,0.04113039293668509,973.0,2975.0,0.24747363421781193,0.8984668490763741,0.0,39973.0,0.7526973278649983,0.0,0
1.18656924586575,0.04113039293668509,974.0,2975.0,0.2474737163301074,0.8984668490763742,0.0,39973.0,0.7526973278649983,0.0,0
1.186569327161014,0.04113039293668509,975.0,2975.0,0.24747379762537183,0.8984668490763741,0.0,39973.0,0.7526973278649983,0.0,0
1.1865694076473774,0.04113039293668509,976.0,2975.0,0.24747387811173502,0.8984668490763741,0.0,39973.0,0.7526973278649983,0.0,0
1.1865694873328878,0.04113039293668509,977.0,2975.0,0.24747395779724546,0.8984668490763741,0.0,39973.0,0.7526973278649983,0.0,0
1.1865695662255142,0.04113039293668509,978.0,2975.0,0.24747403668987175,0.8984668490763743,0.0,39973.0,0.7526973278649983,0.0,0
1.1865696443331455,0.04113039293668509,979.0,2975.0,0.24747411479750325,0.8984668490763741,0.0,39973.0,0.7526973278649983,0.0,0
1.1865697216635933,0.04113039293668509,980.0,2975.0,0.24747419212795085,0.8984668490763744,0.0,39973.0,0.7526973278649983,0.0,0
1.1865697982245904,0.04113039293668509,981.0,2975.0,0.2474742686889478,0.8984668490763743,0.0,39973.0,0.7526973278649983,0.0,0
1.1865698740237924,0.04113039293668509,982.0,2975.0,0.24747434448815003,0.8984668490763739,0.0,39973.0,0.7526973278649983,0.0,0
1.18656994906878,0.04113039293668509,983.0,2975.0,0.2474744195331375,0.8984668490763744,0.0,39973.0,0.7526973278649983,0.0,0
1.1865700233670573,0.04113039293668509,984.0,2975.0,0.2474744938314149,0.8984668490763744,0.0,39973.0,0.7526973278649983,0.0,0
1.1865700969260549,0.04113039293668509,985.0,2975.0,0.24747456739041226,0.8984668490763745,0.0,39973.0,0.7526973278649983,0.0,0
1.1865701697531275,0.04113039293668509,986.0,2975.0,0.2474746402174852,0.8984668490763745,0.0,39973.0,0.7526973278649983,0.0,0
1.186570241855559,0.04113039293668509,987.0,2975.0,0.24747471231991658,0.8984668490763743,0.0,39973.0,0.7526973278649983,0.0,0
1.1865703132405592,0.04113039293668509,988.0,2975.0,0.24747478370491685,0.8984668490763739,0.0,39973.0,0.7526973278649983,0.0,0
1.186570383915267,0.04113039293668509,989.0,2975.0,0.24747485437962474,0.8984668490763743,0.0,39973.0,0.7526973278649983,0.0,0
1.1865704538867496,0.04113039293668509,990.0,2975.0,0.2474749243511072,0.8984668490763739,0.0,39973.0,0.7526973278649983,0.0,0
1.1865705231620043,0.04113039293668509,991.0,2975.0,0.24747499362636188,0.8984668490763745,0.0,39973.0,0.7526973278649983,0.0,0
1.186570591747959,0.04113039293668509,992.0,2975.0,0.2474750622123164,0.8984668490763748,0.0,39973.0,0.7526973278649983,0.0,0
1.1865706596514716,0.04113039293668509,993.0,2975.0,0.2474751301158291,0.8984668490763741,0.0,39973.0,0.7526973278649983,0.0,0
1.1865707268793333,0.04113039293668509,994.0,2975.0,0.24747519734369075,0.8984668490763743,0.0,39973.0,0.7526973278649983,0.0,0
1.1865707934382663,0.04113039293668509,995.0,2975.0,0.24747526390262387,0.8984668490763743,0.0,39973.0,0.7526973278649983,0.0,0
1.186570859334927,0.04113039293668509,996.0,2975.0,0.24747532979928444,0.8984668490763741,0.0,39973.0,0.7526973278649983,0.0,0
1.1865709245759049,0.04113039293668509,997.0,2975.0,0.24747539504026247,0.8984668490763742,0.0,39973.0,0.7526973278649983,0.0,0
1.186570989167724,0.04113039293668509,998.0,2975.0,0.2474754596320818,0.8984668490763745,0.0,39973.0,0.7526973278649983,0.0,0
1.1865710531168445,0.04113039293668509,999.0,2975.0,0.2474755235812019,0.8984668490763748,0.0,39973.0,0.7526973278649983,0.0,0
1.18657111642966,0.04113039293668509,1000.0,2975.0,0.24747558689401752,0.8984668490763742,0.0,39973.0,0.7526973278649983,0.0,0
1.1865711791125024,0.04113039293668509,1001.0,2975.0,0.24747564957686008,0.898466849076374,0.0,39973.0,0.7526973278649983,0.0,0
1.1865712411716405,0.04113039293668509,1002.0,2975.0,0.24747571163599794,0.8984668490763744,0.0,39973.0,0.7526973278649983,0.0,0
1.1865713026132796,0.04113039293668509,1003.0,2975.0,0.24747577307763702,0.8984668490763745,0.0,39973.0,0.7526973278649983,0.0,0
1.1865713634435644,0.04113039293668509,1004.0,2975.0,0.2474758339079219,0.8984668490763744,0.0,39973.0,0.7526973278649983,0.0,0
1.1865714236685774,0.04113039293668509,1005.0,2975.0,0.24747589413293497,0.898466849076374,0.0,39973.0,0.7526973278649983,0.0,0
1.1865714236685774,0.04113039293668509,1005.0,2975.0,0.24747589413293497,0.898466849076374,0.0,39973.0,0.7526973278649983,0.0,0
1.1865714236685774,0.04113039293668509,1005.0,2975.0,0.24747589413293497,0.898466849076374,0.0,39973.0,0.7526973278649983,0.0,0
0.2657474389159564,0.019244215917952733,1005.0,5419.0,0.24787398818661885,-1.4257909077843767e-16,0.0,39905.0,0.0,0.0,0
0.2657474389159564,0.019244215917952733,1005.0,5419.0,0.24787398818661885,-1.4257909077843767e-16,0.0,39905.0,0.0,0.0,0
0.21670019449384006,0.015219310597100097,1006.0,5755.0,0.20285164908535502,6.839893536016946e-18,0.0,39905.0,0.0,0.0,0
0.2008918588032297,0.014091519785642548,1007.0,5870.0,0.18817110420620223,-1.0553547522820907e-17,0.0,39905.0,0.0,0.0,0
0.19122965980933423,0.013696200747401533,1008.0,5909.0,0.17890422425054775,-2.986189327369262e-17,0.0,39905.0,0.0,0.0,0
0.18425298158914272,0.013696200747401533,1009.0,5909.0,0.1719275460303562,4.1384508682256824e-17,0.0,39905.0,0.0,0.0,0
0.1783899658789792,0.013696200747401533,1010.0,5909.0,0.16606453032019278,-1.1774838556908358e-17,0.0,39905.0,0.0,0.0,0
0.17318266545292096,0.013696200747401533,1011.0,5909.0,0.16085722989413448,2.1445605060524747e-17,0.0,39905.0,0.0,0.0,0
0.16843987226390877,0.013696200747401533,1012.0,5909.0,0.15611443670512234,1.7688807640451393e-17,0.0,39905.0,0.0,0.0,0
0.16407066329589368,0.013696200747401533,1013.0,5909.0,0.1517452277371072,-1.8113604521873117e-17,0.0,39905.0,0.0,0.0,0
0.16002296028965599,0.013696200747401533,1014.0,5909.0,0.14769752473086953,-1.7151174087402028e-17,0.0,39905.0,0.0,0.0,0
0.15626074144193922,0.013696200747401533,1015.0,5909.0,0.14393530588315276,-3.152789354301843e-18,0.0,39905.0,0.0,0.0,0
0.15275549004073766,0.013696200747401533,1016.0,5909.0,0.14043005448195123,-4.0209679807074877e-17,0.0,39905.0,0.0,0.0,0
0.14948289656501254,0.013696200747401533,1017.0,5909.0,0.13715746100622608,-2.206288802884069e-17,0.0,39905.0,0.0,0.0,0
0.14637904747175998,0.013653740326366057,1018.0,5919.0,0.134096072334009,-1.0294686923204545e-17,0.0,39905.0,0.0,0.0,0
0.143484785686796,0.013628880533624571,1019.0,5925.0,0.1312266703417865,2.2215549408101618e-17,0.0,39905.0,0.0,0.0,0
0.14074924434247,0.013588078854693507,1020.0,5935.0,0.1285319306763916,-4.570548946046841e-17,0.0,39905.0,0.0,0.0,0
0.1381935218981658,0.01356809177287185,1021.0,5940.0,0.12599619531390902,1.932825810468835e-17,0.0,39905.0,0.0,0.0,0
0.13575746556306797,0.0135229340757722,1022.0,5956.0,0.12360529667591087,-1.3128878616440096e-17,0.0,39905.0,0.0,0.0,0
0.13345942693371252,0.013483782635151523,1023.0,5969.0,0.12134640948717608,-3.746177498037811e-17,0.0,39905.0,0.0,0.0,0
0.1312815798136381,0.013444424223727696,1024.0,5981.0,0.1192079207785255,-1.325499019061217e-17,0.0,39905.0,0.0,0.0,0
0.12922107066847593,0.013412522108171912,1025.0,5992.0,0.11717931374891907,3.1288945297218715e-17,0.0,39905.0,0.0,0.0,0
0.1272746024187156,0.013394304380838122,1026.0,5999.0,0.11525106322649256,-8.097690552101577e-19,0.0,39905.0,0.0,0.0,0
0.12541141173248255,0.01336763564268031,1027.0,6008.0,0.11341454127841732,6.710463236208765e-18,0.0,39905.0,0.0,0.0,0
0.1236268178363968,0.013335651148618947,1028.0,6019.0,0.11166193187639294,-1.0281412020660116e-17,0.0,39905.0,0.0,0.0,0
0.12193067420517763,0.013315285684639726,1029.0,6026.0,0.10998615370915298,2.708080119063478e-18,0.0,39905.0,0.0,0.0,0
0.1202153095952652,0.01320528443442204,1030.0,6043.0,0.10838079034945824,-6.1396424267983265e-18,0.0,39905.0,0.0,0.0,0
0.11851094253963353,0.013041680658876877,1031.0,6066.0,0.10684002706937179,-3.505238016856428e-17,0.0,39905.0,0.0,0.0,0
0.11691400777046013,0.01292617929025258,1032.0,6082.0,0.10535859366882264,1.4370082004344192e-17,0.0,39905.0,0.0,0.0,0
0.11538426459207804,0.012823317036323788,1033.0,6096.0,0.10393171274436933,1.7941030788795542e-17,0.0,39905.0,0.0,0.0,0
0.11392339414125977,0.012739106449722815,1034.0,6107.0,0.10255505288015206,-1.8067142362967616e-17,0.0,39905.0,0.0,0.0,0
0.11248711711796937,0.012633196014066315,1035.0,6121.0,0.10122468629251813,-7.991491331746145e-18,0.0,39905.0,0.0,0.0,0
0.11114715177750988,0.012580866461661495,1036.0,6128.0,0.09993705050446348,6.942774030736269e-18,0.0,39905.0,0.0,0.0,0
0.10986936533567808,0.01255121685789821,1037.0,6132.0,0.09868891366639494,-2.7263331100620676e-17,0.0,39905.0,0.0,0.0,0
0.10857005449568227,0.012463476508073543,1038.0,6144.0,0.0974773431762238,3.104004087451067e-17,0.0,39905.0,0.0,0.0,0
0.10737795556620917,0.012449043470002375,1039.0,6146.0,0.09629967728482187,-3.737548811383933e-17,0.0,39905.0,0.0,0.0,0
0.1061676322074252,0.0123848979932847,1040.0,6155.0,0.09515349940275557,1.636463611164462e-17,0.0,39905.0,0.0,0.0,0
0.10500144781749832,0.012335598154871251,1041.0,6162.0,0.09403661485124212,5.774582606826534e-18,0.0,39905.0,0.0,0.0,0
0.10382803561426898,0.012251770978143601,1042.0,6174.0,0.09294702982474046,-2.394792419014958e-17,0.0,39905.0,0.0,0.0,0
0.1027155862053743,0.012203419039271754,1043.0,6181.0,0.09188293235471762,1.5664385002426e-18,0.0,39905.0,0.0,0.0,0
0.10166164808959863,0.012189738194051067,1044.0,6183.0,0.09084267508416263,-4.214781557856148e-18,0.0,39905.0,0.0,0.0,0
0.10061666070810124,0.012162666216175953,1045.0,6187.0,0.08982475968054038,-1.433689474798312e-17,0.0,39905.0,0.0,0.0,0
0.09955277735385366,0.012095719811194337,1046.0,6197.0,0.08882782273127443,-2.1969963711029686e-18,0.0,39905.0,0.0,0.0,0
0.09854245457228435,0.012062596780213758,1047.0,6202.0,0.08785062298068567,-1.7483046651012748e-17,0.0,39905.0,0.0,0.0,0
0.09753143948892484,0.012010174896801536,1048.0,6210.0,0.08689202978073837,1.95804812530325e-18,0.0,39905.0,0.0,0.0,0
0.09655793542709842,0.011977687975622552,1049.0,6215.0,0.08595101264009093,7.009148543458413e-18,0.0,39905.0,0.0,0.0,0
0.09562711538652362,0.011971248808195965,1050.0,6216.0,0.08502663176694275,-1.7509596456101605e-17,0.0,39905.0,0.0,0.0,0
0.09468035367148651,0.011933089348990298,1051.0,6222.0,0.08411802951111132,-2.167127840378004e-17,0.0,39905.0,0.0,0.0,0
0.09376782074441502,0.011914163313255559,1052.0,6225.0,0.08322442261977452,1.855831375711148e-17,0.0,39905.0,0.0,0.0,0
0.09286978278667848,0.01189545274583929,1053.0,6228.0,0.08234509522945427,-3.497936820456992e-17,0.0,39905.0,0.0,0.0,0
0.09196074659081631,0.011852119255244632,1054.0,6235.0,0.08147939252418675,-5.81440731445982e-18,0.0,39905.0,0.0,0.0,0
0.09107136937391822,0.011815419566043844,1055.0,6241.0,0.08062671499648943,-1.307577900626238e-18,0.0,39905.0,0.0,0.0,0
0.09020087174800645,0.011785123682852183,1056.0,6246.0,0.07978651325376934,-1.8140154326961974e-17,0.0,39905.0,0.0,0.0,0
0.08933665795808499,0.011749139828427122,1057.0,6252.0,0.07895828331827295,-4.2015066553117195e-18,0.0,39905.0,0.0,0.0,0
0.08849024515269595,0.01171944796769277,1058.0,6257.0,0.07814156237361826,1.3268265093156599e-17,0.0,39905.0,0.0,0.0,0
0.08766692978457064,0.01170177005776745,1059.0,6260.0,0.07733592491541826,-7.799005244851928e-18,0.0,39905.0,0.0,0.0,0
0.086842753433734,0.01167253935480118,1060.0,6265.0,0.07654097926754791,1.3215165482978883e-17,0.0,39905.0,0.0,0.0,0
0.08602921792546116,0.01164361868481094,1061.0,6270.0,0.07575636442926527,1.2737268991379447e-17,0.0,39905.0,0.0,0.0,0
0.08523172311140914,0.0116207410783144,1062.0,6274.0,0.0749817472217098,-1.510683909555999e-17,0.0,39905.0,0.0,0.0,0
0.08445546337227966,0.011609408855601399,1063.0,6276.0,0.07421681970529335,8.104328003373791e-18,0.0,39905.0,0.0,0.0,0
0.08369994050919866,0.011609408855601399,1064.0,6276.0,0.07346129684221231,3.2556698490211663e-17,0.0,39905.0,0.0,0.0,0
0.08295355804774768,0.011609408855601399,1065.0,6276.0,0.07271491438076134,2.694805216519049e-18,0.0,39905.0,0.0,0.0,0
0.08221607060733321,0.011609408855601399,1066.0,6276.0,0.07197742694034691,-2.1531891927063535e-17,0.0,39905.0,0.0,0.0,0
0.08148724994509464,0.011609408855601399,1067.0,6276.0,0.07124860627810832,-6.3719532213258305e-19,0.0,39905.0,0.0,0.0,0
0.08076688338685689,0.011609408855601399,1068.0,6276.0,0.07052823971987057,2.6456880771046627e-17,0.0,39905.0,0.0,0.0,0
0.08005477240678256,0.011609408855601399,1069.0,6276.0,0.06981612873979623,1.286338056555152e-17,0.0,39905.0,0.0,0.0,0
0.07935073134157895,0.011609408855601399,1070.0,6276.0,0.06911208767459262,-1.9494194386493713e-17,0.0,39905.0,0.0,0.0,0
0.07865458622646151,0.011609408855601399,1071.0,6276.0,0.0684159425594752,-7.281284045619204e-18,0.0,39905.0,0.0,0.0,0
0.07796617374129287,0.011609408855601399,1072.0,6276.0,0.06772753007430657,-1.3925372769105825e-17,0.0,39905.0,0.0,0.0,0
0.07728534025641924,0.011609408855601399,1073.0,6276.0,0.06704669658943292,-1.1283667162764492e-17,0.0,39905.0,0.0,0.0,0
0.07661194096872213,0.011609408855601399,1074.0,6276.0,0.06637329730173581,-2.799676946620037e-17,0.0,39905.0,0.0,0.0,0
0.07594583911930643,0.011609408855601399,1075.0,6276.0,0.06570719545232011,9.139770401839237e-18,0.0,39905.0,0.0,0.0,0
0.07528690528506148,0.011609408855601399,1076.0,6276.0,0.06504826161807516,-2.057609894386466e-18,0.0,39905.0,0.0,0.0,0
0.0746350167370716,0.011609408855601399,1077.0,6276.0,0.06439637307008528,-7.48704503505785e-18,0.0,39905.0,0.0,0.0,0
0.07399005685951934,0.011609408855601399,1078.0,6276.0,0.06375141319253301,3.1288945297218715e-17,0.0,39905.0,0.0,0.0,0
0.07335191462333082,0.011609408855601399,1079.0,6276.0,0.0631132709563445,1.4622305152688338e-17,0.0,39905.0,0.0,0.0,0
0.07272048410935955,0.011609408855601399,1080.0,6276.0,0.06248184044237324,-1.7317110369207386e-17,0.0,39905.0,0.0,0.0,0
0.07209566407639942,0.011609408855601399,1081.0,6276.0,0.06185702040941309,-2.322444200147821e-17,0.0,39905.0,0.0,0.0,0
0.0714773575697666,0.011609408855601399,1082.0,6276.0,0.06123871390278027,-1.650734131399723e-17,0.0,39905.0,0.0,0.0,0
0.07086547156659506,0.011609408855601399,1083.0,6276.0,0.06062682789960874,-1.4801516337038128e-18,0.0,39905.0,0.0,0.0,0
0.07025991665435719,0.011609408855601399,1084.0,6276.0,0.06002127298737086,1.2538145453213014e-17,0.0,39905.0,0.0,0.0,0
0.06966060673945294,0.011609408855601399,1085.0,6276.0,0.059421963072466624,-5.774582606826534e-18,0.0,39905.0,0.0,0.0,0
0.06906745878301172,0.011609408855601399,1086.0,6276.0,0.05882881511602539,5.15066218723838e-18,0.0,39905.0,0.0,0.0,0
0.06848039256132167,0.011609408855601399,1087.0,6276.0,0.058241748894335345,-1.4164321014905544e-17,0.0,39905.0,0.0,0.0,0
0.06789933044854903,0.011609408855601399,1088.0,6276.0,0.057660686781562685,1.411122140472783e-17,0.0,39905.0,0.0,0.0,0
0.06732419721963025,0.011609408855601399,1089.0,6276.0,0.05708555355264392,1.2385484073952082e-17,0.0,39905.0,0.0,0.0,0
0.0667549198714233,0.011609408855601399,1090.0,6276.0,0.056516276204436985,-1.4735141824315983e-18,0.0,39905.0,0.0,0.0,0
0.06619142746038469,0.011609408855601399,1091.0,6276.0,0.05595278379339838,-2.2646983740795555e-17,0.0,39905.0,0.0,0.0,0
0.06563365095520485,0.011609408855601399,1092.0,6276.0,0.055395007288218535,-7.281284045619204e-18,0.0,39905.0,0.0,0.0,0
0.06508152310298321,0.011609408855601399,1093.0,6276.0,0.054842879435996875,5.70820809410439e-19,0.0,39905.0,0.0,0.0,0
0.06453497830765943,0.011609408855601399,1094.0,6276.0,0.054296334640673106,6.059993011531753e-18,0.0,39905.0,0.0,0.0,0
0.063993952519539,0.011609408855601399,1095.0,6276.0,0.05375530885255267,1.4449731419610763e-17,0.0,39905.0,0.0,0.0,0
0.06345838313486227,0.011609408855601399,1096.0,6276.0,0.053219739467875934,1.5146663803193276e-17,0.0,39905.0,0.0,0.0,0
0.06292820890446592,0.011609408855601399,1097.0,6276.0,0.052689565237479606,7.500319937602279e-18,0.0,39905.0,0.0,0.0,0
0.06240336985067608,0.011609408855601399,1098.0,6276.0,0.052164726183689746,7.367570912157991e-18,0.0,39905.0,0.0,0.0,0
0.06188380719165434,0.011609408855601399,1099.0,6276.0,0.051645163524668004,1.9447732227588212e-18,0.0,39905.0,0.0,0.0,0
0.061369463272492125,0.011609408855601399,1100.0,6276.0,0.05113081960550581,-1.3434201374961959e-17,0.0,39905.0,0.0,0.0,0
0.060860281502415604,0.011609408855601399,1101.0,6276.0,0.05062163783542927,1.709807447722431e-17,0.0,39905.0,0.0,0.0,0
0.06035620629752386,0.011609408855601399,1102.0,6276.0,0.050117562630537536,2.138586799907482e-17,0.0,39905.0,0.0,0.0,0
0.0598571830285388,0.011609408855601399,1103.0,6276.0,0.04961853936155248,9.62430434471089e-18,0.0,39905.0,0.0,0.0,0
0.05936315797309349,0.011609408855601399,1104.0,6276.0,0.04912451430610716,1.9713230278476788e-17,0.0,39905.0,0.0,0.0,0
0.058874078272131806,0.011609408855601399,1105.0,6276.0,0.048635434605145474,2.7445861010606573e-17,0.0,39905.0,0.0,0.0,0
0.05838989189003227,0.011609408855601399,1106.0,6276.0,0.04815124822304595,-2.1306218583808246e-18,0.0,39905.0,0.0,0.0,0
0.05791054757810605,0.011609408855601399,1107.0,6276.0,0.04767190391111973,1.1768201105636143e-17,0.0,39905.0,0.0,0.0,0
0.057435994841151757,0.011609408855601399,1108.0,6276.0,0.04719735117416544,-1.598298266349229e-17,0.0,39905.0,0.0,0.0,0
0.056966183906781126,0.011609408855601399,1109.0,6276.0,0.046727540239794814,-2.039688775951487e-17,0.0,39905.0,0.0,0.0,0
0.05650106569725502,0.011609408855601399,1110.0,6276.0,0.04626242203026869,5.568821617387887e-18,0.0,39905.0,0.0,0.0,0
0.05604059180359557,0.011609408855601399,1111.0,6276.0,0.045801948136609254,-1.6348042483464084e-17,0.0,39905.0,0.0,0.0,0
0.05558471446176199,0.011609408855601399,1112.0,6276.0,0.045346070794775664,1.0686296548265195e-17,0.0,39905.0,0.0,0.0,0
0.05513338653069683,0.011609408855601399,1113.0,6276.0,0.0448947428637105,1.3712974328394965e-17,0.0,39905.0,0.0,0.0,0
0.05468656147206965,0.011609408855601399,1114.0,6276.0,0.04444791780508334,-2.0264138734070583e-17,0.0,39905.0,0.0,0.0,0
0.05424419333155989,0.011609408855601399,1115.0,6276.0,0.04400554966457357,1.3858998256383681e-17,0.0,39905.0,0.0,0.0,0
0.05380623672153605,0.011609408855601399,1116.0,6276.0,0.04356759305454972,1.0434073399921048e-17,0.0,39905.0,0.0,0.0,0
0.053372646805003185,0.011609408855601399,1117.0,6276.0,0.04313400313801686,9.119858048022596e-18,0.0,39905.0,0.0,0.0,0
0.05294337928070057,0.011609408855601399,1118.0,6276.0,0.042704735613714254,3.2390762208406306e-18,0.0,39905.0,0.0,0.0,0
0.05251839036924473,0.011609408855601399,1119.0,6276.0,0.0422797467022584,1.0380973789743332e-17,0.0,39905.0,0.0,0.0,0
0.05208277754271657,0.011594549598096483,1120.0,6283.0,0.04185899313323517,-9.285794329827955e-18,0.0,39905.0,0.0,0.0,0
0.05165779614961755,0.011586129205078014,1121.0,6287.0,0.041442432133154614,-1.1887675228536003e-17,0.0,39905.0,0.0,0.0,0
0.05123284557246866,0.011573589346893762,1122.0,6293.0,0.041030021414189974,-1.1150918137320203e-17,0.0,39905.0,0.0,0.0,0
0.050822472762710506,0.011571518787695816,1123.0,6294.0,0.04062171916362977,-1.2850105663007092e-17,0.0,39905.0,0.0,0.0,0
0.050414141556010074,0.011567422710646405,1124.0,6296.0,0.04021748403397877,-3.378462697557133e-18,0.0,39905.0,0.0,0.0,0
0.050009860441352603,0.011563350496318127,1125.0,6298.0,0.03981727513364955,-5.309961017771525e-19,0.0,39905.0,0.0,0.0,0
0.04960959929800707,0.011559312468429936,1126.0,6300.0,0.03942105201819222,-1.2325747012502153e-17,0.0,39905.0,0.0,0.0,0
0.04920929302435556,0.011551283530956734,1127.0,6304.0,0.039028774682013906,-1.3215165482978883e-17,0.0,39905.0,0.0,0.0,0
0.048814951964639565,0.01154531360270902,1128.0,6307.0,0.038640403550545634,-4.6528533418222995e-18,0.0,39905.0,0.0,0.0,0
0.04842256046639022,0.011537426182188601,1129.0,6311.0,0.038255899472816705,-1.835919021894505e-17,0.0,39905.0,0.0,0.0,0
0.04803798062596769,0.011533522100180915,1130.0,6313.0,0.03787522371440184,1.0035826323588182e-17,0.0,39905.0,0.0,0.0,0
0.04765334604879024,0.011525773286697195,1131.0,6317.0,0.03749833795070812,3.9160962506065e-18,0.0,39905.0,0.0,0.0,0
0.047280212358655656,0.011525773286697195,1132.0,6317.0,0.03712520426057354,4.447092352383652e-19,0.0,39905.0,0.0,0.0,0
0.046905071128857556,0.011520051197322537,1133.0,6320.0,0.036755785120150104,-8.515849982251083e-18,0.0,39905.0,0.0,0.0,0
0.0465374404778865,0.011518162269453546,1134.0,6321.0,0.036390043397048016,-1.1881037777263788e-18,0.0,39905.0,0.0,0.0,0
0.046173466065639275,0.01151628890953514,1135.0,6322.0,0.03602794234471919,6.458240087864618e-18,0.0,39905.0,0.0,0.0,0
0.04581123195420097,0.011512551545755704,1136.0,6324.0,0.03566944559706035,8.761435679323016e-19,0.0,39905.0,0.0,0.0,0
0.045454449769004736,0.011510697794401715,1137.0,6325.0,0.035314517163218095,1.0938519696609342e-17,0.0,39905.0,0.0,0.0,0
0.04510305402836659,0.011510697794401715,1138.0,6325.0,0.034963121422579936,1.2737268991379447e-17,0.0,39905.0,0.0,0.0,0
0.044753337369959366,0.011508879438638113,1139.0,6326.0,0.034615223119936325,-1.450283102978848e-17,0.0,39905.0,0.0,0.0,0
0.044408901610823795,0.011508879438638113,1140.0,6326.0,0.03427078736080076,-7.99812878301836e-18,0.0,39905.0,0.0,0.0,0
0.04406610656188509,0.011507092143624505,1141.0,6327.0,0.03392977960687567,-1.705161231831881e-17,0.0,39905.0,0.0,0.0,0
0.04372849262666301,0.011507092143624505,1142.0,6327.0,0.033592165671653566,5.117474930877308e-18,0.0,39905.0,0.0,0.0,0
0.04339423867115254,0.011507092143624505,1143.0,6327.0,0.03325791171614311,1.079913321989284e-17,0.0,39905.0,0.0,0.0,0
0.04306331119972073,0.011507092143624505,1144.0,6327.0,0.032926984244711306,3.7169727124400676e-18,0.0,39905.0,0.0,0.0,0
0.0427356770560433,0.011507092143624505,1145.0,6327.0,0.032599350101033875,7.659618768135425e-18,0.0,39905.0,0.0,0.0,0
0.042411303419155354,0.011507092143624505,1146.0,6327.0,0.03227497646414593,7.314471301980276e-18,0.0,39905.0,0.0,0.0,0
0.04209015779959611,0.011507092143624505,1147.0,6327.0,0.03195383084458669,-4.778964915994373e-19,0.0,39905.0,0.0,0.0,0
0.041772208035641176,0.011507092143624505,1148.0,6327.0,0.03163588108063174,8.024678588107217e-18,0.0,39905.0,0.0,0.0,0
0.04145742228961697,0.011507092143624505,1149.0,6327.0,0.03132109533460754,-1.433689474798312e-18,0.0,39905.0,0.0,0.0,0
0.04114576904429237,0.011507092143624505,1150.0,6327.0,0.031009442089282944,-5.834319668276464e-18,0.0,39905.0,0.0,0.0,0
0.04083721709934257,0.011507092143624505,1151.0,6327.0,0.030700890144333155,-1.9182234176699635e-18,0.0,39905.0,0.0,0.0,0
0.040531735567881436,0.011507092143624505,1152.0,6327.0,0.030395408612872002,1.49740900701157e-17,0.0,39905.0,0.0,0.0,0
0.040229293873058035,0.011507092143624505,1153.0,6327.0,0.030092966918048605,-4.14176959386179e-18,0.0,39905.0,0.0,0.0,0
0.0399298617447145,0.011507092143624505,1154.0,6327.0,0.029793534789705086,1.991235381664322e-20,0.0,39905.0,0.0,0.0,0
0.03963340921610115,0.011507092143624505,1155.0,6327.0,0.029497082261091722,-4.599753731644584e-18,0.0,39905.0,0.0,0.0,0
0.039339906620646896,0.011507092143624505,1156.0,6327.0,0.029203579665637455,3.8895464455176425e-18,0.0,39905.0,0.0,0.0,0
0.039049324588781575,0.011507092143624505,1157.0,6327.0,0.028912997633772145,5.5157220072101724e-18,0.0,39905.0,0.0,0.0,0
0.03876163404480821,0.011507092143624505,1158.0,6327.0,0.028625307089798786,3.185976610662915e-18,0.0,39905.0,0.0,0.0,0
0.03847680620382273,0.011507092143624505,1159.0,6327.0,0.028340479248813305,-1.5863508540592431e-18,0.0,39905.0,0.0,0.0,0
0.038194812568679244,0.011507092143624505,1160.0,6327.0,0.028058485613669817,6.458240087864618e-18,0.0,39905.0,0.0,0.0,0
0.037915624926998896,0.011507092143624505,1161.0,6327.0,0.02777929797198946,8.057865844468289e-18,0.0,39905.0,0.0,0.0,0
0.03763921534822074,0.011507092143624505,1162.0,6327.0,0.027502888393211314,6.677275979847693e-18,0.0,39905.0,0.0,0.0,0
0.03736555618069292,0.011507092143624505,1163.0,6327.0,0.027229229225683486,1.9029572797438705e-17,0.0,39905.0,0.0,0.0,0
0.03709462004880269,0.011507092143624505,1164.0,6327.0,0.026958293093793266,2.1505342121974677e-18,0.0,39905.0,0.0,0.0,0
0.03682637985014422,0.011507092143624505,1165.0,6327.0,0.0266900528951348,-8.595499397517657e-18,0.0,39905.0,0.0,0.0,0
0.03656080875272244,0.011507092143624505,1166.0,6327.0,0.026424481797713006,1.0473898107554333e-17,0.0,39905.0,0.0,0.0,0
0.03629788019219228,0.011507092143624505,1167.0,6327.0,0.026161553237182847,8.993746473850521e-18,0.0,39905.0,0.0,0.0,0
0.03603756786913205,0.011507092143624505,1168.0,6327.0,0.025901240914122617,-5.163937089782808e-18,0.0,39905.0,0.0,0.0,0
0.035779845746349966,0.011507092143624505,1169.0,6327.0,0.02564351879134055,-1.549844872062064e-17,0.0,39905.0,0.0,0.0,0
0.03552468804622289,0.011507092143624505,1170.0,6327.0,0.025388361091213462,-3.862996640428785e-18,0.0,39905.0,0.0,0.0,0
0.03527206924806655,0.011507092143624505,1171.0,6327.0,0.02513574229305712,-1.4137771209816686e-18,0.0,39905.0,0.0,0.0,0
0.03502196408553641,0.011507092143624505,1172.0,6327.0,0.024885637130526977,8.827810192045161e-18,0.0,39905.0,0.0,0.0,0
0.03477434754405841,0.011507092143624505,1173.0,6327.0,0.024638020589048983,-7.964941526657288e-20,0.0,39905.0,0.0,0.0,0
0.03452919485828904,0.011507092143624505,1174.0,6327.0,0.024392867903279606,7.374208363430206e-18,0.0,39905.0,0.0,0.0,0
0.03428648150960382,0.011507092143624505,1175.0,6327.0,0.024150154554594388,-2.057609894386466e-18,0.0,39905.0,0.0,0.0,0
0.034046183223613954,0.011507092143624505,1176.0,6327.0,0.02390985626860452,6.119730072981683e-18,0.0,39905.0,0.0,0.0,0
0.033808275967710286,0.011507092143624505,1177.0,6327.0,0.023671949012700855,8.16406506482372e-18,0.0,39905.0,0.0,0.0,0
0.0335727359486342,0.011507092143624505,1178.0,6327.0,0.02343640899362477,-4.53337921892244e-18,0.0,39905.0,0.0,0.0,0
0.03333953961007495,0.011507092143624505,1179.0,6327.0,0.023203212655065513,1.141641618820878e-18,0.0,39905.0,0.0,0.0,0
0.033108663630292794,0.011507092143624505,1180.0,6327.0,0.02297233667528337,-1.3659874718217249e-17,0.0,39905.0,0.0,0.0,0
0.032880084919767766,0.011507092143624505,1181.0,6327.0,0.022743757964758332,1.0639834389359695e-17,0.0,39905.0,0.0,0.0,0
0.032653780618873245,0.011507092143624505,1182.0,6327.0,0.022517453663863814,1.4934265362482415e-18,0.0,39905.0,0.0,0.0,0
0.03242972809557449,0.011507092143624505,1183.0,6327.0,0.022293401140565054,1.0984981855514843e-17,0.0,39905.0,0.0,0.0,0
0.03220790494315109,0.011507092143624505,1184.0,6327.0,0.022071577988141654,2.137259309653039e-18,0.0,39905.0,0.0,0.0,0
0.03198828897794355,0.011507092143624505,1185.0,6327.0,0.021851962022934126,-4.75905256217773e-18,0.0,39905.0,0.0,0.0,0
0.0317708582371233,0.011507092143624505,1186.0,6327.0,0.021634531282113862,1.0082288482493684e-17,0.0,39905.0,0.0,0.0,0
0.031555590976485776,0.011507092143624505,1187.0,6327.0,0.021419264021476345,7.865379757574072e-18,0.0,39905.0,0.0,0.0,0
0.031342465668266636,0.011507092143624505,1188.0,6327.0,0.021206138713257206,5.190486894871666e-18,0.0,39905.0,0.0,0.0,0
0.03113146099898028,0.011507092143624505,1189.0,6327.0,0.02099513404397085,4.798877269811016e-18,0.0,39905.0,0.0,0.0,0
0.030922555867280713,0.011507092143624505,1190.0,6327.0,0.020786228912271287,-5.582096519932316e-18,0.0,39905.0,0.0,0.0,0
0.030715729381844418,0.011507092143624505,1191.0,6327.0,0.020579402426834984,5.9338814373596796e-18,0.0,39905.0,0.0,0.0,0
0.030510960859274704,0.011507092143624505,1192.0,6327.0,0.020374633904265284,-7.367570912157991e-18,0.0,39905.0,0.0,0.0,0
0.030308229822027757,0.011507092143624505,1193.0,6327.0,0.020171902867018334,-3.949283506967572e-18,0.0,39905.0,0.0,0.0,0
0.030107515996359524,0.011507092143624505,1194.0,6327.0,0.019971189041350087,4.918351392710875e-18,0.0,39905.0,0.0,0.0,0
0.02990879931029363,0.011507092143624505,1195.0,6327.0,0.0197724723552842,-3.617410943356852e-18,0.0,39905.0,0.0,0.0,0
0.02971205989160996,0.011507092143624505,1196.0,6327.0,0.01957573293660053,-3.6107734920846374e-18,0.0,39905.0,0.0,0.0,0
0.029517278065853476,0.011507092143624505,1197.0,6327.0,0.01938095111084406,-1.1608902275102997e-17,0.0,39905.0,0.0,0.0,0
0.029324434354363337,0.011507092143624505,1198.0,6327.0,0.01918810739935391,2.6018808987080473e-18,0.0,39905.0,0.0,0.0,0
0.029133509472321746,0.011507092143624505,1199.0,6327.0,0.018997182517312323,-3.962558409512001e-18,0.0,39905.0,0.0,0.0,0
0.028944484326822728,0.011507092143624505,1200.0,6327.0,0.018808157371813298,7.599881706685495e-18,0.0,39905.0,0.0,0.0,0
0.0287573400149601,0.011507092143624505,1201.0,6327.0,0.018621013059950675,-2.6018808987080473e-18,0.0,39905.0,0.0,0.0,0
0.02857205782193495,0.011507092143624505,1202.0,6327.0,0.01843573086692552,5.057737869427378e-18,0.0,39905.0,0.0,0.0,0
0.028388619219181895,0.011507092143624505,1203.0,6327.0,0.018252292264172475,-5.044462966882949e-18,0.0,39905.0,0.0,0.0,0
0.028207005862514414,0.011507092143624505,1204.0,6327.0,0.01807067890750498,-2.5222314834414748e-19,0.0,39905.0,0.0,0.0,0
0.02802719959028856,0.011507092143624505,1205.0,6327.0,0.017890872635279127,-1.5929883053314576e-19,0.0,39905.0,0.0,0.0,0
0.02784918242158531,0.011507092143624505,1206.0,6327.0,0.017712855466575878,-3.882908994245428e-18,0.0,39905.0,0.0,0.0,0
0.027672936554410967,0.011507092143624505,1207.0,6327.0,0.017536609599401544,-3.969195860784215e-18,0.0,39905.0,0.0,0.0,0
0.027498444363915717,0.011507092143624505,1208.0,6327.0,0.017362117408906287,-3.491299369184778e-18,0.0,39905.0,0.0,0.0,0
0.027325688400629915,0.011507092143624505,1209.0,6327.0,0.01718936144562048,1.5929883053314576e-18,0.0,39905.0,0.0,0.0,0
0.02715465138871809,0.011507092143624505,1210.0,6327.0,0.017018324433708668,8.495937628434441e-19,0.0,39905.0,0.0,0.0,0
0.026985316224250416,0.011507092143624505,1211.0,6327.0,0.01684898926924099,-3.929371153150929e-18,0.0,39905.0,0.0,0.0,0
0.026817665973491413,0.011507092143624505,1212.0,6327.0,0.016681339018481987,-3.982470763328644e-20,0.0,39905.0,0.0,0.0,0
0.026651683871205794,0.011507092143624505,1213.0,6327.0,0.01651535691619636,7.686168573224282e-18,0.0,39905.0,0.0,0.0,0
0.026487353318981208,0.011507092143624505,1214.0,6327.0,0.01635102636397178,3.3320005386516323e-18,0.0,39905.0,0.0,0.0,0
0.026324657883567772,0.011507092143624505,1215.0,6327.0,0.016188330928558342,9.62430434471089e-19,0.0,39905.0,0.0,0.0,0
0.026163581295234144,0.011507092143624505,1216.0,6327.0,0.016027254340224718,8.416288213167867e-18,0.0,39905.0,0.0,0.0,0
0.026004107446139974,0.011507092143624505,1217.0,6327.0,0.015867780491130554,-4.626303536733442e-18,0.0,39905.0,0.0,0.0,0
0.02584622038872473,0.011507092143624505,1218.0,6327.0,0.015709893433715295,-3.265626025929488e-18,0.0,39905.0,0.0,0.0,0
0.025689904334112383,0.011507092143624505,1219.0,6327.0,0.015553577379102953,2.1638091147418966e-18,0.0,39905.0,0.0,0.0,0
0.025535143650532194,0.011507092143624505,1220.0,6327.0,0.01539881669552276,1.9248608689421779e-19,0.0,39905.0,0.0,0.0,0
0.02538192286175518,0.011507092143624505,1221.0,6327.0,0.015245595906745747,9.226057268378025e-18,0.0,39905.0,0.0,0.0,0
0.02523022664554607,0.011507092143624505,1222.0,6327.0,0.015093899690536643,-6.4847898929534755e-18,0.0,39905.0,0.0,0.0,0
0.025080039832130942,0.011507092143624505,1223.0,6327.0,0.01494371287712152,-1.0951794599153772e-18,0.0,39905.0,0.0,0.0,0
0.02493134740267981,0.011507092143624505,1224.0,6327.0,0.01479502044767038,3.4315623077348483e-18,0.0,39905.0,0.0,0.0,0
0.024784134487804574,0.011507092143624505,1225.0,6327.0,0.014647807532795145,4.314343326939365e-18,0.0,39905.0,0.0,0.0,0
0.024638386366071865,0.011507092143624505,1226.0,6327.0,0.014502059411062435,3.63068584590128e-18,0.0,39905.0,0.0,0.0,0
0.024494088462530653,0.011507092143624505,1227.0,6327.0,0.014357761507521227,-5.748032801737676e-18,0.0,39905.0,0.0,0.0,0
0.024351226347254624,0.011507092143624505,1228.0,6327.0,0.014214899392245201,-6.225929293337113e-18,0.0,39905.0,0.0,0.0,0
0.024209785733898963,0.011507092143624505,1229.0,6327.0,0.014073458778889533,6.803387554019767e-18,0.0,39905.0,0.0,0.0,0
0.02406975247827157,0.011507092143624505,1230.0,6327.0,0.013933425523262136,5.3763355304936695e-18,0.0,39905.0,0.0,0.0,0
0.023931112576918528,0.011507092143624505,1231.0,6327.0,0.013794785621909103,-7.354296009613563e-18,0.0,39905.0,0.0,0.0,0
0.023793852165723647,0.011507092143624505,1232.0,6327.0,0.013657525210714219,-6.046718108987325e-18,0.0,39905.0,0.0,0.0,0
0.023657957518521868,0.011507092143624505,1233.0,6327.0,0.013521630563512443,-8.263626833906936e-18,0.0,39905.0,0.0,0.0,0
0.02352341504572661,0.011507092143624505,1234.0,6327.0,0.013387088090717182,7.765817988490856e-19,0.0,39905.0,0.0,0.0,0
0.02339021129297063,0.011507092143624505,1235.0,6327.0,0.013253884337961212,-6.405140477686902e-18,0.0,39905.0,0.0,0.0,0
0.023258332939760606,0.011507092143624505,1236.0,6327.0,0.013122005984751177,-1.5730759515148145e-18,0.0,39905.0,0.0,0.0,0
0.02312776679814491,0.011507092143624505,1237.0,6327.0,0.012991439843135484,-1.6261755616925297e-18,0.0,39905.0,0.0,0.0,0
0.022998499811394794,0.011507092143624505,1238.0,6327.0,0.012862172856385364,1.8518489049478195e-18,0.0,39905.0,0.0,0.0,0
0.02287051905269862,0.011507092143624505,1239.0,6327.0,0.012734192097689188,3.796622127706641e-18,0.0,39905.0,0.0,0.0,0
0.022743811723869127,0.011507092143624505,1240.0,6327.0,0.012607484768859697,5.42279768939917e-18,0.0,39905.0,0.0,0.0,0
0.02261836515406355,0.011507092143624505,1241.0,6327.0,0.012482038199054126,-4.599753731644584e-18,0.0,39905.0,0.0,0.0,0
0.022494166798516513,0.011507092143624505,1242.0,6327.0,0.012357839843507086,2.5222314834414745e-18,0.0,39905.0,0.0,0.0,0
0.022371204237285423,0.011507092143624505,1243.0,6327.0,0.012234877282275994,-4.294430973122721e-18,0.0,39905.0,0.0,0.0,0
0.022249465174008526,0.011507092143624505,1244.0,6327.0,0.012113138218999103,-9.05348353530045e-18,0.0,39905.0,0.0,0.0,0
0.02212893743467518,0.011507092143624505,1245.0,6327.0,0.011992610479665756,-4.115219788772932e-18,0.0,39905.0,0.0,0.0,0
0.0220096089664084,0.011507092143624505,1246.0,6327.0,0.011873282011398974,2.3496577503639e-18,0.0,39905.0,0.0,0.0,0
0.021891467836259563,0.011507092143624505,1247.0,6327.0,0.011755140881250136,-4.5134668651057965e-18,0.0,39905.0,0.0,0.0,0
0.021774502230015078,0.011507092143624505,1248.0,6327.0,0.01163817527500565,-3.5112117230014215e-18,0.0,39905.0,0.0,0.0,0
0.021658700451014916,0.011507092143624505,1249.0,6327.0,0.011522373496005496,-9.604391990894247e-18,0.0,39905.0,0.0,0.0,0
0.02154405091898295,0.011507092143624505,1250.0,6327.0,0.011407723963973528,-1.1947412289985933e-18,0.0,39905.0,0.0,0.0,0
0.02143054216886884,0.011507092143624505,1251.0,6327.0,0.011294215213859416,-8.734885874234159e-18,0.0,39905.0,0.0,0.0,0
0.02131816284970157,0.011507092143624505,1252.0,6327.0,0.011181835894692143,9.159682755655882e-19,0.0,39905.0,0.0,0.0,0
0.021206901723454272,0.011507092143624505,1253.0,6327.0,0.011070574768444844,5.3099610177715254e-20,0.0,39905.0,0.0,0.0,0
0.021096747663920435,0.011507092143624505,1254.0,6327.0,0.010960420708911007,2.581968544891404e-18,0.0,39905.0,0.0,0.0,0
0.020987689655601254,0.011507092143624505,1255.0,6327.0,0.010851362700591826,-8.628686653878728e-19,0.0,39905.0,0.0,0.0,0
0.020879716792604065,0.011507092143624505,1256.0,6327.0,0.010743389837594633,-1.712462428231317e-18,0.0,39905.0,0.0,0.0,0
0.02077281827755172,0.011507092143624505,1257.0,6327.0,0.010636491322542288,-1.0819045573709483e-18,0.0,39905.0,0.0,0.0,0
0.02066698342050285,0.011507092143624505,1258.0,6327.0,0.010530656465493421,7.10871031254163e-18,0.0,39905.0,0.0,0.0,0
0.02056220163788284,0.011507092143624505,1259.0,6327.0,0.01042587468287341,7.301196399435847e-20,0.0,39905.0,0.0,0.0,0
0.020458462451425474,0.011507092143624505,1260.0,6327.0,0.010322135496416045,2.236821078736255e-18,0.0,39905.0,0.0,0.0,0
0.02035575548712507,0.011507092143624505,1261.0,6327.0,0.010219428532115644,-3.7169727124400676e-18,0.0,39905.0,0.0,0.0,0
0.020254070474199096,0.011507092143624505,1262.0,6327.0,0.01011774351918967,9.425180806544458e-19,0.0,39905.0,0.0,0.0,0
0.020153397244061035,0.011507092143624505,1263.0,6327.0,0.010017070289051605,7.367570912157992e-19,0.0,39905.0,0.0,0.0,0
0.020053725729303553,0.011507092143624505,1264.0,6327.0,0.009917398774294123,-1.5531635976981712e-18,0.0,39905.0,0.0,0.0,0
0.019955045962691726,0.011507092143624505,1265.0,6327.0,0.009818719007682298,1.9314983202143924e-18,0.0,39905.0,0.0,0.0,0
0.019857348076166303,0.011507092143624505,1266.0,6327.0,0.009721021121156878,-7.526869742691138e-18,0.0,39905.0,0.0,0.0,0
0.019760622299856912,0.011507092143624505,1267.0,6327.0,0.00962429534484748,5.548909263571244e-18,0.0,39905.0,0.0,0.0,0
0.019664858961105005,0.011507092143624505,1268.0,6327.0,0.009528532006095578,-3.663873102262353e-18,0.0,39905.0,0.0,0.0,0
0.019570048483496662,0.011507092143624505,1269.0,6327.0,0.009433721528487236,-4.911713941438661e-19,0.0,39905.0,0.0,0.0,0
0.019476181385904873,0.011507092143624505,1270.0,6327.0,0.009339854430895446,-1.208016131543022e-18,0.0,39905.0,0.0,0.0,0
0.019383248281541438,0.011507092143624505,1271.0,6327.0,0.009246921326532011,-2.077522248203109e-18,0.0,39905.0,0.0,0.0,0
0.01929123987701829,0.011507092143624505,1272.0,6327.0,0.00915491292200886,-4.798877269811016e-18,0.0,39905.0,0.0,0.0,0
0.019200146971418124,0.011507092143624505,1273.0,6327.0,0.009063820016408694,2.7545422779689787e-18,0.0,39905.0,0.0,0.0,0
0.019109960455374303,0.011507092143624505,1274.0,6327.0,0.00897363350036488,-5.535634361026815e-18,0.0,39905.0,0.0,0.0,0
0.01902067131015994,0.011507092143624505,1275.0,6327.0,0.008884344355150512,-2.250095981280684e-18,0.0,39905.0,0.0,0.0,0
0.01893227060678597,0.011507092143624505,1276.0,6327.0,0.00879594365177654,1.3274902544428814e-18,0.0,39905.0,0.0,0.0,0
0.01884474950510826,0.011507092143624505,1277.0,6327.0,0.008708422550098831,-3.265626025929488e-18,0.0,39905.0,0.0,0.0,0
0.01875809925294362,0.011507092143624505,1278.0,6327.0,0.008621772297934186,7.765817988490856e-19,0.0,39905.0,0.0,0.0,0
0.01867231118519451,0.011507092143624505,1279.0,6327.0,0.008535984230185084,-9.491555319266602e-19,0.0,39905.0,0.0,0.0,0
0.0185873767229826,0.011507092143624505,1280.0,6327.0,0.008451049767973166,5.64847103265446e-18,0.0,39905.0,0.0,0.0,0
0.018503287372790785,0.011507092143624505,1281.0,6327.0,0.00836696041778136,-3.9227337018787144e-18,0.0,39905.0,0.0,0.0,0
0.01842003472561392,0.011507092143624505,1282.0,6327.0,0.008283707770604495,1.5929883053314576e-19,0.0,39905.0,0.0,0.0,0
0.018337610456117842,0.011507092143624505,1283.0,6327.0,0.008201283501108414,1.5133388900648848e-18,0.0,39905.0,0.0,0.0,0
0.01825600632180685,0.011507092143624505,1284.0,6327.0,0.008119679366797422,-4.075395081139646e-18,0.0,39905.0,0.0,0.0,0
0.018175214162199464,0.011507092143624505,1285.0,6327.0,0.008038887207190032,2.6815303139746205e-18,0.0,39905.0,0.0,0.0,0
0.018095225898012348,0.011507092143624505,1286.0,6327.0,0.007958898943002913,7.029060897275056e-18,0.0,39905.0,0.0,0.0,0
0.018016033530352367,0.011507092143624505,1287.0,6327.0,0.007879706575342942,-3.902821348062071e-18,0.0,39905.0,0.0,0.0,0
0.01793762913991674,0.011507092143624505,1288.0,6327.0,0.007801302184907317,-3.312088184834989e-18,0.0,39905.0,0.0,0.0,0
0.01786000488620105,0.011507092143624505,1289.0,6327.0,0.007723677931191624,-5.734757899193248e-18,0.0,39905.0,0.0,0.0,0
0.017783153006715208,0.011507092143624505,1290.0,6327.0,0.007646826051705779,1.0088925933765899e-18,0.0,39905.0,0.0,0.0,0
0.017707065816207176,0.011507092143624505,1291.0,6327.0,0.00757073886119775,-1.4934265362482415e-18,0.0,39905.0,0.0,0.0,0
0.017631735705894495,0.011507092143624505,1292.0,6327.0,0.007495408750885061,4.765690013449944e-18,0.0,39905.0,0.0,0.0,0
0.017557155142703305,0.011507092143624505,1293.0,6327.0,0.007420828187693882,-3.7567974200733545e-18,0.0,39905.0,0.0,0.0,0
0.017483316668515145,0.011507092143624505,1294.0,6327.0,0.007346989713505714,4.513466865105797e-19,0.0,39905.0,0.0,0.0,0
0.01741021289942102,0.011507092143624505,1295.0,6327.0,0.0072738859444115974,-4.851976879988731e-18,0.0,39905.0,0.0,0.0,0
0.017337836524983115,0.011507092143624505,1296.0,6327.0,0.0072015095699736785,6.252479098425971e-18,0.0,39905.0,0.0,0.0,0
0.017266180307503622,0.011507092143624505,1297.0,6327.0,0.007129853352494189,2.3430202990916857e-18,0.0,39905.0,0.0,0.0,0
0.017195237081301072,0.011507092143624505,1298.0,6327.0,0.007058910126291645,-3.869634091700999e-18,0.0,39905.0,0.0,0.0,0
0.017124999751993733,0.011507092143624505,1299.0,6327.0,0.006988672796984301,-2.323107945275042e-19,0.0,39905.0,0.0,0.0,0
0.017055461295790112,0.011507092143624505,1300.0,6327.0,0.006919134340780685,3.876271542973213e-18,0.0,39905.0,0.0,0.0,0
0.01698661475878663,0.011507092143624505,1301.0,6327.0,0.006850287803777208,-8.562312141156585e-19,0.0,39905.0,0.0,0.0,0
0.016918453256272212,0.011507092143624505,1302.0,6327.0,0.006782126301262791,-4.9581761003441615e-18,0.0,39905.0,0.0,0.0,0
0.016850969972039807,0.011507092143624505,1303.0,6327.0,0.006714643017030372,6.531252051858976e-18,0.0,39905.0,0.0,0.0,0
0.016784158157704718,0.011507092143624505,1304.0,6327.0,0.006647831202695292,-3.4514746615514916e-19,0.0,39905.0,0.0,0.0,0
0.01671801113202985,0.011507092143624505,1305.0,6327.0,0.006581684177020419,-2.236821078736255e-18,0.0,39905.0,0.0,0.0,0
0.0166525222802575,0.011507092143624505,1306.0,6327.0,0.0065161953252480705,-9.292431781100169e-19,0.0,39905.0,0.0,0.0,0
0.016587685053447907,0.011507092143624505,1307.0,6327.0,0.006451358098438482,-4.6993155007278e-18,0.0,39905.0,0.0,0.0,0
0.016523492967824363,0.011507092143624505,1308.0,6327.0,0.006387166012814938,-1.3274902544428814e-18,0.0,39905.0,0.0,0.0,0
0.016459939604124806,0.011507092143624505,1309.0,6327.0,0.006323612649115376,2.4890442270804025e-18,0.0,39905.0,0.0,0.0,0
0.01639701860695989,0.011507092143624505,1310.0,6327.0,0.006260691651950458,4.832064526172088e-18,0.0,39905.0,0.0,0.0,0
0.016334723684177467,0.011507092143624505,1311.0,6327.0,0.006198396729168037,1.79211184349789e-18,0.0,39905.0,0.0,0.0,0
0.01627304860623334,0.011507092143624505,1312.0,6327.0,0.006136721651223914,-3.0067654263131264e-18,0.0,39905.0,0.0,0.0,0
0.016211987205568323,0.011507092143624505,1313.0,6327.0,0.006075660250558893,-9.757053370155177e-19,0.0,39905.0,0.0,0.0,0
0.016151533375991452,0.011507092143624505,1314.0,6327.0,0.006015206420982023,-3.7833472251622115e-18,0.0,39905.0,0.0,0.0,0
0.0160916810720694,0.011507092143624505,1315.0,6327.0,0.0059553541170599715,1.9845979303921074e-18,0.0,39905.0,0.0,0.0,0
0.01603242430852188,0.011507092143624505,1316.0,6327.0,0.005896097353512451,1.6129006591481009e-18,0.0,39905.0,0.0,0.0,0
0.015973757159623167,0.011507092143624505,1317.0,6327.0,0.005837430204613739,-1.453601828614955e-18,0.0,39905.0,0.0,0.0,0
0.01591567375860947,0.011507092143624505,1318.0,6327.0,0.0057793468036000445,-4.088669983684074e-18,0.0,39905.0,0.0,0.0,0
0.015858168297092294,0.011507092143624505,1319.0,6327.0,0.0057218413420828665,-1.2279284853596653e-18,0.0,39905.0,0.0,0.0,0
0.015801235024477556,0.011507092143624505,1320.0,6327.0,0.005664908069468128,-4.812152172355445e-18,0.0,39905.0,0.0,0.0,0
0.01574486824739055,0.011507092143624505,1321.0,6327.0,0.005608541292381125,-1.6460879155091729e-18,0.0,39905.0,0.0,0.0,0
0.0156890623291066,0.011507092143624505,1322.0,6327.0,0.005552735374097172,1.1283667162764492e-19,0.0,39905.0,0.0,0.0,0
0.01563381168898736,0.011507092143624505,1323.0,6327.0,0.0054974847339779335,-3.318725636107203e-20,0.0,39905.0,0.0,0.0,0
0.015579110801922789,0.011507092143624505,1324.0,6327.0,0.005442783846913355,2.973578169952054e-18,0.0,39905.0,0.0,0.0,0
0.015524954197778572,0.011507092143624505,1325.0,6327.0,0.005388627242769143,-3.252351123385059e-19,0.0,39905.0,0.0,0.0,0
0.015471336460849186,0.011507092143624505,1326.0,6327.0,0.005335009505839759,3.8497217378843558e-19,0.0,39905.0,0.0,0.0,0
0.015418252229316249,0.011507092143624505,1327.0,6327.0,0.005281925274306821,-1.7522871358646032e-18,0.0,39905.0,0.0,0.0,0
0.015365696194712368,0.011507092143624505,1328.0,6327.0,0.005229369239702941,3.3187256361072035e-18,0.0,39905.0,0.0,0.0,0
0.015313663101390282,0.011507092143624505,1329.0,6327.0,0.0051773361463808565,-5.389610433038098e-18,0.0,39905.0,0.0,0.0,0
0.01526214774599731,0.011507092143624505,1330.0,6327.0,0.005125820790987878,3.617410943356852e-18,0.0,39905.0,0.0,0.0,0
0.015211144976954964,0.011507092143624505,1331.0,6327.0,0.005074818021945534,-1.0420798497376619e-18,0.0,39905.0,0.0,0.0,0
0.01516064969394385,0.011507092143624505,1332.0,6327.0,0.005024322738934419,-1.3938647671650253e-19,0.0,39905.0,0.0,0.0,0
0.015110656847393576,0.011507092143624505,1333.0,6327.0,0.004974329892384151,-1.3805898646205967e-18,0.0,39905.0,0.0,0.0,0
0.015061161437977843,0.011507092143624505,1334.0,6327.0,0.004924834482968415,-9.026933730211593e-19,0.0,39905.0,0.0,0.0,0
0.015012158516114447,0.011507092143624505,1335.0,6327.0,0.004875831561105018,-2.1638091147418966e-18,0.0,39905.0,0.0,0.0,0
0.01496364318147037,0.011507092143624505,1336.0,6327.0,0.004827316226460946,-5.8940567297263934e-18,0.0,39905.0,0.0,0.0,0
0.014915610582471725,0.011507092143624505,1337.0,6327.0,0.004779283627462296,6.836574810380839e-19,0.0,39905.0,0.0,0.0,0
0.014868055915818577,0.011507092143624505,1338.0,6327.0,0.004731728960809147,4.9980008079774485e-18,0.0,39905.0,0.0,0.0,0
0.014820974426004628,0.011507092143624505,1339.0,6327.0,0.004684647470995199,-1.4270520235260975e-18,0.0,39905.0,0.0,0.0,0
0.014774361404841672,0.011507092143624505,1340.0,6327.0,0.004638034449832242,5.270136310138239e-18,0.0,39905.0,0.0,0.0,0
0.01472821219098874,0.011507092143624505,1341.0,6327.0,0.00459188523597931,3.6837854560789956e-18,0.0,39905.0,0.0,0.0,0
0.01468252216948599,0.011507092143624505,1342.0,6327.0,0.00454619521447656,3.3851001488293473e-19,0.0,39905.0,0.0,0.0,0
0.014637286771293199,0.011507092143624505,1343.0,6327.0,0.004500959816283767,3.318725636107203e-20,0.0,39905.0,0.0,0.0,0
0.014592501472832847,0.011507092143624505,1344.0,6327.0,0.00445617451782342,-2.8806538521410524e-18,0.0,39905.0,0.0,0.0,0
0.014548161795537772,0.011507092143624505,1345.0,6327.0,0.004411834840528344,-1.4934265362482415e-18,0.0,39905.0,0.0,0.0,0
0.014504263305403291,0.011507092143624505,1346.0,6327.0,0.004367936350393866,-3.0134028775853407e-18,0.0,39905.0,0.0,0.0,0
0.014460801612543813,0.011507092143624505,1347.0,6327.0,0.004324474657534385,1.9314983202143924e-18,0.0,39905.0,0.0,0.0,0
0.014417772370753831,0.011507092143624505,1348.0,6327.0,0.0042814454157444025,3.597498589540208e-18,0.0,39905.0,0.0,0.0,0
0.014375171277073306,0.011507092143624505,1349.0,6327.0,0.004238844322063874,2.362932652908329e-18,0.0,39905.0,0.0,0.0,0
0.014332994071357364,0.011507092143624505,1350.0,6327.0,0.0041966671163479385,-2.2235461761918263e-18,0.0,39905.0,0.0,0.0,0
0.014291236535850295,0.011507092143624505,1351.0,6327.0,0.004154909580840871,-5.25686140759381e-18,0.0,39905.0,0.0,0.0,0
0.014249894494763753,0.011507092143624505,1352.0,6327.0,0.004113567539754324,4.1815943014950765e-19,0.0,39905.0,0.0,0.0,0
0.01420896381385917,0.011507092143624505,1353.0,6327.0,0.004072636858849741,4.659490793094514e-18,0.0,39905.0,0.0,0.0,0
0.014168440400034343,0.011507092143624505,1354.0,6327.0,0.004032113445024916,-1.8783987100366773e-18,0.0,39905.0,0.0,0.0,0
0.014128320200914127,0.011507092143624505,1355.0,6327.0,0.003991993245904699,7.832192501213e-19,0.0,39905.0,0.0,0.0,0
0.014088599204445168,0.011507092143624505,1356.0,6327.0,0.003952272249435747,-6.564439308220048e-18,0.0,39905.0,0.0,0.0,0
0.014049273438494735,0.011507092143624505,1357.0,6327.0,0.003912946483485305,-4.128494691317361e-18,0.0,39905.0,0.0,0.0,0
0.014010338970453444,0.011507092143624505,1358.0,6327.0,0.0038740120154440176,-1.0221674959210186e-18,0.0,39905.0,0.0,0.0,0
0.013971791906842055,0.011507092143624505,1359.0,6327.0,0.003835464951832626,3.1063271953963423e-18,0.0,39905.0,0.0,0.0,0
0.013933628392922077,0.011507092143624505,1360.0,6327.0,0.00379730143791265,-1.7190998795035314e-18,0.0,39905.0,0.0,0.0,0
0.013895844612310323,0.011507092143624505,1361.0,6327.0,0.0037595176573008925,-5.3099610177715254e-20,0.0,39905.0,0.0,0.0,0
0.013858436786597239,0.011507092143624505,1362.0,6327.0,0.0037221098315878094,3.7833472251622115e-18,0.0,39905.0,0.0,0.0,0
0.01382140117496908,0.011507092143624505,1363.0,6327.0,0.003685074219959653,-4.4470923523836526e-18,0.0,39905.0,0.0,0.0,0
0.013784734073833826,0.011507092143624505,1364.0,6327.0,0.003648407118824398,-7.234821886713703e-19,0.0,39905.0,0.0,0.0,0
0.013748431816450805,0.011507092143624505,1365.0,6327.0,0.0036121048614413762,2.5222314834414748e-19,0.0,39905.0,0.0,0.0,0
0.013712490772564024,0.011507092143624505,1366.0,6327.0,0.003576163817554595,1.6394504642369584e-18,0.0,39905.0,0.0,0.0,0
0.013676907348039145,0.011507092143624505,1367.0,6327.0,0.003540580393029717,-1.79211184349789e-18,0.0,39905.0,0.0,0.0,0
0.01364167798450406,0.011507092143624505,1368.0,6327.0,0.0035053510294946345,-2.024422638025394e-18,0.0,39905.0,0.0,0.0,0
0.013606799158993061,0.011507092143624505,1369.0,6327.0,0.0034704722039836356,-4.347530583300437e-18,0.0,39905.0,0.0,0.0,0
0.013572267383594532,0.011507092143624505,1370.0,6327.0,0.0034359404285851077,-2.9603032674076256e-18,0.0,39905.0,0.0,0.0,0
0.013538079205102157,0.011507092143624505,1371.0,6327.0,0.003401752250092728,-1.1947412289985933e-18,0.0,39905.0,0.0,0.0,0
0.013504231204669592,0.011507092143624505,1372.0,6327.0,0.0033679042496601646,-3.0797773903074846e-18,0.0,39905.0,0.0,0.0,0
0.013470719997468591,0.011507092143624505,1373.0,6327.0,0.0033343930424591622,1.420414572253883e-18,0.0,39905.0,0.0,0.0,0
0.013437542232350505,0.011507092143624505,1374.0,6327.0,0.003301215277341079,1.7257373307757458e-19,0.0,39905.0,0.0,0.0,0
0.013404694591511173,0.011507092143624505,1375.0,6327.0,0.0032683676365017457,-4.447092352383652e-19,0.0,39905.0,0.0,0.0,0
0.013372173790159144,0.011507092143624505,1376.0,6327.0,0.0032358468351497147,8.894184704767305e-19,0.0,39905.0,0.0,0.0,0
0.013339976576187178,0.011507092143624505,1377.0,6327.0,0.003203649621177746,1.0155300446488041e-18,0.0,39905.0,0.0,0.0,0
0.01330809972984704,0.011507092143624505,1378.0,6327.0,0.0031717727748376127,-2.628430703796905e-18,0.0,39905.0,0.0,0.0,0
0.013276540063427544,0.011507092143624505,1379.0,6327.0,0.003140213108418117,-1.8385740024033907e-18,0.0,39905.0,0.0,0.0,0
0.01324529442093574,0.011507092143624505,1380.0,6327.0,0.003108967465926314,1.420414572253883e-18,0.0,39905.0,0.0,0.0,0
0.013214359677781349,0.011507092143624505,1381.0,6327.0,0.003078032722771918,2.7213550216079067e-18,0.0,39905.0,0.0,0.0,0
0.013183732740464261,0.011507092143624505,1382.0,6327.0,0.0030474057854548353,-4.712590403272229e-18,0.0,39905.0,0.0,0.0,0
0.013153410546265244,0.011507092143624505,1383.0,6327.0,0.003017083591255813,-1.3474026082595245e-18,0.0,39905.0,0.0,0.0,0
0.013123390062939591,0.011507092143624505,1384.0,6327.0,0.002987063107930161,3.1196020979407714e-19,0.0,39905.0,0.0,0.0,0
0.013093668288413957,0.011507092143624505,1385.0,6327.0,0.002957341333404531,-9.425180806544458e-19,0.0,39905.0,0.0,0.0,0
0.013064242250486127,0.011507092143624505,1386.0,6327.0,0.0029279152954766975,3.876271542973213e-18,0.0,39905.0,0.0,0.0,0
0.013035109006527778,0.011507092143624505,1387.0,6327.0,0.00289878205151835,-1.6527253667813873e-18,0.0,39905.0,0.0,0.0,0
0.013006265643190245,0.011507092143624505,1388.0,6327.0,0.0028699386881808155,3.517849174273636e-18,0.0,39905.0,0.0,0.0,0
0.012977709276113148,0.011507092143624505,1389.0,6327.0,0.002841382321103722,-5.084287674516236e-18,0.0,39905.0,0.0,0.0,0
0.012949437049635996,0.011507092143624505,1390.0,6327.0,0.002813110094626567,-1.0221674959210186e-18,0.0,39905.0,0.0,0.0,0
0.012921446136512567,0.011507092143624505,1391.0,6327.0,0.002785119181503138,-9.557929831988746e-19,0.0,39905.0,0.0,0.0,0
0.012893733737628234,0.011507092143624505,1392.0,6327.0,0.0027574067826188027,2.8806538521410524e-18,0.0,39905.0,0.0,0.0,0
0.012866297081720001,0.011507092143624505,1393.0,6327.0,0.0027299701267105734,-3.0598650364908415e-18,0.0,39905.0,0.0,0.0,0
0.012839133425099432,0.011507092143624505,1394.0,6327.0,0.002702806470089998,2.4890442270804025e-18,0.0,39905.0,0.0,0.0,0
0.01281224005137821,0.011507092143624505,1395.0,6327.0,0.0026759130963687787,2.416032263086044e-18,0.0,39905.0,0.0,0.0,0
0.012785614271196557,0.011507092143624505,1396.0,6327.0,0.0026492873161871313,-3.617410943356852e-18,0.0,39905.0,0.0,0.0,0
0.012759253421954277,0.011507092143624505,1397.0,6327.0,0.0026229264669448485,4.2479688142172203e-19,0.0,39905.0,0.0,0.0,0
0.01273315486754447,0.011507092143624505,1398.0,6327.0,0.0025968279125350396,3.312088184834989e-18,0.0,39905.0,0.0,0.0,0
0.012707315998089946,0.011507092143624505,1399.0,6327.0,0.002570989043080517,4.579841377827941e-19,0.0,39905.0,0.0,0.0,0
0.012681734229682225,0.011507092143624505,1400.0,6327.0,0.0025454072746727975,-2.528868934713689e-18,0.0,39905.0,0.0,0.0,0
0.012656407004123155,0.011507092143624505,1401.0,6327.0,0.0025200800491137257,-2.190358919830754e-19,0.0,39905.0,0.0,0.0,0
0.01263133178866907,0.011507092143624505,1402.0,6327.0,0.00249500483365964,3.146151903029629e-18,0.0,39905.0,0.0,0.0,0
0.012606506075777527,0.011507092143624505,1403.0,6327.0,0.0024701791207680955,2.1903589198307543e-18,0.0,39905.0,0.0,0.0,0
0.012581927382856552,0.011507092143624505,1404.0,6327.0,0.0024456004278471223,1.0221674959210186e-18,0.0,39905.0,0.0,0.0,0
0.012557593252016367,0.011507092143624505,1405.0,6327.0,0.0024212662970069347,3.882908994245428e-18,0.0,39905.0,0.0,0.0,0
0.01253350124982361,0.011507092143624505,1406.0,6327.0,0.0023971742948141824,1.2943029980818094e-18,0.0,39905.0,0.0,0.0,0
0.012509648967057987,0.011507092143624505,1407.0,6327.0,0.0023733220120485594,-2.236821078736255e-18,0.0,39905.0,0.0,0.0,0
0.012486034018471346,0.011507092143624505,1408.0,6327.0,0.002349707063461919,9.62430434471089e-19,0.0,39905.0,0.0,0.0,0
0.012462654042549145,0.011507092143624505,1409.0,6327.0,0.0023263270875397172,-4.347530583300437e-18,0.0,39905.0,0.0,0.0,0
0.01243950670127431,0.011507092143624505,1410.0,6327.0,0.002303179746264884,-4.8453394287165165e-19,0.0,39905.0,0.0,0.0,0
0.012416589679893425,0.011507092143624505,1411.0,6327.0,0.0022802627248839995,-4.4802796087447246e-18,0.0,39905.0,0.0,0.0,0
0.012393900686685257,0.011507092143624505,1412.0,6327.0,0.0022575737316758277,-9.226057268378025e-19,0.0,39905.0,0.0,0.0,0
0.012371437452731572,0.011507092143624505,1413.0,6327.0,0.0022351104977221415,1.9646855765754643e-18,0.0,39905.0,0.0,0.0,0
0.012349197731690256,0.011507092143624505,1414.0,6327.0,0.002212870776680829,9.757053370155177e-19,0.0,39905.0,0.0,0.0,0
0.012327179299570674,0.011507092143624505,1415.0,6327.0,0.002190852344561245,8.495937628434441e-19,0.0,39905.0,0.0,0.0,0
0.012305379954511265,0.011507092143624505,1416.0,6327.0,0.002169052999501838,-2.4624944219915448e-18,0.0,39905.0,0.0,0.0,0
0.012283797516559355,0.011507092143624505,1417.0,6327.0,0.002147470561549928,-4.407267644750366e-18,0.0,39905.0,0.0,0.0,0
0.012262429827453163,0.011507092143624505,1418.0,6327.0,0.0021261028724437383,-2.628430703796905e-18,0.0,39905.0,0.0,0.0,0
0.01224127475040598,0.011507092143624505,1419.0,6327.0,0.0021049477953965536,-2.900566205957696e-18,0.0,39905.0,0.0,0.0,0
0.012220330169892463,0.011507092143624505,1420.0,6327.0,0.0020840032148830346,2.6549805088857627e-20,0.0,39905.0,0.0,0.0,0
0.012199593991437111,0.011507092143624505,1421.0,6327.0,0.0020632670364276818,2.5222314834414748e-19,0.0,39905.0,0.0,0.0,0
0.01217906414140479,0.011507092143624505,1422.0,6327.0,0.002042737186395363,-2.7014426677912636e-18,0.0,39905.0,0.0,0.0,0
0.0121587385667934,0.011507092143624505,1423.0,6327.0,0.002022411611783974,-4.785602367266587e-18,0.0,39905.0,0.0,0.0,0
0.012138615235028538,0.011507092143624505,1424.0,6327.0,0.0020022882800191095,2.104072053291967e-18,0.0,39905.0,0.0,0.0,0
0.012118692133760255,0.011507092143624505,1425.0,6327.0,0.0019823651787508265,-5.840957119548678e-19,0.0,39905.0,0.0,0.0,0
0.012098967270661827,0.011507092143624505,1426.0,6327.0,0.0019626403156523978,3.982470763328644e-20,0.0,39905.0,0.0,0.0,0
0.012079438673230499,0.011507092143624505,1427.0,6327.0,0.0019431117182210703,2.1239844071086102e-19,0.0,39905.0,0.0,0.0,0
0.01206010438859026,0.011507092143624505,1428.0,6327.0,0.0019237774335808307,-2.4558569707193305e-18,0.0,39905.0,0.0,0.0,0
0.012040962483296532,0.011507092143624505,1429.0,6327.0,0.0019046355282871037,-7.765817988490856e-19,0.0,39905.0,0.0,0.0,0
0.012022011043142836,0.011507092143624505,1430.0,6327.0,0.0018856840881334048,-1.7721994896812467e-18,0.0,39905.0,0.0,0.0,0
0.012003248172969359,0.011507092143624505,1431.0,6327.0,0.0018669212179599295,-3.3187256361072035e-19,0.0,39905.0,0.0,0.0,0
0.011984671996473453,0.011507092143624505,1432.0,6327.0,0.0018483450414640238,3.053227585218627e-19,0.0,39905.0,0.0,0.0,0
0.011966280656021984,0.011507092143624505,1433.0,6327.0,0.0018299537010125569,-1.0487173010098763e-18,0.0,39905.0,0.0,0.0,0
0.011948072312465583,0.011507092143624505,1434.0,6327.0,0.001811745357456155,-1.0686296548265194e-18,0.0,39905.0,0.0,0.0,0
0.011930045144954724,0.011507092143624505,1435.0,6327.0,0.001793718189945294,-2.057609894386466e-19,0.0,39905.0,0.0,0.0,0
0.011912197350757625,0.011507092143624505,1436.0,6327.0,0.0017758703957481978,1.5664385002426e-18,0.0,39905.0,0.0,0.0,0
0.01189452714508,0.011507092143624505,1437.0,6327.0,0.0017582001900705727,3.7169727124400676e-19,0.0,39905.0,0.0,0.0,0
0.011877032760886553,0.011507092143624505,1438.0,6327.0,0.0017407058058771247,2.7877295343300507e-19,0.0,39905.0,0.0,0.0,0
0.011859712448724288,0.011507092143624505,1439.0,6327.0,0.001723385493714861,8.363188602990153e-19,0.0,39905.0,0.0,0.0,0
0.011842564476547551,0.011507092143624505,1440.0,6327.0,0.0017062375215381237,-4.7524151109055154e-18,0.0,39905.0,0.0,0.0,0
0.011825587129544842,0.011507092143624505,1441.0,6327.0,0.0016892601745354132,-2.4558569707193304e-19,0.0,39905.0,0.0,0.0,0
0.011808778709967304,0.011507092143624505,1442.0,6327.0,0.0016724517549578767,-1.991235381664322e-19,0.0,39905.0,0.0,0.0,0
0.011792137536958978,0.011507092143624505,1443.0,6327.0,0.0016558105819495501,-1.8053867460423187e-18,0.0,39905.0,0.0,0.0,0
0.011775661946388698,0.011507092143624505,1444.0,6327.0,0.0016393349913792661,6.610901467125549e-18,0.0,39905.0,0.0,0.0,0
0.011759350290683665,0.011507092143624505,1445.0,6327.0,0.0016230233356742366,-3.185976610662915e-18,0.0,39905.0,0.0,0.0,0
0.011743200938664725,0.011507092143624505,1446.0,6327.0,0.0016068739836552967,-4.380717839661509e-18,0.0,39905.0,0.0,0.0,0
0.011727212275383217,0.011507092143624505,1447.0,6327.0,0.001590885320373791,-2.6682554114301916e-18,0.0,39905.0,0.0,0.0,0
0.011711382701959492,0.011507092143624505,1448.0,6327.0,0.0015750557469500638,1.95804812530325e-18,0.0,39905.0,0.0,0.0,0
0.01169571063542301,0.011507092143624505,1449.0,6327.0,0.0015593836804135822,-1.599625756603672e-18,0.0,39905.0,0.0,0.0,0
0.011680194508554061,0.011507092143624505,1450.0,6327.0,0.001543867553544632,1.9049485151255346e-18,0.0,39905.0,0.0,0.0,0
0.011664832769727029,0.011507092143624505,1451.0,6327.0,0.0015285058147175986,-3.053227585218627e-19,0.0,39905.0,0.0,0.0,0
0.011649623882755224,0.011507092143624505,1452.0,6327.0,0.001513296927745796,-2.057609894386466e-18,0.0,39905.0,0.0,0.0,0
0.011634566326737277,0.011507092143624505,1453.0,6327.0,0.0014982393717278505,-4.228056460400577e-18,0.0,39905.0,0.0,0.0,0
0.011619658595905046,0.011507092143624505,1454.0,6327.0,0.0014833316408956172,-2.5355063859859033e-18,0.0,39905.0,0.0,0.0,0
0.011604899199473016,0.011507092143624505,1455.0,6327.0,0.001468572244463586,2.7877295343300507e-19,0.0,39905.0,0.0,0.0,0
0.011590286661489245,0.011507092143624505,1456.0,6327.0,0.001453959706479817,-7.035698348547271e-19,0.0,39905.0,0.0,0.0,0
0.011575819520687763,0.011507092143624505,1457.0,6327.0,0.0014394925656783305,4.14176959386179e-18,0.0,39905.0,0.0,0.0,0
0.011561496330342423,0.011507092143624505,1458.0,6327.0,0.0014251693753329958,1.3274902544428814e-20,0.0,39905.0,0.0,0.0,0
0.011547315658122266,0.011507092143624505,1459.0,6327.0,0.001410988703112837,-1.1482790700930924e-18,0.0,39905.0,0.0,0.0,0
0.011533276085948249,0.011507092143624505,1460.0,6327.0,0.0013969491309388181,5.309961017771525e-19,0.0,39905.0,0.0,0.0,0
0.011519376209851453,0.011507092143624505,1461.0,6327.0,0.001383049254842023,2.170446566014111e-18,0.0,39905.0,0.0,0.0,0
0.011505614639832682,0.011507092143624505,1462.0,6327.0,0.001369287684823255,-1.17482887518195e-18,0.0,39905.0,0.0,0.0,0
0.011491989999723473,0.011507092143624505,1463.0,6327.0,0.0013556630447140476,-8.363188602990153e-19,0.0,39905.0,0.0,0.0,0
0.011478500927048463,0.011507092143624505,1464.0,6327.0,0.0013421739720390331,-7.500319937602279e-19,0.0,39905.0,0.0,0.0,0
0.011465146072889133,0.011507092143624505,1465.0,6327.0,0.0013288191178797053,-3.484661917912564e-18,0.0,39905.0,0.0,0.0,0
0.011451924101748945,0.011507092143624505,1466.0,6327.0,0.0013155971467395191,-2.6682554114301916e-18,0.0,39905.0,0.0,0.0,0
0.011438833691419768,0.011507092143624505,1467.0,6327.0,0.0013025067364103404,-4.712590403272229e-19,0.0,39905.0,0.0,0.0,0
0.011425873532849655,0.011507092143624505,1468.0,6327.0,0.001289546577840229,-6.43169028277576e-18,0.0,39905.0,0.0,0.0,0
0.011413042330011954,0.011507092143624505,1469.0,6327.0,0.0012767153750025276,-2.4624944219915448e-18,0.0,39905.0,0.0,0.0,0
0.011400338799775686,0.011507092143624505,1470.0,6327.0,0.0012640118447662587,-2.933753462318768e-18,0.0,39905.0,0.0,0.0,0
0.011387761671777243,0.011507092143624505,1471.0,6327.0,0.001251434716767815,1.6062632078758864e-18,0.0,39905.0,0.0,0.0,0
0.011375309688293339,0.011507092143624505,1472.0,6327.0,0.001238982733283912,3.318725636107203e-20,0.0,39905.0,0.0,0.0,0
0.011362981604115257,0.011507092143624505,1473.0,6327.0,0.0012266546491058261,2.615155801252476e-18,0.0,39905.0,0.0,0.0,0
0.011350776186424298,0.011507092143624505,1474.0,6327.0,0.0012144492314148689,-5.509084555937958e-19,0.0,39905.0,0.0,0.0,0
0.011338692214668523,0.011507092143624505,1475.0,6327.0,0.0012023652596590952,4.646215890550084e-19,0.0,39905.0,0.0,0.0,0
0.011326728480440692,0.011507092143624505,1476.0,6327.0,0.0011904015254312632,2.4691318732637594e-18,0.0,39905.0,0.0,0.0,0
0.011314883787357406,0.011507092143624505,1477.0,6327.0,0.0011785568323479782,-2.8142793394189084e-18,0.0,39905.0,0.0,0.0,0
0.011303156950939487,0.011507092143624505,1478.0,6327.0,0.001166829995930061,-2.807641888146694e-18,0.0,39905.0,0.0,0.0,0
0.011291546798493528,0.011507092143624505,1479.0,6327.0,0.0011552198434840984,-9.823427882877322e-19,0.0,39905.0,0.0,0.0,0
0.011280052168994604,0.011507092143624505,1480.0,6327.0,0.0011437252139851722,3.6505981997179237e-19,0.0,39905.0,0.0,0.0,0
0.011268671912970181,0.011507092143624505,1481.0,6327.0,0.0011323449579607534,-1.0088925933765899e-18,0.0,39905.0,0.0,0.0,0
0.011257404892385178,0.011507092143624505,1482.0,6327.0,0.0011210779373757513,-2.2235461761918263e-18,0.0,39905.0,0.0,0.0,0
0.011246249980528148,0.011507092143624505,1483.0,6327.0,0.0011099230255187233,-4.194869204039505e-18,0.0,39905.0,0.0,0.0,0
0.011235206061898614,0.011507092143624505,1484.0,6327.0,0.0010988791068891855,1.6593628180536017e-18,0.0,39905.0,0.0,0.0,0
0.011224272032095499,0.011507092143624505,1485.0,6327.0,0.001087945077086072,-2.316470494002828e-18,0.0,39905.0,0.0,0.0,0
0.011213446797706717,0.011507092143624505,1486.0,6327.0,0.0010771198426972916,-3.7236101637122826e-18,0.0,39905.0,0.0,0.0,0
0.01120272927619981,0.011507092143624505,1487.0,6327.0,0.0010664023211903828,-5.017913161794091e-18,0.0,39905.0,0.0,0.0,0
0.011192118395813695,0.011507092143624505,1488.0,6327.0,0.0010557914408042654,5.70820809410439e-19,0.0,39905.0,0.0,0.0,0
0.011181613095451489,0.011507092143624505,1489.0,6327.0,0.0010452861404420576,3.770072322617783e-18,0.0,39905.0,0.0,0.0,0
0.011171212324574397,0.011507092143624505,1490.0,6327.0,0.0010348853695649695,-1.5067014387926703e-18,0.0,39905.0,0.0,0.0,0
0.01116091504309667,0.011507092143624505,1491.0,6327.0,0.001024588088087245,-1.8916736125811058e-18,0.0,39905.0,0.0,0.0,0
0.01115072022128158,0.011507092143624505,1492.0,6327.0,0.001014393266272154,-7.228184435441488e-18,0.0,39905.0,0.0,0.0,0
0.011140626839638453,0.011507092143624505,1493.0,6327.0,0.001004299884629021,3.3519128924682754e-18,0.0,39905.0,0.0,0.0,0
0.0111306338888207,0.011507092143624505,1494.0,6327.0,0.0009943069338112722,-5.243586505049382e-19,0.0,39905.0,0.0,0.0,0
0.011120740369524922,0.011507092143624505,1495.0,6327.0,0.0009844134145154941,-4.453729803655867e-18,0.0,39905.0,0.0,0.0,0
0.011110945292390945,0.011507092143624505,1496.0,6327.0,0.0009746183373815175,-2.3894824579971866e-19,0.0,39905.0,0.0,0.0,0
0.011101247677902886,0.011507092143624505,1497.0,6327.0,0.0009649207228934608,-5.296686115227096e-18,0.0,39905.0,0.0,0.0,0
0.011091646556291227,0.011507092143624505,1498.0,6327.0,0.0009553196012817976,-7.301196399435847e-19,0.0,39905.0,0.0,0.0,0
0.011082140967435794,0.011507092143624505,1499.0,6327.0,0.0009458140124263667,3.982470763328644e-19,0.0,39905.0,0.0,0.0,0
0.01107272996076979,0.011507092143624505,1500.0,6327.0,0.0009364030057603575,5.668383386471103e-18,0.0,39905.0,0.0,0.0,0
0.011063412595184691,0.011507092143624505,1501.0,6327.0,0.000927085640175264,-4.281156070578293e-18,0.0,39905.0,0.0,0.0,0
0.01105418793893619,0.011507092143624505,1502.0,6327.0,0.0009178609839267608,1.2943029980818094e-18,0.0,39905.0,0.0,0.0,0
0.011045055069550965,0.011507092143624505,1503.0,6327.0,0.0009087281145415377,-1.1150918137320203e-18,0.0,39905.0,0.0,0.0,0
0.01103601307373447,0.011507092143624505,1504.0,6327.0,0.0008996861187250437,-4.6196660854612275e-18,0.0,39905.0,0.0,0.0,0
0.011027061047279591,0.011507092143624505,1505.0,6327.0,0.0008907340922701639,-2.5686936423469753e-18,0.0,39905.0,0.0,0.0,0
0.01101819809497622,0.011507092143624505,1506.0,6327.0,0.0008818711399667915,-2.1571716634696823e-18,0.0,39905.0,0.0,0.0,0
0.011009423330521738,0.011507092143624505,1507.0,6327.0,0.0008730963755123113,-3.882908994245428e-18,0.0,39905.0,0.0,0.0,0
0.011000735876432391,0.011507092143624505,1508.0,6327.0,0.0008644089214229654,-4.944901197799733e-18,0.0,39905.0,0.0,0.0,0
0.010992134863955533,0.011507092143624505,1509.0,6327.0,0.0008558079089461052,-3.783347225162212e-19,0.0,39905.0,0.0,0.0,0
0.010983619432982742,0.011507092143624505,1510.0,6327.0,0.0008472924779733137,1.1814663264541644e-18,0.0,39905.0,0.0,0.0,0
0.010975188731963827,0.011507092143624505,1511.0,6327.0,0.0008388617769544003,-8.894184704767305e-19,0.0,39905.0,0.0,0.0,0
0.010966841917821666,0.011507092143624505,1512.0,6327.0,0.0008305149628122354,7.433945424880135e-19,0.0,39905.0,0.0,0.0,0
0.010958578155867881,0.011507092143624505,1513.0,6327.0,0.0008222512008584502,-3.8497217378843558e-19,0.0,39905.0,0.0,0.0,0
0.01095039661971939,0.011507092143624505,1514.0,6327.0,0.0008140696647099627,-2.3496577503639e-18,0.0,39905.0,0.0,0.0,0
0.010942296491215768,0.011507092143624505,1515.0,6327.0,0.0008059695362063394,-1.5929883053314576e-18,0.0,39905.0,0.0,0.0,0
0.010934276960337408,0.011507092143624505,1516.0,6327.0,0.0007979500053279799,-2.1438967609252535e-18,0.0,39905.0,0.0,0.0,0
0.010926337225124547,0.011507092143624505,1517.0,6327.0,0.0007900102701151138,2.7213550216079067e-18,0.0,39905.0,0.0,0.0,0
0.010918476491597032,0.011507092143624505,1518.0,6327.0,0.0007821495365876051,-4.818789623627659e-18,0.0,39905.0,0.0,0.0,0
0.010910693973674977,0.011507092143624505,1519.0,6327.0,0.0007743670186655475,1.7257373307757458e-19,0.0,39905.0,0.0,0.0,0
0.010902988893100093,0.011507092143624505,1520.0,6327.0,0.0007666619380906646,1.2345659366318797e-18,0.0,39905.0,0.0,0.0,0
0.010895360479357906,0.011507092143624505,1521.0,6327.0,0.0007590335243484763,-2.90720365722991e-18,0.0,39905.0,0.0,0.0,0
0.01088780796960068,0.011507092143624505,1522.0,6327.0,0.0007514810145912542,-3.6505981997179236e-18,0.0,39905.0,0.0,0.0,0
0.010880330608571156,0.011507092143624505,1523.0,6327.0,0.0007440036535617281,-5.509084555937958e-19,0.0,39905.0,0.0,0.0,0
0.01087292764852699,0.011507092143624505,1524.0,6327.0,0.0007366006935175624,-1.5266137926093136e-18,0.0,39905.0,0.0,0.0,0
0.010865598349166011,0.011507092143624505,1525.0,6327.0,0.0007292713941565843,-2.4558569707193305e-18,0.0,39905.0,0.0,0.0,0
0.010858341977552179,0.011507092143624505,1526.0,6327.0,0.0007220150225427491,1.9381357714866066e-18,0.0,39905.0,0.0,0.0,0
0.01085115780804228,0.011507092143624505,1527.0,6327.0,0.0007148308530328509,1.3474026082595245e-18,0.0,39905.0,0.0,0.0,0
0.010844045122213378,0.011507092143624505,1528.0,6327.0,0.0007077181672039504,2.6350681550691197e-18,0.0,39905.0,0.0,0.0,0
0.010837003208790968,0.011507092143624505,1529.0,6327.0,0.0007006762537815369,1.1482790700930924e-18,0.0,39905.0,0.0,0.0,0
0.01083003136357783,0.011507092143624505,1530.0,6327.0,0.0006937044085684009,1.7257373307757457e-18,0.0,39905.0,0.0,0.0,0
0.01082312888938364,0.011507092143624505,1531.0,6327.0,0.0006868019343742097,-3.2390762208406306e-18,0.0,39905.0,0.0,0.0,0
0.010816295095955225,0.011507092143624505,1532.0,6327.0,0.0006799681409457938,5.3099610177715254e-20,0.0,39905.0,0.0,0.0,0
0.010809529299907545,0.011507092143624505,1533.0,6327.0,0.000673202344898115,4.646215890550084e-19,0.0,39905.0,0.0,0.0,0
0.010802830824655356,0.011507092143624505,1534.0,6327.0,0.0006665038696459291,-1.320852803170667e-18,0.0,39905.0,0.0,0.0,0
0.010796199000345558,0.011507092143624505,1535.0,6327.0,0.0006598720453361288,-7.964941526657288e-19,0.0,39905.0,0.0,0.0,0
0.010789633163790181,0.011507092143624505,1536.0,6327.0,0.0006533062087807588,-3.677148004806781e-18,0.0,39905.0,0.0,0.0,0
0.010783132658400117,0.011507092143624505,1537.0,6327.0,0.0006468057033906877,-2.0642473456586807e-18,0.0,39905.0,0.0,0.0,0
0.010776696834119394,0.011507092143624505,1538.0,6327.0,0.0006403698791099643,1.5000639875204559e-18,0.0,39905.0,0.0,0.0,0
0.010770325047360228,0.011507092143624505,1539.0,6327.0,0.0006339980923507956,2.8939287546854812e-18,0.0,39905.0,0.0,0.0,0
0.010764016660938625,0.011507092143624505,1540.0,6327.0,0.0006276897059291947,2.0310600892976083e-18,0.0,39905.0,0.0,0.0,0
0.01075777104401069,0.011507092143624505,1541.0,6327.0,0.0006214440890012634,-2.004510284208751e-18,0.0,39905.0,0.0,0.0,0
0.01075158757200953,0.011507092143624505,1542.0,6327.0,0.0006152606170001053,-5.163937089782808e-18,0.0,39905.0,0.0,0.0,0
0.010745465626582795,0.011507092143624505,1543.0,6327.0,0.0006091386715733637,4.174956850222862e-18,0.0,39905.0,0.0,0.0,0
0.010739404595530827,0.011507092143624505,1544.0,6327.0,0.0006030776405213982,-1.387227315892811e-18,0.0,39905.0,0.0,0.0,0
0.01073340387274548,0.011507092143624505,1545.0,6327.0,0.0005970769177360507,3.1395144517574143e-18,0.0,39905.0,0.0,0.0,0
0.010727462858149472,0.011507092143624505,1546.0,6327.0,0.000591135903140043,1.0155300446488041e-18,0.0,39905.0,0.0,0.0,0
0.010721580957636395,0.011507092143624505,1547.0,6327.0,0.0005852540026269641,1.6925500744146737e-18,0.0,39905.0,0.0,0.0,0
0.01071575758301129,0.011507092143624505,1548.0,6327.0,0.0005794306280018606,9.425180806544458e-19,0.0,39905.0,0.0,0.0,0
0.010709992151931847,0.011507092143624505,1549.0,6327.0,0.000573665196922418,4.712590403272229e-19,0.0,39905.0,0.0,0.0,0
0.010704284087850149,0.011507092143624505,1550.0,6327.0,0.0005679571328407236,-5.263498858866024e-18,0.0,39905.0,0.0,0.0,0
0.010698632819955037,0.011507092143624505,1551.0,6327.0,0.0005623058649456117,-4.1683193989506475e-18,0.0,39905.0,0.0,0.0,0
0.010693037783115013,0.011507092143624505,1552.0,6327.0,0.0005567108281055855,-1.2345659366318797e-18,0.0,39905.0,0.0,0.0,0
0.010687498417821725,0.011507092143624505,1553.0,6327.0,0.0005511714628122969,-3.099689744124128e-18,0.0,39905.0,0.0,0.0,0
0.01068201417013403,0.011507092143624505,1554.0,6327.0,0.0005456872151246014,1.486789084976027e-18,0.0,39905.0,0.0,0.0,0
0.010676584491622584,0.011507092143624505,1555.0,6327.0,0.0005402575366131573,-2.3961199092694008e-18,0.0,39905.0,0.0,0.0,0
0.010671208839315017,0.011507092143624505,1556.0,6327.0,0.0005348818843055917,-5.568821617387887e-18,0.0,39905.0,0.0,0.0,0
0.01066588667564162,0.011507092143624505,1557.0,6327.0,0.0005295597206321918,-1.812024197314533e-18,0.0,39905.0,0.0,0.0,0
0.01066061746838159,0.011507092143624505,1558.0,6327.0,0.0005242905133721582,2.2102712736473974e-18,0.0,39905.0,0.0,0.0,0
0.010655400690609801,0.011507092143624505,1559.0,6327.0,0.0005190737356003715,2.416032263086044e-18,0.0,39905.0,0.0,0.0,0
0.010650235820644137,0.011507092143624505,1560.0,6327.0,0.0005139088656347066,-2.190358919830754e-19,0.0,39905.0,0.0,0.0,0
0.010645122341993296,0.011507092143624505,1561.0,6327.0,0.0005087953869838658,4.4470923523836526e-18,0.0,39905.0,0.0,0.0,0
0.010640059743305147,0.011507092143624505,1562.0,6327.0,0.0005037327882957197,-1.9779604791198932e-18,0.0,39905.0,0.0,0.0,0
0.01063504751831561,0.011507092143624505,1563.0,6327.0,0.0004987205633061822,-7.102072861269415e-19,0.0,39905.0,0.0,0.0,0
0.010630085165798005,0.011507092143624505,1564.0,6327.0,0.0004937582107885767,-2.721355021607907e-19,0.0,39905.0,0.0,0.0,0
0.010625172189512947,0.011507092143624505,1565.0,6327.0,0.0004888452345035171,-3.053227585218627e-19,0.0,39905.0,0.0,0.0,0
0.010620308098158707,0.011507092143624505,1566.0,6327.0,0.0004839811431492802,3.7169727124400676e-19,0.0,39905.0,0.0,0.0,0
0.010615492405322105,0.011507092143624505,1567.0,6327.0,0.00047916545031267716,-2.1903589198307543e-18,0.0,39905.0,0.0,0.0,0
0.01061072462942984,0.011507092143624505,1568.0,6327.0,0.0004743976744204124,-3.9160962506065e-19,0.0,39905.0,0.0,0.0,0
0.010606004293700348,0.011507092143624505,1569.0,6327.0,0.00046967733869092095,-1.8983110638533204e-18,0.0,39905.0,0.0,0.0,0
0.010601330926096124,0.011507092143624505,1570.0,6327.0,0.0004650039710866979,-1.3009404493540236e-18,0.0,39905.0,0.0,0.0,0
0.010596704059276514,0.011507092143624505,1571.0,6327.0,0.00046037710426708746,-2.2235461761918263e-18,0.0,39905.0,0.0,0.0,0
0.010592123230550981,0.011507092143624505,1572.0,6327.0,0.00045579627554155286,9.95617690832161e-19,0.0,39905.0,0.0,0.0,0
0.010587587981832833,0.011507092143624505,1573.0,6327.0,0.00045126102682340586,-2.382845006724972e-18,0.0,39905.0,0.0,0.0,0
0.01058309785959342,0.011507092143624505,1574.0,6327.0,0.00044677090458399227,-1.2810280955373805e-18,0.0,39905.0,0.0,0.0,0
0.010578652414816776,0.011507092143624505,1575.0,6327.0,0.00044232545980734566,1.0752671060987339e-18,0.0,39905.0,0.0,0.0,0
0.010574251202954714,0.011507092143624505,1576.0,6327.0,0.0004379242479452875,-1.0686296548265194e-18,0.0,39905.0,0.0,0.0,0
0.01056989378388239,0.011507092143624505,1577.0,6327.0,0.00043356682887296053,-1.0619922035543051e-19,0.0,39905.0,0.0,0.0,0
0.010565579721854257,0.011507092143624505,1578.0,6327.0,0.00042925276684482855,-6.571076759492263e-19,0.0,39905.0,0.0,0.0,0
0.010561308585460522,0.011507092143624505,1579.0,6327.0,0.0004249816304510941,-9.823427882877322e-19,0.0,39905.0,0.0,0.0,0
0.010557079947583982,0.011507092143624505,1580.0,6327.0,0.00042075299257455584,-1.0088925933765899e-18,0.0,39905.0,0.0,0.0,0
0.010552893385357332,0.011507092143624505,1581.0,6327.0,0.00041656643034790347,-1.4602392798871694e-19,0.0,39905.0,0.0,0.0,0
0.010548748480120855,0.011507092143624505,1582.0,6327.0,0.00041242152511142765,-1.5929883053314576e-19,0.0,39905.0,0.0,0.0,0
0.010544644817380574,0.011507092143624505,1583.0,6327.0,0.0004083178623711457,1.8053867460423187e-18,0.0,39905.0,0.0,0.0,0
0.010540581986766797,0.011507092143624505,1584.0,6327.0,0.000404255031757368,-1.0354423984654474e-18,0.0,39905.0,0.0,0.0,0
0.010536559581993074,0.011507092143624505,1585.0,6327.0,0.00040023262698364755,-2.7346299241523356e-18,0.0,39905.0,0.0,0.0,0
0.010532577200815582,0.011507092143624505,1586.0,6327.0,0.00039625024580615273,-9.95617690832161e-20,0.0,39905.0,0.0,0.0,0
0.010528634444992878,0.011507092143624505,1587.0,6327.0,0.00039230748998344856,1.466876731159384e-18,0.0,39905.0,0.0,0.0,0
0.010524730920246098,0.011507092143624505,1588.0,6327.0,0.0003884039652366673,-8.230439577545864e-19,0.0,39905.0,0.0,0.0,0
0.010520866236219506,0.011507092143624505,1589.0,6327.0,0.00038453928121008027,-1.599625756603672e-18,0.0,39905.0,0.0,0.0,0
0.010517040006441493,0.011507092143624505,1590.0,6327.0,0.0003807130514320633,-1.420414572253883e-18,0.0,39905.0,0.0,0.0,0
0.010513251848285882,0.011507092143624505,1591.0,6327.0,0.0003769248932764541,-7.367570912157992e-19,0.0,39905.0,0.0,0.0,0
0.010509501382933707,0.011507092143624505,1592.0,6327.0,0.00037317442792427576,1.3009404493540236e-18,0.0,39905.0,0.0,0.0,0
0.0105057882353353,0.011507092143624505,1593.0,6327.0,0.0003694612803258698,-7.102072861269415e-19,0.0,39905.0,0.0,0.0,0
0.010502112034172811,0.011507092143624505,1594.0,6327.0,0.0003657850791633829,-1.6129006591481009e-18,0.0,39905.0,0.0,0.0,0
0.010498472411823064,0.011507092143624505,1595.0,6327.0,0.0003621454568136335,5.0444629668829495e-19,0.0,39905.0,0.0,0.0,0
0.010494869004320782,0.011507092143624505,1596.0,6327.0,0.00035854204931135437,-3.4315623077348483e-18,0.0,39905.0,0.0,0.0,0
0.010491301451322222,0.011507092143624505,1597.0,6327.0,0.000354974496312793,2.7147175703356925e-18,0.0,39905.0,0.0,0.0,0
0.010487769396069104,0.011507092143624505,1598.0,6327.0,0.0003514424410596747,1.3341277057150958e-18,0.0,39905.0,0.0,0.0,0
0.010484272485352962,0.011507092143624505,1599.0,6327.0,0.0003479455303435334,-1.4005022184372398e-18,0.0,39905.0,0.0,0.0,0
0.010480810369479808,0.011507092143624505,1600.0,6327.0,0.0003444834144703806,-3.969195860784215e-18,0.0,39905.0,0.0,0.0,0
0.010477382702235177,0.011507092143624505,1601.0,6327.0,0.0003410557472257456,1.758924587136818e-18,0.0,39905.0,0.0,0.0,0
0.01047398914084948,0.011507092143624505,1602.0,6327.0,0.00033766218584004894,-1.3341277057150958e-18,0.0,39905.0,0.0,0.0,0
0.010470629345963748,0.011507092143624505,1603.0,6327.0,0.00033430239095432005,-9.093308242933738e-19,0.0,39905.0,0.0,0.0,0
0.010467302981595704,0.011507092143624505,1604.0,6327.0,0.00033097602658627466,-8.628686653878729e-20,0.0,39905.0,0.0,0.0,0
0.010464009715106132,0.011507092143624505,1605.0,6327.0,0.0003276827600967013,5.057737869427378e-18,0.0,39905.0,0.0,0.0,0
0.010460749217165635,0.011507092143624505,1606.0,6327.0,0.00032442226215620743,-1.420414572253883e-18,0.0,39905.0,0.0,0.0,0
0.010457521161721712,0.011507092143624505,1607.0,6327.0,0.0003211942067122822,-6.637451272214407e-19,0.0,39905.0,0.0,0.0,0
0.01045432522596612,0.011507092143624505,1608.0,6327.0,0.0003179982709566909,1.9115859663977493e-18,0.0,39905.0,0.0,0.0,0
0.01045116109030262,0.011507092143624505,1609.0,6327.0,0.0003148341352931944,-3.657235650990138e-18,0.0,39905.0,0.0,0.0,0
0.010448028438315016,0.011507092143624505,1610.0,6327.0,0.00031170148330559,-3.1262395492129854e-18,0.0,39905.0,0.0,0.0,0
0.010444926956735497,0.011507092143624505,1611.0,6327.0,0.0003086000017260679,-3.604136040812423e-18,0.0,39905.0,0.0,0.0,0
0.010441856335413315,0.011507092143624505,1612.0,6327.0,0.0003055293804038881,-3.212526415751773e-18,0.0,39905.0,0.0,0.0,0
0.010438816267283784,0.011507092143624505,1613.0,6327.0,0.00030248931227435494,1.5929883053314576e-19,0.0,39905.0,0.0,0.0,0
0.010435806448337555,0.011507092143624505,1614.0,6327.0,0.0002994794933281252,3.4182874051904194e-18,0.0,39905.0,0.0,0.0,0
0.010432826577590225,0.011507092143624505,1615.0,6327.0,0.0002964996225807955,-2.920478559774339e-19,0.0,39905.0,0.0,0.0,0
0.01042987635705224,0.011507092143624505,1616.0,6327.0,0.000293549402042808,2.1770840172863254e-18,0.0,39905.0,0.0,0.0,0
0.010426955491699077,0.011507092143624505,1617.0,6327.0,0.00029062853668964945,8.031316039379432e-19,0.0,39905.0,0.0,0.0,0
0.010424063689441782,0.011507092143624505,1618.0,6327.0,0.0002877367344323518,6.902949323102983e-19,0.0,39905.0,0.0,0.0,0
0.01042120066109771,0.011507092143624505,1619.0,6327.0,0.00028487370608827806,2.024422638025394e-18,0.0,39905.0,0.0,0.0,0
0.010418366120361637,0.011507092143624505,1620.0,6327.0,0.0002820391653522098,-6.637451272214406e-20,0.0,39905.0,0.0,0.0,0
0.010415559783777138,0.011507092143624505,1621.0,6327.0,0.0002792328287677089,5.243586505049382e-19,0.0,39905.0,0.0,0.0,0
0.010412781370708207,0.011507092143624505,1622.0,6327.0,0.0002764544156987809,-2.854104047052195e-18,0.0,39905.0,0.0,0.0,0
0.010410030603311228,0.011507092143624505,1623.0,6327.0,0.0002737036483017998,-2.1969963711029686e-18,0.0,39905.0,0.0,0.0,0
0.010407307206507165,0.011507092143624505,1624.0,6327.0,0.00027098025149773815,-2.2633708838251125e-18,0.0,39905.0,0.0,0.0,0
0.010404610907954071,0.011507092143624505,1625.0,6327.0,0.00026828395294464346,-2.070884796930895e-18,0.0,39905.0,0.0,0.0,0
0.010401941438019842,0.011507092143624505,1626.0,6327.0,0.0002656144830104147,-3.497936820456992e-18,0.0,39905.0,0.0,0.0,0
0.01039929852975526,0.011507092143624505,1627.0,6327.0,0.00026297157474583185,3.4514746615514916e-19,0.0,39905.0,0.0,0.0,0
0.010396681918867296,0.011507092143624505,1628.0,6327.0,0.00026035496385786827,2.5089565808970456e-18,0.0,39905.0,0.0,0.0,0
0.010394091343692681,0.011507092143624505,1629.0,6327.0,0.0002577643886832534,-2.581968544891404e-18,0.0,39905.0,0.0,0.0,0
0.01039152654517174,0.011507092143624505,1630.0,6327.0,0.000255199590162311,-4.1815943014950765e-19,0.0,39905.0,0.0,0.0,0
0.010388987266822478,0.011507092143624505,1631.0,6327.0,0.0002526603118130516,-2.5222314834414745e-18,0.0,39905.0,0.0,0.0,0
0.010386473254714954,0.011507092143624505,1632.0,6327.0,0.0002501462997055252,1.2212910340874508e-18,0.0,39905.0,0.0,0.0,0
0.010383984257445853,0.011507092143624505,1633.0,6327.0,0.0002476573024364252,1.2810280955373805e-18,0.0,39905.0,0.0,0.0,0
0.010381520026113377,0.011507092143624505,1634.0,6327.0,0.00024519307110395036,3.982470763328644e-20,0.0,39905.0,0.0,0.0,0
0.010379080314292341,0.011507092143624505,1635.0,6327.0,0.00024275335928291327,2.562056191074761e-18,0.0,39905.0,0.0,0.0,0
0.010376664878009529,0.011507092143624505,1636.0,6327.0,0.00024033792300010034,-1.0221674959210186e-18,0.0,39905.0,0.0,0.0,0
0.010374273475719299,0.011507092143624505,1637.0,6327.0,0.00023794652070987,-9.823427882877322e-19,0.0,39905.0,0.0,0.0,0
0.010371905868279426,0.011507092143624505,1638.0,6327.0,0.00023557891326999867,-2.329745396547257e-18,0.0,39905.0,0.0,0.0,0
0.010369561818927201,0.011507092143624505,1639.0,6327.0,0.00023323486391777247,-5.774582606826534e-19,0.0,39905.0,0.0,0.0,0
0.010367241093255727,0.011507092143624505,1640.0,6327.0,0.00023091413824630034,-3.869634091700999e-18,0.0,39905.0,0.0,0.0,0
0.01036494345919051,0.011507092143624505,1641.0,6327.0,0.00022861650418108215,-3.2523511233850595e-18,0.0,39905.0,0.0,0.0,0
0.010362668686966225,0.011507092143624505,1642.0,6327.0,0.00022634173195679584,3.3187256361072035e-19,0.0,39905.0,0.0,0.0,0
0.010360416549103753,0.011507092143624505,1643.0,6327.0,0.00022408959409432434,1.0752671060987339e-18,0.0,39905.0,0.0,0.0,0
0.010358186820387433,0.011507092143624505,1644.0,6327.0,0.00022185986537800437,8.495937628434441e-19,0.0,39905.0,0.0,0.0,0
0.010355979277842537,0.011507092143624505,1645.0,6327.0,0.00021965232283310652,1.0553547522820907e-18,0.0,39905.0,0.0,0.0,0
0.010353793700712963,0.011507092143624505,1646.0,6327.0,0.00021746674570353525,5.70820809410439e-19,0.0,39905.0,0.0,0.0,0
0.010351629870439185,0.011507092143624505,1647.0,6327.0,0.00021530291542975767,-2.495681678352617e-18,0.0,39905.0,0.0,0.0,0
0.01034948757063637,0.011507092143624505,1648.0,6327.0,0.00021316061562694309,-3.7169727124400676e-19,0.0,39905.0,0.0,0.0,0
0.010347366587072752,0.011507092143624505,1649.0,6327.0,0.00021103963206332583,9.226057268378025e-19,0.0,39905.0,0.0,0.0,0
0.01034526670764821,0.011507092143624505,1650.0,6327.0,0.00020893975263878016,1.1283667162764492e-19,0.0,39905.0,0.0,0.0,0
0.010343187722373047,0.011507092143624505,1651.0,6327.0,0.00020686076736361672,-1.3274902544428814e-18,0.0,39905.0,0.0,0.0,0
0.010341129423347,0.011507092143624505,1652.0,6327.0,0.00020480246833757412,-2.250095981280684e-18,0.0,39905.0,0.0,0.0,0
0.010339091604738464,0.011507092143624505,1653.0,6327.0,0.00020276464972903446,9.292431781100169e-19,0.0,39905.0,0.0,0.0,0
0.010337074062763867,0.011507092143624505,1654.0,6327.0,0.0002007471077544385,-1.6527253667813873e-18,0.0,39905.0,0.0,0.0,0
0.010335076595667337,0.011507092143624505,1655.0,6327.0,0.00019874964065790866,-4.513466865105797e-19,0.0,39905.0,0.0,0.0,0
0.010333099003700498,0.011507092143624505,1656.0,6327.0,0.00019677204869106936,-5.177211992327237e-19,0.0,39905.0,0.0,0.0,0
0.010331141089102505,0.011507092143624505,1657.0,6327.0,0.00019481413409307632,1.4469643773427406e-18,0.0,39905.0,0.0,0.0,0
0.010329202656080267,0.011507092143624505,1658.0,6327.0,0.00019287570107083906,-2.4890442270804025e-18,0.0,39905.0,0.0,0.0,0
0.010327283510788867,0.011507092143624505,1659.0,6327.0,0.0001909565557794383,-4.513466865105797e-19,0.0,39905.0,0.0,0.0,0
0.010325383461312176,0.011507092143624505,1660.0,6327.0,0.00018905650630274596,-5.70820809410439e-19,0.0,39905.0,0.0,0.0,0
0.010323502317643661,0.011507092143624505,1661.0,6327.0,0.00018717536263423222,-1.433689474798312e-18,0.0,39905.0,0.0,0.0,0
0.010321639891667391,0.011507092143624505,1662.0,6327.0,0.0001853129366579627,4.778964915994373e-19,0.0,39905.0,0.0,0.0,0
0.010319795997139218,0.011507092143624505,1663.0,6327.0,0.00018346904212978584,3.836446835339927e-18,0.0,39905.0,0.0,0.0,0
0.010317970449668142,0.011507092143624505,1664.0,6327.0,0.0001816434946587142,-1.6261755616925297e-18,0.0,39905.0,0.0,0.0,0
0.010316163066697906,0.011507092143624505,1665.0,6327.0,0.00017983611168847688,8.695061166600874e-19,0.0,39905.0,0.0,0.0,0
0.010314373667488701,0.011507092143624505,1666.0,6327.0,0.00017804671247927388,-3.1594268055740574e-18,0.0,39905.0,0.0,0.0,0
0.01031260207309912,0.011507092143624505,1667.0,6327.0,0.00017627511808969077,3.982470763328644e-20,0.0,39905.0,0.0,0.0,0
0.01031084810636824,0.011507092143624505,1668.0,6327.0,0.00017452115135881325,-5.110837479605093e-18,0.0,39905.0,0.0,0.0,0
0.010309111591897936,0.011507092143624505,1669.0,6327.0,0.00017278463688850644,-1.6593628180536017e-19,0.0,39905.0,0.0,0.0,0
0.010307392356035306,0.011507092143624505,1670.0,6327.0,0.00017106540102587627,-1.3009404493540236e-18,0.0,39905.0,0.0,0.0,0
0.010305690226855332,0.011507092143624505,1671.0,6327.0,0.00016936327184590376,1.9514106740310355e-18,0.0,39905.0,0.0,0.0,0
0.010304005034143679,0.011507092143624505,1672.0,6327.0,0.00016767807913425225,-9.557929831988746e-19,0.0,39905.0,0.0,0.0,0
0.010302336609379674,0.011507092143624505,1673.0,6327.0,0.00016600965437024593,1.8850361613088915e-18,0.0,39905.0,0.0,0.0,0
0.010300684785719447,0.011507092143624505,1674.0,6327.0,0.00016435783071001988,-1.1881037777263788e-18,0.0,39905.0,0.0,0.0,0
0.010299049397979253,0.011507092143624505,1675.0,6327.0,0.0001627224429698285,-2.0509724431142518e-18,0.0,39905.0,0.0,0.0,0
0.010297430282618966,0.011507092143624505,1676.0,6327.0,0.00016110332760953637,9.62430434471089e-19,0.0,39905.0,0.0,0.0,0
0.01029582727772569,0.011507092143624505,1677.0,6327.0,0.00015950032271625948,-3.8497217378843558e-19,0.0,39905.0,0.0,0.0,0
0.0102942402229976,0.011507092143624505,1678.0,6327.0,0.00015791326798817148,2.920478559774339e-19,0.0,39905.0,0.0,0.0,0
0.010292668959727904,0.011507092143624505,1679.0,6327.0,0.00015634200471847698,-2.7479048266967645e-18,0.0,39905.0,0.0,0.0,0
0.010291113330788968,0.011507092143624505,1680.0,6327.0,0.00015478637577954037,1.2544782904485228e-18,0.0,39905.0,0.0,0.0,0
0.010289573180616598,0.011507092143624505,1681.0,6327.0,0.00015324622560717018,-1.4071396697094542e-18,0.0,39905.0,0.0,0.0,0
0.010288048355194493,0.011507092143624505,1682.0,6327.0,0.00015172140018506502,-3.1063271953963423e-18,0.0,39905.0,0.0,0.0,0
0.010286538702038843,0.011507092143624505,1683.0,6327.0,0.00015021174702941627,-3.179339159390701e-18,0.0,39905.0,0.0,0.0,0
0.010285044070183073,0.011507092143624505,1684.0,6327.0,0.0001487171151736452,-3.424924856462634e-18,0.0,39905.0,0.0,0.0,0
0.010283564310162753,0.011507092143624505,1685.0,6327.0,0.00014723735515332254,3.1328770004852e-18,0.0,39905.0,0.0,0.0,0
0.010282099274000643,0.011507092143624505,1686.0,6327.0,0.00014577231899121456,1.3606775108039534e-18,0.0,39905.0,0.0,0.0,0
0.010280648815191909,0.011507092143624505,1687.0,6327.0,0.00014432186018248269,-4.5466541214668685e-18,0.0,39905.0,0.0,0.0,0
0.010279212788689466,0.011507092143624505,1688.0,6327.0,0.00014288583368003767,-2.6549805088857625e-19,0.0,39905.0,0.0,0.0,0
0.010277791050889459,0.011507092143624505,1689.0,6327.0,0.00014146409588003248,-4.214781557856148e-18,0.0,39905.0,0.0,0.0,0
0.01027638345961693,0.011507092143624505,1690.0,6327.0,0.00014005650460750333,-3.3187256361072035e-18,0.0,39905.0,0.0,0.0,0
0.010274989874111578,0.011507092143624505,1691.0,6327.0,0.00013866291910214667,3.9227337018787144e-18,0.0,39905.0,0.0,0.0,0
0.010273610155013685,0.011507092143624505,1692.0,6327.0,0.0001372832000042558,-9.292431781100169e-20,0.0,39905.0,0.0,0.0,0
0.010272244164350198,0.011507092143624505,1693.0,6327.0,0.00013591720934076683,3.982470763328644e-20,0.0,39905.0,0.0,0.0,0
0.010270891765520904,0.011507092143624505,1694.0,6327.0,0.00013456481051147718,-1.6859126231424593e-18,0.0,39905.0,0.0,0.0,0
0.010269552823284803,0.011507092143624505,1695.0,6327.0,0.0001332258682753767,-4.088669983684074e-18,0.0,39905.0,0.0,0.0,0
0.010268227203746554,0.011507092143624505,1696.0,6327.0,0.00013190024873712476,3.783347225162212e-19,0.0,39905.0,0.0,0.0,0
0.010266914774343092,0.011507092143624505,1697.0,6327.0,0.00013058781933366376,-3.3386379899238466e-18,0.0,39905.0,0.0,0.0,0
0.010265615403830392,0.011507092143624505,1698.0,6327.0,0.00012928844882096138,4.1683193989506475e-18,0.0,39905.0,0.0,0.0,0
0.010264328962270308,0.011507092143624505,1699.0,6327.0,0.00012800200726088035,2.4558569707193304e-19,0.0,39905.0,0.0,0.0,0
0.010263055321017624,0.011507092143624505,1700.0,6327.0,0.00012672836600819456,3.3054507335627746e-18,0.0,39905.0,0.0,0.0,0
0.010261794352707148,0.011507092143624505,1701.0,6327.0,0.00012546739769771665,1.0354423984654474e-18,0.0,39905.0,0.0,0.0,0
0.010260545931240992,0.011507092143624505,1702.0,6327.0,0.00012421897623156574,-3.1395144517574143e-18,0.0,39905.0,0.0,0.0,0
0.01025930993177598,0.011507092143624505,1703.0,6327.0,0.0001229829767665526,-1.7190998795035314e-18,0.0,39905.0,0.0,0.0,0
0.01025808623071113,0.011507092143624505,1704.0,6327.0,0.0001217592757017029,-1.6195381104203153e-18,0.0,39905.0,0.0,0.0,0
0.01025687470567532,0.011507092143624505,1705.0,6327.0,0.00012054775066588963,1.5133388900648848e-18,0.0,39905.0,0.0,0.0,0
0.010255675235515028,0.011507092143624505,1706.0,6327.0,0.00011934828050560051,-1.0619922035543051e-19,0.0,39905.0,0.0,0.0,0
0.010254487700282247,0.011507092143624505,1707.0,6327.0,0.00011816074527281928,-2.7943669856022653e-18,0.0,39905.0,0.0,0.0,0
0.01025331198122246,0.011507092143624505,1708.0,6327.0,0.00011698502621303277,-1.9381357714866066e-18,0.0,39905.0,0.0,0.0,0
0.010252147960762785,0.011507092143624505,1709.0,6327.0,0.00011582100575335504,2.323107945275042e-19,0.0,39905.0,0.0,0.0,0
0.0102509955225002,0.011507092143624505,1710.0,6327.0,0.00011466856749077065,-1.7257373307757458e-19,0.0,39905.0,0.0,0.0,0
0.010249854551189921,0.011507092143624505,1711.0,6327.0,0.00011352759618049322,-2.8275542419633373e-18,0.0,39905.0,0.0,0.0,0
0.010248724932733867,0.011507092143624505,1712.0,6327.0,0.0001123979777244401,-9.425180806544458e-19,0.0,39905.0,0.0,0.0,0
0.010247606554169252,0.011507092143624505,1713.0,6327.0,0.00011127959915982466,-1.0088925933765899e-18,0.0,39905.0,0.0,0.0,0
0.010246499303657288,0.011507092143624505,1714.0,6327.0,0.00011017234864785728,3.3651877950127043e-18,0.0,39905.0,0.0,0.0,0
0.010245403070471998,0.011507092143624505,1715.0,6327.0,0.00010907611546256752,3.444837210279277e-18,0.0,39905.0,0.0,0.0,0
0.010244317744989146,0.011507092143624505,1716.0,6327.0,0.00010799078997971928,-1.8186616485867476e-18,0.0,39905.0,0.0,0.0,0
0.010243243218675294,0.011507092143624505,1717.0,6327.0,0.00010691626366586265,1.2677531929929517e-18,0.0,39905.0,0.0,0.0,0
0.010242179384076901,0.011507092143624505,1718.0,6327.0,0.00010585242906747006,1.0088925933765899e-18,0.0,39905.0,0.0,0.0,0
0.010241126134809625,0.011507092143624505,1719.0,6327.0,0.00010479917980019494,2.920478559774339e-18,0.0,39905.0,0.0,0.0,0
0.010240083365547662,0.011507092143624505,1720.0,6327.0,0.00010375641053823195,1.7190998795035314e-18,0.0,39905.0,0.0,0.0,0
0.01023905097201322,0.011507092143624505,1721.0,6327.0,0.00010272401700378675,3.4514746615514914e-18,0.0,39905.0,0.0,0.0,0
0.010238028850966073,0.011507092143624505,1722.0,6327.0,0.00010170189595664482,1.1283667162764492e-19,0.0,39905.0,0.0,0.0,0
0.01023701690019328,0.011507092143624505,1723.0,6327.0,0.00010068994518385219,-8.628686653878729e-20,0.0,39905.0,0.0,0.0,0
0.010236015018498917,0.011507092143624505,1724.0,6327.0,9.968806348948545e-05,2.5886059961636186e-19,0.0,39905.0,0.0,0.0,0
0.01023502310569397,0.011507092143624505,1725.0,6327.0,9.869615068454175e-05,-1.4602392798871694e-19,0.0,39905.0,0.0,0.0,0
0.010234041062586343,0.011507092143624505,1726.0,6327.0,9.77141075769137e-05,5.840957119548678e-19,0.0,39905.0,0.0,0.0,0
0.0102330687909709,0.011507092143624505,1727.0,6327.0,9.674183596147126e-05,4.115219788772932e-19,0.0,39905.0,0.0,0.0,0
0.010232106193619674,0.011507092143624505,1728.0,6327.0,9.577923861024436e-05,1.420414572253883e-18,0.0,39905.0,0.0,0.0,0
0.010231153174272123,0.011507092143624505,1729.0,6327.0,9.482621926269348e-05,-2.1173469558363957e-18,0.0,39905.0,0.0,0.0,0
0.010230209637625522,0.011507092143624505,1730.0,6327.0,9.388268261609194e-05,2.5487812885303322e-18,0.0,39905.0,0.0,0.0,0
0.010229275489325415,0.011507092143624505,1731.0,6327.0,9.294853431598889e-05,-3.0067654263131264e-18,0.0,39905.0,0.0,0.0,0
0.010228350635956202,0.011507092143624505,1732.0,6327.0,9.202368094677286e-05,-2.986853072496483e-19,0.0,39905.0,0.0,0.0,0
0.010227434985031767,0.011507092143624505,1733.0,6327.0,9.110803002233909e-05,-3.491299369184778e-18,0.0,39905.0,0.0,0.0,0
0.010226528444986262,0.011507092143624505,1734.0,6327.0,9.020148997683092e-05,4.24796881421722e-18,0.0,39905.0,0.0,0.0,0
0.010225630925164916,0.011507092143624505,1735.0,6327.0,8.930397015548958e-05,-1.991235381664322e-18,0.0,39905.0,0.0,0.0,0
0.01022474233581501,0.011507092143624505,1736.0,6327.0,8.84153808055823e-05,-3.58422368699578e-19,0.0,39905.0,0.0,0.0,0
0.010223862588076867,0.011507092143624505,1737.0,6327.0,8.753563306743644e-05,3.4050125026459905e-18,0.0,39905.0,0.0,0.0,0
0.01022299159397497,0.011507092143624505,1738.0,6327.0,8.666463896554394e-05,-5.110837479605093e-19,0.0,39905.0,0.0,0.0,0
0.010222129266409195,0.011507092143624505,1739.0,6327.0,8.580231139976772e-05,-1.4005022184372398e-18,0.0,39905.0,0.0,0.0,0
0.010221275519146063,0.011507092143624505,1740.0,6327.0,8.494856413663506e-05,1.6792751718702448e-18,0.0,39905.0,0.0,0.0,0
0.010220430266810134,0.011507092143624505,1741.0,6327.0,8.410331180070623e-05,-3.179339159390701e-18,0.0,39905.0,0.0,0.0,0
0.010219593424875474,0.011507092143624505,1742.0,6327.0,8.326646986604356e-05,5.641833581382246e-19,0.0,39905.0,0.0,0.0,0
0.010218764909657188,0.011507092143624505,1743.0,6327.0,8.243795464775574e-05,1.3938647671650253e-19,0.0,39905.0,0.0,0.0,0
0.010217944638303063,0.011507092143624505,1744.0,6327.0,8.161768329363264e-05,2.4691318732637594e-18,0.0,39905.0,0.0,0.0,0
0.010217132528785281,0.011507092143624505,1745.0,6327.0,8.080557377585313e-05,-1.5863508540592431e-18,0.0,39905.0,0.0,0.0,0
0.010216328499892216,0.011507092143624505,1746.0,6327.0,8.00015448827902e-05,-1.924860868942178e-18,0.0,39905.0,0.0,0.0,0
0.01021553247122031,0.011507092143624505,1747.0,6327.0,7.920551621088212e-05,-1.9447732227588212e-18,0.0,39905.0,0.0,0.0,0
0.010214744363166028,0.011507092143624505,1748.0,6327.0,7.841740815660089e-05,-3.1196020979407714e-19,0.0,39905.0,0.0,0.0,0
0.010213964096917912,0.011507092143624505,1749.0,6327.0,7.763714190848324e-05,-1.5531635976981712e-18,0.0,39905.0,0.0,0.0,0
0.010213191594448685,0.011507092143624505,1750.0,6327.0,7.686463943925463e-05,3.896183896789857e-18,0.0,39905.0,0.0,0.0,0
0.010212426778507453,0.011507092143624505,1751.0,6327.0,7.609982349802324e-05,1.0819045573709483e-18,0.0,39905.0,0.0,0.0,0
0.01021166957261199,0.011507092143624505,1752.0,6327.0,7.53426176025602e-05,1.6792751718702448e-18,0.0,39905.0,0.0,0.0,0
0.01021091990104107,0.011507092143624505,1753.0,6327.0,7.459294603164193e-05,-5.70820809410439e-19,0.0,39905.0,0.0,0.0,0
0.010210177688826916,0.011507092143624505,1754.0,6327.0,7.385073381748646e-05,-5.641833581382246e-19,0.0,39905.0,0.0,0.0,0
0.010209442861747686,0.011507092143624505,1755.0,6327.0,7.311590673825724e-05,-1.9845979303921074e-18,0.0,39905.0,0.0,0.0,0
0.010208715346320063,0.011507092143624505,1756.0,6327.0,7.238839131063148e-05,2.9669407186798398e-18,0.0,39905.0,0.0,0.0,0
0.01020799506979189,0.011507092143624505,1757.0,6327.0,7.166811478246078e-05,-1.5199763413370992e-18,0.0,39905.0,0.0,0.0,0
0.010207281960134918,0.011507092143624505,1758.0,6327.0,7.095500512549224e-05,3.5178491742736355e-19,0.0,39905.0,0.0,0.0,0
0.010206575946037591,0.011507092143624505,1759.0,6327.0,7.024899102816416e-05,-2.024422638025394e-18,0.0,39905.0,0.0,0.0,0
0.010205876956897909,0.011507092143624505,1760.0,6327.0,6.955000188848046e-05,-3.7169727124400676e-19,0.0,39905.0,0.0,0.0,0
0.010205184922816374,0.011507092143624505,1761.0,6327.0,6.885796780694539e-05,1.2544782904485228e-18,0.0,39905.0,0.0,0.0,0
0.010204499774588996,0.011507092143624505,1762.0,6327.0,6.817281957956963e-05,-4.274518619306078e-18,0.0,39905.0,0.0,0.0,0
0.010203821443700396,0.011507092143624505,1763.0,6327.0,6.749448869096605e-05,3.345275441196061e-18,0.0,39905.0,0.0,0.0,0
0.010203149862316907,0.011507092143624505,1764.0,6327.0,6.682290730747568e-05,1.758924587136818e-18,0.0,39905.0,0.0,0.0,0
0.010202484963279829,0.011507092143624505,1765.0,6327.0,6.615800827040263e-05,-3.2058889644795587e-18,0.0,39905.0,0.0,0.0,0
0.010201826680098716,0.011507092143624505,1766.0,6327.0,6.549972508928827e-05,-2.190358919830754e-19,0.0,39905.0,0.0,0.0,0
0.010201174946944693,0.011507092143624505,1767.0,6327.0,6.48479919352657e-05,-9.62430434471089e-19,0.0,39905.0,0.0,0.0,0
0.010200529698643908,0.011507092143624505,1768.0,6327.0,6.420274363447772e-05,3.597498589540208e-18,0.0,39905.0,0.0,0.0,0
0.010199890870670981,0.011507092143624505,1769.0,6327.0,6.356391566155484e-05,-2.8142793394189084e-18,0.0,39905.0,0.0,0.0,0
0.010199258399142597,0.011507092143624505,1770.0,6327.0,6.293144413316831e-05,1.3805898646205967e-18,0.0,39905.0,0.0,0.0,0
0.010198632220811068,0.011507092143624505,1771.0,6327.0,6.230526580163813e-05,5.575459068660101e-19,0.0,39905.0,0.0,0.0,0
0.010198012273058037,0.011507092143624505,1772.0,6327.0,6.168531804860997e-05,-5.376335530493669e-19,0.0,39905.0,0.0,0.0,0
0.01019739849388822,0.011507092143624505,1773.0,6327.0,6.107153887879078e-05,-6.770200297658695e-19,0.0,39905.0,0.0,0.0,0
0.010196790821923181,0.011507092143624505,1774.0,6327.0,6.046386691375233e-05,-1.6859126231424593e-18,0.0,39905.0,0.0,0.0,0
0.010196189196395223,0.011507092143624505,1775.0,6327.0,5.986224138579255e-05,3.517849174273636e-18,0.0,39905.0,0.0,0.0,0
0.010195593557141286,0.011507092143624505,1776.0,6327.0,5.9266602131856296e-05,-1.4403269260705262e-18,0.0,39905.0,0.0,0.0,0
0.010195003844596952,0.011507092143624505,1777.0,6327.0,5.8676889587523056e-05,-8.031316039379432e-19,0.0,39905.0,0.0,0.0,0
0.010194419999790472,0.011507092143624505,1778.0,6327.0,5.80930447810456e-05,-6.969323835825127e-19,0.0,39905.0,0.0,0.0,0
0.010193841964336882,0.011507092143624505,1779.0,6327.0,5.751500932745755e-05,-4.506829413833582e-18,0.0,39905.0,0.0,0.0,0
0.010193269680432156,0.011507092143624505,1780.0,6327.0,5.6942725422731045e-05,-4.181594301495076e-18,0.0,39905.0,0.0,0.0,0
0.010192703090847424,0.011507092143624505,1781.0,6327.0,5.637613583799884e-05,-2.0642473456586807e-18,0.0,39905.0,0.0,0.0,0
0.01019214213892326,0.011507092143624505,1782.0,6327.0,5.581518391383144e-05,1.2611157417207372e-18,0.0,39905.0,0.0,0.0,0
0.010191586768563996,0.011507092143624505,1783.0,6327.0,5.525981355456793e-05,2.3496577503639e-18,0.0,39905.0,0.0,0.0,0
0.01019103692423214,0.011507092143624505,1784.0,6327.0,5.470996922270988e-05,-2.037697540569823e-18,0.0,39905.0,0.0,0.0,0
0.010190492550942797,0.011507092143624505,1785.0,6327.0,5.4165595933366084e-05,2.137259309653039e-18,0.0,39905.0,0.0,0.0,0
0.010189953594258184,0.011507092143624505,1786.0,6327.0,5.3626639248754196e-05,-4.2479688142172203e-19,0.0,39905.0,0.0,0.0,0
0.01018942000028218,0.011507092143624505,1787.0,6327.0,5.309304527275477e-05,-3.2390762208406306e-18,0.0,39905.0,0.0,0.0,0
0.010188891715654957,0.011507092143624505,1788.0,6327.0,5.256476064552797e-05,2.057609894386466e-18,0.0,39905.0,0.0,0.0,0
0.010188368687547598,0.011507092143624505,1789.0,6327.0,5.204173253816964e-05,-1.4735141824315983e-18,0.0,39905.0,0.0,0.0,0
0.010187850863656861,0.011507092143624505,1790.0,6327.0,5.152390864743308e-05,-3.099689744124128e-18,0.0,39905.0,0.0,0.0,0
0.010187338192199928,0.011507092143624505,1791.0,6327.0,5.101123719049848e-05,6.770200297658695e-19,0.0,39905.0,0.0,0.0,0
0.010186830621909223,0.011507092143624505,1792.0,6327.0,5.0503666899792274e-05,-6.703825784936551e-19,0.0,39905.0,0.0,0.0,0
0.010186328102027293,0.011507092143624505,1793.0,6327.0,5.000114701786332e-05,2.4027573605416154e-18,0.0,39905.0,0.0,0.0,0
0.010185830582301733,0.011507092143624505,1794.0,6327.0,4.950362729230284e-05,2.037697540569823e-18,0.0,39905.0,0.0,0.0,0
0.010185338012980152,0.011507092143624505,1795.0,6327.0,4.901105797072601e-05,-4.155044496406218e-18,0.0,39905.0,0.0,0.0,0
0.010184850344805214,0.011507092143624505,1796.0,6327.0,4.8523389795787996e-05,-2.4093948118138297e-18,0.0,39905.0,0.0,0.0,0
0.010184367529009695,0.011507092143624505,1797.0,6327.0,4.8040574000265356e-05,3.677148004806781e-18,0.0,39905.0,0.0,0.0,0
0.010183889517311605,0.011507092143624505,1798.0,6327.0,4.756256230217746e-05,-2.037697540569823e-18,0.0,39905.0,0.0,0.0,0
0.01018341626190938,0.011507092143624505,1799.0,6327.0,4.708930689995533e-05,-5.250223956321596e-18,0.0,39905.0,0.0,0.0,0
0.01018294771547709,0.011507092143624505,1800.0,6327.0,4.662076046766385e-05,-3.909458799334286e-18,0.0,39905.0,0.0,0.0,0
0.010182483831159696,0.011507092143624505,1801.0,6327.0,4.615687615027071e-05,-4.905076490166447e-18,0.0,39905.0,0.0,0.0,0
0.010182024562568384,0.011507092143624505,1802.0,6327.0,4.5697607558956995e-05,1.2544782904485228e-18,0.0,39905.0,0.0,0.0,0
0.01018156986377591,0.011507092143624505,1803.0,6327.0,4.5242908766479506e-05,-1.5266137926093135e-19,0.0,39905.0,0.0,0.0,0
0.010181119689312013,0.011507092143624505,1804.0,6327.0,4.4792734302582126e-05,1.354040059531739e-18,0.0,39905.0,0.0,0.0,0
0.010180673994158868,0.011507092143624505,1805.0,6327.0,4.434703914944194e-05,-4.420542547294795e-18,0.0,39905.0,0.0,0.0,0
0.0101802327337466,0.011507092143624505,1806.0,6327.0,4.390577873717293e-05,-2.641705606341334e-18,0.0,39905.0,0.0,0.0,0
0.010179795863948795,0.011507092143624505,1807.0,6327.0,4.346890893936608e-05,-2.270008335097327e-18,0.0,39905.0,0.0,0.0,0
0.010179363341078105,0.011507092143624505,1808.0,6327.0,4.303638606867673e-05,7.566694450324424e-19,0.0,39905.0,0.0,0.0,0
0.010178935121881887,0.011507092143624505,1809.0,6327.0,4.2608166872459545e-05,-1.0553547522820907e-18,0.0,39905.0,0.0,0.0,0
0.010178511163537862,0.011507092143624505,1810.0,6327.0,4.218420852843459e-05,-2.0509724431142518e-18,0.0,39905.0,0.0,0.0,0
0.010178091423649843,0.011507092143624505,1811.0,6327.0,4.1764468640416684e-05,-2.1770840172863254e-18,0.0,39905.0,0.0,0.0,0
0.010177675860243499,0.011507092143624505,1812.0,6327.0,4.1348905234067465e-05,3.9160962506065e-19,0.0,39905.0,0.0,0.0,0
0.010177264431762124,0.011507092143624505,1813.0,6327.0,4.093747675269714e-05,-3.4713870153681345e-18,0.0,39905.0,0.0,0.0,0
0.010176857097062545,0.011507092143624505,1814.0,6327.0,4.0530142053119145e-05,-1.3606775108039534e-18,0.0,39905.0,0.0,0.0,0
0.010176453815410949,0.011507092143624505,1815.0,6327.0,4.012686040152125e-05,2.5222314834414748e-19,0.0,39905.0,0.0,0.0,0
0.010176054546478833,0.011507092143624505,1816.0,6327.0,3.972759146940146e-05,4.486917060016939e-18,0.0,39905.0,0.0,0.0,0
0.010175659250338967,0.011507092143624505,1817.0,6327.0,3.933229532953591e-05,7.6994434757687115e-19,0.0,39905.0,0.0,0.0,0
0.01017526788746141,0.011507092143624505,1818.0,6327.0,3.894093245198016e-05,1.6394504642369584e-18,0.0,39905.0,0.0,0.0,0
0.010174880418709549,0.011507092143624505,1819.0,6327.0,3.855346370011988e-05,2.7014426677912636e-18,0.0,39905.0,0.0,0.0,0
0.01017449680533619,0.011507092143624505,1820.0,6327.0,3.8169850326758794e-05,3.6837854560789956e-18,0.0,39905.0,0.0,0.0,0
0.010174117008979668,0.011507092143624505,1821.0,6327.0,3.77900539702391e-05,1.1018169111875916e-18,0.0,39905.0,0.0,0.0,0
0.010173740991660034,0.011507092143624505,1822.0,6327.0,3.741403665060675e-05,-1.433689474798312e-18,0.0,39905.0,0.0,0.0,0
0.010173368715775248,0.011507092143624505,1823.0,6327.0,3.704176076581766e-05,2.542143837258118e-18,0.0,39905.0,0.0,0.0,0
0.010173000144097404,0.011507092143624505,1824.0,6327.0,3.6673189087975596e-05,8.031316039379432e-19,0.0,39905.0,0.0,0.0,0
0.010172635239769029,0.011507092143624505,1825.0,6327.0,3.6308284759601145e-05,-3.053227585218627e-19,0.0,39905.0,0.0,0.0,0
0.010172273966299389,0.011507092143624505,1826.0,6327.0,3.5947011289961296e-05,6.969323835825127e-19,0.0,39905.0,0.0,0.0,0
0.010171916287560832,0.011507092143624505,1827.0,6327.0,3.55893325514052e-05,4.911713941438661e-19,0.0,39905.0,0.0,0.0,0
0.01017156216778519,0.011507092143624505,1828.0,6327.0,3.5235212775761946e-05,7.964941526657288e-19,0.0,39905.0,0.0,0.0,0
0.010171211571560191,0.011507092143624505,1829.0,6327.0,3.488461655076014e-05,4.5134668651057965e-18,0.0,39905.0,0.0,0.0,0
0.010170864463825912,0.011507092143624505,1830.0,6327.0,3.45375088164844e-05,-1.7257373307757457e-18,0.0,39905.0,0.0,0.0,0
0.0101705208098713,0.011507092143624505,1831.0,6327.0,3.4193854861870395e-05,2.495681678352617e-18,0.0,39905.0,0.0,0.0,0
0.010170180575330668,0.011507092143624505,1832.0,6327.0,3.3853620321237874e-05,-1.453601828614955e-18,0.0,39905.0,0.0,0.0,0
0.010169843726180275,0.011507092143624505,1833.0,6327.0,3.351677117084927e-05,-3.531124076818064e-18,0.0,39905.0,0.0,0.0,0
0.010169510228734939,0.011507092143624505,1834.0,6327.0,3.3183273725507996e-05,-6.637451272214406e-20,0.0,39905.0,0.0,0.0,0
0.01016918004964462,0.011507092143624505,1835.0,6327.0,3.285309463519125e-05,1.8319365511311764e-18,0.0,39905.0,0.0,0.0,0
0.010168853155891144,0.011507092143624505,1836.0,6327.0,3.2526200881717666e-05,-3.7169727124400676e-19,0.0,39905.0,0.0,0.0,0
0.010168529514784867,0.011507092143624505,1837.0,6327.0,3.220255977543671e-05,5.309961017771525e-19,0.0,39905.0,0.0,0.0,0
0.010168209093961397,0.011507092143624505,1838.0,6327.0,3.188213895196928e-05,-6.438327734047975e-19,0.0,39905.0,0.0,0.0,0
0.010167891861378392,0.011507092143624505,1839.0,6327.0,3.156490636896417e-05,2.5886059961636186e-19,0.0,39905.0,0.0,0.0,0
0.01016757778531233,0.011507092143624505,1840.0,6327.0,3.125083030290087e-05,-8.96055921748945e-19,0.0,39905.0,0.0,0.0,0
0.01016726683435534,0.011507092143624505,1841.0,6327.0,3.0939879345910794e-05,2.1107095045641815e-18,0.0,39905.0,0.0,0.0,0
0.010166958977412066,0.011507092143624505,1842.0,6327.0,3.063202240263877e-05,-1.5067014387926703e-18,0.0,39905.0,0.0,0.0,0
0.01016665418369656,0.011507092143624505,1843.0,6327.0,3.0327228687133445e-05,-1.3009404493540236e-18,0.0,39905.0,0.0,0.0,0
0.010166352422729199,0.011507092143624505,1844.0,6327.0,3.002546771976924e-05,-1.3606775108039534e-18,0.0,39905.0,0.0,0.0,0
0.010166053664333628,0.011507092143624505,1845.0,6327.0,2.9726709324198014e-05,1.2212910340874508e-18,0.0,39905.0,0.0,0.0,0
0.010165757878633759,0.011507092143624505,1846.0,6327.0,2.943092362433253e-05,-4.088669983684074e-18,0.0,39905.0,0.0,0.0,0
0.010165465036050782,0.011507092143624505,1847.0,6327.0,2.9138081041354753e-05,1.0951794599153772e-18,0.0,39905.0,0.0,0.0,0
0.010165175107300188,0.011507092143624505,1848.0,6327.0,2.8848152290762628e-05,-2.608518349980262e-18,0.0,39905.0,0.0,0.0,0
0.010164888063388867,0.011507092143624505,1849.0,6327.0,2.8561108379440906e-05,-1.8385740024033907e-18,0.0,39905.0,0.0,0.0,0
0.010164603875612183,0.011507092143624505,1850.0,6327.0,2.827692060275627e-05,-3.869634091700999e-18,0.0,39905.0,0.0,0.0,0
0.010164322515551128,0.011507092143624505,1851.0,6327.0,2.7995560541697642e-05,1.5266137926093135e-19,0.0,39905.0,0.0,0.0,0
0.010164043955069452,0.011507092143624505,1852.0,6327.0,2.7717000060023e-05,-1.3274902544428814e-20,0.0,39905.0,0.0,0.0,0
0.010163768166310878,0.011507092143624505,1853.0,6327.0,2.7441211301451813e-05,-2.6350681550691197e-18,0.0,39905.0,0.0,0.0,0
0.010163495121696302,0.011507092143624505,1854.0,6327.0,2.716816668687712e-05,-2.3762075554527577e-18,0.0,39905.0,0.0,0.0,0
0.01016322479392104,0.011507092143624505,1855.0,6327.0,2.689783891161326e-05,-2.74126737542455e-18,0.0,39905.0,0.0,0.0,0
0.010162957155952083,0.011507092143624505,1856.0,6327.0,2.6630200942654166e-05,2.4558569707193305e-18,0.0,39905.0,0.0,0.0,0
0.01016269218102541,0.011507092143624505,1857.0,6327.0,2.636522601598203e-05,-8.96055921748945e-19,0.0,39905.0,0.0,0.0,0
0.010162429842643312,0.011507092143624505,1858.0,6327.0,2.6102887633882166e-05,-1.6859126231424593e-18,0.0,39905.0,0.0,0.0,0
0.010162170114571724,0.011507092143624505,1859.0,6327.0,2.584315956229871e-05,-2.90720365722991e-18,0.0,39905.0,0.0,0.0,0
0.010161912970837636,0.011507092143624505,1860.0,6327.0,2.558601582820613e-05,1.7390122333201747e-18,0.0,39905.0,0.0,0.0,0
0.010161658385726448,0.011507092143624505,1861.0,6327.0,2.5331430717019446e-05,1.1283667162764492e-19,0.0,39905.0,0.0,0.0,0
0.010161406333779443,0.011507092143624505,1862.0,6327.0,2.5079378770012986e-05,1.3274902544428814e-18,0.0,39905.0,0.0,0.0,0
0.010161156789791213,0.011507092143624505,1863.0,6327.0,2.4829834781784465e-05,1.5929883053314576e-19,0.0,39905.0,0.0,0.0,0
0.010160909728807153,0.011507092143624505,1864.0,6327.0,2.4582773797724748e-05,-6.637451272214407e-21,0.0,39905.0,0.0,0.0,0
0.01016066512612096,0.011507092143624505,1865.0,6327.0,2.4338171111529866e-05,2.0509724431142518e-18,0.0,39905.0,0.0,0.0,0
0.010160422957272158,0.011507092143624505,1866.0,6327.0,2.4096002262729752e-05,-9.557929831988746e-19,0.0,39905.0,0.0,0.0,0
0.010160183198043661,0.011507092143624505,1867.0,6327.0,2.3856243034235437e-05,-2.4093948118138297e-18,0.0,39905.0,0.0,0.0,0
0.010159945824459352,0.011507092143624505,1868.0,6327.0,2.3618869449924596e-05,-3.212526415751773e-18,0.0,39905.0,0.0,0.0,0
0.010159710812781667,0.011507092143624505,1869.0,6327.0,2.3383857772240342e-05,-1.0951794599153772e-18,0.0,39905.0,0.0,0.0,0
0.010159478139509247,0.011507092143624505,1870.0,6327.0,2.315118449982097e-05,-3.982470763328644e-20,0.0,39905.0,0.0,0.0,0
0.010159247781374572,0.011507092143624505,1871.0,6327.0,2.2920826365143503e-05,-3.0465901339464126e-18,0.0,39905.0,0.0,0.0,0
0.010159019715341635,0.011507092143624505,1872.0,6327.0,2.2692760332204277e-05,3.637323297173495e-18,0.0,39905.0,0.0,0.0,0
0.010158793918603637,0.011507092143624505,1873.0,6327.0,2.2466963594209105e-05,5.376335530493669e-19,0.0,39905.0,0.0,0.0,0
0.010158570368580724,0.011507092143624505,1874.0,6327.0,2.2243413571295076e-05,2.8275542419633373e-18,0.0,39905.0,0.0,0.0,0
0.010158349042917705,0.011507092143624505,1875.0,6327.0,2.2022087908274413e-05,9.690678857433033e-19,0.0,39905.0,0.0,0.0,0
0.010158129919481826,0.011507092143624505,1876.0,6327.0,2.1802964472396674e-05,-3.9160962506065e-19,0.0,39905.0,0.0,0.0,0
0.010157912976360565,0.011507092143624505,1877.0,6327.0,2.1586021351135683e-05,1.5133388900648848e-18,0.0,39905.0,0.0,0.0,0
0.010157698191859426,0.011507092143624505,1878.0,6327.0,2.137123684999776e-05,3.9160962506065e-19,0.0,39905.0,0.0,0.0,0
0.010157485544499785,0.011507092143624505,1879.0,6327.0,2.115858949035415e-05,6.172829683159398e-19,0.0,39905.0,0.0,0.0,0
0.01015727501301672,0.011507092143624505,1880.0,6327.0,2.094805800729185e-05,-8.628686653878728e-19,0.0,39905.0,0.0,0.0,0
0.010157066576356918,0.011507092143624505,1881.0,6327.0,2.0739621347488132e-05,-8.296814090268009e-19,0.0,39905.0,0.0,0.0,0
0.01015686021367653,0.011507092143624505,1882.0,6327.0,2.0533258667101205e-05,-1.1150918137320203e-18,0.0,39905.0,0.0,0.0,0
0.01015665590433912,0.011507092143624505,1883.0,6327.0,2.0328949329691405e-05,-2.2567334325528983e-18,0.0,39905.0,0.0,0.0,0
0.010156453627913583,0.011507092143624505,1884.0,6327.0,2.0126672904157386e-05,-6.020168303898467e-18,0.0,39905.0,0.0,0.0,0
0.010156253364172113,0.011507092143624505,1885.0,6327.0,1.9926409162684276e-05,6.770200297658695e-19,0.0,39905.0,0.0,0.0,0
0.010156055093088161,0.011507092143624505,1886.0,6327.0,1.97281380787345e-05,-3.8563591891565705e-18,0.0,39905.0,0.0,0.0,0
0.010155858794834457,0.011507092143624505,1887.0,6327.0,1.953183982503057e-05,-2.296558140186185e-18,0.0,39905.0,0.0,0.0,0
0.010155664449781013,0.011507092143624505,1888.0,6327.0,1.9337494771587214e-05,-3.557673881906922e-18,0.0,39905.0,0.0,0.0,0
0.010155472038493166,0.011507092143624505,1889.0,6327.0,1.9145083483734025e-05,5.217036699960524e-18,0.0,39905.0,0.0,0.0,0
0.010155281541729615,0.011507092143624505,1890.0,6327.0,1.895458672018554e-05,2.628430703796905e-18,0.0,39905.0,0.0,0.0,0
0.010155092940440532,0.011507092143624505,1891.0,6327.0,1.8765985431104613e-05,-2.190358919830754e-19,0.0,39905.0,0.0,0.0,0
0.010154906215765633,0.011507092143624505,1892.0,6327.0,1.8579260756204243e-05,-8.230439577545864e-19,0.0,39905.0,0.0,0.0,0
0.010154721349032288,0.011507092143624505,1893.0,6327.0,1.8394394022863342e-05,-2.1903589198307543e-18,0.0,39905.0,0.0,0.0,0
0.010154538321753677,0.011507092143624505,1894.0,6327.0,1.8211366744251994e-05,-5.389610433038098e-18,0.0,39905.0,0.0,0.0,0
0.010154357115626917,0.011507092143624505,1895.0,6327.0,1.8030160617490975e-05,-3.312088184834989e-18,0.0,39905.0,0.0,0.0,0
0.01015417771253125,0.011507092143624505,1896.0,6327.0,1.7850757521818016e-05,9.823427882877322e-19,0.0,39905.0,0.0,0.0,0
0.010154000094526203,0.011507092143624505,1897.0,6327.0,1.7673139516773597e-05,-2.854104047052195e-19,0.0,39905.0,0.0,0.0,0
0.010153824243849835,0.011507092143624505,1898.0,6327.0,1.7497288840407205e-05,-2.4558569707193305e-18,0.0,39905.0,0.0,0.0,0
0.010153650142916934,0.011507092143624505,1899.0,6327.0,1.732318790750592e-05,-2.4558569707193305e-18,0.0,39905.0,0.0,0.0,0
0.010153477774317259,0.011507092143624505,1900.0,6327.0,1.7150819307831523e-05,-1.1814663264541644e-18,0.0,39905.0,0.0,0.0,0
0.010153307120813807,0.011507092143624505,1901.0,6327.0,1.698016580438094e-05,-2.9470283648631967e-18,0.0,39905.0,0.0,0.0,0
0.010153138165341087,0.011507092143624505,1902.0,6327.0,1.681121033166006e-05,-1.1615539726375211e-18,0.0,39905.0,0.0,0.0,0
0.010152970891003409,0.011507092143624505,1903.0,6327.0,1.6643935993983254e-05,1.5929883053314576e-19,0.0,39905.0,0.0,0.0,0
0.010152805281073202,0.011507092143624505,1904.0,6327.0,1.6478326063775e-05,4.513466865105797e-19,0.0,39905.0,0.0,0.0,0
0.010152641318989332,0.011507092143624505,1905.0,6327.0,1.6314363979904915e-05,5.774582606826534e-19,0.0,39905.0,0.0,0.0,0
0.010152478988355456,0.011507092143624505,1906.0,6327.0,1.6152033346027552e-05,1.0420798497376619e-18,0.0,39905.0,0.0,0.0,0
0.010152318272938375,0.011507092143624505,1907.0,6327.0,1.599131792894523e-05,2.7943669856022653e-18,0.0,39905.0,0.0,0.0,0
0.010152159156666413,0.011507092143624505,1908.0,6327.0,1.5832201656983298e-05,3.1328770004852e-18,0.0,39905.0,0.0,0.0,0
0.010152001623627806,0.011507092143624505,1909.0,6327.0,1.567466861837979e-05,-2.1837214685585397e-18,0.0,39905.0,0.0,0.0,0
0.010151845658069128,0.011507092143624505,1910.0,6327.0,1.551870305969946e-05,-1.5598010489703856e-18,0.0,39905.0,0.0,0.0,0
0.010151691244393688,0.011507092143624505,1911.0,6327.0,1.5364289384258775e-05,2.1571716634696823e-18,0.0,39905.0,0.0,0.0,0
0.010151538367159988,0.011507092143624505,1912.0,6327.0,1.5211412150558523e-05,-5.376335530493669e-19,0.0,39905.0,0.0,0.0,0
0.010151387011080178,0.011507092143624505,1913.0,6327.0,1.5060056070751576e-05,-2.588605996163619e-18,0.0,39905.0,0.0,0.0,0
0.010151237161018529,0.011507092143624505,1914.0,6327.0,1.4910206009101066e-05,-2.270008335097327e-18,0.0,39905.0,0.0,0.0,0
0.010151088801989906,0.011507092143624505,1915.0,6327.0,1.4761846980476158e-05,2.4027573605416154e-18,0.0,39905.0,0.0,0.0,0
0.01015094191915828,0.011507092143624505,1916.0,6327.0,1.4614964148851183e-05,1.6460879155091729e-18,0.0,39905.0,0.0,0.0,0
0.010150796497835247,0.011507092143624505,1917.0,6327.0,1.4469542825819523e-05,7.6994434757687115e-19,0.0,39905.0,0.0,0.0,0
0.010150652523478555,0.011507092143624505,1918.0,6327.0,1.4325568469129469e-05,-4.53337921892244e-18,0.0,39905.0,0.0,0.0,0
0.010150509981690651,0.011507092143624505,1919.0,6327.0,1.4183026681223477e-05,-5.509084555937957e-18,0.0,39905.0,0.0,0.0,0
0.010150368858217233,0.011507092143624505,1920.0,6327.0,1.404190320780599e-05,-2.5355063859859033e-18,0.0,39905.0,0.0,0.0,0
0.010150229138945834,0.011507092143624505,1921.0,6327.0,1.3902183936410982e-05,-4.161681947678433e-18,0.0,39905.0,0.0,0.0,0
0.01015009080990442,0.011507092143624505,1922.0,6327.0,1.3763854894991795e-05,-1.7522871358646032e-18,0.0,39905.0,0.0,0.0,0
0.01014995385725996,0.011507092143624505,1923.0,6327.0,1.362690225053566e-05,-5.382972981765884e-18,0.0,39905.0,0.0,0.0,0
0.010149818267317088,0.011507092143624505,1924.0,6327.0,1.3491312307658902e-05,1.0487173010098763e-18,0.0,39905.0,0.0,0.0,0
0.010149684026516684,0.011507092143624505,1925.0,6327.0,1.3357071507254671e-05,-6.172829683159398e-19,0.0,39905.0,0.0,0.0,0
0.010149551121434564,0.011507092143624505,1926.0,6327.0,1.3224166425134288e-05,-3.982470763328644e-19,0.0,39905.0,0.0,0.0,0
0.010149419538780104,0.011507092143624505,1927.0,6327.0,1.309258377067559e-05,-2.3894824579971866e-19,0.0,39905.0,0.0,0.0,0
0.010149289265394932,0.011507092143624505,1928.0,6327.0,1.2962310385504574e-05,-2.854104047052195e-19,0.0,39905.0,0.0,0.0,0
0.010149160288251604,0.011507092143624505,1929.0,6327.0,1.2833333242174151e-05,2.57533109361919e-18,0.0,39905.0,0.0,0.0,0
0.010149032594452293,0.011507092143624505,1930.0,6327.0,1.2705639442861364e-05,3.265626025929488e-18,0.0,39905.0,0.0,0.0,0
0.010148906171227512,0.011507092143624505,1931.0,6327.0,1.2579216218082334e-05,-4.6462158905500844e-20,0.0,39905.0,0.0,0.0,0
0.010148781005934837,0.011507092143624505,1932.0,6327.0,1.2454050925406919e-05,1.420414572253883e-18,0.0,39905.0,0.0,0.0,0
0.01014865708605763,0.011507092143624505,1933.0,6327.0,1.233013104820265e-05,-3.1262395492129854e-18,0.0,39905.0,0.0,0.0,0
0.01014853439920381,0.011507092143624505,1934.0,6327.0,1.2207444194379692e-05,1.9381357714866066e-18,0.0,39905.0,0.0,0.0,0
0.010148412933104577,0.011507092143624505,1935.0,6327.0,1.2085978095146268e-05,1.9314983202143924e-18,0.0,39905.0,0.0,0.0,0
0.010148292675613227,0.011507092143624505,1936.0,6327.0,1.196572060379571e-05,2.9802156212242687e-18,0.0,39905.0,0.0,0.0,0
0.010148173614703907,0.011507092143624505,1937.0,6327.0,1.1846659694477066e-05,5.110837479605093e-19,0.0,39905.0,0.0,0.0,0
0.010148055738470428,0.011507092143624505,1938.0,6327.0,1.1728783461000885e-05,-1.420414572253883e-18,0.0,39905.0,0.0,0.0,0
0.010147939035125073,0.011507092143624505,1939.0,6327.0,1.1612080115643788e-05,6.902949323102983e-19,0.0,39905.0,0.0,0.0,0
0.010147823492997405,0.011507092143624505,1940.0,6327.0,1.1496537987975498e-05,2.329745396547257e-18,0.0,39905.0,0.0,0.0,0
0.010147709100533114,0.011507092143624505,1941.0,6327.0,1.1382145523685908e-05,1.6593628180536017e-18,0.0,39905.0,0.0,0.0,0
0.010147595846292861,0.011507092143624505,1942.0,6327.0,1.1268891283433852e-05,-2.6217932525246908e-18,0.0,39905.0,0.0,0.0,0
0.01014748371895113,0.011507092143624505,1943.0,6327.0,1.1156763941701297e-05,2.7147175703356925e-18,0.0,39905.0,0.0,0.0,0
0.010147372707295089,0.011507092143624505,1944.0,6327.0,1.104575228565993e-05,3.099689744124128e-18,0.0,39905.0,0.0,0.0,0
0.010147262800223478,0.011507092143624505,1945.0,6327.0,1.0935845214051571e-05,-1.5664385002426e-18,0.0,39905.0,0.0,0.0,0
0.010147153986745507,0.011507092143624505,1946.0,6327.0,1.0827031736079318e-05,-7.6994434757687115e-19,0.0,39905.0,0.0,0.0,0
0.010147046255979729,0.011507092143624505,1947.0,6327.0,1.0719300970301605e-05,-3.557673881906922e-18,0.0,39905.0,0.0,0.0,0
0.010146939597152982,0.011507092143624505,1948.0,6327.0,1.0612642143554204e-05,-1.765562038409032e-18,0.0,39905.0,0.0,0.0,0
0.010146833999599293,0.011507092143624505,1949.0,6327.0,1.0507044589865133e-05,1.6129006591481009e-18,0.0,39905.0,0.0,0.0,0
0.010146729452758822,0.011507092143624505,1950.0,6327.0,1.0402497749391271e-05,4.646215890550084e-19,0.0,39905.0,0.0,0.0,0
0.010146625946176787,0.011507092143624505,1951.0,6327.0,1.0298991167362253e-05,-3.703697809895639e-18,0.0,39905.0,0.0,0.0,0
0.010146523469502459,0.011507092143624505,1952.0,6327.0,1.0196514493029974e-05,-1.991235381664322e-20,0.0,39905.0,0.0,0.0,0
0.010146422012488074,0.011507092143624505,1953.0,6327.0,1.0095057478644871e-05,-7.16844737399156e-19,0.0,39905.0,0.0,0.0,0
0.010146321564987848,0.011507092143624505,1954.0,6327.0,9.994609978420861e-06,-2.5089565808970456e-18,0.0,39905.0,0.0,0.0,0
0.010146222116956951,0.011507092143624505,1955.0,6327.0,9.895161947522344e-06,-4.161681947678433e-18,0.0,39905.0,0.0,0.0,0
0.010146123658450499,0.011507092143624505,1956.0,6327.0,9.796703441066736e-06,1.5929883053314576e-18,0.0,39905.0,0.0,0.0,0
0.010146026179622545,0.011507092143624505,1957.0,6327.0,9.699224613117241e-06,-1.6726377205980306e-18,0.0,39905.0,0.0,0.0,0
0.01014592967072514,0.011507092143624505,1958.0,6327.0,9.602715715713213e-06,-2.1306218583808246e-18,0.0,39905.0,0.0,0.0,0
0.01014583412210731,0.011507092143624505,1959.0,6327.0,9.507167097882842e-06,-2.8142793394189084e-18,0.0,39905.0,0.0,0.0,0
0.010145739524214112,0.011507092143624505,1960.0,6327.0,9.412569204684765e-06,1.5531635976981712e-18,0.0,39905.0,0.0,0.0,0
0.010145645867585677,0.011507092143624505,1961.0,6327.0,9.318912576249598e-06,-1.4602392798871695e-18,0.0,39905.0,0.0,0.0,0
0.010145553142856268,0.011507092143624505,1962.0,6327.0,9.226187846839418e-06,-2.8142793394189084e-18,0.0,39905.0,0.0,0.0,0
0.010145461340753332,0.011507092143624505,1963.0,6327.0,9.134385743902485e-06,2.8275542419633373e-18,0.0,39905.0,0.0,0.0,0
0.01014537045209658,0.011507092143624505,1964.0,6327.0,9.0434970871507e-06,2.900566205957696e-18,0.0,39905.0,0.0,0.0,0
0.01014528046779707,0.011507092143624505,1965.0,6327.0,8.953512787644673e-06,-4.181594301495076e-18,0.0,39905.0,0.0,0.0,0
0.010145191378856309,0.011507092143624505,1966.0,6327.0,8.864423846878607e-06,1.95804812530325e-18,0.0,39905.0,0.0,0.0,0
0.010145103176365314,0.011507092143624505,1967.0,6327.0,8.77622135588532e-06,1.0022551421043755e-18,0.0,39905.0,0.0,0.0,0
0.010145015851503769,0.011507092143624505,1968.0,6327.0,8.68889649433961e-06,1.1549165213653069e-18,0.0,39905.0,0.0,0.0,0
0.010144929395539112,0.011507092143624505,1969.0,6327.0,8.602440529684083e-06,-3.1859766106629153e-19,0.0,39905.0,0.0,0.0,0
0.010144843799825679,0.011507092143624505,1970.0,6327.0,8.516844816251678e-06,-3.2855383797461315e-18,0.0,39905.0,0.0,0.0,0
0.010144759055803825,0.011507092143624505,1971.0,6327.0,8.432100794397266e-06,1.4735141824315983e-18,0.0,39905.0,0.0,0.0,0
0.010144675154999078,0.011507092143624505,1972.0,6327.0,8.348199989648765e-06,2.3894824579971866e-18,0.0,39905.0,0.0,0.0,0
0.010144592089021284,0.011507092143624505,1973.0,6327.0,8.265134011857014e-06,-4.659490793094514e-18,0.0,39905.0,0.0,0.0,0
0.010144509849563782,0.011507092143624505,1974.0,6327.0,8.182894554354136e-06,8.562312141156585e-19,0.0,39905.0,0.0,0.0,0
0.010144428428402555,0.011507092143624505,1975.0,6327.0,8.101473393125423e-06,5.110837479605093e-19,0.0,39905.0,0.0,0.0,0
0.010144347817395415,0.011507092143624505,1976.0,6327.0,8.020862385986596e-06,2.0841596994753238e-18,0.0,39905.0,0.0,0.0,0
0.0101442680084812,0.011507092143624505,1977.0,6327.0,7.941053471771603e-06,1.9447732227588212e-18,0.0,39905.0,0.0,0.0,0
0.01014418899367895,0.011507092143624505,1978.0,6327.0,7.862038669520426e-06,2.3496577503639e-18,0.0,39905.0,0.0,0.0,0
0.010144110765087118,0.011507092143624505,1979.0,6327.0,7.783810077687518e-06,5.0444629668829495e-19,0.0,39905.0,0.0,0.0,0
0.01014403331488278,0.011507092143624505,1980.0,6327.0,7.70635987335091e-06,1.141641618820878e-18,0.0,39905.0,0.0,0.0,0
0.01014395663532085,0.011507092143624505,1981.0,6327.0,7.62968031142247e-06,9.358806293822313e-19,0.0,39905.0,0.0,0.0,0
0.010143880718733312,0.011507092143624505,1982.0,6327.0,7.553763723883186e-06,-1.320852803170667e-18,0.0,39905.0,0.0,0.0,0
0.010143805557528439,0.011507092143624505,1983.0,6327.0,7.478602519010272e-06,-7.035698348547271e-19,0.0,39905.0,0.0,0.0,0
0.010143731144190052,0.011507092143624505,1984.0,6327.0,7.404189180622374e-06,1.17482887518195e-18,0.0,39905.0,0.0,0.0,0
0.010143657471276754,0.011507092143624505,1985.0,6327.0,7.330516267321783e-06,2.7611797292411933e-18,0.0,39905.0,0.0,0.0,0
0.010143584531421187,0.011507092143624505,1986.0,6327.0,7.2575764117587135e-06,-1.4602392798871694e-19,0.0,39905.0,0.0,0.0,0
0.01014351231732931,0.011507092143624505,1987.0,6327.0,7.185362319883425e-06,-9.026933730211593e-19,0.0,39905.0,0.0,0.0,0
0.010143440821779655,0.011507092143624505,1988.0,6327.0,7.113866770228107e-06,-5.376335530493669e-19,0.0,39905.0,0.0,0.0,0
0.010143370037622602,0.011507092143624505,1989.0,6327.0,7.043082613177127e-06,-2.3762075554527577e-18,0.0,39905.0,0.0,0.0,0
0.010143299957779687,0.011507092143624505,1990.0,6327.0,6.9730027702585344e-06,-2.329745396547257e-18,0.0,39905.0,0.0,0.0,0
0.010143230575242853,0.011507092143624505,1991.0,6327.0,6.903620233425889e-06,-4.6462158905500844e-20,0.0,39905.0,0.0,0.0,0
0.010143161883073796,0.011507092143624505,1992.0,6327.0,6.834928064371589e-06,-3.517849174273636e-18,0.0,39905.0,0.0,0.0,0
0.010143093874403245,0.011507092143624505,1993.0,6327.0,6.7669193938186445e-06,-3.212526415751773e-18,0.0,39905.0,0.0,0.0,0
0.010143026542430272,0.011507092143624505,1994.0,6327.0,6.699587420843731e-06,8.429563115712296e-19,0.0,39905.0,0.0,0.0,0
0.010142959880421623,0.011507092143624505,1995.0,6327.0,6.632925412194911e-06,-2.283283237641756e-18,0.0,39905.0,0.0,0.0,0
0.010142893881711041,0.011507092143624505,1996.0,6327.0,6.566926701613852e-06,-2.90720365722991e-18,0.0,39905.0,0.0,0.0,0
0.010142828539698605,0.011507092143624505,1997.0,6327.0,6.501584689175511e-06,4.314343326939365e-18,0.0,39905.0,0.0,0.0,0
0.010142763847850051,0.011507092143624505,1998.0,6327.0,6.436892840623819e-06,-1.5133388900648848e-18,0.0,39905.0,0.0,0.0,0
0.01014269979969615,0.011507092143624505,1999.0,6327.0,6.372844686721137e-06,-2.2169087249196117e-18,0.0,39905.0,0.0,0.0,0
0.010142636388832026,0.011507092143624505,2000.0,6327.0,6.309433822597946e-06,-5.3099610177715254e-20,0.0,39905.0,0.0,0.0,0
0.010142573608916544,0.011507092143624505,2001.0,6327.0,6.246653907114632e-06,3.0067654263131264e-18,0.0,39905.0,0.0,0.0,0
0.010142511453671656,0.011507092143624505,2002.0,6327.0,6.184498662227135e-06,-3.3519128924682754e-18,0.0,39905.0,0.0,0.0,0
0.010142449916881787,0.011507092143624505,2003.0,6327.0,6.122961872360868e-06,-1.5863508540592431e-18,0.0,39905.0,0.0,0.0,0
0.010142388992393215,0.011507092143624505,2004.0,6327.0,6.062037383782563e-06,1.778836940953461e-18,0.0,39905.0,0.0,0.0,0
0.010142328674113422,0.011507092143624505,2005.0,6327.0,6.001719103994855e-06,-3.531124076818064e-18,0.0,39905.0,0.0,0.0,0
0.010142328674113422,0.011507092143624505,2005.0,6327.0,6.001719103994855e-06,-3.531124076818064e-18,0.0,39905.0,0.0,0.0,0
