Total_strain,Slip_strain,Time,Slip Count,Creep,Elastic,Hygroexp,Number_of_fibers,Load,Moisture,Broken
0.0,0.0,0.0,0.0,0.0,0.0,0.0,40000.0,0.0,0.0,0
0.0,0.0,5.0,0.0,0.0,0.0,0.0,40000.0,0.0,0.0,0
0.8114101754658078,0.010236092719764911,5.0,1073.0,0.0,0.8013454504991607,0.0,39987.0,0.7526973278649983,0.0,0
0.8114101754658078,0.010236092719764911,5.0,1073.0,0.0,0.8013454504991607,0.0,39987.0,0.7526973278649983,0.0,0
0.8458878393900368,0.011501407952798758,6.0,1157.0,0.033212348691195104,0.8013454504991605,0.0,39987.0,0.7526973278649983,0.0,0
0.857132668723359,0.011916575798456477,7.0,1183.0,0.044042010178859614,0.8013454504991606,0.0,39987.0,0.7526973278649983,0.0,0
0.8643748339779959,0.012322659460585975,8.0,1207.0,0.05087809177136695,0.8013454504991604,0.0,39987.0,0.7526973278649983,0.0,0
0.8697568919810519,0.012558083789827385,9.0,1222.0,0.05602472544518159,0.8013454504991604,0.0,39987.0,0.7526973278649983,0.0,0
0.8743192704311772,0.012795361130649784,10.0,1236.0,0.060349826554484315,0.8013454504991607,0.0,39987.0,0.7526973278649983,0.0,0
0.8783417497821698,0.01297645112884385,11.0,1246.0,0.06419121590728291,0.8013454504991608,0.0,39987.0,0.7526973278649983,0.0,0
0.8819474452047692,0.01308341764092983,12.0,1254.0,0.06768994481779642,0.8013454504991608,0.0,39987.0,0.7526973278649983,0.0,0
0.8852945355612608,0.013207366979087323,13.0,1263.0,0.07091308583613057,0.8013454504991604,0.0,39987.0,0.7526973278649983,0.0,0
0.8884171101275706,0.013343971063994889,14.0,1272.0,0.07389905631753288,0.8013454504991606,0.0,39987.0,0.7526973278649983,0.0,0
0.8912745656803255,0.01342605392394411,15.0,1278.0,0.07667442901033843,0.8013454504991608,0.0,39987.0,0.7526973278649983,0.0,0
0.8940154570213122,0.013581134005738108,16.0,1288.0,0.07926024026953125,0.8013454504991606,0.0,39987.0,0.7526973278649983,0.0,0
0.8966406676092578,0.013792517757830955,17.0,1301.0,0.08167640277649597,0.8013654911496508,0.0,39986.0,0.7526973278649983,0.0,0
0.8989996895695969,0.013893076067168504,18.0,1306.0,0.08393486642749744,0.8013654911496505,0.0,39986.0,0.7526973278649983,0.0,0
0.9011759738259789,0.01395254679111475,19.0,1311.0,0.08605167995993324,0.8013654911496507,0.0,39986.0,0.7526973278649983,0.0,0
0.9031933336479954,0.013981945874327018,20.0,1313.0,0.08803964069873758,0.8013654911496506,0.0,39986.0,0.7526973278649983,0.0,0
0.9051652146709552,0.014083165915252336,21.0,1318.0,0.08991030168077223,0.8013654911496506,0.0,39986.0,0.7526973278649983,0.0,0
0.9069959815598713,0.014150119338480502,22.0,1322.0,0.09167411514645982,0.801365491149651,0.0,39986.0,0.7526973278649983,0.0,0
0.9087127369579006,0.01420044724362169,23.0,1325.0,0.09334054263934813,0.8013654911496504,0.0,39986.0,0.7526973278649983,0.0,0
0.9103180278476456,0.014228129567719088,24.0,1327.0,0.09491815120499555,0.8013654911496512,0.0,39986.0,0.7526973278649983,0.0,0
0.911837362065142,0.014250915813640797,25.0,1328.0,0.09641469917657035,0.8013654911496508,0.0,39986.0,0.7526973278649983,0.0,0
0.9133627009203678,0.014353740511197048,26.0,1335.0,0.09783721333423989,0.8013654911496507,0.0,39986.0,0.7526973278649983,0.0,0
0.9148211371497897,0.014457331522743701,27.0,1341.0,0.09919205855211516,0.8013654911496506,0.0,39986.0,0.7526973278649983,0.0,0
0.9162553432373509,0.01459859540702839,28.0,1349.0,0.1004850007553916,0.8013654911496509,0.0,39986.0,0.7526973278649983,0.0,0
0.9175693900116922,0.0146763790728269,29.0,1354.0,0.10172126386393453,0.8013654911496508,0.0,39986.0,0.7526973278649983,0.0,0
0.9187996366816205,0.014722308297539066,30.0,1356.0,0.10290558130915062,0.8013654911496508,0.0,39986.0,0.7526973278649983,0.0,0
0.9200212289644326,0.01480723924357932,31.0,1361.0,0.10404224264592246,0.8013654911496508,0.0,39986.0,0.7526973278649983,0.0,0
0.9211821577893811,0.014875274986110697,32.0,1365.0,0.10513513572833948,0.801365491149651,0.0,39986.0,0.7526973278649983,0.0,0
0.9223270168091843,0.014967484862147721,33.0,1369.0,0.10618778487210583,0.8013654911496504,0.0,39986.0,0.7526973278649983,0.0,0
0.9234267103748348,0.015051577914101551,34.0,1374.0,0.10720338538580246,0.8013654911496509,0.0,39986.0,0.7526973278649983,0.0,0
0.9244096433808913,0.015053061489313138,35.0,1375.0,0.1081848348166473,0.801365491149651,0.0,39986.0,0.7526973278649983,0.0,0
0.9254108615049739,0.015104353206605955,36.0,1378.0,0.10913476122343702,0.8013654911496506,0.0,39986.0,0.7526973278649983,0.0,0
0.9263548092433611,0.015127513408850218,37.0,1379.0,0.11005554875958011,0.8013654911496506,0.0,39986.0,0.7526973278649983,0.0,0
0.9272748295215281,0.01515372162439831,38.0,1381.0,0.110949360822199,0.8013654911496507,0.0,39986.0,0.7526973278649983,0.0,0
0.9281900329832072,0.015200124909361207,39.0,1383.0,0.11181816099891514,0.8013654911496509,0.0,39986.0,0.7526973278649983,0.0,0
0.9290588206116738,0.015223341514853685,40.0,1384.0,0.11266373202188931,0.8013654911496504,0.0,39986.0,0.7526973278649983,0.0,0
0.9299299637947039,0.015270523801025136,41.0,1388.0,0.11348769291874808,0.8013654911496508,0.0,39986.0,0.7526973278649983,0.0,0
0.9307570591730957,0.015293797566187496,42.0,1389.0,0.11429151453197733,0.8013654911496509,0.0,39986.0,0.7526973278649983,0.0,0
0.9315653576167857,0.015317076979815434,43.0,1390.0,0.11507653356203933,0.8013654911496513,0.0,39986.0,0.7526973278649983,0.0,0
0.9323560980943821,0.015340385744758865,44.0,1391.0,0.1158439652746924,0.8013654911496508,0.0,39986.0,0.7526973278649983,0.0,0
0.9331070478193172,0.015340385744758865,45.0,1391.0,0.11659491499962756,0.8013654911496509,0.0,39986.0,0.7526973278649983,0.0,0
0.9338425213551248,0.015340385744758865,46.0,1391.0,0.11733038853543508,0.8013654911496508,0.0,39986.0,0.7526973278649983,0.0,0
0.9345634343846632,0.015340385744758865,47.0,1391.0,0.11805130156497352,0.8013654911496509,0.0,39986.0,0.7526973278649983,0.0,0
0.9353517354004106,0.015421500150171567,48.0,1396.0,0.11875848817530821,0.8013654911496506,0.0,39986.0,0.7526973278649983,0.0,0
0.9360459557925263,0.015421500150171567,49.0,1396.0,0.11945270856742386,0.8013654911496508,0.0,39986.0,0.7526973278649983,0.0,0
0.9367747368695444,0.01546833376180285,50.0,1398.0,0.12013465603281068,0.8013654911496508,0.0,39986.0,0.7526973278649983,0.0,0
0.9374919277730895,0.015515217431475423,51.0,1400.0,0.12080496326668323,0.8013654911496507,0.0,39986.0,0.7526973278649983,0.0,0
0.9381511725873615,0.015515217431475423,52.0,1400.0,0.12146420808095519,0.8013654911496509,0.0,39986.0,0.7526973278649983,0.0,0
0.938834555871753,0.015549890222736711,53.0,1402.0,0.1221129185740854,0.8013654911496508,0.0,39986.0,0.7526973278649983,0.0,0
0.9395079186960187,0.015584593811613038,54.0,1404.0,0.12275157780947488,0.8013654911496508,0.0,39986.0,0.7526973278649983,0.0,0
0.940160469873169,0.015608094749059883,55.0,1405.0,0.12338062804917829,0.8013654911496508,0.0,39986.0,0.7526973278649983,0.0,0
0.9408743921468957,0.015702170486724478,56.0,1409.0,0.12400047458524048,0.8013654911496506,0.0,39986.0,0.7526973278649983,0.0,0
0.9415128395912444,0.015729603309368595,57.0,1411.0,0.12461148920694495,0.8013654911496508,0.0,39986.0,0.7526973278649983,0.0,0
0.9421455331496599,0.01575977273611172,58.0,1414.0,0.12521401333861723,0.8013654911496508,0.0,39986.0,0.7526973278649983,0.0,0
0.9427470331554011,0.01576692520114238,59.0,1415.0,0.12580836087932787,0.8013654911496509,0.0,39986.0,0.7526973278649983,0.0,0
0.9433642350576148,0.015797667209825512,60.0,1417.0,0.12639482077285846,0.8013654911496507,0.0,39986.0,0.7526973278649983,0.0,0
0.9439779406449604,0.01583253423643512,61.0,1419.0,0.12697365933359447,0.8013654911496506,0.0,39986.0,0.7526973278649983,0.0,0
0.9445494036629338,0.01583253423643512,62.0,1419.0,0.12754512235156787,0.8013654911496508,0.0,39986.0,0.7526973278649983,0.0,0
0.9451445267472831,0.01586334267469318,63.0,1421.0,0.12810943699765903,0.8013654911496506,0.0,39986.0,0.7526973278649983,0.0,0
0.9457741453341248,0.015935584711221334,64.0,1425.0,0.12866681354797274,0.8013654911496507,0.0,39986.0,0.7526973278649983,0.0,0
0.9463360692436936,0.015946875224172836,65.0,1426.0,0.12921744694458978,0.8013654911496507,0.0,39986.0,0.7526973278649983,0.0,0
0.9468852767183801,0.015952011435187496,66.0,1427.0,0.12976151820826184,0.8013654911496504,0.0,39986.0,0.7526973278649983,0.0,0
0.9474481684718051,0.015977225679741372,67.0,1429.0,0.13029919571713283,0.801365491149651,0.0,39986.0,0.7526973278649983,0.0,0
0.9480298612254794,0.016027477786315927,68.0,1433.0,0.13083063636423267,0.8013654911496505,0.0,39986.0,0.7526973278649983,0.0,0
0.948607783618875,0.01608004993866961,69.0,1436.0,0.1313559866052747,0.8013654911496506,0.0,39986.0,0.7526973278649983,0.0,0
0.949185969620888,0.01613883913876573,70.0,1439.0,0.1318753834071914,0.8013654911496509,0.0,39986.0,0.7526973278649983,0.0,0
0.9497232905446645,0.01616258836288397,71.0,1440.0,0.13238895510684975,0.8013654911496509,0.0,39986.0,0.7526973278649983,0.0,0
0.9502662563561733,0.01619768709275358,72.0,1442.0,0.132896822188489,0.8013654911496509,0.0,39986.0,0.7526973278649983,0.0,0
0.9507716516212646,0.016200806558721484,73.0,1443.0,0.1333990979876123,0.8013654911496509,0.0,39986.0,0.7526973278649983,0.0,0
0.9512684429619778,0.016200806558721484,74.0,1443.0,0.1338958893283255,0.8013654911496507,0.0,39986.0,0.7526973278649983,0.0,0
0.9517950016488135,0.01623595747343039,75.0,1445.0,0.13438729710045216,0.8013654911496509,0.0,39986.0,0.7526973278649983,0.0,0
0.9522829104508141,0.016237746593731155,76.0,1446.0,0.13487341678215226,0.8013654911496508,0.0,39986.0,0.7526973278649983,0.0,0
0.9527948841649709,0.01626879817681321,77.0,1448.0,0.1353543389132269,0.8013654911496509,0.0,39986.0,0.7526973278649983,0.0,0
0.9532706947755389,0.01626879817681321,78.0,1448.0,0.13583014952379488,0.8013654911496504,0.0,39986.0,0.7526973278649983,0.0,0
0.9537414757743323,0.01626879817681321,79.0,1448.0,0.13630093052258815,0.8013654911496506,0.0,39986.0,0.7526973278649983,0.0,0
0.9542073053004452,0.01626879817681321,80.0,1448.0,0.13676676004870109,0.8013654911496509,0.0,39986.0,0.7526973278649983,0.0,0
0.9546796526956026,0.01628019283040216,81.0,1449.0,0.13722771279026952,0.8013654911496506,0.0,39986.0,0.7526973278649983,0.0,0
0.9552074480456397,0.016351840697486707,82.0,1452.0,0.13768386027322208,0.8013654911496509,0.0,39986.0,0.7526973278649983,0.0,0
0.9557105961748178,0.016403577976939778,83.0,1455.0,0.13813527112294718,0.8013654911496507,0.0,39986.0,0.7526973278649983,0.0,0
0.9561812428588884,0.01642748448250727,84.0,1456.0,0.13858201130145023,0.8013654911496505,0.0,39986.0,0.7526973278649983,0.0,0
0.9566712184552993,0.01647532705803946,85.0,1458.0,0.13902414432232899,0.8013654911496509,0.0,39986.0,0.7526973278649983,0.0,0
0.9571566662441515,0.01652318772354669,86.0,1460.0,0.13946173144567395,0.8013654911496512,0.0,39986.0,0.7526973278649983,0.0,0
0.9576137067029215,0.016547127773190107,87.0,1461.0,0.1398948318548005,0.8013654911496506,0.0,39986.0,0.7526973278649983,0.0,0
0.9580663284808422,0.016571078589372623,88.0,1462.0,0.1403235028165388,0.8013654911496509,0.0,39986.0,0.7526973278649983,0.0,0
0.9584906254909443,0.016571078589372623,89.0,1462.0,0.14074779982664085,0.8013654911496506,0.0,39986.0,0.7526973278649983,0.0,0
0.9589106024060214,0.016571078589372623,90.0,1462.0,0.141167776741718,0.801365491149651,0.0,39986.0,0.7526973278649983,0.0,0
0.9593263115632916,0.016571078589372623,91.0,1462.0,0.14158348589898817,0.8013654911496508,0.0,39986.0,0.7526973278649983,0.0,0
0.9598066720347926,0.016639946734874775,92.0,1467.0,0.141994978224987,0.8013654911496506,0.0,39986.0,0.7526973278649983,0.0,0
0.960239157462773,0.01666510705355038,93.0,1469.0,0.1424023033342917,0.8013654911496506,0.0,39986.0,0.7526973278649983,0.0,0
0.9606715933648478,0.016694336670714027,94.0,1471.0,0.14280550961920294,0.8013654911496509,0.0,39986.0,0.7526973278649983,0.0,0
0.9610780233028705,0.016701631896697492,95.0,1472.0,0.14320464433124225,0.8013654911496509,0.0,39986.0,0.7526973278649983,0.0,0
0.9614971721340881,0.016725671403916495,96.0,1473.0,0.14359975365524086,0.8013654911496509,0.0,39986.0,0.7526973278649983,0.0,0
0.9618883012555679,0.016725671403916495,97.0,1473.0,0.1439908827767207,0.8013654911496507,0.0,39986.0,0.7526973278649983,0.0,0
0.9622770395969988,0.01672721657886496,98.0,1474.0,0.144378075943203,0.8013654911496507,0.0,39986.0,0.7526973278649983,0.0,0
0.9626603401738141,0.01672721657886496,99.0,1474.0,0.14476137652001828,0.8013654911496509,0.0,39986.0,0.7526973278649983,0.0,0
0.9630638689473856,0.016751294831315645,100.0,1475.0,0.14514082704113904,0.8013654911496509,0.0,39986.0,0.7526973278649983,0.0,0
0.9634876879917138,0.01679947166127882,101.0,1477.0,0.1455164692555042,0.8013654911496506,0.0,39986.0,0.7526973278649983,0.0,0
0.9638836647596315,0.016823573515439786,102.0,1478.0,0.14588834416926086,0.8013654911496509,0.0,39986.0,0.7526973278649983,0.0,0
0.9642633220388973,0.01683508287965595,103.0,1479.0,0.14625649208431046,0.8013654911496509,0.0,39986.0,0.7526973278649983,0.0,0
0.9646277825880922,0.01683508287965595,104.0,1479.0,0.14662095263350547,0.8013654911496506,0.0,39986.0,0.7526973278649983,0.0,0
0.964988594767401,0.01683508287965595,105.0,1479.0,0.14698176481281422,0.8013654911496504,0.0,39986.0,0.7526973278649983,0.0,0
0.9653699387025249,0.01685922461685688,106.0,1480.0,0.14733896701073707,0.8013654911496509,0.0,39986.0,0.7526973278649983,0.0,0
0.9657550459720708,0.016890701861904528,107.0,1482.0,0.14769259703523543,0.8013654911496506,0.0,39986.0,0.7526973278649983,0.0,0
0.9661293015673609,0.016914862354026592,108.0,1483.0,0.14804269213840351,0.8013654911496508,0.0,39986.0,0.7526973278649983,0.0,0
0.9665725596972523,0.017011523583223723,109.0,1487.0,0.14838928903909776,0.8013654911496509,0.0,39986.0,0.7526973278649983,0.0,0
0.9669156946018679,0.017011523583223723,110.0,1487.0,0.14873242394371336,0.8013654911496506,0.0,39986.0,0.7526973278649983,0.0,0
0.9672554032234367,0.017011523583223723,111.0,1487.0,0.14907213256528212,0.801365491149651,0.0,39986.0,0.7526973278649983,0.0,0
0.9675917207992023,0.017011523583223723,112.0,1487.0,0.1494084501410478,0.8013654911496505,0.0,39986.0,0.7526973278649983,0.0,0
0.9679488814383377,0.01703572291474505,113.0,1488.0,0.1497414114486618,0.8013654911496506,0.0,39986.0,0.7526973278649983,0.0,0
0.9683269466007172,0.017084148704660164,114.0,1490.0,0.15007105082112607,0.8013654911496509,0.0,39986.0,0.7526973278649983,0.0,0
0.9686532979401926,0.017084148704660164,115.0,1490.0,0.15039740216060157,0.8013654911496509,0.0,39986.0,0.7526973278649983,0.0,0
0.9689763947307763,0.017084148704660164,116.0,1490.0,0.15072049895118542,0.8013654911496509,0.0,39986.0,0.7526973278649983,0.0,0
0.9693194048041683,0.01710728345848406,117.0,1492.0,0.15104037427075348,0.801365491149651,0.0,39986.0,0.7526973278649983,0.0,0
0.9696476635600154,0.01711885568313055,118.0,1493.0,0.15135706080195402,0.8013654911496509,0.0,39986.0,0.7526973278649983,0.0,0
0.9699611936004913,0.01711885568313055,119.0,1493.0,0.15167059084242995,0.8013654911496508,0.0,39986.0,0.7526973278649983,0.0,0
0.9702715990724029,0.01711885568313055,120.0,1493.0,0.1519809963143416,0.8013654911496509,0.0,39986.0,0.7526973278649983,0.0,0
0.9705789115313133,0.01711885568313055,121.0,1493.0,0.15228830877325172,0.8013654911496512,0.0,39986.0,0.7526973278649983,0.0,0
0.9709074422199254,0.017143135728560327,122.0,1494.0,0.15259255941643424,0.8013654911496506,0.0,39986.0,0.7526973278649983,0.0,0
0.9712612456043648,0.017195719438779428,123.0,1497.0,0.15289377909065452,0.8013654911496506,0.0,39986.0,0.7526973278649983,0.0,0
0.971583755357587,0.017220009983183626,124.0,1498.0,0.1531919982994726,0.8013654911496509,0.0,39986.0,0.7526973278649983,0.0,0
0.9719064905818576,0.017247496296816836,125.0,1500.0,0.15348724721011,0.8013654911496509,0.0,39986.0,0.7526973278649983,0.0,0
0.9721987990316675,0.017247496296816836,126.0,1500.0,0.1537795556599199,0.8013654911496506,0.0,39986.0,0.7526973278649983,0.0,0
0.9724881965342432,0.017247496296816836,127.0,1500.0,0.15406895316249558,0.8013654911496508,0.0,39986.0,0.7526973278649983,0.0,0
0.9727990331030626,0.017271817114682297,128.0,1501.0,0.15435546891344948,0.8013654911496507,0.0,39986.0,0.7526973278649983,0.0,0
0.9731313601155097,0.017320481244688057,129.0,1503.0,0.15463913179589078,0.8013654911496509,0.0,39986.0,0.7526973278649983,0.0,0
0.9734140276549716,0.01732231019441207,130.0,1504.0,0.1549199703856287,0.8013654911496506,0.0,39986.0,0.7526973278649983,0.0,0
0.973692070225468,0.01732231019441207,131.0,1504.0,0.15519801295612504,0.8013654911496508,0.0,39986.0,0.7526973278649983,0.0,0
0.9739917023745792,0.017346667816432005,132.0,1505.0,0.1554732874832163,0.8013654911496508,0.0,39986.0,0.7526973278649983,0.0,0
0.9742885991451228,0.017371030420565453,133.0,1506.0,0.15574582164962644,0.8013654911496509,0.0,39986.0,0.7526973278649983,0.0,0
0.9745584203447833,0.017371030420565453,134.0,1506.0,0.15601564284928696,0.8013654911496506,0.0,39986.0,0.7526973278649983,0.0,0
0.9748255556869765,0.017371030420565453,135.0,1506.0,0.1562827781914802,0.8013654911496509,0.0,39986.0,0.7526973278649983,0.0,0
0.9751144158618764,0.01739541428212454,136.0,1507.0,0.1565472545048211,0.8013654911496506,0.0,39986.0,0.7526973278649983,0.0,0
0.9753778260404752,0.017396980624455577,137.0,1508.0,0.1568090983410888,0.8013654911496508,0.0,39986.0,0.7526973278649983,0.0,0
0.9756444694434341,0.017404386389580192,138.0,1509.0,0.15706833597892303,0.8013654911496507,0.0,39986.0,0.7526973278649983,0.0,0
0.9759011268919033,0.017404386389580192,139.0,1509.0,0.15732499342739223,0.8013654911496508,0.0,39986.0,0.7526973278649983,0.0,0
0.9761912869284869,0.01744044342410922,140.0,1511.0,0.15757909642944684,0.801365491149651,0.0,39986.0,0.7526973278649983,0.0,0
0.9764428609643037,0.01744044342410922,141.0,1511.0,0.15783067046526347,0.8013654911496508,0.0,39986.0,0.7526973278649983,0.0,0
0.9766919312545308,0.01744044342410922,142.0,1511.0,0.1580797407554908,0.8013654911496506,0.0,39986.0,0.7526973278649983,0.0,0
0.9769703678174869,0.01747228847815392,143.0,1513.0,0.15832633226440215,0.8013654911496506,0.0,39986.0,0.7526973278649983,0.0,0
0.9772463611026704,0.017504144324776635,144.0,1515.0,0.1585704697029628,0.8013654911496508,0.0,39986.0,0.7526973278649983,0.0,0
0.977512510035828,0.017528585429079268,145.0,1516.0,0.1588121775318179,0.8013654911496506,0.0,39986.0,0.7526973278649983,0.0,0
0.9777518124682154,0.017528585429079268,146.0,1516.0,0.15905147996420538,0.8013654911496505,0.0,39986.0,0.7526973278649983,0.0,0
0.9780017616769108,0.01754161363317901,147.0,1518.0,0.15928840096880093,0.8013654911496507,0.0,39986.0,0.7526973278649983,0.0,0
0.978236324980607,0.01754161363317901,148.0,1518.0,0.15952296427249704,0.8013654911496506,0.0,39986.0,0.7526973278649983,0.0,0
0.9784930233040109,0.01756608286595831,149.0,1519.0,0.15975519336312183,0.8013654911496508,0.0,39986.0,0.7526973278649983,0.0,0
0.9787229414329908,0.01756608286595831,150.0,1519.0,0.15998511149210157,0.8013654911496507,0.0,39986.0,0.7526973278649983,0.0,0
0.978958001800442,0.017573513048442194,151.0,1520.0,0.160212741677069,0.8013654911496509,0.0,39986.0,0.7526973278649983,0.0,0
0.9791833668277946,0.017573513048442194,152.0,1520.0,0.16043810670442163,0.8013654911496506,0.0,39986.0,0.7526973278649983,0.0,0
0.9794064892552059,0.017573513048442194,153.0,1520.0,0.1606612291318328,0.8013654911496507,0.0,39986.0,0.7526973278649983,0.0,0
0.9796295716239442,0.01757569325829632,154.0,1521.0,0.16088213129071693,0.8013654911496504,0.0,39986.0,0.7526973278649983,0.0,0
0.9798482756218803,0.01757569325829632,155.0,1521.0,0.1611008352886532,0.8013654911496509,0.0,39986.0,0.7526973278649983,0.0,0
0.9800648033449951,0.01757569325829632,156.0,1521.0,0.161317363011768,0.8013654911496506,0.0,39986.0,0.7526973278649983,0.0,0
0.9802791764603063,0.01757569325829632,157.0,1521.0,0.16153173612707905,0.8013654911496512,0.0,39986.0,0.7526973278649983,0.0,0
0.9804914164180304,0.01757569325829632,158.0,1521.0,0.1617439760848032,0.8013654911496506,0.0,39986.0,0.7526973278649983,0.0,0
0.9807015444538558,0.01757569325829632,159.0,1521.0,0.16195410412062866,0.801365491149651,0.0,39986.0,0.7526973278649983,0.0,0
0.98093410970329,0.01760022137040545,160.0,1522.0,0.16216214125795375,0.8013654911496507,0.0,39986.0,0.7526973278649983,0.0,0
0.9811400767554299,0.01760022137040545,161.0,1522.0,0.16236810831009368,0.8013654911496505,0.0,39986.0,0.7526973278649983,0.0,0
0.9813685343907392,0.017624761433351982,162.0,1523.0,0.16257202588245626,0.8013654911496509,0.0,39986.0,0.7526973278649983,0.0,0
0.9815821386599677,0.01763647721034913,163.0,1524.0,0.16277391437468763,0.8013654911496507,0.0,39986.0,0.7526973278649983,0.0,0
0.9817820182680697,0.01763647721034913,164.0,1524.0,0.16297379398278983,0.8013654911496509,0.0,39986.0,0.7526973278649983,0.0,0
0.98197990898649,0.01763647721034913,165.0,1524.0,0.16317168470121007,0.801365491149651,0.0,39986.0,0.7526973278649983,0.0,0
0.9821758306101835,0.01763647721034913,166.0,1524.0,0.16336760632490355,0.8013654911496508,0.0,39986.0,0.7526973278649983,0.0,0
0.9823698027366502,0.01763647721034913,167.0,1524.0,0.1635615784513702,0.8013654911496509,0.0,39986.0,0.7526973278649983,0.0,0
0.9825981403194652,0.01767277276186826,168.0,1526.0,0.16375362048266612,0.8013654911496507,0.0,39986.0,0.7526973278649983,0.0,0
0.9827882714641899,0.01767277276186826,169.0,1526.0,0.1639437516273908,0.8013654911496506,0.0,39986.0,0.7526973278649983,0.0,0
0.9829765107394495,0.01767277276186826,170.0,1526.0,0.16413199090265038,0.8013654911496509,0.0,39986.0,0.7526973278649983,0.0,0
0.9831778377160955,0.01768773350516688,171.0,1528.0,0.1643183571359976,0.8013654911496508,0.0,39986.0,0.7526973278649983,0.0,0
0.9833944038998708,0.017719787857590232,172.0,1530.0,0.16450286896734947,0.8013654911496507,0.0,39986.0,0.7526973278649983,0.0,0
0.9836016751650241,0.017744383239210567,173.0,1531.0,0.16468554485088271,0.8013654911496506,0.0,39986.0,0.7526973278649983,0.0,0
0.9837825333710485,0.017744383239210567,174.0,1531.0,0.16486640305690708,0.8013654911496508,0.0,39986.0,0.7526973278649983,0.0,0
0.9839861971724823,0.017768988423832323,175.0,1532.0,0.16504546167371908,0.8013654911496509,0.0,39986.0,0.7526973278649983,0.0,0
0.9841634741081964,0.017768988423832323,176.0,1532.0,0.16522273860943318,0.8013654911496508,0.0,39986.0,0.7526973278649983,0.0,0
0.9844245827216707,0.017854584052945658,177.0,1536.0,0.1653982515937942,0.8013654911496508,0.0,39986.0,0.7526973278649983,0.0,0
0.9846229703793121,0.017879205124411848,178.0,1537.0,0.16557201817996936,0.8013654911496508,0.0,39986.0,0.7526973278649983,0.0,0
0.9847950079456631,0.017879205124411848,179.0,1537.0,0.16574405574632028,0.8013654911496512,0.0,39986.0,0.7526973278649983,0.0,0
0.984989965439964,0.01790383686687579,180.0,1538.0,0.16591438149815727,0.8013654911496512,0.0,39986.0,0.7526973278649983,0.0,0
0.98515859641128,0.01790383686687579,181.0,1538.0,0.16608301246947343,0.8013654911496509,0.0,39986.0,0.7526973278649983,0.0,0
0.9853255494664673,0.01790383686687579,182.0,1538.0,0.1662499655246607,0.8013654911496509,0.0,39986.0,0.7526973278649983,0.0,0
0.9854908413020154,0.01790383686687579,183.0,1538.0,0.16641525736020873,0.8013654911496509,0.0,39986.0,0.7526973278649983,0.0,0
0.9856544884481905,0.01790383686687579,184.0,1538.0,0.16657890450638388,0.8013654911496506,0.0,39986.0,0.7526973278649983,0.0,0
0.9858904660025453,0.01797779559872179,185.0,1541.0,0.16674092332889257,0.8013654911496508,0.0,39986.0,0.7526973278649983,0.0,0
0.9860583565634461,0.01798527945798943,186.0,1542.0,0.16690133003052576,0.8013654911496509,0.0,39986.0,0.7526973278649983,0.0,0
0.9862171671857081,0.01798527945798943,187.0,1542.0,0.1670601406527878,0.8013654911496509,0.0,39986.0,0.7526973278649983,0.0,0
0.9863990621071692,0.018009943954731687,188.0,1543.0,0.16721737107750664,0.801365491149651,0.0,39986.0,0.7526973278649983,0.0,0
0.9865547280580917,0.018009943954731687,189.0,1543.0,0.16737303702842926,0.8013654911496509,0.0,39986.0,0.7526973278649983,0.0,0
0.9867141993889235,0.01801529824119342,190.0,1544.0,0.16752715407279914,0.8013654911496509,0.0,39986.0,0.7526973278649983,0.0,0
0.9868914608938251,0.018039976195975613,191.0,1545.0,0.16767973762291868,0.8013654911496509,0.0,39986.0,0.7526973278649983,0.0,0
0.9870672085961752,0.01806465858354988,192.0,1546.0,0.16783080293769465,0.8013654911496508,0.0,39986.0,0.7526973278649983,0.0,0
0.9872167707826495,0.01806465858354988,193.0,1546.0,0.16798036512416875,0.8013654911496507,0.0,39986.0,0.7526973278649983,0.0,0
0.9873648447975127,0.01806465858354988,194.0,1546.0,0.168128439139032,0.8013654911496507,0.0,39986.0,0.7526973278649983,0.0,0
0.9875114454486047,0.01806465858354988,195.0,1546.0,0.16827503979012404,0.8013654911496509,0.0,39986.0,0.7526973278649983,0.0,0
0.9876812852933361,0.018089356480488553,196.0,1547.0,0.1684201817379166,0.8013654911496507,0.0,39986.0,0.7526973278649983,0.0,0
0.9878249830524027,0.018089356480488553,197.0,1547.0,0.16856387949698334,0.801365491149651,0.0,39986.0,0.7526973278649983,0.0,0
0.987967250992872,0.018089356480488553,198.0,1547.0,0.1687061474374527,0.8013654911496505,0.0,39986.0,0.7526973278649983,0.0,0
0.9881081033418679,0.018089356480488553,199.0,1547.0,0.1688469997864484,0.8013654911496508,0.0,39986.0,0.7526973278649983,0.0,0
0.9882722668431883,0.018114069138743784,200.0,1548.0,0.16898645062951367,0.8013654911496509,0.0,39986.0,0.7526973278649983,0.0,0
0.988410330125696,0.018114069138743784,201.0,1548.0,0.16912451391202135,0.8013654911496508,0.0,39986.0,0.7526973278649983,0.0,0
0.988547019654246,0.018114069138743784,202.0,1548.0,0.16926120344057133,0.8013654911496506,0.0,39986.0,0.7526973278649983,0.0,0
0.9886823490980461,0.018114069138743784,203.0,1548.0,0.16939653288437148,0.8013654911496509,0.0,39986.0,0.7526973278649983,0.0,0
0.9888410601257052,0.01813879727416729,204.0,1549.0,0.16953051577660708,0.8013654911496509,0.0,39986.0,0.7526973278649983,0.0,0
0.9889737098648927,0.01813879727416729,205.0,1549.0,0.16966316551579466,0.8013654911496509,0.0,39986.0,0.7526973278649983,0.0,0
0.9891050397162218,0.01813879727416729,206.0,1549.0,0.16979449536712352,0.801365491149651,0.0,39986.0,0.7526973278649983,0.0,0
0.989235062812881,0.01813879727416729,207.0,1549.0,0.16992451846378284,0.801365491149651,0.0,39986.0,0.7526973278649983,0.0,0
0.9893637921573748,0.01813879727416729,208.0,1549.0,0.1700532478082766,0.8013654911496509,0.0,39986.0,0.7526973278649983,0.0,0
0.9894912406228221,0.01813879727416729,209.0,1549.0,0.17018069627372387,0.8013654911496509,0.0,39986.0,0.7526973278649983,0.0,0
0.9896421689866008,0.01816354530652217,210.0,1550.0,0.17030687660514784,0.8013654911496507,0.0,39986.0,0.7526973278649983,0.0,0
0.9897918447446461,0.01818829624896493,211.0,1551.0,0.1704318014207503,0.8013654911496506,0.0,39986.0,0.7526973278649983,0.0,0
0.98991552653707,0.01818829624896493,212.0,1551.0,0.17055548321317415,0.8013654911496508,0.0,39986.0,0.7526973278649983,0.0,0
0.9900379776746497,0.01818829624896493,213.0,1551.0,0.17067793435075393,0.8013654911496508,0.0,39986.0,0.7526973278649983,0.0,0
0.9901839701220754,0.018213055968392147,214.0,1552.0,0.17079916707875242,0.8013654911496505,0.0,39986.0,0.7526973278649983,0.0,0
0.99032876149807,0.018237820902553083,215.0,1553.0,0.1709191935205862,0.8013654911496506,0.0,39986.0,0.7526973278649983,0.0,0
0.9904475936565217,0.018237820902553083,216.0,1553.0,0.17103802567903767,0.8013654911496509,0.0,39986.0,0.7526973278649983,0.0,0
0.9905678934438724,0.01824047093148468,217.0,1554.0,0.17115567543745697,0.8013654911496508,0.0,39986.0,0.7526973278649983,0.0,0
0.9906961971363248,0.018252295500444715,218.0,1555.0,0.17127215456094927,0.8013654911496506,0.0,39986.0,0.7526973278649983,0.0,0
0.990811517272928,0.018252295500444715,219.0,1555.0,0.17138747469755247,0.8013654911496509,0.0,39986.0,0.7526973278649983,0.0,0
0.9909752519571076,0.018301857502774244,220.0,1557.0,0.1715016473794025,0.8013654911496509,0.0,39986.0,0.7526973278649983,0.0,0
0.9910923874001261,0.01830595630130949,221.0,1558.0,0.17161468402388563,0.8013654911496509,0.0,39986.0,0.7526973278649983,0.0,0
0.9912042993110224,0.01830595630130949,222.0,1558.0,0.17172659593478198,0.8013654911496509,0.0,39986.0,0.7526973278649983,0.0,0
0.9913150976796352,0.01830595630130949,223.0,1558.0,0.17183739430339495,0.8013654911496504,0.0,39986.0,0.7526973278649983,0.0,0
0.9914247935859112,0.01830595630130949,224.0,1558.0,0.1719470902096709,0.8013654911496507,0.0,39986.0,0.7526973278649983,0.0,0
0.9915352615188165,0.018307819820577928,225.0,1559.0,0.17205569462330758,0.8013654911496506,0.0,39986.0,0.7526973278649983,0.0,0
0.9916923827308647,0.018357417251082524,226.0,1561.0,0.17216321840485135,0.8013654911496506,0.0,39986.0,0.7526973278649983,0.0,0
0.9918106745940312,0.01836925521231799,227.0,1562.0,0.17226967230678228,0.8013654911496508,0.0,39986.0,0.7526973278649983,0.0,0
0.9919408741020347,0.018394060052512526,228.0,1563.0,0.17237506697459123,0.801365491149651,0.0,39986.0,0.7526973278649983,0.0,0
0.9920570603323207,0.01840590030954658,229.0,1564.0,0.1724794129478433,0.8013654911496504,0.0,39986.0,0.7526973278649983,0.0,0
0.9921603680457096,0.01840590030954658,230.0,1564.0,0.17258272066123212,0.8013654911496506,0.0,39986.0,0.7526973278649983,0.0,0
0.9922874619528613,0.01843071443230678,231.0,1565.0,0.17268500044562382,0.8013654911496508,0.0,39986.0,0.7526973278649983,0.0,0
0.9923887240363275,0.01843071443230678,232.0,1565.0,0.1727862625290898,0.801365491149651,0.0,39986.0,0.7526973278649983,0.0,0
0.9924889785451675,0.01843071443230678,233.0,1565.0,0.17288651703792984,0.8013654911496505,0.0,39986.0,0.7526973278649983,0.0,0
0.9925882355049225,0.01843071443230678,234.0,1565.0,0.17298577399768478,0.8013654911496507,0.0,39986.0,0.7526973278649983,0.0,0
0.9927113300746666,0.018455539665596807,235.0,1566.0,0.173084043334139,0.8013654911496505,0.0,39986.0,0.7526973278649983,0.0,0
0.9928127276145704,0.018459645665326232,236.0,1567.0,0.1731813348743133,0.8013654911496509,0.0,39986.0,0.7526973278649983,0.0,0
0.9929165881539276,0.018467182731549146,237.0,1568.0,0.1732776583474476,0.8013654911496509,0.0,39986.0,0.7526973278649983,0.0,0
0.9930119531924535,0.018467182731549146,238.0,1568.0,0.17337302338597355,0.8013654911496507,0.0,39986.0,0.7526973278649983,0.0,0
0.9931560399577372,0.018516853356327682,239.0,1570.0,0.1734674395264784,0.8013654911496512,0.0,39986.0,0.7526973278649983,0.0,0
0.993262446507503,0.018529783221913714,240.0,1572.0,0.17356091621065844,0.8013654911496507,0.0,39986.0,0.7526973278649983,0.0,0
0.9933549930831077,0.018529783221913714,241.0,1572.0,0.17365346278626312,0.8013654911496508,0.0,39986.0,0.7526973278649983,0.0,0
0.9934478146977518,0.0185309791147909,242.0,1573.0,0.17374508850802997,0.8013654911496512,0.0,39986.0,0.7526973278649983,0.0,0
0.9935385287283318,0.0185309791147909,243.0,1573.0,0.1738358025386101,0.8013654911496504,0.0,39986.0,0.7526973278649983,0.0,0
0.9936283401392063,0.0185309791147909,244.0,1573.0,0.1739256139494845,0.8013654911496508,0.0,39986.0,0.7526973278649983,0.0,0
0.993718853683842,0.01853257488703985,245.0,1574.0,0.17401453172187137,0.8013654911496509,0.0,39986.0,0.7526973278649983,0.0,0
0.9938684551487601,0.018594143326205615,246.0,1577.0,0.17410256474762373,0.8013654911496508,0.0,39986.0,0.7526973278649983,0.0,0
0.993955612231256,0.018594143326205615,247.0,1577.0,0.17418972183011944,0.8013654911496512,0.0,39986.0,0.7526973278649983,0.0,0
0.9940578774529131,0.018610118692841363,248.0,1579.0,0.17427601168514084,0.8013654911496505,0.0,39986.0,0.7526973278649983,0.0,0
0.994143308709519,0.018610118692841363,249.0,1579.0,0.17436144294174677,0.8013654911496508,0.0,39986.0,0.7526973278649983,0.0,0
0.9942278899109075,0.018610118692841363,250.0,1579.0,0.1744460241431354,0.8013654911496505,0.0,39986.0,0.7526973278649983,0.0,0
0.9943116295152707,0.018610118692841363,251.0,1579.0,0.17452976374749848,0.8013654911496509,0.0,39986.0,0.7526973278649983,0.0,0
0.9943945358966396,0.018610118692841363,252.0,1579.0,0.17461267012886741,0.8013654911496506,0.0,39986.0,0.7526973278649983,0.0,0
0.9945014878539913,0.018634989201110272,253.0,1580.0,0.1746947515779501,0.8013654911496509,0.0,39986.0,0.7526973278649983,0.0,0
0.9945827525790022,0.018634989201110272,254.0,1580.0,0.17477601630296113,0.8013654911496507,0.0,39986.0,0.7526973278649983,0.0,0
0.9946632087064822,0.018634989201110272,255.0,1580.0,0.17485647243044106,0.8013654911496507,0.0,39986.0,0.7526973278649983,0.0,0
0.9947677414831178,0.018659866402116213,256.0,1581.0,0.17493612800607072,0.8013654911496508,0.0,39986.0,0.7526973278649983,0.0,0
0.9948466044725215,0.018659866402116213,257.0,1581.0,0.17501499099547443,0.8013654911496506,0.0,39986.0,0.7526973278649983,0.0,0
0.9949246827620648,0.018659866402116213,258.0,1581.0,0.17509306928501772,0.8013654911496506,0.0,39986.0,0.7526973278649983,0.0,0
0.9950517497073436,0.018709631949817784,259.0,1583.0,0.17517037068259494,0.8013654911496509,0.0,39986.0,0.7526973278649983,0.0,0
0.995153167598156,0.018734517604814465,260.0,1584.0,0.1752469029184107,0.8013654911496507,0.0,39986.0,0.7526973278649983,0.0,0
0.9952289383254983,0.018734517604814465,261.0,1584.0,0.1753226736457529,0.8013654911496509,0.0,39986.0,0.7526973278649983,0.0,0
0.995303955121503,0.018734517604814465,262.0,1584.0,0.17539769044175782,0.8013654911496509,0.0,39986.0,0.7526973278649983,0.0,0
0.9953782254879132,0.018734517604814465,263.0,1584.0,0.17547196080816788,0.8013654911496509,0.0,39986.0,0.7526973278649983,0.0,0
0.9954517568518272,0.018734517604814465,264.0,1584.0,0.17554549217208182,0.801365491149651,0.0,39986.0,0.7526973278649983,0.0,0
0.9955245565664432,0.018734517604814465,265.0,1584.0,0.1756182918866978,0.8013654911496512,0.0,39986.0,0.7526973278649983,0.0,0
0.9955966319117934,0.018734517604814465,266.0,1584.0,0.17569036723204806,0.8013654911496507,0.0,39986.0,0.7526973278649983,0.0,0
0.9956679900954728,0.018734517604814465,267.0,1584.0,0.17576172541572757,0.8013654911496509,0.0,39986.0,0.7526973278649983,0.0,0
0.9957386382533594,0.018734517604814465,268.0,1584.0,0.17583237357361411,0.8013654911496507,0.0,39986.0,0.7526973278649983,0.0,0
0.9958085834503282,0.018734517604814465,269.0,1584.0,0.17590231877058282,0.8013654911496506,0.0,39986.0,0.7526973278649983,0.0,0
0.9958853920864326,0.01874207701028992,270.0,1585.0,0.17597156800121172,0.8013654911496509,0.0,39986.0,0.7526973278649983,0.0,0
0.9959539522757026,0.01874207701028992,271.0,1585.0,0.17604012819048181,0.8013654911496508,0.0,39986.0,0.7526973278649983,0.0,0
0.9960218302796899,0.01874207701028992,272.0,1585.0,0.17610800619446926,0.8013654911496507,0.0,39986.0,0.7526973278649983,0.0,0
0.9960890328862517,0.01874207701028992,273.0,1585.0,0.17617520880103102,0.8013654911496507,0.0,39986.0,0.7526973278649983,0.0,0
0.9961555668157048,0.01874207701028992,274.0,1585.0,0.1762417427304841,0.8013654911496509,0.0,39986.0,0.7526973278649983,0.0,0
0.9962214387214976,0.01874207701028992,275.0,1585.0,0.17630761463627684,0.8013654911496509,0.0,39986.0,0.7526973278649983,0.0,0
0.9962866551908757,0.01874207701028992,276.0,1585.0,0.17637283110565494,0.8013654911496508,0.0,39986.0,0.7526973278649983,0.0,0
0.9963512227455403,0.01874207701028992,277.0,1585.0,0.17643739866031963,0.8013654911496508,0.0,39986.0,0.7526973278649983,0.0,0
0.9964725485838964,0.018799477751885396,278.0,1588.0,0.1765013237570803,0.8013654911496508,0.0,39986.0,0.7526973278649983,0.0,0
0.9965358376153163,0.018799477751885396,279.0,1588.0,0.1765646127885001,0.8013654911496508,0.0,39986.0,0.7526973278649983,0.0,0
0.996598496910351,0.018799477751885396,280.0,1588.0,0.1766272720835348,0.8013654911496508,0.0,39986.0,0.7526973278649983,0.0,0
0.9966605327349825,0.018799477751885396,281.0,1588.0,0.17668930790816625,0.8013654911496509,0.0,39986.0,0.7526973278649983,0.0,0
0.9967219512928449,0.018799477751885396,282.0,1588.0,0.17675072646602868,0.8013654911496506,0.0,39986.0,0.7526973278649983,0.0,0
0.9968076869019884,0.01882440592802862,283.0,1589.0,0.176811533899029,0.8013654911496508,0.0,39986.0,0.7526973278649983,0.0,0
0.9968678892909208,0.01882440592802862,284.0,1589.0,0.17687173628796138,0.8013654911496508,0.0,39986.0,0.7526973278649983,0.0,0
0.9969274926560743,0.01882440592802862,285.0,1589.0,0.17693133965311478,0.8013654911496509,0.0,39986.0,0.7526973278649983,0.0,0
0.9969865029578351,0.01882440592802862,286.0,1589.0,0.1769903499548756,0.8013654911496506,0.0,39986.0,0.7526973278649983,0.0,0
0.9970449260972826,0.01882440592802862,287.0,1589.0,0.17704877309432315,0.8013654911496507,0.0,39986.0,0.7526973278649983,0.0,0
0.9971027679167794,0.01882440592802862,288.0,1589.0,0.17710661491381993,0.8013654911496507,0.0,39986.0,0.7526973278649983,0.0,0
0.9971614153790006,0.01882578710647363,289.0,1590.0,0.17716388119759627,0.8013654911496505,0.0,39986.0,0.7526973278649983,0.0,0
0.9972181118537328,0.01882578710647363,290.0,1590.0,0.17722057767232832,0.8013654911496509,0.0,39986.0,0.7526973278649983,0.0,0
0.9972742441891151,0.01882578710647363,291.0,1590.0,0.1772767100077107,0.8013654911496508,0.0,39986.0,0.7526973278649983,0.0,0
0.9973298179984285,0.01882578710647363,292.0,1590.0,0.17733228381702387,0.801365491149651,0.0,39986.0,0.7526973278649983,0.0,0
0.9973848388390995,0.01882578710647363,293.0,1590.0,0.177387304657695,0.8013654911496509,0.0,39986.0,0.7526973278649983,0.0,0
0.9974393122132585,0.01882578710647363,294.0,1590.0,0.17744177803185407,0.8013654911496506,0.0,39986.0,0.7526973278649983,0.0,0
0.9974932435682884,0.01882578710647363,295.0,1590.0,0.1774957093868839,0.801365491149651,0.0,39986.0,0.7526973278649983,0.0,0
0.9975466382973693,0.01882578710647363,296.0,1590.0,0.17754910411596486,0.8013654911496506,0.0,39986.0,0.7526973278649983,0.0,0
0.9975995017400189,0.01882578710647363,297.0,1590.0,0.1776019675586145,0.8013654911496507,0.0,39986.0,0.7526973278649983,0.0,0
0.9976518391826257,0.01882578710647363,298.0,1590.0,0.17765430500122112,0.8013654911496508,0.0,39986.0,0.7526973278649983,0.0,0
0.997703655858977,0.01882578710647363,299.0,1590.0,0.17770612167757258,0.8013654911496509,0.0,39986.0,0.7526973278649983,0.0,0
0.9977549569507842,0.01882578710647363,300.0,1590.0,0.17775742276937975,0.8013654911496508,0.0,39986.0,0.7526973278649983,0.0,0
0.9978057475881987,0.01882578710647363,301.0,1590.0,0.17780821340679434,0.8013654911496506,0.0,39986.0,0.7526973278649983,0.0,0
0.9978560328503273,0.01882578710647363,302.0,1590.0,0.1778584986689228,0.8013654911496509,0.0,39986.0,0.7526973278649983,0.0,0
0.9979058177657374,0.01882578710647363,303.0,1590.0,0.17790828358433294,0.8013654911496509,0.0,39986.0,0.7526973278649983,0.0,0
0.9979551073129626,0.01882578710647363,304.0,1590.0,0.177957573131558,0.8013654911496508,0.0,39986.0,0.7526973278649983,0.0,0
0.9980288647723428,0.018850745457818195,305.0,1591.0,0.17800637223959365,0.8013654911496509,0.0,39986.0,0.7526973278649983,0.0,0
0.9980771783211404,0.018850745457818195,306.0,1591.0,0.17805468578839143,0.8013654911496509,0.0,39986.0,0.7526973278649983,0.0,0
0.9981250111420954,0.018850745457818195,307.0,1591.0,0.1781025186093464,0.8013654911496506,0.0,39986.0,0.7526973278649983,0.0,0
0.9981723680185298,0.018850745457818195,308.0,1591.0,0.17814987548578065,0.8013654911496508,0.0,39986.0,0.7526973278649983,0.0,0
0.9982192536861703,0.018850745457818195,309.0,1591.0,0.17819676115342123,0.8013654911496505,0.0,39986.0,0.7526973278649983,0.0,0
0.9982775879831233,0.018862660607318407,310.0,1592.0,0.17824318030087402,0.8013654911496508,0.0,39986.0,0.7526973278649983,0.0,0
0.9983235452523416,0.018862660607318407,311.0,1592.0,0.17828913757009235,0.801365491149651,0.0,39986.0,0.7526973278649983,0.0,0
0.9983690452390909,0.018862660607318407,312.0,1592.0,0.1783346375568415,0.8013654911496508,0.0,39986.0,0.7526973278649983,0.0,0
0.9984140924934074,0.018862660607318407,313.0,1592.0,0.17837968481115807,0.8013654911496508,0.0,39986.0,0.7526973278649983,0.0,0
0.9984586915200543,0.018862660607318407,314.0,1592.0,0.1784242838378051,0.8013654911496507,0.0,39986.0,0.7526973278649983,0.0,0
0.9985028467789714,0.018862660607318407,315.0,1592.0,0.17846843909672216,0.8013654911496506,0.0,39986.0,0.7526973278649983,0.0,0
0.9985465626857216,0.018862660607318407,316.0,1592.0,0.17851215500347228,0.801365491149651,0.0,39986.0,0.7526973278649983,0.0,0
0.9985898436119317,0.018862660607318407,317.0,1592.0,0.17855543592968243,0.8013654911496509,0.0,39986.0,0.7526973278649983,0.0,0
0.9986326938857305,0.018862660607318407,318.0,1592.0,0.17859828620348125,0.8013654911496504,0.0,39986.0,0.7526973278649983,0.0,0
0.9986751177921812,0.018862660607318407,319.0,1592.0,0.17864071010993185,0.8013654911496509,0.0,39986.0,0.7526973278649983,0.0,0
0.9987420952428093,0.01888763627641834,320.0,1593.0,0.1786827118914602,0.8013654911496508,0.0,39986.0,0.7526973278649983,0.0,0
0.9988336350198744,0.018937592196664015,321.0,1595.0,0.1787242957482796,0.8013654911496507,0.0,39986.0,0.7526973278649983,0.0,0
0.9988748051104053,0.018937592196664015,322.0,1595.0,0.17876546583881028,0.8013654911496509,0.0,39986.0,0.7526973278649983,0.0,0
0.9989155655516904,0.018937592196664015,323.0,1595.0,0.17880622628009563,0.8013654911496508,0.0,39986.0,0.7526973278649983,0.0,0
0.9989559204198084,0.018937592196664015,324.0,1595.0,0.17884658114821353,0.8013654911496507,0.0,39986.0,0.7526973278649983,0.0,0
0.9989958737502797,0.018937592196664015,325.0,1595.0,0.17888653447868477,0.8013654911496506,0.0,39986.0,0.7526973278649983,0.0,0
0.9990354295384705,0.018937592196664015,326.0,1595.0,0.1789260902668756,0.8013654911496506,0.0,39986.0,0.7526973278649983,0.0,0
0.9990745917399926,0.018937592196664015,327.0,1595.0,0.17896525246839767,0.8013654911496506,0.0,39986.0,0.7526973278649983,0.0,0
0.9991133642710988,0.018937592196664015,328.0,1595.0,0.17900402499950382,0.8013654911496508,0.0,39986.0,0.7526973278649983,0.0,0
0.9991517510090745,0.018937592196664015,329.0,1595.0,0.17904241173747965,0.8013654911496507,0.0,39986.0,0.7526973278649983,0.0,0
0.9991897557926256,0.018937592196664015,330.0,1595.0,0.17908041652103063,0.8013654911496509,0.0,39986.0,0.7526973278649983,0.0,0
0.9992273824222617,0.018937592196664015,331.0,1595.0,0.17911804315066696,0.8013654911496509,0.0,39986.0,0.7526973278649983,0.0,0
0.9992646346606778,0.018937592196664015,332.0,1595.0,0.17915529538908304,0.8013654911496509,0.0,39986.0,0.7526973278649983,0.0,0
0.9993015162331284,0.018937592196664015,333.0,1595.0,0.17919217696153353,0.8013654911496508,0.0,39986.0,0.7526973278649983,0.0,0
0.999363022751375,0.018962584120237533,334.0,1596.0,0.17922869155620652,0.8013654911496509,0.0,39986.0,0.7526973278649983,0.0,0
0.9993991740197606,0.018962584120237533,335.0,1596.0,0.17926484282459215,0.8013654911496508,0.0,39986.0,0.7526973278649983,0.0,0
0.9994349655770154,0.018962584120237533,336.0,1596.0,0.17930063438184704,0.8013654911496505,0.0,39986.0,0.7526973278649983,0.0,0
0.9994704010023252,0.018962584120237533,337.0,1596.0,0.17933606980715683,0.8013654911496509,0.0,39986.0,0.7526973278649983,0.0,0
0.9995054838392621,0.018962584120237533,338.0,1596.0,0.17937115264409365,0.801365491149651,0.0,39986.0,0.7526973278649983,0.0,0
0.9995402175961386,0.018962584120237533,339.0,1596.0,0.17940588640097033,0.8013654911496509,0.0,39986.0,0.7526973278649983,0.0,0
0.99957460574636,0.018962584120237533,340.0,1596.0,0.17944027455119166,0.8013654911496506,0.0,39986.0,0.7526973278649983,0.0,0
0.9996086517287698,0.018962584120237533,341.0,1596.0,0.17947432053360124,0.8013654911496512,0.0,39986.0,0.7526973278649983,0.0,0
0.999667358373024,0.018987583545267684,342.0,1597.0,0.1795080277528256,0.8013654911496508,0.0,39986.0,0.7526973278649983,0.0,0
0.9997007301998133,0.018987583545267684,343.0,1597.0,0.1795413995796148,0.8013654911496506,0.0,39986.0,0.7526973278649983,0.0,0
0.9997337699713779,0.018987583545267684,344.0,1597.0,0.17957443935117942,0.8013654911496509,0.0,39986.0,0.7526973278649983,0.0,0
0.9997664809917226,0.018987583545267684,345.0,1597.0,0.17960715037152408,0.8013654911496508,0.0,39986.0,0.7526973278649983,0.0,0
0.9997988665319768,0.018987583545267684,346.0,1597.0,0.17963953591177811,0.8013654911496512,0.0,39986.0,0.7526973278649983,0.0,0
0.999830929830721,0.018987583545267684,347.0,1597.0,0.1796715992105224,0.801365491149651,0.0,39986.0,0.7526973278649983,0.0,0
0.9998626740943123,0.018987583545267684,348.0,1597.0,0.1797033434741137,0.801365491149651,0.0,39986.0,0.7526973278649983,0.0,0
0.9998941024972033,0.018987583545267684,349.0,1597.0,0.17973477187700473,0.8013654911496507,0.0,39986.0,0.7526973278649983,0.0,0
0.9999252181822604,0.018987583545267684,350.0,1597.0,0.17976588756206202,0.8013654911496509,0.0,39986.0,0.7526973278649983,0.0,0
0.9999560242610785,0.018987583545267684,351.0,1597.0,0.17979669364087988,0.8013654911496508,0.0,39986.0,0.7526973278649983,0.0,0
0.9999865238142905,0.018987583545267684,352.0,1597.0,0.17982719319409202,0.8013654911496506,0.0,39986.0,0.7526973278649983,0.0,0
1.0000286563270921,0.018999519980482094,353.0,1598.0,0.17985738927167924,0.8013654911496506,0.0,39986.0,0.7526973278649983,0.0,0
1.0000585519486873,0.018999519980482094,354.0,1598.0,0.17988728489327427,0.8013654911496507,0.0,39986.0,0.7526973278649983,0.0,0
1.000088150103877,0.018999519980482094,355.0,1598.0,0.17991688304846415,0.8013654911496508,0.0,39986.0,0.7526973278649983,0.0,0
1.00014246488198,0.01902453110996,356.0,1599.0,0.17994618669708934,0.8013654911496509,0.0,39986.0,0.7526973278649983,0.0,0
1.0001714769544297,0.01902453110996,357.0,1599.0,0.17997519876953888,0.8013654911496509,0.0,39986.0,0.7526973278649983,0.0,0
1.000200200351935,0.01902453110996,358.0,1599.0,0.18000392216704417,0.8013654911496506,0.0,39986.0,0.7526973278649983,0.0,0
1.0002536523929835,0.01904954555608351,359.0,1600.0,0.18003235976196913,0.8013654911496508,0.0,39986.0,0.7526973278649983,0.0,0
1.000281807029111,0.01904954555608351,360.0,1600.0,0.18006051439809667,0.8013654911496509,0.0,39986.0,0.7526973278649983,0.0,0
1.0003096815219283,0.01904954555608351,361.0,1600.0,0.1800883888909142,0.8013654911496506,0.0,39986.0,0.7526973278649983,0.0,0
1.0003372786589084,0.01904954555608351,362.0,1600.0,0.180115986027894,0.8013654911496509,0.0,39986.0,0.7526973278649983,0.0,0
1.000364601199787,0.01904954555608351,363.0,1600.0,0.18014330856877264,0.8013654911496508,0.0,39986.0,0.7526973278649983,0.0,0
1.0003916518768416,0.01904954555608351,364.0,1600.0,0.18017035924582725,0.8013654911496506,0.0,39986.0,0.7526973278649983,0.0,0
1.0004184333951625,0.01904954555608351,365.0,1600.0,0.18019714076414795,0.8013654911496509,0.0,39986.0,0.7526973278649983,0.0,0
1.0004449484329234,0.01904954555608351,366.0,1600.0,0.1802236558019089,0.8013654911496509,0.0,39986.0,0.7526973278649983,0.0,0
1.0004711996416504,0.01904954555608351,367.0,1600.0,0.18024990701063606,0.8013654911496506,0.0,39986.0,0.7526973278649983,0.0,0
1.0004971896464865,0.01904954555608351,368.0,1600.0,0.18027589701547211,0.801365491149651,0.0,39986.0,0.7526973278649983,0.0,0
1.0005229210464535,0.01904954555608351,369.0,1600.0,0.18030162841543898,0.801365491149651,0.0,39986.0,0.7526973278649983,0.0,0
1.0005483964147128,0.01904954555608351,370.0,1600.0,0.18032710378369857,0.8013654911496505,0.0,39986.0,0.7526973278649983,0.0,0
1.0005736182988227,0.01904954555608351,371.0,1600.0,0.18035232566780846,0.8013654911496504,0.0,39986.0,0.7526973278649983,0.0,0
1.0005985892209928,0.01904954555608351,372.0,1600.0,0.18037729658997853,0.8013654911496509,0.0,39986.0,0.7526973278649983,0.0,0
1.0006233116783356,0.01904954555608351,373.0,1600.0,0.18040201904732145,0.8013654911496508,0.0,39986.0,0.7526973278649983,0.0,0
1.000647788143118,0.01904954555608351,374.0,1600.0,0.18042649551210352,0.8013654911496508,0.0,39986.0,0.7526973278649983,0.0,0
1.0006970463644331,0.019074570857510454,375.0,1601.0,0.18045072843199197,0.8013654911496508,0.0,39986.0,0.7526973278649983,0.0,0
1.00072103816274,0.019074570857510454,376.0,1601.0,0.1804747202302988,0.8013654911496508,0.0,39986.0,0.7526973278649983,0.0,0
1.0007447912386649,0.019074570857510454,377.0,1601.0,0.18049847330622365,0.8013654911496505,0.0,39986.0,0.7526973278649983,0.0,0
1.0007683079675356,0.019074570857510454,378.0,1601.0,0.1805219900350942,0.8013654911496508,0.0,39986.0,0.7526973278649983,0.0,0
1.0007915907010443,0.019074570857510454,379.0,1601.0,0.18054527276860285,0.8013654911496509,0.0,39986.0,0.7526973278649983,0.0,0
1.0008146417674837,0.019074570857510454,380.0,1601.0,0.1805683238350423,0.8013654911496508,0.0,39986.0,0.7526973278649983,0.0,0
1.0008374634719797,0.019074570857510454,381.0,1601.0,0.18059114553953834,0.8013654911496506,0.0,39986.0,0.7526973278649983,0.0,0
1.000860058096722,0.019074570857510454,382.0,1601.0,0.18061374016428064,0.8013654911496507,0.0,39986.0,0.7526973278649983,0.0,0
1.000932488619965,0.019124631576283985,383.0,1603.0,0.18063610996875018,0.8013654911496509,0.0,39986.0,0.7526973278649983,0.0,0
1.0009546358411614,0.019124631576283985,384.0,1603.0,0.18065825718994646,0.8013654911496509,0.0,39986.0,0.7526973278649983,0.0,0
1.0009765626938245,0.019124631576283985,385.0,1603.0,0.18068018404260971,0.8013654911496506,0.0,39986.0,0.7526973278649983,0.0,0
1.0009982713706582,0.019124631576283985,386.0,1603.0,0.1807018927194436,0.8013654911496508,0.0,39986.0,0.7526973278649983,0.0,0
1.0010197640425489,0.019124631576283985,387.0,1603.0,0.18072338539133403,0.8013654911496509,0.0,39986.0,0.7526973278649983,0.0,0
1.0010410428587806,0.019124631576283985,388.0,1603.0,0.18074466420756582,0.8013654911496509,0.0,39986.0,0.7526973278649983,0.0,0
1.0010621099472534,0.019124631576283985,389.0,1603.0,0.18076573129603857,0.8013654911496506,0.0,39986.0,0.7526973278649983,0.0,0
1.0010829674146935,0.019124631576283985,390.0,1603.0,0.18078658876347858,0.801365491149651,0.0,39986.0,0.7526973278649983,0.0,0
1.0011036173468648,0.019124631576283985,391.0,1603.0,0.18080723869565,0.8013654911496504,0.0,39986.0,0.7526973278649983,0.0,0
1.0011240618087782,0.019124631576283985,392.0,1603.0,0.1808276831575632,0.8013654911496509,0.0,39986.0,0.7526973278649983,0.0,0
1.0011443028448963,0.019124631576283985,393.0,1603.0,0.18084792419368154,0.8013654911496505,0.0,39986.0,0.7526973278649983,0.0,0
1.0011643424793402,0.019124631576283985,394.0,1603.0,0.18086796382812528,0.8013654911496507,0.0,39986.0,0.7526973278649983,0.0,0
1.0011841827160897,0.019124631576283985,395.0,1603.0,0.18088780406487484,0.8013654911496508,0.0,39986.0,0.7526973278649983,0.0,0
1.001203825539185,0.019124631576283985,396.0,1603.0,0.1809074468879703,0.8013654911496505,0.0,39986.0,0.7526973278649983,0.0,0
1.001223272912925,0.019124631576283985,397.0,1603.0,0.18092689426171019,0.8013654911496507,0.0,39986.0,0.7526973278649983,0.0,0
1.0012425267820633,0.019124631576283985,398.0,1603.0,0.18094614813084833,0.8013654911496512,0.0,39986.0,0.7526973278649983,0.0,0
1.0012615890720022,0.019124631576283985,399.0,1603.0,0.1809652104207876,0.8013654911496509,0.0,39986.0,0.7526973278649983,0.0,0
1.0012804616889877,0.019124631576283985,400.0,1603.0,0.1809840830377728,0.8013654911496508,0.0,39986.0,0.7526973278649983,0.0,0
1.0013067472289434,0.019132232284931366,401.0,1604.0,0.18100276786908126,0.8013654911496508,0.0,39986.0,0.7526973278649983,0.0,0
1.0013252461430742,0.019132232284931366,402.0,1604.0,0.18102126678321204,0.8013654911496505,0.0,39986.0,0.7526973278649983,0.0,0
1.001343560989934,0.019132232284931366,403.0,1604.0,0.18103958163007172,0.801365491149651,0.0,39986.0,0.7526973278649983,0.0,0
1.0013649791351997,0.019135517819108636,404.0,1605.0,0.18105771424116027,0.8013654911496508,0.0,39986.0,0.7526973278649983,0.0,0
1.0013829313237934,0.019135517819108636,405.0,1605.0,0.1810756664297539,0.8013654911496509,0.0,39986.0,0.7526973278649983,0.0,0
1.001400704885126,0.019135517819108636,406.0,1605.0,0.18109343999108635,0.8013654911496507,0.0,39986.0,0.7526973278649983,0.0,0
1.0014183015965683,0.019135517819108636,407.0,1605.0,0.18111103670252882,0.8013654911496509,0.0,39986.0,0.7526973278649983,0.0,0
1.0014357232178064,0.019135517819108636,408.0,1605.0,0.18112845832376698,0.8013654911496506,0.0,39986.0,0.7526973278649983,0.0,0
1.0014529714910168,0.019135517819108636,409.0,1605.0,0.18114570659697746,0.8013654911496508,0.0,39986.0,0.7526973278649983,0.0,0
1.0014700481410412,0.019135517819108636,410.0,1605.0,0.1811627832470019,0.8013654911496506,0.0,39986.0,0.7526973278649983,0.0,0
1.0014923900551875,0.01914095299873705,411.0,1606.0,0.18117968998151962,0.8013654911496509,0.0,39986.0,0.7526973278649983,0.0,0
1.001509128564886,0.01914095299873705,412.0,1606.0,0.18119642849121811,0.8013654911496506,0.0,39986.0,0.7526973278649983,0.0,0
1.0015257005236304,0.01914095299873705,413.0,1606.0,0.1812130004499624,0.8013654911496509,0.0,39986.0,0.7526973278649983,0.0,0
1.0015421075886297,0.01914095299873705,414.0,1606.0,0.1812294075149619,0.8013654911496507,0.0,39986.0,0.7526973278649983,0.0,0
1.0015583514006048,0.01914095299873705,415.0,1606.0,0.18124565132693704,0.8013654911496506,0.0,39986.0,0.7526973278649983,0.0,0
1.0015744335839505,0.01914095299873705,416.0,1606.0,0.18126173351028252,0.8013654911496507,0.0,39986.0,0.7526973278649983,0.0,0
1.0015903557468981,0.01914095299873705,417.0,1606.0,0.18127765567323012,0.8013654911496506,0.0,39986.0,0.7526973278649983,0.0,0
1.0016061194816772,0.01914095299873705,418.0,1606.0,0.18129341940800922,0.8013654911496508,0.0,39986.0,0.7526973278649983,0.0,0
1.0016217263646745,0.01914095299873705,419.0,1606.0,0.18130902629100648,0.8013654911496507,0.0,39986.0,0.7526973278649983,0.0,0
1.0016371779565914,0.01914095299873705,420.0,1606.0,0.1813244778829234,0.8013654911496509,0.0,39986.0,0.7526973278649983,0.0,0
1.0016524758025998,0.01914095299873705,421.0,1606.0,0.1813397757289318,0.8013654911496506,0.0,39986.0,0.7526973278649983,0.0,0
1.001667621432497,0.01914095299873705,422.0,1606.0,0.18135492135882916,0.8013654911496509,0.0,39986.0,0.7526973278649983,0.0,0
1.001682616360859,0.01914095299873705,423.0,1606.0,0.18136991628719099,0.8013654911496506,0.0,39986.0,0.7526973278649983,0.0,0
1.0016974620871908,0.01914095299873705,424.0,1606.0,0.18138476201352288,0.8013654911496506,0.0,39986.0,0.7526973278649983,0.0,0
1.0017121600960774,0.01914095299873705,425.0,1606.0,0.18139946002240948,0.8013654911496508,0.0,39986.0,0.7526973278649983,0.0,0
1.001726711857332,0.01914095299873705,426.0,1606.0,0.18141401178366423,0.8013654911496507,0.0,39986.0,0.7526973278649983,0.0,0
1.0017411188261431,0.01914095299873705,427.0,1606.0,0.1814284187524752,0.8013654911496507,0.0,39986.0,0.7526973278649983,0.0,0
1.0017553824432193,0.01914095299873705,428.0,1606.0,0.18144268236955138,0.8013654911496509,0.0,39986.0,0.7526973278649983,0.0,0
1.0017695041349342,0.01914095299873705,429.0,1606.0,0.18145680406126616,0.8013654911496507,0.0,39986.0,0.7526973278649983,0.0,0
1.0017834853134686,0.01914095299873705,430.0,1606.0,0.1814707852398007,0.8013654911496508,0.0,39986.0,0.7526973278649983,0.0,0
1.0017973273769525,0.01914095299873705,431.0,1606.0,0.18148462730328457,0.8013654911496506,0.0,39986.0,0.7526973278649983,0.0,0
1.0018110317096034,0.01914095299873705,432.0,1606.0,0.18149833163593543,0.8013654911496512,0.0,39986.0,0.7526973278649983,0.0,0
1.0018245996818658,0.01914095299873705,433.0,1606.0,0.18151189960819797,0.8013654911496509,0.0,39986.0,0.7526973278649983,0.0,0
1.0018380326505487,0.01914095299873705,434.0,1606.0,0.18152533257688097,0.8013654911496504,0.0,39986.0,0.7526973278649983,0.0,0
1.0018513319589601,0.01914095299873705,435.0,1606.0,0.18153863188529226,0.8013654911496509,0.0,39986.0,0.7526973278649983,0.0,0
1.0018644989370418,0.01914095299873705,436.0,1606.0,0.18155179886337386,0.8013654911496509,0.0,39986.0,0.7526973278649983,0.0,0
1.0018775349015023,0.01914095299873705,437.0,1606.0,0.18156483482783445,0.8013654911496507,0.0,39986.0,0.7526973278649983,0.0,0
1.0018904411559495,0.01914095299873705,438.0,1606.0,0.18157774108228145,0.8013654911496506,0.0,39986.0,0.7526973278649983,0.0,0
1.0019032189910189,0.01914095299873705,439.0,1606.0,0.1815905189173511,0.8013654911496504,0.0,39986.0,0.7526973278649983,0.0,0
1.0019158696845052,0.01914095299873705,440.0,1606.0,0.18160316961083736,0.8013654911496506,0.0,39986.0,0.7526973278649983,0.0,0
1.0019283945014883,0.01914095299873705,441.0,1606.0,0.1816156944278203,0.8013654911496512,0.0,39986.0,0.7526973278649983,0.0,0
1.00194079469446,0.01914095299873705,442.0,1606.0,0.18162809462079205,0.8013654911496508,0.0,39986.0,0.7526973278649983,0.0,0
1.0019530715034501,0.01914095299873705,443.0,1606.0,0.18164037142978215,0.801365491149651,0.0,39986.0,0.7526973278649983,0.0,0
1.0019652261561496,0.01914095299873705,444.0,1606.0,0.18165252608248178,0.8013654911496509,0.0,39986.0,0.7526973278649983,0.0,0
1.001977259868034,0.01914095299873705,445.0,1606.0,0.18166455979436621,0.8013654911496509,0.0,39986.0,0.7526973278649983,0.0,0
1.0019891738424849,0.01914095299873705,446.0,1606.0,0.1816764737688169,0.8013654911496508,0.0,39986.0,0.7526973278649983,0.0,0
1.0020009692709089,0.01914095299873705,447.0,1606.0,0.18168826919724113,0.8013654911496506,0.0,39986.0,0.7526973278649983,0.0,0
1.0020126473328594,0.01914095299873705,448.0,1606.0,0.1816999472591915,0.8013654911496508,0.0,39986.0,0.7526973278649983,0.0,0
1.0020242091961518,0.01914095299873705,449.0,1606.0,0.18171150912248388,0.8013654911496508,0.0,39986.0,0.7526973278649983,0.0,0
1.0020356560169823,0.01914095299873705,450.0,1606.0,0.18172295594331445,0.8013654911496507,0.0,39986.0,0.7526973278649983,0.0,0
1.0020469889400425,0.01914095299873705,451.0,1606.0,0.1817342888663747,0.8013654911496509,0.0,39986.0,0.7526973278649983,0.0,0
1.0020582090986343,0.01914095299873705,452.0,1606.0,0.18174550902496636,0.8013654911496508,0.0,39986.0,0.7526973278649983,0.0,0
1.0020693176147826,0.01914095299873705,453.0,1606.0,0.18175661754111475,0.8013654911496509,0.0,39986.0,0.7526973278649983,0.0,0
1.0020803155993485,0.01914095299873705,454.0,1606.0,0.1817676155256806,0.8013654911496509,0.0,39986.0,0.7526973278649983,0.0,0
1.0020912041521395,0.01914095299873705,455.0,1606.0,0.18177850407847151,0.8013654911496507,0.0,39986.0,0.7526973278649983,0.0,0
1.0021019843620198,0.01914095299873705,456.0,1606.0,0.18178928428835198,0.8013654911496506,0.0,39986.0,0.7526973278649983,0.0,0
1.0021137125182757,0.0191420082099929,457.0,1607.0,0.1817999572333519,0.801365491149651,0.0,39986.0,0.7526973278649983,0.0,0
1.0021242792656986,0.0191420082099929,458.0,1607.0,0.1818105239807748,0.8013654911496507,0.0,39986.0,0.7526973278649983,0.0,0
1.0021347408722276,0.0191420082099929,459.0,1607.0,0.181820985587304,0.8013654911496508,0.0,39986.0,0.7526973278649983,0.0,0
1.002145098384033,0.0191420082099929,460.0,1607.0,0.18183134309910912,0.8013654911496507,0.0,39986.0,0.7526973278649983,0.0,0
1.0021553528368734,0.0191420082099929,461.0,1607.0,0.1818415975519497,0.8013654911496508,0.0,39986.0,0.7526973278649983,0.0,0
1.0021655052562035,0.0191420082099929,462.0,1607.0,0.1818517499712797,0.8013654911496507,0.0,39986.0,0.7526973278649983,0.0,0
1.0021755566572734,0.0191420082099929,463.0,1607.0,0.18186180137234956,0.8013654911496512,0.0,39986.0,0.7526973278649983,0.0,0
1.0021855080452315,0.0191420082099929,464.0,1607.0,0.18187175276030773,0.8013654911496509,0.0,39986.0,0.7526973278649983,0.0,0
1.0021953604152252,0.0191420082099929,465.0,1607.0,0.18188160513030133,0.8013654911496508,0.0,39986.0,0.7526973278649983,0.0,0
1.0022051147524993,0.0191420082099929,466.0,1607.0,0.18189135946757543,0.8013654911496509,0.0,39986.0,0.7526973278649983,0.0,0
1.0022147720324959,0.0191420082099929,467.0,1607.0,0.18190101674757198,0.8013654911496509,0.0,39986.0,0.7526973278649983,0.0,0
1.0022243332209508,0.0191420082099929,468.0,1607.0,0.1819105779360271,0.8013654911496508,0.0,39986.0,0.7526973278649983,0.0,0
1.0022337992739914,0.0191420082099929,469.0,1607.0,0.18192004398906747,0.8013654911496509,0.0,39986.0,0.7526973278649983,0.0,0
1.0022431711382302,0.0191420082099929,470.0,1607.0,0.18192941585330644,0.8013654911496509,0.0,39986.0,0.7526973278649983,0.0,0
1.002252449750862,0.0191420082099929,471.0,1607.0,0.1819386944659382,0.8013654911496509,0.0,39986.0,0.7526973278649983,0.0,0
1.0022616360397552,0.0191420082099929,472.0,1607.0,0.18194788075483154,0.8013654911496505,0.0,39986.0,0.7526973278649983,0.0,0
1.002270730923547,0.0191420082099929,473.0,1607.0,0.1819569756386232,0.8013654911496507,0.0,39986.0,0.7526973278649983,0.0,0
1.0022797353117328,0.0191420082099929,474.0,1607.0,0.1819659800268092,0.8013654911496507,0.0,39986.0,0.7526973278649983,0.0,0
1.0022886501047592,0.0191420082099929,475.0,1607.0,0.1819748948198356,0.8013654911496508,0.0,39986.0,0.7526973278649983,0.0,0
1.0022974761941132,0.0191420082099929,476.0,1607.0,0.1819837209091894,0.801365491149651,0.0,39986.0,0.7526973278649983,0.0,0
1.0023062144624106,0.0191420082099929,477.0,1607.0,0.18199245917748683,0.8013654911496505,0.0,39986.0,0.7526973278649983,0.0,0
1.0023148657834857,0.0191420082099929,478.0,1607.0,0.1820011104985619,0.8013654911496507,0.0,39986.0,0.7526973278649983,0.0,0
1.0023234310224778,0.0191420082099929,479.0,1607.0,0.18200967573755392,0.8013654911496509,0.0,39986.0,0.7526973278649983,0.0,0
1.0023319110359177,0.0191420082099929,480.0,1607.0,0.18201815575099412,0.8013654911496504,0.0,39986.0,0.7526973278649983,0.0,0
1.0023403066718144,0.0191420082099929,481.0,1607.0,0.18202655138689067,0.8013654911496504,0.0,39986.0,0.7526973278649983,0.0,0
1.0023486187697381,0.0191420082099929,482.0,1607.0,0.18203486348481437,0.8013654911496508,0.0,39986.0,0.7526973278649983,0.0,0
1.0023568481609055,0.0191420082099929,483.0,1607.0,0.18204309287598172,0.8013654911496508,0.0,39986.0,0.7526973278649983,0.0,0
1.0023649956682628,0.0191420082099929,484.0,1607.0,0.18205124038333897,0.8013654911496506,0.0,39986.0,0.7526973278649983,0.0,0
1.002373062106567,0.0191420082099929,485.0,1607.0,0.18205930682164329,0.8013654911496509,0.0,39986.0,0.7526973278649983,0.0,0
1.0023810482824693,0.0191420082099929,486.0,1607.0,0.18206729299754557,0.8013654911496506,0.0,39986.0,0.7526973278649983,0.0,0
1.0023889549945935,0.0191420082099929,487.0,1607.0,0.1820751997096699,0.8013654911496507,0.0,39986.0,0.7526973278649983,0.0,0
1.0023967830336178,0.0191420082099929,488.0,1607.0,0.182083027748694,0.8013654911496508,0.0,39986.0,0.7526973278649983,0.0,0
1.0024045331823523,0.0191420082099929,489.0,1607.0,0.18209077789742859,0.8013654911496508,0.0,39986.0,0.7526973278649983,0.0,0
1.0024122062158183,0.0191420082099929,490.0,1607.0,0.1820984509308946,0.8013654911496507,0.0,39986.0,0.7526973278649983,0.0,0
1.0024198029013258,0.0191420082099929,491.0,1607.0,0.18210604761640212,0.8013654911496508,0.0,39986.0,0.7526973278649983,0.0,0
1.0024273239985495,0.0191420082099929,492.0,1607.0,0.1821135687136258,0.8013654911496509,0.0,39986.0,0.7526973278649983,0.0,0
1.0024347702596053,0.0191420082099929,493.0,1607.0,0.1821210149746816,0.8013654911496504,0.0,39986.0,0.7526973278649983,0.0,0
1.0024421424291259,0.0191420082099929,494.0,1607.0,0.18212838714420218,0.8013654911496504,0.0,39986.0,0.7526973278649983,0.0,0
1.0024494412443339,0.0191420082099929,495.0,1607.0,0.1821356859594102,0.8013654911496508,0.0,39986.0,0.7526973278649983,0.0,0
1.0024566674351172,0.0191420082099929,496.0,1607.0,0.18214291215019354,0.8013654911496507,0.0,39986.0,0.7526973278649983,0.0,0
1.002463821724101,0.0191420082099929,497.0,1607.0,0.18215006643917733,0.8013654911496508,0.0,39986.0,0.7526973278649983,0.0,0
1.00247090482672,0.0191420082099929,498.0,1607.0,0.18215714954179626,0.8013654911496508,0.0,39986.0,0.7526973278649983,0.0,0
1.0024779174512903,0.0191420082099929,499.0,1607.0,0.18216416216636652,0.801365491149651,0.0,39986.0,0.7526973278649983,0.0,0
1.0024848602990803,0.0191420082099929,500.0,1607.0,0.18217110501415654,0.8013654911496507,0.0,39986.0,0.7526973278649983,0.0,0
1.0024917340643804,0.0191420082099929,501.0,1607.0,0.18217797877945674,0.8013654911496508,0.0,39986.0,0.7526973278649983,0.0,0
1.0024985394345731,0.0191420082099929,502.0,1607.0,0.18218478414964945,0.8013654911496507,0.0,39986.0,0.7526973278649983,0.0,0
1.002505277090201,0.0191420082099929,503.0,1607.0,0.1821915218052773,0.8013654911496506,0.0,39986.0,0.7526973278649983,0.0,0
1.0025119477050353,0.0191420082099929,504.0,1607.0,0.18219819242011145,0.8013654911496509,0.0,39986.0,0.7526973278649983,0.0,0
1.0025185519461428,0.0191420082099929,505.0,1607.0,0.18220479666121916,0.8013654911496506,0.0,39986.0,0.7526973278649983,0.0,0
1.0025250904739536,0.0191420082099929,506.0,1607.0,0.18221133518902974,0.8013654911496508,0.0,39986.0,0.7526973278649983,0.0,0
1.0025315639423256,0.0191420082099929,507.0,1607.0,0.1822178086574017,0.8013654911496509,0.0,39986.0,0.7526973278649983,0.0,0
1.0025379729986108,0.0191420082099929,508.0,1607.0,0.1822242177136871,0.8013654911496506,0.0,39986.0,0.7526973278649983,0.0,0
1.0025443182837206,0.0191420082099929,509.0,1607.0,0.18223056299879684,0.8013654911496505,0.0,39986.0,0.7526973278649983,0.0,0
1.0025506004321887,0.0191420082099929,510.0,1607.0,0.18223684514726493,0.8013654911496506,0.0,39986.0,0.7526973278649983,0.0,0
1.002556820072235,0.0191420082099929,511.0,1607.0,0.1822430647873113,0.8013654911496507,0.0,39986.0,0.7526973278649983,0.0,0
1.0025629778258291,0.0191420082099929,512.0,1607.0,0.1822492225409053,0.8013654911496512,0.0,39986.0,0.7526973278649983,0.0,0
1.002569074308751,0.0191420082099929,513.0,1607.0,0.18225531902382727,0.8013654911496508,0.0,39986.0,0.7526973278649983,0.0,0
1.0025751101306541,0.0191420082099929,514.0,1607.0,0.1822613548457305,0.8013654911496506,0.0,39986.0,0.7526973278649983,0.0,0
1.0025810858951263,0.0191420082099929,515.0,1607.0,0.1822673306102025,0.8013654911496506,0.0,39986.0,0.7526973278649983,0.0,0
1.0025870021997483,0.0191420082099929,516.0,1607.0,0.1822732469148245,0.801365491149651,0.0,39986.0,0.7526973278649983,0.0,0
1.0025928596361555,0.0191420082099929,517.0,1607.0,0.1822791043512318,0.8013654911496509,0.0,39986.0,0.7526973278649983,0.0,0
1.0025986587900968,0.0191420082099929,518.0,1607.0,0.18228490350517307,0.8013654911496506,0.0,39986.0,0.7526973278649983,0.0,0
1.0026044002414922,0.0191420082099929,519.0,1607.0,0.18229064495656855,0.8013654911496506,0.0,39986.0,0.7526973278649983,0.0,0
1.0026100845644919,0.0191420082099929,520.0,1607.0,0.18229632927956813,0.8013654911496509,0.0,39986.0,0.7526973278649983,0.0,0
1.0026157123275325,0.0191420082099929,521.0,1607.0,0.18230195704260893,0.8013654911496503,0.0,39986.0,0.7526973278649983,0.0,0
1.0026212840933955,0.0191420082099929,522.0,1607.0,0.18230752880847162,0.8013654911496509,0.0,39986.0,0.7526973278649983,0.0,0
1.0026268004192616,0.0191420082099929,523.0,1607.0,0.1823130451343379,0.8013654911496505,0.0,39986.0,0.7526973278649983,0.0,0
1.0026322618567682,0.0191420082099929,524.0,1607.0,0.18231850657184462,0.8013654911496506,0.0,39986.0,0.7526973278649983,0.0,0
1.0026376689520637,0.0191420082099929,525.0,1607.0,0.18232391366714013,0.8013654911496504,0.0,39986.0,0.7526973278649983,0.0,0
1.0026430222458624,0.0191420082099929,526.0,1607.0,0.18232926696093862,0.8013654911496507,0.0,39986.0,0.7526973278649983,0.0,0
1.0026483222734974,0.0191420082099929,527.0,1607.0,0.1823345669885737,0.8013654911496506,0.0,39986.0,0.7526973278649983,0.0,0
1.0026535695649765,0.0191420082099929,528.0,1607.0,0.1823398142800528,0.8013654911496508,0.0,39986.0,0.7526973278649983,0.0,0
1.0026587646450331,0.0191420082099929,529.0,1607.0,0.18234500936010925,0.8013654911496508,0.0,39986.0,0.7526973278649983,0.0,0
1.0026639080331792,0.0191420082099929,530.0,1607.0,0.18235015274825547,0.8013654911496506,0.0,39986.0,0.7526973278649983,0.0,0
1.0026690002437584,0.0191420082099929,531.0,1607.0,0.18235524495883462,0.8013654911496509,0.0,39986.0,0.7526973278649983,0.0,0
1.0026740417859956,0.0191420082099929,532.0,1607.0,0.18236028650107183,0.8013654911496507,0.0,39986.0,0.7526973278649983,0.0,0
1.0026790331640494,0.0191420082099929,533.0,1607.0,0.18236527787912554,0.801365491149651,0.0,39986.0,0.7526973278649983,0.0,0
1.0026839748770617,0.0191420082099929,534.0,1607.0,0.18237021959213798,0.8013654911496508,0.0,39986.0,0.7526973278649983,0.0,0
1.0027008358532215,0.01915397664400646,535.0,1608.0,0.18237511213428428,0.8013654911496504,0.0,39986.0,0.7526973278649983,0.0,0
1.0027056797137601,0.01915397664400646,536.0,1608.0,0.18237995599482285,0.8013654911496506,0.0,39986.0,0.7526973278649983,0.0,0
1.002710475377081,0.01915397664400646,537.0,1608.0,0.1823847516581437,0.8013654911496508,0.0,39986.0,0.7526973278649983,0.0,0
1.0027152233227545,0.01915397664400646,538.0,1608.0,0.18238949960381726,0.8013654911496506,0.0,39986.0,0.7526973278649983,0.0,0
1.0027199240255795,0.01915397664400646,539.0,1608.0,0.18239420030664208,0.8013654911496508,0.0,39986.0,0.7526973278649983,0.0,0
1.0027245779556297,0.01915397664400646,540.0,1608.0,0.1823988542366924,0.8013654911496509,0.0,39986.0,0.7526973278649983,0.0,0
1.002729185578302,0.01915397664400646,541.0,1608.0,0.18240346185936473,0.801365491149651,0.0,39986.0,0.7526973278649983,0.0,0
1.002733747354363,0.01915397664400646,542.0,1608.0,0.18240802363542563,0.8013654911496508,0.0,39986.0,0.7526973278649983,0.0,0
1.0027382637399935,0.01915397664400646,543.0,1608.0,0.18241254002105617,0.8013654911496508,0.0,39986.0,0.7526973278649983,0.0,0
1.0027441241291344,0.01915536558630446,544.0,1609.0,0.18241701146789902,0.8013654911496508,0.0,39986.0,0.7526973278649983,0.0,0
1.0027485510843375,0.01915536558630446,545.0,1609.0,0.18242143842310224,0.8013654911496504,0.0,39986.0,0.7526973278649983,0.0,0
1.0027529339906005,0.01915536558630446,546.0,1609.0,0.18242582132936533,0.8013654911496506,0.0,39986.0,0.7526973278649983,0.0,0
1.0027572732862178,0.01915536558630446,547.0,1609.0,0.18243016062498232,0.8013654911496509,0.0,39986.0,0.7526973278649983,0.0,0
1.002761569405122,0.01915536558630446,548.0,1609.0,0.1824344567438867,0.8013654911496509,0.0,39986.0,0.7526973278649983,0.0,0
1.002765822776929,0.01915536558630446,549.0,1609.0,0.18243871011569363,0.801365491149651,0.0,39986.0,0.7526973278649983,0.0,0
1.0027700338269792,0.01915536558630446,550.0,1609.0,0.18244292116574395,0.801365491149651,0.0,39986.0,0.7526973278649983,0.0,0
1.0027742029763813,0.01915536558630446,551.0,1609.0,0.1824470903151461,0.8013654911496505,0.0,39986.0,0.7526973278649983,0.0,0
1.0027783306420541,0.01915536558630446,552.0,1609.0,0.1824512179808188,0.8013654911496508,0.0,39986.0,0.7526973278649983,0.0,0
1.0027824172367668,0.01915536558630446,553.0,1609.0,0.18245530457553163,0.8013654911496505,0.0,39986.0,0.7526973278649983,0.0,0
1.002786463169183,0.01915536558630446,554.0,1609.0,0.1824593505079477,0.8013654911496506,0.0,39986.0,0.7526973278649983,0.0,0
1.002790468843899,0.01915536558630446,555.0,1609.0,0.18246335618266363,0.8013654911496512,0.0,39986.0,0.7526973278649983,0.0,0
1.0027944346614854,0.01915536558630446,556.0,1609.0,0.18246732200025018,0.8013654911496508,0.0,39986.0,0.7526973278649983,0.0,0
1.0027983610185276,0.01915536558630446,557.0,1609.0,0.18247124835729234,0.8013654911496505,0.0,39986.0,0.7526973278649983,0.0,0
1.0028022483076644,0.01915536558630446,558.0,1609.0,0.18247513564642934,0.8013654911496507,0.0,39986.0,0.7526973278649983,0.0,0
1.0028060969176285,0.01915536558630446,559.0,1609.0,0.182478984256393,0.8013654911496506,0.0,39986.0,0.7526973278649983,0.0,0
1.0028099072332832,0.01915536558630446,560.0,1609.0,0.18248279457204786,0.801365491149651,0.0,39986.0,0.7526973278649983,0.0,0
1.0028136796356637,0.01915536558630446,561.0,1609.0,0.18248656697442828,0.8013654911496508,0.0,39986.0,0.7526973278649983,0.0,0
1.0028174145020132,0.01915536558630446,562.0,1609.0,0.182490301840778,0.8013654911496509,0.0,39986.0,0.7526973278649983,0.0,0
1.002821112205822,0.01915536558630446,563.0,1609.0,0.1824939995445866,0.8013654911496509,0.0,39986.0,0.7526973278649983,0.0,0
1.0028247731168627,0.01915536558630446,564.0,1609.0,0.18249766045562746,0.8013654911496506,0.0,39986.0,0.7526973278649983,0.0,0
1.0028283976012302,0.01915536558630446,565.0,1609.0,0.18250128493999498,0.8013654911496509,0.0,39986.0,0.7526973278649983,0.0,0
1.0028319860213757,0.01915536558630446,566.0,1609.0,0.1825048733601404,0.8013654911496508,0.0,39986.0,0.7526973278649983,0.0,0
1.002835538736144,0.01915536558630446,567.0,1609.0,0.18250842607490883,0.8013654911496508,0.0,39986.0,0.7526973278649983,0.0,0
1.0028390561008098,0.01915536558630446,568.0,1609.0,0.1825119434395745,0.8013654911496508,0.0,39986.0,0.7526973278649983,0.0,0
1.0028425384671125,0.01915536558630446,569.0,1609.0,0.18251542580587712,0.8013654911496509,0.0,39986.0,0.7526973278649983,0.0,0
1.0028459861832915,0.01915536558630446,570.0,1609.0,0.18251887352205612,0.8013654911496509,0.0,39986.0,0.7526973278649983,0.0,0
1.0028493995941212,0.01915536558630446,571.0,1609.0,0.18252228693288597,0.8013654911496506,0.0,39986.0,0.7526973278649983,0.0,0
1.0028527790409458,0.01915536558630446,572.0,1609.0,0.18252566637971043,0.8013654911496509,0.0,39986.0,0.7526973278649983,0.0,0
1.0028561248617125,0.01915536558630446,573.0,1609.0,0.1825290122004773,0.8013654911496508,0.0,39986.0,0.7526973278649983,0.0,0
1.0028594373910065,0.01915536558630446,574.0,1609.0,0.18253232472977118,0.8013654911496509,0.0,39986.0,0.7526973278649983,0.0,0
1.0028627169600834,0.01915536558630446,575.0,1609.0,0.18253560429884802,0.8013654911496514,0.0,39986.0,0.7526973278649983,0.0,0
1.0028659638969026,0.01915536558630446,576.0,1609.0,0.18253885123566715,0.8013654911496512,0.0,39986.0,0.7526973278649983,0.0,0
1.0028691785261605,0.01915536558630446,577.0,1609.0,0.18254206586492525,0.8013654911496506,0.0,39986.0,0.7526973278649983,0.0,0
1.0028723611693229,0.01915536558630446,578.0,1609.0,0.1825452485080877,0.8013654911496504,0.0,39986.0,0.7526973278649983,0.0,0
1.0028755121446569,0.01915536558630446,579.0,1609.0,0.1825483994834216,0.8013654911496509,0.0,39986.0,0.7526973278649983,0.0,0
1.0028786317672624,0.01915536558630446,580.0,1609.0,0.18255151910602702,0.8013654911496509,0.0,39986.0,0.7526973278649983,0.0,0
1.0028817203491045,0.01915536558630446,581.0,1609.0,0.18255460768786905,0.8013654911496509,0.0,39986.0,0.7526973278649983,0.0,0
1.0028847781990433,0.01915536558630446,582.0,1609.0,0.18255766553780814,0.8013654911496508,0.0,39986.0,0.7526973278649983,0.0,0
1.0028878056228672,0.01915536558630446,583.0,1609.0,0.18256069296163194,0.8013654911496509,0.0,39986.0,0.7526973278649983,0.0,0
1.0028908029233208,0.01915536558630446,584.0,1609.0,0.18256369026208544,0.8013654911496508,0.0,39986.0,0.7526973278649983,0.0,0
1.0028937704001364,0.01915536558630446,585.0,1609.0,0.18256665773890116,0.8013654911496504,0.0,39986.0,0.7526973278649983,0.0,0
1.0028967083500644,0.01915536558630446,586.0,1609.0,0.18256959568882908,0.8013654911496506,0.0,39986.0,0.7526973278649983,0.0,0
1.0028996170669022,0.01915536558630446,587.0,1609.0,0.18257250440566697,0.8013654911496512,0.0,39986.0,0.7526973278649983,0.0,0
1.0029024968415239,0.01915536558630446,588.0,1609.0,0.18257538418028857,0.8013654911496507,0.0,39986.0,0.7526973278649983,0.0,0
1.0029053479619094,0.01915536558630446,589.0,1609.0,0.18257823530067396,0.8013654911496507,0.0,39986.0,0.7526973278649983,0.0,0
1.0029081707131728,0.01915536558630446,590.0,1609.0,0.18258105805193767,0.8013654911496507,0.0,39986.0,0.7526973278649983,0.0,0
1.0029109653775923,0.01915536558630446,591.0,1609.0,0.18258385271635683,0.8013654911496506,0.0,39986.0,0.7526973278649983,0.0,0
1.0029137322346358,0.01915536558630446,592.0,1609.0,0.18258661957340055,0.8013654911496508,0.0,39986.0,0.7526973278649983,0.0,0
1.002916471560992,0.01915536558630446,593.0,1609.0,0.1825893588997566,0.8013654911496509,0.0,39986.0,0.7526973278649983,0.0,0
1.0029191836305953,0.01915536558630446,594.0,1609.0,0.18259207096935995,0.8013654911496506,0.0,39986.0,0.7526973278649983,0.0,0
1.0029218687146553,0.01915536558630446,595.0,1609.0,0.18259475605342002,0.8013654911496509,0.0,39986.0,0.7526973278649983,0.0,0
1.0029245270816824,0.01915536558630446,596.0,1609.0,0.18259741442044713,0.8013654911496509,0.0,39986.0,0.7526973278649983,0.0,0
1.0029271589975157,0.01915536558630446,597.0,1609.0,0.18260004633628046,0.8013654911496506,0.0,39986.0,0.7526973278649983,0.0,0
1.002929764725349,0.01915536558630446,598.0,1609.0,0.1826026520641137,0.8013654911496509,0.0,39986.0,0.7526973278649983,0.0,0
1.002932344525757,0.01915536558630446,599.0,1609.0,0.18260523186452174,0.8013654911496505,0.0,39986.0,0.7526973278649983,0.0,0
1.0029348986567221,0.01915536558630446,600.0,1609.0,0.18260778599548685,0.8013654911496508,0.0,39986.0,0.7526973278649983,0.0,0
1.0029374273736595,0.01915536558630446,601.0,1609.0,0.18261031471242414,0.8013654911496507,0.0,39986.0,0.7526973278649983,0.0,0
1.0029399309294431,0.01915536558630446,602.0,1609.0,0.18261281826820772,0.801365491149651,0.0,39986.0,0.7526973278649983,0.0,0
1.0029424095744301,0.01915536558630446,603.0,1609.0,0.1826152969131948,0.8013654911496508,0.0,39986.0,0.7526973278649983,0.0,0
1.0029448635564877,0.01915536558630446,604.0,1609.0,0.18261775089525234,0.8013654911496509,0.0,39986.0,0.7526973278649983,0.0,0
1.0029472931210157,0.01915536558630446,605.0,1609.0,0.1826201804597804,0.8013654911496508,0.0,39986.0,0.7526973278649983,0.0,0
1.0029496985109727,0.01915536558630446,606.0,1609.0,0.18262258584973745,0.8013654911496509,0.0,39986.0,0.7526973278649983,0.0,0
1.0029520799668998,0.01915536558630446,607.0,1609.0,0.18262496730566455,0.8013654911496504,0.0,39986.0,0.7526973278649983,0.0,0
1.0029544377269444,0.01915536558630446,608.0,1609.0,0.18262732506570917,0.8013654911496505,0.0,39986.0,0.7526973278649983,0.0,0
1.0029567720268848,0.01915536558630446,609.0,1609.0,0.18262965936564957,0.8013654911496506,0.0,39986.0,0.7526973278649983,0.0,0
1.0029590831001527,0.01915536558630446,610.0,1609.0,0.18263197043891724,0.8013654911496508,0.0,39986.0,0.7526973278649983,0.0,0
1.002961371177857,0.01915536558630446,611.0,1609.0,0.18263425851662188,0.8013654911496508,0.0,39986.0,0.7526973278649983,0.0,0
1.0029636364888082,0.01915536558630446,612.0,1609.0,0.18263652382757284,0.8013654911496507,0.0,39986.0,0.7526973278649983,0.0,0
1.0029658792595386,0.01915536558630446,613.0,1609.0,0.18263876659830333,0.8013654911496509,0.0,39986.0,0.7526973278649983,0.0,0
1.0029680997143275,0.01915536558630446,614.0,1609.0,0.18264098705309212,0.8013654911496507,0.0,39986.0,0.7526973278649983,0.0,0
1.002970298075222,0.01915536558630446,615.0,1609.0,0.18264318541398658,0.8013654911496508,0.0,39986.0,0.7526973278649983,0.0,0
1.00297247456206,0.01915536558630446,616.0,1609.0,0.18264536190082478,0.8013654911496506,0.0,39986.0,0.7526973278649983,0.0,0
1.0029746293924922,0.01915536558630446,617.0,1609.0,0.182647516731257,0.8013654911496505,0.0,39986.0,0.7526973278649983,0.0,0
1.0029767627820034,0.01915536558630446,618.0,1609.0,0.18264965012076823,0.8013654911496506,0.0,39986.0,0.7526973278649983,0.0,0
1.0029788749439343,0.01915536558630446,619.0,1609.0,0.18265176228269905,0.8013654911496504,0.0,39986.0,0.7526973278649983,0.0,0
1.0029809660895028,0.01915536558630446,620.0,1609.0,0.1826538534282676,0.8013654911496507,0.0,39986.0,0.7526973278649983,0.0,0
1.0029830364278254,0.01915536558630446,621.0,1609.0,0.18265592376658998,0.8013654911496509,0.0,39986.0,0.7526973278649983,0.0,0
1.0029850861659373,0.01915536558630446,622.0,1609.0,0.18265797350470206,0.8013654911496508,0.0,39986.0,0.7526973278649983,0.0,0
1.0029871155088144,0.01915536558630446,623.0,1609.0,0.1826600028475789,0.8013654911496512,0.0,39986.0,0.7526973278649983,0.0,0
1.0029891246593923,0.01915536558630446,624.0,1609.0,0.18266201199815693,0.8013654911496506,0.0,39986.0,0.7526973278649983,0.0,0
1.002991113818588,0.01915536558630446,625.0,1609.0,0.18266400115735257,0.8013654911496506,0.0,39986.0,0.7526973278649983,0.0,0
1.0029930831853189,0.01915536558630446,626.0,1609.0,0.18266597052408354,0.8013654911496509,0.0,39986.0,0.7526973278649983,0.0,0
1.0029950329565236,0.01915536558630446,627.0,1609.0,0.1826679202952883,0.8013654911496506,0.0,39986.0,0.7526973278649983,0.0,0
1.0029969633271805,0.01915536558630446,628.0,1609.0,0.18266985066594518,0.8013654911496504,0.0,39986.0,0.7526973278649983,0.0,0
1.0029988744903284,0.01915536558630446,629.0,1609.0,0.18267176182909314,0.8013654911496507,0.0,39986.0,0.7526973278649983,0.0,0
1.0030007666370855,0.01915536558630446,630.0,1609.0,0.18267365397585011,0.8013654911496507,0.0,39986.0,0.7526973278649983,0.0,0
1.0030026399566676,0.01915536558630446,631.0,1609.0,0.18267552729543227,0.8013654911496508,0.0,39986.0,0.7526973278649983,0.0,0
1.0030044946364085,0.01915536558630446,632.0,1609.0,0.1826773819751732,0.8013654911496509,0.0,39986.0,0.7526973278649983,0.0,0
1.0030063308617776,0.01915536558630446,633.0,1609.0,0.1826792182005423,0.8013654911496507,0.0,39986.0,0.7526973278649983,0.0,0
1.003008148816399,0.01915536558630446,634.0,1609.0,0.18268103615516382,0.8013654911496509,0.0,39986.0,0.7526973278649983,0.0,0
1.0030099486820698,0.01915536558630446,635.0,1609.0,0.18268283602083435,0.8013654911496509,0.0,39986.0,0.7526973278649983,0.0,0
1.0030117306387778,0.01915536558630446,636.0,1609.0,0.18268461797754243,0.8013654911496506,0.0,39986.0,0.7526973278649983,0.0,0
1.0030134948647202,0.01915536558630446,637.0,1609.0,0.182686382203485,0.8013654911496509,0.0,39986.0,0.7526973278649983,0.0,0
1.0030152415363214,0.01915536558630446,638.0,1609.0,0.18268812887508612,0.801365491149651,0.0,39986.0,0.7526973278649983,0.0,0
1.0030462034560699,0.019184598214124677,639.0,1611.0,0.18268985816701444,0.8013654911496507,0.0,39986.0,0.7526973278649983,0.0,0
1.003047915541256,0.019184598214124677,640.0,1611.0,0.18269157025220054,0.8013654911496504,0.0,39986.0,0.7526973278649983,0.0,0
1.00304961059091,0.019184598214124677,641.0,1611.0,0.18269326530185448,0.8013654911496506,0.0,39986.0,0.7526973278649983,0.0,0
1.0030512887745378,0.019184598214124677,642.0,1611.0,0.1826949434854824,0.8013654911496505,0.0,39986.0,0.7526973278649983,0.0,0
1.0030529502599597,0.019184598214124677,643.0,1611.0,0.18269660497090426,0.8013654911496508,0.0,39986.0,0.7526973278649983,0.0,0
1.0030545952133256,0.019184598214124677,644.0,1611.0,0.18269824992427006,0.801365491149651,0.0,39986.0,0.7526973278649983,0.0,0
1.0030562237991318,0.019184598214124677,645.0,1611.0,0.1826998785100763,0.8013654911496507,0.0,39986.0,0.7526973278649983,0.0,0
1.0030578361802387,0.019184598214124677,646.0,1611.0,0.18270149089118312,0.8013654911496509,0.0,39986.0,0.7526973278649983,0.0,0
1.0030594325178852,0.019184598214124677,647.0,1611.0,0.18270308722882983,0.8013654911496506,0.0,39986.0,0.7526973278649983,0.0,0
1.003061012971707,0.019184598214124677,648.0,1611.0,0.18270466768265148,0.8013654911496509,0.0,39986.0,0.7526973278649983,0.0,0
1.0030625776997504,0.019184598214124677,649.0,1611.0,0.18270623241069492,0.8013654911496508,0.0,39986.0,0.7526973278649983,0.0,0
1.0030641268584897,0.019184598214124677,650.0,1611.0,0.18270778156943412,0.8013654911496508,0.0,39986.0,0.7526973278649983,0.0,0
1.003065660602842,0.019184598214124677,651.0,1611.0,0.18270931531378645,0.801365491149651,0.0,39986.0,0.7526973278649983,0.0,0
1.003067179086183,0.019184598214124677,652.0,1611.0,0.18271083379712738,0.8013654911496508,0.0,39986.0,0.7526973278649983,0.0,0
1.0030686824603623,0.019184598214124677,653.0,1611.0,0.18271233717130664,0.8013654911496509,0.0,39986.0,0.7526973278649983,0.0,0
1.0030701708757184,0.019184598214124677,654.0,1611.0,0.18271382558666288,0.8013654911496508,0.0,39986.0,0.7526973278649983,0.0,0
1.0030716444810943,0.019184598214124677,655.0,1611.0,0.18271529919203888,0.8013654911496506,0.0,39986.0,0.7526973278649983,0.0,0
1.003073103423852,0.019184598214124677,656.0,1611.0,0.1827167581347964,0.8013654911496508,0.0,39986.0,0.7526973278649983,0.0,0
1.0030745478498866,0.019184598214124677,657.0,1611.0,0.18271820256083104,0.8013654911496508,0.0,39986.0,0.7526973278649983,0.0,0
1.003075977903642,0.019184598214124677,658.0,1611.0,0.1827196326145864,0.8013654911496509,0.0,39986.0,0.7526973278649983,0.0,0
1.0030773937281245,0.019184598214124677,659.0,1611.0,0.18272104843906914,0.8013654911496505,0.0,39986.0,0.7526973278649983,0.0,0
1.0030787954649183,0.019184598214124677,660.0,1611.0,0.18272245017586283,0.8013654911496506,0.0,39986.0,0.7526973278649983,0.0,0
1.003080183254198,0.019184598214124677,661.0,1611.0,0.18272383796514247,0.8013654911496508,0.0,39986.0,0.7526973278649983,0.0,0
1.0030815572347433,0.019184598214124677,662.0,1611.0,0.18272521194568797,0.8013654911496509,0.0,39986.0,0.7526973278649983,0.0,0
1.0030829175439542,0.019184598214124677,663.0,1611.0,0.1827265722548987,0.8013654911496509,0.0,39986.0,0.7526973278649983,0.0,0
1.0030842643178621,0.019184598214124677,664.0,1611.0,0.18272791902880658,0.8013654911496509,0.0,39986.0,0.7526973278649983,0.0,0
1.003085597691146,0.019184598214124677,665.0,1611.0,0.18272925240209023,0.8013654911496509,0.0,39986.0,0.7526973278649983,0.0,0
1.0030869177971435,0.019184598214124677,666.0,1611.0,0.18273057250808808,0.8013654911496507,0.0,39986.0,0.7526973278649983,0.0,0
1.0030882247678672,0.019184598214124677,667.0,1611.0,0.18273187947881175,0.8013654911496505,0.0,39986.0,0.7526973278649983,0.0,0
1.0030895187340148,0.019184598214124677,668.0,1611.0,0.18273317344495937,0.8013654911496503,0.0,39986.0,0.7526973278649983,0.0,0
1.0030907998249843,0.019184598214124677,669.0,1611.0,0.18273445453592868,0.8013654911496507,0.0,39986.0,0.7526973278649983,0.0,0
1.0030920681688855,0.019184598214124677,670.0,1611.0,0.18273572287982995,0.8013654911496509,0.0,39986.0,0.7526973278649983,0.0,0
1.003093323892554,0.019184598214124677,671.0,1611.0,0.1827369786034984,0.8013654911496507,0.0,39986.0,0.7526973278649983,0.0,0
1.0030945671215634,0.019184598214124677,672.0,1611.0,0.1827382218325077,0.8013654911496509,0.0,39986.0,0.7526973278649983,0.0,0
1.0030957979802373,0.019184598214124677,673.0,1611.0,0.18273945269118166,0.8013654911496509,0.0,39986.0,0.7526973278649983,0.0,0
1.0030970165916626,0.019184598214124677,674.0,1611.0,0.18274067130260724,0.8013654911496504,0.0,39986.0,0.7526973278649983,0.0,0
1.0030982230777021,0.019184598214124677,675.0,1611.0,0.18274187778864648,0.8013654911496508,0.0,39986.0,0.7526973278649983,0.0,0
1.0030994175590044,0.019184598214124677,676.0,1611.0,0.18274307226994901,0.8013654911496509,0.0,39986.0,0.7526973278649983,0.0,0
1.0031006001550196,0.019184598214124677,677.0,1611.0,0.1827442548659641,0.8013654911496509,0.0,39986.0,0.7526973278649983,0.0,0
1.0031017709840078,0.019184598214124677,678.0,1611.0,0.18274542569495217,0.8013654911496509,0.0,39986.0,0.7526973278649983,0.0,0
1.0031029301630527,0.019184598214124677,679.0,1611.0,0.18274658487399714,0.801365491149651,0.0,39986.0,0.7526973278649983,0.0,0
1.0031040778080735,0.019184598214124677,680.0,1611.0,0.18274773251901794,0.8013654911496509,0.0,39986.0,0.7526973278649983,0.0,0
1.0031052140338352,0.019184598214124677,681.0,1611.0,0.18274886874477989,0.8013654911496503,0.0,39986.0,0.7526973278649983,0.0,0
1.0031063389539623,0.019184598214124677,682.0,1611.0,0.18274999366490668,0.801365491149651,0.0,39986.0,0.7526973278649983,0.0,0
1.0031074526809467,0.019184598214124677,683.0,1611.0,0.1827511073918912,0.801365491149651,0.0,39986.0,0.7526973278649983,0.0,0
1.0031085553261625,0.019184598214124677,684.0,1611.0,0.182752210037107,0.8013654911496506,0.0,39986.0,0.7526973278649983,0.0,0
1.0031096469998753,0.019184598214124677,685.0,1611.0,0.1827533017108196,0.8013654911496505,0.0,39986.0,0.7526973278649983,0.0,0
1.0031107278112528,0.019184598214124677,686.0,1611.0,0.18275438252219742,0.8013654911496507,0.0,39986.0,0.7526973278649983,0.0,0
1.0031117978683777,0.019184598214124677,687.0,1611.0,0.18275545257932216,0.8013654911496506,0.0,39986.0,0.7526973278649983,0.0,0
1.0031128572782564,0.019184598214124677,688.0,1611.0,0.1827565119892007,0.8013654911496509,0.0,39986.0,0.7526973278649983,0.0,0
1.0031139061468304,0.019184598214124677,689.0,1611.0,0.18275756085777486,0.8013654911496508,0.0,39986.0,0.7526973278649983,0.0,0
1.0031149445789878,0.019184598214124677,690.0,1611.0,0.18275859928993224,0.8013654911496509,0.0,39986.0,0.7526973278649983,0.0,0
1.0031159726785726,0.019184598214124677,691.0,1611.0,0.18275962738951704,0.8013654911496508,0.0,39986.0,0.7526973278649983,0.0,0
1.0031169905483956,0.019184598214124677,692.0,1611.0,0.1827606452593401,0.8013654911496508,0.0,39986.0,0.7526973278649983,0.0,0
1.0031179982902445,0.019184598214124677,693.0,1611.0,0.18276165300118916,0.8013654911496509,0.0,39986.0,0.7526973278649983,0.0,0
1.0031189960048947,0.019184598214124677,694.0,1611.0,0.18276265071583922,0.8013654911496508,0.0,39986.0,0.7526973278649983,0.0,0
1.0031199837921183,0.019184598214124677,695.0,1611.0,0.1827636385030628,0.8013654911496509,0.0,39986.0,0.7526973278649983,0.0,0
1.0031209617506947,0.019184598214124677,696.0,1611.0,0.1827646164616392,0.8013654911496506,0.0,39986.0,0.7526973278649983,0.0,0
1.0031219299784206,0.019184598214124677,697.0,1611.0,0.18276558468936513,0.8013654911496508,0.0,39986.0,0.7526973278649983,0.0,0
1.0031228885721197,0.019184598214124677,698.0,1611.0,0.1827665432830643,0.8013654911496508,0.0,39986.0,0.7526973278649983,0.0,0
1.0031238376276521,0.019184598214124677,699.0,1611.0,0.18276749233859668,0.8013654911496509,0.0,39986.0,0.7526973278649983,0.0,0
1.0031247772399243,0.019184598214124677,700.0,1611.0,0.18276843195086873,0.8013654911496508,0.0,39986.0,0.7526973278649983,0.0,0
1.003125707502898,0.019184598214124677,701.0,1611.0,0.18276936221384255,0.8013654911496507,0.0,39986.0,0.7526973278649983,0.0,0
1.0031266285096008,0.019184598214124677,702.0,1611.0,0.1827702832205452,0.8013654911496507,0.0,39986.0,0.7526973278649983,0.0,0
1.0031275403521334,0.019184598214124677,703.0,1611.0,0.18277119506307793,0.8013654911496505,0.0,39986.0,0.7526973278649983,0.0,0
1.0031284431216814,0.019184598214124677,704.0,1611.0,0.1827720978326259,0.8013654911496506,0.0,39986.0,0.7526973278649983,0.0,0
1.0031293369085221,0.019184598214124677,705.0,1611.0,0.18277299161946675,0.8013654911496506,0.0,39986.0,0.7526973278649983,0.0,0
1.0031302218020355,0.019184598214124677,706.0,1611.0,0.18277387651297988,0.8013654911496509,0.0,39986.0,0.7526973278649983,0.0,0
1.0031310978907109,0.019184598214124677,707.0,1611.0,0.1827747526016555,0.8013654911496506,0.0,39986.0,0.7526973278649983,0.0,0
1.0031319652621589,0.019184598214124677,708.0,1611.0,0.18277561997310324,0.8013654911496509,0.0,39986.0,0.7526973278649983,0.0,0
1.0031328240031163,0.019184598214124677,709.0,1611.0,0.18277647871406077,0.8013654911496508,0.0,39986.0,0.7526973278649983,0.0,0
1.0031336741994585,0.019184598214124677,710.0,1611.0,0.18277732891040308,0.8013654911496504,0.0,39986.0,0.7526973278649983,0.0,0
1.003134515936206,0.019184598214124677,711.0,1611.0,0.18277817064715027,0.8013654911496508,0.0,39986.0,0.7526973278649983,0.0,0
1.0031353492975328,0.019184598214124677,712.0,1611.0,0.18277900400847708,0.8013654911496512,0.0,39986.0,0.7526973278649983,0.0,0
1.0031361743667755,0.019184598214124677,713.0,1611.0,0.18277982907772003,0.8013654911496505,0.0,39986.0,0.7526973278649983,0.0,0
1.0031369912264423,0.019184598214124677,714.0,1611.0,0.18278064593738688,0.8013654911496504,0.0,39986.0,0.7526973278649983,0.0,0
1.0031377999582196,0.019184598214124677,715.0,1611.0,0.18278145466916423,0.8013654911496505,0.0,39986.0,0.7526973278649983,0.0,0
1.0031386006429817,0.019184598214124677,716.0,1611.0,0.182782255353926,0.8013654911496507,0.0,39986.0,0.7526973278649983,0.0,0
1.0031393933607968,0.019184598214124677,717.0,1611.0,0.18278304807174117,0.8013654911496509,0.0,39986.0,0.7526973278649983,0.0,0
1.0031401781909381,0.019184598214124677,718.0,1611.0,0.1827838329018825,0.8013654911496509,0.0,39986.0,0.7526973278649983,0.0,0
1.0031409552118886,0.019184598214124677,719.0,1611.0,0.18278460992283327,0.8013654911496507,0.0,39986.0,0.7526973278649983,0.0,0
1.0031417245013519,0.019184598214124677,720.0,1611.0,0.18278537921229632,0.8013654911496507,0.0,39986.0,0.7526973278649983,0.0,0
1.0031424861362568,0.019184598214124677,721.0,1611.0,0.1827861408472014,0.8013654911496505,0.0,39986.0,0.7526973278649983,0.0,0
1.003143240192768,0.019184598214124677,722.0,1611.0,0.18278689490371267,0.8013654911496508,0.0,39986.0,0.7526973278649983,0.0,0
1.0031439867462917,0.019184598214124677,723.0,1611.0,0.18278764145723614,0.8013654911496509,0.0,39986.0,0.7526973278649983,0.0,0
1.0031447258714836,0.019184598214124677,724.0,1611.0,0.18278838058242797,0.8013654911496508,0.0,39986.0,0.7526973278649983,0.0,0
1.003145457642257,0.019184598214124677,725.0,1611.0,0.18278911235320136,0.801365491149651,0.0,39986.0,0.7526973278649983,0.0,0
1.0031461821317893,0.019184598214124677,726.0,1611.0,0.18278983684273373,0.8013654911496504,0.0,39986.0,0.7526973278649983,0.0,0
1.0031468994125305,0.019184598214124677,727.0,1611.0,0.1827905541234749,0.8013654911496507,0.0,39986.0,0.7526973278649983,0.0,0
1.003147609556209,0.019184598214124677,728.0,1611.0,0.18279126426715345,0.8013654911496506,0.0,39986.0,0.7526973278649983,0.0,0
1.0031483126338399,0.019184598214124677,729.0,1611.0,0.18279196734478442,0.8013654911496506,0.0,39986.0,0.7526973278649983,0.0,0
1.0031490087157315,0.019184598214124677,730.0,1611.0,0.18279266342667588,0.801365491149651,0.0,39986.0,0.7526973278649983,0.0,0
1.0031496978714924,0.019184598214124677,731.0,1611.0,0.18279335258243695,0.8013654911496506,0.0,39986.0,0.7526973278649983,0.0,0
1.0031503801700392,0.019184598214124677,732.0,1611.0,0.18279403488098353,0.8013654911496509,0.0,39986.0,0.7526973278649983,0.0,0
1.0031510556796017,0.019184598214124677,733.0,1611.0,0.18279471039054618,0.8013654911496509,0.0,39986.0,0.7526973278649983,0.0,0
1.003151724467732,0.019184598214124677,734.0,1611.0,0.18279537917867644,0.8013654911496509,0.0,39986.0,0.7526973278649983,0.0,0
1.003152386601309,0.019184598214124677,735.0,1611.0,0.18279604131225355,0.8013654911496508,0.0,39986.0,0.7526973278649983,0.0,0
1.003153042146547,0.019184598214124677,736.0,1611.0,0.1827966968574915,0.8013654911496507,0.0,39986.0,0.7526973278649983,0.0,0
1.003153691169001,0.019184598214124677,737.0,1611.0,0.1827973458799454,0.8013654911496509,0.0,39986.0,0.7526973278649983,0.0,0
1.0031543337335735,0.019184598214124677,738.0,1611.0,0.18279798844451792,0.8013654911496509,0.0,39986.0,0.7526973278649983,0.0,0
1.0031549699045215,0.019184598214124677,739.0,1611.0,0.182798624615466,0.8013654911496506,0.0,39986.0,0.7526973278649983,0.0,0
1.003155599745463,0.019184598214124677,740.0,1611.0,0.18279925445640757,0.8013654911496506,0.0,39986.0,0.7526973278649983,0.0,0
1.0031562233193825,0.019184598214124677,741.0,1611.0,0.18279987803032705,0.8013654911496507,0.0,39986.0,0.7526973278649983,0.0,0
1.0031568406886378,0.019184598214124677,742.0,1611.0,0.1828004953995822,0.8013654911496508,0.0,39986.0,0.7526973278649983,0.0,0
1.0031574519149662,0.019184598214124677,743.0,1611.0,0.18280110662591081,0.801365491149651,0.0,39986.0,0.7526973278649983,0.0,0
1.0031580570594911,0.019184598214124677,744.0,1611.0,0.18280171177043567,0.8013654911496508,0.0,39986.0,0.7526973278649983,0.0,0
1.0031586561827275,0.019184598214124677,745.0,1611.0,0.1828023108936721,0.8013654911496508,0.0,39986.0,0.7526973278649983,0.0,0
1.003159249344588,0.019184598214124677,746.0,1611.0,0.18280290405553257,0.8013654911496506,0.0,39986.0,0.7526973278649983,0.0,0
1.0031598366043895,0.019184598214124677,747.0,1611.0,0.18280349131533397,0.8013654911496509,0.0,39986.0,0.7526973278649983,0.0,0
1.0031604180208582,0.019184598214124677,748.0,1611.0,0.18280407273180263,0.8013654911496508,0.0,39986.0,0.7526973278649983,0.0,0
1.0031609936521364,0.019184598214124677,749.0,1611.0,0.18280464836308083,0.8013654911496507,0.0,39986.0,0.7526973278649983,0.0,0
1.0031615635557878,0.019184598214124677,750.0,1611.0,0.18280521826673216,0.8013654911496509,0.0,39986.0,0.7526973278649983,0.0,0
1.003162127788803,0.019184598214124677,751.0,1611.0,0.1828057824997474,0.8013654911496506,0.0,39986.0,0.7526973278649983,0.0,0
1.0031626864076058,0.019184598214124677,752.0,1611.0,0.18280634111855026,0.8013654911496507,0.0,39986.0,0.7526973278649983,0.0,0
1.0031632394680585,0.019184598214124677,753.0,1611.0,0.18280689417900317,0.8013654911496507,0.0,39986.0,0.7526973278649983,0.0,0
1.0031637870254682,0.019184598214124677,754.0,1611.0,0.18280744173641272,0.8013654911496507,0.0,39986.0,0.7526973278649983,0.0,0
1.0031643291345904,0.019184598214124677,755.0,1611.0,0.18280798384553487,0.801365491149651,0.0,39986.0,0.7526973278649983,0.0,0
1.0031648658496368,0.019184598214124677,756.0,1611.0,0.18280852056058122,0.8013654911496509,0.0,39986.0,0.7526973278649983,0.0,0
1.0031653972242793,0.019184598214124677,757.0,1611.0,0.18280905193522365,0.8013654911496509,0.0,39986.0,0.7526973278649983,0.0,0
1.0031659233116557,0.019184598214124677,758.0,1611.0,0.1828095780226,0.801365491149651,0.0,39986.0,0.7526973278649983,0.0,0
1.003166444164375,0.019184598214124677,759.0,1611.0,0.18281009887531952,0.8013654911496508,0.0,39986.0,0.7526973278649983,0.0,0
1.0031669598345234,0.019184598214124677,760.0,1611.0,0.18281061454546793,0.8013654911496509,0.0,39986.0,0.7526973278649983,0.0,0
1.003167470373668,0.019184598214124677,761.0,1611.0,0.1828111250846125,0.8013654911496508,0.0,39986.0,0.7526973278649983,0.0,0
1.0031679758328633,0.019184598214124677,762.0,1611.0,0.1828116305438079,0.8013654911496512,0.0,39986.0,0.7526973278649983,0.0,0
1.0031684762626556,0.019184598214124677,763.0,1611.0,0.18281213097360005,0.8013654911496507,0.0,39986.0,0.7526973278649983,0.0,0
1.0031689717130883,0.019184598214124677,764.0,1611.0,0.18281262642403276,0.8013654911496508,0.0,39986.0,0.7526973278649983,0.0,0
1.0031694622337068,0.019184598214124677,765.0,1611.0,0.18281311694465113,0.8013654911496506,0.0,39986.0,0.7526973278649983,0.0,0
1.0031699478735636,0.019184598214124677,766.0,1611.0,0.182813602584508,0.8013654911496512,0.0,39986.0,0.7526973278649983,0.0,0
1.0031704286812229,0.019184598214124677,767.0,1611.0,0.18281408339216737,0.8013654911496505,0.0,39986.0,0.7526973278649983,0.0,0
1.003170904704766,0.019184598214124677,768.0,1611.0,0.18281455941571068,0.8013654911496509,0.0,39986.0,0.7526973278649983,0.0,0
1.0031713759917962,0.019184598214124677,769.0,1611.0,0.18281503070274063,0.8013654911496512,0.0,39986.0,0.7526973278649983,0.0,0
1.0031718425894416,0.019184598214124677,770.0,1611.0,0.18281549730038618,0.8013654911496506,0.0,39986.0,0.7526973278649983,0.0,0
1.0031723045443632,0.019184598214124677,771.0,1611.0,0.18281595925530764,0.8013654911496506,0.0,39986.0,0.7526973278649983,0.0,0
1.0031727619027564,0.019184598214124677,772.0,1611.0,0.1828164166137008,0.8013654911496509,0.0,39986.0,0.7526973278649983,0.0,0
1.0031732147103574,0.019184598214124677,773.0,1611.0,0.18281686942130196,0.8013654911496505,0.0,39986.0,0.7526973278649983,0.0,0
1.0031736630124477,0.019184598214124677,774.0,1611.0,0.18281731772339213,0.8013654911496509,0.0,39986.0,0.7526973278649983,0.0,0
1.0031741068538576,0.019184598214124677,775.0,1611.0,0.18281776156480203,0.8013654911496507,0.0,39986.0,0.7526973278649983,0.0,0
1.0031745462789716,0.019184598214124677,776.0,1611.0,0.18281820098991616,0.8013654911496506,0.0,39986.0,0.7526973278649983,0.0,0
1.0031749813317328,0.019184598214124677,777.0,1611.0,0.1828186360426772,0.8013654911496507,0.0,39986.0,0.7526973278649983,0.0,0
1.0031754120556466,0.019184598214124677,778.0,1611.0,0.1828190667665911,0.8013654911496507,0.0,39986.0,0.7526973278649983,0.0,0
1.0031758384937859,0.019184598214124677,779.0,1611.0,0.18281949320473034,0.8013654911496508,0.0,39986.0,0.7526973278649983,0.0,0
1.0031762606887948,0.019184598214124677,780.0,1611.0,0.18281991539973932,0.8013654911496508,0.0,39986.0,0.7526973278649983,0.0,0
1.0031766786828933,0.019184598214124677,781.0,1611.0,0.18282033339383766,0.8013654911496508,0.0,39986.0,0.7526973278649983,0.0,0
1.0031770925178807,0.019184598214124677,782.0,1611.0,0.18282074722882521,0.8013654911496508,0.0,39986.0,0.7526973278649983,0.0,0
1.0031775022351415,0.019184598214124677,783.0,1611.0,0.18282115694608592,0.8013654911496505,0.0,39986.0,0.7526973278649983,0.0,0
1.0031779078756473,0.019184598214124677,784.0,1611.0,0.18282156258659177,0.8013654911496506,0.0,39986.0,0.7526973278649983,0.0,0
1.0031783094799627,0.019184598214124677,785.0,1611.0,0.1828219641909071,0.8013654911496507,0.0,39986.0,0.7526973278649983,0.0,0
1.0031787070882483,0.019184598214124677,786.0,1611.0,0.1828223617991927,0.8013654911496506,0.0,39986.0,0.7526973278649983,0.0,0
1.0031791007402655,0.019184598214124677,787.0,1611.0,0.18282275545120988,0.8013654911496508,0.0,39986.0,0.7526973278649983,0.0,0
1.0031794904753797,0.019184598214124677,788.0,1611.0,0.18282314518632398,0.8013654911496512,0.0,39986.0,0.7526973278649983,0.0,0
1.0031798763325643,0.019184598214124677,789.0,1611.0,0.1828235310435088,0.8013654911496508,0.0,39986.0,0.7526973278649983,0.0,0
1.0031802583504061,0.019184598214124677,790.0,1611.0,0.1828239130613506,0.8013654911496505,0.0,39986.0,0.7526973278649983,0.0,0
1.0031806365671068,0.019184598214124677,791.0,1611.0,0.1828242912780513,0.8013654911496509,0.0,39986.0,0.7526973278649983,0.0,0
1.0031810110204886,0.019184598214124677,792.0,1611.0,0.18282466573143297,0.8013654911496508,0.0,39986.0,0.7526973278649983,0.0,0
1.0031813817479969,0.019184598214124677,793.0,1611.0,0.18282503645894135,0.8013654911496508,0.0,39986.0,0.7526973278649983,0.0,0
1.0031817487867047,0.019184598214124677,794.0,1611.0,0.18282540349764917,0.8013654911496509,0.0,39986.0,0.7526973278649983,0.0,0
1.0031821121733167,0.019184598214124677,795.0,1611.0,0.18282576688426103,0.8013654911496507,0.0,39986.0,0.7526973278649983,0.0,0
1.0031824719441713,0.019184598214124677,796.0,1611.0,0.1828261266551156,0.8013654911496512,0.0,39986.0,0.7526973278649983,0.0,0
1.003182828135246,0.019184598214124677,797.0,1611.0,0.18282648284619032,0.8013654911496509,0.0,39986.0,0.7526973278649983,0.0,0
1.0031831807821603,0.019184598214124677,798.0,1611.0,0.18282683549310466,0.8013654911496509,0.0,39986.0,0.7526973278649983,0.0,0
1.003183529920179,0.019184598214124677,799.0,1611.0,0.18282718463112357,0.8013654911496508,0.0,39986.0,0.7526973278649983,0.0,0
1.0031838755842166,0.019184598214124677,800.0,1611.0,0.1828275302951611,0.8013654911496506,0.0,39986.0,0.7526973278649983,0.0,0
1.0032093061925842,0.019209686597869077,801.0,1612.0,0.18282787251978416,0.8013654911496509,0.0,39986.0,0.7526973278649983,0.0,0
1.0032096450120151,0.019209686597869077,802.0,1612.0,0.1828282113392152,0.8013654911496507,0.0,39986.0,0.7526973278649983,0.0,0
1.0032099804601364,0.019209686597869077,803.0,1612.0,0.18282854678733648,0.8013654911496506,0.0,39986.0,0.7526973278649983,0.0,0
1.0032103125704934,0.019209686597869077,804.0,1612.0,0.18282887889769342,0.8013654911496508,0.0,39986.0,0.7526973278649983,0.0,0
1.003210641376297,0.019209686597869077,805.0,1612.0,0.1828292077034968,0.8013654911496508,0.0,39986.0,0.7526973278649983,0.0,0
1.0032109669104279,0.019209686597869077,806.0,1612.0,0.18282953323762796,0.8013654911496508,0.0,39986.0,0.7526973278649983,0.0,0
1.0032112892054403,0.019209686597869077,807.0,1612.0,0.1828298555326404,0.8013654911496506,0.0,39986.0,0.7526973278649983,0.0,0
1.0032116082935636,0.019209686597869077,808.0,1612.0,0.1828301746207638,0.8013654911496506,0.0,39986.0,0.7526973278649983,0.0,0
1.0032119242067075,0.019209686597869077,809.0,1612.0,0.1828304905339074,0.8013654911496507,0.0,39986.0,0.7526973278649983,0.0,0
1.0032122369764627,0.019209686597869077,810.0,1612.0,0.18283080330366272,0.8013654911496508,0.0,39986.0,0.7526973278649983,0.0,0
1.003212546634107,0.019209686597869077,811.0,1612.0,0.18283111296130694,0.8013654911496512,0.0,39986.0,0.7526973278649983,0.0,0
1.003212853210606,0.019209686597869077,812.0,1612.0,0.18283141953780613,0.8013654911496508,0.0,39986.0,0.7526973278649983,0.0,0
1.0032131567366183,0.019209686597869077,813.0,1612.0,0.1828317230638182,0.8013654911496508,0.0,39986.0,0.7526973278649983,0.0,0
1.0032134572424958,0.019209686597869077,814.0,1612.0,0.18283202356969586,0.8013654911496509,0.0,39986.0,0.7526973278649983,0.0,0
1.00321375475829,0.019209686597869077,815.0,1612.0,0.18283232108549022,0.8013654911496504,0.0,39986.0,0.7526973278649983,0.0,0
1.003214049313753,0.019209686597869077,816.0,1612.0,0.18283261564095293,0.8013654911496508,0.0,39986.0,0.7526973278649983,0.0,0
1.0032143409383396,0.019209686597869077,817.0,1612.0,0.1828329072655398,0.8013654911496506,0.0,39986.0,0.7526973278649983,0.0,0
1.0032146296612134,0.019209686597869077,818.0,1612.0,0.18283319598841355,0.8013654911496509,0.0,39986.0,0.7526973278649983,0.0,0
1.0032149155112466,0.019209686597869077,819.0,1612.0,0.1828334818384467,0.8013654911496508,0.0,39986.0,0.7526973278649983,0.0,0
1.0032151985170243,0.019209686597869077,820.0,1612.0,0.18283376484422448,0.8013654911496505,0.0,39986.0,0.7526973278649983,0.0,0
1.003215478706848,0.019209686597869077,821.0,1612.0,0.18283404503404782,0.801365491149651,0.0,39986.0,0.7526973278649983,0.0,0
1.0032157561087358,0.019209686597869077,822.0,1612.0,0.18283432243593567,0.801365491149651,0.0,39986.0,0.7526973278649983,0.0,0
1.0032160307504285,0.019209686597869077,823.0,1612.0,0.18283459707762875,0.8013654911496506,0.0,39986.0,0.7526973278649983,0.0,0
1.0032163026593912,0.019209686597869077,824.0,1612.0,0.1828348689865913,0.8013654911496509,0.0,39986.0,0.7526973278649983,0.0,0
1.0032165718628143,0.019209686597869077,825.0,1612.0,0.18283513819001446,0.8013654911496509,0.0,39986.0,0.7526973278649983,0.0,0
1.0032168383876188,0.019209686597869077,826.0,1612.0,0.18283540471481877,0.8013654911496508,0.0,39986.0,0.7526973278649983,0.0,0
1.003217102260457,0.019209686597869077,827.0,1612.0,0.18283566858765704,0.8013654911496507,0.0,39986.0,0.7526973278649983,0.0,0
1.0032173635077164,0.019209686597869077,828.0,1612.0,0.18283592983491656,0.8013654911496507,0.0,39986.0,0.7526973278649983,0.0,0
1.0032176221555225,0.019209686597869077,829.0,1612.0,0.1828361884827226,0.8013654911496509,0.0,39986.0,0.7526973278649983,0.0,0
1.0032178782297398,0.019209686597869077,830.0,1612.0,0.18283644455693981,0.8013654911496509,0.0,39986.0,0.7526973278649983,0.0,0
1.0032181317559759,0.019209686597869077,831.0,1612.0,0.182836698083176,0.8013654911496508,0.0,39986.0,0.7526973278649983,0.0,0
1.003218382759584,0.019209686597869077,832.0,1612.0,0.18283694908678413,0.8013654911496509,0.0,39986.0,0.7526973278649983,0.0,0
1.0032186312656646,0.019209686597869077,833.0,1612.0,0.18283719759286457,0.8013654911496509,0.0,39986.0,0.7526973278649983,0.0,0
1.003218877299068,0.019209686597869077,834.0,1612.0,0.18283744362626814,0.8013654911496506,0.0,39986.0,0.7526973278649983,0.0,0
1.0032191208843986,0.019209686597869077,835.0,1612.0,0.18283768721159854,0.8013654911496507,0.0,39986.0,0.7526973278649983,0.0,0
1.0032193620460144,0.019209686597869077,836.0,1612.0,0.18283792837321428,0.8013654911496508,0.0,39986.0,0.7526973278649983,0.0,0
1.0032196008080319,0.019209686597869077,837.0,1612.0,0.1828381671352318,0.8013654911496507,0.0,39986.0,0.7526973278649983,0.0,0
1.0032198371943277,0.019209686597869077,838.0,1612.0,0.18283840352152778,0.8013654911496507,0.0,39986.0,0.7526973278649983,0.0,0
1.0032200712285404,0.019209686597869077,839.0,1612.0,0.18283863755574065,0.8013654911496504,0.0,39986.0,0.7526973278649983,0.0,0
1.0032203029340743,0.019209686597869077,840.0,1612.0,0.18283886926127427,0.8013654911496508,0.0,39986.0,0.7526973278649983,0.0,0
1.0032205323340992,0.019209686597869077,841.0,1612.0,0.18283909866129924,0.8013654911496509,0.0,39986.0,0.7526973278649983,0.0,0
1.0032207594515556,0.019209686597869077,842.0,1612.0,0.18283932577875583,0.8013654911496504,0.0,39986.0,0.7526973278649983,0.0,0
1.003220984309156,0.019209686597869077,843.0,1612.0,0.18283955063635599,0.801365491149651,0.0,39986.0,0.7526973278649983,0.0,0
1.0032212069293858,0.019209686597869077,844.0,1612.0,0.18283977325658576,0.8013654911496508,0.0,39986.0,0.7526973278649983,0.0,0
1.0032214273345068,0.019209686597869077,845.0,1612.0,0.1828399936617071,0.8013654911496506,0.0,39986.0,0.7526973278649983,0.0,0
1.0032216455465608,0.019209686597869077,846.0,1612.0,0.1828402118737608,0.8013654911496509,0.0,39986.0,0.7526973278649983,0.0,0
1.0032218615873683,0.019209686597869077,847.0,1612.0,0.1828404279145684,0.8013654911496506,0.0,39986.0,0.7526973278649983,0.0,0
1.0032220754785341,0.019209686597869077,848.0,1612.0,0.1828406418057341,0.8013654911496508,0.0,39986.0,0.7526973278649983,0.0,0
1.003222287241447,0.019209686597869077,849.0,1612.0,0.18284085356864696,0.8013654911496509,0.0,39986.0,0.7526973278649983,0.0,0
1.0032224968972836,0.019209686597869077,850.0,1612.0,0.18284106322448376,0.8013654911496508,0.0,39986.0,0.7526973278649983,0.0,0
1.00322270446701,0.019209686597869077,851.0,1612.0,0.18284127079421003,0.8013654911496506,0.0,39986.0,0.7526973278649983,0.0,0
1.0032229099713832,0.019209686597869077,852.0,1612.0,0.18284147629858308,0.8013654911496512,0.0,39986.0,0.7526973278649983,0.0,0
1.0032231134309535,0.019209686597869077,853.0,1612.0,0.1828416797581535,0.8013654911496508,0.0,39986.0,0.7526973278649983,0.0,0
1.0032233148660672,0.019209686597869077,854.0,1612.0,0.1828418811932673,0.8013654911496508,0.0,39986.0,0.7526973278649983,0.0,0
1.003223514296868,0.019209686597869077,855.0,1612.0,0.18284208062406818,0.8013654911496507,0.0,39986.0,0.7526973278649983,0.0,0
1.0032237117432994,0.019209686597869077,856.0,1612.0,0.18284227807049955,0.8013654911496508,0.0,39986.0,0.7526973278649983,0.0,0
1.003223907225106,0.019209686597869077,857.0,1612.0,0.18284247355230598,0.8013654911496505,0.0,39986.0,0.7526973278649983,0.0,0
1.0032241007618359,0.019209686597869077,858.0,1612.0,0.18284266708903604,0.8013654911496504,0.0,39986.0,0.7526973278649983,0.0,0
1.0032242923728434,0.019209686597869077,859.0,1612.0,0.18284285870004335,0.8013654911496509,0.0,39986.0,0.7526973278649983,0.0,0
1.0032244820772893,0.019209686597869077,860.0,1612.0,0.18284304840448945,0.8013654911496509,0.0,39986.0,0.7526973278649983,0.0,0
1.0032246698941445,0.019209686597869077,861.0,1612.0,0.18284323622134463,0.8013654911496506,0.0,39986.0,0.7526973278649983,0.0,0
1.0032248558421908,0.019209686597869077,862.0,1612.0,0.18284342216939087,0.8013654911496504,0.0,39986.0,0.7526973278649983,0.0,0
1.003225039940023,0.019209686597869077,863.0,1612.0,0.18284360626722324,0.8013654911496508,0.0,39986.0,0.7526973278649983,0.0,0
1.0032252222060514,0.019209686597869077,864.0,1612.0,0.18284378853325153,0.8013654911496506,0.0,39986.0,0.7526973278649983,0.0,0
1.0032254026585024,0.019209686597869077,865.0,1612.0,0.18284396898570254,0.8013654911496506,0.0,39986.0,0.7526973278649983,0.0,0
1.0032255813154216,0.019209686597869077,866.0,1612.0,0.1828441476426217,0.8013654911496508,0.0,39986.0,0.7526973278649983,0.0,0
1.0032257581946746,0.019209686597869077,867.0,1612.0,0.18284432452187474,0.8013654911496504,0.0,39986.0,0.7526973278649983,0.0,0
1.0032259333139497,0.019209686597869077,868.0,1612.0,0.18284449964114985,0.8013654911496509,0.0,39986.0,0.7526973278649983,0.0,0
1.0032261066907588,0.019209686597869077,869.0,1612.0,0.18284467301795898,0.8013654911496506,0.0,39986.0,0.7526973278649983,0.0,0
1.0032262783424402,0.019209686597869077,870.0,1612.0,0.18284484466964007,0.8013654911496509,0.0,39986.0,0.7526973278649983,0.0,0
1.0032264482861584,0.019209686597869077,871.0,1612.0,0.1828450146133584,0.8013654911496509,0.0,39986.0,0.7526973278649983,0.0,0
1.0032266165389083,0.019209686597869077,872.0,1612.0,0.18284518286610854,0.8013654911496507,0.0,39986.0,0.7526973278649983,0.0,0
1.0032267831175157,0.019209686597869077,873.0,1612.0,0.18284534944471584,0.8013654911496504,0.0,39986.0,0.7526973278649983,0.0,0
1.0032269480386382,0.019209686597869077,874.0,1612.0,0.18284551436583826,0.8013654911496508,0.0,39986.0,0.7526973278649983,0.0,0
1.003227111318768,0.019209686597869077,875.0,1612.0,0.18284567764596815,0.8013654911496509,0.0,39986.0,0.7526973278649983,0.0,0
1.0032272729742335,0.019209686597869077,876.0,1612.0,0.18284583930143355,0.8013654911496512,0.0,39986.0,0.7526973278649983,0.0,0
1.0032274330212,0.019209686597869077,877.0,1612.0,0.18284599934840015,0.8013654911496507,0.0,39986.0,0.7526973278649983,0.0,0
1.0032275914756728,0.019209686597869077,878.0,1612.0,0.18284615780287278,0.8013654911496508,0.0,39986.0,0.7526973278649983,0.0,0
1.0032277483534973,0.019209686597869077,879.0,1612.0,0.18284631468069729,0.8013654911496509,0.0,39986.0,0.7526973278649983,0.0,0
1.003227903670361,0.019209686597869077,880.0,1612.0,0.1828464699975612,0.8013654911496506,0.0,39986.0,0.7526973278649983,0.0,0
1.0032280574417967,0.019209686597869077,881.0,1612.0,0.18284662376899655,0.8013654911496509,0.0,39986.0,0.7526973278649983,0.0,0
1.0032282096831806,0.019209686597869077,882.0,1612.0,0.18284677601038057,0.8013654911496513,0.0,39986.0,0.7526973278649983,0.0,0
1.0032283604097374,0.019209686597869077,883.0,1612.0,0.18284692673693745,0.8013654911496509,0.0,39986.0,0.7526973278649983,0.0,0
1.0032285096365399,0.019209686597869077,884.0,1612.0,0.18284707596373992,0.8013654911496509,0.0,39986.0,0.7526973278649983,0.0,0
1.0032286573785112,0.019209686597869077,885.0,1612.0,0.18284722370571113,0.801365491149651,0.0,39986.0,0.7526973278649983,0.0,0
1.0032288036504249,0.019209686597869077,886.0,1612.0,0.182847369977625,0.8013654911496508,0.0,39986.0,0.7526973278649983,0.0,0
1.003228948466909,0.019209686597869077,887.0,1612.0,0.182847514794109,0.8013654911496509,0.0,39986.0,0.7526973278649983,0.0,0
1.003229091842445,0.019209686597869077,888.0,1612.0,0.18284765816964507,0.8013654911496507,0.0,39986.0,0.7526973278649983,0.0,0
1.0032292337913706,0.019209686597869077,889.0,1612.0,0.18284780011857063,0.8013654911496507,0.0,39986.0,0.7526973278649983,0.0,0
1.0032293743278808,0.019209686597869077,890.0,1612.0,0.18284794065508075,0.8013654911496508,0.0,39986.0,0.7526973278649983,0.0,0
1.0032295134660292,0.019209686597869077,891.0,1612.0,0.18284807979322926,0.8013654911496508,0.0,39986.0,0.7526973278649983,0.0,0
1.00322965121973,0.019209686597869077,892.0,1612.0,0.18284821754693004,0.8013654911496506,0.0,39986.0,0.7526973278649983,0.0,0
1.0032297876027585,0.019209686597869077,893.0,1612.0,0.18284835392995866,0.8013654911496509,0.0,39986.0,0.7526973278649983,0.0,0
1.0032299226287533,0.019209686597869077,894.0,1612.0,0.18284848895595332,0.8013654911496509,0.0,39986.0,0.7526973278649983,0.0,0
1.0032300563112169,0.019209686597869077,895.0,1612.0,0.182848622638417,0.8013654911496507,0.0,39986.0,0.7526973278649983,0.0,0
1.003230188663518,0.019209686597869077,896.0,1612.0,0.18284875499071804,0.8013654911496508,0.0,39986.0,0.7526973278649983,0.0,0
1.0032303196988914,0.019209686597869077,897.0,1612.0,0.1828488860260915,0.8013654911496509,0.0,39986.0,0.7526973278649983,0.0,0
1.0032304494304414,0.019209686597869077,898.0,1612.0,0.18284901575764131,0.8013654911496509,0.0,39986.0,0.7526973278649983,0.0,0
1.0032305778711406,0.019209686597869077,899.0,1612.0,0.18284914419834059,0.8013654911496509,0.0,39986.0,0.7526973278649983,0.0,0
1.0032307050338336,0.019209686597869077,900.0,1612.0,0.18284927136103357,0.8013654911496509,0.0,39986.0,0.7526973278649983,0.0,0
1.0032308309312363,0.019209686597869077,901.0,1612.0,0.18284939725843657,0.8013654911496506,0.0,39986.0,0.7526973278649983,0.0,0
1.0032309555759396,0.019209686597869077,902.0,1612.0,0.18284952190313952,0.8013654911496512,0.0,39986.0,0.7526973278649983,0.0,0
1.0032310789804069,0.019209686597869077,903.0,1612.0,0.18284964530760697,0.8013654911496508,0.0,39986.0,0.7526973278649983,0.0,0
1.0032312011569793,0.019209686597869077,904.0,1612.0,0.18284976748417942,0.8013654911496504,0.0,39986.0,0.7526973278649983,0.0,0
1.0032313221178748,0.019209686597869077,905.0,1612.0,0.1828498884450747,0.8013654911496512,0.0,39986.0,0.7526973278649983,0.0,0
1.0032314418751889,0.019209686597869077,906.0,1612.0,0.18285000820238898,0.8013654911496506,0.0,39986.0,0.7526973278649983,0.0,0
1.003231560440898,0.019209686597869077,907.0,1612.0,0.18285012676809806,0.8013654911496508,0.0,39986.0,0.7526973278649983,0.0,0
1.0032316778268586,0.019209686597869077,908.0,1612.0,0.18285024415405862,0.8013654911496509,0.0,39986.0,0.7526973278649983,0.0,0
1.0032317940448092,0.019209686597869077,909.0,1612.0,0.18285036037200925,0.8013654911496506,0.0,39986.0,0.7526973278649983,0.0,0
1.0032319091063722,0.019209686597869077,910.0,1612.0,0.1828504754335721,0.8013654911496512,0.0,39986.0,0.7526973278649983,0.0,0
1.0032320230230531,0.019209686597869077,911.0,1612.0,0.18285058935025325,0.8013654911496509,0.0,39986.0,0.7526973278649983,0.0,0
1.0032321358062444,0.019209686597869077,912.0,1612.0,0.18285070213344434,0.8013654911496507,0.0,39986.0,0.7526973278649983,0.0,0
1.003232247467224,0.019209686597869077,913.0,1612.0,0.18285081379442408,0.8013654911496507,0.0,39986.0,0.7526973278649983,0.0,0
1.0032323580171585,0.019209686597869077,914.0,1612.0,0.18285092434435843,0.8013654911496506,0.0,39986.0,0.7526973278649983,0.0,0
1.0032324674671025,0.019209686597869077,915.0,1612.0,0.1828510337943026,0.8013654911496509,0.0,39986.0,0.7526973278649983,0.0,0
1.0032325758280014,0.019209686597869077,916.0,1612.0,0.18285114215520168,0.8013654911496505,0.0,39986.0,0.7526973278649983,0.0,0
1.0032326831106917,0.019209686597869077,917.0,1612.0,0.18285124943789174,0.8013654911496506,0.0,39986.0,0.7526973278649983,0.0,0
1.003232789325901,0.019209686597869077,918.0,1612.0,0.1828513556531011,0.8013654911496509,0.0,39986.0,0.7526973278649983,0.0,0
1.0032328944842515,0.019209686597869077,919.0,1612.0,0.18285146081145162,0.8013654911496509,0.0,39986.0,0.7526973278649983,0.0,0
1.003232998596259,0.019209686597869077,920.0,1612.0,0.18285156492345891,0.8013654911496509,0.0,39986.0,0.7526973278649983,0.0,0
1.0032331016723344,0.019209686597869077,921.0,1612.0,0.18285166799953465,0.8013654911496509,0.0,39986.0,0.7526973278649983,0.0,0
1.0032332037227862,0.019209686597869077,922.0,1612.0,0.18285177004998612,0.801365491149651,0.0,39986.0,0.7526973278649983,0.0,0
1.0032333047578186,0.019209686597869077,923.0,1612.0,0.1828518710850186,0.8013654911496509,0.0,39986.0,0.7526973278649983,0.0,0
1.0032334047875358,0.019209686597869077,924.0,1612.0,0.18285197111473586,0.8013654911496509,0.0,39986.0,0.7526973278649983,0.0,0
1.0032335038219407,0.019209686597869077,925.0,1612.0,0.18285207014914068,0.8013654911496509,0.0,39986.0,0.7526973278649983,0.0,0
1.003233601870937,0.019209686597869077,926.0,1612.0,0.18285216819813685,0.8013654911496509,0.0,39986.0,0.7526973278649983,0.0,0
1.003233698944329,0.019209686597869077,927.0,1612.0,0.18285226527152898,0.8013654911496508,0.0,39986.0,0.7526973278649983,0.0,0
1.0032337950518249,0.019209686597869077,928.0,1612.0,0.18285236137902489,0.8013654911496509,0.0,39986.0,0.7526973278649983,0.0,0
1.003233890203035,0.019209686597869077,929.0,1612.0,0.18285245653023527,0.8013654911496508,0.0,39986.0,0.7526973278649983,0.0,0
1.0032339844074751,0.019209686597869077,930.0,1612.0,0.18285255073467518,0.8013654911496512,0.0,39986.0,0.7526973278649983,0.0,0
1.0032340776745652,0.019209686597869077,931.0,1612.0,0.18285264400176537,0.8013654911496508,0.0,39986.0,0.7526973278649983,0.0,0
1.0032341700136322,0.019209686597869077,932.0,1612.0,0.18285273634083232,0.8013654911496509,0.0,39986.0,0.7526973278649983,0.0,0
1.0032342614339103,0.019209686597869077,933.0,1612.0,0.18285282776111025,0.8013654911496508,0.0,39986.0,0.7526973278649983,0.0,0
1.0032343519445412,0.019209686597869077,934.0,1612.0,0.18285291827174138,0.8013654911496508,0.0,39986.0,0.7526973278649983,0.0,0
1.0032344415545764,0.019209686597869077,935.0,1612.0,0.18285300788177658,0.8013654911496508,0.0,39986.0,0.7526973278649983,0.0,0
1.003234530272977,0.019209686597869077,936.0,1612.0,0.18285309660017707,0.8013654911496508,0.0,39986.0,0.7526973278649983,0.0,0
1.0032346181086145,0.019209686597869077,937.0,1612.0,0.1828531844358146,0.8013654911496509,0.0,39986.0,0.7526973278649983,0.0,0
1.0032347050702732,0.019209686597869077,938.0,1612.0,0.1828532713974731,0.8013654911496509,0.0,39986.0,0.7526973278649983,0.0,0
1.0032347911666484,0.019209686597869077,939.0,1612.0,0.1828533574938485,0.8013654911496509,0.0,39986.0,0.7526973278649983,0.0,0
1.0032348764063508,0.019209686597869077,940.0,1612.0,0.1828534427335508,0.8013654911496509,0.0,39986.0,0.7526973278649983,0.0,0
1.0032349607979036,0.019209686597869077,941.0,1612.0,0.18285352712510378,0.8013654911496509,0.0,39986.0,0.7526973278649983,0.0,0
1.0032350443497466,0.019209686597869077,942.0,1612.0,0.18285361067694686,0.8013654911496506,0.0,39986.0,0.7526973278649983,0.0,0
1.003235127070235,0.019209686597869077,943.0,1612.0,0.18285369339743515,0.8013654911496508,0.0,39986.0,0.7526973278649983,0.0,0
1.0032352089676406,0.019209686597869077,944.0,1612.0,0.18285377529484081,0.8013654911496508,0.0,39986.0,0.7526973278649983,0.0,0
1.0032352900501535,0.019209686597869077,945.0,1612.0,0.18285385637735363,0.8013654911496505,0.0,39986.0,0.7526973278649983,0.0,0
1.003235370325882,0.019209686597869077,946.0,1612.0,0.18285393665308203,0.8013654911496506,0.0,39986.0,0.7526973278649983,0.0,0
1.0032354498028535,0.019209686597869077,947.0,1612.0,0.1828540161300536,0.8013654911496505,0.0,39986.0,0.7526973278649983,0.0,0
1.003235528489016,0.019209686597869077,948.0,1612.0,0.18285409481621615,0.8013654911496508,0.0,39986.0,0.7526973278649983,0.0,0
1.003235606392238,0.019209686597869077,949.0,1612.0,0.18285417271943816,0.8013654911496509,0.0,39986.0,0.7526973278649983,0.0,0
1.0032356835203102,0.019209686597869077,950.0,1612.0,0.18285424984751028,0.8013654911496509,0.0,39986.0,0.7526973278649983,0.0,0
1.0032357598809452,0.019209686597869077,951.0,1612.0,0.18285432620814512,0.8013654911496509,0.0,39986.0,0.7526973278649983,0.0,0
1.003235835481779,0.019209686597869077,952.0,1612.0,0.18285440180897908,0.8013654911496507,0.0,39986.0,0.7526973278649983,0.0,0
1.003235910330372,0.019209686597869077,953.0,1612.0,0.18285447665757204,0.8013654911496509,0.0,39986.0,0.7526973278649983,0.0,0
1.0032359844342091,0.019209686597869077,954.0,1612.0,0.18285455076140916,0.8013654911496509,0.0,39986.0,0.7526973278649983,0.0,0
1.0032360578007007,0.019209686597869077,955.0,1612.0,0.18285462412790074,0.8013654911496509,0.0,39986.0,0.7526973278649983,0.0,0
1.0032361304371835,0.019209686597869077,956.0,1612.0,0.1828546967643836,0.801365491149651,0.0,39986.0,0.7526973278649983,0.0,0
1.0032362023509211,0.019209686597869077,957.0,1612.0,0.18285476867812128,0.8013654911496504,0.0,39986.0,0.7526973278649983,0.0,0
1.0032362735491052,0.019209686597869077,958.0,1612.0,0.18285483987630533,0.8013654911496508,0.0,39986.0,0.7526973278649983,0.0,0
1.0032363440388556,0.019209686597869077,959.0,1612.0,0.1828549103660557,0.8013654911496508,0.0,39986.0,0.7526973278649983,0.0,0
1.0032364138272214,0.019209686597869077,960.0,1612.0,0.1828549801544213,0.8013654911496512,0.0,39986.0,0.7526973278649983,0.0,0
1.003236482921181,0.019209686597869077,961.0,1612.0,0.18285504924838109,0.8013654911496508,0.0,39986.0,0.7526973278649983,0.0,0
1.0032365513276442,0.019209686597869077,962.0,1612.0,0.18285511765484444,0.8013654911496509,0.0,39986.0,0.7526973278649983,0.0,0
1.003236619053452,0.019209686597869077,963.0,1612.0,0.18285518538065215,0.8013654911496507,0.0,39986.0,0.7526973278649983,0.0,0
1.0032366861053765,0.019209686597869077,964.0,1612.0,0.18285525243257672,0.8013654911496508,0.0,39986.0,0.7526973278649983,0.0,0
1.0032367524901233,0.019209686597869077,965.0,1612.0,0.1828553188173235,0.8013654911496506,0.0,39986.0,0.7526973278649983,0.0,0
1.003236818214331,0.019209686597869077,966.0,1612.0,0.18285538454153114,0.8013654911496508,0.0,39986.0,0.7526973278649983,0.0,0
1.003236883284572,0.019209686597869077,967.0,1612.0,0.1828554496117719,0.8013654911496509,0.0,39986.0,0.7526973278649983,0.0,0
1.0032369477073528,0.019209686597869077,968.0,1612.0,0.18285551403455294,0.8013654911496509,0.0,39986.0,0.7526973278649983,0.0,0
1.0032370114891165,0.019209686597869077,969.0,1612.0,0.18285557781631664,0.8013654911496505,0.0,39986.0,0.7526973278649983,0.0,0
1.0032370746362411,0.019209686597869077,970.0,1612.0,0.18285564096344115,0.8013654911496508,0.0,39986.0,0.7526973278649983,0.0,0
1.0032371371550413,0.019209686597869077,971.0,1612.0,0.1828557034822413,0.8013654911496508,0.0,39986.0,0.7526973278649983,0.0,0
1.003237199051769,0.019209686597869077,972.0,1612.0,0.18285576537896894,0.801365491149651,0.0,39986.0,0.7526973278649983,0.0,0
1.0032372603326138,0.019209686597869077,973.0,1612.0,0.18285582665981395,0.801365491149651,0.0,39986.0,0.7526973278649983,0.0,0
1.0032373210037042,0.019209686597869077,974.0,1612.0,0.18285588733090427,0.8013654911496507,0.0,39986.0,0.7526973278649983,0.0,0
1.0032373810711073,0.019209686597869077,975.0,1612.0,0.1828559473983072,0.8013654911496509,0.0,39986.0,0.7526973278649983,0.0,0
1.0032374405408293,0.019209686597869077,976.0,1612.0,0.1828560068680295,0.8013654911496506,0.0,39986.0,0.7526973278649983,0.0,0
1.003237499418818,0.019209686597869077,977.0,1612.0,0.18285606574601804,0.8013654911496504,0.0,39986.0,0.7526973278649983,0.0,0
1.003237557710961,0.019209686597869077,978.0,1612.0,0.18285612403816096,0.8013654911496507,0.0,39986.0,0.7526973278649983,0.0,0
1.0032376154230873,0.019209686597869077,979.0,1612.0,0.1828561817502873,0.8013654911496509,0.0,39986.0,0.7526973278649983,0.0,0
1.0032376725609684,0.019209686597869077,980.0,1612.0,0.18285623888816852,0.8013654911496508,0.0,39986.0,0.7526973278649983,0.0,0
1.003237729130318,0.019209686597869077,981.0,1612.0,0.18285629545751822,0.8013654911496506,0.0,39986.0,0.7526973278649983,0.0,0
1.0032377851367933,0.019209686597869077,982.0,1612.0,0.18285635146399346,0.8013654911496506,0.0,39986.0,0.7526973278649983,0.0,0
1.0032378405859947,0.019209686597869077,983.0,1612.0,0.1828564069131949,0.8013654911496509,0.0,39986.0,0.7526973278649983,0.0,0
1.0032378954834675,0.019209686597869077,984.0,1612.0,0.18285646181066764,0.8013654911496504,0.0,39986.0,0.7526973278649983,0.0,0
1.0032379498347015,0.019209686597869077,985.0,1612.0,0.18285651616190143,0.8013654911496507,0.0,39986.0,0.7526973278649983,0.0,0
1.0032380036451312,0.019209686597869077,986.0,1612.0,0.18285656997233143,0.8013654911496504,0.0,39986.0,0.7526973278649983,0.0,0
1.0032380569201385,0.019209686597869077,987.0,1612.0,0.18285662324733862,0.8013654911496508,0.0,39986.0,0.7526973278649983,0.0,0
1.0032381096650507,0.019209686597869077,988.0,1612.0,0.18285667599225072,0.801365491149651,0.0,39986.0,0.7526973278649983,0.0,0
1.003238161885142,0.019209686597869077,989.0,1612.0,0.18285672821234203,0.8013654911496509,0.0,39986.0,0.7526973278649983,0.0,0
1.0032382135856348,0.019209686597869077,990.0,1612.0,0.18285677991283486,0.8013654911496504,0.0,39986.0,0.7526973278649983,0.0,0
1.003238264771699,0.019209686597869077,991.0,1612.0,0.18285683109889916,0.8013654911496507,0.0,39986.0,0.7526973278649983,0.0,0
1.0032383154484534,0.019209686597869077,992.0,1612.0,0.18285688177565365,0.8013654911496504,0.0,39986.0,0.7526973278649983,0.0,0
1.003238365620966,0.019209686597869077,993.0,1612.0,0.18285693194816605,0.8013654911496507,0.0,39986.0,0.7526973278649983,0.0,0
1.0032384152942533,0.019209686597869077,994.0,1612.0,0.1828569816214535,0.8013654911496508,0.0,39986.0,0.7526973278649983,0.0,0
1.0032384644732835,0.019209686597869077,995.0,1612.0,0.18285703080048352,0.8013654911496506,0.0,39986.0,0.7526973278649983,0.0,0
1.003238513162974,0.019209686597869077,996.0,1612.0,0.1828570794901741,0.8013654911496508,0.0,39986.0,0.7526973278649983,0.0,0
1.003238561368194,0.019209686597869077,997.0,1612.0,0.18285712769539408,0.8013654911496507,0.0,39986.0,0.7526973278649983,0.0,0
1.003238609093764,0.019209686597869077,998.0,1612.0,0.18285717542096408,0.8013654911496508,0.0,39986.0,0.7526973278649983,0.0,0
1.0032386563444566,0.019209686597869077,999.0,1612.0,0.1828572226716568,0.8013654911496508,0.0,39986.0,0.7526973278649983,0.0,0
1.0032387031249972,0.019209686597869077,1000.0,1612.0,0.18285726945219716,0.8013654911496509,0.0,39986.0,0.7526973278649983,0.0,0
1.0032387494400634,0.019209686597869077,1001.0,1612.0,0.1828573157672635,0.8013654911496507,0.0,39986.0,0.7526973278649983,0.0,0
1.0032387952942872,0.019209686597869077,1002.0,1612.0,0.18285736162148714,0.8013654911496509,0.0,39986.0,0.7526973278649983,0.0,0
1.0032388406922537,0.019209686597869077,1003.0,1612.0,0.1828574070194537,0.8013654911496507,0.0,39986.0,0.7526973278649983,0.0,0
1.0032388856385028,0.019209686597869077,1004.0,1612.0,0.18285745196570288,0.8013654911496508,0.0,39986.0,0.7526973278649983,0.0,0
1.0032389301375293,0.019209686597869077,1005.0,1612.0,0.18285749646472937,0.8013654911496509,0.0,39986.0,0.7526973278649983,0.0,0
1.0032389301375293,0.019209686597869077,1005.0,1612.0,0.18285749646472937,0.8013654911496509,0.0,39986.0,0.7526973278649983,0.0,0
1.0032389301375293,0.019209686597869077,1005.0,1612.0,0.18285749646472937,0.8013654911496509,0.0,39986.0,0.7526973278649983,0.0,0
0.18953966341372755,0.0071541533892553605,1005.0,3024.0,0.1829902709437417,-5.576170282842307e-17,0.0,39956.0,0.0,0.0,0
0.18953966341372755,0.0071541533892553605,1005.0,3024.0,0.1829902709437417,-5.576170282842307e-17,0.0,39956.0,0.0,0.0,0
0.15557668850851752,0.006428431390274299,1006.0,3112.0,0.14975301803751273,-1.0041305788815789e-17,0.0,39956.0,0.0,0.0,0
0.14473893574100039,0.006428431390274299,1007.0,3112.0,0.1389152652699956,-3.3461161831968974e-17,0.0,39956.0,0.0,0.0,0
0.13789776232212972,0.006428431390274299,1008.0,3112.0,0.13207409185112493,1.1660394264556223e-17,0.0,39956.0,0.0,0.0,0
0.13274730546721858,0.006428431390274299,1009.0,3112.0,0.12692363499621379,-3.029987310034062e-17,0.0,39956.0,0.0,0.0,0
0.1284189978676906,0.006428431390274299,1010.0,3112.0,0.12259532739668577,-6.53549868746367e-19,0.0,39956.0,0.0,0.0,0
0.12455675658996776,0.006410423023949193,1011.0,3117.0,0.11875109448528806,-1.356189908629339e-17,0.0,39956.0,0.0,0.0,0
0.12102374767660483,0.006378729598505361,1012.0,3126.0,0.11524977899736899,-4.965500382859841e-17,0.0,39956.0,0.0,0.0,0
0.11778116529364317,0.006361668209364454,1013.0,3131.0,0.11202425800354822,-3.7953208214890837e-17,0.0,39956.0,0.0,0.0,0
0.11478574941125937,0.006354425036121012,1014.0,3134.0,0.10903608529440785,-2.0996398498186452e-19,0.0,39956.0,0.0,0.0,0
0.11198054573154352,0.006326638486004792,1015.0,3143.0,0.1062586681648082,2.4920654949889752e-17,0.0,39956.0,0.0,0.0,0
0.10936641075749334,0.006300217215024874,1016.0,3153.0,0.10367095446173796,1.2195654564298723e-17,0.0,39956.0,0.0,0.0,0
0.10694556904231321,0.006295332016345578,1017.0,3155.0,0.10125499794523712,-1.7571915475524492e-17,0.0,39956.0,0.0,0.0,0
0.10466315148601002,0.006272951324333338,1018.0,3164.0,0.09899496108094617,-1.2586010142011485e-17,0.0,39956.0,0.0,0.0,0
0.10253547082651548,0.006263575447936547,1019.0,3168.0,0.09687665629784843,5.949965320894527e-18,0.0,39956.0,0.0,0.0,0
0.10046708358052155,0.006184550419467092,1020.0,3184.0,0.09488729408032393,-3.998187432330716e-18,0.0,39956.0,0.0,0.0,0
0.0985213771593117,0.0061108230163504,1021.0,3200.0,0.09301531506223079,-1.2343516525553557e-17,0.0,39956.0,0.0,0.0,0
0.09670266196218723,0.006057162698831015,1022.0,3209.0,0.09125026018262569,9.894922447173503e-18,0.0,39956.0,0.0,0.0,0
0.09500937035093655,0.006031469948872248,1023.0,3213.0,0.0895826613213338,-1.4153346931312726e-17,0.0,39956.0,0.0,0.0,0
0.09337412951330834,0.005974945102624665,1024.0,3222.0,0.08800394532995313,1.3127184920204177e-17,0.0,39956.0,0.0,0.0,0
0.09183319705647053,0.005931609681431177,1025.0,3229.0,0.08650634829430884,-2.5408599422030703e-17,0.0,39956.0,0.0,0.0,0
0.09038532238480257,0.005907244944373499,1026.0,3233.0,0.08508283835969857,3.084104787853331e-17,0.0,39956.0,0.0,0.0,0
0.08899952128964297,0.005877236160516464,1027.0,3238.0,0.08372704604839601,9.903794164848793e-18,0.0,39956.0,0.0,0.0,0
0.08767621144992482,0.00584777110681647,1028.0,3243.0,0.08243320126237784,-2.343316361966612e-17,0.0,39956.0,0.0,0.0,0
0.0863926443070608,0.005801328925836443,1029.0,3251.0,0.08119607630049384,-1.1740239723633833e-17,0.0,39956.0,0.0,0.0,0
0.08517894335655829,0.0057727699708198885,1030.0,3256.0,0.0800109343050079,2.3001406692802005e-17,0.0,39956.0,0.0,0.0,0
0.08402453000847658,0.005755808311585437,1031.0,3259.0,0.07887348261616063,3.261834865281642e-18,0.0,39956.0,0.0,0.0,0
0.08291976737691435,0.00574469773020605,1032.0,3261.0,0.0777798305659778,-1.4469771528398072e-17,0.0,39956.0,0.0,0.0,0
0.08184443714758013,0.005722746778603448,1033.0,3265.0,0.07672645128824616,-2.2711597248742528e-18,0.0,39956.0,0.0,0.0,0
0.08080097701648918,0.005695590773516273,1034.0,3270.0,0.07571014716224238,2.796365411251424e-17,0.0,39956.0,0.0,0.0,0
0.07979197165773558,0.005668714032667639,1035.0,3275.0,0.07472801854433744,-4.9158187638782167e-17,0.0,39956.0,0.0,0.0,0
0.07883082463702105,0.005658150081721081,1036.0,3277.0,0.07377743547456946,7.626719961524347e-18,0.0,39956.0,0.0,0.0,0
0.07789894147195449,0.00564769031615118,1037.0,3279.0,0.0728560120750728,1.0341465570163102e-17,0.0,39956.0,0.0,0.0,0
0.07699932179495934,0.00564249933002611,1038.0,3280.0,0.07196158338420271,3.5306479108429306e-17,0.0,39956.0,0.0,0.0,0
0.07609426540546502,0.005606841930162499,1039.0,3287.0,0.071092184394572,2.9019388515873757e-17,0.0,39956.0,0.0,0.0,0
0.0752228575390736,0.005581587373067255,1040.0,3292.0,0.07024603108527584,-1.3487968105665973e-17,0.0,39956.0,0.0,0.0,0
0.07436828408196415,0.005551541742695398,1041.0,3298.0,0.06942150325853824,-2.967589562384522e-17,0.0,39956.0,0.0,0.0,0
0.07355403155707023,0.005541663467266953,1042.0,3300.0,0.06861712900907276,1.843247209002763e-17,0.0,39956.0,0.0,0.0,0
0.07275381910195819,0.005527009350438,1043.0,3303.0,0.06783157067078968,7.952016276284982e-18,0.0,39956.0,0.0,0.0,0
0.07196174416716634,0.005502892986167528,1044.0,3308.0,0.0670636121002683,1.1453387518799455e-17,0.0,39956.0,0.0,0.0,0
0.07119593541996115,0.005488549169441674,1045.0,3311.0,0.06631214716978898,-3.4561254823704937e-17,0.0,39956.0,0.0,0.0,0
0.07045995760499896,0.005488549169441674,1046.0,3311.0,0.06557616935482677,-4.82325717613269e-18,0.0,39956.0,0.0,0.0,0
0.06973855056203199,0.005488549169441674,1047.0,3311.0,0.0648547623118598,2.3394719509739862e-17,0.0,39956.0,0.0,0.0,0
0.06903087960242989,0.005488549169441674,1048.0,3311.0,0.06414709135225768,4.305740311740771e-18,0.0,39956.0,0.0,0.0,0
0.0683361839771545,0.005488549169441674,1049.0,3311.0,0.06345239572698232,-1.5365815013602368e-17,0.0,39956.0,0.0,0.0,0
0.06765376989511897,0.005488549169441674,1050.0,3311.0,0.06276998164494677,2.644659039003964e-17,0.0,39956.0,0.0,0.0,0
0.06698300420539392,0.005488549169441674,1051.0,3311.0,0.06209921595522175,7.999332103886529e-18,0.0,39956.0,0.0,0.0,0
0.0663233086800936,0.005488549169441674,1052.0,3311.0,0.06143952042992143,2.141041198969999e-18,0.0,39956.0,0.0,0.0,0
0.06567415484078373,0.005488549169441674,1053.0,3311.0,0.06079036659061156,-1.7500941734122173e-17,0.0,39956.0,0.0,0.0,0
0.06503505927669456,0.005488549169441674,1054.0,3311.0,0.06015127102652237,2.403052594313565e-17,0.0,39956.0,0.0,0.0,0
0.06440557940794203,0.005488549169441674,1055.0,3311.0,0.05952179115776985,-2.306646595575413e-19,0.0,39956.0,0.0,0.0,0
0.06378530965141521,0.005488549169441674,1056.0,3311.0,0.05890152140124303,-2.3838305393504366e-17,0.0,39956.0,0.0,0.0,0
0.0631738779510152,0.005488549169441674,1057.0,3311.0,0.058290089700843005,-1.3351935101311525e-17,0.0,39956.0,0.0,0.0,0
0.06257094263757867,0.005488549169441674,1058.0,3311.0,0.05768715438740648,-9.94223827477505e-18,0.0,39956.0,0.0,0.0,0
0.06197618958711749,0.005488549169441674,1059.0,3311.0,0.0570924013369453,1.7072142046483153e-17,0.0,39956.0,0.0,0.0,0
0.06138932964899034,0.005488549169441674,1060.0,3311.0,0.05650554139881814,-1.8790298036264326e-17,0.0,39956.0,0.0,0.0,0
0.060810096318324756,0.005488549169441674,1061.0,3311.0,0.05592630806815258,-2.8354009690227e-17,0.0,39956.0,0.0,0.0,0
0.0602382436294498,0.005488549169441674,1062.0,3311.0,0.0553544553792776,-4.196322460412194e-18,0.0,39956.0,0.0,0.0,0
0.059673544249313315,0.005488549169441674,1063.0,3311.0,0.054789755999141126,1.4750709254782258e-17,0.0,39956.0,0.0,0.0,0
0.05911578775185697,0.005488549169441674,1064.0,3311.0,0.05423199950168478,-1.2917220935222314e-17,0.0,39956.0,0.0,0.0,0
0.058564779056133755,0.005488549169441674,1065.0,3311.0,0.053680990805961566,8.135365108240977e-18,0.0,39956.0,0.0,0.0,0
0.05802033701258985,0.005488549169441674,1066.0,3311.0,0.05313654876241765,1.7453625906520627e-17,0.0,39956.0,0.0,0.0,0
0.057482293123416704,0.005488549169441674,1067.0,3311.0,0.052598504873244516,-2.9536905380265676e-17,0.0,39956.0,0.0,0.0,0
0.056950490384218976,0.005488549169441674,1068.0,3311.0,0.05206670213404679,1.1196107706216043e-17,0.0,39956.0,0.0,0.0,0
0.05642478223545767,0.005488549169441674,1069.0,3311.0,0.051540993985285485,-1.2216355238874399e-17,0.0,39956.0,0.0,0.0,0
0.05590503161322791,0.005488549169441674,1070.0,3311.0,0.05102124336305572,7.576446894697703e-18,0.0,39956.0,0.0,0.0,0
0.05539111008992122,0.005488549169441674,1071.0,3311.0,0.05050732183974902,-4.089861848308713e-18,0.0,39956.0,0.0,0.0,0
0.054882897096224445,0.005488549169441674,1072.0,3311.0,0.049999108846052256,5.133767294767842e-18,0.0,39956.0,0.0,0.0,0
0.054380279216718584,0.005488549169441674,1073.0,3311.0,0.049496490966546396,2.7324890439893357e-18,0.0,39956.0,0.0,0.0,0
0.05388314955207846,0.005488549169441674,1074.0,3311.0,0.04899936130190627,-1.0051656126103627e-17,0.0,39956.0,0.0,0.0,0
0.0533914071415394,0.005488549169441674,1075.0,3311.0,0.048507618891367205,1.225184210957556e-17,0.0,39956.0,0.0,0.0,0
0.05290495643989992,0.005488549169441674,1076.0,3311.0,0.04802116818972774,-2.3876749503430622e-17,0.0,39956.0,0.0,0.0,0
0.05242370684387531,0.005488549169441674,1077.0,3311.0,0.04753991859370312,-2.1992988117044035e-17,0.0,39956.0,0.0,0.0,0
0.05194757226310913,0.005488549169441674,1078.0,3311.0,0.04706378401293694,1.1184278749315656e-17,0.0,39956.0,0.0,0.0,0
0.05147647073159767,0.005488549169441674,1079.0,3311.0,0.04659268248142547,-6.290047831780646e-18,0.0,39956.0,0.0,0.0,0
0.05101032405568567,0.005488549169441674,1080.0,3311.0,0.04612653580551348,3.6107890938430505e-18,0.0,39956.0,0.0,0.0,0
0.050549057495156396,0.005488549169441674,1081.0,3311.0,0.04566526924498421,-5.603968331558215e-18,0.0,39956.0,0.0,0.0,0
0.050092599474271714,0.005488549169441674,1082.0,3311.0,0.045208811224099525,-9.750017725143765e-18,0.0,39956.0,0.0,0.0,0
0.04964088131991523,0.005488549169441674,1083.0,3311.0,0.04475709306974304,1.9647897411542366e-17,0.0,39956.0,0.0,0.0,0
0.04919383702426352,0.005488549169441674,1084.0,3311.0,0.04431004877409134,-2.1439984381950955e-17,0.0,39956.0,0.0,0.0,0
0.048751403029655645,0.005488549169441674,1085.0,3311.0,0.043867614779483456,1.632691776175879e-17,0.0,39956.0,0.0,0.0,0
0.04831351803355111,0.005488549169441674,1086.0,3311.0,0.04342972978337892,1.2727957624816126e-17,0.0,39956.0,0.0,0.0,0
0.047880122811670006,0.005488549169441674,1087.0,3311.0,0.04299633456149782,1.5998664207773057e-18,0.0,39956.0,0.0,0.0,0
0.047451160057587566,0.005488549169441674,1088.0,3311.0,0.04256737180741538,1.9399489316634245e-18,0.0,39956.0,0.0,0.0,0
0.0470265742372216,0.005488549169441674,1089.0,3311.0,0.04214278598704941,-1.596909181552209e-19,0.0,39956.0,0.0,0.0,0
0.046606311456799276,0.005488549169441674,1090.0,3311.0,0.04172252320662709,4.6635662579774694e-18,0.0,39956.0,0.0,0.0,0
0.046190319343023936,0.005488549169441674,1091.0,3311.0,0.04130653109285175,2.8271206991924293e-18,0.0,39956.0,0.0,0.0,0
0.04577854693428484,0.005488549169441674,1092.0,3311.0,0.04089475868411265,-9.223629143076556e-18,0.0,39956.0,0.0,0.0,0
0.04537094458186241,0.005488549169441674,1093.0,3311.0,0.04048715633169022,1.5141064832495018e-18,0.0,39956.0,0.0,0.0,0
0.04496746386018124,0.005488549169441674,1094.0,3311.0,0.040083675610009056,-1.120793666311643e-17,0.0,39956.0,0.0,0.0,0
0.04456805748525373,0.005488549169441674,1095.0,3311.0,0.039684269235081546,-5.246142385321516e-18,0.0,39956.0,0.0,0.0,0
0.04417087925393173,0.0054867491828354655,1096.0,3312.0,0.03928889099036576,7.265936776062551e-18,0.0,39956.0,0.0,0.0,0
0.043775925568454846,0.005483190828388617,1097.0,3314.0,0.03889749565933572,-9.404020735807453e-18,0.0,39956.0,0.0,0.0,0
0.043388468873247855,0.005483190828388617,1098.0,3314.0,0.038510038964128725,-1.4162218648988016e-17,0.0,39956.0,0.0,0.0,0
0.04300490741881375,0.005483190828388617,1099.0,3314.0,0.038126477509694626,1.1414943408873198e-18,0.0,39956.0,0.0,0.0,0
0.04262347213709522,0.0054814643234378764,1100.0,3315.0,0.03774676873292683,3.483627807163893e-18,0.0,39956.0,0.0,0.0,0
0.04224757426047306,0.0054814643234378764,1101.0,3315.0,0.037370870856304673,-1.5986835250872672e-17,0.0,39956.0,0.0,0.0,0
0.04187204084235104,0.00547805891599995,1102.0,3317.0,0.03699874284562058,-9.197013990050685e-19,0.0,39956.0,0.0,0.0,0
0.04150194982805223,0.005476366375915026,1103.0,3318.0,0.036630344371406685,-4.518661535947732e-18,0.0,39956.0,0.0,0.0,0
0.04113724123035806,0.005476366375915026,1104.0,3318.0,0.03626563577371252,-7.718394377502344e-19,0.0,39956.0,0.0,0.0,0
0.04077286801161871,0.005473050900970821,1105.0,3320.0,0.035904578029917374,8.94269141669237e-18,0.0,39956.0,0.0,0.0,0
0.04041377844498292,0.005471406638960221,1106.0,3321.0,0.035547132725292196,1.2627411491162839e-18,0.0,39956.0,0.0,0.0,0
0.04005664201045359,0.005468140903670745,1107.0,3323.0,0.03519326202605234,-1.1852614814187507e-17,0.0,39956.0,0.0,0.0,0
0.03970630863906843,0.005468140903670745,1108.0,3323.0,0.03484292865466718,4.12830595823497e-18,0.0,39956.0,0.0,0.0,0
0.03935787713888339,0.005466542190938082,1109.0,3324.0,0.03449609586721479,-1.0379909680089359e-17,0.0,39956.0,0.0,0.0,0
0.03901291968455565,0.005464953171234553,1110.0,3325.0,0.03415272743259058,1.2290286219501817e-17,0.0,39956.0,0.0,0.0,0
0.038671401185102115,0.00546337449097605,1111.0,3326.0,0.03381278761339556,-1.2692470754114966e-17,0.0,39956.0,0.0,0.0,0
0.038333298390432965,0.005461818161353911,1112.0,3327.0,0.03347624114834854,6.51775525211309e-18,0.0,39956.0,0.0,0.0,0
0.0379985689739322,0.005460276657122712,1113.0,3328.0,0.03314305323607898,-5.068708031815715e-18,0.0,39956.0,0.0,0.0,0
0.037667178807965725,0.005458750207062183,1114.0,3329.0,0.03281318952017303,7.54391726322164e-18,0.0,39956.0,0.0,0.0,0
0.03733909218721252,0.005457237031126432,1115.0,3330.0,0.03248661607535557,-9.034365832670368e-18,0.0,39956.0,0.0,0.0,0
0.03701577550656072,0.005457237031126432,1116.0,3330.0,0.032163299394703776,-1.2547566032085228e-17,0.0,39956.0,0.0,0.0,0
0.036695682489653,0.005457237031126432,1117.0,3330.0,0.03184320637779605,-6.4822683814119304e-18,0.0,39956.0,0.0,0.0,0
0.03637878043156775,0.005457237031126432,1118.0,3330.0,0.03152630431971081,-1.6264815738031759e-19,0.0,39956.0,0.0,0.0,0
0.03606503701265351,0.005457237031126432,1119.0,3330.0,0.031212560900796573,-1.2648112165738515e-17,0.0,39956.0,0.0,0.0,0
0.035754420288999965,0.005457237031126432,1120.0,3330.0,0.030901944177143034,-1.626481573803176e-18,0.0,39956.0,0.0,0.0,0
0.035446898683545586,0.005457237031126432,1121.0,3330.0,0.030594422571688647,-1.6767546406298196e-18,0.0,39956.0,0.0,0.0,0
0.0351424409777644,0.005457237031126432,1122.0,3330.0,0.03028996486590745,-3.850325471075882e-18,0.0,39956.0,0.0,0.0,0
0.03484101630387913,0.005457237031126432,1123.0,3330.0,0.029988540192022187,1.0087142996804787e-17,0.0,39956.0,0.0,0.0,0
0.03454259413755328,0.005457237031126432,1124.0,3330.0,0.02969011802569632,1.4378097112420074e-17,0.0,39956.0,0.0,0.0,0
0.03424714429101934,0.005457237031126432,1125.0,3330.0,0.029394668179162406,-8.481362097577289e-18,0.0,39956.0,0.0,0.0,0
0.033954636906604205,0.005457237031126432,1126.0,3330.0,0.029102160794747246,2.4545085568302475e-19,0.0,39956.0,0.0,0.0,0
0.03366504245061615,0.005457237031126432,1127.0,3330.0,0.028812566338759203,2.7117883694136586e-18,0.0,39956.0,0.0,0.0,0
0.033378331707562096,0.005457237031126432,1128.0,3330.0,0.028525855595705144,-4.648780061851987e-18,0.0,39956.0,0.0,0.0,0
0.033094475774665885,0.005457237031126432,1129.0,3330.0,0.028241999662808936,-2.2179294188225126e-18,0.0,39956.0,0.0,0.0,0
0.03281344605666134,0.005457237031126432,1130.0,3330.0,0.027960969944804393,1.103050230961063e-17,0.0,39956.0,0.0,0.0,0
0.03253521426083659,0.005457237031126432,1131.0,3330.0,0.02768273814897964,7.765710205103891e-18,0.0,39956.0,0.0,0.0,0
0.03225975239230824,0.005457237031126432,1132.0,3330.0,0.027407276280451268,1.1882187206438474e-17,0.0,39956.0,0.0,0.0,0
0.031987032749505616,0.005457237031126432,1133.0,3330.0,0.027134556637648664,1.1669265982231513e-17,0.0,39956.0,0.0,0.0,0
0.03171702791984779,0.005457237031126432,1134.0,3330.0,0.026864551807990845,7.440413890343256e-18,0.0,39956.0,0.0,0.0,0
0.031449710775597224,0.005457237031126432,1135.0,3330.0,0.02659723466374028,1.3485010866440877e-18,0.0,39956.0,0.0,0.0,0
0.031185054469875625,0.005457237031126432,1136.0,3330.0,0.02633257835801868,-1.5797571940466484e-17,0.0,39956.0,0.0,0.0,0
0.030923032432828887,0.005457237031126432,1137.0,3330.0,0.02607055632097194,-1.1104433290238046e-17,0.0,39956.0,0.0,0.0,0
0.030663618367929125,0.005457237031126432,1138.0,3330.0,0.02581114225607218,6.210202372703035e-20,0.0,39956.0,0.0,0.0,0
0.030406786248403178,0.005457237031126432,1139.0,3330.0,0.025554310136546236,-1.3765948592825061e-17,0.0,39956.0,0.0,0.0,0
0.03015251031377779,0.005457237031126432,1140.0,3330.0,0.025300034201920844,1.978393041589681e-18,0.0,39956.0,0.0,0.0,0
0.029900765066532255,0.005457237031126432,1141.0,3330.0,0.02504828895467531,2.037537826091615e-18,0.0,39956.0,0.0,0.0,0
0.02965152526885106,0.005457237031126432,1142.0,3330.0,0.024799049156994116,2.253416289523673e-18,0.0,39956.0,0.0,0.0,0
0.029404765939468672,0.005457237031126432,1143.0,3330.0,0.024552289827611727,1.5762085069765322e-18,0.0,39956.0,0.0,0.0,0
0.029160462350600148,0.005457237031126432,1144.0,3330.0,0.024307986238743206,-6.591686232740507e-18,0.0,39956.0,0.0,0.0,0
0.028918590024951472,0.005457237031126432,1145.0,3330.0,0.024066113913094524,5.751830292813049e-18,0.0,39956.0,0.0,0.0,0
0.028679124732804012,0.005457237031126432,1146.0,3330.0,0.023826648620947067,-8.025947256912399e-18,0.0,39956.0,0.0,0.0,0
0.028442042489168474,0.005457237031126432,1147.0,3330.0,0.023589566377311532,2.92470959362062e-18,0.0,39956.0,0.0,0.0,0
0.028207319551003293,0.005457237031126432,1148.0,3330.0,0.023354843439146348,1.1414943408873198e-18,0.0,39956.0,0.0,0.0,0
0.027974932414493944,0.005457237031126432,1149.0,3330.0,0.023122456302637002,-1.152140402097668e-17,0.0,39956.0,0.0,0.0,0
0.027744857812389025,0.005457237031126432,1150.0,3330.0,0.022892381700532084,2.306646595575413e-19,0.0,39956.0,0.0,0.0,0
0.027517072711389732,0.005457237031126432,1151.0,3330.0,0.02266459659953279,-1.3692017612197644e-17,0.0,39956.0,0.0,0.0,0
0.02729155430958997,0.005457237031126432,1152.0,3330.0,0.022439078197733026,-6.50001181676251e-18,0.0,39956.0,0.0,0.0,0
0.027068280033963766,0.005457237031126432,1153.0,3330.0,0.02221580392210682,3.708377988271241e-18,0.0,39956.0,0.0,0.0,0
0.02684722753789785,0.005457237031126432,1154.0,3330.0,0.021994751426040904,2.0138799122908414e-18,0.0,39956.0,0.0,0.0,0
0.026628374698766825,0.005457237031126432,1155.0,3330.0,0.021775898586909863,9.939281035549953e-18,0.0,39956.0,0.0,0.0,0
0.026411699615548817,0.005457237031126432,1156.0,3330.0,0.021559223503691865,7.183134077759844e-18,0.0,39956.0,0.0,0.0,0
0.02619718060647965,0.005457237031126432,1157.0,3330.0,0.021344704494622703,1.5141064832495018e-18,0.0,39956.0,0.0,0.0,0
0.025984796206743845,0.005457237031126432,1158.0,3330.0,0.021132320094886897,6.748419911670632e-18,0.0,39956.0,0.0,0.0,0
0.02577452516620055,0.005457237031126432,1159.0,3330.0,0.0209220490543436,2.277074203324446e-19,0.0,39956.0,0.0,0.0,0
0.025566346447143274,0.005457237031126432,1160.0,3330.0,0.02071387033528633,-1.9754358023645844e-18,0.0,39956.0,0.0,0.0,0
0.025360239222091692,0.005457237031126432,1161.0,3330.0,0.020507763110234747,-2.4397223607047637e-18,0.0,39956.0,0.0,0.0,0
0.025156182871614453,0.005457237031126432,1162.0,3330.0,0.020303706759757505,6.195416176577552e-18,0.0,39956.0,0.0,0.0,0
0.024954156982181775,0.005457237031126432,1163.0,3330.0,0.02010168087032483,3.7704800119982714e-18,0.0,39956.0,0.0,0.0,0
0.024754141344046795,0.005457237031126432,1164.0,3330.0,0.01990166523218984,5.7666164889385325e-18,0.0,39956.0,0.0,0.0,0
0.02455611594915458,0.005457237031126432,1165.0,3330.0,0.019703639837297632,2.392406533103217e-18,0.0,39956.0,0.0,0.0,0
0.02436006098907804,0.005457237031126432,1166.0,3330.0,0.019507584877221096,-6.1806299804520684e-18,0.0,39956.0,0.0,0.0,0
0.024165956852979807,0.005457237031126432,1167.0,3330.0,0.019313480741122862,1.5081920047993086e-19,0.0,39956.0,0.0,0.0,0
0.02397378412559924,0.005457237031126432,1168.0,3330.0,0.01912130801374229,4.8557868076087546e-18,0.0,39956.0,0.0,0.0,0
0.02378352358526406,0.005457237031126432,1169.0,3330.0,0.01893104747340711,4.849872329158561e-19,0.0,39956.0,0.0,0.0,0
0.023595156201925732,0.005457237031126432,1170.0,3330.0,0.018742680090068787,-6.0948700429242644e-18,0.0,39956.0,0.0,0.0,0
0.02340866313521803,0.005457237031126432,1171.0,3330.0,0.018556187023361086,-5.6157972884586015e-18,0.0,39956.0,0.0,0.0,0
0.02322402573253826,0.005457237031126432,1172.0,3330.0,0.018371549620681313,1.2302115176402204e-18,0.0,39956.0,0.0,0.0,0
0.023041225527150527,0.005457237031126432,1173.0,3330.0,0.01818874941529358,-1.4283465457216982e-18,0.0,39956.0,0.0,0.0,0
0.02286024423631065,0.005457237031126432,1174.0,3330.0,0.01800776812445369,1.108373261566237e-17,0.0,39956.0,0.0,0.0,0
0.022681063759412062,0.005457237031126432,1175.0,3330.0,0.017828587647555124,-5.92039292864356e-18,0.0,39956.0,0.0,0.0,0
0.022503666176152588,0.005457237031126432,1176.0,3330.0,0.017651190064295642,3.0873577510009374e-18,0.0,39956.0,0.0,0.0,0
0.02232803374472115,0.005457237031126432,1177.0,3330.0,0.017475557632864205,-2.847821373768106e-18,0.0,39956.0,0.0,0.0,0
0.022154148900004656,0.005457237031126432,1178.0,3330.0,0.01730167278814771,-7.260022297612358e-18,0.0,39956.0,0.0,0.0,0
0.021981994251814144,0.005457237031126432,1179.0,3330.0,0.017129518139957202,5.8849060579424e-19,0.0,39956.0,0.0,0.0,0
0.02181155258313015,0.005457237031126432,1180.0,3330.0,0.016959076471273205,-1.3485010866440877e-18,0.0,39956.0,0.0,0.0,0
0.021642806848366898,0.005457237031126432,1181.0,3330.0,0.016790330736509956,1.8837613863865875e-18,0.0,39956.0,0.0,0.0,0
0.021475740171654916,0.005457237031126432,1182.0,3330.0,0.016623264059797974,-2.1262550028445153e-18,0.0,39956.0,0.0,0.0,0
0.021310335845141894,0.005457237031126432,1183.0,3330.0,0.01645785973328495,-1.874889668711297e-18,0.0,39956.0,0.0,0.0,0
0.0211465773273114,0.005457237031126432,1184.0,3330.0,0.016294101215454455,-3.578259462366987e-18,0.0,39956.0,0.0,0.0,0
0.020984448241319276,0.005457237031126432,1185.0,3330.0,0.016131972129462328,5.470892566428865e-19,0.0,39956.0,0.0,0.0,0
0.02082393237334734,0.005457237031126432,1186.0,3330.0,0.01597145626149039,-1.9044620609622642e-18,0.0,39956.0,0.0,0.0,0
0.020665013670974276,0.005457237031126432,1187.0,3330.0,0.015812537559117334,6.328491941706902e-19,0.0,39956.0,0.0,0.0,0
0.020507676241563313,0.005457237031126432,1188.0,3330.0,0.01565520012970637,-2.9927260957978438e-18,0.0,39956.0,0.0,0.0,0
0.020351904350666666,0.005457237031126432,1189.0,3330.0,0.015499428238809725,-9.682001222966542e-18,0.0,39956.0,0.0,0.0,0
0.020197682420446315,0.005457237031126432,1190.0,3330.0,0.015345206308589364,2.6496863456866284e-18,0.0,39956.0,0.0,0.0,0
0.02004499502811095,0.005457237031126432,1191.0,3330.0,0.015192518916254009,-2.3657913800773468e-18,0.0,39956.0,0.0,0.0,0
0.019893826904369076,0.005457237031126432,1192.0,3330.0,0.015041350792512127,1.475662373323245e-18,0.0,39956.0,0.0,0.0,0
0.01974416293189775,0.005457237031126432,1193.0,3330.0,0.014891686820040802,-2.2179294188225125e-19,0.0,39956.0,0.0,0.0,0
0.01959598814382702,0.005457237031126432,1194.0,3330.0,0.014743512031970068,2.7413607616646256e-18,0.0,39956.0,0.0,0.0,0
0.019449287722239715,0.005457237031126432,1195.0,3330.0,0.01459681161038277,-4.8617012860589474e-18,0.0,39956.0,0.0,0.0,0
0.019304046996686537,0.005457237031126432,1196.0,3330.0,0.014451570884829592,1.6885835975302063e-18,0.0,39956.0,0.0,0.0,0
0.019160251442716072,0.005457237031126432,1197.0,3330.0,0.014307775330859127,-1.4904485694487285e-18,0.0,39956.0,0.0,0.0,0
0.01901788668041985,0.005457237031126432,1198.0,3330.0,0.0141654105685629,3.288450018307512e-18,0.0,39956.0,0.0,0.0,0
0.018876938472991912,0.005457237031126432,1199.0,3330.0,0.014024462361134969,-3.6314897684187276e-18,0.0,39956.0,0.0,0.0,0
0.018737392725303104,0.005457237031126432,1200.0,3330.0,0.01388491661344616,1.475662373323245e-18,0.0,39956.0,0.0,0.0,0
0.018599235482489547,0.005457237031126432,1201.0,3330.0,0.013746759370632598,3.4422264580125396e-18,0.0,39956.0,0.0,0.0,0
0.01846245292855546,0.005457237031126432,1202.0,3330.0,0.013609976816698512,-3.829624796500205e-18,0.0,39956.0,0.0,0.0,0
0.01832703138499,0.005457237031126432,1203.0,3330.0,0.013474555273133052,9.137869205548753e-19,0.0,39956.0,0.0,0.0,0
0.018192957309397927,0.005457237031126432,1204.0,3330.0,0.013340481197540974,4.633993865726503e-18,0.0,39956.0,0.0,0.0,0
0.018060217294144112,0.005457237031126432,1205.0,3330.0,0.01320774118228717,1.1474088193375131e-18,0.0,39956.0,0.0,0.0,0
0.017928798065011603,0.005457237031126432,1206.0,3330.0,0.013076321953154663,-1.0329636613262716e-17,0.0,39956.0,0.0,0.0,0
0.017798686479873156,0.005457237031126432,1207.0,3330.0,0.01294621036801621,1.1060074701861597e-18,0.0,39956.0,0.0,0.0,0
0.01766986952737599,0.005457237031126432,1208.0,3330.0,0.012817393415519046,2.776847632365786e-18,0.0,39956.0,0.0,0.0,0
0.01754233432563987,0.005457237031126432,1209.0,3330.0,0.012689858213782922,6.576900036615024e-18,0.0,39956.0,0.0,0.0,0
0.017416068120968076,0.005457237031126432,1210.0,3330.0,0.012563592009111127,1.6176098561278858e-18,0.0,39956.0,0.0,0.0,0
0.01729105828657135,0.005457237031126432,1211.0,3330.0,0.012438582174714408,-9.078724421046819e-19,0.0,39956.0,0.0,0.0,0
0.01716729232130456,0.005457237031126432,1212.0,3330.0,0.012314816209447613,-3.2825355398573186e-18,0.0,39956.0,0.0,0.0,0
0.017044757848415994,0.005457237031126432,1213.0,3330.0,0.012192281736559049,-1.5909947031020157e-18,0.0,39956.0,0.0,0.0,0
0.016923442614309146,0.005457237031126432,1214.0,3330.0,0.012070966502452199,-3.492499524839183e-18,0.0,39956.0,0.0,0.0,0
0.01680333448731691,0.005457237031126432,1215.0,3330.0,0.011950858375459962,2.8359924168677193e-18,0.0,39956.0,0.0,0.0,0
0.016684421456487915,0.005457237031126432,1216.0,3330.0,0.011831945344630968,-5.639455202259375e-18,0.0,39956.0,0.0,0.0,0
0.01656669163038512,0.005457237031126432,1217.0,3330.0,0.011714215518528175,3.1228446217020977e-18,0.0,39956.0,0.0,0.0,0
0.01645013323589622,0.005457237031126432,1218.0,3330.0,0.011597657124039276,2.3096038348005098e-18,0.0,39956.0,0.0,0.0,0
0.016334734617056073,0.005457237031126432,1219.0,3330.0,0.011482258505199126,-7.688821985251377e-20,0.0,39956.0,0.0,0.0,0
0.016220484233880783,0.005457237031126432,1220.0,3330.0,0.011368008122023836,1.1710667331382866e-18,0.0,39956.0,0.0,0.0,0
0.016107370661213434,0.005457237031126432,1221.0,3330.0,0.011254894549356487,-5.246142385321516e-18,0.0,39956.0,0.0,0.0,0
0.015995382587581344,0.005457237031126432,1222.0,3330.0,0.011142906475724398,-4.5423194497485055e-18,0.0,39956.0,0.0,0.0,0
0.01588450881406468,0.005457237031126432,1223.0,3330.0,0.01103203270220773,1.6708401621796262e-18,0.0,39956.0,0.0,0.0,0
0.01577473825317635,0.005457237031126432,1224.0,3330.0,0.010922262141319408,-4.3264409863164476e-18,0.0,39956.0,0.0,0.0,0
0.015666059927753138,0.005457237031126432,1225.0,3330.0,0.010813583815896194,-4.965204658937331e-18,0.0,39956.0,0.0,0.0,0
0.01555846296985774,0.005457237031126432,1226.0,3330.0,0.010705986858000791,-7.067801747981073e-19,0.0,39956.0,0.0,0.0,0
0.015451936619691863,0.005457237031126432,1227.0,3330.0,0.010599460507834916,-3.8444109926256883e-19,0.0,39956.0,0.0,0.0,0
0.015346470224520105,0.005457237031126432,1228.0,3330.0,0.010493994112663163,-4.545276688973603e-18,0.0,39956.0,0.0,0.0,0
0.015242053237604561,0.005457237031126432,1229.0,3330.0,0.010389577125747616,-1.978393041589681e-18,0.0,39956.0,0.0,0.0,0
0.015138675217150012,0.005457237031126432,1230.0,3330.0,0.010286199105293067,1.1267081447618364e-18,0.0,39956.0,0.0,0.0,0
0.015036325825259657,0.005457237031126432,1231.0,3330.0,0.01018384971340271,2.188357026571546e-18,0.0,39956.0,0.0,0.0,0
0.014934994826901225,0.005457237031126432,1232.0,3330.0,0.01008251871504428,-4.13717767591026e-18,0.0,39956.0,0.0,0.0,0
0.014834672088883408,0.005457237031126432,1233.0,3330.0,0.00998219597702646,-2.4426795999298605e-18,0.0,39956.0,0.0,0.0,0
0.014735347578842421,0.005457237031126432,1234.0,3330.0,0.009882871466985473,3.146502535502871e-18,0.0,39956.0,0.0,0.0,0
0.01463701136423872,0.005457237031126432,1235.0,3330.0,0.009784535252381772,-4.790727544656627e-19,0.0,39956.0,0.0,0.0,0
0.014539653611363687,0.005457237031126432,1236.0,3330.0,0.009687177499506733,5.941093603219237e-18,0.0,39956.0,0.0,0.0,0
0.014443264584356163,0.005457237031126432,1237.0,3330.0,0.009590788472499213,-2.4545085568302472e-18,0.0,39956.0,0.0,0.0,0
0.014347834644228875,0.005457237031126432,1238.0,3330.0,0.009495358532371927,1.9517778885638112e-18,0.0,39956.0,0.0,0.0,0
0.014253354247904405,0.005457237031126432,1239.0,3330.0,0.009400878136047454,4.58372079889986e-18,0.0,39956.0,0.0,0.0,0
0.014159813947260885,0.005457237031126432,1240.0,3330.0,0.009307337835403936,1.2834418236919606e-18,0.0,39956.0,0.0,0.0,0
0.014067204388187139,0.005457237031126432,1241.0,3330.0,0.009214728276330195,4.0218453461314896e-19,0.0,39956.0,0.0,0.0,0
0.013975516309647227,0.005457237031126432,1242.0,3330.0,0.009123040197790278,9.670172266066155e-19,0.0,39956.0,0.0,0.0,0
0.013884740542754284,0.005457237031126432,1243.0,3330.0,0.009032264430897344,-5.754787532038146e-18,0.0,39956.0,0.0,0.0,0
0.013794868009853651,0.005457237031126432,1244.0,3330.0,0.008942391897996702,1.1326226232120298e-18,0.0,39956.0,0.0,0.0,0
0.013705889723615005,0.005457237031126432,1245.0,3330.0,0.008853413611758058,1.7713862958329136e-18,0.0,39956.0,0.0,0.0,0
0.013617796786133654,0.005457237031126432,1246.0,3330.0,0.008765320674276706,1.5111492440244052e-18,0.0,39956.0,0.0,0.0,0
0.013530580388040704,0.005457237031126432,1247.0,3330.0,0.008678104276183759,5.530037350930798e-19,0.0,39956.0,0.0,0.0,0
0.013444231807622097,0.005457237031126432,1248.0,3330.0,0.00859175569576515,1.4017313926958279e-18,0.0,39956.0,0.0,0.0,0
0.013358742409946405,0.005457237031126432,1249.0,3330.0,0.008506266298089458,-2.9454102681962968e-18,0.0,39956.0,0.0,0.0,0
0.01327410364600134,0.005457237031126432,1250.0,3330.0,0.008421627534144395,-2.2711597248742528e-18,0.0,39956.0,0.0,0.0,0
0.013190307051838806,0.005457237031126432,1251.0,3330.0,0.008337830939981862,-3.1317163393773877e-18,0.0,39956.0,0.0,0.0,0
0.01310734424772851,0.005457237031126432,1252.0,3330.0,0.008254868135871563,-3.1346735786024842e-19,0.0,39956.0,0.0,0.0,0
0.013025206937319936,0.005457237031126432,1253.0,3330.0,0.008172730825462987,-1.9931792377151647e-18,0.0,39956.0,0.0,0.0,0
0.012943886906812748,0.005457237031126432,1254.0,3330.0,0.008091410794955803,2.4278934038043773e-18,0.0,39956.0,0.0,0.0,0
0.012863376024135339,0.005457237031126432,1255.0,3330.0,0.008010899912278392,3.1346735786024842e-19,0.0,39956.0,0.0,0.0,0
0.012783666238131644,0.005457237031126432,1256.0,3330.0,0.007931190126274698,-8.516848968278448e-19,0.0,39956.0,0.0,0.0,0
0.012704749577756004,0.005457237031126432,1257.0,3330.0,0.007852273465899052,3.909470255577815e-18,0.0,39956.0,0.0,0.0,0
0.01262661815127603,0.005457237031126432,1258.0,3330.0,0.007774142039419077,2.708831130188562e-18,0.0,39956.0,0.0,0.0,0
0.012549264145483442,0.005457237031126432,1259.0,3330.0,0.007696788033626498,-5.408790542701834e-18,0.0,39956.0,0.0,0.0,0
0.012472679824912737,0.005457237031126432,1260.0,3330.0,0.007620203713055792,3.1346735786024842e-19,0.0,39956.0,0.0,0.0,0
0.012396857531067595,0.005457237031126432,1261.0,3330.0,0.00754438141921065,-2.8064200246167526e-18,0.0,39956.0,0.0,0.0,0
0.012321789681655074,0.005457237031126432,1262.0,3330.0,0.007469313569798126,1.242040474540607e-19,0.0,39956.0,0.0,0.0,0
0.01224746876982731,0.005457237031126432,1263.0,3330.0,0.0073949926579703635,5.027306682664362e-20,0.0,39956.0,0.0,0.0,0
0.012173887363430873,0.005457237031126432,1264.0,3330.0,0.007321411251573929,-2.401278250778507e-18,0.0,39956.0,0.0,0.0,0
0.012101038104263525,0.005457237031126432,1265.0,3330.0,0.007248561992406574,2.206100461922126e-18,0.0,39956.0,0.0,0.0,0
0.01202891370733837,0.005457237031126432,1266.0,3330.0,0.0071764375954814245,-4.67243797565276e-19,0.0,39956.0,0.0,0.0,0
0.011957506960155387,0.005457237031126432,1267.0,3330.0,0.007105030848298442,-9.285731166803586e-19,0.0,39956.0,0.0,0.0,0
0.01188681072198014,0.005457237031126432,1268.0,3330.0,0.007034334610123192,3.9301709301534924e-18,0.0,39956.0,0.0,0.0,0
0.011816817923129691,0.005457237031126432,1269.0,3330.0,0.006964341811272745,1.2716128667915738e-18,0.0,39956.0,0.0,0.0,0
0.011747521564265666,0.005457237031126432,1270.0,3330.0,0.0068950454524087205,-1.2183825607398336e-18,0.0,39956.0,0.0,0.0,0
0.011678914715694273,0.005457237031126432,1271.0,3330.0,0.0068264386038373245,1.4934058086738251e-18,0.0,39956.0,0.0,0.0,0
0.011610990516673332,0.005457237031126432,1272.0,3330.0,0.006758514404816387,-2.5432257335831476e-18,0.0,39956.0,0.0,0.0,0
0.01154374217472622,0.005457237031126432,1273.0,3330.0,0.006691266062869274,7.363525670490742e-19,0.0,39956.0,0.0,0.0,0
0.011477162964962572,0.005457237031126432,1274.0,3330.0,0.006624686853105627,-2.5461829728082444e-18,0.0,39956.0,0.0,0.0,0
0.011411246229405838,0.005457237031126432,1275.0,3330.0,0.006558770117548889,2.7591041970152056e-18,0.0,39956.0,0.0,0.0,0
0.01134598537632742,0.005457237031126432,1276.0,3330.0,0.006493509264470472,7.4818152394946095e-19,0.0,39956.0,0.0,0.0,0
0.011281373879587551,0.005457237031126432,1277.0,3330.0,0.0064288977677306024,5.530037350930798e-19,0.0,39956.0,0.0,0.0,0
0.011217405277982631,0.005457237031126432,1278.0,3330.0,0.006364929166125684,-2.0700674575676784e-20,0.0,39956.0,0.0,0.0,0
0.01115407317459912,0.005457237031126432,1279.0,3330.0,0.006301597062742174,6.505926295212704e-20,0.0,39956.0,0.0,0.0,0
0.011091371236173845,0.005457237031126432,1280.0,3330.0,0.0062388951243168966,3.4984140032893766e-18,0.0,39956.0,0.0,0.0,0
0.011029293192460644,0.005457237031126432,1281.0,3330.0,0.006176817080603697,-2.120340524394322e-18,0.0,39956.0,0.0,0.0,0
0.010967832835603373,0.005457237031126432,1282.0,3330.0,0.006115356723746421,2.176528069671159e-18,0.0,39956.0,0.0,0.0,0
0.010906984019515072,0.005457237031126432,1283.0,3330.0,0.0060545079076581255,-8.161980261266847e-19,0.0,39956.0,0.0,0.0,0
0.010846740659263384,0.005457237031126432,1284.0,3330.0,0.005994264547406437,-4.702010367903727e-19,0.0,39956.0,0.0,0.0,0
0.010787096730462046,0.005457237031126432,1285.0,3330.0,0.0059346206186050975,9.404020735807454e-19,0.0,39956.0,0.0,0.0,0
0.010728046268668436,0.005457237031126432,1286.0,3330.0,0.005875570156811489,2.7236173263140453e-18,0.0,39956.0,0.0,0.0,0
0.010669583368787131,0.005457237031126432,1287.0,3330.0,0.005817107256930184,-5.825761273440466e-19,0.0,39956.0,0.0,0.0,0
0.010611702184479403,0.005457237031126432,1288.0,3330.0,0.005759226072622458,5.973623234695301e-19,0.0,39956.0,0.0,0.0,0
0.010554396927578553,0.005457237031126432,1289.0,3330.0,0.005701920815721606,1.0143330542081625e-18,0.0,39956.0,0.0,0.0,0
0.010497661867511113,0.005457237031126432,1290.0,3330.0,0.005645185755654169,-3.0400419233993904e-18,0.0,39956.0,0.0,0.0,0
0.010441491330723786,0.005457237031126432,1291.0,3330.0,0.005589015218866837,-1.2952707805923473e-18,0.0,39956.0,0.0,0.0,0
0.010385879700116054,0.005457237031126432,1292.0,3330.0,0.005533403588259109,-4.258424484139224e-19,0.0,39956.0,0.0,0.0,0
0.010330821414478499,0.005457237031126432,1293.0,3330.0,0.005478345302621554,3.4599698933631194e-19,0.0,39956.0,0.0,0.0,0
0.010276310967936656,0.005457237031126432,1294.0,3330.0,0.0054238348560797095,-1.5673367893012422e-18,0.0,39956.0,0.0,0.0,0
0.010222342909400437,0.005457237031126432,1295.0,3330.0,0.005369866797543492,-7.067801747981073e-19,0.0,39956.0,0.0,0.0,0
0.010168911842019,0.005457237031126432,1296.0,3330.0,0.0053164357301620545,-1.4017313926958279e-18,0.0,39956.0,0.0,0.0,0
0.01011601242264107,0.005457237031126432,1297.0,3330.0,0.005263536310784122,1.4490472202973749e-18,0.0,39956.0,0.0,0.0,0
0.01006363936128061,0.005457237031126432,1298.0,3330.0,0.005211163249423665,-3.4895422856140863e-19,0.0,39956.0,0.0,0.0,0
0.010011787420587837,0.005457237031126432,1299.0,3330.0,0.00515931130873089,9.315303559054552e-19,0.0,39956.0,0.0,0.0,0
0.009960451415325455,0.005457237031126432,1300.0,3330.0,0.005107975303468509,-3.306193453658092e-18,0.0,39956.0,0.0,0.0,0
0.009909626211850158,0.005457237031126432,1301.0,3330.0,0.005057150099993212,-2.3125610740256066e-18,0.0,39956.0,0.0,0.0,0
0.009859306727599236,0.005457237031126432,1302.0,3330.0,0.00500683061574229,4.140134915135357e-20,0.0,39956.0,0.0,0.0,0
0.00980948793058232,0.005457237031126432,1303.0,3330.0,0.004957011818725374,-1.3603300435444745e-19,0.0,39956.0,0.0,0.0,0
0.009760164838878189,0.005457237031126432,1304.0,3330.0,0.0049076887270212395,5.441320174177898e-19,0.0,39956.0,0.0,0.0,0
0.009711332520136564,0.005457237031126432,1305.0,3330.0,0.004858856408279616,6.505926295212704e-20,0.0,39956.0,0.0,0.0,0
0.009662986091084872,0.005457237031126432,1306.0,3330.0,0.004810509979227924,-2.0996398498186452e-19,0.0,39956.0,0.0,0.0,0
0.009615120717039917,0.005457237031126432,1307.0,3330.0,0.0047626446051829705,6.683360648718505e-19,0.0,39956.0,0.0,0.0,0
0.0095677316114244,0.005457237031126432,1308.0,3330.0,0.004715255499567453,4.731582760154694e-19,0.0,39956.0,0.0,0.0,0
0.009520814035288266,0.005457237031126432,1309.0,3330.0,0.004668337923431319,-2.3657913800773468e-18,0.0,39956.0,0.0,0.0,0
0.009474363296834803,0.005457237031126432,1310.0,3330.0,0.004621887184977855,1.7447711428070433e-18,0.0,39956.0,0.0,0.0,0
0.009428374750951445,0.005457237031126432,1311.0,3330.0,0.004575898639094499,-3.193818363104418e-19,0.0,39956.0,0.0,0.0,0
0.009382843798745287,0.005457237031126432,1312.0,3330.0,0.004530367686888342,4.376714053143091e-19,0.0,39956.0,0.0,0.0,0
0.009337765887083158,0.005457237031126432,1313.0,3330.0,0.004485289775226211,1.4934058086738251e-18,0.0,39956.0,0.0,0.0,0
0.009293136508136329,0.005457237031126432,1314.0,3330.0,0.00444066039627938,1.5939519423271123e-18,0.0,39956.0,0.0,0.0,0
0.009248951198929704,0.005457237031126432,1315.0,3330.0,0.004396475087072756,3.430397501112153e-19,0.0,39956.0,0.0,0.0,0
0.009205205540895546,0.005457237031126432,1316.0,3330.0,0.0043527294290385985,1.549593353950662e-18,0.0,39956.0,0.0,0.0,0
0.009161895159431594,0.005457237031126432,1317.0,3330.0,0.004309419047574647,1.8009586880838803e-18,0.0,39956.0,0.0,0.0,0
0.009119015723463606,0.005457237031126432,1318.0,3330.0,0.004266539611606659,-1.5614223108510488e-18,0.0,39956.0,0.0,0.0,0
0.009076562945012252,0.005457237031126432,1319.0,3330.0,0.004224086833155308,-3.702463509821047e-18,0.0,39956.0,0.0,0.0,0
0.009034532578764312,0.005457237031126432,1320.0,3330.0,0.004182056466907368,-9.788461835070022e-19,0.0,39956.0,0.0,0.0,0
0.008992920421648131,0.005457237031126432,1321.0,3330.0,0.004140444309791185,-7.333953278239775e-19,0.0,39956.0,0.0,0.0,0
0.00895172231241332,0.005457237031126432,1322.0,3330.0,0.004099246200556373,1.77434353505801e-18,0.0,39956.0,0.0,0.0,0
0.008910934131214621,0.005457237031126432,1323.0,3330.0,0.0040584580193576735,5.352602997424997e-19,0.0,39956.0,0.0,0.0,0
0.008870551799199924,0.005457237031126432,1324.0,3330.0,0.004018075687342979,-4.909017113660495e-19,0.0,39956.0,0.0,0.0,0
0.00883057127810238,0.005457237031126432,1325.0,3330.0,0.003978095166245433,-4.1401349151353566e-19,0.0,39956.0,0.0,0.0,0
0.008790988569836553,0.005457237031126432,1326.0,3330.0,0.003938512457979607,-1.1414943408873198e-18,0.0,39956.0,0.0,0.0,0
0.008751799716098638,0.005457237031126432,1327.0,3330.0,0.00389932360424169,1.2627411491162839e-18,0.0,39956.0,0.0,0.0,0
0.008713000797970598,0.005457237031126432,1328.0,3330.0,0.0038605246861136496,2.7502324793399156e-18,0.0,39956.0,0.0,0.0,0
0.008674587935528283,0.005457237031126432,1329.0,3330.0,0.003822111823671339,-2.726574565539142e-18,0.0,39956.0,0.0,0.0,0
0.00863655728745345,0.005457237031126432,1330.0,3330.0,0.003784081175596505,-1.6649256837294328e-18,0.0,39956.0,0.0,0.0,0
0.008598905050649589,0.005457237031126432,1331.0,3330.0,0.0037464289387926443,-7.954973515510079e-19,0.0,39956.0,0.0,0.0,0
0.008561627459861644,0.005457237031126432,1332.0,3330.0,0.0037091513480047014,-8.664710929533283e-19,0.0,39956.0,0.0,0.0,0
0.008524720787299475,0.005457237031126432,1333.0,3330.0,0.0036722446754425286,-1.5259354401498886e-18,0.0,39956.0,0.0,0.0,0
0.008488181342265068,0.005457237031126432,1334.0,3330.0,0.0036357052304081218,-7.452242847243643e-19,0.0,39956.0,0.0,0.0,0
0.008452005470783465,0.005457237031126432,1335.0,3330.0,0.0035995293589265185,-2.726574565539142e-18,0.0,39956.0,0.0,0.0,0
0.008416189555237376,0.005457237031126432,1336.0,3330.0,0.0035637134433804283,1.0616488818097093e-18,0.0,39956.0,0.0,0.0,0
0.008380730014005399,0.005457237031126432,1337.0,3330.0,0.003528253902148453,-7.688821985251377e-19,0.0,39956.0,0.0,0.0,0
0.008345623301103859,0.005457237031126432,1338.0,3330.0,0.0034931471892469122,3.2825355398573186e-19,0.0,39956.0,0.0,0.0,0
0.008310865905832212,0.005457237031126432,1339.0,3330.0,0.003458389793975265,1.644225009153756e-18,0.0,39956.0,0.0,0.0,0
0.008276454352421962,0.005457237031126432,1340.0,3330.0,0.0034239782405650165,-2.8241634599673325e-18,0.0,39956.0,0.0,0.0,0
0.008242385199689096,0.005457237031126432,1341.0,3330.0,0.0033899090878321526,-2.016837151515938e-18,0.0,39956.0,0.0,0.0,0
0.008208655040689954,0.005457237031126432,1342.0,3330.0,0.003356178928833006,2.617156714210565e-18,0.0,39956.0,0.0,0.0,0
0.008175260502380516,0.005457237031126432,1343.0,3330.0,0.00332278439052357,5.175168643919196e-19,0.0,39956.0,0.0,0.0,0
0.00814219824527913,0.005457237031126432,1344.0,3330.0,0.003289722133422183,3.7261214236218213e-19,0.0,39956.0,0.0,0.0,0
0.008109464963132527,0.005457237031126432,1345.0,3330.0,0.0032569888512755814,-1.6294388130282726e-18,0.0,39956.0,0.0,0.0,0
0.008077057382585224,0.005457237031126432,1346.0,3330.0,0.0032245812707282777,2.306646595575413e-19,0.0,39956.0,0.0,0.0,0
0.008044972262852152,0.005457237031126432,1347.0,3330.0,0.0031924961509952055,-1.289356302142154e-18,0.0,39956.0,0.0,0.0,0
0.008013206395394603,0.005457237031126432,1348.0,3330.0,0.0031607302835376574,-3.962700561629556e-19,0.0,39956.0,0.0,0.0,0
0.007981756603599358,0.005457237031126432,1349.0,3330.0,0.0031292804917424115,-1.8246166018846538e-18,0.0,39956.0,0.0,0.0,0
0.007950619742461033,0.005457237031126432,1350.0,3330.0,0.0030981436306040866,-6.712933040969472e-19,0.0,39956.0,0.0,0.0,0
0.00791979269826756,0.005457237031126432,1351.0,3330.0,0.0030673165864106163,-3.258877626056545e-18,0.0,39956.0,0.0,0.0,0
0.007889272388288836,0.005457237031126432,1352.0,3330.0,0.003036796276431892,-1.0705205994849994e-18,0.0,39956.0,0.0,0.0,0
0.007859055760468428,0.005457237031126432,1353.0,3330.0,0.003006579648611482,-1.700412554430593e-18,0.0,39956.0,0.0,0.0,0
0.007829139793118372,0.005457237031126432,1354.0,3330.0,0.0029766636812614284,-3.261834865281642e-18,0.0,39956.0,0.0,0.0,0
0.007799521494617007,0.005457237031126432,1355.0,3330.0,0.002947045382760061,2.5373112551329545e-18,0.0,39956.0,0.0,0.0,0
0.007770197903109796,0.005457237031126432,1356.0,3330.0,0.0029177217912528483,-1.1917674077139633e-18,0.0,39956.0,0.0,0.0,0
0.007741166086213151,0.005457237031126432,1357.0,3330.0,0.002888689974356207,-1.839402798010137e-18,0.0,39956.0,0.0,0.0,0
0.007712423140721194,0.005457237031126432,1358.0,3330.0,0.002859947028864246,-1.055734403359516e-18,0.0,39956.0,0.0,0.0,0
0.007683966192315417,0.005457237031126432,1359.0,3330.0,0.002831490080458472,-1.7802580135082035e-18,0.0,39956.0,0.0,0.0,0
0.007655792395277276,0.005457237031126432,1360.0,3330.0,0.002803316283420328,-3.4895422856140863e-19,0.0,39956.0,0.0,0.0,0
0.007627898932203576,0.005457237031126432,1361.0,3330.0,0.0027754228203466288,-1.5850802246518223e-18,0.0,39956.0,0.0,0.0,0
0.007600283013724773,0.005457237031126432,1362.0,3330.0,0.002747806901867827,-4.879444721409528e-19,0.0,39956.0,0.0,0.0,0
0.007572941878226003,0.005457237031126432,1363.0,3330.0,0.0027204657663690585,-2.2859459209997363e-18,0.0,39956.0,0.0,0.0,0
0.007545872791570936,0.005457237031126432,1364.0,3330.0,0.002693396679713989,1.1089647094112563e-18,0.0,39956.0,0.0,0.0,0
0.00751907304682834,0.005457237031126432,1365.0,3330.0,0.002666596934971393,-1.6708401621796262e-18,0.0,39956.0,0.0,0.0,0
0.007492539964001417,0.005457237031126432,1366.0,3330.0,0.0026400638521444694,1.4786196125483417e-19,0.0,39956.0,0.0,0.0,0
0.007466270889759768,0.005457237031126432,1367.0,3330.0,0.0026137947779028203,1.886718625611684e-18,0.0,39956.0,0.0,0.0,0
0.007440263197174077,0.005457237031126432,1368.0,3330.0,0.0025877870853171295,1.999093716165358e-18,0.0,39956.0,0.0,0.0,0
0.007414514285453417,0.005457237031126432,1369.0,3330.0,0.002562038173596468,8.014118300012012e-19,0.0,39956.0,0.0,0.0,0
0.00738902157968515,0.005457237031126432,1370.0,3330.0,0.0025365454678282036,-7.984545907761045e-20,0.0,39956.0,0.0,0.0,0
0.0073637825305774675,0.005457237031126432,1371.0,3330.0,0.0025113064187205197,1.6767546406298196e-18,0.0,39956.0,0.0,0.0,0
0.007338794614204414,0.005457237031126432,1372.0,3330.0,0.0024863185023474674,-5.027306682664362e-19,0.0,39956.0,0.0,0.0,0
0.007314055331753538,0.005457237031126432,1373.0,3330.0,0.0024615792198965907,-8.87171767529005e-20,0.0,39956.0,0.0,0.0,0
0.007289562209275971,0.005457237031126432,1374.0,3330.0,0.002437086097419027,-2.4278934038043773e-18,0.0,39956.0,0.0,0.0,0
0.007265312797439061,0.005457237031126432,1375.0,3330.0,0.002412836685582115,1.803915927308977e-19,0.0,39956.0,0.0,0.0,0
0.007241304671281413,0.005457237031126432,1376.0,3330.0,0.002388828559424466,-1.579165746201629e-18,0.0,39956.0,0.0,0.0,0
0.007217535429970405,0.005457237031126432,1377.0,3330.0,0.002365059318113458,3.288450018307512e-18,0.0,39956.0,0.0,0.0,0
0.007194002696562097,0.005457237031126432,1378.0,3330.0,0.0023415265847051498,2.019794390741035e-18,0.0,39956.0,0.0,0.0,0
0.007170704117763535,0.005457237031126432,1379.0,3330.0,0.0023182280059065915,-2.348047944726767e-18,0.0,39956.0,0.0,0.0,0
0.0071476373636974325,0.005457237031126432,1380.0,3330.0,0.002295161251840486,1.0853067956104828e-18,0.0,39956.0,0.0,0.0,0
0.007124800127669151,0.005457237031126432,1381.0,3330.0,0.0022723240158122053,-9.315303559054552e-19,0.0,39956.0,0.0,0.0,0
0.0071021901259360615,0.005457237031126432,1382.0,3330.0,0.0022497140140791162,-9.108296813297785e-19,0.0,39956.0,0.0,0.0,0
0.007079805097479147,0.005457237031126432,1383.0,3330.0,0.0022273289856222004,4.731582760154693e-20,0.0,39956.0,0.0,0.0,0
0.007057642803776908,0.005457237031126432,1384.0,3330.0,0.0022051666919199633,-1.3987741534707313e-18,0.0,39956.0,0.0,0.0,0
0.0070357010285815105,0.005457237031126432,1385.0,3330.0,0.0021832249167245635,2.2179294188225125e-19,0.0,39956.0,0.0,0.0,0
0.007013977577697141,0.005457237031126432,1386.0,3330.0,0.0021615014658401942,-3.4599698933631194e-19,0.0,39956.0,0.0,0.0,0
0.006992470278760614,0.005457237031126432,1387.0,3330.0,0.0021399941669036668,1.3514583258691843e-18,0.0,39956.0,0.0,0.0,0
0.0069711769810241134,0.005457237031126432,1388.0,3330.0,0.0021187008691671665,9.99546858082679e-19,0.0,39956.0,0.0,0.0,0
0.0069500955551401195,0.005457237031126432,1389.0,3330.0,0.002097619443283171,8.428131791525548e-19,0.0,39956.0,0.0,0.0,0
0.006929223892948469,0.005457237031126432,1390.0,3330.0,0.002076747781091525,-3.0341274449491972e-18,0.0,39956.0,0.0,0.0,0
0.006908559907265564,0.005457237031126432,1391.0,3330.0,0.0020560837954086185,1.4786196125483418e-18,0.0,39956.0,0.0,0.0,0
0.006888101531675608,0.005457237031126432,1392.0,3330.0,0.0020356254198186604,6.801650217722372e-20,0.0,39956.0,0.0,0.0,0
0.006867846720323993,0.005457237031126432,1393.0,3330.0,0.0020153706084670465,4.0218453461314896e-19,0.0,39956.0,0.0,0.0,0
0.006847793447712705,0.005457237031126432,1394.0,3330.0,0.0019953173358557585,-1.6856263583051095e-18,0.0,39956.0,0.0,0.0,0
0.006827939708497775,0.005457237031126432,1395.0,3330.0,0.001975463596640827,1.8837613863865875e-18,0.0,39956.0,0.0,0.0,0
0.006808283517288731,0.005457237031126432,1396.0,3330.0,0.0019558074054317836,2.277074203324446e-19,0.0,39956.0,0.0,0.0,0
0.0067888229084500755,0.005457237031126432,1397.0,3330.0,0.001936346796593129,-2.9868116173476503e-19,0.0,39956.0,0.0,0.0,0
0.006769555935904709,0.005457237031126432,1398.0,3330.0,0.001917079824047762,1.1710667331382866e-18,0.0,39956.0,0.0,0.0,0
0.0067504806729393185,0.005457237031126432,1399.0,3330.0,0.0018980045610823722,2.3805775762028303e-18,0.0,39956.0,0.0,0.0,0
0.006731595212011711,0.005457237031126432,1400.0,3330.0,0.001879119100154765,1.2302115176402204e-18,0.0,39956.0,0.0,0.0,0
0.006712897664560056,0.005457237031126432,1401.0,3330.0,0.001860421552703111,7.984545907761045e-20,0.0,39956.0,0.0,0.0,0
0.0066943861608140314,0.005457237031126432,1402.0,3330.0,0.0018419100489570845,-3.3416803243592524e-19,0.0,39956.0,0.0,0.0,0
0.00667605884960783,0.005457237031126432,1403.0,3330.0,0.0018235827377508832,3.607831854617954e-19,0.0,39956.0,0.0,0.0,0
0.006657913898195061,0.005457237031126432,1404.0,3330.0,0.001805437786338114,-5.944050842444334e-19,0.0,39956.0,0.0,0.0,0
0.006639949492065464,0.005457237031126432,1405.0,3330.0,0.001787473380208517,-5.382175389675964e-19,0.0,39956.0,0.0,0.0,0
0.006622163834763452,0.005457237031126432,1406.0,3330.0,0.001769687722906506,5.23431342842113e-19,0.0,39956.0,0.0,0.0,0
0.0066045551477084755,0.005457237031126432,1407.0,3330.0,0.00175207903585153,-3.0725715548754543e-18,0.0,39956.0,0.0,0.0,0
0.006587121670017155,0.005457237031126432,1408.0,3330.0,0.0017346455581602094,-5.589182135432731e-19,0.0,39956.0,0.0,0.0,0
0.006569861658327195,0.005457237031126432,1409.0,3330.0,0.0017173855464702485,-6.091912803699168e-19,0.0,39956.0,0.0,0.0,0
0.0065527733866230405,0.005457237031126432,1410.0,3330.0,0.0017002972747660946,1.709284272105883e-18,0.0,39956.0,0.0,0.0,0
0.006535855146063281,0.005457237031126432,1411.0,3330.0,0.0016833790342063349,2.9868116173476503e-19,0.0,39956.0,0.0,0.0,0
0.006519105244809764,0.005457237031126432,1412.0,3330.0,0.0016666291329528171,1.3218859336182174e-18,0.0,39956.0,0.0,0.0,0
0.006502522007858404,0.005457237031126432,1413.0,3330.0,0.0016500458960014576,1.2834418236919606e-18,0.0,39956.0,0.0,0.0,0
0.006486103776871686,0.005457237031126432,1414.0,3330.0,0.0016336276650147398,6.239774764954002e-19,0.0,39956.0,0.0,0.0,0
0.006469848910012833,0.005457237031126432,1415.0,3330.0,0.0016173727981558849,1.345543847418991e-18,0.0,39956.0,0.0,0.0,0
0.006453755781781606,0.005457237031126432,1416.0,3330.0,0.0016012796699246602,-2.5846270827345015e-18,0.0,39956.0,0.0,0.0,0
0.006437822782851779,0.005457237031126432,1417.0,3330.0,0.001585346670994833,5.855333665691433e-19,0.0,39956.0,0.0,0.0,0
0.006422048319910176,0.005457237031126432,1418.0,3330.0,0.0015695722080532315,-2.149912916645289e-18,0.0,39956.0,0.0,0.0,0
0.0064064308154973635,0.005457237031126432,1419.0,3330.0,0.001553954703640416,8.87171767529005e-20,0.0,39956.0,0.0,0.0,0
0.006390968707849877,0.005457237031126432,1420.0,3330.0,0.0015384925959929317,-2.5343540159078577e-18,0.0,39956.0,0.0,0.0,0
0.006375660450744074,0.005457237031126432,1421.0,3330.0,0.0015231843388871275,8.753428106286182e-19,0.0,39956.0,0.0,0.0,0
0.006360504513341484,0.005457237031126432,1422.0,3330.0,0.0015080284014845373,-4.0514177383824565e-19,0.0,39956.0,0.0,0.0,0
0.006345499380035736,0.005457237031126432,1423.0,3330.0,0.001493023268178791,-1.224297039190027e-18,0.0,39956.0,0.0,0.0,0
0.006330643550300995,0.005457237031126432,1424.0,3330.0,0.0014781674384440504,-3.811881361149625e-18,0.0,39956.0,0.0,0.0,0
0.0063159355385419115,0.005457237031126432,1425.0,3330.0,0.0014634594266849665,-1.4904485694487285e-18,0.0,39956.0,0.0,0.0,0
0.006301373873945051,0.005457237031126432,1426.0,3330.0,0.001448897762088104,-5.677899312185632e-19,0.0,39956.0,0.0,0.0,0
0.006286957100331815,0.005457237031126432,1427.0,3330.0,0.0014344809884748694,1.2775273452417672e-18,0.0,39956.0,0.0,0.0,0
0.006272683776012832,0.005457237031126432,1428.0,3330.0,0.0014202076641558867,-1.0971357525108695e-18,0.0,39956.0,0.0,0.0,0
0.006258552473643776,0.005457237031126432,1429.0,3330.0,0.001406076361786829,1.2952707805923473e-18,0.0,39956.0,0.0,0.0,0
0.006244561780082631,0.005457237031126432,1430.0,3330.0,0.0013920856682256854,-6.772077825471405e-19,0.0,39956.0,0.0,0.0,0
0.0062307102962483865,0.005457237031126432,1431.0,3330.0,0.00137823418439144,2.8980944405947497e-19,0.0,39956.0,0.0,0.0,0
0.006216996636981112,0.005457237031126432,1432.0,3330.0,0.0013645205251241656,-1.410603110371118e-18,0.0,39956.0,0.0,0.0,0
0.006203419430903455,0.005457237031126432,1433.0,3330.0,0.001350943319046508,1.1089647094112563e-18,0.0,39956.0,0.0,0.0,0
0.00618997732028349,0.005457237031126432,1434.0,3330.0,0.001337501208426544,-2.0700674575676784e-20,0.0,39956.0,0.0,0.0,0
0.006176668960898957,0.005457237031126432,1435.0,3330.0,0.001324192849042012,-2.3657913800773466e-20,0.0,39956.0,0.0,0.0,0
0.006163493021902827,0.005457237031126432,1436.0,3330.0,0.0013110169100458808,-2.513653341332181e-19,0.0,39956.0,0.0,0.0,0
0.006150448185690219,0.005457237031126432,1437.0,3330.0,0.0012979720738332723,-2.33621898782638e-19,0.0,39956.0,0.0,0.0,0
0.0061375331477666415,0.005457237031126432,1438.0,3330.0,0.0012850570359096945,1.5614223108510488e-18,0.0,39956.0,0.0,0.0,0
0.006124746616617537,0.005457237031126432,1439.0,3330.0,0.0012722705047605908,-1.5525505931757589e-18,0.0,39956.0,0.0,0.0,0
0.0061120873135791405,0.005457237031126432,1440.0,3330.0,0.0012596112017221929,1.6028236600024025e-18,0.0,39956.0,0.0,0.0,0
0.006099553972710594,0.005457237031126432,1441.0,3330.0,0.0012470778608536473,-1.7151987505560764e-18,0.0,39956.0,0.0,0.0,0
0.006087145340667369,0.005457237031126432,1442.0,3330.0,0.0012346692288104219,1.0853067956104828e-18,0.0,39956.0,0.0,0.0,0
0.006074860176575917,0.005457237031126432,1443.0,3330.0,0.0012223840647189713,-1.7211132290062698e-18,0.0,39956.0,0.0,0.0,0
0.006062697251909596,0.005457237031126432,1444.0,3330.0,0.0012102211400526503,-7.925401123259112e-19,0.0,39956.0,0.0,0.0,0
0.0060506553503658,0.005457237031126432,1445.0,3330.0,0.001198179238508855,-1.3780734788950546e-18,0.0,39956.0,0.0,0.0,0
0.006038733267744343,0.005457237031126432,1446.0,3330.0,0.0011862571558873965,-8.13240786901588e-19,0.0,39956.0,0.0,0.0,0
0.0060269298118270235,0.005457237031126432,1447.0,3330.0,0.0011744536999700771,-1.2509121922158971e-18,0.0,39956.0,0.0,0.0,0
0.006015243802258415,0.005457237031126432,1448.0,3330.0,0.0011627676904014707,-3.4422264580125396e-18,0.0,39956.0,0.0,0.0,0
0.006003674070427827,0.005457237031126432,1449.0,3330.0,0.0011511979585708805,-5.589182135432731e-19,0.0,39956.0,0.0,0.0,0
0.0059922194593524285,0.005457237031126432,1450.0,3330.0,0.0011397433474954824,5.441320174177898e-19,0.0,39956.0,0.0,0.0,0
0.005980878823561568,0.005457237031126432,1451.0,3330.0,0.0011284027117046227,-1.3278004120684108e-18,0.0,39956.0,0.0,0.0,0
0.005969651028982217,0.005457237031126432,1452.0,3330.0,0.0011171749171252714,-1.7950442096336867e-18,0.0,39956.0,0.0,0.0,0
0.005958534952825564,0.005457237031126432,1453.0,3330.0,0.0011060588409686155,2.838949656092816e-19,0.0,39956.0,0.0,0.0,0
0.005947529483474722,0.005457237031126432,1454.0,3330.0,0.0010950533716177766,-2.1351267205198053e-18,0.0,39956.0,0.0,0.0,0
0.005936633520373591,0.005457237031126432,1455.0,3330.0,0.001084157408516645,-1.1237509055367397e-19,0.0,39956.0,0.0,0.0,0
0.0059258459739167805,0.005457237031126432,1456.0,3330.0,0.0010733698620598337,-2.277074203324446e-19,0.0,39956.0,0.0,0.0,0
0.005915165765340652,0.005457237031126432,1457.0,3330.0,0.001062689653483706,1.8926331040618775e-18,0.0,39956.0,0.0,0.0,0
0.005904591826615449,0.005457237031126432,1458.0,3330.0,0.0010521157147585034,-1.7447711428070431e-19,0.0,39956.0,0.0,0.0,0
0.0058941231003384895,0.005457237031126432,1459.0,3330.0,0.0010416469884815434,-1.2390832353155104e-18,0.0,39956.0,0.0,0.0,0
0.00588375853962842,0.005457237031126432,1460.0,3330.0,0.001031282427771474,7.984545907761045e-19,0.0,39956.0,0.0,0.0,0
0.005873497108020531,0.005457237031126432,1461.0,3330.0,0.001021020996163587,-2.419021686129087e-18,0.0,39956.0,0.0,0.0,0
0.0058633377793631146,0.005457237031126432,1462.0,3330.0,0.0010108616675061693,8.280269830270713e-19,0.0,39956.0,0.0,0.0,0
0.005853279537714835,0.005457237031126432,1463.0,3330.0,0.0010008034258578884,-1.1000929917359663e-18,0.0,39956.0,0.0,0.0,0
0.005843321377243148,0.005457237031126432,1464.0,3330.0,0.0009908452653862013,-8.398559399274581e-19,0.0,39956.0,0.0,0.0,0
0.005833462302123706,0.005457237031126432,1465.0,3330.0,0.0009809861902667582,-7.866256338757178e-19,0.0,39956.0,0.0,0.0,0
0.0058237013264407795,0.005457237031126432,1466.0,3330.0,0.0009712252145838344,-1.4786196125483418e-18,0.0,39956.0,0.0,0.0,0
0.0058140374740886696,0.005457237031126432,1467.0,3330.0,0.0009615613622317243,-1.7270277074564632e-18,0.0,39956.0,0.0,0.0,0
0.00580446977867409,0.005457237031126432,1468.0,3330.0,0.0009519936668171425,2.0138799122908414e-18,0.0,39956.0,0.0,0.0,0
0.005794997283419519,0.005457237031126432,1469.0,3330.0,0.0009425211715625738,-2.3953637723283137e-19,0.0,39956.0,0.0,0.0,0
0.005785619041067544,0.005457237031126432,1470.0,3330.0,0.0009331429292105968,6.772077825471405e-19,0.0,39956.0,0.0,0.0,0
0.005776334113786109,0.005457237031126432,1471.0,3330.0,0.0009238580019291637,-1.7802580135082035e-18,0.0,39956.0,0.0,0.0,0
0.005767141573074753,0.005457237031126432,1472.0,3330.0,0.000914665461217807,5.766616488938533e-19,0.0,39956.0,0.0,0.0,0
0.005758040499671742,0.005457237031126432,1473.0,3330.0,0.0009055643878147962,4.1401349151353566e-19,0.0,39956.0,0.0,0.0,0
0.005749029983462152,0.005457237031126432,1474.0,3330.0,0.0008965538716052048,2.2711597248742528e-18,0.0,39956.0,0.0,0.0,0
0.005740109123386855,0.005457237031126432,1475.0,3330.0,0.0008876330115299069,8.990007244293917e-19,0.0,39956.0,0.0,0.0,0
0.005731277027352404,0.005457237031126432,1476.0,3330.0,0.0008788009154954577,-1.6235243345780792e-18,0.0,39956.0,0.0,0.0,0
0.005722532812141839,0.005457237031126432,1477.0,3330.0,0.0008700567002848943,-2.8537358522182996e-18,0.0,39956.0,0.0,0.0,0
0.005713875603326354,0.005457237031126432,1478.0,3330.0,0.0008613994914694099,-1.5732512677514356e-18,0.0,39956.0,0.0,0.0,0
0.005705304535177855,0.005457237031126432,1479.0,3330.0,0.000852828423320907,6.594643471965604e-19,0.0,39956.0,0.0,0.0,0
0.005696818750582376,0.005457237031126432,1480.0,3330.0,0.0008443426387254292,-1.2775273452417672e-18,0.0,39956.0,0.0,0.0,0
0.005688417400954392,0.005457237031126432,1481.0,3330.0,0.0008359412890974456,9.167441597799719e-20,0.0,39956.0,0.0,0.0,0
0.005680099646151938,0.005457237031126432,1482.0,3330.0,0.0008276235342949902,2.090768132143355e-18,0.0,39956.0,0.0,0.0,0
0.0056718646543925996,0.005457237031126432,1483.0,3330.0,0.0008193885425356547,-2.9276668328457166e-19,0.0,39956.0,0.0,0.0,0
0.005663711602170345,0.005457237031126432,1484.0,3330.0,0.0008112354903133975,7.038229355730106e-19,0.0,39956.0,0.0,0.0,0
0.00565563967417315,0.005457237031126432,1485.0,3330.0,0.0008031635623162051,-7.363525670490742e-19,0.0,39956.0,0.0,0.0,0
0.005647648063201495,0.005457237031126432,1486.0,3330.0,0.0007951719513445476,-8.487276576027481e-19,0.0,39956.0,0.0,0.0,0
0.005639735970087617,0.005457237031126432,1487.0,3330.0,0.0007872598582306716,-1.4046886319209247e-18,0.0,39956.0,0.0,0.0,0
0.005631902603615616,0.005457237031126432,1488.0,3330.0,0.0007794264917586696,1.0941785132857728e-19,0.0,39956.0,0.0,0.0,0
0.005624147180442317,0.005457237031126432,1489.0,3330.0,0.0007716710685853681,2.93358131129591e-18,0.0,39956.0,0.0,0.0,0
0.0056164689250189324,0.005457237031126432,1490.0,3330.0,0.0007639928131619871,-5.263885820672097e-19,0.0,39956.0,0.0,0.0,0
0.00560886706951353,0.005457237031126432,1491.0,3330.0,0.0007563909576565848,1.2095108430645435e-18,0.0,39956.0,0.0,0.0,0
0.005601340853734221,0.005457237031126432,1492.0,3330.0,0.0007488647418772751,1.0764350779351928e-18,0.0,39956.0,0.0,0.0,0
0.005593889525053156,0.005457237031126432,1493.0,3330.0,0.0007414134131962095,-4.938589505911461e-19,0.0,39956.0,0.0,0.0,0
0.0055865123383312554,0.005457237031126432,1494.0,3330.0,0.0007340362264743104,-8.575993752780382e-19,0.0,39956.0,0.0,0.0,0
0.005579208555843703,0.005457237031126432,1495.0,3330.0,0.0007267324439867583,-3.2766210614071254e-18,0.0,39956.0,0.0,0.0,0
0.005571977447206161,0.005457237031126432,1496.0,3330.0,0.0007195013353492163,-3.2470486691561584e-18,0.0,39956.0,0.0,0.0,0
0.005564818289301742,0.005457237031126432,1497.0,3330.0,0.0007123421774447963,1.242040474540607e-19,0.0,39956.0,0.0,0.0,0
0.005557730366208688,0.005457237031126432,1498.0,3330.0,0.0007052542543517409,-2.2475018110734794e-19,0.0,39956.0,0.0,0.0,0
0.005550712969128783,0.005457237031126432,1499.0,3330.0,0.000698236857271835,3.1612887316283547e-18,0.0,39956.0,0.0,0.0,0
0.005543765396316469,0.005457237031126432,1500.0,3330.0,0.0006912892844595219,6.742505433220439e-19,0.0,39956.0,0.0,0.0,0
0.005536886953008676,0.005457237031126432,1501.0,3330.0,0.0006844108411517308,-2.206100461922126e-18,0.0,39956.0,0.0,0.0,0
0.005530076951355345,0.005457237031126432,1502.0,3330.0,0.000677600839498399,-2.016837151515938e-18,0.0,39956.0,0.0,0.0,0
0.005523334710350635,0.005457237031126432,1503.0,3330.0,0.000670858598493687,1.9399489316634245e-18,0.0,39956.0,0.0,0.0,0
0.005516659555764819,0.005457237031126432,1504.0,3330.0,0.0006641834439078747,-7.895828731008145e-19,0.0,39956.0,0.0,0.0,0
0.005510050820076887,0.005457237031126432,1505.0,3330.0,0.0006575747082199411,-8.368987007023614e-19,0.0,39956.0,0.0,0.0,0
0.005503507842407757,0.005457237031126432,1506.0,3330.0,0.0006510317305508103,1.017290293433259e-18,0.0,39956.0,0.0,0.0,0
0.00549702996845421,0.005457237031126432,1507.0,3330.0,0.0006445538565972623,1.103050230961063e-18,0.0,39956.0,0.0,0.0,0
0.005490616550423451,0.005457237031126432,1508.0,3330.0,0.0006381404385665052,9.285731166803586e-19,0.0,39956.0,0.0,0.0,0
0.005484266946968334,0.005457237031126432,1509.0,3330.0,0.0006317908351113892,-2.7117883694136586e-18,0.0,39956.0,0.0,0.0,0
0.0054779805231232265,0.005457237031126432,1510.0,3330.0,0.0006255044112662792,1.2213397999649302e-18,0.0,39956.0,0.0,0.0,0
0.005471756650240497,0.005457237031126432,1511.0,3330.0,0.0006192805383835512,-2.197228744246836e-18,0.0,39956.0,0.0,0.0,0
0.005465594705927677,0.005457237031126432,1512.0,3330.0,0.0006131185940707304,1.120793666311643e-18,0.0,39956.0,0.0,0.0,0
0.005459494073985196,0.005457237031126432,1513.0,3330.0,0.0006070179621282497,1.0054613365328724e-19,0.0,39956.0,0.0,0.0,0
0.00545345414434478,0.005457237031126432,1514.0,3330.0,0.0006009780324878324,2.2179294188225126e-18,0.0,39956.0,0.0,0.0,0
0.005447474313008427,0.005457237031126432,1515.0,3330.0,0.0005949982011514811,-6.44678151071077e-19,0.0,39956.0,0.0,0.0,0
0.005441553981988025,0.005457237031126432,1516.0,3330.0,0.0005890778701310777,1.2124680822896403e-19,0.0,39956.0,0.0,0.0,0
0.005435692559245533,0.005457237031126432,1517.0,3330.0,0.0005832164473885871,7.215663709235908e-19,0.0,39956.0,0.0,0.0,0
0.005429889458633799,0.005457237031126432,1518.0,3330.0,0.000577413346776851,1.8009586880838803e-18,0.0,39956.0,0.0,0.0,0
0.005424144099837917,0.005457237031126432,1519.0,3330.0,0.0005716679879809727,-1.868975190261104e-18,0.0,39956.0,0.0,0.0,0
0.005418455908317232,0.005457237031126432,1520.0,3330.0,0.0005659797964602832,3.205647320004805e-18,0.0,39956.0,0.0,0.0,0
0.0054128243152478375,0.005457237031126432,1521.0,3330.0,0.0005603482033908917,-6.151057588201102e-19,0.0,39956.0,0.0,0.0,0
0.005407248757465742,0.005457237031126432,1522.0,3330.0,0.0005547726456087977,-7.629677200749443e-19,0.0,39956.0,0.0,0.0,0
0.0054017286774105215,0.005457237031126432,1523.0,3330.0,0.0005492525655535762,-1.0971357525108695e-18,0.0,39956.0,0.0,0.0,0
0.005396263523069567,0.005457237031126432,1524.0,3330.0,0.0005437874112126218,-2.241587332623286e-18,0.0,39956.0,0.0,0.0,0
0.0053908527479228936,0.005457237031126432,1525.0,3330.0,0.000538376636065947,-6.032768019197234e-19,0.0,39956.0,0.0,0.0,0
0.005385495810888472,0.005457237031126432,1526.0,3330.0,0.0005330196990315263,-3.430397501112153e-19,0.0,39956.0,0.0,0.0,0
0.005380192176268141,0.005457237031126432,1527.0,3330.0,0.0005277160644111953,1.4874913302236317e-18,0.0,39956.0,0.0,0.0,0
0.005374941313694017,0.005457237031126432,1528.0,3330.0,0.0005224652018370688,1.2183825607398336e-18,0.0,39956.0,0.0,0.0,0
0.005369742698075461,0.005457237031126432,1529.0,3330.0,0.0005172665862185156,-9.965896188575823e-19,0.0,39956.0,0.0,0.0,0
0.005364595809546587,0.005457237031126432,1530.0,3330.0,0.000512119697689641,-2.1646991127707724e-18,0.0,39956.0,0.0,0.0,0
0.005359500133414248,0.005457237031126432,1531.0,3330.0,0.0005070240215573028,-1.8837613863865875e-18,0.0,39956.0,0.0,0.0,0
0.005354455160106587,0.005457237031126432,1532.0,3330.0,0.0005019790482496423,-1.4253893064966014e-18,0.0,39956.0,0.0,0.0,0
0.005349460385122071,0.005457237031126432,1533.0,3330.0,0.0004969842732651244,4.583720798899859e-19,0.0,39956.0,0.0,0.0,0
0.005344515308979034,0.005457237031126432,1534.0,3330.0,0.0004920391971220879,8.575993752780383e-20,0.0,39956.0,0.0,0.0,0
0.005339619437165742,0.005457237031126432,1535.0,3330.0,0.00048714332530879655,1.3899024357954413e-19,0.0,39956.0,0.0,0.0,0
0.005334772280090937,0.005457237031126432,1536.0,3330.0,0.00048229616823399136,-2.33621898782638e-19,0.0,39956.0,0.0,0.0,0
0.00532997335303487,0.005457237031126432,1537.0,3330.0,0.0004774972411779232,-5.530037350930798e-19,0.0,39956.0,0.0,0.0,0
0.0053252221761008346,0.005457237031126432,1538.0,3330.0,0.0004727460642438903,-3.016384009598617e-19,0.0,39956.0,0.0,0.0,0
0.005320518274167183,0.005457237031126432,1539.0,3330.0,0.0004680421623102369,-4.287996876390191e-19,0.0,39956.0,0.0,0.0,0
0.005315861176839795,0.005457237031126432,1540.0,3330.0,0.0004633850649828512,-2.8448641345430096e-18,0.0,39956.0,0.0,0.0,0
0.005311250418405064,0.005457237031126432,1541.0,3330.0,0.0004587743065481196,-1.0705205994849994e-18,0.0,39956.0,0.0,0.0,0
0.0053066855377833,0.005457237031126432,1542.0,3330.0,0.00045420942592635524,-1.978393041589681e-18,0.0,39956.0,0.0,0.0,0
0.005302166078482638,0.005457237031126432,1543.0,3330.0,0.00044968996662569287,-2.3746630977526367e-18,0.0,39956.0,0.0,0.0,0
0.0052976915885533825,0.005457237031126432,1544.0,3330.0,0.00044521547669643623,-7.629677200749443e-19,0.0,39956.0,0.0,0.0,0
0.00529326162054281,0.005457237031126432,1545.0,3330.0,0.0004407855086858635,3.164245970853451e-19,0.0,39956.0,0.0,0.0,0
0.005288875731450428,0.005457237031126432,1546.0,3330.0,0.0004363996195934819,3.2529631476063518e-19,0.0,39956.0,0.0,0.0,0
0.005284533482683673,0.005457237031126432,1547.0,3330.0,0.00043205737082672654,5.9144784501933666e-21,0.0,39956.0,0.0,0.0,0
0.005280234440014049,0.005457237031126432,1548.0,3330.0,0.0004277583281571035,-1.942906170888521e-18,0.0,39956.0,0.0,0.0,0
0.005275978173533708,0.005457237031126432,1549.0,3330.0,0.00042350206167676284,-6.831222609973339e-19,0.0,39956.0,0.0,0.0,0
0.005271764257612455,0.005457237031126432,1550.0,3330.0,0.00041928814575550806,-1.1237509055367397e-19,0.0,39956.0,0.0,0.0,0
0.0052675922708551835,0.005457237031126432,1551.0,3330.0,0.0004151161589982381,-5.175168643919196e-19,0.0,39956.0,0.0,0.0,0
0.005263461796059746,0.005457237031126432,1552.0,3330.0,0.00041098568420279945,1.5200209616996952e-18,0.0,39956.0,0.0,0.0,0
0.005259372420175213,0.005457237031126432,1553.0,3330.0,0.0004068963083182693,-2.0582385006672916e-18,0.0,39956.0,0.0,0.0,0
0.005255323734260599,0.005457237031126432,1554.0,3330.0,0.0004028476224036525,-2.073024696792775e-18,0.0,39956.0,0.0,0.0,0
0.005251315333443931,0.005457237031126432,1555.0,3330.0,0.00039883922158698385,-6.742505433220439e-19,0.0,39956.0,0.0,0.0,0
0.005247346816881787,0.005457237031126432,1556.0,3330.0,0.0003948707050248408,-5.855333665691433e-19,0.0,39956.0,0.0,0.0,0
0.005243417787719207,0.005457237031126432,1557.0,3330.0,0.00039094167586226124,-1.6767546406298196e-18,0.0,39956.0,0.0,0.0,0
0.005239527853049998,0.005457237031126432,1558.0,3330.0,0.0003870517411930523,-9.404020735807454e-19,0.0,39956.0,0.0,0.0,0
0.005235676623877454,0.005457237031126432,1559.0,3330.0,0.0003832005120205073,1.1326226232120298e-18,0.0,39956.0,0.0,0.0,0
0.005231863715075445,0.005457237031126432,1560.0,3330.0,0.0003793876032184997,-1.4135603495962146e-18,0.0,39956.0,0.0,0.0,0
0.005228088745349918,0.005457237031126432,1561.0,3330.0,0.0003756126334929709,1.008418575757969e-18,0.0,39956.0,0.0,0.0,0
0.005224351337200749,0.005457237031126432,1562.0,3330.0,0.00037187522534380283,1.008418575757969e-18,0.0,39956.0,0.0,0.0,0
0.005220651116884013,0.005457237031126432,1563.0,3330.0,0.00036817500502706664,1.1917674077139633e-18,0.0,39956.0,0.0,0.0,0
0.005216987714374591,0.005457237031126432,1564.0,3330.0,0.0003645116025176462,-6.890367394475273e-19,0.0,39956.0,0.0,0.0,0
0.0052133607633291865,0.005457237031126432,1565.0,3330.0,0.00036088465147223874,3.2086045592299017e-18,0.0,39956.0,0.0,0.0,0
0.005209769901049663,0.005457237031126432,1566.0,3330.0,0.00035729378919271634,-1.1976818861641567e-18,0.0,39956.0,0.0,0.0,0
0.005206214768446804,0.005457237031126432,1567.0,3330.0,0.0003537386565898588,-1.3839879573452478e-18,0.0,39956.0,0.0,0.0,0
0.005202695010004389,0.005457237031126432,1568.0,3330.0,0.00035021889814744386,-2.5402684943580512e-18,0.0,39956.0,0.0,0.0,0
0.005199210273743639,0.005457237031126432,1569.0,3330.0,0.0003467341618866939,-2.075981936017872e-18,0.0,39956.0,0.0,0.0,0
0.005195760211188024,0.005457237031126432,1570.0,3330.0,0.00034328409933107875,-9.788461835070022e-19,0.0,39956.0,0.0,0.0,0
0.0051923444773284136,0.005457237031126432,1571.0,3330.0,0.00033986836547146733,5.618754527683698e-20,0.0,39956.0,0.0,0.0,0
0.005188962730588575,0.005457237031126432,1572.0,3330.0,0.00033648661873162707,1.046862685684226e-18,0.0,39956.0,0.0,0.0,0
0.005185614632791013,0.005457237031126432,1573.0,3330.0,0.00033313852093406744,-1.5762085069765322e-18,0.0,39956.0,0.0,0.0,0
0.005182299849123163,0.005457237031126432,1574.0,3330.0,0.0003298237372662172,-3.6965490313708544e-19,0.0,39956.0,0.0,0.0,0
0.005179018048103893,0.005457237031126432,1575.0,3330.0,0.0003265419362469478,-1.5259354401498886e-18,0.0,39956.0,0.0,0.0,0
0.005175768901550369,0.005457237031126432,1576.0,3330.0,0.0003232927896934223,8.575993752780382e-19,0.0,39956.0,0.0,0.0,0
0.005172552084545223,0.005457237031126432,1577.0,3330.0,0.00032007597268827754,-3.223390755355385e-19,0.0,39956.0,0.0,0.0,0
0.005169367275404081,0.005457237031126432,1578.0,3330.0,0.00031689116354713213,2.0523240222170984e-18,0.0,39956.0,0.0,0.0,0
0.005166214155643366,0.005457237031126432,1579.0,3330.0,0.0003137380437864188,1.073477838710096e-18,0.0,39956.0,0.0,0.0,0
0.005163092409948481,0.005457237031126432,1580.0,3330.0,0.0003106162980915333,1.803915927308977e-19,0.0,39956.0,0.0,0.0,0
0.005160001726142251,0.005457237031126432,1581.0,3330.0,0.00030752561428530454,1.1533232977877065e-18,0.0,39956.0,0.0,0.0,0
0.005156941795153723,0.005457237031126432,1582.0,3330.0,0.0003044656832967761,-7.65924959300041e-19,0.0,39956.0,0.0,0.0,0
0.005153912310987249,0.005457237031126432,1583.0,3330.0,0.0003014361991303004,5.914478450193367e-19,0.0,39956.0,0.0,0.0,0
0.005150912970691881,0.005457237031126432,1584.0,3330.0,0.0002984368588349351,-8.87171767529005e-21,0.0,39956.0,0.0,0.0,0
0.005147943474331097,0.005457237031126432,1585.0,3330.0,0.0002954673624741516,-1.7211132290062698e-18,0.0,39956.0,0.0,0.0,0
0.005145003524952786,0.005457237031126432,1586.0,3330.0,0.0002925274130958391,2.3243900309259933e-18,0.0,39956.0,0.0,0.0,0
0.005142092828559556,0.005457237031126432,1587.0,3330.0,0.0002896167167026091,7.570532416247509e-19,0.0,39956.0,0.0,0.0,0
0.0051392110940793444,0.005457237031126432,1588.0,3330.0,0.00028673498222239817,4.849872329158561e-19,0.0,39956.0,0.0,0.0,0
0.005136358033336302,0.005457237031126432,1589.0,3330.0,0.00028388192147935624,8.87171767529005e-21,0.0,39956.0,0.0,0.0,0
0.005133533361021976,0.005457237031126432,1590.0,3330.0,0.00028105724916503087,4.968161898162428e-19,0.0,39956.0,0.0,0.0,0
0.005130736794666785,0.005457237031126432,1591.0,3330.0,0.0002782606828098372,6.358064333957869e-19,0.0,39956.0,0.0,0.0,0
0.005127968054611755,0.005457237031126432,1592.0,3330.0,0.0002754919427548095,-1.981350280814778e-18,0.0,39956.0,0.0,0.0,0
0.005125226863980582,0.005457237031126432,1593.0,3330.0,0.00027275075212363474,1.4135603495962146e-18,0.0,39956.0,0.0,0.0,0
0.005122512948651911,0.005457237031126432,1594.0,3330.0,0.000270036836794965,-2.223843897272706e-18,0.0,39956.0,0.0,0.0,0
0.005119826037231954,0.005457237031126432,1595.0,3330.0,0.0002673499253750062,3.717249705946531e-18,0.0,39956.0,0.0,0.0,0
0.005117165861027324,0.005457237031126432,1596.0,3330.0,0.00026468974917037724,5.411747781926931e-19,0.0,39956.0,0.0,0.0,0
0.005114532154018188,0.005457237031126432,1597.0,3330.0,0.00026205604216124085,9.758889442819056e-19,0.0,39956.0,0.0,0.0,0
0.0051119246528316484,0.005457237031126432,1598.0,3330.0,0.00025944854097470217,-6.801650217722372e-19,0.0,39956.0,0.0,0.0,0
0.005109343096715413,0.005457237031126432,1599.0,3330.0,0.0002568669848584676,-2.5018243844317942e-18,0.0,39956.0,0.0,0.0,0
0.005106787227511723,0.005457237031126432,1600.0,3330.0,0.000254311115654776,-1.4165175888213114e-18,0.0,39956.0,0.0,0.0,0
0.005104256789631521,0.005457237031126432,1601.0,3330.0,0.00025178067777457676,-2.4367651214796673e-18,0.0,39956.0,0.0,0.0,0
0.005101751530028917,0.005457237031126432,1602.0,3330.0,0.0002492754181719719,6.979084571228173e-19,0.0,39956.0,0.0,0.0,0
0.005099271198175863,0.005457237031126432,1603.0,3330.0,0.00024679508631891535,1.8896758648367807e-18,0.0,39956.0,0.0,0.0,0
0.005096815546037099,0.005457237031126432,1604.0,3330.0,0.00024433943418015374,-4.0809901306334234e-19,0.0,39956.0,0.0,0.0,0
0.005094384328045374,0.005457237031126432,1605.0,3330.0,0.00024190821618842693,-6.210202372703035e-20,0.0,39956.0,0.0,0.0,0
0.005091977301076856,0.005457237031126432,1606.0,3330.0,0.0002395011892199096,2.0493667829920017e-18,0.0,39956.0,0.0,0.0,0
0.005089594224426846,0.005457237031126432,1607.0,3330.0,0.0002371181125699003,-8.250697438019746e-19,0.0,39956.0,0.0,0.0,0
0.005087234859785694,0.005457237031126432,1608.0,3330.0,0.0002347587479287464,6.565071079714637e-19,0.0,39956.0,0.0,0.0,0
0.0050848989712149635,0.005457237031126432,1609.0,3330.0,0.00023242285935801786,-2.575755365059211e-18,0.0,39956.0,0.0,0.0,0
0.005082586325123857,0.005457237031126432,1610.0,3330.0,0.00023011021326691216,-2.510696102107084e-18,0.0,39956.0,0.0,0.0,0
0.0050802966902458386,0.005457237031126432,1611.0,3330.0,0.0002278205783888918,-7.09737414023204e-19,0.0,39956.0,0.0,0.0,0
0.005078029837615508,0.005457237031126432,1612.0,3330.0,0.00022555372575856148,1.596909181552209e-19,0.0,39956.0,0.0,0.0,0
0.005075785540545715,0.005457237031126432,1613.0,3330.0,0.00022330942868876947,8.575993752780383e-20,0.0,39956.0,0.0,0.0,0
0.005073563574604883,0.005457237031126432,1614.0,3330.0,0.0002210874627479382,9.049152028795851e-19,0.0,39956.0,0.0,0.0,0
0.005071363717594567,0.005457237031126432,1615.0,3330.0,0.00021888760573762113,-1.1592377762378999e-18,0.0,39956.0,0.0,0.0,0
0.005069185749527233,0.005457237031126432,1616.0,3330.0,0.00021670963767028584,2.3657913800773466e-20,0.0,39956.0,0.0,0.0,0
0.005067029452604256,0.005457237031126432,1617.0,3330.0,0.00021455334074730874,4.1992796996372904e-19,0.0,39956.0,0.0,0.0,0
0.005064894611194149,0.005457237031126432,1618.0,3330.0,0.00021241849933720128,2.0523240222170984e-18,0.0,39956.0,0.0,0.0,0
0.00506278101181099,0.005457237031126432,1619.0,3330.0,0.00021030489995404423,-9.522310304811321e-19,0.0,39956.0,0.0,0.0,0
0.005060688443093084,0.005457237031126432,1620.0,3330.0,0.00020821233123613633,1.4786196125483418e-18,0.0,39956.0,0.0,0.0,0
0.00505861669578181,0.005457237031126432,1621.0,3330.0,0.00020614058392486387,-1.6767546406298196e-18,0.0,39956.0,0.0,0.0,0
0.005056565562700715,0.005457237031126432,1622.0,3330.0,0.0002040894508437674,4.0514177383824565e-19,0.0,39956.0,0.0,0.0,0
0.005054534838734777,0.005457237031126432,1623.0,3330.0,0.0002020587268778313,1.3958169142456345e-18,0.0,39956.0,0.0,0.0,0
0.005052524320809914,0.005457237031126432,1624.0,3330.0,0.00020004820895296586,2.1646991127707724e-18,0.0,39956.0,0.0,0.0,0
0.00505053380787265,0.005457237031126432,1625.0,3330.0,0.00019805769601570218,2.306646595575413e-18,0.0,39956.0,0.0,0.0,0
0.005048563100870035,0.005457237031126432,1626.0,3330.0,0.00019608698901308998,-4.879444721409528e-19,0.0,39956.0,0.0,0.0,0
0.005046612002729733,0.005457237031126432,1627.0,3330.0,0.00019413589087278408,1.4727051340981484e-18,0.0,39956.0,0.0,0.0,0
0.0050446803183402935,0.005457237031126432,1628.0,3330.0,0.00019220420648334712,5.618754527683698e-20,0.0,39956.0,0.0,0.0,0
0.005042767854531674,0.005457237031126432,1629.0,3330.0,0.00019029174267472818,-1.3958169142456345e-18,0.0,39956.0,0.0,0.0,0
0.0050408744200559005,0.005457237031126432,1630.0,3330.0,0.00018839830819895423,-9.492737912560353e-19,0.0,39956.0,0.0,0.0,0
0.0050389998255679445,0.005457237031126432,1631.0,3330.0,0.00018652371371099852,1.0616488818097093e-18,0.0,39956.0,0.0,0.0,0
0.005037143883606797,0.005457237031126432,1632.0,3330.0,0.0001846677717498522,-2.0050081946155514e-18,0.0,39956.0,0.0,0.0,0
0.005035306408576716,0.005457237031126432,1633.0,3330.0,0.00018283029671976983,1.008418575757969e-18,0.0,39956.0,0.0,0.0,0
0.005033487216728668,0.005457237031126432,1634.0,3330.0,0.0001810111048717194,2.765018675465399e-18,0.0,39956.0,0.0,0.0,0
0.005031686126141946,0.005457237031126432,1635.0,3330.0,0.00017921001428499903,-3.6965490313708544e-19,0.0,39956.0,0.0,0.0,0
0.005029902956705998,0.005457237031126432,1636.0,3330.0,0.00017742684484904977,4.376714053143091e-19,0.0,39956.0,0.0,0.0,0
0.005028137530102387,0.005457237031126432,1637.0,3330.0,0.00017566141824544107,-1.978393041589681e-18,0.0,39956.0,0.0,0.0,0
0.005026389669786988,0.005457237031126432,1638.0,3330.0,0.00017391355793004232,-3.6669766391198876e-19,0.0,39956.0,0.0,0.0,0
0.005024659200972311,0.005457237031126432,1639.0,3330.0,0.00017218308911536473,-6.003195626946268e-19,0.0,39956.0,0.0,0.0,0
0.005022945950610031,0.005457237031126432,1640.0,3330.0,0.00017046983875308464,1.661968444504336e-18,0.0,39956.0,0.0,0.0,0
0.005021249747373685,0.005457237031126432,1641.0,3330.0,0.0001687736355167393,-6.772077825471405e-19,0.0,39956.0,0.0,0.0,0
0.005019570421641536,0.005457237031126432,1642.0,3330.0,0.00016709430978459003,3.223390755355385e-19,0.0,39956.0,0.0,0.0,0
0.005017907805479611,0.005457237031126432,1643.0,3330.0,0.00016543169362266528,-6.772077825471405e-19,0.0,39956.0,0.0,0.0,0
0.005016261732624909,0.005457237031126432,1644.0,3330.0,0.00016378562076796305,1.2124680822896403e-18,0.0,39956.0,0.0,0.0,0
0.005014632038468771,0.005457237031126432,1645.0,3330.0,0.00016215592661182645,-1.3899024357954411e-18,0.0,39956.0,0.0,0.0,0
0.0050130185600404265,0.005457237031126432,1646.0,3330.0,0.00016054244818348087,-3.6965490313708544e-19,0.0,39956.0,0.0,0.0,0
0.005011421135990685,0.005457237031126432,1647.0,3330.0,0.00015894502413373921,-1.2863990629170574e-18,0.0,39956.0,0.0,0.0,0
0.005009839606575811,0.005457237031126432,1648.0,3330.0,0.00015736349471886658,-9.965896188575823e-19,0.0,39956.0,0.0,0.0,0
0.005008273813641548,0.005457237031126432,1649.0,3330.0,0.00015579770178460127,7.156518924733974e-19,0.0,39956.0,0.0,0.0,0
0.005006723600607294,0.005457237031126432,1650.0,3330.0,0.00015424748875034747,-3.164245970853451e-19,0.0,39956.0,0.0,0.0,0
0.005005188812450453,0.005457237031126432,1651.0,3330.0,0.00015271270059350866,-1.5909947031020157e-18,0.0,39956.0,0.0,0.0,0
0.005003669295690937,0.005457237031126432,1652.0,3330.0,0.00015119318383398968,1.1651522546880933e-18,0.0,39956.0,0.0,0.0,0
0.005002164898375793,0.005457237031126432,1653.0,3330.0,0.0001496887865188489,-2.315518313250703e-18,0.0,39956.0,0.0,0.0,0
0.005000675470064047,0.005457237031126432,1654.0,3330.0,0.0001481993582071003,-1.653096726829046e-18,0.0,39956.0,0.0,0.0,0
0.004999200861811618,0.005457237031126432,1655.0,3330.0,0.00014672474995467382,-1.3869451965703446e-18,0.0,39956.0,0.0,0.0,0
0.004997740926156458,0.005457237031126432,1656.0,3330.0,0.0001452648142995126,-1.017290293433259e-18,0.0,39956.0,0.0,0.0,0
0.004996295517103784,0.005457237031126432,1657.0,3330.0,0.00014381940524683658,1.4608761771977616e-18,0.0,39956.0,0.0,0.0,0
0.004994864490111479,0.005457237031126432,1658.0,3330.0,0.0001423883782545343,-3.214519037680095e-18,0.0,39956.0,0.0,0.0,0
0.004993447702075662,0.005457237031126432,1659.0,3330.0,0.00014097159021871515,2.7443180008897224e-18,0.0,39956.0,0.0,0.0,0
0.004992045011316342,0.005457237031126432,1660.0,3330.0,0.00013956889945939506,1.8334883195599438e-19,0.0,39956.0,0.0,0.0,0
0.004990656277563274,0.005457237031126432,1661.0,3330.0,0.00013818016570632896,-2.4278934038043773e-18,0.0,39956.0,0.0,0.0,0
0.004989281361941928,0.005457237031126432,1662.0,3330.0,0.00013680525008498263,-1.129665383986933e-18,0.0,39956.0,0.0,0.0,0
0.004987920126959596,0.005457237031126432,1663.0,3330.0,0.0001354440151026507,1.1474088193375131e-18,0.0,39956.0,0.0,0.0,0
0.004986572436491645,0.005457237031126432,1664.0,3330.0,0.0001340963246346988,-6.890367394475273e-19,0.0,39956.0,0.0,0.0,0
0.004985238155767904,0.005457237031126432,1665.0,3330.0,0.00013276204391095801,-9.492737912560353e-19,0.0,39956.0,0.0,0.0,0
0.004983917151359188,0.005457237031126432,1666.0,3330.0,0.000131441039502244,-2.6763014987124987e-18,0.0,39956.0,0.0,0.0,0
0.004982609291163961,0.005457237031126432,1667.0,3330.0,0.00013013317930701416,-3.519114677865053e-19,0.0,39956.0,0.0,0.0,0
0.0049813144443951055,0.005457237031126432,1668.0,3330.0,0.00012883833253816081,-1.0409482072340326e-18,0.0,39956.0,0.0,0.0,0
0.004980032481566873,0.005457237031126432,1669.0,3330.0,0.00012755636970992597,-1.77434353505801e-19,0.0,39956.0,0.0,0.0,0
0.0049787632744819075,0.005457237031126432,1670.0,3330.0,0.00012628716262495963,1.2390832353155104e-18,0.0,39956.0,0.0,0.0,0
0.004977506696218442,0.005457237031126432,1671.0,3330.0,0.00012503058436149554,-7.895828731008145e-19,0.0,39956.0,0.0,0.0,0
0.004976262621117606,0.005457237031126432,1672.0,3330.0,0.00012378650926065982,-2.2711597248742528e-18,0.0,39956.0,0.0,0.0,0
0.004975030924770852,0.005457237031126432,1673.0,3330.0,0.00012255481291390582,9.34487595130552e-19,0.0,39956.0,0.0,0.0,0
0.00497381148400752,0.005457237031126432,1674.0,3330.0,0.00012133537215057363,-1.6885835975302063e-18,0.0,39956.0,0.0,0.0,0
0.004972604176882514,0.005457237031126432,1675.0,3330.0,0.00012012806502556889,-4.731582760154694e-19,0.0,39956.0,0.0,0.0,0
0.00497140888266412,0.005457237031126432,1676.0,3330.0,0.00011893277080717307,-9.167441597799719e-20,0.0,39956.0,0.0,0.0,0
0.004970225481821916,0.005457237031126432,1677.0,3330.0,0.00011774936996496952,-1.5377643970502755e-19,0.0,39956.0,0.0,0.0,0
0.004969053856014834,0.005457237031126432,1678.0,3330.0,0.00011657774415788762,-1.5081920047993087e-18,0.0,39956.0,0.0,0.0,0
0.004967893888079318,0.005457237031126432,1679.0,3330.0,0.0001154177762223695,2.4338078822545705e-18,0.0,39956.0,0.0,0.0,0
0.0049667454620176,0.005457237031126432,1680.0,3330.0,0.00011426935016065567,-4.642865583401793e-19,0.0,39956.0,0.0,0.0,0
0.004965608462986128,0.005457237031126432,1681.0,3330.0,0.00011313235112918318,-1.7329421859066565e-18,0.0,39956.0,0.0,0.0,0
0.004964482777284045,0.005457237031126432,1682.0,3330.0,0.00011200666542710026,5.707471704436599e-19,0.0,39956.0,0.0,0.0,0
0.0049633682923418436,0.005457237031126432,1683.0,3330.0,0.0001108921804848989,-2.484080949081214e-19,0.0,39956.0,0.0,0.0,0
0.004962264896710103,0.005457237031126432,1684.0,3330.0,0.00010978878485315698,-1.7447711428070431e-19,0.0,39956.0,0.0,0.0,0
0.0049611724800483386,0.005457237031126432,1685.0,3330.0,0.00010869636819139136,4.642865583401793e-19,0.0,39956.0,0.0,0.0,0
0.004960090933113971,0.005457237031126432,1686.0,3330.0,0.00010761482125702535,-5.973623234695301e-19,0.0,39956.0,0.0,0.0,0
0.00495902014775141,0.005457237031126432,1687.0,3330.0,0.0001065440358944644,-1.4313037849467948e-18,0.0,39956.0,0.0,0.0,0
0.004957960016881226,0.005457237031126432,1688.0,3330.0,0.0001054839050242797,2.3125610740256066e-18,0.0,39956.0,0.0,0.0,0
0.004956910434489449,0.005457237031126432,1689.0,3330.0,0.00010443432263250091,2.3243900309259933e-18,0.0,39956.0,0.0,0.0,0
0.004955871295616962,0.005457237031126432,1690.0,3330.0,0.00010339518376001528,2.016837151515938e-18,0.0,39956.0,0.0,0.0,0
0.004954842496349013,0.005457237031126432,1691.0,3330.0,0.00010236638449206787,9.90675140407389e-19,0.0,39956.0,0.0,0.0,0
0.004953823933804822,0.005457237031126432,1692.0,3330.0,0.00010134782194787499,2.661515302587015e-20,0.0,39956.0,0.0,0.0,0
0.004952815506127278,0.005457237031126432,1693.0,3330.0,0.00010033939427033378,-2.37170585852754e-18,0.0,39956.0,0.0,0.0,0
0.004951817112472783,0.005457237031126432,1694.0,3330.0,9.934100061583617e-05,1.3958169142456345e-18,0.0,39956.0,0.0,0.0,0
0.00495082865300113,0.005457237031126432,1695.0,3330.0,9.835254114418504e-05,-1.037990968008936e-18,0.0,39956.0,0.0,0.0,0
0.0049498500288655545,0.005457237031126432,1696.0,3330.0,9.737391700860843e-05,-1.064606121034806e-18,0.0,39956.0,0.0,0.0,0
0.004948881142202823,0.005457237031126432,1697.0,3330.0,9.640503034587814e-05,-2.1824425481213523e-18,0.0,39956.0,0.0,0.0,0
0.004947921896123466,0.005457237031126432,1698.0,3330.0,9.544578426652009e-05,-1.289356302142154e-18,0.0,39956.0,0.0,0.0,0
0.004946972194702073,0.005457237031126432,1699.0,3330.0,9.449608284512701e-05,1.18585292926377e-18,0.0,39956.0,0.0,0.0,0
0.004946031942967711,0.005457237031126432,1700.0,3330.0,9.355583111076575e-05,-9.522310304811321e-19,0.0,39956.0,0.0,0.0,0
0.004945101046894425,0.005457237031126432,1701.0,3330.0,9.262493503747849e-05,5.8849060579424e-19,0.0,39956.0,0.0,0.0,0
0.004944179413391829,0.005457237031126432,1702.0,3330.0,9.170330153488299e-05,-1.6264815738031759e-19,0.0,39956.0,0.0,0.0,0
0.004943266950295807,0.005457237031126432,1703.0,3330.0,9.079083843886097e-05,-2.4545085568302475e-19,0.0,39956.0,0.0,0.0,0
0.004942363566359288,0.005457237031126432,1704.0,3330.0,8.98874545023419e-05,7.925401123259112e-19,0.0,39956.0,0.0,0.0,0
0.004941469171243125,0.005457237031126432,1705.0,3330.0,8.899305938617975e-05,-6.121485195950135e-19,0.0,39956.0,0.0,0.0,0
0.004940583675507064,0.005457237031126432,1706.0,3330.0,8.810756365011682e-05,-7.718394377502344e-19,0.0,39956.0,0.0,0.0,0
0.0049397069906007875,0.005457237031126432,1707.0,3330.0,8.723087874384266e-05,-9.078724421046819e-19,0.0,39956.0,0.0,0.0,0
0.004938839028855082,0.005457237031126432,1708.0,3330.0,8.636291699813507e-05,5.32303060517403e-20,0.0,39956.0,0.0,0.0,0
0.004937979703473044,0.005457237031126432,1709.0,3330.0,8.55035916160966e-05,-2.513653341332181e-19,0.0,39956.0,0.0,0.0,0
0.00493712892852142,0.005457237031126432,1710.0,3330.0,8.465281666447395e-05,-2.3657913800773466e-20,0.0,39956.0,0.0,0.0,0
0.004936286618922006,0.005457237031126432,1711.0,3330.0,8.381050706506078e-05,-2.197228744246836e-18,0.0,39956.0,0.0,0.0,0
0.004935452690443143,0.005457237031126432,1712.0,3330.0,8.297657858619673e-05,1.0941785132857728e-19,0.0,39956.0,0.0,0.0,0
0.0049346270596912845,0.005457237031126432,1713.0,3330.0,8.215094783433858e-05,9.877179011822922e-19,0.0,39956.0,0.0,0.0,0
0.004933809644102671,0.005457237031126432,1714.0,3330.0,8.133353224572399e-05,-1.2124680822896403e-19,0.0,39956.0,0.0,0.0,0
0.004933000361935057,0.005457237031126432,1715.0,3330.0,8.052425007811162e-05,-5.32303060517403e-20,0.0,39956.0,0.0,0.0,0
0.0049321991322595566,0.005457237031126432,1716.0,3330.0,7.972302040261042e-05,8.990007244293917e-19,0.0,39956.0,0.0,0.0,0
0.00493140587495253,0.005457237031126432,1717.0,3330.0,7.892976309558586e-05,-2.9099233974951365e-18,0.0,39956.0,0.0,0.0,0
0.004930620510687592,0.005457237031126432,1718.0,3330.0,7.814439883064629e-05,-1.289356302142154e-18,0.0,39956.0,0.0,0.0,0
0.0049298429609276545,0.005457237031126432,1719.0,3330.0,7.736684907071027e-05,-2.33621898782638e-18,0.0,39956.0,0.0,0.0,0
0.0049290731479170995,0.005457237031126432,1720.0,3330.0,7.659703606015334e-05,-1.8334883195599438e-19,0.0,39956.0,0.0,0.0,0
0.0049283109946739794,0.005457237031126432,1721.0,3330.0,7.583488281703415e-05,-8.87171767529005e-21,0.0,39956.0,0.0,0.0,0
0.004927556424982337,0.005457237031126432,1722.0,3330.0,7.50803131253925e-05,-1.9192482570877474e-18,0.0,39956.0,0.0,0.0,0
0.004926809363384577,0.005457237031126432,1723.0,3330.0,7.433325152763033e-05,8.664710929533283e-19,0.0,39956.0,0.0,0.0,0
0.004926069735173911,0.005457237031126432,1724.0,3330.0,7.359362331696561e-05,-5.766616488938533e-19,0.0,39956.0,0.0,0.0,0
0.004925337466386907,0.005457237031126432,1725.0,3330.0,7.286135452996031e-05,2.0404950653167117e-18,0.0,39956.0,0.0,0.0,0
0.004924612483796071,0.005457237031126432,1726.0,3330.0,7.213637193912685e-05,-5.175168643919196e-19,0.0,39956.0,0.0,0.0,0
0.004923894714902547,0.005457237031126432,1727.0,3330.0,7.141860304560008e-05,1.5081920047993086e-19,0.0,39956.0,0.0,0.0,0
0.004923184087928841,0.005457237031126432,1728.0,3330.0,7.070797607189461e-05,4.495003622146959e-19,0.0,39956.0,0.0,0.0,0
0.004922480531811666,0.005457237031126432,1729.0,3330.0,7.000441995471956e-05,-2.9572392250966835e-19,0.0,39956.0,0.0,0.0,0
0.004921783976194822,0.005457237031126432,1730.0,3330.0,6.930786433787672e-05,-1.7536428604823333e-18,0.0,39956.0,0.0,0.0,0
0.004921094351422171,0.005457237031126432,1731.0,3330.0,6.861823956522509e-05,2.0700674575676784e-20,0.0,39956.0,0.0,0.0,0
0.004920411588530655,0.005457237031126432,1732.0,3330.0,6.793547667371137e-05,-1.3958169142456345e-18,0.0,39956.0,0.0,0.0,0
0.004919735619243425,0.005457237031126432,1733.0,3330.0,6.725950738647836e-05,-6.210202372703036e-19,0.0,39956.0,0.0,0.0,0
0.004919066375962979,0.005457237031126432,1734.0,3330.0,6.65902641060342e-05,8.428131791525548e-19,0.0,39956.0,0.0,0.0,0
0.00491840379176444,0.005457237031126432,1735.0,3330.0,6.592767990749204e-05,2.735446283214432e-18,0.0,39956.0,0.0,0.0,0
0.004917747800388827,0.005457237031126432,1736.0,3330.0,6.527168853188093e-05,-4.0218453461314896e-19,0.0,39956.0,0.0,0.0,0
0.004917098336236462,0.005457237031126432,1737.0,3330.0,6.462222437951626e-05,-3.9922729538805227e-19,0.0,39956.0,0.0,0.0,0
0.004916455334360388,0.005457237031126432,1738.0,3330.0,6.397922250344157e-05,4.0514177383824565e-19,0.0,39956.0,0.0,0.0,0
0.004915818730459879,0.005457237031126432,1739.0,3330.0,6.334261860293337e-05,-2.4160644469039906e-18,0.0,39956.0,0.0,0.0,0
0.004915188460874016,0.005457237031126432,1740.0,3330.0,6.271234901707114e-05,-1.233168756865317e-18,0.0,39956.0,0.0,0.0,0
0.004914564462575317,0.005457237031126432,1741.0,3330.0,6.208835071837084e-05,4.406286445394058e-19,0.0,39956.0,0.0,0.0,0
0.004913946673163429,0.005457237031126432,1742.0,3330.0,6.147056130648304e-05,-7.925401123259112e-19,0.0,39956.0,0.0,0.0,0
0.0049133350308588975,0.005457237031126432,1743.0,3330.0,6.0858919001952004e-05,-2.8005055461665594e-18,0.0,39956.0,0.0,0.0,0
0.004912729474496983,0.005457237031126432,1744.0,3330.0,6.025336264003606e-05,-1.6264815738031759e-19,0.0,39956.0,0.0,0.0,0
0.0049121299435215425,0.005457237031126432,1745.0,3330.0,5.965383166459638e-05,1.0527771641344193e-18,0.0,39956.0,0.0,0.0,0
0.004911536377978982,0.005457237031126432,1746.0,3330.0,5.906026612203466e-05,5.352602997424997e-19,0.0,39956.0,0.0,0.0,0
0.004910948718512246,0.005457237031126432,1747.0,3330.0,5.847260665530191e-05,-2.605327757310178e-18,0.0,39956.0,0.0,0.0,0
0.00491036690635491,0.005457237031126432,1748.0,3330.0,5.7890794497962316e-05,2.510696102107084e-18,0.0,39956.0,0.0,0.0,0
0.004909790883325262,0.005457237031126432,1749.0,3330.0,5.7314771468314626e-05,3.8444109926256883e-19,0.0,39956.0,0.0,0.0,0
0.004909220591820524,0.005457237031126432,1750.0,3330.0,5.674447996357651e-05,2.0109226730657448e-19,0.0,39956.0,0.0,0.0,0
0.004908655974811067,0.005457237031126432,1751.0,3330.0,5.6179862954122445e-05,-1.4135603495962146e-18,0.0,39956.0,0.0,0.0,0
0.004908096975834726,0.005457237031126432,1752.0,3330.0,5.5620863977779185e-05,1.4697478948730516e-18,0.0,39956.0,0.0,0.0,0
0.004907543538991133,0.005457237031126432,1753.0,3330.0,5.5067427134185775e-05,2.4515513176051504e-18,0.0,39956.0,0.0,0.0,0
0.004906995608936143,0.005457237031126432,1754.0,3330.0,5.451949707919485e-05,2.2356728541730925e-18,0.0,39956.0,0.0,0.0,0
0.004906453130876292,0.005457237031126432,1755.0,3330.0,5.3977019019345494e-05,7.895828731008145e-19,0.0,39956.0,0.0,0.0,0
0.004905916050563324,0.005457237031126432,1756.0,3330.0,5.343993870637838e-05,-1.8837613863865875e-18,0.0,39956.0,0.0,0.0,0
0.004905384314288761,0.005457237031126432,1757.0,3330.0,5.2908202431815494e-05,1.073477838710096e-18,0.0,39956.0,0.0,0.0,0
0.004904857868878532,0.005457237031126432,1758.0,3330.0,5.238175702158691e-05,-2.2208866580476094e-18,0.0,39956.0,0.0,0.0,0
0.004904336661687657,0.005457237031126432,1759.0,3330.0,5.1860549830710985e-05,1.2834418236919606e-18,0.0,39956.0,0.0,0.0,0
0.004903820640594983,0.005457237031126432,1760.0,3330.0,5.1344528738036286e-05,-5.8849060579424e-19,0.0,39956.0,0.0,0.0,0
0.004903309753997969,0.005457237031126432,1761.0,3330.0,5.083364214102168e-05,1.3337148905186042e-18,0.0,39956.0,0.0,0.0,0
0.004902803950807531,0.005457237031126432,1762.0,3330.0,5.0327838950582996e-05,7.038229355730106e-19,0.0,39956.0,0.0,0.0,0
0.004902303180442926,0.005457237031126432,1763.0,3330.0,4.9827068585980024e-05,-1.5436788755004687e-18,0.0,39956.0,0.0,0.0,0
0.004901807392826703,0.005457237031126432,1764.0,3330.0,4.933128096975806e-05,-2.206100461922126e-18,0.0,39956.0,0.0,0.0,0
0.004901316538379688,0.005457237031126432,1765.0,3330.0,4.884042652274218e-05,1.7211132290062698e-18,0.0,39956.0,0.0,0.0,0
0.004900830568016027,0.005457237031126432,1766.0,3330.0,4.835445615907931e-05,5.589182135432731e-19,0.0,39956.0,0.0,0.0,0
0.004900349433138274,0.005457237031126432,1767.0,3330.0,4.787332128132837e-05,-2.691087694837982e-19,0.0,39956.0,0.0,0.0,0
0.004899873085632545,0.005457237031126432,1768.0,3330.0,4.7396973775599054e-05,-1.3603300435444745e-19,0.0,39956.0,0.0,0.0,0
0.004899401477863694,0.005457237031126432,1769.0,3330.0,4.692536600674592e-05,2.250459050298576e-18,0.0,39956.0,0.0,0.0,0
0.004898934562670544,0.005457237031126432,1770.0,3330.0,4.645845081359747e-05,5.530037350930798e-19,0.0,39956.0,0.0,0.0,0
0.004898472293361192,0.005457237031126432,1771.0,3330.0,4.599618150424618e-05,-5.677899312185632e-19,0.0,39956.0,0.0,0.0,0
0.004898014623708321,0.005457237031126432,1772.0,3330.0,4.553851185137527e-05,-1.7240704682313664e-18,0.0,39956.0,0.0,0.0,0
0.004897561507944586,0.005457237031126432,1773.0,3330.0,4.5085396087638775e-05,2.158784634320579e-19,0.0,39956.0,0.0,0.0,0
0.00489711290075803,0.005457237031126432,1774.0,3330.0,4.463678890108268e-05,2.8626075698935895e-18,0.0,39956.0,0.0,0.0,0
0.004896668757287559,0.005457237031126432,1775.0,3330.0,4.4192645430613055e-05,-1.9517778885638112e-18,0.0,39956.0,0.0,0.0,0
0.004896229033118462,0.005457237031126432,1776.0,3330.0,4.375292126151464e-05,1.1740239723633834e-18,0.0,39956.0,0.0,0.0,0
0.00489579368427795,0.005457237031126432,1777.0,3330.0,4.3317572421002795e-05,4.642865583401793e-19,0.0,39956.0,0.0,0.0,0
0.004895362667230779,0.005457237031126432,1778.0,3330.0,4.288655537383144e-05,1.8157448842093638e-18,0.0,39956.0,0.0,0.0,0
0.004894935938874882,0.005457237031126432,1779.0,3330.0,4.245982701793675e-05,-2.6851732163877887e-18,0.0,39956.0,0.0,0.0,0
0.004894513456537072,0.005457237031126432,1780.0,3330.0,4.203734468012637e-05,-2.720660087088949e-19,0.0,39956.0,0.0,0.0,0
0.004894095177968763,0.005457237031126432,1781.0,3330.0,4.161906611181514e-05,3.063699837200164e-18,0.0,39956.0,0.0,0.0,0
0.004893681061341745,0.005457237031126432,1782.0,3330.0,4.1204949484798647e-05,-3.193818363104418e-19,0.0,39956.0,0.0,0.0,0
0.004893271065244014,0.005457237031126432,1783.0,3330.0,4.079495338706752e-05,-1.4727051340981484e-18,0.0,39956.0,0.0,0.0,0
0.0048928651486756175,0.005457237031126432,1784.0,3330.0,4.0389036818671385e-05,1.1237509055367396e-18,0.0,39956.0,0.0,0.0,0
0.004892463271044561,0.005457237031126432,1785.0,3330.0,3.998715918761507e-05,6.594643471965604e-19,0.0,39956.0,0.0,0.0,0
0.004892065392162747,0.005457237031126432,1786.0,3330.0,3.958928030579955e-05,1.4963630478989219e-18,0.0,39956.0,0.0,0.0,0
0.004891671472241952,0.005457237031126432,1787.0,3330.0,3.919536038500612e-05,6.949512178977206e-19,0.0,39956.0,0.0,0.0,0
0.00489128147188986,0.005457237031126432,1788.0,3330.0,3.880536003291369e-05,4.731582760154693e-20,0.0,39956.0,0.0,0.0,0
0.00489089535210611,0.005457237031126432,1789.0,3330.0,3.841924024916275e-05,1.3130142159429275e-18,0.0,39956.0,0.0,0.0,0
0.004890513074278399,0.005457237031126432,1790.0,3330.0,3.803696242145265e-05,6.683360648718505e-19,0.0,39956.0,0.0,0.0,0
0.00489013460017863,0.005457237031126432,1791.0,3330.0,3.7658488321683156e-05,5.8849060579424e-19,0.0,39956.0,0.0,0.0,0
0.004889759891959074,0.005457237031126432,1792.0,3330.0,3.7283780102127395e-05,-9.99546858082679e-19,0.0,39956.0,0.0,0.0,0
0.004889388912148596,0.005457237031126432,1793.0,3330.0,3.691280029165153e-05,-8.398559399274581e-19,0.0,39956.0,0.0,0.0,0
0.0048890216236489115,0.005457237031126432,1794.0,3330.0,3.6545511791966e-05,-6.239774764954002e-19,0.0,39956.0,0.0,0.0,0
0.004888657989730861,0.005457237031126432,1795.0,3330.0,3.6181877873913806e-05,6.210202372703035e-20,0.0,39956.0,0.0,0.0,0
0.0048882979740307465,0.005457237031126432,1796.0,3330.0,3.582186217380162e-05,-1.2923135413672507e-18,0.0,39956.0,0.0,0.0,0
0.004887941540546703,0.005457237031126432,1797.0,3330.0,3.546542868975758e-05,-2.0789391752429683e-18,0.0,39956.0,0.0,0.0,0
0.004887588653635085,0.005457237031126432,1798.0,3330.0,3.511254177813735e-05,1.4253893064966014e-18,0.0,39956.0,0.0,0.0,0
0.004887239278006903,0.005457237031126432,1799.0,3330.0,3.4763166149955975e-05,1.596909181552209e-18,0.0,39956.0,0.0,0.0,0
0.0048868933787243034,0.005457237031126432,1800.0,3330.0,3.441726686735864e-05,1.2716128667915738e-19,0.0,39956.0,0.0,0.0,0
0.004886550921197077,0.005457237031126432,1801.0,3330.0,3.407480934012875e-05,8.753428106286182e-19,0.0,39956.0,0.0,0.0,0
0.004886211871179177,0.005457237031126432,1802.0,3330.0,3.3735759322229146e-05,9.581455089313255e-19,0.0,39956.0,0.0,0.0,0
0.004885876194765323,0.005457237031126432,1803.0,3330.0,3.3400082908375395e-05,2.4249361645792806e-19,0.0,39956.0,0.0,0.0,0
0.004885543858387591,0.005457237031126432,1804.0,3330.0,3.306774653064523e-05,-2.5727981258341145e-19,0.0,39956.0,0.0,0.0,0
0.0048852148288120725,0.005457237031126432,1805.0,3330.0,3.273871695512492e-05,5.9144784501933666e-21,0.0,39956.0,0.0,0.0,0
0.004884889073135529,0.005457237031126432,1806.0,3330.0,3.241296127858233e-05,-7.777539162004277e-19,0.0,39956.0,0.0,0.0,0
0.004884566558782124,0.005457237031126432,1807.0,3330.0,3.20904469251794e-05,-1.626481573803176e-18,0.0,39956.0,0.0,0.0,0
0.004884247253500155,0.005457237031126432,1808.0,3330.0,3.177114164320955e-05,2.277074203324446e-19,0.0,39956.0,0.0,0.0,0
0.004883931125358827,0.005457237031126432,1809.0,3330.0,3.1455013501881074e-05,-7.452242847243643e-19,0.0,39956.0,0.0,0.0,0
0.00488361814274506,0.005457237031126432,1810.0,3330.0,3.114203088811506e-05,-4.465431229895992e-19,0.0,39956.0,0.0,0.0,0
0.004883308274360335,0.005457237031126432,1811.0,3330.0,3.0832162503390334e-05,-1.821659362659557e-18,0.0,39956.0,0.0,0.0,0
0.004883001489217554,0.005457237031126432,1812.0,3330.0,3.052537736060838e-05,-1.2656983883413804e-18,0.0,39956.0,0.0,0.0,0
0.004882697756637948,0.005457237031126432,1813.0,3330.0,3.0221644781001327e-05,1.3899024357954413e-19,0.0,39956.0,0.0,0.0,0
0.004882397046248001,0.005457237031126432,1814.0,3330.0,2.992093439105705e-05,-4.613293191150826e-19,0.0,39956.0,0.0,0.0,0
0.0048820993279764325,0.005457237031126432,1815.0,3330.0,2.9623216119484946e-05,9.108296813297785e-19,0.0,39956.0,0.0,0.0,0
0.004881804572051159,0.005457237031126432,1816.0,3330.0,2.932846019421188e-05,1.4046886319209247e-18,0.0,39956.0,0.0,0.0,0
0.004881512748996343,0.005457237031126432,1817.0,3330.0,2.9036637139399018e-05,-5.796188881189499e-19,0.0,39956.0,0.0,0.0,0
0.004881223829629444,0.005457237031126432,1818.0,3330.0,2.8747717772496808e-05,2.1055543282688386e-18,0.0,39956.0,0.0,0.0,0
0.0048809377850582755,0.005457237031126432,1819.0,3330.0,2.846167320132824e-05,6.417209118459803e-19,0.0,39956.0,0.0,0.0,0
0.0048806545866781435,0.005457237031126432,1820.0,3330.0,2.8178474821197992e-05,-1.4490472202973749e-18,0.0,39956.0,0.0,0.0,0
0.004880374206168979,0.005457237031126432,1821.0,3330.0,2.7898094312032467e-05,-1.803915927308977e-19,0.0,39956.0,0.0,0.0,0
0.004880096615492491,0.005457237031126432,1822.0,3330.0,2.7620503635546112e-05,-2.084853653693162e-18,0.0,39956.0,0.0,0.0,0
0.0048798217868893864,0.005457237031126432,1823.0,3330.0,2.7345675032440592e-05,-5.32303060517403e-20,0.0,39956.0,0.0,0.0,0
0.004879549692876573,0.005457237031126432,1824.0,3330.0,2.7073581019626776e-05,6.003195626946268e-19,0.0,39956.0,0.0,0.0,0
0.004879280306244422,0.005457237031126432,1825.0,3330.0,2.680419438747612e-05,-9.670172266066155e-19,0.0,39956.0,0.0,0.0,0
0.004879013600054048,0.005457237031126432,1826.0,3330.0,2.6537488197101245e-05,-1.4490472202973749e-19,0.0,39956.0,0.0,0.0,0
0.004878749547634606,0.005457237031126432,1827.0,3330.0,2.6273435777660265e-05,-7.836683946506211e-19,0.0,39956.0,0.0,0.0,0
0.004878488122580637,0.005457237031126432,1828.0,3330.0,2.6012010723691982e-05,-2.3657913800773466e-20,0.0,39956.0,0.0,0.0,0
0.004878229298749419,0.005457237031126432,1829.0,3330.0,2.5753186892473017e-05,-1.942906170888521e-18,0.0,39956.0,0.0,0.0,0
0.004877973050258349,0.005457237031126432,1830.0,3330.0,2.5496938401404388e-05,-2.7236173263140453e-18,0.0,39956.0,0.0,0.0,0
0.004877719351482368,0.005457237031126432,1831.0,3330.0,2.5243239625423127e-05,-6.742505433220439e-19,0.0,39956.0,0.0,0.0,0
0.004877468177051387,0.005457237031126432,1832.0,3330.0,2.4992065194440687e-05,-9.463165520309386e-20,0.0,39956.0,0.0,0.0,0
0.004877219501847749,0.005457237031126432,1833.0,3330.0,2.474338999080428e-05,-2.7443180008897224e-18,0.0,39956.0,0.0,0.0,0
0.004876973301003731,0.005457237031126432,1834.0,3330.0,2.4497189146786242e-05,-2.0404950653167117e-19,0.0,39956.0,0.0,0.0,0
0.004876729549899044,0.005457237031126432,1835.0,3330.0,2.4253438042097484e-05,7.008656963479139e-19,0.0,39956.0,0.0,0.0,0
0.004876488224158371,0.005457237031126432,1836.0,3330.0,2.401211230142478e-05,-7.363525670490742e-19,0.0,39956.0,0.0,0.0,0
0.004876249299648939,0.005457237031126432,1837.0,3330.0,2.3773187791991824e-05,8.280269830270714e-20,0.0,39956.0,0.0,0.0,0
0.004876012752478097,0.005457237031126432,1838.0,3330.0,2.3536640621149095e-05,2.838949656092816e-19,0.0,39956.0,0.0,0.0,0
0.00487577855899093,0.005457237031126432,1839.0,3330.0,2.3302447133982907e-05,9.197013990050685e-19,0.0,39956.0,0.0,0.0,0
0.004875546695767896,0.005457237031126432,1840.0,3330.0,2.3070583910948426e-05,-3.933128169378589e-19,0.0,39956.0,0.0,0.0,0
0.0048753171396224764,0.005457237031126432,1841.0,3330.0,2.2841027765530838e-05,-8.30984222252168e-19,0.0,39956.0,0.0,0.0,0
0.004875089867598871,0.005457237031126432,1842.0,3330.0,2.261375574192417e-05,-9.758889442819055e-20,0.0,39956.0,0.0,0.0,0
0.004874864856969682,0.005457237031126432,1843.0,3330.0,2.2388745112736143e-05,4.909017113660495e-19,0.0,39956.0,0.0,0.0,0
0.004874642085233664,0.005457237031126432,1844.0,3330.0,2.216597337671719e-05,7.540960023996543e-19,0.0,39956.0,0.0,0.0,0
0.004874421530113455,0.005457237031126432,1845.0,3330.0,2.1945418256507415e-05,3.3416803243592524e-19,0.0,39956.0,0.0,0.0,0
0.004874203169553359,0.005457237031126432,1846.0,3330.0,2.1727057696411217e-05,2.4308506430294737e-18,0.0,39956.0,0.0,0.0,0
0.004873986981717137,0.005457237031126432,1847.0,3330.0,2.1510869860189903e-05,5.32303060517403e-19,0.0,39956.0,0.0,0.0,0
0.004873772944985826,0.005457237031126432,1848.0,3330.0,2.1296833128881192e-05,-1.4727051340981484e-18,0.0,39956.0,0.0,0.0,0
0.004873561037955576,0.005457237031126432,1849.0,3330.0,2.1084926098632477e-05,-3.5161574386399565e-18,0.0,39956.0,0.0,0.0,0
0.004873351239435511,0.005457237031126432,1850.0,3330.0,2.087512757856426e-05,-1.1237509055367397e-19,0.0,39956.0,0.0,0.0,0
0.004873143528445597,0.005457237031126432,1851.0,3330.0,2.0667416588650133e-05,-1.2952707805923473e-18,0.0,39956.0,0.0,0.0,0
0.004872937884214565,0.005457237031126432,1852.0,3330.0,2.0461772357618443e-05,5.530037350930798e-19,0.0,39956.0,0.0,0.0,0
0.00487273428617782,0.005457237031126432,1853.0,3330.0,2.025817432087336e-05,1.77434353505801e-18,0.0,39956.0,0.0,0.0,0
0.004872532713975389,0.005457237031126432,1854.0,3330.0,2.0056602118442425e-05,1.3603300435444745e-19,0.0,39956.0,0.0,0.0,0
0.0048723331474498826,0.005457237031126432,1855.0,3330.0,1.9857035592936913e-05,-1.0586916425846127e-18,0.0,39956.0,0.0,0.0,0
0.0048721355666444845,0.005457237031126432,1856.0,3330.0,1.9659454787538544e-05,1.4786196125483418e-20,0.0,39956.0,0.0,0.0,0
0.004871939951800947,0.005457237031126432,1857.0,3330.0,1.9463839944001657e-05,-1.2035963646143501e-18,0.0,39956.0,0.0,0.0,0
0.004871746283357624,0.005457237031126432,1858.0,3330.0,1.927017150067956e-05,4.583720798899859e-19,0.0,39956.0,0.0,0.0,0
0.004871554541947512,0.005457237031126432,1859.0,3330.0,1.9078430090565385e-05,7.954973515510079e-19,0.0,39956.0,0.0,0.0,0
0.0048713647083963064,0.005457237031126432,1860.0,3330.0,1.8888596539359437e-05,-6.121485195950135e-19,0.0,39956.0,0.0,0.0,0
0.004871176763720494,0.005457237031126432,1861.0,3330.0,1.8700651863548123e-05,-1.4342610241718916e-18,0.0,39956.0,0.0,0.0,0
0.004870990689125454,0.005457237031126432,1862.0,3330.0,1.8514577268507145e-05,5.086451467166295e-19,0.0,39956.0,0.0,0.0,0
0.004870806466003569,0.005457237031126432,1863.0,3330.0,1.8330354146621692e-05,1.588037463876919e-18,0.0,39956.0,0.0,0.0,0
0.004870624075932372,0.005457237031126432,1864.0,3330.0,1.8147964075425788e-05,1.1237509055367397e-19,0.0,39956.0,0.0,0.0,0
0.0048704435006727085,0.005457237031126432,1865.0,3330.0,1.7967388815760752e-05,1.934034453213231e-18,0.0,39956.0,0.0,0.0,0
0.0048702647221668975,0.005457237031126432,1866.0,3330.0,1.7788610309950953e-05,1.2923135413672507e-18,0.0,39956.0,0.0,0.0,0
0.004870087722536941,0.005457237031126432,1867.0,3330.0,1.761161067999584e-05,-1.4046886319209247e-18,0.0,39956.0,0.0,0.0,0
0.004869912484082731,0.005457237031126432,1868.0,3330.0,1.7436372225784633e-05,-1.073477838710096e-18,0.0,39956.0,0.0,0.0,0
0.004869738989280273,0.005457237031126432,1869.0,3330.0,1.7262877423326634e-05,1.2745701060166706e-18,0.0,39956.0,0.0,0.0,0
0.004869567220779943,0.005457237031126432,1870.0,3330.0,1.709110892299685e-05,-1.9222054963128442e-19,0.0,39956.0,0.0,0.0,0
0.004869397161404751,0.005457237031126432,1871.0,3330.0,1.692104954780212e-05,1.5111492440244052e-18,0.0,39956.0,0.0,0.0,0
0.004869228794148609,0.005457237031126432,1872.0,3330.0,1.6752682291663094e-05,-2.306646595575413e-19,0.0,39956.0,0.0,0.0,0
0.00486906210217466,0.005457237031126432,1873.0,3330.0,1.6585990317713682e-05,1.5407216362753721e-18,0.0,39956.0,0.0,0.0,0
0.004868897068813564,0.005457237031126432,1874.0,3330.0,1.6420956956617873e-05,2.4545085568302475e-19,0.0,39956.0,0.0,0.0,0
0.004868733677561848,0.005457237031126432,1875.0,3330.0,1.6257565704901465e-05,1.280484584466864e-18,0.0,39956.0,0.0,0.0,0
0.004868571912080251,0.005457237031126432,1876.0,3330.0,1.6095800223303986e-05,1.6146526169027892e-18,0.0,39956.0,0.0,0.0,0
0.0048684117561920886,0.005457237031126432,1877.0,3330.0,1.593564433514178e-05,1.6885835975302063e-18,0.0,39956.0,0.0,0.0,0
0.0048682531938816385,0.005457237031126432,1878.0,3330.0,1.577708202469299e-05,-1.5673367893012422e-18,0.0,39956.0,0.0,0.0,0
0.0048680962092925405,0.005457237031126432,1879.0,3330.0,1.562009743559417e-05,1.2124680822896403e-19,0.0,39956.0,0.0,0.0,0
0.004867940786726203,0.005457237031126432,1880.0,3330.0,1.546467486925609e-05,-3.6965490313708544e-19,0.0,39956.0,0.0,0.0,0
0.004867786910640237,0.005457237031126432,1881.0,3330.0,1.531079878329207e-05,-1.0261620111085492e-18,0.0,39956.0,0.0,0.0,0
0.004867634565646911,0.005457237031126432,1882.0,3330.0,1.515845378996517e-05,1.9044620609622642e-18,0.0,39956.0,0.0,0.0,0
0.004867483736511597,0.005457237031126432,1883.0,3330.0,1.500762465464968e-05,1.1562805370128033e-18,0.0,39956.0,0.0,0.0,0
0.004867334408151251,0.005457237031126432,1884.0,3330.0,1.4858296294306011e-05,-2.7591041970152056e-18,0.0,39956.0,0.0,0.0,0
0.004867186565632918,0.005457237031126432,1885.0,3330.0,1.471045377597338e-05,-1.5141064832495018e-18,0.0,39956.0,0.0,0.0,0
0.004867040194172222,0.005457237031126432,1886.0,3330.0,1.456408231527707e-05,-1.363287282769571e-18,0.0,39956.0,0.0,0.0,0
0.004866895279131896,0.005457237031126432,1887.0,3330.0,1.4419167274949352e-05,1.2213397999649302e-18,0.0,39956.0,0.0,0.0,0
0.00486675180602031,0.005457237031126432,1888.0,3330.0,1.4275694163365049e-05,-2.6970021732881754e-18,0.0,39956.0,0.0,0.0,0
0.004866609760490039,0.005457237031126432,1889.0,3330.0,1.413364863309355e-05,-1.16810949391319e-18,0.0,39956.0,0.0,0.0,0
0.004866469128336408,0.005457237031126432,1890.0,3330.0,1.3993016479463168e-05,-8.161980261266847e-19,0.0,39956.0,0.0,0.0,0
0.00486632989549609,0.005457237031126432,1891.0,3330.0,1.3853783639141944e-05,2.2001859834719326e-18,0.0,39956.0,0.0,0.0,0
0.004866192048045676,0.005457237031126432,1892.0,3330.0,1.37159361887295e-05,4.435858837645025e-20,0.0,39956.0,0.0,0.0,0
0.004866055572200312,0.005457237031126432,1893.0,3330.0,1.3579460343365867e-05,-1.0527771641344193e-18,0.0,39956.0,0.0,0.0,0
0.0048659204543123,0.005457237031126432,1894.0,3330.0,1.3444342455352647e-05,5.796188881189499e-19,0.0,39956.0,0.0,0.0,0
0.004865786680869737,0.005457237031126432,1895.0,3330.0,1.331056901278914e-05,1.531849918600082e-18,0.0,39956.0,0.0,0.0,0
0.004865654238495164,0.005457237031126432,1896.0,3330.0,1.3178126638219002e-05,1.7151987505560765e-19,0.0,39956.0,0.0,0.0,0
0.004865523113944239,0.005457237031126432,1897.0,3330.0,1.3047002087293843e-05,-8.87171767529005e-19,0.0,39956.0,0.0,0.0,0
0.004865393294104395,0.005457237031126432,1898.0,3330.0,1.2917182247449955e-05,-1.6412677699286593e-18,0.0,39956.0,0.0,0.0,0
0.004865264765993542,0.005457237031126432,1899.0,3330.0,1.2788654136596083e-05,-3.193818363104418e-19,0.0,39956.0,0.0,0.0,0
0.004865137516758759,0.005457237031126432,1900.0,3330.0,1.2661404901812246e-05,1.8334883195599437e-18,0.0,39956.0,0.0,0.0,0
0.004865011533675016,0.005457237031126432,1901.0,3330.0,1.2535421818070471e-05,-1.037990968008936e-18,0.0,39956.0,0.0,0.0,0
0.004864886804143903,0.005457237031126432,1902.0,3330.0,1.241069228695643e-05,9.404020735807454e-19,0.0,39956.0,0.0,0.0,0
0.004864763315692359,0.005457237031126432,1903.0,3330.0,1.2287203835412834e-05,-3.223390755355385e-19,0.0,39956.0,0.0,0.0,0
0.00486464105597144,0.005457237031126432,1904.0,3330.0,1.216494411449285e-05,3.193818363104418e-19,0.0,39956.0,0.0,0.0,0
0.004864520012755067,0.005457237031126432,1905.0,3330.0,1.2043900898121799e-05,-1.3041424982676375e-18,0.0,39956.0,0.0,0.0,0
0.004864400173938822,0.005457237031126432,1906.0,3330.0,1.1924062081876828e-05,9.758889442819055e-20,0.0,39956.0,0.0,0.0,0
0.0048642815275387235,0.005457237031126432,1907.0,3330.0,1.1805415681776909e-05,1.0054613365328723e-18,0.0,39956.0,0.0,0.0,0
0.004864164061690028,0.005457237031126432,1908.0,3330.0,1.1687949833083002e-05,-8.280269830270714e-20,0.0,39956.0,0.0,0.0,0
0.00486404776464606,0.005457237031126432,1909.0,3330.0,1.1571652789112241e-05,-4.140134915135357e-20,0.0,39956.0,0.0,0.0,0
0.004863932624777011,0.005457237031126432,1910.0,3330.0,1.1456512920064232e-05,1.626481573803176e-18,0.0,39956.0,0.0,0.0,0
0.004863818630568801,0.005457237031126432,1911.0,3330.0,1.1342518711854603e-05,4.11056252288439e-19,0.0,39956.0,0.0,0.0,0
0.004863705770621913,0.005457237031126432,1912.0,3330.0,1.1229658764968354e-05,-2.519567819782374e-18,0.0,39956.0,0.0,0.0,0
0.004863594033650265,0.005457237031126432,1913.0,3330.0,1.11179217933164e-05,2.96019646432178e-18,0.0,39956.0,0.0,0.0,0
0.004863483408480055,0.005457237031126432,1914.0,3330.0,1.1007296623109277e-05,-7.984545907761045e-19,0.0,39956.0,0.0,0.0,0
0.004863373884048683,0.005457237031126432,1915.0,3330.0,1.0897772191736927e-05,-6.032768019197234e-19,0.0,39956.0,0.0,0.0,0
0.004863265449403612,0.005457237031126432,1916.0,3330.0,1.078933754666566e-05,-4.0218453461314896e-19,0.0,39956.0,0.0,0.0,0
0.004863158093701287,0.005457237031126432,1917.0,3330.0,1.0681981844339803e-05,-2.0109226730657448e-19,0.0,39956.0,0.0,0.0,0
0.004863051806206047,0.005457237031126432,1918.0,3330.0,1.0575694349100092e-05,1.942906170888521e-18,0.0,39956.0,0.0,0.0,0
0.004862946576289057,0.005457237031126432,1919.0,3330.0,1.0470464432108558e-05,1.3218859336182174e-18,0.0,39956.0,0.0,0.0,0
0.004862842393427233,0.005457237031126432,1920.0,3330.0,1.0366281570286481e-05,1.77434353505801e-19,0.0,39956.0,0.0,0.0,0
0.0048627392472022045,0.005457237031126432,1921.0,3330.0,1.0263135345259016e-05,-4.731582760154693e-20,0.0,39956.0,0.0,0.0,0
0.004862637127299264,0.005457237031126432,1922.0,3330.0,1.0161015442318632e-05,-1.682669119080013e-18,0.0,39956.0,0.0,0.0,0
0.004862536023506338,0.005457237031126432,1923.0,3330.0,1.0059911649390382e-05,8.990007244293917e-19,0.0,39956.0,0.0,0.0,0
0.004862435925712957,0.005457237031126432,1924.0,3330.0,9.959813856010327e-06,-1.3425866081938943e-18,0.0,39956.0,0.0,0.0,0
0.004862336823909261,0.005457237031126432,1925.0,3330.0,9.860712052315435e-06,6.594643471965604e-19,0.0,39956.0,0.0,0.0,0
0.004862238708184989,0.005457237031126432,1926.0,3330.0,9.762596328043588e-06,1.1178364270865463e-18,0.0,39956.0,0.0,0.0,0
0.004862141568728485,0.005457237031126432,1927.0,3330.0,9.665456871539808e-06,6.328491941706902e-19,0.0,39956.0,0.0,0.0,0
0.004862045395825724,0.005457237031126432,1928.0,3330.0,9.569283968777593e-06,5.648326919934665e-19,0.0,39956.0,0.0,0.0,0
0.004861950179859333,0.005457237031126432,1929.0,3330.0,9.474068002386909e-06,3.933128169378589e-19,0.0,39956.0,0.0,0.0,0
0.004861855911307638,0.005457237031126432,1930.0,3330.0,9.379799450691298e-06,1.2952707805923473e-18,0.0,39956.0,0.0,0.0,0
0.004861762580743703,0.005457237031126432,1931.0,3330.0,9.286468886757689e-06,-1.17698121158848e-18,0.0,39956.0,0.0,0.0,0
0.004861670178834397,0.005457237031126432,1932.0,3330.0,9.19406697745065e-06,-5.944050842444334e-19,0.0,39956.0,0.0,0.0,0
0.0048615786963394515,0.005457237031126432,1933.0,3330.0,9.10258448250405e-06,1.2124680822896403e-18,0.0,39956.0,0.0,0.0,0
0.004861488124110538,0.005457237031126432,1934.0,3330.0,9.012012253590987e-06,2.037537826091615e-18,0.0,39956.0,0.0,0.0,0
0.00486139845309036,0.005457237031126432,1935.0,3330.0,8.922341233413637e-06,1.419474828046408e-19,0.0,39956.0,0.0,0.0,0
0.004861309674311741,0.005457237031126432,1936.0,3330.0,8.833562454794125e-06,-8.191552653517814e-19,0.0,39956.0,0.0,0.0,0
0.004861221778896727,0.005457237031126432,1937.0,3330.0,8.745667039781971e-06,-1.4963630478989219e-18,0.0,39956.0,0.0,0.0,0
0.004861134758055708,0.005457237031126432,1938.0,3330.0,8.6586461987618e-06,5.204741036170163e-19,0.0,39956.0,0.0,0.0,0
0.004861048603086523,0.005457237031126432,1939.0,3330.0,8.572491229576393e-06,2.0079654338406482e-18,0.0,39956.0,0.0,0.0,0
0.004860963305373606,0.005457237031126432,1940.0,3330.0,8.48719351665878e-06,2.726574565539142e-18,0.0,39956.0,0.0,0.0,0
0.004860878856387111,0.005457237031126432,1941.0,3330.0,8.402744530165083e-06,-1.77434353505801e-20,0.0,39956.0,0.0,0.0,0
0.004860795247682073,0.005457237031126432,1942.0,3330.0,8.319135825126524e-06,1.7447711428070431e-19,0.0,39956.0,0.0,0.0,0
0.004860712470897551,0.005457237031126432,1943.0,3330.0,8.23635904060322e-06,3.6374042468689207e-19,0.0,39956.0,0.0,0.0,0
0.004860630517755793,0.005457237031126432,1944.0,3330.0,8.154405898847663e-06,-9.758889442819056e-19,0.0,39956.0,0.0,0.0,0
0.004860549380061424,0.005457237031126432,1945.0,3330.0,8.073268204477515e-06,-5.027306682664362e-19,0.0,39956.0,0.0,0.0,0
0.004860469049700601,0.005457237031126432,1946.0,3330.0,7.99293784365547e-06,-8.901290067541018e-19,0.0,39956.0,0.0,0.0,0
0.004860389518640225,0.005457237031126432,1947.0,3330.0,7.913406783278286e-06,1.4490472202973749e-19,0.0,39956.0,0.0,0.0,0
0.00486031077892712,0.005457237031126432,1948.0,3330.0,7.834667070174499e-06,-1.1562805370128033e-18,0.0,39956.0,0.0,0.0,0
0.004860232822687251,0.005457237031126432,1949.0,3330.0,7.75671083030582e-06,-2.466337513730634e-18,0.0,39956.0,0.0,0.0,0
0.004860155642124931,0.005457237031126432,1950.0,3330.0,7.679530267984472e-06,5.352602997424997e-19,0.0,39956.0,0.0,0.0,0
0.004860079229522037,0.005457237031126432,1951.0,3330.0,7.603117665090132e-06,4.997734290413395e-19,0.0,39956.0,0.0,0.0,0
0.004860003577237244,0.005457237031126432,1952.0,3330.0,7.527465380298067e-06,3.2825355398573186e-19,0.0,39956.0,0.0,0.0,0
0.004859928677705262,0.005457237031126432,1953.0,3330.0,7.452565848316755e-06,-4.613293191150826e-19,0.0,39956.0,0.0,0.0,0
0.004859854523436075,0.005457237031126432,1954.0,3330.0,7.378411579130321e-06,-1.803915927308977e-18,0.0,39956.0,0.0,0.0,0
0.0048597811070141975,0.005457237031126432,1955.0,3330.0,7.3049951572511415e-06,2.194271505021739e-18,0.0,39956.0,0.0,0.0,0
0.00485970842109792,0.005457237031126432,1956.0,3330.0,7.232309240974463e-06,-1.6471822483788527e-18,0.0,39956.0,0.0,0.0,0
0.0048596364584185935,0.005457237031126432,1957.0,3330.0,7.160346561649681e-06,-3.51320019941486e-18,0.0,39956.0,0.0,0.0,0
0.004859565211779892,0.005457237031126432,1958.0,3330.0,7.0890999229478e-06,-1.2213397999649302e-18,0.0,39956.0,0.0,0.0,0
0.004859494674057093,0.005457237031126432,1959.0,3330.0,7.018562200145295e-06,3.1051011863515177e-18,0.0,39956.0,0.0,0.0,0
0.004859424838196358,0.005457237031126432,1960.0,3330.0,6.94872633941238e-06,1.5673367893012421e-19,0.0,39956.0,0.0,0.0,0
0.004859355697214048,0.005457237031126432,1961.0,3330.0,6.879585357103942e-06,-1.5614223108510488e-18,0.0,39956.0,0.0,0.0,0
0.004859287244196009,0.005457237031126432,1962.0,3330.0,6.811132339063568e-06,-1.5081920047993087e-18,0.0,39956.0,0.0,0.0,0
0.00485921947229688,0.005457237031126432,1963.0,3330.0,6.743360439933783e-06,9.463165520309386e-20,0.0,39956.0,0.0,0.0,0
0.004859152374739415,0.005457237031126432,1964.0,3330.0,6.676262882466595e-06,-1.6856263583051096e-19,0.0,39956.0,0.0,0.0,0
0.004859085944813799,0.005457237031126432,1965.0,3330.0,6.609832956852156e-06,1.1444515801124165e-18,0.0,39956.0,0.0,0.0,0
0.004859020175876987,0.005457237031126432,1966.0,3330.0,6.544064020041758e-06,-2.2090577011472226e-18,0.0,39956.0,0.0,0.0,0
0.004858955061352031,0.005457237031126432,1967.0,3330.0,6.4789494950860945e-06,-1.7270277074564632e-18,0.0,39956.0,0.0,0.0,0
0.004858890594727425,0.005457237031126432,1968.0,3330.0,6.4144828704788464e-06,-6.505926295212704e-20,0.0,39956.0,0.0,0.0,0
0.004858826769556449,0.005457237031126432,1969.0,3330.0,6.3506576995046165e-06,-1.5939519423271123e-18,0.0,39956.0,0.0,0.0,0
0.004858763579456539,0.005457237031126432,1970.0,3330.0,6.287467599592569e-06,-1.6649256837294328e-18,0.0,39956.0,0.0,0.0,0
0.0048587010181086274,0.005457237031126432,1971.0,3330.0,6.224906251679491e-06,5.204741036170163e-19,0.0,39956.0,0.0,0.0,0
0.004858639079256525,0.005457237031126432,1972.0,3330.0,6.1629673995795985e-06,-1.4786196125483417e-19,0.0,39956.0,0.0,0.0,0
0.004858577756706301,0.005457237031126432,1973.0,3330.0,6.101644849354966e-06,2.3953637723283137e-19,0.0,39956.0,0.0,0.0,0
0.004858517044325647,0.005457237031126432,1974.0,3330.0,6.040932468701119e-06,1.4313037849467948e-18,0.0,39956.0,0.0,0.0,0
0.004858456936043274,0.005457237031126432,1975.0,3330.0,5.980824186326971e-06,1.77434353505801e-20,0.0,39956.0,0.0,0.0,0
0.004858397425848301,0.005457237031126432,1976.0,3330.0,5.9213139913560986e-06,-2.1646991127707724e-18,0.0,39956.0,0.0,0.0,0
0.004858338507789665,0.005457237031126432,1977.0,3330.0,5.862395932718465e-06,6.121485195950135e-19,0.0,39956.0,0.0,0.0,0
0.004858280175975505,0.005457237031126432,1978.0,3330.0,5.804064118560106e-06,-1.1947246469390601e-18,0.0,39956.0,0.0,0.0,0
0.0048582224245725955,0.005457237031126432,1979.0,3330.0,5.746312715649667e-06,-1.759557338932527e-18,0.0,39956.0,0.0,0.0,0
0.004858165247805747,0.005457237031126432,1980.0,3330.0,5.68913594879968e-06,-7.304380885988808e-19,0.0,39956.0,0.0,0.0,0
0.004858108639957231,0.005457237031126432,1981.0,3330.0,5.632528100286155e-06,-6.890367394475273e-19,0.0,39956.0,0.0,0.0,0
0.004858052595366221,0.005457237031126432,1982.0,3330.0,5.5764835092756e-06,-5.116023859417262e-19,0.0,39956.0,0.0,0.0,0
0.0048579971084282084,0.005457237031126432,1983.0,3330.0,5.52099657126288e-06,2.9868116173476503e-19,0.0,39956.0,0.0,0.0,0
0.004857942173594455,0.005457237031126432,1984.0,3330.0,5.466061737508708e-06,1.242040474540607e-19,0.0,39956.0,0.0,0.0,0
0.004857887785371429,0.005457237031126432,1985.0,3330.0,5.411673514482885e-06,9.34487595130552e-19,0.0,39956.0,0.0,0.0,0
0.004857833938320264,0.005457237031126432,1986.0,3330.0,5.35782646331848e-06,-4.317569268641158e-19,0.0,39956.0,0.0,0.0,0
0.004857780627056211,0.005457237031126432,1987.0,3330.0,5.304515199265682e-06,-1.682669119080013e-18,0.0,39956.0,0.0,0.0,0
0.0048577278462481,0.005457237031126432,1988.0,3330.0,5.251734391153204e-06,4.0809901306334234e-19,0.0,39956.0,0.0,0.0,0
0.004857675590617801,0.005457237031126432,1989.0,3330.0,5.199478760856058e-06,-1.1710667331382866e-18,0.0,39956.0,0.0,0.0,0
0.004857623854939714,0.005457237031126432,1990.0,3330.0,5.147743082767411e-06,-6.5059262952127035e-19,0.0,39956.0,0.0,0.0,0
0.004857572634040224,0.005457237031126432,1991.0,3330.0,5.09652218327709e-06,2.868522048343783e-19,0.0,39956.0,0.0,0.0,0
0.004857521922797199,0.005457237031126432,1992.0,3330.0,5.045810940252852e-06,-2.5727981258341145e-19,0.0,39956.0,0.0,0.0,0
0.004857471716139472,0.005457237031126432,1993.0,3330.0,4.995604282526823e-06,-3.4540554149129263e-18,0.0,39956.0,0.0,0.0,0
0.0048574220090463385,0.005457237031126432,1994.0,3330.0,4.945897189392561e-06,-5.027306682664362e-20,0.0,39956.0,0.0,0.0,0
0.004857372796547043,0.005457237031126432,1995.0,3330.0,4.896684690098463e-06,-8.339414614772647e-19,0.0,39956.0,0.0,0.0,0
0.0048573240737203,0.005457237031126432,1996.0,3330.0,4.84796186335406e-06,2.513653341332181e-19,0.0,39956.0,0.0,0.0,0
0.004857275835693783,0.005457237031126432,1997.0,3330.0,4.799723836835964e-06,2.4249361645792805e-18,0.0,39956.0,0.0,0.0,0
0.0048572280776436475,0.005457237031126432,1998.0,3330.0,4.751965786701231e-06,-1.6737974014047228e-18,0.0,39956.0,0.0,0.0,0
0.004857180794794051,0.005457237031126432,1999.0,3330.0,4.704682937105389e-06,-1.111921948636353e-18,0.0,39956.0,0.0,0.0,0
0.004857133982416671,0.005457237031126432,2000.0,3330.0,4.657870559723796e-06,-9.285731166803586e-19,0.0,39956.0,0.0,0.0,0
0.0048570876358302265,0.005457237031126432,2001.0,3330.0,4.611523973279902e-06,-4.67243797565276e-19,0.0,39956.0,0.0,0.0,0
0.004857041750400023,0.005457237031126432,2002.0,3330.0,4.565638543075632e-06,1.3573728043193777e-18,0.0,39956.0,0.0,0.0,0
0.004856996321537477,0.005457237031126432,2003.0,3330.0,4.520209680531592e-06,3.3121079321082855e-19,0.0,39956.0,0.0,0.0,0
0.004856951344699666,0.005457237031126432,2004.0,3330.0,4.47523284272148e-06,-1.1917674077139633e-18,0.0,39956.0,0.0,0.0,0
0.00485690681538887,0.005457237031126432,2005.0,3330.0,4.430703531924725e-06,-2.33621898782638e-19,0.0,39956.0,0.0,0.0,0
0.00485690681538887,0.005457237031126432,2005.0,3330.0,4.430703531924725e-06,-2.33621898782638e-19,0.0,39956.0,0.0,0.0,0
