Total_strain,Slip_strain,Time,Slip Count,Creep,Elastic,Hygroexp,Number_of_fibers,Load,Moisture,Broken
0.0,0.0,0.0,0.0,0.0,0.0,0.0,40000.0,0.0,0.0,0
0.0,0.0,5.0,0.0,0.0,0.0,0.0,40000.0,0.0,0.0,0
2.167652750388135,0.27415686335458767,5.0,11372.0,0.0,1.897054520183622,0.0,39904.0,1.5053989915166213,0.0,0
2.167652750388135,0.27415686335458767,5.0,11372.0,0.0,1.897054520183622,0.0,39904.0,1.5053989915166213,0.0,0
2.3375621943568157,0.342334538608754,6.0,13184.0,0.10182713183778609,1.8975300439516527,0.0,39894.0,1.5053989915166213,0.0,0
2.3959026405484765,0.3675475282021251,7.0,13824.0,0.135060466556518,1.8979582192154263,0.0,39885.0,1.5053989915166213,0.0,0
2.4314595672570123,0.3822049045911804,8.0,14205.0,0.15605164386990303,1.8982913780381974,0.0,39878.0,1.5053989915166213,0.0,0
2.459503330555215,0.3944913401073132,9.0,14511.0,0.17185049472248382,1.898434196198301,0.0,39875.0,1.5053989915166213,0.0,0
2.4865550505945313,0.408305584183645,10.0,14843.0,0.18513128958383412,1.898577035849901,0.0,39872.0,1.5053989915166213,0.0,0
2.5072585897041693,0.4172351482174317,11.0,15067.0,0.19692050318138155,1.8986246538438272,0.0,39871.0,1.5053989915166213,0.0,0
2.527898847631414,0.427206716248067,12.0,15306.0,0.2076841698027518,1.898910411975599,0.0,39865.0,1.5053989915166213,0.0,0
2.54648099441504,0.4359431213692095,13.0,15506.0,0.21759507786338875,1.8991009651892141,0.0,39861.0,1.5053989915166213,0.0,0
2.562870446224677,0.4432034177743287,14.0,15686.0,0.22677454970139643,1.899243905198636,0.0,39858.0,1.5053989915166213,0.0,0
2.5807763241980726,0.452636712083197,15.0,15906.0,0.23531463427006175,1.8994345253527174,0.0,39854.0,1.5053989915166213,0.0,0
2.594410438268279,0.458345838396465,16.0,16039.0,0.24325705772957762,1.8994821863700913,0.0,39853.0,1.5053989915166213,0.0,0
2.6093730427172144,0.46589872931272264,17.0,16207.0,0.2506667712622554,1.8994821863700915,0.0,39853.0,1.5053989915166213,0.0,0
2.6222964533143878,0.4719026666122981,18.0,16356.0,0.2576044060583008,1.8995298497793653,0.0,39852.0,1.5053989915166213,0.0,0
2.6345667481600463,0.4776881510080349,19.0,16486.0,0.2641077513009987,1.8995775155807195,0.0,39851.0,1.5053989915166213,0.0,0
2.6464187318045123,0.4834507200594615,20.0,16626.0,0.27021594083934447,1.8996251837743352,0.0,39850.0,1.5053989915166213,0.0,0
2.658590951853976,0.48988116363022893,21.0,16772.0,0.2759577173180408,1.899625183774335,0.0,39850.0,1.5053989915166213,0.0,0
2.6690740368520336,0.49497551004653895,22.0,16896.0,0.2813850872887171,1.8997205273390698,0.0,39848.0,1.5053989915166213,0.0,0
2.679808975388921,0.5005951809178687,23.0,17021.0,0.2865003549542754,1.899720527339069,0.0,39848.0,1.5053989915166213,0.0,0
2.6900059967432384,0.5059497206934215,24.0,17140.0,0.2913428365330399,1.8997205273390687,0.0,39848.0,1.5053989915166213,0.0,0
2.7002622451406006,0.5116251915969797,25.0,17263.0,0.29594364035138754,1.8997682027105491,0.0,39847.0,1.5053989915166213,0.0,0
2.7141781098486324,0.5212009467893506,26.0,17468.0,0.3003248231089604,1.8998635606326328,0.0,39845.0,1.5053989915166213,0.0,0
2.723781434191813,0.5266717048526144,27.0,17590.0,0.30449879165030286,1.8999589281280838,0.0,39843.0,1.5053989915166213,0.0,0
2.731419548485831,0.530353918515413,28.0,17665.0,0.3084756915029083,1.9000066154662734,0.0,39842.0,1.5053989915166213,0.0,0
2.739808265054529,0.5349881941911951,29.0,17772.0,0.3122938467734294,1.9001496918448568,0.0,39839.0,1.5053989915166213,0.0,0
2.746741966848688,0.5382991594988038,30.0,17849.0,0.3159379306923473,1.9001973887596584,0.0,39838.0,1.5053989915166213,0.0,0
2.7541101148033538,0.5421772445011235,31.0,17937.0,0.31942799364469404,1.9001973887596575,0.0,39838.0,1.5053989915166213,0.0,0
2.7608136078439576,0.5455390944378008,32.0,18013.0,0.32279137419905646,1.9002450880690631,0.0,39837.0,1.5053989915166213,0.0,0
2.767666895854823,0.549174271311964,33.0,18098.0,0.3260314218227928,1.9002927897732516,0.0,39836.0,1.5053989915166213,0.0,0
2.775591470860541,0.554008480781999,34.0,18205.0,0.32916584310287283,1.9003882003667036,0.0,39834.0,1.5053989915166213,0.0,0
2.7838071449296447,0.5592102594462998,35.0,18313.0,0.33217973850767524,1.9003882003667043,0.0,39834.0,1.5053989915166213,0.0,0
2.7903049854985023,0.5627911813468693,36.0,18401.0,0.3350966571759636,1.9003882003667028,0.0,39834.0,1.5053989915166213,0.0,0
2.796797849047522,0.5664711344386941,37.0,18471.0,0.3379322505524651,1.9004359092563265,0.0,39833.0,1.5053989915166213,0.0,0
2.8019737185864515,0.5689022720255592,38.0,18536.0,0.3406769825045301,1.9004359092563259,0.0,39833.0,1.5053989915166213,0.0,0
2.8074287924203203,0.5717040995322616,39.0,18600.0,0.3433531270818017,1.9004836205414553,0.0,39832.0,1.5053989915166213,0.0,0
2.81200339699408,0.5736820362187423,40.0,18643.0,0.3459497949690805,1.9004836205414548,0.0,39832.0,1.5053989915166213,0.0,0
2.8179908939778695,0.5771393146857168,41.0,18722.0,0.34848001348589586,1.9004836205414544,0.0,39832.0,1.5053989915166213,0.0,0
2.822239844094066,0.5789199094442571,42.0,18763.0,0.3509483688435516,1.900483620541455,0.0,39832.0,1.5053989915166213,0.0,0
2.8267694381658037,0.5810388969153052,43.0,18812.0,0.3533589754442411,1.9004836205414548,0.0,39832.0,1.5053989915166213,0.0,0
2.832391471628898,0.5843043368473745,44.0,18881.0,0.3557155689752661,1.9004836205414546,0.0,39832.0,1.5053989915166213,0.0,0
2.837180845607949,0.5868026965392579,45.0,18940.0,0.3580301999529318,1.9005313342222694,0.0,39831.0,1.5053989915166213,0.0,0
2.8411053955966667,0.5884686278252979,46.0,18975.0,0.3602888186556094,1.90053133422227,0.0,39831.0,1.5053989915166213,0.0,0
2.8480582260862004,0.593207637506876,47.0,19068.0,0.3625026394635649,1.9005313342222703,0.0,39831.0,1.5053989915166213,0.0,0
2.85352425337478,0.596502012532135,48.0,19133.0,0.3646742917268858,1.90053133422227,0.0,39831.0,1.5053989915166213,0.0,0
2.8573715698221394,0.5982327865400137,49.0,19174.0,0.36681499156716507,1.9005790502989521,0.0,39830.0,1.5053989915166213,0.0,0
2.8632265884268255,0.602008925665803,50.0,19257.0,0.36891822067279195,1.9006267687716798,0.0,39829.0,1.5053989915166213,0.0,0
2.8681825727224637,0.6049217667475661,51.0,19321.0,0.37098583469572677,1.900674489640636,0.0,39828.0,1.5053989915166213,0.0,0
2.872259366089705,0.60698932883236,52.0,19364.0,0.3730195790528013,1.9007222129060002,0.0,39827.0,1.5053989915166213,0.0,0
2.8774265831063115,0.6101796654401771,53.0,19440.0,0.3750210855487687,1.9007699385679513,0.0,39826.0,1.5053989915166213,0.0,0
2.880027672728092,0.6108191304187474,54.0,19457.0,0.3769827101919792,1.9007699385679513,0.0,39826.0,1.5053989915166213,0.0,0
2.884191285136164,0.6130507374186288,55.0,19505.0,0.3789147156001698,1.900769938567952,0.0,39826.0,1.5053989915166213,0.0,0
2.8885756599104173,0.6155313996760224,56.0,19553.0,0.38081842811702926,1.9007699385679517,0.0,39826.0,1.5053989915166213,0.0,0
2.893320736981071,0.6183999017195093,57.0,19617.0,0.3826950031441958,1.9007699385679517,0.0,39826.0,1.5053989915166213,0.0,0
2.897756428009892,0.6210167924062715,58.0,19685.0,0.3845640884227304,1.9008653970823444,0.0,39824.0,1.5053989915166213,0.0,0
2.90227222003836,0.6237068863182421,59.0,19740.0,0.3863897865392274,1.9008653970823446,0.0,39824.0,1.5053989915166213,0.0,0
2.907296494955476,0.6269298595727598,60.0,19804.0,0.38819108820182574,1.900865397082344,0.0,39824.0,1.5053989915166213,0.0,0
2.9118863675426923,0.6297418705261566,61.0,19859.0,0.38996894983564584,1.9008653970823437,0.0,39824.0,1.5053989915166213,0.0,0
2.915615634943587,0.6317321577000719,62.0,19900.0,0.3917336266782701,1.900913129935145,0.0,39823.0,1.5053989915166213,0.0,0
2.919374780993188,0.6337741249587707,63.0,19949.0,0.39347652853228876,1.9009608651852552,0.0,39822.0,1.5053989915166213,0.0,0
2.9231900784648244,0.6359261093710482,64.0,19996.0,0.395217347945868,1.9011040853212609,0.0,39819.0,1.5053989915166213,0.0,0
2.927027087115922,0.6380713060816754,65.0,20048.0,0.3969091598863392,1.90110408532126,0.0,39819.0,1.5053989915166213,0.0,0
2.930184858340077,0.6395576942471987,66.0,20085.0,0.39858054294497125,1.90110408532126,0.0,39819.0,1.5053989915166213,0.0,0
2.9336045927711427,0.6413421946886358,67.0,20124.0,0.40024191192432795,1.9011518301624204,0.0,39818.0,1.5053989915166213,0.0,0
2.9377611741646508,0.6438826249922202,68.0,20174.0,0.4018842959850626,1.9011995774017942,0.0,39817.0,1.5053989915166213,0.0,0
2.94058452671742,0.6450919628031476,69.0,20203.0,0.4034983107269043,1.9011995774017947,0.0,39817.0,1.5053989915166213,0.0,0
2.944561154168414,0.6474729681556857,70.0,20252.0,0.40509393282536,1.9011995774017951,0.0,39817.0,1.5053989915166213,0.0,0
2.948950999844279,0.6503017473808298,71.0,20313.0,0.4066814695176352,1.9012473270395633,0.0,39816.0,1.5053989915166213,0.0,0
2.9522322271089516,0.6520226541659521,72.0,20351.0,0.4082417899971864,1.9012473270395633,0.0,39816.0,1.5053989915166213,0.0,0
2.956438670127479,0.6546860448699369,73.0,20405.0,0.4097848423117293,1.9012473270395625,0.0,39816.0,1.5053989915166213,0.0,0
2.9611715158968286,0.657892707164616,74.0,20468.0,0.4113110257863984,1.9012473270395647,0.0,39816.0,1.5053989915166213,0.0,0
2.965518812135808,0.6607642098486918,75.0,20525.0,0.4128406393666975,1.9013428335110076,0.0,39814.0,1.5053989915166213,0.0,0
2.9693862808569853,0.6631549496721731,76.0,20578.0,0.4143443512012119,1.9013905903450445,0.0,39813.0,1.5053989915166213,0.0,0
2.9724675342877247,0.6647755567338495,77.0,20615.0,0.4158321210465279,1.9014383495781992,0.0,39812.0,1.5053989915166213,0.0,0
2.978156014667994,0.66900199901222,78.0,20701.0,0.41729415914842666,1.901438349578199,0.0,39812.0,1.5053989915166213,0.0,0
2.980909732817999,0.6703092448362914,79.0,20728.0,0.4187406314743609,1.9014383495781984,0.0,39812.0,1.5053989915166213,0.0,0
2.9843383532389374,0.6723066344106547,80.0,20771.0,0.42017186232093545,1.9014383495781995,0.0,39812.0,1.5053989915166213,0.0,0
2.9907732709054398,0.6773426364738454,81.0,20862.0,0.4215983009627516,1.9014861112106516,0.0,39811.0,1.5053989915166213,0.0,0
2.993367472669275,0.6785352255558373,82.0,20890.0,0.4229999136445948,1.9014861112106511,0.0,39811.0,1.5053989915166213,0.0,0
2.9959370692703056,0.6797178515399981,83.0,20920.0,0.42438688426146426,1.9014861112106511,0.0,39811.0,1.5053989915166213,0.0,0
3.001683633190315,0.6840918144340782,84.0,21010.0,0.42575948528739366,1.9014861112106516,0.0,39811.0,1.5053989915166213,0.0,0
3.0039186549425936,0.6849684004287164,85.0,21029.0,0.4271179210450336,1.901486111210652,0.0,39811.0,1.5053989915166213,0.0,0
3.0074966991483185,0.6872196117885447,86.0,21077.0,0.42847275050229355,1.9015338752425837,0.0,39810.0,1.5053989915166213,0.0,0
3.0103959036798242,0.6887879925662767,87.0,21106.0,0.4298035742560669,1.9015338752425837,0.0,39810.0,1.5053989915166213,0.0,0
3.0131066358114422,0.6901815982678403,88.0,21135.0,0.431120700686121,1.9015338752425843,0.0,39810.0,1.5053989915166213,0.0,0
3.01550186051036,0.6912908710338034,89.0,21162.0,0.432434824667313,1.9015816416741755,0.0,39809.0,1.5053989915166213,0.0,0
3.0178666930260656,0.6923651632592898,90.0,21187.0,0.43372536495753233,1.901581641674176,0.0,39809.0,1.5053989915166213,0.0,0
3.020610887515575,0.6938320216607228,91.0,21220.0,0.4350027010456086,1.9015816416741753,0.0,39809.0,1.5053989915166213,0.0,0
3.0227668230291873,0.6947235963530992,92.0,21236.0,0.4362670618668445,1.9015816416741758,0.0,39809.0,1.5053989915166213,0.0,0
3.026987214194131,0.6976924399895482,93.0,21297.0,0.4375186093953391,1.9015816416741753,0.0,39809.0,1.5053989915166213,0.0,0
3.0303133365691606,0.6997976512296826,94.0,21343.0,0.43876810374037706,1.9016294105056086,0.0,39808.0,1.5053989915166213,0.0,0
3.0341057327497793,0.7023635257083013,95.0,21391.0,0.43999462544237794,1.901629410505608,0.0,39808.0,1.5053989915166213,0.0,0
3.037835378762432,0.7048971913887591,96.0,21433.0,0.44121935905790716,1.9016771817370637,0.0,39807.0,1.5053989915166213,0.0,0
3.0425419040475576,0.7084199135452718,97.0,21503.0,0.44243202577589197,1.9017249553687197,0.0,39806.0,1.5053989915166213,0.0,0
3.0448213641959283,0.7095094437267819,98.0,21530.0,0.44362195574275254,1.90172495536872,0.0,39806.0,1.5053989915166213,0.0,0
3.048884911386442,0.7123951253993458,99.0,21588.0,0.4447998212607021,1.9017249553687197,0.0,39806.0,1.5053989915166213,0.0,0
3.0519819216072928,0.7143261244029162,100.0,21622.0,0.44596583247798294,1.9017249553687197,0.0,39806.0,1.5053989915166213,0.0,0
3.05419718594139,0.7154054562070372,101.0,21650.0,0.44713093616062155,1.9017727314007604,0.0,39805.0,1.5053989915166213,0.0,0
3.0562734203176314,0.7163388259047015,102.0,21667.0,0.44827380083919816,1.9017727314007609,0.0,39805.0,1.5053989915166213,0.0,0
3.059046541734247,0.7179806255365175,103.0,21698.0,0.4494051226239985,1.90177273140076,0.0,39805.0,1.5053989915166213,0.0,0
3.0632533736854723,0.7210674849258152,104.0,21761.0,0.450525095185926,1.9017727314007602,0.0,39805.0,1.5053989915166213,0.0,0
3.0656909823898157,0.7223963411621744,105.0,21786.0,0.4516338476539095,1.9017727314007604,0.0,39805.0,1.5053989915166213,0.0,0
3.0696493414249115,0.7252756731080315,106.0,21843.0,0.4527424489320995,1.9018205098333643,0.0,39804.0,1.5053989915166213,0.0,0
3.0719722013088946,0.7265117131923641,107.0,21868.0,0.4538292687317498,1.9018205098333638,0.0,39804.0,1.5053989915166213,0.0,0
3.0738787941257257,0.7273424363231629,108.0,21891.0,0.45490513841778174,1.901820509833365,0.0,39804.0,1.5053989915166213,0.0,0
3.076517693795328,0.7289349504907578,109.0,21925.0,0.45598125744333257,1.901868290666715,0.0,39803.0,1.5053989915166213,0.0,0
3.082421754565189,0.7337844073403136,110.0,22014.0,0.4570358613636381,1.901868290666715,0.0,39803.0,1.5053989915166213,0.0,0
3.085715369913791,0.7360529330742139,111.0,22059.0,0.45809092298647563,1.9019160739009915,0.0,39802.0,1.5053989915166213,0.0,0
3.087402017208079,0.736705889153101,112.0,22074.0,0.4591246142018763,1.9019160739009913,0.0,39802.0,1.5053989915166213,0.0,0
3.090036722972111,0.738317312054157,113.0,22109.0,0.46014789706485226,1.9019160739009915,0.0,39802.0,1.5053989915166213,0.0,0
3.0928503066532644,0.740117841403205,114.0,22145.0,0.46116095139695784,1.901916073900992,0.0,39802.0,1.5053989915166213,0.0,0
3.0966617239548784,0.7429263185013447,115.0,22192.0,0.4621638916004323,1.9019160739009906,0.0,39802.0,1.5053989915166213,0.0,0
3.0996207569681764,0.7449115382993479,116.0,22230.0,0.46316802006645913,1.9019638595363753,0.0,39801.0,1.5053989915166213,0.0,0
3.1015672813487556,0.7458748870199524,117.0,22251.0,0.4641511957264341,1.901963859536375,0.0,39801.0,1.5053989915166213,0.0,0
3.106962860366017,0.7503164598219398,118.0,22328.0,0.46513573895498816,1.902011647573046,0.0,39800.0,1.5053989915166213,0.0,0
3.1093319036404834,0.7517217921327825,119.0,22357.0,0.46609944991861185,1.9020116475730462,0.0,39800.0,1.5053989915166213,0.0,0
3.112287061861822,0.7537229341254184,120.0,22394.0,0.4670534661473152,1.902011647573046,0.0,39800.0,1.5053989915166213,0.0,0
3.1141504966067477,0.7546418777769457,121.0,22412.0,0.46799795724071314,1.9020116475730469,0.0,39800.0,1.5053989915166213,0.0,0
3.1177875697008126,0.7573827075568231,122.0,22466.0,0.46895569916388713,1.902107230850979,0.0,39798.0,1.5053989915166213,0.0,0
3.119846638369962,0.758515731627599,123.0,22489.0,0.4698817437622613,1.9021072308509785,0.0,39798.0,1.5053989915166213,0.0,0
3.1223386365252233,0.760091084929317,124.0,22516.0,0.4707983886158039,1.9021072308509783,0.0,39798.0,1.5053989915166213,0.0,0
3.1256434282438574,0.7624883941576813,125.0,22561.0,0.47170587110607387,1.9021072308509785,0.0,39798.0,1.5053989915166213,0.0,0
3.127731664760013,0.7636782005524142,126.0,22582.0,0.47260430122749614,1.9021072308509783,0.0,39798.0,1.5053989915166213,0.0,0
3.1311001155393954,0.7661571758714442,127.0,22625.0,0.4734937766878489,1.9021072308509788,0.0,39798.0,1.5053989915166213,0.0,0
3.1327048911686624,0.7668813381492695,128.0,22639.0,0.4743743900392906,1.9021072308509785,0.0,39798.0,1.5053989915166213,0.0,0
3.136106413884231,0.7694307810073611,129.0,22689.0,0.47525771478889056,1.9021550260926003,0.0,39797.0,1.5053989915166213,0.0,0
3.1382658093722395,0.7707664541034248,130.0,22717.0,0.4761440179347679,1.9022506237820653,0.0,39795.0,1.5053989915166213,0.0,0
3.1427075978222634,0.7743732410260055,131.0,22788.0,0.4770104639425141,1.902298426230268,0.0,39794.0,1.5053989915166213,0.0,0
3.1455620508769577,0.7764013009397974,132.0,22826.0,0.4778683687022926,1.9023462310810257,0.0,39793.0,1.5053989915166213,0.0,0
3.148540011270045,0.7785612950299556,133.0,22871.0,0.4787178845094919,1.9023940383345208,0.0,39792.0,1.5053989915166213,0.0,0
3.150649666334594,0.7798413147702362,134.0,22896.0,0.47954751983376004,1.9023940383345213,0.0,39792.0,1.5053989915166213,0.0,0
3.155506259019056,0.7838766459559375,135.0,22971.0,0.48036878133252103,1.9023940383345204,0.0,39792.0,1.5053989915166213,0.0,0
3.157886192973013,0.7854435221602032,136.0,23004.0,0.48118183908221285,1.9023940383345204,0.0,39792.0,1.5053989915166213,0.0,0
3.1605508962445015,0.7873032748755098,137.0,23037.0,0.48198678963839425,1.9023940383345213,0.0,39792.0,1.5053989915166213,0.0,0
3.163323621261849,0.7892993178497528,138.0,23073.0,0.4827953871016945,1.902441847990934,0.0,39791.0,1.5053989915166213,0.0,0
3.164541509204468,0.7897280687419004,139.0,23082.0,0.48358452415216596,1.9024418479909335,0.0,39791.0,1.5053989915166213,0.0,0
3.166232910677144,0.7906789418913842,140.0,23109.0,0.48438912803629003,1.902537474513239,0.0,39789.0,1.5053989915166213,0.0,0
3.167533200865227,0.791205546638183,141.0,23120.0,0.48516281347757456,1.902537474513239,0.0,39789.0,1.5053989915166213,0.0,0
3.1690513563448923,0.7919578999663752,142.0,23138.0,0.4859286156290475,1.9025374745132386,0.0,39789.0,1.5053989915166213,0.0,0
3.171070699271603,0.7932190982774828,143.0,23164.0,0.48668676024465124,1.9025374745132382,0.0,39789.0,1.5053989915166213,0.0,0
3.1738478351916792,0.7952456514353005,144.0,23210.0,0.48743734300690944,1.9025374745132382,0.0,39789.0,1.5053989915166213,0.0,0
3.176675294973447,0.7973504646740825,145.0,23253.0,0.48819223068550216,1.9025852913794932,0.0,39788.0,1.5053989915166213,0.0,0
3.1809417289132504,0.8008810513881289,146.0,23323.0,0.4889280779112594,1.9025852913794927,0.0,39788.0,1.5053989915166213,0.0,0
3.1828709188510684,0.8020818092203151,147.0,23343.0,0.48965651001689114,1.9025852913794934,0.0,39788.0,1.5053989915166213,0.0,0
3.185080432959505,0.8035701594227284,148.0,23371.0,0.4903776739229147,1.9025852913794927,0.0,39788.0,1.5053989915166213,0.0,0
3.1870825509473812,0.8048582998786656,149.0,23397.0,0.4910916514548538,1.9025852913794932,0.0,39788.0,1.5053989915166213,0.0,0
3.189241680763072,0.8063105632253863,150.0,23428.0,0.4917985179238239,1.9025852913794927,0.0,39788.0,1.5053989915166213,0.0,0
3.1911074402126016,0.8074764948327857,151.0,23451.0,0.4924983457659538,1.9025852913794927,0.0,39788.0,1.5053989915166213,0.0,0
3.1931010968874465,0.8087772913855773,152.0,23479.0,0.49319120588800786,1.9025852913794916,0.0,39788.0,1.5053989915166213,0.0,0
3.1943973201306926,0.8094083804030341,153.0,23493.0,0.493889091991786,1.9026331106493903,0.0,39787.0,1.5053989915166213,0.0,0
3.1963106121080713,0.810663253755989,154.0,23518.0,0.49458030928434754,1.9026809323231102,0.0,39786.0,1.5053989915166213,0.0,0
3.1987437177531235,0.8124237889728039,155.0,23547.0,0.49525287971258486,1.90268093232311,0.0,39786.0,1.5053989915166213,0.0,0
3.2026608297673413,0.8156751272869631,156.0,23614.0,0.49591865341264274,1.9026809323231104,0.0,39786.0,1.5053989915166213,0.0,0
3.204569783599938,0.8169249556401859,157.0,23639.0,0.4965777788920174,1.9026809323231102,0.0,39786.0,1.5053989915166213,0.0,0
3.206707526939768,0.8184101431261958,158.0,23673.0,0.4972303347458376,1.9026809323231095,0.0,39786.0,1.5053989915166213,0.0,0
3.2080466906950162,0.8191032504679334,159.0,23687.0,0.4978763911593483,1.9026809323231095,0.0,39786.0,1.5053989915166213,0.0,0
3.208728160758536,0.8191450968994552,160.0,23691.0,0.4985160147913461,1.90268093232311,0.0,39786.0,1.5053989915166213,0.0,0
3.210823288179379,0.820606968535277,161.0,23723.0,0.499149270576367,1.9026809323231095,0.0,39786.0,1.5053989915166213,0.0,0
3.2125169196157084,0.8216736481540902,162.0,23740.0,0.49977622239388325,1.9026809323231109,0.0,39786.0,1.5053989915166213,0.0,0
3.2139695776548716,0.8225055952666912,163.0,23759.0,0.5003969333204454,1.9026809323231102,0.0,39786.0,1.5053989915166213,0.0,0
3.2216663479597702,0.8295878331638603,164.0,23883.0,0.5010114657281755,1.90268093232311,0.0,39786.0,1.5053989915166213,0.0,0
3.225059342611877,0.8323724122176255,165.0,23937.0,0.5016198813265176,1.9026809323231098,0.0,39786.0,1.5053989915166213,0.0,0
3.227654482816439,0.8343866269500466,166.0,23972.0,0.5022343774572171,1.9027287564008366,0.0,39785.0,1.5053989915166213,0.0,0
3.2297016169292294,0.8358587344281438,167.0,23998.0,0.5028430318858483,1.9027765828827488,0.0,39784.0,1.5053989915166213,0.0,0
3.2319607436797426,0.8375272381138822,168.0,24033.0,0.5034336549506234,1.9027765828827492,0.0,39784.0,1.5053989915166213,0.0,0
3.2330104363793644,0.8379922888662356,169.0,24046.0,0.504018296897892,1.9027765828827488,0.0,39784.0,1.5053989915166213,0.0,0
3.2349706215475655,0.8393736719023223,170.0,24067.0,0.5045970990300067,1.902776582882748,0.0,39784.0,1.5053989915166213,0.0,0
3.235725780816648,0.8395557983512344,171.0,24073.0,0.505170131850177,1.9027765828827485,0.0,39784.0,1.5053989915166213,0.0,0
3.2382876685437343,0.8415503604292859,172.0,24107.0,0.505737457499211,1.9027765828827494,0.0,39784.0,1.5053989915166213,0.0,0
3.2394859762827086,0.8421869910020616,173.0,24119.0,0.5062991346654103,1.9027765828827479,0.0,39784.0,1.5053989915166213,0.0,0
3.240735044313086,0.8428799733025044,174.0,24136.0,0.5068552203953446,1.9027765828827485,0.0,39784.0,1.5053989915166213,0.0,0
3.242080006340858,0.8436743849604873,175.0,24150.0,0.5074057707651339,1.9027765828827488,0.0,39784.0,1.5053989915166213,0.0,0
3.2434604937893003,0.8445315328258083,176.0,24167.0,0.5079631011632942,1.9028244117690283,0.0,39783.0,1.5053989915166213,0.0,0
3.2446414024881536,0.8451726546035078,177.0,24180.0,0.5085028880844482,1.902824411769028,0.0,39783.0,1.5053989915166213,0.0,0
3.245817780142813,0.8458147059991761,178.0,24195.0,0.509037214343439,1.9028244117690287,0.0,39783.0,1.5053989915166213,0.0,0
3.247490890084971,0.8469588230237907,179.0,24217.0,0.5095662072609822,1.9028244117690294,0.0,39783.0,1.5053989915166213,0.0,0
3.24856472095331,0.847508932090586,180.0,24226.0,0.5100899290625264,1.9028244117690278,0.0,39783.0,1.5053989915166213,0.0,0
3.250129356380202,0.8485550608817382,181.0,24248.0,0.5106084356982664,1.902824411769028,0.0,39783.0,1.5053989915166213,0.0,0
3.250904593222339,0.8488169529531201,182.0,24257.0,0.5111217804690212,1.9028244117690283,0.0,39783.0,1.5053989915166213,0.0,0
3.25251704888865,0.8499430439729907,183.0,24280.0,0.5116423556354452,1.9028722430598572,0.0,39782.0,1.5053989915166213,0.0,0
3.2533044117340175,0.8502270890725997,184.0,24286.0,0.5121456733812036,1.9028722430598568,0.0,39782.0,1.5053989915166213,0.0,0
3.254068537431894,0.8504929947801474,185.0,24292.0,0.5126438933715327,1.9028722430598572,0.0,39782.0,1.5053989915166213,0.0,0
3.2553042004713406,0.8512354118746731,186.0,24310.0,0.5131371393164539,1.9028722430598568,0.0,39782.0,1.5053989915166213,0.0,0
3.2562799205917887,0.8517228014349943,187.0,24319.0,0.51362546987658,1.902872243059858,0.0,39782.0,1.5053989915166213,0.0,0
3.257330147296684,0.8522895605531249,188.0,24331.0,0.5141089374633442,1.902872243059858,0.0,39782.0,1.5053989915166213,0.0,0
3.2588576401093965,0.8533603534822328,189.0,24352.0,0.5145999927269802,1.9029200767554175,0.0,39781.0,1.5053989915166213,0.0,0
3.260794023951472,0.8548446884869627,190.0,24375.0,0.5150864376784726,1.9029679128558876,0.0,39780.0,1.5053989915166213,0.0,0
3.26249501620207,0.8560763145800206,191.0,24398.0,0.5155558038360113,1.9029679128558892,0.0,39780.0,1.5053989915166213,0.0,0
3.2646676288080636,0.8578063827947092,192.0,24425.0,0.5160328348288316,1.903015751361453,0.0,39779.0,1.5053989915166213,0.0,0
3.266673856804912,0.859374641938726,193.0,24458.0,0.5165053816211702,1.9030635922722925,0.0,39778.0,1.5053989915166213,0.0,0
3.26791526136829,0.8601604975894439,194.0,24472.0,0.5169609305338307,1.9030635922722925,0.0,39778.0,1.5053989915166213,0.0,0
3.2683956569150334,0.8601899860130738,195.0,24474.0,0.5174118376569439,1.903063592272293,0.0,39778.0,1.5053989915166213,0.0,0
3.269657361680068,0.8610052956216608,196.0,24488.0,0.5178582328133918,1.903063592272293,0.0,39778.0,1.5053989915166213,0.0,0
3.2738338397108158,0.8647620427161619,197.0,24552.0,0.5183126754995316,1.9031114355885876,0.0,39777.0,1.5053989915166213,0.0,0
3.2749772837514888,0.8654678101900914,198.0,24565.0,0.5187503520662744,1.903111435588588,0.0,39777.0,1.5053989915166213,0.0,0
3.275643052406836,0.8657003498769651,199.0,24570.0,0.5191835810347485,1.9031114355885872,0.0,39777.0,1.5053989915166213,0.0,0
3.276306633804076,0.8659350321526095,200.0,24576.0,0.5196124801563432,1.9031114355885885,0.0,39777.0,1.5053989915166213,0.0,0
3.2772181003385525,0.8664218767734702,201.0,24586.0,0.5200371020699599,1.903111435588588,0.0,39777.0,1.5053989915166213,0.0,0
3.278258938383437,0.8670423237966256,202.0,24599.0,0.520457493091688,1.9031114355885883,0.0,39777.0,1.5053989915166213,0.0,0
3.2804113125553105,0.8687784941390386,203.0,24628.0,0.52087369692115,1.9031114355885872,0.0,39777.0,1.5053989915166213,0.0,0
3.2821732643451504,0.8701507888527945,204.0,24653.0,0.5212983289709763,1.90315928131052,0.0,39776.0,1.5053989915166213,0.0,0
3.2844826250959587,0.8720520541266684,205.0,24691.0,0.5217064244479109,1.90315928131052,0.0,39776.0,1.5053989915166213,0.0,0
3.28537249609176,0.872537981125415,206.0,24702.0,0.5221103684449653,1.9031592813105198,0.0,39776.0,1.5053989915166213,0.0,0
3.285905356826838,0.8726709348882737,207.0,24706.0,0.5225102754171852,1.903159281310519,0.0,39776.0,1.5053989915166213,0.0,0
3.2864340464525466,0.872803705147633,208.0,24709.0,0.5229061947835342,1.90315928131052,0.0,39776.0,1.5053989915166213,0.0,0
3.2872760826668457,0.8732537663366176,209.0,24717.0,0.523298169808849,1.9031592813105194,0.0,39776.0,1.5053989915166213,0.0,0
3.2881517630578276,0.8737413753088934,210.0,24726.0,0.5236862412275548,1.90315928131052,0.0,39776.0,1.5053989915166213,0.0,0
3.289654322938701,0.8748597278370447,211.0,24751.0,0.5240704485802772,1.9031592813105194,0.0,39776.0,1.5053989915166213,0.0,0
3.2903394779733732,0.8751645007423057,212.0,24757.0,0.5244508307096878,1.90315928131052,0.0,39776.0,1.5053989915166213,0.0,0
3.291976055781231,0.8764244833129843,213.0,24785.0,0.5248274259468676,1.90315928131052,0.0,39776.0,1.5053989915166213,0.0,0
3.2930210408822043,0.8770966221771802,214.0,24795.0,0.5252002721836441,1.90315928131052,0.0,39776.0,1.5053989915166213,0.0,0
3.2936736378573,0.8773800844330918,215.0,24801.0,0.525569406902828,1.9031592813105205,0.0,39776.0,1.5053989915166213,0.0,0
3.29418657007033,0.8775275563561336,216.0,24804.0,0.5259348671928167,1.90315928131052,0.0,39776.0,1.5053989915166213,0.0,0
3.295082991700318,0.8780621554226237,217.0,24814.0,0.5262966897563147,1.90315928131052,0.0,39776.0,1.5053989915166213,0.0,0
3.2955140723721645,0.8781350149340128,218.0,24818.0,0.5266549109167716,1.9031592813105205,0.0,39776.0,1.5053989915166213,0.0,0
3.2968196251587716,0.8790859120135261,219.0,24832.0,0.5270095666238654,1.903159281310521,0.0,39776.0,1.5053989915166213,0.0,0
3.298608471216571,0.8805236322366571,220.0,24856.0,0.5273606924585339,1.9031592813105198,0.0,39776.0,1.5053989915166213,0.0,0
3.299412734129585,0.8810029483829642,221.0,24865.0,0.5277210359320593,1.9032071294382717,0.0,39775.0,1.5053989915166213,0.0,0
3.300579300630612,0.8818252034423875,222.0,24880.0,0.5280653473736625,1.9032071294382724,0.0,39775.0,1.5053989915166213,0.0,0
3.302175579542915,0.8830806869669096,223.0,24906.0,0.5284061427614442,1.903207129438272,0.0,39775.0,1.5053989915166213,0.0,0
3.302738805622273,0.8833065248784057,224.0,24913.0,0.5287435309293055,1.9032071294382724,0.0,39775.0,1.5053989915166213,0.0,0
3.3035348017726656,0.8837684969759175,225.0,24921.0,0.5290775549821868,1.9032071294382724,0.0,39775.0,1.5053989915166213,0.0,0
3.304790247150359,0.8846932454558077,226.0,24943.0,0.5294082518799901,1.9032071294382706,0.0,39775.0,1.5053989915166213,0.0,0
3.305960773083736,0.8855363671660291,227.0,24957.0,0.5297356561031455,1.9032071294382713,0.0,39775.0,1.5053989915166213,0.0,0
3.3078147093592754,0.887066158541339,228.0,24984.0,0.5300598010033748,1.903207129438272,0.0,39775.0,1.5053989915166213,0.0,0
3.308579206847171,0.8875097377290105,229.0,24992.0,0.5303807193035994,1.903207129438271,0.0,39775.0,1.5053989915166213,0.0,0
3.3091168955979815,0.8877297024986955,230.0,24999.0,0.5306984432847256,1.9032071294382706,0.0,39775.0,1.5053989915166213,0.0,0
3.309702543771967,0.8880007891002674,231.0,25004.0,0.5310130048571382,1.9032071294382715,0.0,39775.0,1.5053989915166213,0.0,0
3.3106798750435944,0.8886666896393439,232.0,25015.0,0.5313244355896889,1.903207129438272,0.0,39775.0,1.5053989915166213,0.0,0
3.3112949320700764,0.8889734155325538,233.0,25021.0,0.5316327667229613,1.903207129438272,0.0,39775.0,1.5053989915166213,0.0,0
3.313823434478841,0.8911966554876068,234.0,25062.0,0.5319380291766729,1.903207129438272,0.0,39775.0,1.5053989915166213,0.0,0
3.314346848611039,0.8914178452416305,235.0,25068.0,0.532240253554847,1.903207129438272,0.0,39775.0,1.5053989915166213,0.0,0
3.318604921947367,0.8953996832415362,236.0,25141.0,0.5325522980691249,1.903254979972024,0.0,39774.0,1.5053989915166213,0.0,0
3.3204745850976782,0.8969729687838156,237.0,25172.0,0.5328486756771559,1.9032549799720242,0.0,39774.0,1.5053989915166213,0.0,0
3.3214219987557048,0.8976270435670439,238.0,25184.0,0.5331420145519552,1.9032549799720235,0.0,39774.0,1.5053989915166213,0.0,0
3.3219703667001905,0.8978850074431667,239.0,25188.0,0.5334324186203181,1.9032549799720235,0.0,39774.0,1.5053989915166213,0.0,0
3.324021787920961,0.8996489210160468,240.0,25218.0,0.5337199262682086,1.9032549799720233,0.0,39774.0,1.5053989915166213,0.0,0
3.325035073775473,0.9003775633547171,241.0,25234.0,0.5340045697840495,1.9032549799720235,0.0,39774.0,1.5053989915166213,0.0,0
3.32539594108412,0.9004566214228896,242.0,25239.0,0.5342863790245245,1.903254979972023,0.0,39774.0,1.5053989915166213,0.0,0
3.3258130512459596,0.9005947278442232,243.0,25243.0,0.5345653827650308,1.9032549799720233,0.0,39774.0,1.5053989915166213,0.0,0
3.3264591913022317,0.9009646414664415,244.0,25250.0,0.5348416091990835,1.903254979972024,0.0,39774.0,1.5053989915166213,0.0,0
3.327083579265106,0.9013155525038575,245.0,25256.0,0.5351150861245422,1.9032549799720238,0.0,39774.0,1.5053989915166213,0.0,0
3.3283960679462505,0.9023572862950122,246.0,25275.0,0.5353858410145329,1.9032549799720235,0.0,39774.0,1.5053989915166213,0.0,0
3.329111599778092,0.9028047580955119,247.0,25283.0,0.5356539010458743,1.9032549799720233,0.0,39774.0,1.5053989915166213,0.0,0
3.3296535126723286,0.9030812789238296,248.0,25287.0,0.5359192931117926,1.9032549799720238,0.0,39774.0,1.5053989915166213,0.0,0
3.3302756697345512,0.9034406852690583,249.0,25295.0,0.5361820438287869,1.9032549799720233,0.0,39774.0,1.5053989915166213,0.0,0
3.3324672329972445,0.9054187311128791,250.0,25329.0,0.5364680252447843,1.9033506882582532,0.0,39772.0,1.5053989915166213,0.0,0
3.3333820353739307,0.9060990516078576,251.0,25343.0,0.5367387769655826,1.9033985460110945,0.0,39771.0,1.5053989915166213,0.0,0
3.3340228053525682,0.9064846049856009,252.0,25354.0,0.5369939935664768,1.903398546011094,0.0,39771.0,1.5053989915166213,0.0,0
3.334359193527289,0.9065684371962985,253.0,25355.0,0.5372465495304996,1.9033985460110947,0.0,39771.0,1.5053989915166213,0.0,0
3.3347075771872228,0.9066668067848491,254.0,25358.0,0.537496563601883,1.9033985460110951,0.0,39771.0,1.5053989915166213,0.0,0
3.3355847805016974,0.9072964965790092,255.0,25370.0,0.5377440771221974,1.9033985460110945,0.0,39771.0,1.5053989915166213,0.0,0
3.3364713066605973,0.9079379787720017,256.0,25386.0,0.5379891210881049,1.9033985460110945,0.0,39771.0,1.5053989915166213,0.0,0
3.3370025672696206,0.908226637955022,257.0,25392.0,0.538231722514108,1.903398546011095,0.0,39771.0,1.5053989915166213,0.0,0
3.3372609600267276,0.9082448464501046,258.0,25393.0,0.5384719067761321,1.903398546011095,0.0,39771.0,1.5053989915166213,0.0,0
3.3378403292802745,0.9085864240026363,259.0,25402.0,0.538709698477148,1.9033985460110947,0.0,39771.0,1.5053989915166213,0.0,0
3.338834452285895,0.909345123716521,260.0,25414.0,0.5389451217688839,1.903398546011095,0.0,39771.0,1.5053989915166213,0.0,0
3.3397513781521093,0.910028970878356,261.0,25430.0,0.5391782004732627,1.903398546011095,0.0,39771.0,1.5053989915166213,0.0,0
3.340630235403252,0.9106770704727645,262.0,25444.0,0.5394089581299962,1.9033985460110956,0.0,39771.0,1.5053989915166213,0.0,0
3.3427964785426747,0.9126148537253252,263.0,25475.0,0.5396374180168589,1.9033985460110947,0.0,39771.0,1.5053989915166213,0.0,0
3.3440885328919334,0.9136807229316656,264.0,25496.0,0.5398636031597772,1.9033985460110947,0.0,39771.0,1.5053989915166213,0.0,0
3.3447621871998003,0.9141304440602673,265.0,25503.0,0.5400875363390423,1.9033985460110945,0.0,39771.0,1.5053989915166213,0.0,0
3.3455837026882937,0.914730255793821,266.0,25511.0,0.5403092400939823,1.9033985460110943,0.0,39771.0,1.5053989915166213,0.0,0
3.3458214549105416,0.9147485113830897,267.0,25512.0,0.5405287367269613,1.9033985460110938,0.0,39771.0,1.5053989915166213,0.0,0
3.346356797937367,0.9150665428298413,268.0,25519.0,0.540746048307035,1.9033985460110945,0.0,39771.0,1.5053989915166213,0.0,0
3.346578269721431,0.9150728662475531,269.0,25520.0,0.5409611966733873,1.9033985460110947,0.0,39771.0,1.5053989915166213,0.0,0
3.3474651406885716,0.9157467304494711,270.0,25534.0,0.5411742034386093,1.9033985460110947,0.0,39771.0,1.5053989915166213,0.0,0
3.3479641985116477,0.916034901719314,271.0,25540.0,0.5413850899918428,1.9033985460110947,0.0,39771.0,1.5053989915166213,0.0,0
3.3482571714394935,0.9161190871371989,272.0,25541.0,0.5415938775018034,1.9033985460110951,0.0,39771.0,1.5053989915166213,0.0,0
3.3485882555150566,0.9162434617948683,273.0,25543.0,0.5418005869196977,1.9033985460110943,0.0,39771.0,1.5053989915166213,0.0,0
3.3489922755661024,0.9164428297835681,274.0,25547.0,0.542005238982044,1.9033985460110947,0.0,39771.0,1.5053989915166213,0.0,0
3.3507929950186215,0.9180409340047324,275.0,25576.0,0.5422078542133981,1.9033985460110951,0.0,39771.0,1.5053989915166213,0.0,0
3.3517502033584208,0.91879754362893,276.0,25589.0,0.5424084529290002,1.903398546011095,0.0,39771.0,1.5053989915166213,0.0,0
3.3525618016155514,0.9194105395777196,277.0,25602.0,0.542607055237341,1.9033985460110947,0.0,39771.0,1.5053989915166213,0.0,0
3.353041588474824,0.919693700631676,278.0,25607.0,0.542803681042658,1.9033985460110943,0.0,39771.0,1.5053989915166213,0.0,0
3.3532618483607894,0.9197192915129341,279.0,25608.0,0.5429983500473645,1.903398546011094,0.0,39771.0,1.5053989915166213,0.0,0
3.354893672767977,0.9211583842130683,280.0,25633.0,0.5431910817544183,1.9033985460110947,0.0,39771.0,1.5053989915166213,0.0,0
3.3550935110821114,0.9211674088119924,281.0,25634.0,0.543381895469628,1.9033985460110947,0.0,39771.0,1.5053989915166213,0.0,0
3.355339187724637,0.921247914195307,282.0,25637.0,0.5435838942034541,1.9034464061706626,0.0,39770.0,1.5053989915166213,0.0,0
3.3556154067192887,0.9213369600267142,283.0,25639.0,0.5437710673666992,1.9034464061706629,0.0,39770.0,1.5053989915166213,0.0,0
3.3560364761184958,0.9215728092176458,284.0,25645.0,0.5439562875749739,1.9034464061706626,0.0,39770.0,1.5053989915166213,0.0,0
3.3563225404867034,0.9216755123734485,285.0,25647.0,0.5441396487873786,1.9034464061706635,0.0,39770.0,1.5053989915166213,0.0,0
3.357046508801108,0.9222179506894495,286.0,25656.0,0.5443211787857823,1.9034464061706637,0.0,39770.0,1.5053989915166213,0.0,0
3.3576635971397537,0.922655318527593,287.0,25665.0,0.5445008992862853,1.903446406170663,0.0,39770.0,1.5053989915166213,0.0,0
3.3578415275057716,0.922655318527593,288.0,25665.0,0.5446788296523032,1.903446406170662,0.0,39770.0,1.5053989915166213,0.0,0
3.3581680507882052,0.9228056832006865,289.0,25668.0,0.5448549882616428,1.903446406170663,0.0,39770.0,1.5053989915166213,0.0,0
3.358566137719524,0.9230293653823741,290.0,25673.0,0.5450293930112744,1.9034464061706622,0.0,39770.0,1.5053989915166213,0.0,0
3.361497374807761,0.9257879339770855,291.0,25721.0,0.5452020615047991,1.903446406170663,0.0,39770.0,1.5053989915166213,0.0,0
3.3617668284945172,0.9258864380455254,292.0,25723.0,0.545373011123116,1.903446406170663,0.0,39770.0,1.5053989915166213,0.0,0
3.3620206099404593,0.9259709715625383,293.0,25724.0,0.5455422590520458,1.9034464061706626,0.0,39770.0,1.5053989915166213,0.0,0
3.362359511049543,0.9261661851595466,294.0,25729.0,0.5457229539080187,1.9034942687371388,0.0,39769.0,1.5053989915166213,0.0,0
3.3626504470975345,0.9262910880865921,295.0,25731.0,0.5458889870289646,1.9034942687371388,0.0,39769.0,1.5053989915166213,0.0,0
3.3630516060419993,0.926527956722664,296.0,25736.0,0.5460532773373581,1.9034942687371386,0.0,39769.0,1.5053989915166213,0.0,0
3.36366735106206,0.9269810624498701,297.0,25745.0,0.5462159166302127,1.9034942687371388,0.0,39769.0,1.5053989915166213,0.0,0
3.3639975274760907,0.9271502248568757,298.0,25747.0,0.5463769306372382,1.903494268737138,0.0,39769.0,1.5053989915166213,0.0,0
3.364197309335616,0.9271905983068287,299.0,25748.0,0.5465363390468106,1.9034942687371372,0.0,39769.0,1.5053989915166213,0.0,0
3.364642226290328,0.9274776950934991,300.0,25754.0,0.5466941592148525,1.903494268737138,0.0,39769.0,1.5053989915166213,0.0,0
3.3649234649802566,0.9276026854678938,301.0,25756.0,0.5468504075303856,1.9034942687371386,0.0,39769.0,1.5053989915166213,0.0,0
3.3656078426671123,0.9281323707653817,302.0,25770.0,0.5470050999197535,1.9034942687371388,0.0,39769.0,1.5053989915166213,0.0,0
3.3657866827235416,0.9281580587076765,303.0,25771.0,0.5471582520338886,1.9034942687371377,0.0,39769.0,1.5053989915166213,0.0,0
3.366326306145396,0.9285460548445316,304.0,25777.0,0.5473098793188875,1.9034942687371383,0.0,39769.0,1.5053989915166213,0.0,0
3.366686126904363,0.9287557578788008,305.0,25780.0,0.5474599970435854,1.903494268737138,0.0,39769.0,1.5053989915166213,0.0,0
3.367463251301646,0.9293842590084309,306.0,25790.0,0.547608620311238,1.9034942687371388,0.0,39769.0,1.5053989915166213,0.0,0
3.367665364814994,0.9294392287677267,307.0,25793.0,0.5477557640652899,1.9034942687371386,0.0,39769.0,1.5053989915166213,0.0,0
3.368236055700303,0.9298642406254132,308.0,25800.0,0.5479014430929127,1.903494268737138,0.0,39769.0,1.5053989915166213,0.0,0
3.3683986642025423,0.9298826201929049,309.0,25801.0,0.5480456720276604,1.9034942687371375,0.0,39769.0,1.5053989915166213,0.0,0
3.368541457526642,0.9298826201929049,310.0,25801.0,0.54818846535176,1.9034942687371383,0.0,39769.0,1.5053989915166213,0.0,0
3.3686918914073596,0.9298916820271739,311.0,25802.0,0.5483298373982084,1.9034942687371392,0.0,39769.0,1.5053989915166213,0.0,0
3.368956993583833,0.9300168192490877,312.0,25804.0,0.548469802352768,1.903494268737138,0.0,39769.0,1.5053989915166213,0.0,0
3.3691323930082615,0.9300536467704066,313.0,25806.0,0.5486083742558774,1.903494268737139,0.0,39769.0,1.5053989915166213,0.0,0
3.36926958575688,0.9300536467704066,314.0,25806.0,0.5487455670044956,1.9034942687371392,0.0,39769.0,1.5053989915166213,0.0,0
3.3695195436093464,0.9301677772734775,315.0,25810.0,0.5488813943538919,1.903494268737138,0.0,39769.0,1.5053989915166213,0.0,0
3.3696540191748334,0.9301677772734775,316.0,25810.0,0.5490158699193791,1.9034942687371386,0.0,39769.0,1.5053989915166213,0.0,0
3.373886755141053,0.9342673759810743,317.0,25880.0,0.5491490071780015,1.9034942687371388,0.0,39769.0,1.5053989915166213,0.0,0
3.3740185674332275,0.9342673759810743,318.0,25880.0,0.549280819470176,1.9034942687371386,0.0,39769.0,1.5053989915166213,0.0,0
3.374149067964343,0.9342673759810743,319.0,25880.0,0.5494113200012927,1.9034942687371377,0.0,39769.0,1.5053989915166213,0.0,0
3.3749410288869695,0.9349542374689148,320.0,25890.0,0.54955373447005,1.9035421337107044,0.0,39768.0,1.5053989915166213,0.0,0
3.3752499522208965,0.9351351079469338,321.0,25893.0,0.5496817873259578,1.9035421337107044,0.0,39768.0,1.5053989915166213,0.0,0
3.3761230028370264,0.9358814700558196,322.0,25905.0,0.5498084758332021,1.9035421337107035,0.0,39768.0,1.5053989915166213,0.0,0
3.376550015147633,0.9361830703696715,323.0,25910.0,0.5499338878299567,1.903542133710703,0.0,39768.0,1.5053989915166213,0.0,0
3.3771538294033876,0.9366627271864291,324.0,25918.0,0.5500580452689535,1.9035421337107037,0.0,39768.0,1.5053989915166213,0.0,0
3.3781274212759063,0.9375375705957647,325.0,25934.0,0.5501941926259748,1.9035900010915388,0.0,39767.0,1.5053989915166213,0.0,0
3.378366186938087,0.9376545059491538,326.0,25939.0,0.5503160229347666,1.903590001091539,0.0,39767.0,1.5053989915166213,0.0,0
3.3785127101104298,0.9376805022299299,327.0,25941.0,0.550436549826333,1.903590001091539,0.0,39767.0,1.5053989915166213,0.0,0
3.3787448246698406,0.9377933059555436,328.0,25945.0,0.55055586066013,1.9035900010915388,0.0,39767.0,1.5053989915166213,0.0,0
3.3788629409138684,0.9377933059555436,329.0,25945.0,0.5506739769041579,1.9035900010915388,0.0,39767.0,1.5053989915166213,0.0,0
3.3789980579269603,0.9378114858636368,330.0,25947.0,0.5507909140091564,1.9035900010915394,0.0,39767.0,1.5053989915166213,0.0,0
3.379198799146974,0.937896455966214,331.0,25948.0,0.5509066851265929,1.9035900010915399,0.0,39767.0,1.5053989915166213,0.0,0
3.379313416497921,0.937896455966214,332.0,25948.0,0.5510213024775404,1.9035900010915385,0.0,39767.0,1.5053989915166213,0.0,0
3.3807994211864982,0.9392932002281441,333.0,25975.0,0.5511480220934053,1.9036378708798287,0.0,39766.0,1.5053989915166213,0.0,0
3.3812216036932803,0.9396029016755534,334.0,25980.0,0.5512605031527781,1.9036378708798287,0.0,39766.0,1.5053989915166213,0.0,0
3.3814179044737753,0.9396879313709684,335.0,25981.0,0.5513717742378584,1.9036378708798276,0.0,39766.0,1.5053989915166213,0.0,0
3.381613087153104,0.9397729669347662,336.0,25982.0,0.5514819213533888,1.9036378708798283,0.0,39766.0,1.5053989915166213,0.0,0
3.381736194756944,0.9397870309068603,337.0,25983.0,0.5515909649851347,1.9036378708798287,0.0,39766.0,1.5053989915166213,0.0,0
3.3818441494316622,0.9397870309068603,338.0,25983.0,0.5516989196598532,1.9036378708798283,0.0,39766.0,1.5053989915166213,0.0,0
3.381951027403216,0.9397870309068603,339.0,25983.0,0.5518057976314072,1.903637870879828,0.0,39766.0,1.5053989915166213,0.0,0
3.3820568400097417,0.9397870309068603,340.0,25983.0,0.5519116102379332,1.9036378708798283,0.0,39766.0,1.5053989915166213,0.0,0
3.382161598174745,0.9397870309068603,341.0,25983.0,0.5520163684029361,1.9036378708798287,0.0,39766.0,1.5053989915166213,0.0,0
3.3822911288540727,0.9398128471677855,342.0,25984.0,0.5521200828213386,1.903637870879828,0.0,39766.0,1.5053989915166213,0.0,0
3.3827911391381544,0.9402101762436813,343.0,25991.0,0.5522227640295245,1.9036378708798287,0.0,39766.0,1.5053989915166213,0.0,0
3.383451405846751,0.9407687845491938,344.0,25999.0,0.5523244224326085,1.9036378708798287,0.0,39766.0,1.5053989915166213,0.0,0
3.383774000848155,0.9409907336673207,345.0,26003.0,0.552425068315886,1.9036378708798285,0.0,39766.0,1.5053989915166213,0.0,0
3.3838736443826507,0.9409907336673207,346.0,26003.0,0.5525247118503815,1.9036378708798276,0.0,39766.0,1.5053989915166213,0.0,0
3.3839722956284217,0.9409907336673207,347.0,26003.0,0.5526233630961522,1.9036378708798283,0.0,39766.0,1.5053989915166213,0.0,0
3.384072488634136,0.9410175481132953,348.0,26004.0,0.552734304224389,1.9036857430757521,0.0,39765.0,1.5053989915166213,0.0,0
3.3841693213494106,0.9410175481132953,349.0,26004.0,0.5528311369396639,1.9036857430757517,0.0,39765.0,1.5053989915166213,0.0,0
3.3845462728852294,0.9412987209024865,350.0,26011.0,0.5529269156862918,1.9036857430757514,0.0,39765.0,1.5053989915166213,0.0,0
3.385269819836067,0.9419274584777078,351.0,26024.0,0.5530217250619082,1.903685743075751,0.0,39765.0,1.5053989915166213,0.0,0
3.385866058988161,0.9424298387017636,352.0,26033.0,0.5531155839899465,1.9036857430757508,0.0,39765.0,1.5053989915166213,0.0,0
3.3864331517344475,0.9429040099970291,353.0,26041.0,0.5532085054409673,1.9036857430757512,0.0,39765.0,1.5053989915166213,0.0,0
3.386525146420483,0.9429040099970291,354.0,26041.0,0.5533005001270023,1.9036857430757512,0.0,39765.0,1.5053989915166213,0.0,0
3.387073204956796,0.9433609907989389,355.0,26051.0,0.5533915778614065,1.903685743075751,0.0,39765.0,1.5053989915166213,0.0,0
3.387329866006662,0.9435274816495893,356.0,26054.0,0.5534817480606213,1.9036857430757517,0.0,39765.0,1.5053989915166213,0.0,0
3.3875449822501467,0.9436533260235217,357.0,26056.0,0.5535710199301737,1.9036857430757514,0.0,39765.0,1.5053989915166213,0.0,0
3.3877592158499774,0.943779177019104,358.0,26058.0,0.5536594025344227,1.9036857430757508,0.0,39765.0,1.5053989915166213,0.0,0
3.388123336310073,0.9440557951901558,359.0,26064.0,0.5537469048234659,1.9036857430757512,0.0,39765.0,1.5053989915166213,0.0,0
3.3882099671308206,0.9440557951901558,360.0,26064.0,0.5538335356442132,1.9036857430757512,0.0,39765.0,1.5053989915166213,0.0,0
3.3890570246743787,0.9448170846323576,361.0,26080.0,0.5539193037455704,1.9036857430757506,0.0,39765.0,1.5053989915166213,0.0,0
3.3893215143614186,0.9449966602835702,362.0,26083.0,0.5540042177813975,1.9036857430757506,0.0,39765.0,1.5053989915166213,0.0,0
3.389413168030852,0.9450042454218028,363.0,26084.0,0.5540882863125981,1.9036857430757512,0.0,39765.0,1.5053989915166213,0.0,0
3.389525860214096,0.9450337061088107,364.0,26086.0,0.5541715178088337,1.9036857430757514,0.0,39765.0,1.5053989915166213,0.0,0
3.389804617522644,0.9452300605761306,365.0,26089.0,0.5542539206500617,1.9036857430757517,0.0,39765.0,1.5053989915166213,0.0,0
3.3899002982666406,0.9452441588422273,366.0,26090.0,0.5543355031279618,1.9036857430757517,0.0,39765.0,1.5053989915166213,0.0,0
3.3899810685859677,0.9452441588422273,367.0,26090.0,0.5544162734472893,1.9036857430757514,0.0,39765.0,1.5053989915166213,0.0,0
3.3904185261841278,0.9456016501605164,368.0,26098.0,0.5544962397271604,1.9036857430757506,0.0,39765.0,1.5053989915166213,0.0,0
3.39050241879351,0.9456063724947688,369.0,26099.0,0.55457541000229,1.9036857430757514,0.0,39765.0,1.5053989915166213,0.0,0
3.3905808010153917,0.9456063724947688,370.0,26099.0,0.5546537922241717,1.9036857430757517,0.0,39765.0,1.5053989915166213,0.0,0
3.3906584030534397,0.9456063724947688,371.0,26099.0,0.5547313942622198,1.9036857430757508,0.0,39765.0,1.5053989915166213,0.0,0
3.3907759306538376,0.9456470704525181,372.0,26100.0,0.5548082239048682,1.903685743075751,0.0,39765.0,1.5053989915166213,0.0,0
3.390851995609599,0.9456470704525181,373.0,26100.0,0.5548842888606295,1.9036857430757512,0.0,39765.0,1.5053989915166213,0.0,0
3.3910718187587015,0.9457915857031275,374.0,26105.0,0.5549595967591222,1.9036857430757517,0.0,39765.0,1.5053989915166213,0.0,0
3.3911668893374602,0.945812097888945,375.0,26107.0,0.5550341551520639,1.9036857430757514,0.0,39765.0,1.5053989915166213,0.0,0
3.3912407056996323,0.945812097888945,376.0,26107.0,0.5551079715142359,1.9036857430757517,0.0,39765.0,1.5053989915166213,0.0,0
3.3913213767594823,0.9458196872186131,377.0,26108.0,0.555181053244418,1.9036857430757514,0.0,39765.0,1.5053989915166213,0.0,0
3.3914196175438374,0.9458455735810843,378.0,26109.0,0.5552534076663017,1.9036857430757508,0.0,39765.0,1.5053989915166213,0.0,0
3.391557845826591,0.9459121675007642,379.0,26111.0,0.5553250420293762,1.9036857430757508,0.0,39765.0,1.5053989915166213,0.0,0
3.391634244145677,0.9459176443394332,380.0,26112.0,0.5553959635097924,1.9036857430757514,0.0,39765.0,1.5053989915166213,0.0,0
3.3917044598470927,0.9459176443394332,381.0,26112.0,0.5554661792112082,1.903685743075751,0.0,39765.0,1.5053989915166213,0.0,0
3.3917880828102307,0.9459317503481649,382.0,26113.0,0.5555356961656138,1.903685743075752,0.0,39765.0,1.5053989915166213,0.0,0
3.391942204309281,0.9460170466786915,383.0,26114.0,0.555604521334138,1.9036857430757508,0.0,39765.0,1.5053989915166213,0.0,0
3.392010344582981,0.9460170466786915,384.0,26114.0,0.5556726616078376,1.903685743075752,0.0,39765.0,1.5053989915166213,0.0,0
3.392159233754065,0.9460984736491407,385.0,26116.0,0.5557401238084732,1.9036857430757508,0.0,39765.0,1.5053989915166213,0.0,0
3.392927892546768,0.9468003415610504,386.0,26127.0,0.5558069146892658,1.9036857430757512,0.0,39765.0,1.5053989915166213,0.0,0
3.393116376493311,0.946922699261216,387.0,26130.0,0.5558730409356442,1.9036857430757508,0.0,39765.0,1.5053989915166213,0.0,0
3.3932930754168518,0.9470339299544263,388.0,26132.0,0.5559385091659741,1.9036857430757514,0.0,39765.0,1.5053989915166213,0.0,0
3.393357892183156,0.9470339299544263,389.0,26132.0,0.5560033259322784,1.903685743075752,0.0,39765.0,1.5053989915166213,0.0,0
3.393462794079161,0.9470746600617663,390.0,26133.0,0.5560674977209434,1.9036857430757508,0.0,39765.0,1.5053989915166213,0.0,0
3.393526327311632,0.9470746600617663,391.0,26133.0,0.5561310309534144,1.9036857430757514,0.0,39765.0,1.5053989915166213,0.0,0
3.393674569087047,0.947160000803717,392.0,26134.0,0.5561939319868787,1.9036857430757512,0.0,39765.0,1.5053989915166213,0.0,0
3.39373684421511,0.947160000803717,393.0,26134.0,0.5562562071149413,1.9036857430757514,0.0,39765.0,1.5053989915166213,0.0,0
3.3941584378353507,0.9475199389706115,394.0,26142.0,0.5563178625682879,1.9036857430757506,0.0,39765.0,1.5053989915166213,0.0,0
3.394839045661885,0.948139504850096,395.0,26151.0,0.5563789045153384,1.9036857430757503,0.0,39765.0,1.5053989915166213,0.0,0
3.3948994802094408,0.948139504850096,396.0,26151.0,0.5564393390628939,1.9036857430757512,0.0,39765.0,1.5053989915166213,0.0,0
3.3949593134033185,0.948139504850096,397.0,26151.0,0.5564991722567715,1.903685743075751,0.0,39765.0,1.5053989915166213,0.0,0
3.395018551228979,0.948139504850096,398.0,26151.0,0.5565584100824317,1.9036857430757517,0.0,39765.0,1.5053989915166213,0.0,0
3.395158699442464,0.9482210046804125,399.0,26153.0,0.5566170584656001,1.9036857430757517,0.0,39765.0,1.5053989915166213,0.0,0
3.3952167642497404,0.9482210046804125,400.0,26153.0,0.556675123272876,1.9036857430757512,0.0,39765.0,1.5053989915166213,0.0,0
3.3961340316402993,0.9490807850315092,401.0,26169.0,0.5567326103123387,1.9036857430757517,0.0,39765.0,1.5053989915166213,0.0,0
3.3961909466621027,0.9490807850315092,402.0,26169.0,0.5567895253341418,1.9036857430757517,0.0,39765.0,1.5053989915166213,0.0,0
3.3971550362982423,0.9499885259706868,403.0,26183.0,0.5568458740311041,1.903685743075751,0.0,39765.0,1.5053989915166213,0.0,0
3.3974544208001123,0.9502321224643707,404.0,26189.0,0.5569016620392903,1.9036857430757514,0.0,39765.0,1.5053989915166213,0.0,0
3.397595092437554,0.9503175612025169,405.0,26190.0,0.5569568949385864,1.9036857430757506,0.0,39765.0,1.5053989915166213,0.0,0
3.3976868594431804,0.9503546448934607,406.0,26192.0,0.5570115782532682,1.903685743075751,0.0,39765.0,1.5053989915166213,0.0,0
3.3977409986424747,0.9503546448934607,407.0,26192.0,0.5570657174525634,1.9036857430757501,0.0,39765.0,1.5053989915166213,0.0,0
3.3977945991411187,0.9503546448934607,408.0,26192.0,0.5571193179512064,1.9036857430757517,0.0,39765.0,1.5053989915166213,0.0,0
3.3978476662999006,0.9503546448934607,409.0,26192.0,0.5571723851099886,1.9036857430757514,0.0,39765.0,1.5053989915166213,0.0,0
3.398624531931723,0.9510789713989721,410.0,26203.0,0.5572249242362994,1.9036857430757512,0.0,39765.0,1.5053989915166213,0.0,0
3.3986765482800894,0.9510789713989721,411.0,26203.0,0.557276940584666,1.903685743075751,0.0,39765.0,1.5053989915166213,0.0,0
3.3987421819976102,0.9510931063438769,412.0,26204.0,0.5573284393572823,1.9036857430757508,0.0,39765.0,1.5053989915166213,0.0,0
3.398793168344863,0.9510931063438769,413.0,26204.0,0.5573794257045347,1.9036857430757512,0.0,39765.0,1.5053989915166213,0.0,0
3.3988955344957748,0.9511449934737998,414.0,26206.0,0.5574299047255236,1.9036857430757512,0.0,39765.0,1.5053989915166213,0.0,0
3.3989863072894098,0.9511857895243835,415.0,26207.0,0.5574798814685745,1.9036857430757517,0.0,39765.0,1.5053989915166213,0.0,0
3.3990357867525844,0.9511857895243835,416.0,26207.0,0.5575293609317501,1.9036857430757501,0.0,39765.0,1.5053989915166213,0.0,0
3.3991248559033913,0.9512258715435898,417.0,26209.0,0.5575783480633499,1.9036857430757514,0.0,39765.0,1.5053989915166213,0.0,0
3.3991733556024526,0.9512258715435898,418.0,26209.0,0.5576268477624114,1.9036857430757512,0.0,39765.0,1.5053989915166213,0.0,0
3.3993068544840286,0.9513113533083762,419.0,26210.0,0.5576748648792013,1.9036857430757512,0.0,39765.0,1.5053989915166213,0.0,0
3.3993543938205297,0.9513113533083762,420.0,26210.0,0.5577224042157026,1.9036857430757512,0.0,39765.0,1.5053989915166213,0.0,0
3.3999477610419726,0.9518576542194227,421.0,26222.0,0.5577694705260987,1.9036857430757512,0.0,39765.0,1.5053989915166213,0.0,0
3.399994359033123,0.9518576542194227,422.0,26222.0,0.5578160685172493,1.9036857430757508,0.0,39765.0,1.5053989915166213,0.0,0
3.4003119484721256,0.9521291093265103,423.0,26228.0,0.5578622028491641,1.9036857430757512,0.0,39765.0,1.5053989915166213,0.0,0
3.400357623758432,0.9521291093265103,424.0,26228.0,0.5579078781354707,1.9036857430757512,0.0,39765.0,1.5053989915166213,0.0,0
3.400402844566837,0.9521291093265103,425.0,26228.0,0.5579530989438756,1.9036857430757517,0.0,39765.0,1.5053989915166213,0.0,0
3.4006241343518946,0.9523056282588183,426.0,26231.0,0.557997869796625,1.9036857430757512,0.0,39765.0,1.5053989915166213,0.0,0
3.400668459726226,0.9523056282588183,427.0,26231.0,0.5580421951709564,1.903685743075751,0.0,39765.0,1.5053989915166213,0.0,0
3.4007123440548184,0.9523056282588183,428.0,26231.0,0.5580860794995487,1.9036857430757517,0.0,39765.0,1.5053989915166213,0.0,0
3.400967653093885,0.9525174896264683,429.0,26234.0,0.5581295271709648,1.903685743075751,0.0,39765.0,1.5053989915166213,0.0,0
3.4010106684530137,0.9525174896264683,430.0,26234.0,0.5581725425300942,1.9036857430757514,0.0,39765.0,1.5053989915166213,0.0,0
3.401053255801505,0.9525174896264683,431.0,26234.0,0.5582151298785849,1.9036857430757517,0.0,39765.0,1.5053989915166213,0.0,0
3.4011231298884606,0.9525452001167319,432.0,26236.0,0.5582572934752776,1.9036857430757506,0.0,39765.0,1.5053989915166213,0.0,0
3.4011703662331008,0.952550692400019,433.0,26237.0,0.5582990375366305,1.903685743075751,0.0,39765.0,1.5053989915166213,0.0,0
3.401382760451235,0.9527217579176428,434.0,26239.0,0.5583403662371412,1.9036857430757514,0.0,39765.0,1.5053989915166213,0.0,0
3.401509215795756,0.952807295789539,435.0,26240.0,0.5583812837097661,1.9036857430757508,0.0,39765.0,1.5053989915166213,0.0,0
3.4016352665296985,0.9528928361869138,436.0,26241.0,0.5584217940463334,1.9036857430757508,0.0,39765.0,1.5053989915166213,0.0,0
3.4019988074896927,0.9532162698952886,437.0,26246.0,0.5584619012979528,1.903685743075751,0.0,39765.0,1.5053989915166213,0.0,0
3.402038515667161,0.9532162698952886,438.0,26246.0,0.5585016094754214,1.903685743075752,0.0,39765.0,1.5053989915166213,0.0,0
3.402077828741364,0.9532162698952886,439.0,26246.0,0.5585409225496242,1.903685743075751,0.0,39765.0,1.5053989915166213,0.0,0
3.4021231802062046,0.9532226994578202,440.0,26247.0,0.5585798444519331,1.9036857430757517,0.0,39765.0,1.5053989915166213,0.0,0
3.4021617148288708,0.9532226994578202,441.0,26247.0,0.5586183790745994,1.9036857430757508,0.0,39765.0,1.5053989915166213,0.0,0
3.4021998660254145,0.9532226994578202,442.0,26247.0,0.5586565302711427,1.9036857430757514,0.0,39765.0,1.5053989915166213,0.0,0
3.4022376376110093,0.9532226994578202,443.0,26247.0,0.5586943018567379,1.9036857430757508,0.0,39765.0,1.5053989915166213,0.0,0
3.4022750333628675,0.9532226994578202,444.0,26247.0,0.5587316976085958,1.903685743075751,0.0,39765.0,1.5053989915166213,0.0,0
3.4023120570206133,0.9532226994578202,445.0,26247.0,0.5587687212663424,1.9036857430757508,0.0,39765.0,1.5053989915166213,0.0,0
3.402434273493929,0.9533082606650868,446.0,26248.0,0.5588053765323908,1.903685743075751,0.0,39765.0,1.5053989915166213,0.0,0
3.402470564033852,0.9533082606650868,447.0,26248.0,0.5588416670723143,1.9036857430757503,0.0,39765.0,1.5053989915166213,0.0,0
3.402506493476749,0.9533082606650868,448.0,26248.0,0.558877596515211,1.9036857430757514,0.0,39765.0,1.5053989915166213,0.0,0
3.4025420654156058,0.9533082606650868,449.0,26248.0,0.5589131684540677,1.9036857430757517,0.0,39765.0,1.5053989915166213,0.0,0
3.402683230251743,0.9534142075091714,450.0,26251.0,0.5589483864461199,1.9036857430757512,0.0,39765.0,1.5053989915166213,0.0,0
3.402718097818829,0.9534142075091714,451.0,26251.0,0.5589832540132063,1.9036857430757517,0.0,39765.0,1.5053989915166213,0.0,0
3.4027526184477446,0.9534142075091714,452.0,26251.0,0.5590177746421222,1.9036857430757508,0.0,39765.0,1.5053989915166213,0.0,0
3.4027867955905906,0.9534142075091714,453.0,26251.0,0.5590519517849678,1.903685743075752,0.0,39765.0,1.5053989915166213,0.0,0
3.4030734690466917,0.9536670438907469,454.0,26255.0,0.5590857888594933,1.903685743075751,0.0,39765.0,1.5053989915166213,0.0,0
3.4031069694366405,0.9536670438907469,455.0,26255.0,0.5591192892494419,1.903685743075752,0.0,39765.0,1.5053989915166213,0.0,0
3.4031401364920852,0.9536670438907469,456.0,26255.0,0.5591524563048865,1.9036857430757512,0.0,39765.0,1.5053989915166213,0.0,0
3.4031729735297644,0.9536670438907469,457.0,26255.0,0.5591852933425663,1.9036857430757512,0.0,39765.0,1.5053989915166213,0.0,0
3.403205483833416,0.9536670438907469,458.0,26255.0,0.5592178036462172,1.9036857430757517,0.0,39765.0,1.5053989915166213,0.0,0
3.4032376706541,0.9536670438907469,459.0,26255.0,0.5592499904669018,1.9036857430757517,0.0,39765.0,1.5053989915166213,0.0,0
3.403269537210531,0.9536670438907469,460.0,26255.0,0.5592818570233326,1.9036857430757514,0.0,39765.0,1.5053989915166213,0.0,0
3.4033010866893947,0.9536670438907469,461.0,26255.0,0.5593134065021961,1.9036857430757517,0.0,39765.0,1.5053989915166213,0.0,0
3.403417907767006,0.953752629412085,462.0,26256.0,0.55934464205847,1.903685743075751,0.0,39765.0,1.5053989915166213,0.0,0
3.4034488325242758,0.953752629412085,463.0,26256.0,0.5593755668157389,1.9036857430757517,0.0,39765.0,1.5053989915166213,0.0,0
3.403479449575044,0.953752629412085,464.0,26256.0,0.5594061838665074,1.903685743075751,0.0,39765.0,1.5053989915166213,0.0,0
3.403509761981045,0.953752629412085,465.0,26256.0,0.5594364962725085,1.9036857430757508,0.0,39765.0,1.5053989915166213,0.0,0
3.403539772773547,0.953752629412085,466.0,26256.0,0.5594665070650101,1.9036857430757512,0.0,39765.0,1.5053989915166213,0.0,0
3.4035694849536564,0.953752629412085,467.0,26256.0,0.5594962192451192,1.9036857430757517,0.0,39765.0,1.5053989915166213,0.0,0
3.4036397538492635,0.9537934817687325,468.0,26257.0,0.5595256357840801,1.9036857430757512,0.0,39765.0,1.5053989915166213,0.0,0
3.403668877688756,0.9537934817687325,469.0,26257.0,0.5595547596235726,1.9036857430757508,0.0,39765.0,1.5053989915166213,0.0,0
3.403887752208515,0.9539835222360565,470.0,26261.0,0.5595835936760074,1.903685743075751,0.0,39765.0,1.5053989915166213,0.0,0
3.4039162993573218,0.9539835222360565,471.0,26261.0,0.5596121408248143,1.9036857430757508,0.0,39765.0,1.5053989915166213,0.0,0
3.403944562457241,0.9539835222360565,472.0,26261.0,0.5596404039247337,1.9036857430757512,0.0,39765.0,1.5053989915166213,0.0,0
3.403972544334608,0.9539835222360565,473.0,26261.0,0.5596683858020999,1.9036857430757517,0.0,39765.0,1.5053989915166213,0.0,0
3.4040002477876334,0.9539835222360565,474.0,26261.0,0.5596960892551257,1.9036857430757508,0.0,39765.0,1.5053989915166213,0.0,0
3.404027675586687,0.9539835222360565,475.0,26261.0,0.55972351705418,1.9036857430757506,0.0,39765.0,1.5053989915166213,0.0,0
3.404054830474574,0.9539835222360565,476.0,26261.0,0.559750671942066,1.903685743075752,0.0,39765.0,1.5053989915166213,0.0,0
3.4040908731907904,0.9539926802600422,477.0,26262.0,0.559777556634297,1.9036857430757514,0.0,39765.0,1.5053989915166213,0.0,0
3.404117490375858,0.9539926802600422,478.0,26262.0,0.5598041738193641,1.9036857430757517,0.0,39765.0,1.5053989915166213,0.0,0
3.404184701445559,0.954033538990098,479.0,26263.0,0.5598305261590093,1.9036857430757517,0.0,39765.0,1.5053989915166213,0.0,0
3.404210791575039,0.954033538990098,480.0,26263.0,0.5598566162884892,1.9036857430757512,0.0,39765.0,1.5053989915166213,0.0,0
3.404236622103388,0.954033538990098,481.0,26263.0,0.5598824468168389,1.9036857430757508,0.0,39765.0,1.5053989915166213,0.0,0
3.4047848513854966,0.9545561947619121,482.0,26272.0,0.5599080203271327,1.903685743075752,0.0,39765.0,1.5053989915166213,0.0,0
3.404810170435108,0.9545561947619121,483.0,26272.0,0.559933339376744,1.9036857430757521,0.0,39765.0,1.5053989915166213,0.0,0
3.4048352375559627,0.9545561947619121,484.0,26272.0,0.5599584064975991,1.9036857430757508,0.0,39765.0,1.5053989915166213,0.0,0
3.4048600552547947,0.9545561947619121,485.0,26272.0,0.5599832241964312,1.9036857430757512,0.0,39765.0,1.5053989915166213,0.0,0
3.4048846260133954,0.9545561947619121,486.0,26272.0,0.5600077949550313,1.9036857430757521,0.0,39765.0,1.5053989915166213,0.0,0
3.4049089522888587,0.9545561947619121,487.0,26272.0,0.560032121230496,1.903685743075751,0.0,39765.0,1.5053989915166213,0.0,0
3.4049330365138375,0.9545561947619121,488.0,26272.0,0.5600562054554731,1.9036857430757517,0.0,39765.0,1.5053989915166213,0.0,0
3.404986459843309,0.9545857735084509,489.0,26275.0,0.5600800500384059,1.903685743075752,0.0,39765.0,1.5053989915166213,0.0,0
3.405010067168675,0.9545857735084509,490.0,26275.0,0.5601036573637724,1.9036857430757512,0.0,39765.0,1.5053989915166213,0.0,0
3.4050334395972275,0.9545857735084509,491.0,26275.0,0.5601270297923252,1.9036857430757512,0.0,39765.0,1.5053989915166213,0.0,0
3.4050565794662284,0.9545857735084509,492.0,26275.0,0.5601501696613265,1.9036857430757506,0.0,39765.0,1.5053989915166213,0.0,0
3.4051651185899647,0.9546714030087303,493.0,26276.0,0.5601730792847832,1.9036857430757508,0.0,39765.0,1.5053989915166213,0.0,0
3.4051878002588585,0.9546714030087303,494.0,26276.0,0.5601957609536765,1.9036857430757517,0.0,39765.0,1.5053989915166213,0.0,0
3.4052102562413737,0.9546714030087303,495.0,26276.0,0.5602182169361922,1.9036857430757506,0.0,39765.0,1.5053989915166213,0.0,0
3.4052324887831293,0.9546714030087303,496.0,26276.0,0.5602404494779476,1.9036857430757512,0.0,39765.0,1.5053989915166213,0.0,0
3.405254500107397,0.9546714030087303,497.0,26276.0,0.5602624608022154,1.9036857430757512,0.0,39765.0,1.5053989915166213,0.0,0
3.405276292415328,0.9546714030087303,498.0,26276.0,0.5602842531101465,1.903685743075751,0.0,39765.0,1.5053989915166213,0.0,0
3.4052978678861714,0.9546714030087303,499.0,26276.0,0.5603058285809901,1.9036857430757506,0.0,39765.0,1.5053989915166213,0.0,0
3.405319228677493,0.9546714030087303,500.0,26276.0,0.5603271893723112,1.9036857430757514,0.0,39765.0,1.5053989915166213,0.0,0
3.405435174974819,0.954766201058161,501.0,26278.0,0.5603483376202066,1.9036857430757512,0.0,39765.0,1.5053989915166213,0.0,0
3.405456112794131,0.954766201058161,502.0,26278.0,0.5603692754395191,1.9036857430757508,0.0,39765.0,1.5053989915166213,0.0,0
3.4054768422786608,0.954766201058161,503.0,26278.0,0.5603900049240483,1.9036857430757514,0.0,39765.0,1.5053989915166213,0.0,0
3.4054973655013714,0.954766201058161,504.0,26278.0,0.5604105281467592,1.903685743075751,0.0,39765.0,1.5053989915166213,0.0,0
3.40552530576919,0.9547738223127465,505.0,26279.0,0.5604308471599921,1.9036857430757506,0.0,39765.0,1.5053989915166213,0.0,0
3.405545422604862,0.9547738223127465,506.0,26279.0,0.5604509639956647,1.9036857430757508,0.0,39765.0,1.5053989915166213,0.0,0
3.405565339274675,0.9547738223127465,507.0,26279.0,0.5604708806654778,1.9036857430757508,0.0,39765.0,1.5053989915166213,0.0,0
3.4056259340125052,0.954814698554939,508.0,26280.0,0.5604905991611145,1.9036857430757517,0.0,39765.0,1.5053989915166213,0.0,0
3.4056454563058316,0.954814698554939,509.0,26280.0,0.5605101214544411,1.9036857430757517,0.0,39765.0,1.5053989915166213,0.0,0
3.4056647843490935,0.954814698554939,510.0,26280.0,0.5605294494977034,1.9036857430757508,0.0,39765.0,1.5053989915166213,0.0,0
3.405909809918857,0.9550652949863752,511.0,26285.0,0.5605619892035613,1.9037336176794908,0.0,39764.0,1.5053989915166213,0.0,0
3.405928888195429,0.9550652949863752,512.0,26285.0,0.5605810674801326,1.9037336176794906,0.0,39764.0,1.5053989915166213,0.0,0
3.4059476884083755,0.9550652949863752,513.0,26285.0,0.5605998676930795,1.9037336176794903,0.0,39764.0,1.5053989915166213,0.0,0
3.4062233398444843,0.9553223488202045,514.0,26291.0,0.5606184652953586,1.9037336176794903,0.0,39764.0,1.5053989915166213,0.0,0
3.406241745911901,0.9553223488202045,515.0,26291.0,0.5606368713627758,1.9037336176794903,0.0,39764.0,1.5053989915166213,0.0,0
3.4064637892641816,0.955526172328974,516.0,26296.0,0.5606550912062866,1.9037336176794912,0.0,39764.0,1.5053989915166213,0.0,0
3.4064818260555247,0.955526172328974,517.0,26296.0,0.5606731279976301,1.9037336176794908,0.0,39764.0,1.5053989915166213,0.0,0
3.4065179738651308,0.9555444640330466,518.0,26298.0,0.5606909841031629,1.903733617679491,0.0,39764.0,1.5053989915166213,0.0,0
3.406535651337299,0.9555444640330466,519.0,26298.0,0.5607086615753316,1.9037336176794906,0.0,39764.0,1.5053989915166213,0.0,0
3.4065531520961594,0.9555444640330466,520.0,26298.0,0.5607261623341915,1.9037336176794906,0.0,39764.0,1.5053989915166213,0.0,0
3.4065704779968096,0.9555444640330466,521.0,26298.0,0.5607434882348419,1.9037336176794906,0.0,39764.0,1.5053989915166213,0.0,0
3.4065876308548093,0.9555444640330466,522.0,26298.0,0.5607606410928409,1.9037336176794915,0.0,39764.0,1.5053989915166213,0.0,0
3.4066046124560776,0.9555444640330466,523.0,26298.0,0.5607776226941097,1.9037336176794908,0.0,39764.0,1.5053989915166213,0.0,0
3.4066214245610578,0.9555444640330466,524.0,26298.0,0.5607944347990904,1.9037336176794903,0.0,39764.0,1.5053989915166213,0.0,0
3.4066380689067177,0.9555444640330466,525.0,26298.0,0.5608110791447499,1.9037336176794908,0.0,39764.0,1.5053989915166213,0.0,0
3.4066545472077205,0.9555444640330466,526.0,26298.0,0.5608275574457526,1.9037336176794906,0.0,39764.0,1.5053989915166213,0.0,0
3.406670861157267,0.9555444640330466,527.0,26298.0,0.5608438713952993,1.9037336176794901,0.0,39764.0,1.5053989915166213,0.0,0
3.406687012427776,0.9555444640330466,528.0,26298.0,0.5608600226658084,1.903733617679491,0.0,39764.0,1.5053989915166213,0.0,0
3.4067438933387106,0.9555853547002726,529.0,26299.0,0.5608760129095173,1.9037336176794901,0.0,39764.0,1.5053989915166213,0.0,0
3.40675972418822,0.9555853547002726,530.0,26299.0,0.560891843759026,1.9037336176794908,0.0,39764.0,1.5053989915166213,0.0,0
3.406775397256993,0.9555853547002726,531.0,26299.0,0.5609075168277999,1.9037336176794903,0.0,39764.0,1.5053989915166213,0.0,0
3.406790914139829,0.9555853547002726,532.0,26299.0,0.5609230337106356,1.9037336176794908,0.0,39764.0,1.5053989915166213,0.0,0
3.4068062764132887,0.9555853547002726,533.0,26299.0,0.5609383959840953,1.90373361767949,0.0,39764.0,1.5053989915166213,0.0,0
3.40682148563611,0.9555853547002726,534.0,26299.0,0.5609536052069158,1.9037336176794912,0.0,39764.0,1.5053989915166213,0.0,0
3.40683654334958,0.9555853547002726,535.0,26299.0,0.5609686629203868,1.9037336176794903,0.0,39764.0,1.5053989915166213,0.0,0
3.406851451077904,0.9555853547002726,536.0,26299.0,0.5609835706487097,1.9037336176794908,0.0,39764.0,1.5053989915166213,0.0,0
3.4068662103285288,0.9555853547002726,537.0,26299.0,0.5609983298993355,1.90373361767949,0.0,39764.0,1.5053989915166213,0.0,0
3.4068808225924743,0.9555853547002726,538.0,26299.0,0.5610129421632805,1.9037336176794903,0.0,39764.0,1.5053989915166213,0.0,0
3.4068952893446216,0.9555853547002726,539.0,26299.0,0.5610274089154278,1.9037336176794906,0.0,39764.0,1.5053989915166213,0.0,0
3.4069096120440046,0.9555853547002726,540.0,26299.0,0.5610417316148106,1.903733617679491,0.0,39764.0,1.5053989915166213,0.0,0
3.4069237921340756,0.9555853547002726,541.0,26299.0,0.5610559117048816,1.9037336176794908,0.0,39764.0,1.5053989915166213,0.0,0
3.406937831042963,0.9555853547002726,542.0,26299.0,0.5610699506137697,1.90373361767949,0.0,39764.0,1.5053989915166213,0.0,0
3.4069517301837178,0.9555853547002726,543.0,26299.0,0.5610838497545237,1.9037336176794908,0.0,39764.0,1.5053989915166213,0.0,0
3.406965490954538,0.9555853547002726,544.0,26299.0,0.5610976105253445,1.9037336176794906,0.0,39764.0,1.5053989915166213,0.0,0
3.406979114739003,0.9555853547002726,545.0,26299.0,0.5611112343098094,1.9037336176794903,0.0,39764.0,1.5053989915166213,0.0,0
3.406992602906277,0.9555853547002726,546.0,26299.0,0.5611247224770836,1.903733617679491,0.0,39764.0,1.5053989915166213,0.0,0
3.407005956811319,0.9555853547002726,547.0,26299.0,0.5611380763821253,1.9037336176794906,0.0,39764.0,1.5053989915166213,0.0,0
3.4070191777950782,0.9555853547002726,548.0,26299.0,0.561151297365884,1.9037336176794908,0.0,39764.0,1.5053989915166213,0.0,0
3.4070322671846824,0.9555853547002726,549.0,26299.0,0.561164386755489,1.9037336176794901,0.0,39764.0,1.5053989915166213,0.0,0
3.407045226293625,0.9555853547002726,550.0,26299.0,0.561177345864431,1.9037336176794903,0.0,39764.0,1.5053989915166213,0.0,0
3.4070580564219357,0.9555853547002726,551.0,26299.0,0.561190175992742,1.9037336176794908,0.0,39764.0,1.5053989915166213,0.0,0
3.4070707588563574,0.9555853547002726,552.0,26299.0,0.5612028784271639,1.9037336176794906,0.0,39764.0,1.5053989915166213,0.0,0
3.4070833348705087,0.9555853547002726,553.0,26299.0,0.5612154544413152,1.9037336176794908,0.0,39764.0,1.5053989915166213,0.0,0
3.4070957857250455,0.9555853547002726,554.0,26299.0,0.5612279052958521,1.9037336176794903,0.0,39764.0,1.5053989915166213,0.0,0
3.407108112667819,0.9555853547002726,555.0,26299.0,0.5612402322386254,1.9037336176794895,0.0,39764.0,1.5053989915166213,0.0,0
3.4071203169340265,0.9555853547002726,556.0,26299.0,0.5612524365048326,1.9037336176794908,0.0,39764.0,1.5053989915166213,0.0,0
3.4071323997463594,0.9555853547002726,557.0,26299.0,0.5612645193171654,1.9037336176794908,0.0,39764.0,1.5053989915166213,0.0,0
3.40714436231515,0.9555853547002726,558.0,26299.0,0.5612764818859559,1.9037336176794912,0.0,39764.0,1.5053989915166213,0.0,0
3.407156205838511,0.9555853547002726,559.0,26299.0,0.561288325409318,1.9037336176794903,0.0,39764.0,1.5053989915166213,0.0,0
3.407167931502477,0.9555853547002726,560.0,26299.0,0.5613000510732838,1.903733617679491,0.0,39764.0,1.5053989915166213,0.0,0
3.4072204368202477,0.9556262510393846,561.0,26300.0,0.5613116600519422,1.9037336176794903,0.0,39764.0,1.5053989915166213,0.0,0
3.4072319302758736,0.9556262510393846,562.0,26300.0,0.5613231535075681,1.90373361767949,0.0,39764.0,1.5053989915166213,0.0,0
3.407243309359061,0.9556262510393846,563.0,26300.0,0.5613345325907547,1.9037336176794903,0.0,39764.0,1.5053989915166213,0.0,0
3.4072545752088454,0.9556262510393846,564.0,26300.0,0.5613457984405401,1.90373361767949,0.0,39764.0,1.5053989915166213,0.0,0
3.4072657289528374,0.9556262510393846,565.0,26300.0,0.5613569521845314,1.9037336176794912,0.0,39764.0,1.5053989915166213,0.0,0
3.4072767717073353,0.9556262510393846,566.0,26300.0,0.5613679949390299,1.9037336176794906,0.0,39764.0,1.5053989915166213,0.0,0
3.407287704577455,0.9556262510393846,567.0,26300.0,0.5613789278091496,1.90373361767949,0.0,39764.0,1.5053989915166213,0.0,0
3.4072985286572433,0.9556262510393846,568.0,26300.0,0.5613897518889372,1.9037336176794906,0.0,39764.0,1.5053989915166213,0.0,0
3.4073092450297953,0.9556262510393846,569.0,26300.0,0.5614004682614896,1.9037336176794903,0.0,39764.0,1.5053989915166213,0.0,0
3.407319854767373,0.9556262510393846,570.0,26300.0,0.5614110779990673,1.9037336176794908,0.0,39764.0,1.5053989915166213,0.0,0
3.4073303589315147,0.9556262510393846,571.0,26300.0,0.5614215821632091,1.9037336176794908,0.0,39764.0,1.5053989915166213,0.0,0
3.4073407585731483,0.9556262510393846,572.0,26300.0,0.5614319818048432,1.9037336176794903,0.0,39764.0,1.5053989915166213,0.0,0
3.4073510547327035,0.9556262510393846,573.0,26300.0,0.5614422779643979,1.9037336176794903,0.0,39764.0,1.5053989915166213,0.0,0
3.4073612484402154,0.9556262510393846,574.0,26300.0,0.5614524716719103,1.9037336176794895,0.0,39764.0,1.5053989915166213,0.0,0
3.4073713407154376,0.9556262510393846,575.0,26300.0,0.5614625639471316,1.9037336176794903,0.0,39764.0,1.5053989915166213,0.0,0
3.407381332567942,0.9556262510393846,576.0,26300.0,0.5614725557996357,1.9037336176794915,0.0,39764.0,1.5053989915166213,0.0,0
3.4075626066844573,0.9557976327266146,577.0,26302.0,0.5614824482289212,1.9037336176794903,0.0,39764.0,1.5053989915166213,0.0,0
3.407572400680051,0.9557976327266146,578.0,26302.0,0.5614922422245157,1.9037336176794908,0.0,39764.0,1.5053989915166213,0.0,0
3.4075820972216118,0.9557976327266146,579.0,26302.0,0.5615019387660761,1.9037336176794901,0.0,39764.0,1.5053989915166213,0.0,0
3.4078300052821917,0.9560359407297792,580.0,26306.0,0.5615115388234915,1.9037336176794912,0.0,39764.0,1.5053989915166213,0.0,0
3.4078395098156795,0.9560359407297792,581.0,26306.0,0.5615210433569797,1.9037336176794895,0.0,39764.0,1.5053989915166213,0.0,0
3.407953219894229,0.9561402408481201,582.0,26308.0,0.5615304533171879,1.9037336176794908,0.0,39764.0,1.5053989915166213,0.0,0
3.40832757377847,0.9565052784042621,583.0,26314.0,0.5615397696452864,1.9037336176794908,0.0,39764.0,1.5053989915166213,0.0,0
3.408336797406252,0.9565052784042621,584.0,26314.0,0.5615489932730684,1.9037336176794912,0.0,39764.0,1.5053989915166213,0.0,0
3.4083459292562237,0.9565052784042621,585.0,26314.0,0.5615581251230409,1.9037336176794895,0.0,39764.0,1.5053989915166213,0.0,0
3.4083549702417035,0.9565052784042621,586.0,26314.0,0.5615671661085204,1.9037336176794906,0.0,39764.0,1.5053989915166213,0.0,0
3.4083639212669086,0.9565052784042621,587.0,26314.0,0.5615761171337259,1.90373361767949,0.0,39764.0,1.5053989915166213,0.0,0
3.4083727832270516,0.9565052784042621,588.0,26314.0,0.5615849790938687,1.9037336176794903,0.0,39764.0,1.5053989915166213,0.0,0
3.408381557008427,0.9565052784042621,589.0,26314.0,0.5615937528752444,1.9037336176794903,0.0,39764.0,1.5053989915166213,0.0,0
3.408390243488504,0.9565052784042621,590.0,26314.0,0.5616024393553211,1.90373361767949,0.0,39764.0,1.5053989915166213,0.0,0
3.408398843536012,0.9565052784042621,591.0,26314.0,0.5616110394028294,1.9037336176794908,0.0,39764.0,1.5053989915166213,0.0,0
3.408407358011033,0.9565052784042621,592.0,26314.0,0.5616195538778495,1.9037336176794908,0.0,39764.0,1.5053989915166213,0.0,0
3.408415787765081,0.9565052784042621,593.0,26314.0,0.5616279836318978,1.9037336176794903,0.0,39764.0,1.5053989915166213,0.0,0
3.4084241336411956,0.9565052784042621,594.0,26314.0,0.5616363295080123,1.9037336176794901,0.0,39764.0,1.5053989915166213,0.0,0
3.408432396474021,0.9565052784042621,595.0,26314.0,0.561644592340838,1.9037336176794895,0.0,39764.0,1.5053989915166213,0.0,0
3.408440577089894,0.9565052784042621,596.0,26314.0,0.5616527729567109,1.9037336176794908,0.0,39764.0,1.5053989915166213,0.0,0
3.4084486763069233,0.9565052784042621,597.0,26314.0,0.5616608721737404,1.9037336176794908,0.0,39764.0,1.5053989915166213,0.0,0
3.408456694935076,0.9565052784042621,598.0,26314.0,0.5616688908018923,1.9037336176794912,0.0,39764.0,1.5053989915166213,0.0,0
3.4084646337762536,0.9565052784042621,599.0,26314.0,0.5616768296430705,1.9037336176794903,0.0,39764.0,1.5053989915166213,0.0,0
3.4084724936243793,0.9565052784042621,600.0,26314.0,0.5616846894911959,1.9037336176794912,0.0,39764.0,1.5053989915166213,0.0,0
3.4084802752654704,0.9565052784042621,601.0,26314.0,0.5616924711322876,1.9037336176794901,0.0,39764.0,1.5053989915166213,0.0,0
3.408487979477724,0.9565052784042621,602.0,26314.0,0.5617001753445409,1.90373361767949,0.0,39764.0,1.5053989915166213,0.0,0
3.4084956070315897,0.9565052784042621,603.0,26314.0,0.5617078028984068,1.9037336176794895,0.0,39764.0,1.5053989915166213,0.0,0
3.4085031586898507,0.9565052784042621,604.0,26314.0,0.5617153545566673,1.9037336176794906,0.0,39764.0,1.5053989915166213,0.0,0
3.4085106352076964,0.9565052784042621,605.0,26314.0,0.5617228310745128,1.9037336176794908,0.0,39764.0,1.5053989915166213,0.0,0
3.4085180373328012,0.9565052784042621,606.0,26314.0,0.5617302331996186,1.9037336176794906,0.0,39764.0,1.5053989915166213,0.0,0
3.408525365805401,0.9565052784042621,607.0,26314.0,0.561737561672218,1.9037336176794903,0.0,39764.0,1.5053989915166213,0.0,0
3.4085326213583613,0.9565052784042621,608.0,26314.0,0.5617448172251785,1.9037336176794892,0.0,39764.0,1.5053989915166213,0.0,0
3.4085398047172566,0.9565052784042621,609.0,26314.0,0.5617520005840739,1.9037336176794901,0.0,39764.0,1.5053989915166213,0.0,0
3.4085469166004403,0.9565052784042621,610.0,26314.0,0.5617591124672571,1.9037336176794903,0.0,39764.0,1.5053989915166213,0.0,0
3.408553957719116,0.9565052784042621,611.0,26314.0,0.5617661535859327,1.9037336176794908,0.0,39764.0,1.5053989915166213,0.0,0
3.408560928777411,0.9565052784042621,612.0,26314.0,0.5617731246442276,1.9037336176794912,0.0,39764.0,1.5053989915166213,0.0,0
3.408567830472445,0.9565052784042621,613.0,26314.0,0.561780026339262,1.90373361767949,0.0,39764.0,1.5053989915166213,0.0,0
3.4085746634944014,0.9565052784042621,614.0,26314.0,0.5617868593612181,1.90373361767949,0.0,39764.0,1.5053989915166213,0.0,0
3.4085814285265945,0.9565052784042621,615.0,26314.0,0.5617936243934114,1.9037336176794901,0.0,39764.0,1.5053989915166213,0.0,0
3.4085881262455398,0.9565052784042621,616.0,26314.0,0.5618003221123563,1.9037336176794908,0.0,39764.0,1.5053989915166213,0.0,0
3.4085947573210196,0.9565052784042621,617.0,26314.0,0.5618069531878362,1.9037336176794901,0.0,39764.0,1.5053989915166213,0.0,0
3.408601322416153,0.9565052784042621,618.0,26314.0,0.5618135182829694,1.9037336176794903,0.0,39764.0,1.5053989915166213,0.0,0
3.408619068513154,0.9565165247299586,619.0,26315.0,0.561820018054275,1.9037336176794901,0.0,39764.0,1.5053989915166213,0.0,0
3.40862550361062,0.9565165247299586,620.0,26315.0,0.5618264531517397,1.9037336176794912,0.0,39764.0,1.5053989915166213,0.0,0
3.4086318746777624,0.9565165247299586,621.0,26315.0,0.5618328242188828,1.9037336176794903,0.0,39764.0,1.5053989915166213,0.0,0
3.4086381823516994,0.9565165247299586,622.0,26315.0,0.5618391318928194,1.9037336176794906,0.0,39764.0,1.5053989915166213,0.0,0
3.408644427263205,0.9565165247299586,623.0,26315.0,0.5618453768043252,1.9037336176794908,0.0,39764.0,1.5053989915166213,0.0,0
3.408650610036779,0.9565165247299586,624.0,26315.0,0.5618515595778999,1.9037336176794901,0.0,39764.0,1.5053989915166213,0.0,0
3.408656731290707,0.9565165247299586,625.0,26315.0,0.5618576808318276,1.9037336176794906,0.0,39764.0,1.5053989915166213,0.0,0
3.408662791637121,0.9565165247299586,626.0,26315.0,0.5618637411782414,1.9037336176794908,0.0,39764.0,1.5053989915166213,0.0,0
3.408668791682063,0.9565165247299586,627.0,26315.0,0.5618697412231832,1.9037336176794903,0.0,39764.0,1.5053989915166213,0.0,0
3.4087604545859076,0.9566022472903215,628.0,26316.0,0.5618756815666645,1.903733617679491,0.0,39764.0,1.5053989915166213,0.0,0
3.4087663358219684,0.9566022472903215,629.0,26316.0,0.5618815628027262,1.9037336176794903,0.0,39764.0,1.5053989915166213,0.0,0
3.40877215853874,0.9566022472903215,630.0,26316.0,0.5618873855194979,1.9037336176794892,0.0,39764.0,1.5053989915166213,0.0,0
3.4087779233185005,0.9566022472903215,631.0,26316.0,0.561893150299258,1.9037336176794906,0.0,39764.0,1.5053989915166213,0.0,0
3.408783630737733,0.9566022472903215,632.0,26316.0,0.5618988577184901,1.9037336176794903,0.0,39764.0,1.5053989915166213,0.0,0
3.4087892813671847,0.9566022472903215,633.0,26316.0,0.5619045083479428,1.90373361767949,0.0,39764.0,1.5053989915166213,0.0,0
3.408794875771926,0.9566022472903215,634.0,26316.0,0.5619101027526839,1.9037336176794895,0.0,39764.0,1.5053989915166213,0.0,0
3.4088004145114015,0.9566022472903215,635.0,26316.0,0.5619156414921599,1.9037336176794888,0.0,39764.0,1.5053989915166213,0.0,0
3.4088106461891003,0.9566069953399302,636.0,26317.0,0.5619211251202499,1.90373361767949,0.0,39764.0,1.5053989915166213,0.0,0
3.408816075254174,0.9566069953399302,637.0,26317.0,0.5619265541853226,1.9037336176794912,0.0,39764.0,1.5053989915166213,0.0,0
3.4088214502991403,0.9566069953399302,638.0,26317.0,0.5619319292302892,1.9037336176794908,0.0,39764.0,1.5053989915166213,0.0,0
3.40882677186151,0.9566069953399302,639.0,26317.0,0.5619372507926592,1.9037336176794903,0.0,39764.0,1.5053989915166213,0.0,0
3.408832040473446,0.9566069953399302,640.0,26317.0,0.5619425194045943,1.903733617679491,0.0,39764.0,1.5053989915166213,0.0,0
3.408837256661812,0.9566069953399302,641.0,26317.0,0.5619477355929603,1.9037336176794906,0.0,39764.0,1.5053989915166213,0.0,0
3.4088424209482318,0.9566069953399302,642.0,26317.0,0.561952899879381,1.9037336176794895,0.0,39764.0,1.5053989915166213,0.0,0
3.408847533849141,0.9566069953399302,643.0,26317.0,0.5619580127802896,1.9037336176794908,0.0,39764.0,1.5053989915166213,0.0,0
3.408852595875832,0.9566069953399302,644.0,26317.0,0.561963074806981,1.90373361767949,0.0,39764.0,1.5053989915166213,0.0,0
3.408857607534513,0.9566069953399302,645.0,26317.0,0.5619680864656622,1.9037336176794906,0.0,39764.0,1.5053989915166213,0.0,0
3.4088625693263555,0.9566069953399302,646.0,26317.0,0.5619730482575038,1.9037336176794912,0.0,39764.0,1.5053989915166213,0.0,0
3.4088674817475404,0.9566069953399302,647.0,26317.0,0.5619779606786893,1.9037336176794903,0.0,39764.0,1.5053989915166213,0.0,0
3.4088723452893164,0.9566069953399302,648.0,26317.0,0.561982824220465,1.9037336176794908,0.0,39764.0,1.5053989915166213,0.0,0
3.4088771604380406,0.9566069953399302,649.0,26317.0,0.5619876393691896,1.9037336176794901,0.0,39764.0,1.5053989915166213,0.0,0
3.4088819276752336,0.9566069953399302,650.0,26317.0,0.5619924066063823,1.9037336176794912,0.0,39764.0,1.5053989915166213,0.0,0
3.4088866474776216,0.9566069953399302,651.0,26317.0,0.5619971264087705,1.9037336176794908,0.0,39764.0,1.5053989915166213,0.0,0
3.4088913203171898,0.9566069953399302,652.0,26317.0,0.5620017992483388,1.9037336176794906,0.0,39764.0,1.5053989915166213,0.0,0
3.408895946661227,0.9566069953399302,653.0,26317.0,0.5620064255923755,1.9037336176794915,0.0,39764.0,1.5053989915166213,0.0,0
3.4089005269723693,0.9566069953399302,654.0,26317.0,0.5620110059035184,1.9037336176794903,0.0,39764.0,1.5053989915166213,0.0,0
3.408905061708654,0.9566069953399302,655.0,26317.0,0.5620155406398027,1.9037336176794906,0.0,39764.0,1.5053989915166213,0.0,0
3.408909551323557,0.9566069953399302,656.0,26317.0,0.5620200302547065,1.9037336176794903,0.0,39764.0,1.5053989915166213,0.0,0
3.4089139962660453,0.9566069953399302,657.0,26317.0,0.5620244751971947,1.9037336176794901,0.0,39764.0,1.5053989915166213,0.0,0
3.408918396980616,0.9566069953399302,658.0,26317.0,0.5620288759117653,1.9037336176794901,0.0,39764.0,1.5053989915166213,0.0,0
3.4089227539073446,0.9566069953399302,659.0,26317.0,0.5620332328384935,1.9037336176794908,0.0,39764.0,1.5053989915166213,0.0,0
3.4089270674819274,0.9566069953399302,660.0,26317.0,0.5620375464130757,1.9037336176794906,0.0,39764.0,1.5053989915166213,0.0,0
3.4089313381357242,0.9566069953399302,661.0,26317.0,0.5620418170668732,1.9037336176794903,0.0,39764.0,1.5053989915166213,0.0,0
3.408935566295806,0.9566069953399302,662.0,26317.0,0.5620460452269548,1.9037336176794895,0.0,39764.0,1.5053989915166213,0.0,0
3.4089397523849914,0.9566069953399302,663.0,26317.0,0.5620502313161404,1.9037336176794901,0.0,39764.0,1.5053989915166213,0.0,0
3.408943896821893,0.9566069953399302,664.0,26317.0,0.5620543757530421,1.9037336176794903,0.0,39764.0,1.5053989915166213,0.0,0
3.408948000020958,0.9566069953399302,665.0,26317.0,0.5620584789521071,1.90373361767949,0.0,39764.0,1.5053989915166213,0.0,0
3.4089520623925096,0.9566069953399302,666.0,26317.0,0.562062541323659,1.9037336176794903,0.0,39764.0,1.5053989915166213,0.0,0
3.4089560843427895,0.9566069953399302,667.0,26317.0,0.5620665632739381,1.9037336176794906,0.0,39764.0,1.5053989915166213,0.0,0
3.4089600662739947,0.9566069953399302,668.0,26317.0,0.562070545205143,1.9037336176794906,0.0,39764.0,1.5053989915166213,0.0,0
3.408964008584322,0.9566069953399302,669.0,26317.0,0.5620744875154705,1.9037336176794906,0.0,39764.0,1.5053989915166213,0.0,0
3.408967911668005,0.9566069953399302,670.0,26317.0,0.5620783905991543,1.9037336176794903,0.0,39764.0,1.5053989915166213,0.0,0
3.408971775915357,0.9566069953399302,671.0,26317.0,0.5620822548465063,1.90373361767949,0.0,39764.0,1.5053989915166213,0.0,0
3.4089756017128052,0.9566069953399302,672.0,26317.0,0.5620860806439545,1.9037336176794895,0.0,39764.0,1.5053989915166213,0.0,0
3.4089793894429334,0.9566069953399302,673.0,26317.0,0.5620898683740821,1.9037336176794912,0.0,39764.0,1.5053989915166213,0.0,0
3.409087474128072,0.9567113299834862,674.0,26319.0,0.562093618415665,1.9037336176794903,0.0,39764.0,1.5053989915166213,0.0,0
3.409091186856118,0.9567113299834862,675.0,26319.0,0.5620973311437104,1.9037336176794906,0.0,39764.0,1.5053989915166213,0.0,0
3.409094862641902,0.9567113299834862,676.0,26319.0,0.5621010069294946,1.9037336176794908,0.0,39764.0,1.5053989915166213,0.0,0
3.4090985018530064,0.9567113299834862,677.0,26319.0,0.5621046461405985,1.9037336176794912,0.0,39764.0,1.5053989915166213,0.0,0
3.4091021048533543,0.9567113299834862,678.0,26319.0,0.5621082491409474,1.9037336176794903,0.0,39764.0,1.5053989915166213,0.0,0
3.4091056720032507,0.9567113299834862,679.0,26319.0,0.5621118162908436,1.9037336176794903,0.0,39764.0,1.5053989915166213,0.0,0
3.4091092036594124,0.9567113299834862,680.0,26319.0,0.5621153479470049,1.903733617679491,0.0,39764.0,1.5053989915166213,0.0,0
3.409112700175008,0.9567113299834862,681.0,26319.0,0.5621188444626005,1.9037336176794906,0.0,39764.0,1.5053989915166213,0.0,0
3.4091161618996915,0.9567113299834862,682.0,26319.0,0.5621223061872844,1.9037336176794901,0.0,39764.0,1.5053989915166213,0.0,0
3.4093002300529958,0.9568919708568429,683.0,26322.0,0.5621257334672323,1.9037336176794901,0.0,39764.0,1.5053989915166213,0.0,0
3.4093036232309384,0.9568919708568429,684.0,26322.0,0.5621291266451746,1.9037336176794908,0.0,39764.0,1.5053989915166213,0.0,0
3.4093069826461964,0.9568919708568429,685.0,26322.0,0.5621324860604322,1.9037336176794908,0.0,39764.0,1.5053989915166213,0.0,0
3.4093103086347134,0.9568919708568429,686.0,26322.0,0.5621358120489496,1.9037336176794908,0.0,39764.0,1.5053989915166213,0.0,0
3.4093136015290924,0.9568919708568429,687.0,26322.0,0.5621391049433282,1.9037336176794906,0.0,39764.0,1.5053989915166213,0.0,0
3.4093168616586245,0.9568919708568429,688.0,26322.0,0.5621423650728602,1.9037336176794908,0.0,39764.0,1.5053989915166213,0.0,0
3.4093200893493254,0.9568919708568429,689.0,26322.0,0.5621455927635614,1.9037336176794912,0.0,39764.0,1.5053989915166213,0.0,0
3.4093232849239676,0.9568919708568429,690.0,26322.0,0.5621487883382035,1.9037336176794903,0.0,39764.0,1.5053989915166213,0.0,0
3.4093264487021107,0.9568919708568429,691.0,26322.0,0.5621519521163466,1.9037336176794903,0.0,39764.0,1.5053989915166213,0.0,0
3.409329581000135,0.9568919708568429,692.0,26322.0,0.562155084414371,1.903733617679491,0.0,39764.0,1.5053989915166213,0.0,0
3.4093326821312733,0.9568919708568429,693.0,26322.0,0.5621581855455094,1.9037336176794908,0.0,39764.0,1.5053989915166213,0.0,0
3.409335752405641,0.9568919708568429,694.0,26322.0,0.5621612558198774,1.90373361767949,0.0,39764.0,1.5053989915166213,0.0,0
3.409338792130269,0.9568919708568429,695.0,26322.0,0.5621642955445051,1.9037336176794903,0.0,39764.0,1.5053989915166213,0.0,0
3.409341801609131,0.9568919708568429,696.0,26322.0,0.5621673050233671,1.9037336176794903,0.0,39764.0,1.5053989915166213,0.0,0
3.409351224555032,0.9568984142686969,697.0,26323.0,0.5621702845574145,1.9037336176794895,0.0,39764.0,1.5053989915166213,0.0,0
3.4093541744422207,0.9568984142686969,698.0,26323.0,0.5621732344446025,1.9037336176794903,0.0,39764.0,1.5053989915166213,0.0,0
3.4093570949775405,0.9568984142686969,699.0,26323.0,0.5621761549799223,1.9037336176794908,0.0,39764.0,1.5053989915166213,0.0,0
3.410844641211061,0.9584326583112313,700.0,26350.0,0.562205894705456,1.9038293741111427,0.0,39762.0,1.5053989915166213,0.0,0
3.410847766409595,0.9584326583112313,701.0,26350.0,0.5622090199039894,1.9038293741111425,0.0,39762.0,1.5053989915166213,0.0,0
3.4108506862026156,0.9584326583112313,702.0,26350.0,0.562211939697011,1.9038293741111425,0.0,39762.0,1.5053989915166213,0.0,0
3.410853546228959,0.9584326583112313,703.0,26350.0,0.5622147997233542,1.9038293741111423,0.0,39762.0,1.5053989915166213,0.0,0
3.4108563649819996,0.9584326583112313,704.0,26350.0,0.5622176184763944,1.9038293741111425,0.0,39762.0,1.5053989915166213,0.0,0
3.4108591495998373,0.9584326583112313,705.0,26350.0,0.5622204030942322,1.9038293741111427,0.0,39762.0,1.5053989915166213,0.0,0
3.4108619030277154,0.9584326583112313,706.0,26350.0,0.5622231565221105,1.9038293741111423,0.0,39762.0,1.5053989915166213,0.0,0
3.410864626652797,0.9584326583112313,707.0,26350.0,0.5622258801471915,1.9038293741111423,0.0,39762.0,1.5053989915166213,0.0,0
3.410867321274779,0.9584326583112313,708.0,26350.0,0.5622285747691738,1.9038293741111432,0.0,39762.0,1.5053989915166213,0.0,0
3.4108699874641815,0.9584326583112313,709.0,26350.0,0.5622312409585766,1.9038293741111425,0.0,39762.0,1.5053989915166213,0.0,0
3.410872625695251,0.9584326583112313,710.0,26350.0,0.5622338791896457,1.9038293741111432,0.0,39762.0,1.5053989915166213,0.0,0
3.4108752363958446,0.9584326583112313,711.0,26350.0,0.56223648989024,1.9038293741111423,0.0,39762.0,1.5053989915166213,0.0,0
3.4108778199666934,0.9584326583112313,712.0,26350.0,0.5622390734610883,1.903829374111143,0.0,39762.0,1.5053989915166213,0.0,0
3.4108803767892955,0.9584326583112313,713.0,26350.0,0.5622416302836911,1.9038293741111416,0.0,39762.0,1.5053989915166213,0.0,0
3.410882907229574,0.9584326583112313,714.0,26350.0,0.5622441607239689,1.9038293741111423,0.0,39762.0,1.5053989915166213,0.0,0
3.4108854116398826,0.9584326583112313,715.0,26350.0,0.5622466651342782,1.9038293741111425,0.0,39762.0,1.5053989915166213,0.0,0
3.410887890360364,0.9584326583112313,716.0,26350.0,0.5622491438547589,1.9038293741111427,0.0,39762.0,1.5053989915166213,0.0,0
3.410890343719995,0.9584326583112313,717.0,26350.0,0.5622515972143897,1.903829374111143,0.0,39762.0,1.5053989915166213,0.0,0
3.410892772037476,0.9584326583112313,718.0,26350.0,0.5622540255318719,1.903829374111142,0.0,39762.0,1.5053989915166213,0.0,0
3.4108951756220174,0.9584326583112313,719.0,26350.0,0.5622564291164127,1.9038293741111423,0.0,39762.0,1.5053989915166213,0.0,0
3.4108975547740332,0.9584326583112313,720.0,26350.0,0.5622588082684279,1.903829374111143,0.0,39762.0,1.5053989915166213,0.0,0
3.410899909785779,0.9584326583112313,721.0,26350.0,0.5622611632801738,1.903829374111143,0.0,39762.0,1.5053989915166213,0.0,0
3.4109022409419256,0.9584326583112313,722.0,26350.0,0.5622634944363204,1.903829374111143,0.0,39762.0,1.5053989915166213,0.0,0
3.410904548520079,0.9584326583112313,723.0,26350.0,0.5622658020144734,1.9038293741111427,0.0,39762.0,1.5053989915166213,0.0,0
3.410906832791253,0.9584326583112313,724.0,26350.0,0.562268086285648,1.9038293741111425,0.0,39762.0,1.5053989915166213,0.0,0
3.4109090940203015,0.9584326583112313,725.0,26350.0,0.5622703475146964,1.903829374111143,0.0,39762.0,1.5053989915166213,0.0,0
3.410911332466306,0.9584326583112313,726.0,26350.0,0.5622725859607014,1.9038293741111427,0.0,39762.0,1.5053989915166213,0.0,0
3.410913548382935,0.9584326583112313,727.0,26350.0,0.5622748018773304,1.903829374111142,0.0,39762.0,1.5053989915166213,0.0,0
3.4109157420187657,0.9584326583112313,728.0,26350.0,0.5622769955131607,1.9038293741111423,0.0,39762.0,1.5053989915166213,0.0,0
3.4109179136175785,0.9584326583112313,729.0,26350.0,0.5622791671119738,1.9038293741111423,0.0,39762.0,1.5053989915166213,0.0,0
3.4109200634186276,0.9584326583112313,730.0,26350.0,0.5622813169130226,1.9038293741111427,0.0,39762.0,1.5053989915166213,0.0,0
3.410922191656885,0.9584326583112313,731.0,26350.0,0.5622834451512796,1.9038293741111425,0.0,39762.0,1.5053989915166213,0.0,0
3.410924298563263,0.9584326583112313,732.0,26350.0,0.5622855520576577,1.9038293741111432,0.0,39762.0,1.5053989915166213,0.0,0
3.4109263843648217,0.9584326583112313,733.0,26350.0,0.5622876378592158,1.903829374111143,0.0,39762.0,1.5053989915166213,0.0,0
3.41092844928495,0.9584326583112313,734.0,26350.0,0.5622897027793445,1.9038293741111425,0.0,39762.0,1.5053989915166213,0.0,0
3.4109304935435425,0.9584326583112313,735.0,26350.0,0.5622917470379373,1.9038293741111425,0.0,39762.0,1.5053989915166213,0.0,0
3.4109325173571508,0.9584326583112313,736.0,26350.0,0.5622937708515456,1.9038293741111427,0.0,39762.0,1.5053989915166213,0.0,0
3.4109345209391293,0.9584326583112313,737.0,26350.0,0.5622957744335237,1.9038293741111425,0.0,39762.0,1.5053989915166213,0.0,0
3.4109365044997633,0.9584326583112313,738.0,26350.0,0.562297757994158,1.903829374111142,0.0,39762.0,1.5053989915166213,0.0,0
3.4109384682463935,0.9584326583112313,739.0,26350.0,0.5622997217407885,1.903829374111143,0.0,39762.0,1.5053989915166213,0.0,0
3.4109404123835225,0.9584326583112313,740.0,26350.0,0.562301665877918,1.903829374111142,0.0,39762.0,1.5053989915166213,0.0,0
3.410942337112921,0.9584326583112313,741.0,26350.0,0.5623035906073162,1.9038293741111416,0.0,39762.0,1.5053989915166213,0.0,0
3.410944242633717,0.9584326583112313,742.0,26350.0,0.5623054961281118,1.903829374111142,0.0,39762.0,1.5053989915166213,0.0,0
3.4109461291424843,0.9584326583112313,743.0,26350.0,0.5623073826368791,1.903829374111143,0.0,39762.0,1.5053989915166213,0.0,0
3.410947996833323,0.9584326583112313,744.0,26350.0,0.5623092503277184,1.9038293741111427,0.0,39762.0,1.5053989915166213,0.0,0
3.4109498458979353,0.9584326583112313,745.0,26350.0,0.5623110993923298,1.9038293741111434,0.0,39762.0,1.5053989915166213,0.0,0
3.4109516765256873,0.9584326583112313,746.0,26350.0,0.562312930020082,1.903829374111142,0.0,39762.0,1.5053989915166213,0.0,0
3.410953488903679,0.9584326583112313,747.0,26350.0,0.5623147423980746,1.9038293741111418,0.0,39762.0,1.5053989915166213,0.0,0
3.410955283216804,0.9584326583112313,748.0,26350.0,0.5623165367111987,1.903829374111143,0.0,39762.0,1.5053989915166213,0.0,0
3.410957059647797,0.9584326583112313,749.0,26350.0,0.5623183131421923,1.9038293741111425,0.0,39762.0,1.5053989915166213,0.0,0
3.410958818377294,0.9584326583112313,750.0,26350.0,0.562320071871689,1.9038293741111432,0.0,39762.0,1.5053989915166213,0.0,0
3.4109605595838732,0.9584326583112313,751.0,26350.0,0.5623218130782687,1.9038293741111416,0.0,39762.0,1.5053989915166213,0.0,0
3.410962283444106,0.9584326583112313,752.0,26350.0,0.5623235369385012,1.9038293741111423,0.0,39762.0,1.5053989915166213,0.0,0
3.4109639901325943,0.9584326583112313,753.0,26350.0,0.5623252436269894,1.9038293741111418,0.0,39762.0,1.5053989915166213,0.0,0
3.410965679822013,0.9584326583112313,754.0,26350.0,0.5623269333164076,1.9038293741111427,0.0,39762.0,1.5053989915166213,0.0,0
3.410967352683144,0.9584326583112313,755.0,26350.0,0.5623286061775393,1.9038293741111416,0.0,39762.0,1.5053989915166213,0.0,0
3.4109690088849183,0.9584326583112313,756.0,26350.0,0.5623302623793132,1.9038293741111427,0.0,39762.0,1.5053989915166213,0.0,0
3.4109706485944407,0.9584326583112313,757.0,26350.0,0.5623319020888354,1.9038293741111425,0.0,39762.0,1.5053989915166213,0.0,0
3.410972271977027,0.9584326583112313,758.0,26350.0,0.5623335254714216,1.9038293741111427,0.0,39762.0,1.5053989915166213,0.0,0
3.410973879196232,0.9584326583112313,759.0,26350.0,0.5623351326906272,1.903829374111142,0.0,39762.0,1.5053989915166213,0.0,0
3.4109754704138804,0.9584326583112313,760.0,26350.0,0.5623367239082749,1.9038293741111434,0.0,39762.0,1.5053989915166213,0.0,0
3.4112538698328407,0.9587094823539835,761.0,26356.0,0.5623382992844834,1.9038293741111425,0.0,39762.0,1.5053989915166213,0.0,0
3.41125542952605,0.9587094823539835,762.0,26356.0,0.5623398589776923,1.9038293741111434,0.0,39762.0,1.5053989915166213,0.0,0
3.4112569736930443,0.9587094823539835,763.0,26356.0,0.562341403144687,1.9038293741111425,0.0,39762.0,1.5053989915166213,0.0,0
3.41125850248898,0.9587094823539835,764.0,26356.0,0.5623429319406225,1.903829374111143,0.0,39762.0,1.5053989915166213,0.0,0
3.4112600160674034,0.9587094823539835,765.0,26356.0,0.5623444455190469,1.9038293741111416,0.0,39762.0,1.5053989915166213,0.0,0
3.4112615145802803,0.9587094823539835,766.0,26356.0,0.5623459440319231,1.9038293741111425,0.0,39762.0,1.5053989915166213,0.0,0
3.4112629981780063,0.9587094823539835,767.0,26356.0,0.5623474276296495,1.9038293741111425,0.0,39762.0,1.5053989915166213,0.0,0
3.411264467009439,0.9587094823539835,768.0,26356.0,0.5623488964610817,1.9038293741111425,0.0,39762.0,1.5053989915166213,0.0,0
3.4112659212219083,0.9587094823539835,769.0,26356.0,0.562350350673551,1.9038293741111427,0.0,39762.0,1.5053989915166213,0.0,0
3.411267360961242,0.9587094823539835,770.0,26356.0,0.5623517904128847,1.903829374111142,0.0,39762.0,1.5053989915166213,0.0,0
3.411268786371781,0.9587094823539835,771.0,26356.0,0.5623532158234241,1.9038293741111427,0.0,39762.0,1.5053989915166213,0.0,0
3.4112701975963993,0.9587094823539835,772.0,26356.0,0.5623546270480424,1.9038293741111418,0.0,39762.0,1.5053989915166213,0.0,0
3.41127159477652,0.9587094823539835,773.0,26356.0,0.5623560242281633,1.903829374111142,0.0,39762.0,1.5053989915166213,0.0,0
3.4112729780521343,0.9587094823539835,774.0,26356.0,0.5623574075037766,1.903829374111143,0.0,39762.0,1.5053989915166213,0.0,0
3.411274347561814,0.9587094823539835,775.0,26356.0,0.5623587770134576,1.9038293741111425,0.0,39762.0,1.5053989915166213,0.0,0
3.4112757034427363,0.9587094823539835,776.0,26356.0,0.5623601328943797,1.9038293741111418,0.0,39762.0,1.5053989915166213,0.0,0
3.4112770458306896,0.9587094823539835,777.0,26356.0,0.5623614752823329,1.9038293741111416,0.0,39762.0,1.5053989915166213,0.0,0
3.411278374860096,0.9587094823539835,778.0,26356.0,0.562362804311739,1.9038293741111425,0.0,39762.0,1.5053989915166213,0.0,0
3.411279690664024,0.9587094823539835,779.0,26356.0,0.5623641201156673,1.903829374111142,0.0,39762.0,1.5053989915166213,0.0,0
3.411280993374204,0.9587094823539835,780.0,26356.0,0.5623654228258472,1.9038293741111416,0.0,39762.0,1.5053989915166213,0.0,0
3.4112822831210434,0.9587094823539835,781.0,26356.0,0.5623667125726858,1.9038293741111425,0.0,39762.0,1.5053989915166213,0.0,0
3.4113163662051087,0.958742288525454,782.0,26358.0,0.562367989485281,1.9038293741111425,0.0,39762.0,1.5053989915166213,0.0,0
3.411317630411263,0.958742288525454,783.0,26358.0,0.5623692536914353,1.9038293741111427,0.0,39762.0,1.5053989915166213,0.0,0
3.4113188820374973,0.958742288525454,784.0,26358.0,0.56237050531767,1.9038293741111423,0.0,39762.0,1.5053989915166213,0.0,0
3.411320121209067,0.958742288525454,785.0,26358.0,0.5623717444892391,1.9038293741111425,0.0,39762.0,1.5053989915166213,0.0,0
3.4113213480499702,0.958742288525454,786.0,26358.0,0.5623729713301423,1.9038293741111423,0.0,39762.0,1.5053989915166213,0.0,0
3.4113225626829666,0.958742288525454,787.0,26358.0,0.5623741859631392,1.9038293741111425,0.0,39762.0,1.5053989915166213,0.0,0
3.411323765229589,0.958742288525454,788.0,26358.0,0.5623753885097604,1.9038293741111436,0.0,39762.0,1.5053989915166213,0.0,0
3.41132495581015,0.958742288525454,789.0,26358.0,0.5623765790903226,1.9038293741111416,0.0,39762.0,1.5053989915166213,0.0,0
3.411326134543766,0.958742288525454,790.0,26358.0,0.562377757823939,1.9038293741111416,0.0,39762.0,1.5053989915166213,0.0,0
3.411327301548362,0.958742288525454,791.0,26358.0,0.5623789248285338,1.903829374111143,0.0,39762.0,1.5053989915166213,0.0,0
3.411328456940681,0.958742288525454,792.0,26358.0,0.5623800802208533,1.903829374111142,0.0,39762.0,1.5053989915166213,0.0,0
3.4113296008363068,0.958742288525454,793.0,26358.0,0.5623812241164785,1.9038293741111427,0.0,39762.0,1.5053989915166213,0.0,0
3.411330733349664,0.958742288525454,794.0,26358.0,0.5623823566298363,1.9038293741111425,0.0,39762.0,1.5053989915166213,0.0,0
3.41133185459404,0.958742288525454,795.0,26358.0,0.5623834778742123,1.9038293741111425,0.0,39762.0,1.5053989915166213,0.0,0
3.411332964681589,0.958742288525454,796.0,26358.0,0.5623845879617617,1.903829374111142,0.0,39762.0,1.5053989915166213,0.0,0
3.4113340637233494,0.958742288525454,797.0,26358.0,0.5623856870035214,1.9038293741111423,0.0,39762.0,1.5053989915166213,0.0,0
3.41133515182925,0.958742288525454,798.0,26358.0,0.5623867751094215,1.9038293741111434,0.0,39762.0,1.5053989915166213,0.0,0
3.4113403591233937,0.9587464185407242,799.0,26359.0,0.5623878523882957,1.9038293741111432,0.0,39762.0,1.5053989915166213,0.0,0
3.4113414256829904,0.9587464185407242,800.0,26359.0,0.5623889189478924,1.9038293741111425,0.0,39762.0,1.5053989915166213,0.0,0
3.4113424816299847,0.9587464185407242,801.0,26359.0,0.5623899748948873,1.9038293741111425,0.0,39762.0,1.5053989915166213,0.0,0
3.411343527069989,0.9587464185407242,802.0,26359.0,0.5623910203348921,1.9038293741111418,0.0,39762.0,1.5053989915166213,0.0,0
3.411344562107565,0.9587464185407242,803.0,26359.0,0.5623920553724665,1.9038293741111438,0.0,39762.0,1.5053989915166213,0.0,0
3.411345586846227,0.9587464185407242,804.0,26359.0,0.5623930801111293,1.903829374111142,0.0,39762.0,1.5053989915166213,0.0,0
3.411346601388465,0.9587464185407242,805.0,26359.0,0.5623940946533664,1.903829374111143,0.0,39762.0,1.5053989915166213,0.0,0
3.4113476058357426,0.9587464185407242,806.0,26359.0,0.5623950991006451,1.903829374111142,0.0,39762.0,1.5053989915166213,0.0,0
3.411348600288518,0.9587464185407242,807.0,26359.0,0.5623960935534198,1.903829374111143,0.0,39762.0,1.5053989915166213,0.0,0
3.4113495848462443,0.9587464185407242,808.0,26359.0,0.5623970781111464,1.9038293741111425,0.0,39762.0,1.5053989915166213,0.0,0
3.4113505596073876,0.9587464185407242,809.0,26359.0,0.5623980528722896,1.9038293741111427,0.0,39762.0,1.5053989915166213,0.0,0
3.411351524669431,0.9587464185407242,810.0,26359.0,0.5623990179343334,1.903829374111142,0.0,39762.0,1.5053989915166213,0.0,0
3.41135248012889,0.9587464185407242,811.0,26359.0,0.5623999733937921,1.903829374111143,0.0,39762.0,1.5053989915166213,0.0,0
3.4113534260813156,0.9587464185407242,812.0,26359.0,0.5624009193462179,1.903829374111143,0.0,39762.0,1.5053989915166213,0.0,0
3.4113543626213105,0.9587464185407242,813.0,26359.0,0.5624018558862127,1.9038293741111423,0.0,39762.0,1.5053989915166213,0.0,0
3.411355289842534,0.9587464185407242,814.0,26359.0,0.5624027831074359,1.903829374111142,0.0,39762.0,1.5053989915166213,0.0,0
3.411356207837713,0.9587464185407242,815.0,26359.0,0.5624037011026155,1.903829374111142,0.0,39762.0,1.5053989915166213,0.0,0
3.4113571166986536,0.9587464185407242,816.0,26359.0,0.5624046099635551,1.903829374111143,0.0,39762.0,1.5053989915166213,0.0,0
3.411358016516243,0.9587464185407242,817.0,26359.0,0.562405509781146,1.9038293741111414,0.0,39762.0,1.5053989915166213,0.0,0
3.4113589073804715,0.9587464185407242,818.0,26359.0,0.5624064006453732,1.903829374111143,0.0,39762.0,1.5053989915166213,0.0,0
3.4113597893804255,0.9587464185407242,819.0,26359.0,0.5624072826453278,1.9038293741111425,0.0,39762.0,1.5053989915166213,0.0,0
3.4113606626043103,0.9587464185407242,820.0,26359.0,0.5624081558692123,1.903829374111143,0.0,39762.0,1.5053989915166213,0.0,0
3.4113615271394506,0.9587464185407242,821.0,26359.0,0.5624090204043529,1.903829374111143,0.0,39762.0,1.5053989915166213,0.0,0
3.411362383072303,0.9587464185407242,822.0,26359.0,0.562409876337206,1.9038293741111418,0.0,39762.0,1.5053989915166213,0.0,0
3.4113632304884653,0.9587464185407242,823.0,26359.0,0.5624107237533676,1.903829374111142,0.0,39762.0,1.5053989915166213,0.0,0
3.41136406947268,0.9587464185407242,824.0,26359.0,0.5624115627375816,1.903829374111143,0.0,39762.0,1.5053989915166213,0.0,0
3.4113649001088473,0.9587464185407242,825.0,26359.0,0.5624123933737493,1.903829374111143,0.0,39762.0,1.5053989915166213,0.0,0
3.411365722480033,0.9587464185407242,826.0,26359.0,0.5624132157449356,1.9038293741111425,0.0,39762.0,1.5053989915166213,0.0,0
3.4113665366684787,0.9587464185407242,827.0,26359.0,0.5624140299333807,1.9038293741111427,0.0,39762.0,1.5053989915166213,0.0,0
3.4113673427556033,0.9587464185407242,828.0,26359.0,0.5624148360205048,1.903829374111143,0.0,39762.0,1.5053989915166213,0.0,0
3.4113681408220167,0.9587464185407242,829.0,26359.0,0.5624156340869184,1.9038293741111434,0.0,39762.0,1.5053989915166213,0.0,0
3.4113689309475275,0.9587464185407242,830.0,26359.0,0.5624164242124302,1.903829374111142,0.0,39762.0,1.5053989915166213,0.0,0
3.411369713211151,0.9587464185407242,831.0,26359.0,0.5624172064760536,1.903829374111142,0.0,39762.0,1.5053989915166213,0.0,0
3.4113704876911144,0.9587464185407242,832.0,26359.0,0.5624179809560169,1.9038293741111423,0.0,39762.0,1.5053989915166213,0.0,0
3.411371254464867,0.9587464185407242,833.0,26359.0,0.5624187477297693,1.9038293741111425,0.0,39762.0,1.5053989915166213,0.0,0
3.4113720136090873,0.9587464185407242,834.0,26359.0,0.5624195068739898,1.903829374111142,0.0,39762.0,1.5053989915166213,0.0,0
3.4113727651996917,0.9587464185407242,835.0,26359.0,0.5624202584645939,1.9038293741111427,0.0,39762.0,1.5053989915166213,0.0,0
3.41137350931184,0.9587464185407242,836.0,26359.0,0.5624210025767415,1.9038293741111432,0.0,39762.0,1.5053989915166213,0.0,0
3.411374246019944,0.9587464185407242,837.0,26359.0,0.5624217392848457,1.9038293741111423,0.0,39762.0,1.5053989915166213,0.0,0
3.4113749753976754,0.9587464185407242,838.0,26359.0,0.5624224686625775,1.903829374111142,0.0,39762.0,1.5053989915166213,0.0,0
3.411604881210438,0.9589756022331877,839.0,26364.0,0.5624231907828765,1.9038293741111425,0.0,39762.0,1.5053989915166213,0.0,0
3.4116055961455167,0.9589756022331877,840.0,26364.0,0.562423905717955,1.9038293741111425,0.0,39762.0,1.5053989915166213,0.0,0
3.411606303966869,0.9589756022331877,841.0,26364.0,0.5624246135393078,1.9038293741111423,0.0,39762.0,1.5053989915166213,0.0,0
3.4116070047452793,0.9589756022331877,842.0,26364.0,0.5624253143177178,1.9038293741111423,0.0,39762.0,1.5053989915166213,0.0,0
3.4116076985508257,0.9589756022331877,843.0,26364.0,0.5624260081232639,1.9038293741111425,0.0,39762.0,1.5053989915166213,0.0,0
3.411608385452889,0.9589756022331877,844.0,26364.0,0.5624266950253273,1.903829374111142,0.0,39762.0,1.5053989915166213,0.0,0
3.4116090655201607,0.9589756022331877,845.0,26364.0,0.5624273750925992,1.9038293741111425,0.0,39762.0,1.5053989915166213,0.0,0
3.4116097388206477,0.9589756022331877,846.0,26364.0,0.5624280483930865,1.9038293741111423,0.0,39762.0,1.5053989915166213,0.0,0
3.411610405421682,0.9589756022331877,847.0,26364.0,0.5624287149941207,1.9038293741111418,0.0,39762.0,1.5053989915166213,0.0,0
3.411611065389924,0.9589756022331877,848.0,26364.0,0.5624293749623623,1.9038293741111425,0.0,39762.0,1.5053989915166213,0.0,0
3.4116117187913706,0.9589756022331877,849.0,26364.0,0.5624300283638094,1.903829374111142,0.0,39762.0,1.5053989915166213,0.0,0
3.4116123656913633,0.9589756022331877,850.0,26364.0,0.5624306752638015,1.9038293741111423,0.0,39762.0,1.5053989915166213,0.0,0
3.411613006154592,0.9589756022331877,851.0,26364.0,0.5624313157270306,1.9038293741111427,0.0,39762.0,1.5053989915166213,0.0,0
3.411613640245104,0.9589756022331877,852.0,26364.0,0.562431949817543,1.9038293741111427,0.0,39762.0,1.5053989915166213,0.0,0
3.4116142680263097,0.9589756022331877,853.0,26364.0,0.5624325775987483,1.903829374111142,0.0,39762.0,1.5053989915166213,0.0,0
3.4116148895609872,0.9589756022331877,854.0,26364.0,0.5624331991334259,1.9038293741111418,0.0,39762.0,1.5053989915166213,0.0,0
3.4116155049112904,0.9589756022331877,855.0,26364.0,0.5624338144837291,1.9038293741111425,0.0,39762.0,1.5053989915166213,0.0,0
3.4116161141387553,0.9589756022331877,856.0,26364.0,0.5624344237111938,1.903829374111143,0.0,39762.0,1.5053989915166213,0.0,0
3.411616717304305,0.9589756022331877,857.0,26364.0,0.5624350268767437,1.9038293741111425,0.0,39762.0,1.5053989915166213,0.0,0
3.411617314468256,0.9589756022331877,858.0,26364.0,0.5624356240406952,1.9038293741111423,0.0,39762.0,1.5053989915166213,0.0,0
3.411617905690327,0.9589756022331877,859.0,26364.0,0.5624362152627658,1.903829374111142,0.0,39762.0,1.5053989915166213,0.0,0
3.411618491029639,0.9589756022331877,860.0,26364.0,0.5624368006020781,1.9038293741111416,0.0,39762.0,1.5053989915166213,0.0,0
3.411619070544728,0.9589756022331877,861.0,26364.0,0.5624373801171664,1.9038293741111427,0.0,39762.0,1.5053989915166213,0.0,0
3.4116196442935443,0.9589756022331877,862.0,26364.0,0.5624379538659832,1.903829374111142,0.0,39762.0,1.5053989915166213,0.0,0
3.4116202123334642,0.9589756022331877,863.0,26364.0,0.562438521905903,1.9038293741111425,0.0,39762.0,1.5053989915166213,0.0,0
3.411620774721293,0.9589756022331877,864.0,26364.0,0.5624390842937314,1.9038293741111425,0.0,39762.0,1.5053989915166213,0.0,0
3.4116213315132686,0.9589756022331877,865.0,26364.0,0.5624396410857071,1.9038293741111425,0.0,39762.0,1.5053989915166213,0.0,0
3.4116218827650715,0.9589756022331877,866.0,26364.0,0.5624401923375099,1.9038293741111427,0.0,39762.0,1.5053989915166213,0.0,0
3.411622428531826,0.9589756022331877,867.0,26364.0,0.5624407381042648,1.903829374111142,0.0,39762.0,1.5053989915166213,0.0,0
3.411622968868112,0.9589756022331877,868.0,26364.0,0.5624412784405501,1.903829374111143,0.0,39762.0,1.5053989915166213,0.0,0
3.4116235038279603,0.9589756022331877,869.0,26364.0,0.5624418134003993,1.903829374111142,0.0,39762.0,1.5053989915166213,0.0,0
3.4116240334648698,0.9589756022331877,870.0,26364.0,0.5624423430373089,1.9038293741111418,0.0,39762.0,1.5053989915166213,0.0,0
3.411624557831804,0.9589756022331877,871.0,26364.0,0.5624428674042427,1.9038293741111425,0.0,39762.0,1.5053989915166213,0.0,0
3.4116250769812,0.9589756022331877,872.0,26364.0,0.5624433865536387,1.903829374111143,0.0,39762.0,1.5053989915166213,0.0,0
3.411625590964973,0.9589756022331877,873.0,26364.0,0.5624439005374114,1.9038293741111423,0.0,39762.0,1.5053989915166213,0.0,0
3.4116260998345216,0.9589756022331877,874.0,26364.0,0.5624444094069604,1.9038293741111416,0.0,39762.0,1.5053989915166213,0.0,0
3.411626603640734,0.9589756022331877,875.0,26364.0,0.5624449132131725,1.903829374111143,0.0,39762.0,1.5053989915166213,0.0,0
3.41162710243399,0.9589756022331877,876.0,26364.0,0.5624454120064288,1.9038293741111418,0.0,39762.0,1.5053989915166213,0.0,0
3.411627596264171,0.9589756022331877,877.0,26364.0,0.5624459058366093,1.9038293741111427,0.0,39762.0,1.5053989915166213,0.0,0
3.4116280851806584,0.9589756022331877,878.0,26364.0,0.5624463947530974,1.9038293741111425,0.0,39762.0,1.5053989915166213,0.0,0
3.4116285692323465,0.9589756022331877,879.0,26364.0,0.5624468788047848,1.9038293741111425,0.0,39762.0,1.5053989915166213,0.0,0
3.4116290484676393,0.9589756022331877,880.0,26364.0,0.5624473580400778,1.903829374111143,0.0,39762.0,1.5053989915166213,0.0,0
3.4116295229344615,0.9589756022331877,881.0,26364.0,0.5624478325068996,1.9038293741111434,0.0,39762.0,1.5053989915166213,0.0,0
3.41162999268026,0.9589756022331877,882.0,26364.0,0.5624483022526977,1.9038293741111427,0.0,39762.0,1.5053989915166213,0.0,0
3.411630457752009,0.9589756022331877,883.0,26364.0,0.5624487673244472,1.903829374111143,0.0,39762.0,1.5053989915166213,0.0,0
3.4116309181962166,0.9589756022331877,884.0,26364.0,0.562449227768655,1.903829374111143,0.0,39762.0,1.5053989915166213,0.0,0
3.4116313740589286,0.9589756022331877,885.0,26364.0,0.5624496836313666,1.903829374111143,0.0,39762.0,1.5053989915166213,0.0,0
3.4116318253857303,0.9589756022331877,886.0,26364.0,0.5624501349581684,1.9038293741111432,0.0,39762.0,1.5053989915166213,0.0,0
3.4116322722217554,0.9589756022331877,887.0,26364.0,0.5624505817941936,1.9038293741111425,0.0,39762.0,1.5053989915166213,0.0,0
3.4116327146116876,0.9589756022331877,888.0,26364.0,0.5624510241841258,1.9038293741111425,0.0,39762.0,1.5053989915166213,0.0,0
3.4116331525997663,0.9589756022331877,889.0,26364.0,0.5624514621722045,1.903829374111143,0.0,39762.0,1.5053989915166213,0.0,0
3.41163358622979,0.9589756022331877,890.0,26364.0,0.5624518958022292,1.9038293741111425,0.0,39762.0,1.5053989915166213,0.0,0
3.411634015545124,0.9589756022331877,891.0,26364.0,0.562452325117563,1.903829374111142,0.0,39762.0,1.5053989915166213,0.0,0
3.4116344405887,0.9589756022331877,892.0,26364.0,0.5624527501611378,1.9038293741111434,0.0,39762.0,1.5053989915166213,0.0,0
3.4116348614030194,0.9589756022331877,893.0,26364.0,0.5624531709754585,1.9038293741111418,0.0,39762.0,1.5053989915166213,0.0,0
3.411635278030168,0.9589756022331877,894.0,26364.0,0.5624535876026068,1.903829374111143,0.0,39762.0,1.5053989915166213,0.0,0
3.411635690511807,0.9589756022331877,895.0,26364.0,0.5624540000842452,1.903829374111143,0.0,39762.0,1.5053989915166213,0.0,0
3.4116360988891845,0.9589756022331877,896.0,26364.0,0.5624544084616232,1.903829374111142,0.0,39762.0,1.5053989915166213,0.0,0
3.4116365032031397,0.9589756022331877,897.0,26364.0,0.5624548127755781,1.9038293741111427,0.0,39762.0,1.5053989915166213,0.0,0
3.411636903494103,0.9589756022331877,898.0,26364.0,0.5624552130665422,1.9038293741111427,0.0,39762.0,1.5053989915166213,0.0,0
3.411637299802106,0.9589756022331877,899.0,26364.0,0.5624556093745442,1.9038293741111427,0.0,39762.0,1.5053989915166213,0.0,0
3.4116376921667775,0.9589756022331877,900.0,26364.0,0.5624560017392162,1.903829374111143,0.0,39762.0,1.5053989915166213,0.0,0
3.4116380806273554,0.9589756022331877,901.0,26364.0,0.5624563901997943,1.9038293741111425,0.0,39762.0,1.5053989915166213,0.0,0
3.4116384652226865,0.9589756022331877,902.0,26364.0,0.5624567747951248,1.903829374111143,0.0,39762.0,1.5053989915166213,0.0,0
3.41163884599123,0.9589756022331877,903.0,26364.0,0.5624571555636682,1.903829374111143,0.0,39762.0,1.5053989915166213,0.0,0
3.411639222971062,0.9589756022331877,904.0,26364.0,0.562457532543501,1.9038293741111425,0.0,39762.0,1.5053989915166213,0.0,0
3.4116395961998833,0.9589756022331877,905.0,26364.0,0.5624579057723219,1.903829374111143,0.0,39762.0,1.5053989915166213,0.0,0
3.411639965715015,0.9589756022331877,906.0,26364.0,0.562458275287454,1.903829374111142,0.0,39762.0,1.5053989915166213,0.0,0
3.4116403315534103,0.9589756022331877,907.0,26364.0,0.5624586411258491,1.9038293741111425,0.0,39762.0,1.5053989915166213,0.0,0
3.4116406937516524,0.9589756022331877,908.0,26364.0,0.5624590033240912,1.9038293741111425,0.0,39762.0,1.5053989915166213,0.0,0
3.411641052345962,0.9589756022331877,909.0,26364.0,0.5624593619184006,1.9038293741111425,0.0,39762.0,1.5053989915166213,0.0,0
3.411641407372198,0.9589756022331877,910.0,26364.0,0.5624597169446373,1.903829374111142,0.0,39762.0,1.5053989915166213,0.0,0
3.411641758865865,0.9589756022331877,911.0,26364.0,0.5624600684383035,1.9038293741111425,0.0,39762.0,1.5053989915166213,0.0,0
3.4116421068621112,0.9589756022331877,912.0,26364.0,0.5624604164345496,1.903829374111143,0.0,39762.0,1.5053989915166213,0.0,0
3.4116424513957364,0.9589756022331877,913.0,26364.0,0.5624607609681751,1.903829374111142,0.0,39762.0,1.5053989915166213,0.0,0
3.4116427925011945,0.9589756022331877,914.0,26364.0,0.5624611020736338,1.9038293741111416,0.0,39762.0,1.5053989915166213,0.0,0
3.4116431302125974,0.9589756022331877,915.0,26364.0,0.5624614397850363,1.9038293741111425,0.0,39762.0,1.5053989915166213,0.0,0
3.411643464563716,0.9589756022331877,916.0,26364.0,0.5624617741361543,1.9038293741111425,0.0,39762.0,1.5053989915166213,0.0,0
3.411643795587985,0.9589756022331877,917.0,26364.0,0.5624621051604232,1.903829374111143,0.0,39762.0,1.5053989915166213,0.0,0
3.4116441233185064,0.9589756022331877,918.0,26364.0,0.5624624328909456,1.9038293741111416,0.0,39762.0,1.5053989915166213,0.0,0
3.4116444477880554,0.9589756022331877,919.0,26364.0,0.5624627573604947,1.9038293741111425,0.0,39762.0,1.5053989915166213,0.0,0
3.4116447690290794,0.9589756022331877,920.0,26364.0,0.5624630786015177,1.9038293741111434,0.0,39762.0,1.5053989915166213,0.0,0
3.4116450870737007,0.9589756022331877,921.0,26364.0,0.5624633966461393,1.903829374111143,0.0,39762.0,1.5053989915166213,0.0,0
3.4116454019537255,0.9589756022331877,922.0,26364.0,0.562463711526164,1.903829374111142,0.0,39762.0,1.5053989915166213,0.0,0
3.4116457137006413,0.9589756022331877,923.0,26364.0,0.5624640232730801,1.903829374111142,0.0,39762.0,1.5053989915166213,0.0,0
3.411646022345624,0.9589756022331877,924.0,26364.0,0.5624643319180623,1.9038293741111425,0.0,39762.0,1.5053989915166213,0.0,0
3.4116463279195375,0.9589756022331877,925.0,26364.0,0.5624646374919762,1.9038293741111425,0.0,39762.0,1.5053989915166213,0.0,0
3.4116466304529394,0.9589756022331877,926.0,26364.0,0.5624649400253783,1.9038293741111423,0.0,39762.0,1.5053989915166213,0.0,0
3.4116469299760843,0.9589756022331877,927.0,26364.0,0.5624652395485231,1.9038293741111425,0.0,39762.0,1.5053989915166213,0.0,0
3.4116472265189235,0.9589756022331877,928.0,26364.0,0.5624655360913626,1.903829374111142,0.0,39762.0,1.5053989915166213,0.0,0
3.411647520111113,0.9589756022331877,929.0,26364.0,0.5624658296835516,1.9038293741111427,0.0,39762.0,1.5053989915166213,0.0,0
3.411647810782011,0.9589756022331877,930.0,26364.0,0.5624661203544497,1.9038293741111425,0.0,39762.0,1.5053989915166213,0.0,0
3.4116480985606845,0.9589756022331877,931.0,26364.0,0.5624664081331239,1.903829374111142,0.0,39762.0,1.5053989915166213,0.0,0
3.4116483834759137,0.9589756022331877,932.0,26364.0,0.5624666930483522,1.9038293741111425,0.0,39762.0,1.5053989915166213,0.0,0
3.411648665556189,0.9589756022331877,933.0,26364.0,0.562466975128627,1.9038293741111434,0.0,39762.0,1.5053989915166213,0.0,0
3.4116489448297167,0.9589756022331877,934.0,26364.0,0.562467254402156,1.9038293741111416,0.0,39762.0,1.5053989915166213,0.0,0
3.411649221324428,0.9589756022331877,935.0,26364.0,0.5624675308968669,1.903829374111142,0.0,39762.0,1.5053989915166213,0.0,0
3.4116494950679703,0.9589756022331877,936.0,26364.0,0.5624678046404094,1.9038293741111418,0.0,39762.0,1.5053989915166213,0.0,0
3.4116497660877196,0.9589756022331877,937.0,26364.0,0.5624680756601583,1.9038293741111425,0.0,39762.0,1.5053989915166213,0.0,0
3.411650034410777,0.9589756022331877,938.0,26364.0,0.5624683439832158,1.9038293741111425,0.0,39762.0,1.5053989915166213,0.0,0
3.4116503000639753,0.9589756022331877,939.0,26364.0,0.5624686096364139,1.9038293741111427,0.0,39762.0,1.5053989915166213,0.0,0
3.41165056307388,0.9589756022331877,940.0,26364.0,0.5624688726463187,1.9038293741111425,0.0,39762.0,1.5053989915166213,0.0,0
3.411650823466792,0.9589756022331877,941.0,26364.0,0.5624691330392313,1.9038293741111412,0.0,39762.0,1.5053989915166213,0.0,0
3.411651081268752,0.9589756022331877,942.0,26364.0,0.5624693908411907,1.903829374111142,0.0,39762.0,1.5053989915166213,0.0,0
3.4116513365055394,0.9589756022331877,943.0,26364.0,0.5624696460779781,1.9038293741111425,0.0,39762.0,1.5053989915166213,0.0,0
3.4116515892026786,0.9589756022331877,944.0,26364.0,0.5624698987751174,1.9038293741111425,0.0,39762.0,1.5053989915166213,0.0,0
3.4116518393854385,0.9589756022331877,945.0,26364.0,0.5624701489578777,1.9038293741111423,0.0,39762.0,1.5053989915166213,0.0,0
3.411652087078839,0.9589756022331877,946.0,26364.0,0.562470396651278,1.9038293741111423,0.0,39762.0,1.5053989915166213,0.0,0
3.411652332307649,0.9589756022331877,947.0,26364.0,0.5624706418800876,1.9038293741111427,0.0,39762.0,1.5053989915166213,0.0,0
3.4116525750963915,0.9589756022331877,948.0,26364.0,0.5624708846688302,1.903829374111142,0.0,39762.0,1.5053989915166213,0.0,0
3.4116528154693455,0.9589756022331877,949.0,26364.0,0.562471125041784,1.903829374111143,0.0,39762.0,1.5053989915166213,0.0,0
3.4116530534505483,0.9589756022331877,950.0,26364.0,0.5624713630229873,1.9038293741111423,0.0,39762.0,1.5053989915166213,0.0,0
3.4116532890637994,0.9589756022331877,951.0,26364.0,0.5624715986362377,1.9038293741111425,0.0,39762.0,1.5053989915166213,0.0,0
3.4116535223326587,0.9589756022331877,952.0,26364.0,0.5624718319050975,1.9038293741111425,0.0,39762.0,1.5053989915166213,0.0,0
3.4116537532804543,0.9589756022331877,953.0,26364.0,0.562472062852893,1.903829374111142,0.0,39762.0,1.5053989915166213,0.0,0
3.411653981930281,0.9589756022331877,954.0,26364.0,0.5624722915027198,1.903829374111142,0.0,39762.0,1.5053989915166213,0.0,0
3.4116542083050043,0.9589756022331877,955.0,26364.0,0.5624725178774427,1.9038293741111427,0.0,39762.0,1.5053989915166213,0.0,0
3.411654432427261,0.9589756022331877,956.0,26364.0,0.5624727419996995,1.9038293741111423,0.0,39762.0,1.5053989915166213,0.0,0
3.4116546543194635,0.9589756022331877,957.0,26364.0,0.5624729638919026,1.9038293741111418,0.0,39762.0,1.5053989915166213,0.0,0
3.4116548740038026,0.9589756022331877,958.0,26364.0,0.5624731835762413,1.903829374111142,0.0,39762.0,1.5053989915166213,0.0,0
3.411655091502246,0.9589756022331877,959.0,26364.0,0.5624734010746844,1.903829374111143,0.0,39762.0,1.5053989915166213,0.0,0
3.4116553068365434,0.9589756022331877,960.0,26364.0,0.5624736164089817,1.903829374111143,0.0,39762.0,1.5053989915166213,0.0,0
3.411655520028229,0.9589756022331877,961.0,26364.0,0.5624738296006674,1.9038293741111425,0.0,39762.0,1.5053989915166213,0.0,0
3.4116557310986213,0.9589756022331877,962.0,26364.0,0.56247404067106,1.9038293741111425,0.0,39762.0,1.5053989915166213,0.0,0
3.411655940068828,0.9589756022331877,963.0,26364.0,0.562474249641267,1.9038293741111427,0.0,39762.0,1.5053989915166213,0.0,0
3.411656146959747,0.9589756022331877,964.0,26364.0,0.5624744565321859,1.903829374111142,0.0,39762.0,1.5053989915166213,0.0,0
3.4116563517920673,0.9589756022331877,965.0,26364.0,0.5624746613645056,1.9038293741111425,0.0,39762.0,1.5053989915166213,0.0,0
3.4116565545862705,0.9589756022331877,966.0,26364.0,0.5624748641587098,1.903829374111142,0.0,39762.0,1.5053989915166213,0.0,0
3.4116567553626393,0.9589756022331877,967.0,26364.0,0.5624750649350779,1.9038293741111425,0.0,39762.0,1.5053989915166213,0.0,0
3.411656954141249,0.9589756022331877,968.0,26364.0,0.562475263713688,1.9038293741111425,0.0,39762.0,1.5053989915166213,0.0,0
3.411657150941979,0.9589756022331877,969.0,26364.0,0.5624754605144175,1.903829374111143,0.0,39762.0,1.5053989915166213,0.0,0
3.4116573457845085,0.9589756022331877,970.0,26364.0,0.5624756553569472,1.9038293741111425,0.0,39762.0,1.5053989915166213,0.0,0
3.4116575386883228,0.9589756022331877,971.0,26364.0,0.5624758482607614,1.9038293741111427,0.0,39762.0,1.5053989915166213,0.0,0
3.411657729672712,0.9589756022331877,972.0,26364.0,0.5624760392451503,1.9038293741111425,0.0,39762.0,1.5053989915166213,0.0,0
3.411657918756774,0.9589756022331877,973.0,26364.0,0.562476228329213,1.903829374111142,0.0,39762.0,1.5053989915166213,0.0,0
3.411658105959419,0.9589756022331877,974.0,26364.0,0.5624764155318578,1.9038293741111423,0.0,39762.0,1.5053989915166213,0.0,0
3.4116582912993665,0.9589756022331877,975.0,26364.0,0.5624766008718051,1.9038293741111425,0.0,39762.0,1.5053989915166213,0.0,0
3.411658474795151,0.9589756022331877,976.0,26364.0,0.5624767843675894,1.9038293741111427,0.0,39762.0,1.5053989915166213,0.0,0
3.411658656465122,0.9589756022331877,977.0,26364.0,0.5624769660375598,1.9038293741111425,0.0,39762.0,1.5053989915166213,0.0,0
3.4116588363274456,0.9589756022331877,978.0,26364.0,0.562477145899884,1.9038293741111427,0.0,39762.0,1.5053989915166213,0.0,0
3.411659014400109,0.9589756022331877,979.0,26364.0,0.5624773239725483,1.9038293741111416,0.0,39762.0,1.5053989915166213,0.0,0
3.411659190700921,0.9589756022331877,980.0,26364.0,0.5624775002733596,1.9038293741111432,0.0,39762.0,1.5053989915166213,0.0,0
3.41165936524751,0.9589756022331877,981.0,26364.0,0.5624776748199488,1.903829374111142,0.0,39762.0,1.5053989915166213,0.0,0
3.4116595380573314,0.9589756022331877,982.0,26364.0,0.56247784762977,1.903829374111143,0.0,39762.0,1.5053989915166213,0.0,0
3.411659709147667,0.9589756022331877,983.0,26364.0,0.5624780187201054,1.9038293741111432,0.0,39762.0,1.5053989915166213,0.0,0
3.411659878535625,0.9589756022331877,984.0,26364.0,0.562478188108063,1.9038293741111432,0.0,39762.0,1.5053989915166213,0.0,0
3.411660046238144,0.9589756022331877,985.0,26364.0,0.5624783558105825,1.9038293741111425,0.0,39762.0,1.5053989915166213,0.0,0
3.411660212271996,0.9589756022331877,986.0,26364.0,0.5624785218444339,1.9038293741111432,0.0,39762.0,1.5053989915166213,0.0,0
3.4116603766537823,0.9589756022331877,987.0,26364.0,0.5624786862262211,1.9038293741111423,0.0,39762.0,1.5053989915166213,0.0,0
3.4116605393999437,0.9589756022331877,988.0,26364.0,0.5624788489723821,1.903829374111143,0.0,39762.0,1.5053989915166213,0.0,0
3.4116607005267534,0.9589756022331877,989.0,26364.0,0.5624790100991919,1.9038293741111425,0.0,39762.0,1.5053989915166213,0.0,0
3.4116608600503238,0.9589756022331877,990.0,26364.0,0.5624791696227628,1.9038293741111425,0.0,39762.0,1.5053989915166213,0.0,0
3.411661017986609,0.9589756022331877,991.0,26364.0,0.5624793275590476,1.903829374111142,0.0,39762.0,1.5053989915166213,0.0,0
3.411661174351402,0.9589756022331877,992.0,26364.0,0.5624794839238405,1.9038293741111423,0.0,39762.0,1.5053989915166213,0.0,0
3.411661329160339,0.9589756022331877,993.0,26364.0,0.5624796387327777,1.9038293741111427,0.0,39762.0,1.5053989915166213,0.0,0
3.4116614824289013,0.9589756022331877,994.0,26364.0,0.5624797920013399,1.903829374111143,0.0,39762.0,1.5053989915166213,0.0,0
3.411661634172416,0.9589756022331877,995.0,26364.0,0.5624799437448545,1.9038293741111423,0.0,39762.0,1.5053989915166213,0.0,0
3.4116617844060575,0.9589756022331877,996.0,26364.0,0.5624800939784963,1.9038293741111425,0.0,39762.0,1.5053989915166213,0.0,0
3.4116619331448494,0.9589756022331877,997.0,26364.0,0.5624802427172881,1.9038293741111425,0.0,39762.0,1.5053989915166213,0.0,0
3.4116620804036657,0.9589756022331877,998.0,26364.0,0.562480389976104,1.9038293741111425,0.0,39762.0,1.5053989915166213,0.0,0
3.4116622261972323,0.9589756022331877,999.0,26364.0,0.5624805357696705,1.9038293741111432,0.0,39762.0,1.5053989915166213,0.0,0
3.4116623705401286,0.9589756022331877,1000.0,26364.0,0.5624806801125665,1.9038293741111434,0.0,39762.0,1.5053989915166213,0.0,0
3.4116625134467884,0.9589756022331877,1001.0,26364.0,0.5624808230192267,1.903829374111143,0.0,39762.0,1.5053989915166213,0.0,0
3.411662654931504,0.9589756022331877,1002.0,26364.0,0.5624809645039422,1.9038293741111423,0.0,39762.0,1.5053989915166213,0.0,0
3.411662795008422,0.9589756022331877,1003.0,26364.0,0.5624811045808611,1.9038293741111423,0.0,39762.0,1.5053989915166213,0.0,0
3.4116629336915523,0.9589756022331877,1004.0,26364.0,0.5624812432639913,1.9038293741111423,0.0,39762.0,1.5053989915166213,0.0,0
3.411663070994763,0.9589756022331877,1005.0,26364.0,0.5624813805672012,1.903829374111143,0.0,39762.0,1.5053989915166213,0.0,0
3.411663070994763,0.9589756022331877,1005.0,26364.0,0.5624813805672012,1.903829374111143,0.0,39762.0,1.5053989915166213,0.0,0
3.411663070994763,0.9589756022331877,1005.0,26364.0,0.5624813805672012,1.903829374111143,0.0,39762.0,1.5053989915166213,0.0,0
1.3774239932585761,0.8493747521962226,1005.0,36421.0,0.5692511680645234,-1.1830572486803737e-16,0.0,39262.0,0.0,0.0,0
1.3774239932585761,0.8493747521962226,1005.0,36421.0,0.5692511680645234,-1.1830572486803737e-16,0.0,39262.0,0.0,0.0,0
1.2672642221946453,0.8426103795733035,1006.0,36955.0,0.46585576962351155,-3.0486475254455784e-17,0.0,39262.0,0.0,0.0,0
1.2248150038184697,0.8338755516358026,1007.0,37447.0,0.4321413791848369,-1.5516250838461825e-16,0.0,39262.0,0.0,0.0,0
1.1980654668988016,0.8284077313923393,1008.0,37756.0,0.41085966250863215,-1.4037429277611359e-16,0.0,39262.0,0.0,0.0,0
1.1784671441082948,0.8248315956605201,1009.0,37979.0,0.3948374754499446,-7.439610006124658e-17,0.0,39262.0,0.0,0.0,0
1.161900664171784,0.8217297372834947,1010.0,38155.0,0.3813728538904589,6.552317069614378e-17,0.0,39262.0,0.0,0.0,0
1.147558936382431,0.8193467576244088,1011.0,38307.0,0.36941410576019174,1.9861711117268583e-16,0.0,39262.0,0.0,0.0,0
1.1348340363860483,0.8175138484012234,1012.0,38403.0,0.3585221149869945,1.49474733150578e-16,0.0,39262.0,0.0,0.0,0
1.1234881397465502,0.8162019931144616,1013.0,38474.0,0.34848807363425843,-1.0829524045612652e-16,0.0,39262.0,0.0,0.0,0
1.1126634525562364,0.814672997429253,1014.0,38558.0,0.3391923821291532,-1.0693017439995687e-17,0.0,39262.0,0.0,0.0,0
1.1023604490716956,0.8130100609535328,1015.0,38656.0,0.33055231512033234,2.8711889381435224e-16,0.0,39262.0,0.0,0.0,0
1.0929397339166196,0.811639277953635,1016.0,38746.0,0.32250238296515443,1.0647515238123364e-16,0.0,39262.0,0.0,0.0,0
1.084219411016633,0.8104345800342595,1017.0,38824.0,0.31498675798454334,-7.849129822975557e-17,0.0,39262.0,0.0,0.0,0
1.0757908540154466,0.8090366086962008,1018.0,38914.0,0.3079561723214156,3.367162938551833e-17,0.0,39262.0,0.0,0.0,0
0.619767777425655,0.3635043508949841,1019.0,50398.0,0.30320877499058063,5.866728188944558e-17,0.0,39016.0,0.0,0.0,0
0.6045104747988028,0.35450706270737975,1020.0,50704.0,0.29694876055133296,-3.445629629019145e-17,0.0,39016.0,0.0,0.0,0
0.5929163358761773,0.3487805594794727,1021.0,50906.0,0.29108112485661436,3.75756785955327e-17,0.0,39016.0,0.0,0.0,0
0.5817010194232813,0.3430938248730295,1022.0,51111.0,0.2855525430101616,1.2740816535210328e-16,0.0,39016.0,0.0,0.0,0
0.572213460515124,0.3388280682739704,1023.0,51270.0,0.2803307407010634,1.163901636314025e-16,0.0,39016.0,0.0,0.0,0
0.562694974589108,0.3342524226054553,1024.0,51449.0,0.27538790044356254,-1.299265657454063e-17,0.0,39016.0,0.0,0.0,0
0.5576602946847993,0.33390629543566,1025.0,51476.0,0.27069934770904897,1.2729369260695314e-16,0.0,39016.0,0.0,0.0,0
0.5531471106588286,0.3338495342636237,1026.0,51485.0,0.26624292485511475,-5.408837208344007e-17,0.0,39016.0,0.0,0.0,0
0.5489028172622532,0.3338495342636237,1027.0,51485.0,0.2619986314585392,4.945222590485949e-17,0.0,39016.0,0.0,0.0,0
0.5448525607642893,0.3338495342636237,1028.0,51485.0,0.25794837496057527,1.7268213605898274e-16,0.0,39016.0,0.0,0.0,0
0.5409799588341306,0.3338495342636237,1029.0,51485.0,0.2540757730304167,7.566648454424102e-17,0.0,39016.0,0.0,0.0,0
0.5372701708352212,0.3338495342636237,1030.0,51485.0,0.2503659850315072,9.833208808396829e-17,0.0,39016.0,0.0,0.0,0
0.5337097491157655,0.3338495342636237,1031.0,51485.0,0.2468055633120515,5.322982649481403e-17,0.0,39016.0,0.0,0.0,0
0.5302865058423543,0.3338495342636237,1032.0,51485.0,0.2433823200386401,1.402291128089187e-16,0.0,39016.0,0.0,0.0,0
0.526989393016683,0.3338495342636237,1033.0,51485.0,0.24008520721296905,1.905971206749793e-17,0.0,39016.0,0.0,0.0,0
0.5238083940967768,0.3338495342636237,1034.0,51485.0,0.23690420829306277,1.1813587299494212e-16,0.0,39016.0,0.0,0.0,0
0.5207344259992032,0.3338495342636237,1035.0,51485.0,0.23383024019548926,4.578909806005508e-18,0.0,39016.0,0.0,0.0,0
0.5177592504505583,0.3338495342636237,1036.0,51485.0,0.23085506464684435,-2.455440383470454e-17,0.0,39016.0,0.0,0.0,0
0.5148753937824055,0.3338495342636237,1037.0,51485.0,0.2279712079786915,1.4801325947912805e-16,0.0,39016.0,0.0,0.0,0
0.5120760743602525,0.3338495342636237,1038.0,51485.0,0.22517188855653858,-6.582182846132918e-18,0.0,39016.0,0.0,0.0,0
0.5093551369179278,0.3338495342636237,1039.0,51485.0,0.22245095111421373,5.563375414296692e-17,0.0,39016.0,0.0,0.0,0
0.5067069931394342,0.3338495342636237,1040.0,51485.0,0.2198028073357202,1.2506147407652544e-16,0.0,39016.0,0.0,0.0,0
0.5041265678934801,0.3338495342636237,1041.0,51485.0,0.2172223820897661,1.390843853574173e-17,0.0,39016.0,0.0,0.0,0
0.5016092505826727,0.3338495342636237,1042.0,51485.0,0.21470506477895868,1.9689312165823686e-17,0.0,39016.0,0.0,0.0,0
0.4991508511206279,0.3338495342636237,1043.0,51485.0,0.21224666531691383,1.3026998398085671e-16,0.0,39016.0,0.0,0.0,0
0.49674756009659593,0.3338495342636237,1044.0,51485.0,0.2098433742928819,1.7056439027370517e-17,0.0,39016.0,0.0,0.0,0
0.49439591272912214,0.3338495342636237,1045.0,51485.0,0.20749172692540824,-7.566648454424102e-17,0.0,39016.0,0.0,0.0,0
0.49209275624818166,0.3338495342636237,1046.0,51485.0,0.2051885704444675,2.0444832283814595e-16,0.0,39016.0,0.0,0.0,0
0.4898352203795437,0.3338495342636237,1047.0,51485.0,0.2029310345758297,3.279644148551445e-17,0.0,39016.0,0.0,0.0,0
0.48762069063617036,0.3338495342636237,1048.0,51485.0,0.20071650483245632,6.152910051819902e-17,0.0,39016.0,0.0,0.0,0
0.48544678414953524,0.3338495342636237,1049.0,51485.0,0.1985425983458212,7.887172140844488e-17,0.0,39016.0,0.0,0.0,0
0.48331132779918057,0.3338495342636237,1050.0,51485.0,0.1964071419954667,2.632873138453167e-18,0.0,39016.0,0.0,0.0,0
0.48121233842182026,0.3338495342636237,1051.0,51485.0,0.19430815261810644,-1.2889631103905505e-16,0.0,39016.0,0.0,0.0,0
0.4791480049021116,0.3338495342636237,1052.0,51485.0,0.1922438190983975,1.1533129073876373e-16,0.0,39016.0,0.0,0.0,0
0.4771166719660465,0.3338495342636237,1053.0,51485.0,0.19021248616233255,-8.127564905659778e-18,0.0,39016.0,0.0,0.0,0
0.4751168255149577,0.3338495342636237,1054.0,51485.0,0.18821263971124377,1.3736729418016525e-17,0.0,39016.0,0.0,0.0,0
0.47314707935354106,0.3338495342636237,1055.0,51485.0,0.186242893549827,5.60344087509924e-17,0.0,39016.0,0.0,0.0,0
0.4712061631792567,0.3338495342636237,1056.0,51485.0,0.18430197737554274,-2.3695858246078506e-17,0.0,39016.0,0.0,0.0,0
0.46929291171308823,0.3338495342636237,1057.0,51485.0,0.18238872590937436,-6.713826503055576e-17,0.0,39016.0,0.0,0.0,0
0.4674062548630596,0.3338495342636237,1058.0,51485.0,0.18050206905934557,4.790684384533263e-17,0.0,39016.0,0.0,0.0,0
0.4655452088222469,0.3338495342636237,1059.0,51485.0,0.1786410230185328,1.7222424507838217e-16,0.0,39016.0,0.0,0.0,0
0.46370886801237227,0.3338495342636237,1060.0,51485.0,0.17680468220865822,3.6745751193194206e-17,0.0,39016.0,0.0,0.0,0
0.4618963977925267,0.3338495342636237,1061.0,51485.0,0.17499221198881273,6.639419218707987e-18,0.0,39016.0,0.0,0.0,0
0.460107027860225,0.3338495342636237,1062.0,51485.0,0.173202842056511,2.1177457852775477e-17,0.0,39016.0,0.0,0.0,0
0.4583400462789249,0.3338495342636237,1063.0,51485.0,0.17143586047521092,3.886349697847175e-17,0.0,39016.0,0.0,0.0,0
0.45659479407240916,0.3338495342636237,1064.0,51485.0,0.1696906082686952,-2.1749821578526166e-17,0.0,39016.0,0.0,0.0,0
0.45487066033210183,0.3338495342636237,1065.0,51485.0,0.16796647452838775,1.1847929123039253e-16,0.0,39016.0,0.0,0.0,0
0.45316707778851884,0.3338495342636237,1066.0,51485.0,0.16626289198480476,8.768612278500548e-17,0.0,39016.0,0.0,0.0,0
0.45148351880270376,0.3338495342636237,1067.0,51485.0,0.16457933299898972,8.854466837363152e-17,0.0,39016.0,0.0,0.0,0
0.44981949173769126,0.3338495342636237,1068.0,51485.0,0.16291530593397727,-5.265746276906334e-18,0.0,39016.0,0.0,0.0,0
0.44817453767385224,0.3338495342636237,1069.0,51485.0,0.16127035187013822,5.849557277172036e-17,0.0,39016.0,0.0,0.0,0
0.44654822743540684,0.3338495342636237,1070.0,51485.0,0.15964404163169277,9.215055984586086e-17,0.0,39016.0,0.0,0.0,0
0.44494015889851063,0.3338495342636237,1071.0,51485.0,0.15803597309479678,-1.1716285466116594e-16,0.0,39016.0,0.0,0.0,0
0.4433499545541314,0.3338495342636237,1072.0,51485.0,0.15644576875041735,8.848743200105645e-17,0.0,39016.0,0.0,0.0,0
0.44177725930148115,0.3338495342636237,1073.0,51485.0,0.15487307349776727,-6.164357326334916e-17,0.0,39016.0,0.0,0.0,0
0.4402217384500836,0.3338495342636237,1074.0,51485.0,0.15331755264636956,1.0273928877224859e-16,0.0,39016.0,0.0,0.0,0
0.4386830759106269,0.3338495342636237,1075.0,51485.0,0.1517788901069128,1.1950954593674375e-16,0.0,39016.0,0.0,0.0,0
0.4371609725566584,0.3338495342636237,1076.0,51485.0,0.15025678675294452,-4.802131659048277e-17,0.0,39016.0,0.0,0.0,0
0.43565514474087197,0.3338495342636237,1077.0,51485.0,0.14875095893715798,6.433368277437739e-17,0.0,39016.0,0.0,0.0,0
0.4341653229512885,0.3338495342636237,1078.0,51485.0,0.1472611371475747,-1.5625529712993796e-16,0.0,39016.0,0.0,0.0,0
0.4326912505940362,0.3338495342636237,1079.0,51485.0,0.14578706479032233,-9.323805092478717e-17,0.0,39016.0,0.0,0.0,0
0.4312326828906872,0.3338495342636237,1080.0,51485.0,0.14432849708697315,5.820939090884502e-17,0.0,39016.0,0.0,0.0,0
0.4297010158934201,0.3337611642777746,1081.0,51492.0,0.14288520007555505,1.510467872256067e-16,0.0,39016.0,0.0,0.0,0
0.42814697230221344,0.3336353710567427,1082.0,51502.0,0.14145694970538056,-1.4652511379217628e-17,0.0,39016.0,0.0,0.0,0
0.4264578904657301,0.33335970790886066,1083.0,51524.0,0.14004353101677927,1.6598548046769967e-18,0.0,39016.0,0.0,0.0,0
0.4248968784217226,0.3331974894839664,1084.0,51537.0,0.13864473739766608,-4.418647962795316e-17,0.0,39016.0,0.0,0.0,0
0.42338819862494126,0.3330731771752059,1085.0,51547.0,0.13726036990964516,-1.9231421185223134e-17,0.0,39016.0,0.0,0.0,0
0.42188168392370873,0.33293679570657336,1086.0,51558.0,0.13589023667704514,2.5870840403931122e-17,0.0,39016.0,0.0,0.0,0
0.4202663356229584,0.33267753174996,1087.0,51579.0,0.13453415233290805,1.247752922136501e-16,0.0,39016.0,0.0,0.0,0
0.41877656538208075,0.33252997632546594,1088.0,51591.0,0.1331919375165245,9.306634180706195e-17,0.0,39016.0,0.0,0.0,0
0.41728866801710657,0.33237059805939473,1089.0,51604.0,0.13186341841762153,6.461986463725273e-17,0.0,39016.0,0.0,0.0,0
0.4158393274496125,0.33223624954674785,1090.0,51615.0,0.13054842636277425,1.771465731198381e-16,0.0,39016.0,0.0,0.0,0
0.4143308030514215,0.332029354071295,1091.0,51632.0,0.1292467974400362,1.078905623040048e-16,0.0,39016.0,0.0,0.0,0
0.41284839586524263,0.3318353721669915,1092.0,51648.0,0.12795837215816086,6.679484679510535e-17,0.0,39016.0,0.0,0.0,0
0.4113917189799689,0.331654072302743,1093.0,51663.0,0.1266829951371356,4.138189737177478e-17,0.0,39016.0,0.0,0.0,0
0.40993648589094,0.3314613195237915,1094.0,51679.0,0.12542051482705824,6.381855542120177e-17,0.0,39016.0,0.0,0.0,0
0.40856671767255476,0.3313412828797946,1095.0,51689.0,0.12417078325267002,-2.00327304012741e-17,0.0,39016.0,0.0,0.0,0
0.4071859830938672,0.33119767577266146,1096.0,51701.0,0.12293365578111556,6.4677101009827805e-18,0.0,39016.0,0.0,0.0,0
0.4058421354241177,0.33107849297329867,1097.0,51711.0,0.12170899091072868,1.1435827240498756e-16,0.0,39016.0,0.0,0.0,0
0.4044752866959153,0.33092398507697,1098.0,51724.0,0.12049665007885499,6.530670110815356e-17,0.0,39016.0,0.0,0.0,0
0.4031329310142398,0.33078178198723956,1099.0,51736.0,0.11929649748691011,-2.7759640698908394e-17,0.0,39016.0,0.0,0.0,0
0.4017795959740352,0.3306165444929018,1100.0,51750.0,0.11810839994104304,5.185615355301238e-17,0.0,39016.0,0.0,0.0,0
0.40042701956053595,0.3304401413135145,1101.0,51765.0,0.11693222670693125,4.35568795296274e-17,0.0,39016.0,0.0,0.0,0
0.3991453799478404,0.3303228790303786,1102.0,51775.0,0.1157678493773716,-2.3753094618653574e-17,0.0,39016.0,0.0,0.0,0
0.39782898848377996,0.33015919519222875,1103.0,51789.0,0.1146151417514609,8.768612278500548e-17,0.0,39016.0,0.0,0.0,0
0.39653639718910855,0.3300077659247461,1104.0,51802.0,0.11347397972427217,-1.843011196917217e-17,0.0,39016.0,0.0,0.0,0
0.3952704976033244,0.32987160487719575,1105.0,51817.0,0.1123442411860384,-3.0220804719636355e-17,0.0,39016.0,0.0,0.0,0
0.394023588482067,0.3297431310120279,1106.0,51833.0,0.11122580592994878,1.0348336161572449e-16,0.0,39016.0,0.0,0.0,0
0.3927348306545045,0.32956162354666685,1107.0,51852.0,0.11011855556774724,1.098938353441322e-16,0.0,39016.0,0.0,0.0,0
0.39137989990440375,0.3293028749119121,1108.0,51879.0,0.10902237345240125,7.904343052617009e-17,0.0,39016.0,0.0,0.0,0
0.39011859888786804,0.32912680274060085,1109.0,51896.0,0.10793714460717695,3.2052368642038557e-18,0.0,39016.0,0.0,0.0,0
0.38879605124158284,0.3288786440409722,1110.0,51921.0,0.10686275566052038,3.560102374169283e-17,0.0,39016.0,0.0,0.0,0
0.38746944429145924,0.3286156979651666,1111.0,51949.0,0.10579909478620239,2.2780076284877404e-17,0.0,39016.0,0.0,0.0,0
0.3862719864811793,0.3284712832928543,1112.0,51965.0,0.10474605164823479,-8.419470405792628e-17,0.0,39016.0,0.0,0.0,0
0.3851168393606313,0.3283586704704274,1113.0,51977.0,0.1037035173501136,5.076866247408607e-17,0.0,39016.0,0.0,0.0,0
0.3839678035974735,0.32824176766939694,1114.0,51989.0,0.10267138438798622,1.2614896515545175e-16,0.0,39016.0,0.0,0.0,0
0.38284525538585584,0.32814105723838755,1115.0,52000.0,0.10164954660737811,1.8201166478871895e-17,0.0,39016.0,0.0,0.0,0
0.38170412256190783,0.3280115718586678,1116.0,52014.0,0.10063789916314984,-3.434182354504131e-18,0.0,39016.0,0.0,0.0,0
0.38051811558577686,0.32782712556330157,1117.0,52035.0,0.0996363384823851,-5.49469176720661e-18,0.0,39016.0,0.0,0.0,0
0.379340084870889,0.3276406711008588,1118.0,52055.0,0.09864476222993988,6.719550140313084e-17,0.0,39016.0,0.0,0.0,0
0.37818771693703607,0.32746999612053723,1119.0,52072.0,0.09766306927640848,1.0737543495082917e-16,0.0,39016.0,0.0,0.0,0
0.37705213686901506,0.3273063256606405,1120.0,52088.0,0.0966911596682844,-4.327069766675205e-17,0.0,39016.0,0.0,0.0,0
0.3759799502524103,0.3271963641122039,1121.0,52100.0,0.09572893460011606,1.5316453301088425e-16,0.0,39016.0,0.0,0.0,0
0.3748476152272867,0.3270166672987204,1122.0,52120.0,0.09477629638847603,7.188888395428648e-17,0.0,39016.0,0.0,0.0,0
0.37377569779654274,0.3268878978088733,1123.0,52135.0,0.09383314844757916,9.844656082911843e-17,0.0,39016.0,0.0,0.0,0
0.37265434362391936,0.3267002968174277,1124.0,52155.0,0.09289939526640136,7.875724866329474e-17,0.0,39016.0,0.0,0.0,0
0.3715408333871166,0.3265112394598626,1125.0,52176.0,0.09197494238716368,1.0726096220567903e-16,0.0,39016.0,0.0,0.0,0
0.3704781358379401,0.32636378791278886,1126.0,52192.0,0.09105969638506098,3.548655099654269e-17,0.0,39016.0,0.0,0.0,0
0.36935155772712885,0.326143341337915,1127.0,52216.0,0.09015356484912357,7.795593944724378e-17,0.0,39016.0,0.0,0.0,0
0.36824149647504184,0.32593038857083906,1128.0,52241.0,0.08925645636411254,1.214555826042961e-16,0.0,39016.0,0.0,0.0,0
0.3672675145207837,0.3258445824873352,1129.0,52251.0,0.08836828049335822,-1.6713020791920105e-17,0.0,39016.0,0.0,0.0,0
0.36628989426178304,0.325746294959233,1130.0,52263.0,0.08748894776245986,-7.326255689608814e-18,0.0,39016.0,0.0,0.0,0
0.36523983365351786,0.32556681246965613,1131.0,52283.0,0.08661836964377152,1.098938353441322e-17,0.0,39016.0,0.0,0.0,0
0.36427141407458863,0.3254603039928902,1132.0,52295.0,0.08575645854160817,-5.265746276906334e-18,0.0,39016.0,0.0,0.0,0
0.36334579925031896,0.3253880199321188,1133.0,52303.0,0.08490312777811003,-8.8945322981657e-17,0.0,39016.0,0.0,0.0,0
0.3624012545115674,0.32528831139176695,1134.0,52314.0,0.0840582915797103,-9.054794141375892e-17,0.0,39016.0,0.0,0.0,0
0.361473635136286,0.32519711853203936,1135.0,52323.0,0.08322186506415633,7.303361140578785e-17,0.0,39016.0,0.0,0.0,0
0.3605464111487218,0.32509799538059286,1136.0,52334.0,0.08239376422803874,-2.00327304012741e-17,0.0,39016.0,0.0,0.0,0
0.35966557917836867,0.3250370217034912,1137.0,52341.0,0.08157390593478721,2.79313498166336e-17,0.0,39016.0,0.0,0.0,0
0.3587240712421669,0.32490721179898024,1138.0,52357.0,0.08076220790309638,9.730183337761705e-18,0.0,39016.0,0.0,0.0,0
0.357780004093491,0.32476676385765374,1139.0,52372.0,0.07995858869574696,4.292727943130164e-17,0.0,39016.0,0.0,0.0,0
0.3569071807484268,0.32468956149954403,1140.0,52381.0,0.07916296770879255,-1.3049892947115699e-17,0.0,39016.0,0.0,0.0,0
0.3559902374860118,0.32456032078483815,1141.0,52395.0,0.07837526516108344,-3.090764119053718e-18,0.0,39016.0,0.0,0.0,0
0.35508999018032605,0.3244399365561329,1142.0,52409.0,0.07759540208410293,1.7285384517670794e-17,0.0,39016.0,0.0,0.0,0
0.3542308623580858,0.32435291050590304,1143.0,52419.0,0.07682330031209246,1.1493063613073827e-16,0.0,39016.0,0.0,0.0,0
0.35338199921755753,0.32426846520502156,1144.0,52430.0,0.07605888247244569,6.937048356098345e-17,0.0,39016.0,0.0,0.0,0
0.3525550310766248,0.3241983075601829,1145.0,52438.0,0.0753020719763517,-1.3049892947115699e-17,0.0,39016.0,0.0,0.0,0
0.3516967955925241,0.32408935104276254,1146.0,52451.0,0.07455279300967133,2.1291930597925613e-17,0.0,39016.0,0.0,0.0,0
0.3508687790965925,0.3240031570324726,1147.0,52461.0,0.0738109705240296,-7.211782944458676e-18,0.0,39016.0,0.0,0.0,0
0.3500380423710371,0.3239068606028353,1148.0,52472.0,0.07307653022811157,3.9607569821947645e-17,0.0,39016.0,0.0,0.0,0
0.34920695522635053,0.32380290510711274,1149.0,52485.0,0.07234939857914753,2.6214258639381535e-17,0.0,39016.0,0.0,0.0,0
0.34819619152680936,0.3235120372121424,1150.0,52507.0,0.07162950277457676,-2.5870840403931122e-17,0.0,39016.0,0.0,0.0,0
0.3466457975573352,0.32267437527336656,1151.0,52550.0,0.07091677074387841,5.036800786606059e-17,0.0,39016.0,0.0,0.0,0
0.3447217644979106,0.32145598181726,1152.0,52626.0,0.07021113114056049,-1.0909252612808123e-16,0.0,39016.0,0.0,0.0,0
0.3427653547397684,0.32019818986538073,1153.0,52692.0,0.06951251333429738,7.131652022853579e-17,0.0,39016.0,0.0,0.0,0
0.34088934079559496,0.319013841852296,1154.0,52761.0,0.06882084740320868,1.7170911772520657e-17,0.0,39016.0,0.0,0.0,0
0.33934115785099583,0.31815044218463456,1155.0,52812.0,0.06813606412627102,-1.8773530204622584e-17,0.0,39016.0,0.0,0.0,0
0.33723107360920085,0.3167183270932534,1156.0,52895.0,0.06745809497585713,4.693382551155646e-17,0.0,39016.0,0.0,0.0,0
0.3357131842501309,0.3158716605996454,1157.0,52940.0,0.0667868721103953,5.3687717475414584e-17,0.0,39016.0,0.0,0.0,0
0.3344235166066955,0.3152465366994615,1158.0,52974.0,0.06612232836714368,8.814401376560603e-17,0.0,39016.0,0.0,0.0,0
0.3333085924773002,0.3147895436821352,1159.0,52997.0,0.06546439725507484,1.7170911772520657e-17,0.0,39016.0,0.0,0.0,0
0.3320705440457396,0.31420287955778387,1160.0,53031.0,0.06481301294786539,9.896168818229404e-17,0.0,39016.0,0.0,0.0,0
0.33069457668256347,0.3134718148654871,1161.0,53067.0,0.06416811027698614,5.9525827478071606e-18,0.0,39016.0,0.0,0.0,0
0.3293567691348041,0.3127724928698243,1162.0,53098.0,0.06352962472488959,3.434182354504131e-18,0.0,39016.0,0.0,0.0,0
0.327713786121301,0.3117616421629204,1163.0,53143.0,0.06289749241829039,-1.6140657066169416e-17,0.0,39016.0,0.0,0.0,0
0.32601489430482566,0.31068859264319976,1164.0,53191.0,0.06227165012153578,-7.58954300345413e-17,0.0,39016.0,0.0,0.0,0
0.32508360564295957,0.31037691887280655,1165.0,53205.0,0.0616520352300628,-2.152087608822589e-17,0.0,39016.0,0.0,0.0,0
0.32393762976773405,0.30984439246370415,1166.0,53229.0,0.06103858576393965,2.8274768052084015e-17,0.0,39016.0,0.0,0.0,0
0.32260063872027517,0.30911474681869705,1167.0,53262.0,0.060431240361487996,-8.802954102045589e-17,0.0,39016.0,0.0,0.0,0
0.3216908512823621,0.30880626146928714,1168.0,53276.0,0.05982993827298461,7.75552848392183e-17,0.0,39016.0,0.0,0.0,0
0.3207221917309212,0.30843292083639157,1169.0,53293.0,0.059234619354439404,8.356510395960052e-18,0.0,39016.0,0.0,0.0,0
0.31956354821749056,0.30786367261595227,1170.0,53319.0,0.05864522406144795,1.339903481982362e-16,0.0,39016.0,0.0,0.0,0
0.3185001924309785,0.3073838474477713,1171.0,53341.0,0.05806169344311694,3.3197096093539934e-18,0.0,39016.0,0.0,0.0,0
0.3172484837952857,0.3067098631191354,1172.0,53372.0,0.05748396913606005,4.853644394365839e-17,0.0,39016.0,0.0,0.0,0
0.3163732859676526,0.3064066410690992,1173.0,53386.0,0.056911993358463156,1.843011196917217e-17,0.0,39016.0,0.0,0.0,0
0.31561250876358005,0.3062121483192728,1174.0,53395.0,0.056345708904216994,3.611615109486845e-17,0.0,39016.0,0.0,0.0,0
0.31464252247807045,0.3058028118008642,1175.0,53414.0,0.05578505913711597,5.780873630081954e-17,0.0,39016.0,0.0,0.0,0
0.3136578709728751,0.3053732314476635,1176.0,53434.0,0.05522998798512138,5.3115353749663895e-17,0.0,39016.0,0.0,0.0,0
0.3123807912918934,0.30464569981711487,1177.0,53468.0,0.05468043993468827,6.90843016981081e-17,0.0,39016.0,0.0,0.0,0
0.31164471764845025,0.30445370608320566,1178.0,53477.0,0.05413636002515436,3.497142364336707e-17,0.0,39016.0,0.0,0.0,0
0.31061673442660126,0.3039643890433213,1179.0,53500.0,0.05359769384318975,9.329528729736224e-18,0.0,39016.0,0.0,0.0,0
0.30982889736624786,0.3037098583088508,1180.0,53512.0,0.05306438751730679,8.71137590592548e-17,0.0,39016.0,0.0,0.0,0
0.30892009190147507,0.3033290526489564,1181.0,53530.0,0.05253638771242856,-8.30499766064249e-17,0.0,39016.0,0.0,0.0,0
0.30805980370074426,0.30299151053613865,1182.0,53546.0,0.05201364162451527,8.96893958251329e-17,0.0,39016.0,0.0,0.0,0
0.30728978648199956,0.3027390379666616,1183.0,53558.0,0.05149609697524769,3.170895040658814e-17,0.0,39016.0,0.0,0.0,0
0.3065465710547628,0.30250821750790613,1184.0,53569.0,0.05098370200676637,2.758793158118319e-17,0.0,39016.0,0.0,0.0,0
0.3056417001322549,0.3021106431156984,1185.0,53588.0,0.05047640547646626,-1.4595275006642557e-17,0.0,39016.0,0.0,0.0,0
0.3050142322799445,0.3019854240880088,1186.0,53594.0,0.04997415665184546,4.2698333941001363e-17,0.0,39016.0,0.0,0.0,0
0.30393391469868675,0.30140235785318864,1187.0,53622.0,0.04947690530540782,1.0050707024182091e-16,0.0,39016.0,0.0,0.0,0
0.3030681743534727,0.3010289211037644,1188.0,53640.0,0.04898460170961801,1.0331165249799928e-16,0.0,39016.0,0.0,0.0,0
0.302001555936585,0.30044970776458574,1189.0,53668.0,0.048497196631908907,1.393133308477176e-16,0.0,39016.0,0.0,0.0,0
0.3011478480024741,0.3000785551326435,1190.0,53686.0,0.048014641329740336,2.300902177517768e-17,0.0,39016.0,0.0,0.0,0
0.30032066976914373,0.29972913068334506,1191.0,53703.0,0.04753688754570841,-3.3197096093539934e-18,0.0,39016.0,0.0,0.0,0
0.2996220557231861,0.29950351668039055,1192.0,53714.0,0.047063887502705216,1.4320540418282227e-16,0.0,39016.0,0.0,0.0,0
0.29882649803405503,0.2991762525948372,1193.0,53730.0,0.04659559389912753,9.512685121976443e-17,0.0,39016.0,0.0,0.0,0
0.29811796515713024,0.2989313537129054,1194.0,53742.0,0.0461319599041346,1.3393311182566112e-17,0.0,39016.0,0.0,0.0,0
0.2973942139040907,0.29866662321104626,1195.0,53755.0,0.045672939152954194,3.754706040924517e-17,0.0,39016.0,0.0,0.0,0
0.2967366103808806,0.2984634730985542,1196.0,53765.0,0.04521848574223622,-3.7089169428644616e-17,0.0,39016.0,0.0,0.0,0
0.29594225825372356,0.29811905248818005,1197.0,53782.0,0.044768554225453276,-6.9828374541584e-18,0.0,39016.0,0.0,0.0,0
0.2950320621989312,0.29765431105049295,1198.0,53805.0,0.04432309960834807,-6.536393748072863e-17,0.0,39016.0,0.0,0.0,0
0.2942887624995293,0.2973520336150125,1199.0,53820.0,0.04388207734442643,1.0325441612542422e-16,0.0,39016.0,0.0,0.0,0
0.2934503865126296,0.2969502916420431,1200.0,53840.0,0.043445443330496276,2.6729385992557155e-17,0.0,39016.0,0.0,0.0,0
0.29267744782299365,0.2966096423806525,1201.0,53857.0,0.04301315390225094,-2.7072804228007568e-17,0.0,39016.0,0.0,0.0,0
0.2918097950908433,0.2961699777208555,1202.0,53879.0,0.042585165829897575,3.640233295774379e-17,0.0,39016.0,0.0,0.0,0
0.2909478758961278,0.29573178804220845,1203.0,53901.0,0.04216143631382907,1.0417019808662532e-17,0.0,39016.0,0.0,0.0,0
0.2902302864535016,0.2954337119330717,1204.0,53916.0,0.04174192298033969,-7.383492062183882e-17,0.0,39016.0,0.0,0.0,0
0.28971580592560103,0.2953345705081272,1205.0,53921.0,0.04132658387738364,-4.0981242763749296e-17,0.0,39016.0,0.0,0.0,0
0.28898806774866476,0.29501803873819843,1206.0,53937.0,0.04091537747037617,-4.2583861195851227e-17,0.0,39016.0,0.0,0.0,0
0.2883046512224923,0.2947417370443653,1207.0,53951.0,0.04050826263803681,-1.2820947456815423e-17,0.0,39016.0,0.0,0.0,0
0.2875079465055949,0.2943480962972305,1208.0,53971.0,0.04010519866827423,-7.429281160243937e-17,0.0,39016.0,0.0,0.0,0
0.2868340004775516,0.29407320368334905,1209.0,53985.0,0.03970614525411237,-3.651680570289393e-17,0.0,39016.0,0.0,0.0,0
0.28606681385300636,0.29370109982325904,1210.0,54004.0,0.03931106248965712,-3.291091423066459e-17,0.0,39016.0,0.0,0.0,0
0.28542169586211963,0.29344713345592577,1211.0,54017.0,0.03891991086610372,-5.746531806536913e-17,0.0,39016.0,0.0,0.0,0
0.28485901238322103,0.29327170957534726,1212.0,54026.0,0.038532651267783595,-3.537207825139255e-17,0.0,39016.0,0.0,0.0,0
0.2841254595181153,0.29292156300977373,1213.0,54044.0,0.03814924496825124,7.303361140578785e-17,0.0,39016.0,0.0,0.0,0
0.28361002212328307,0.2927857169567833,1214.0,54051.0,0.03776965362640959,-7.234677493488703e-17,0.0,39016.0,0.0,0.0,0
0.28302113846936233,0.29257264764659735,1215.0,54062.0,0.03739383928267466,4.991011688546004e-17,0.0,39016.0,0.0,0.0,0
0.2821660502285618,0.2920896343332933,1216.0,54087.0,0.03702176435517812,6.490604650012808e-17,0.0,39016.0,0.0,0.0,0
0.28168200399730303,0.2919739608212049,1217.0,54093.0,0.03665339163600789,-4.578909806005508e-18,0.0,39016.0,0.0,0.0,0
0.28118259944799395,0.29183926362041757,1218.0,54100.0,0.03628868428748613,8.242037650809914e-18,0.0,39016.0,0.0,0.0,0
0.2802841425457293,0.2913018851671545,1219.0,54128.0,0.035927605838484596,-3.594444197714324e-17,0.0,39016.0,0.0,0.0,0
0.27977348254517065,0.2911487108243038,1220.0,54136.0,0.03557012018077654,8.01309216050964e-18,0.0,39016.0,0.0,0.0,0
0.279228445233544,0.29095760212802885,1221.0,54146.0,0.03521619156542502,-4.659040727610605e-17,0.0,39016.0,0.0,0.0,0
0.2787254310712009,0.2908049949319034,1222.0,54154.0,0.03486578459920725,-2.5870840403931122e-17,0.0,39016.0,0.0,0.0,0
0.27820716186179395,0.29063364608062897,1223.0,54163.0,0.03451886424107466,6.364684630347657e-17,0.0,39016.0,0.0,0.0,0
0.27771164210679317,0.2904815947680548,1224.0,54171.0,0.034175395798648055,4.029440629284847e-17,0.0,39016.0,0.0,0.0,0
0.2770491479377736,0.29015915147293553,1225.0,54188.0,0.03383534492474781,1.499592961466804e-17,0.0,39016.0,0.0,0.0,0
0.27646648490472875,0.2899131557506798,1226.0,54201.0,0.03349867761395878,-1.6140657066169416e-17,0.0,39016.0,0.0,0.0,0
0.2760009488614298,0.2897809371221105,1227.0,54208.0,0.033165360199229076,-1.0245310690937324e-17,0.0,39016.0,0.0,0.0,0
0.27553897213019396,0.28964896124160056,1228.0,54215.0,0.032835359348503124,5.0596953356360866e-17,0.0,39016.0,0.0,0.0,0
0.27504285431155767,0.2894795607100796,1229.0,54224.0,0.03250864206138791,-4.0637824528298887e-17,0.0,39016.0,0.0,0.0,0
0.2746254461633308,0.28938561895738785,1230.0,54229.0,0.03218517566585266,3.222407775976376e-17,0.0,39016.0,0.0,0.0,0
0.2742113892803133,0.28929180992526166,1231.0,54234.0,0.03186492781496133,9.352423278766251e-17,0.0,39016.0,0.0,0.0,0
0.2737257761838437,0.2891232581601158,1232.0,54243.0,0.03154786648363758,8.10467035662975e-17,0.0,39016.0,0.0,0.0,0
0.27328093999300357,0.2889923284874514,1233.0,54250.0,0.031233959965461973,7.612437552484157e-18,0.0,39016.0,0.0,0.0,0
0.27263421566382706,0.28865638725423565,1234.0,54268.0,0.03092317686950112,6.45053918921026e-17,0.0,39016.0,0.0,0.0,0
0.2722147815694702,0.2885446439122115,1235.0,54274.0,0.03061548611716842,-5.4374553946315414e-18,0.0,39016.0,0.0,0.0,0
0.27176134110094474,0.2883958326217386,1236.0,54282.0,0.030310856939115838,-5.9525827478071606e-18,0.0,39016.0,0.0,0.0,0
0.2711256604803451,0.2880617500680978,1237.0,54300.0,0.030009258872156965,8.568284974487808e-17,0.0,39016.0,0.0,0.0,0
0.27069739263463466,0.28793207933832404,1238.0,54307.0,0.029710661756220356,1.751433000797107e-17,0.0,39016.0,0.0,0.0,0
0.2702168048504321,0.28774711757900845,1239.0,54317.0,0.029415035731333458,6.868364709008262e-19,0.0,39016.0,0.0,0.0,0
0.2697764612902579,0.2875994585155312,1240.0,54325.0,0.029122351234636506,-6.4677101009827805e-18,0.0,39016.0,0.0,0.0,0
0.2692655977857624,0.2873783672482462,1241.0,54337.0,0.028832578997425994,1.7857748243421483e-17,0.0,39016.0,0.0,0.0,0
0.2687947577595124,0.2871944161771944,1242.0,54347.0,0.028545690042227765,2.0490621381874648e-17,0.0,39016.0,0.0,0.0,0
0.2683270801499891,0.2870107729299997,1243.0,54357.0,0.028261655679899078,1.5224875104968314e-17,0.0,39016.0,0.0,0.0,0
0.2678991665618851,0.28686406751503524,1244.0,54365.0,0.027980447506759702,-4.1553606489499985e-17,0.0,39016.0,0.0,0.0,0
0.267510950122421,0.28675426118057945,1245.0,54371.0,0.027702037401751305,2.8847131777834703e-17,0.0,39016.0,0.0,0.0,0
0.26701598795707976,0.2865349388933641,1246.0,54383.0,0.027426397523625363,6.730997414828098e-17,0.0,39016.0,0.0,0.0,0
0.26656060790564895,0.28635245605739984,1247.0,54393.0,0.027153500308158936,-3.193789589688842e-17,0.0,39016.0,0.0,0.0,0
0.26619937586510634,0.286261405859618,1248.0,54398.0,0.02688331846539813,-7.372044787668869e-17,0.0,39016.0,0.0,0.0,0
0.2657318662340511,0.28606138971703166,1249.0,54409.0,0.026615824976929055,1.0783332593142971e-16,0.0,39016.0,0.0,0.0,0
0.26541257425682685,0.28600692962356067,1250.0,54412.0,0.02635099309317594,1.3851202163166663e-17,0.0,39016.0,0.0,0.0,0
0.26496912258083327,0.2858256747100169,1251.0,54422.0,0.02608879633072606,3.004909560191115e-17,0.0,39016.0,0.0,0.0,0
0.26461902687856215,0.2857351668687905,1252.0,54427.0,0.02582920846968137,2.941949550358539e-17,0.0,39016.0,0.0,0.0,0
0.2641631416979938,0.28553628660686714,1253.0,54438.0,0.025572203551036444,-3.9035206096196956e-17,0.0,39016.0,0.0,0.0,0
0.26378233999375295,0.2854099325795802,1254.0,54445.0,0.025317755874082557,1.5911711575869142e-17,0.0,39016.0,0.0,0.0,0
0.2633862795170868,0.28526578798315905,1255.0,54453.0,0.025065839993837536,1.493869324209297e-17,0.0,39016.0,0.0,0.0,0
0.26308288070364577,0.2852117984450543,1256.0,54456.0,0.024816430718501196,1.1275565397288564e-17,0.0,39016.0,0.0,0.0,0
0.2627460828145026,0.2851219281674762,1257.0,54461.0,0.024569503106936164,-1.888800294977272e-18,0.0,39016.0,0.0,0.0,0
0.26235796891541274,0.2849782849091488,1258.0,54469.0,0.024325032466173704,7.898619415359501e-18,0.0,39016.0,0.0,0.0,0
0.2619904568604519,0.28485281097141735,1259.0,54476.0,0.024082994348944384,-2.1807057951101234e-17,0.0,39016.0,0.0,0.0,0
0.261679207302807,0.28478119121148354,1260.0,54480.0,0.02384336455123327,1.8830766577197653e-17,0.0,39016.0,0.0,0.0,0
0.26126318865533854,0.2846024180053887,1261.0,54490.0,0.023606119109859578,4.3156224921601916e-17,0.0,39016.0,0.0,0.0,0
0.26097473976682545,0.2845488539266549,1262.0,54493.0,0.023371234300080257,4.4587134235978635e-17,0.0,39016.0,0.0,0.0,0
0.26072435456679305,0.2845310163934853,1263.0,54494.0,0.023138686633217484,-2.1291930597925613e-17,0.0,39016.0,0.0,0.0,0
0.2602092601520092,0.28424615575760914,1264.0,54510.0,0.022908452854309785,2.346691275577823e-17,0.0,39016.0,0.0,0.0,0
0.2599101757176959,0.28417501423781916,1265.0,54514.0,0.022680509939786504,3.067869570023691e-17,0.0,39016.0,0.0,0.0,0
0.2595956979619738,0.2840862113267181,1266.0,54519.0,0.02245483509516543,3.30826233483898e-17,0.0,39016.0,0.0,0.0,0
0.2593367894493544,0.28405073215649085,1267.0,54521.0,0.0222314057527733,3.777600589954544e-17,0.0,39016.0,0.0,0.0,0
0.259009241275243,0.28394439016566375,1268.0,54527.0,0.02201019956948903,-1.5110402359818177e-17,0.0,39016.0,0.0,0.0,0
0.2585955804340335,0.2837497344694339,1269.0,54538.0,0.021791194424509306,2.09485123624752e-17,0.0,39016.0,0.0,0.0,0
0.25836107940136543,0.28373205944413854,1270.0,54539.0,0.02157436841713664,-4.0981242763749296e-17,0.0,39016.0,0.0,0.0,0
0.2580228391413716,0.28360848773669234,1271.0,54546.0,0.02135969986458905,3.2166841387188695e-17,0.0,39016.0,0.0,0.0,0
0.25773977208248744,0.28353795324256514,1272.0,54550.0,0.021147167299832004,1.9803784910973823e-17,0.0,39016.0,0.0,0.0,0
0.2574765055554732,0.2834851045459515,1273.0,54553.0,0.020936749469431457,3.262473236778925e-17,0.0,39016.0,0.0,0.0,0
0.25721540499753137,0.2834323281260125,1274.0,54556.0,0.020728425331428702,-2.289454903002754e-18,0.0,39016.0,0.0,0.0,0
0.25693885932666194,0.28336203373333574,1275.0,54560.0,0.020522174053235972,5.803768179111982e-17,0.0,39016.0,0.0,0.0,0
0.25666440665331824,0.2832917801036748,1276.0,54564.0,0.020317975009553298,-6.353237355832643e-17,0.0,39016.0,0.0,0.0,0
0.25626934493957687,0.28309888561918084,1277.0,54575.0,0.02011580778030583,1.39656749083168e-17,0.0,39016.0,0.0,0.0,0
0.25592912621691777,0.28295882252822563,1278.0,54583.0,0.019915652148601967,-4.9566698650009625e-17,0.0,39016.0,0.0,0.0,0
0.2556260366578875,0.2828538970190858,1279.0,54589.0,0.01971748809871149,4.659040727610605e-17,0.0,39016.0,0.0,0.0,0
0.255394904548411,0.2828189571942567,1280.0,54591.0,0.01952129581406412,-9.04334686686088e-18,0.0,39016.0,0.0,0.0,0
0.25513086319240336,0.2827491559770455,1281.0,54595.0,0.019327055675267647,-4.578909806005509e-19,0.0,39016.0,0.0,0.0,0
0.2548513904601434,0.28266199066190695,1282.0,54600.0,0.01913474825814622,2.3695858246078506e-17,0.0,39016.0,0.0,0.0,0
0.25457393102230536,0.28257492515041743,1283.0,54605.0,0.018944354331797697,-2.289454903002754e-17,0.0,39016.0,0.0,0.0,0
0.25428107782717496,0.28247057143041415,1284.0,54611.0,0.018755854856670643,-7.463622983788979e-17,0.0,39016.0,0.0,0.0,0
0.2540249528707612,0.2824010703480107,1285.0,54615.0,0.018569230982660324,-5.695019071219351e-17,0.0,39016.0,0.0,0.0,0
0.25377074194740273,0.2823316263600888,1286.0,54619.0,0.018384464047223766,-4.6246989040655634e-17,0.0,39016.0,0.0,0.0,0
0.25351843829841847,0.28226225118481496,1287.0,54623.0,0.01820153557351329,-4.166807923465013e-17,0.0,39016.0,0.0,0.0,0
0.25328535305191624,0.2822102742432969,1288.0,54626.0,0.018020427268529038,5.895346375232092e-18,0.0,39016.0,0.0,0.0,0
0.25293297811446325,0.2820372055530835,1289.0,54636.0,0.01784112102128947,5.540480865266665e-17,0.0,39016.0,0.0,0.0,0
0.2525826823041521,0.2818644318630414,1290.0,54646.0,0.017663598901020393,1.6713020791920105e-17,0.0,39016.0,0.0,0.0,0
0.25228609143500824,0.2817435967395562,1291.0,54653.0,0.01748784315536176,2.850371354238429e-17,0.0,39016.0,0.0,0.0,0
0.25192246546593033,0.28155397771724755,1292.0,54664.0,0.017313836208592493,8.91170320993822e-17,0.0,39016.0,0.0,0.0,0
0.2517157527799235,0.28151954057996037,1293.0,54666.0,0.017141560659872854,1.7228148145095725e-17,0.0,39016.0,0.0,0.0,0
0.2514935888093257,0.2814679379877311,1294.0,54669.0,0.01697099928150435,2.3695858246078506e-17,0.0,39016.0,0.0,0.0,0
0.2512215999630221,0.28136481340572495,1295.0,54675.0,0.016802135017206978,-3.4341823545041314e-17,0.0,39016.0,0.0,0.0,0
0.25103724527058624,0.28134764275008245,1296.0,54676.0,0.01663495098041352,5.1112080709536487e-17,0.0,39016.0,0.0,0.0,0
0.25082024362058336,0.2812961616279122,1297.0,54679.0,0.016469430452580983,-3.9321387959072304e-17,0.0,39016.0,0.0,0.0,0
0.25062208151120935,0.28126187308960054,1298.0,54681.0,0.016305556881518562,1.150451088758884e-17,0.0,39016.0,0.0,0.0,0
0.25027149464492526,0.28107352922510237,1299.0,54692.0,0.01614331387973261,6.061331855699791e-17,0.0,39016.0,0.0,0.0,0
0.25009375880201884,0.2810564220391409,1300.0,54693.0,0.015982685222787688,2.2322185304276852e-17,0.0,39016.0,0.0,0.0,0
0.24978093577392413,0.28090262938614957,1301.0,54702.0,0.015823654847684228,7.303361140578785e-17,0.0,39016.0,0.0,0.0,0
0.2494016372583386,0.2806807788669962,1302.0,54715.0,0.015666206851252168,-1.2592001966515148e-17,0.0,39016.0,0.0,0.0,0
0.2491093973002137,0.2805444202715629,1303.0,54723.0,0.015510325488560635,-1.739985726282093e-17,0.0,39016.0,0.0,0.0,0
0.2488529044052664,0.2804422576938327,1304.0,54729.0,0.015355995171343458,5.4775208554340894e-17,0.0,39016.0,0.0,0.0,0
0.24859807608651321,0.28034022407998266,1305.0,54735.0,0.01520320046644027,6.439091914695246e-17,0.0,39016.0,0.0,0.0,0
0.24842981419345297,0.2803232365591095,1306.0,54736.0,0.015051926094253256,3.199513226946349e-17,0.0,39016.0,0.0,0.0,0
0.24805939719177644,0.2801025887244672,1307.0,54749.0,0.014902156927219091,-5.626335424129269e-17,0.0,39016.0,0.0,0.0,0
0.24787721276693178,0.2800686832385453,1308.0,54751.0,0.014753877988296272,3.365498707414049e-17,0.0,39016.0,0.0,0.0,0
0.24767957978687025,0.2800178537973127,1309.0,54754.0,0.01460707444946733,2.0776803244749993e-17,0.0,39016.0,0.0,0.0,0
0.247432687819732,0.2799163046493857,1310.0,54760.0,0.014461731630256046,-4.218320658782574e-17,0.0,39016.0,0.0,0.0,0
0.24727187673901616,0.2798993902026666,1311.0,54761.0,0.014317834996259335,1.5740002458143935e-17,0.0,39016.0,0.0,0.0,0
0.24711250822145991,0.2798824865236757,1312.0,54762.0,0.014175370157693906,5.345877198511431e-17,0.0,39016.0,0.0,0.0,0
0.24693768460945012,0.27984871020140273,1313.0,54764.0,0.014034322867957168,-1.0359783436087462e-17,0.0,39016.0,0.0,0.0,0
0.2467642805706827,0.27981495000838985,1314.0,54766.0,0.013894679022202596,2.0605094127024785e-18,0.0,39016.0,0.0,0.0,0
0.24655857337743972,0.2797474971814202,1315.0,54770.0,0.01375642465592923,6.656590130480508e-17,0.0,39016.0,0.0,0.0,0
0.2463542887861913,0.27968009130251575,1316.0,54774.0,0.013619545943585248,4.607527992293043e-17,0.0,39016.0,0.0,0.0,0
0.24616826688143692,0.2796295861441614,1317.0,54777.0,0.01348402919718533,-1.7342620890245862e-17,0.0,39016.0,0.0,0.0,0
0.2459668080131379,0.27956229560810586,1318.0,54781.0,0.013349860864941901,-4.9223280414559215e-17,0.0,39016.0,0.0,0.0,0
0.24580035725089477,0.27952867818089466,1319.0,54783.0,0.013217027529909919,4.292727943130164e-18,0.0,39016.0,0.0,0.0,0
0.2456016607530202,0.2794614933042849,1320.0,54787.0,0.013085515908645196,-4.6704880021256186e-17,0.0,39016.0,0.0,0.0,0
0.24540431109057972,0.27939434670061347,1321.0,54791.0,0.012955312849875994,-3.199513226946349e-17,0.0,39016.0,0.0,0.0,0
0.2452083190368136,0.2793272621635354,1322.0,54795.0,0.012826405333187938,7.326255689608814e-18,0.0,39016.0,0.0,0.0,0
0.24508069417134756,0.2793272621635354,1323.0,54795.0,0.012698780467721946,-6.181528238107436e-18,0.0,39016.0,0.0,0.0,0
0.24492083688537514,0.2792937598543998,1324.0,54797.0,0.01257242549088509,-2.386756736380371e-17,0.0,39016.0,0.0,0.0,0
0.24469531115700727,0.27919333184984263,1325.0,54803.0,0.012447327767074407,3.033527746478649e-17,0.0,39016.0,0.0,0.0,0
0.24455473528805471,0.2791766089615512,1326.0,54804.0,0.012323474786413262,2.8847131777834703e-17,0.0,39016.0,0.0,0.0,0
0.24438196522752917,0.2791264595239386,1327.0,54807.0,0.012200854163500363,5.151273531756197e-18,0.0,39016.0,0.0,0.0,0
0.24414366002510424,0.27900955484884277,1328.0,54814.0,0.012079453636171241,3.886349697847175e-17,0.0,39016.0,0.0,0.0,0
0.2439900920154037,0.2789761794110415,1329.0,54816.0,0.011959261064272003,1.2878183829390493e-17,0.0,39016.0,0.0,0.0,0
0.24382107210139378,0.2789261561328583,1330.0,54819.0,0.011840264428445288,-2.9133313640710045e-17,0.0,39016.0,0.0,0.0,0
0.24365326510167046,0.27887616173265184,1331.0,54822.0,0.011722451828928337,2.7187276973157705e-17,0.0,39016.0,0.0,0.0,0
0.2435199701398642,0.27885950711541097,1332.0,54823.0,0.01160581148436305,-1.48814568695179e-17,0.0,39016.0,0.0,0.0,0
0.24337120105198184,0.2788262177812738,1333.0,54825.0,0.011490331730617734,2.9648440993885666e-17,0.0,39016.0,0.0,0.0,0
0.24322359861557521,0.2787929460558642,1334.0,54827.0,0.011376001019620809,-3.199513226946349e-17,0.0,39016.0,0.0,0.0,0
0.24304391781087828,0.27872645835258214,1335.0,54831.0,0.011262807918205884,2.598531314908126e-17,0.0,39016.0,0.0,0.0,0
0.2428654053649941,0.2786600127179354,1336.0,54835.0,0.011150741106968487,-3.39984053095909e-17,0.0,39016.0,0.0,0.0,0
0.2427212575364539,0.2786268166172296,1337.0,54837.0,0.011039789379134114,1.5511056967843658e-17,0.0,39016.0,0.0,0.0,0
0.24261140979675727,0.2786268166172296,1338.0,54837.0,0.010929941639437503,-2.9305022758435256e-17,0.0,39016.0,0.0,0.0,0
0.24250265506033292,0.2786268166172296,1339.0,54837.0,0.010821186903013163,-5.2600226396488274e-17,0.0,39016.0,0.0,0.0,0
0.24239498245161661,0.2786268166172296,1340.0,54837.0,0.010713514294296813,3.434182354504131e-19,0.0,39016.0,0.0,0.0,0
0.24228838120325766,0.2786268166172296,1341.0,54837.0,0.010606913045937876,-1.5911711575869142e-17,0.0,39016.0,0.0,0.0,0
0.2421828406550425,0.2786268166172296,1342.0,54837.0,0.01050137249772264,7.33197932686632e-17,0.0,39016.0,0.0,0.0,0
0.24207835025282817,0.2786268166172296,1343.0,54837.0,0.010396882095508354,4.3156224921601916e-17,0.0,39016.0,0.0,0.0,0
0.2419748995474875,0.2786268166172296,1344.0,54837.0,0.010293431390167725,-1.3164365692265836e-17,0.0,39016.0,0.0,0.0,0
0.24187247819386376,0.2786268166172296,1345.0,54837.0,0.010191010036543994,-1.986102128354889e-17,0.0,39016.0,0.0,0.0,0
0.24177107594973632,0.2786268166172296,1346.0,54837.0,0.010089607792416458,8.161906729204818e-17,0.0,39016.0,0.0,0.0,0
0.24167068267479608,0.2786268166172296,1347.0,54837.0,0.009989214517476206,5.580546326069213e-17,0.0,39016.0,0.0,0.0,0
0.2415712883296319,0.2786268166172296,1348.0,54837.0,0.009889820172312078,1.9689312165823686e-17,0.0,39016.0,0.0,0.0,0
0.24147288297472658,0.2786268166172296,1349.0,54837.0,0.009791414817406722,4.7048298256706596e-17,0.0,39016.0,0.0,0.0,0
0.2413754567694625,0.2786268166172296,1350.0,54837.0,0.009693988612142658,5.597717237841733e-17,0.0,39016.0,0.0,0.0,0
0.24127899997113794,0.2786268166172296,1351.0,54837.0,0.009597531813818155,-2.0605094127024788e-17,0.0,39016.0,0.0,0.0,0
0.24118350293399288,0.2786268166172296,1352.0,54837.0,0.009502034776673003,5.4145608456015137e-17,0.0,39016.0,0.0,0.0,0
0.2410889561082437,0.2786268166172296,1353.0,54837.0,0.009407487950923913,-1.4194620398617076e-17,0.0,39016.0,0.0,0.0,0
0.24099535003912934,0.2786268166172296,1354.0,54837.0,0.009313881881809503,1.9345893930373273e-17,0.0,39016.0,0.0,0.0,0
0.24090267536596469,0.2786268166172296,1355.0,54837.0,0.00922120720864489,5.380219022056472e-18,0.0,39016.0,0.0,0.0,0
0.24081092282120528,0.2786268166172296,1356.0,54837.0,0.009129454663885483,-2.2322185304276853e-18,0.0,39016.0,0.0,0.0,0
0.24072008322952015,0.2786268166172296,1357.0,54837.0,0.009038615072200386,-3.686022393834434e-17,0.0,39016.0,0.0,0.0,0
0.2406301475068745,0.2786268166172296,1358.0,54837.0,0.008948679349554704,-1.2820947456815423e-17,0.0,39016.0,0.0,0.0,0
0.24054110665962106,0.2786268166172296,1359.0,54837.0,0.008859638502301247,6.925601081583331e-18,0.0,39016.0,0.0,0.0,0
0.24045295178360088,0.2786268166172296,1360.0,54837.0,0.008771483626281074,-8.184801278234846e-18,0.0,39016.0,0.0,0.0,0
0.2403656740632529,0.2786268166172296,1361.0,54837.0,0.008684205905933126,-4.578909806005509e-19,0.0,39016.0,0.0,0.0,0
0.2402792647707324,0.2786268166172296,1362.0,54837.0,0.008597796613412626,-3.457076903534159e-17,0.0,39016.0,0.0,0.0,0
0.24019371526503816,0.2786268166172296,1363.0,54837.0,0.008512247107718326,3.1022113935687317e-17,0.0,39016.0,0.0,0.0,0
0.24010901699114817,0.2786268166172296,1364.0,54837.0,0.008427548833828364,0.0,0.0,39016.0,0.0,0.0,0
0.24002516147916456,0.2786268166172296,1365.0,54837.0,0.008343693321844764,1.4194620398617076e-17,0.0,39016.0,0.0,0.0,0
0.2399421403434662,0.2786268166172296,1366.0,54837.0,0.008260672186146453,-7.560924817166595e-17,0.0,39016.0,0.0,0.0,0
0.2398599452818705,0.2786268166172296,1367.0,54837.0,0.00817847712455066,1.2420292848789942e-17,0.0,39016.0,0.0,0.0,0
0.2397785680748026,0.2786268166172296,1368.0,54837.0,0.008097099917482767,4.149637011692492e-17,0.0,39016.0,0.0,0.0,0
0.23969800058447402,0.2786268166172296,1369.0,54837.0,0.00801653242715421,-1.4137384026042007e-17,0.0,39016.0,0.0,0.0,0
0.23961823475406865,0.2786268166172296,1370.0,54837.0,0.007936766596748837,1.104661990698829e-17,0.0,39016.0,0.0,0.0,0
0.23953926260693698,0.2786268166172296,1371.0,54837.0,0.007857794449617131,5.540480865266665e-17,0.0,39016.0,0.0,0.0,0
0.23946107624579835,0.2786268166172296,1372.0,54837.0,0.007779608088478575,-1.299265657454063e-17,0.0,39016.0,0.0,0.0,0
0.23938366785195178,0.2786268166172296,1373.0,54837.0,0.0077021996946319,5.666400884931817e-17,0.0,39016.0,0.0,0.0,0
0.23930702968449302,0.2786268166172296,1374.0,54837.0,0.007625561527173211,1.545382059526859e-17,0.0,39016.0,0.0,0.0,0
0.23923115407954165,0.2786268166172296,1375.0,54837.0,0.007549685922221891,-5.729360894764392e-17,0.0,39016.0,0.0,0.0,0
0.23915603344947403,0.2786268166172296,1376.0,54837.0,0.007474565292154214,1.4595275006642557e-17,0.0,39016.0,0.0,0.0,0
0.23908166028216443,0.2786268166172296,1377.0,54837.0,0.007400192124844581,4.830749845335811e-17,0.0,39016.0,0.0,0.0,0
0.23900802714023406,0.2786268166172296,1378.0,54837.0,0.007326558982914286,-1.2592001966515148e-17,0.0,39016.0,0.0,0.0,0
0.23893512666030758,0.2786268166172296,1379.0,54837.0,0.007253658502987756,2.197876706882644e-17,0.0,39016.0,0.0,0.0,0
0.23886295155227602,0.2786268166172296,1380.0,54837.0,0.007181483394956269,-5.878175463459572e-17,0.0,39016.0,0.0,0.0,0
0.23879149459856872,0.2786268166172296,1381.0,54837.0,0.00711002644124886,6.444815551952753e-17,0.0,39016.0,0.0,0.0,0
0.23872074865343046,0.2786268166172296,1382.0,54837.0,0.007039280496110623,3.829113325272106e-17,0.0,39016.0,0.0,0.0,0
0.23865070664220783,0.2786268166172296,1383.0,54837.0,0.006969238484888081,-5.294364463193869e-17,0.0,39016.0,0.0,0.0,0
0.2385813615606416,0.2786268166172296,1384.0,54837.0,0.006899893403321745,5.2199571788462796e-17,0.0,39016.0,0.0,0.0,0
0.23851270647416548,0.2786268166172296,1385.0,54837.0,0.006831238316845685,-2.7072804228007568e-17,0.0,39016.0,0.0,0.0,0
0.23844473451721382,0.2786268166172296,1386.0,54837.0,0.006763266359894013,2.7130040600582637e-17,0.0,39016.0,0.0,0.0,0
0.2383774388925342,0.2786268166172296,1387.0,54837.0,0.006695970735214409,5.723637257506886e-20,0.0,39016.0,0.0,0.0,0
0.2383108128705082,0.2786268166172296,1388.0,54837.0,0.006629344713188318,8.717099543182987e-17,0.0,39016.0,0.0,0.0,0
0.23824484978847785,0.2786268166172296,1389.0,54837.0,0.006563381631158027,1.8716293832047516e-17,0.0,39016.0,0.0,0.0,0
0.23817954305008004,0.2786268166172296,1390.0,54837.0,0.006498074892760346,-1.0439914357692559e-16,0.0,39016.0,0.0,0.0,0
0.2381148861245869,0.2786268166172296,1391.0,54837.0,0.006433417967267016,8.522495876427752e-17,0.0,39016.0,0.0,0.0,0
0.23805087254625149,0.2786268166172296,1392.0,54837.0,0.006369404388931629,4.9566698650009625e-17,0.0,39016.0,0.0,0.0,0
0.23798749591366278,0.2786268166172296,1393.0,54837.0,0.006306027756342983,1.9460366675523412e-18,0.0,39016.0,0.0,0.0,0
0.23792474988910486,0.2786268166172296,1394.0,54837.0,0.006243281731785013,4.6704880021256186e-17,0.0,39016.0,0.0,0.0,0
0.23786262819792275,0.2786268166172296,1395.0,54837.0,0.006181160040602972,2.8618186287534426e-18,0.0,39016.0,0.0,0.0,0
0.23780112462789577,0.2786268166172296,1396.0,54837.0,0.00611965647057597,-1.957483942067355e-17,0.0,39016.0,0.0,0.0,0
0.23774023302861552,0.2786268166172296,1397.0,54837.0,0.006058764871295753,-3.033527746478649e-17,0.0,39016.0,0.0,0.0,0
0.23767994731087147,0.2786268166172296,1398.0,54837.0,0.005998479153551655,1.5625529712993798e-17,0.0,39016.0,0.0,0.0,0
0.23762026144604145,0.2786268166172296,1399.0,54837.0,0.005938793288721675,-1.7056439027370517e-17,0.0,39016.0,0.0,0.0,0
0.23756116946548933,0.2786268166172296,1400.0,54837.0,0.005879701308169564,-6.021266394897244e-17,0.0,39016.0,0.0,0.0,0
0.23750266545996787,0.2786268166172296,1401.0,54837.0,0.005821197302648041,5.048248061121073e-17,0.0,39016.0,0.0,0.0,0
0.23744474357902765,0.2786268166172296,1402.0,54837.0,0.005763275421707803,5.58626996332672e-17,0.0,39016.0,0.0,0.0,0
0.2373873980304323,0.2786268166172296,1403.0,54837.0,0.005705929873112483,4.4014770510227946e-17,0.0,39016.0,0.0,0.0,0
0.23733062307957928,0.2786268166172296,1404.0,54837.0,0.005649154922259419,7.183164758171141e-17,0.0,39016.0,0.0,0.0,0
0.23727441304892607,0.2786268166172296,1405.0,54837.0,0.005592944891606234,3.4341823545041314e-17,0.0,39016.0,0.0,0.0,0
0.23721876231742287,0.2786268166172296,1406.0,54837.0,0.005537294160103008,8.659863170607917e-17,0.0,39016.0,0.0,0.0,0
0.23716366531995006,0.2786268166172296,1407.0,54837.0,0.005482197162630227,2.8732659032684567e-17,0.0,39016.0,0.0,0.0,0
0.23710911654676203,0.2786268166172296,1408.0,54837.0,0.005427648389442218,1.5511056967843658e-17,0.0,39016.0,0.0,0.0,0
0.23705511054293596,0.2786268166172296,1409.0,54837.0,0.0053736423856162,-4.836473482593318e-17,0.0,39016.0,0.0,0.0,0
0.23700164190782663,0.2786268166172296,1410.0,54837.0,0.0053201737505068,3.651680570289393e-17,0.0,39016.0,0.0,0.0,0
0.23694870529452575,0.2786268166172296,1411.0,54837.0,0.005267237137205953,3.0335277464786493e-18,0.0,39016.0,0.0,0.0,0
0.236896295409328,0.2786268166172296,1412.0,54837.0,0.005214827252008195,-8.013092160509639e-19,0.0,39016.0,0.0,0.0,0
0.2368444070112011,0.2786268166172296,1413.0,54837.0,0.005162938853881343,-4.498778884400412e-17,0.0,39016.0,0.0,0.0,0
0.2367930349112621,0.2786268166172296,1414.0,54837.0,0.005111566753942336,-4.412924325537809e-17,0.0,39016.0,0.0,0.0,0
0.23674217397225825,0.2786268166172296,1415.0,54837.0,0.005060705814938385,5.855280914429543e-17,0.0,39016.0,0.0,0.0,0
0.236691819108053,0.2786268166172296,1416.0,54837.0,0.005010350950733201,1.5110402359818177e-17,0.0,39016.0,0.0,0.0,0
0.23664196528311826,0.2786268166172296,1417.0,54837.0,0.004960497125798396,7.932961238904543e-17,0.0,39016.0,0.0,0.0,0
0.2365926075120298,0.2786268166172296,1418.0,54837.0,0.004911139354709928,7.961579425192078e-17,0.0,39016.0,0.0,0.0,0
0.23654374085896945,0.2786268166172296,1419.0,54837.0,0.004862272701649565,9.976299739834501e-17,0.0,39016.0,0.0,0.0,0
0.23649536043723107,0.2786268166172296,1420.0,54837.0,0.004813892279911273,1.104661990698829e-17,0.0,39016.0,0.0,0.0,0
0.23644746140873238,0.2786268166172296,1421.0,54837.0,0.004765993251412548,4.945222590485949e-17,0.0,39016.0,0.0,0.0,0
0.23640003898353046,0.2786268166172296,1422.0,54837.0,0.004718570826210656,4.9223280414559215e-18,0.0,39016.0,0.0,0.0,0
0.23635308841934333,0.2786268166172296,1423.0,54837.0,0.004671620262023537,8.47098314111019e-18,0.0,39016.0,0.0,0.0,0
0.23630660502107548,0.2786268166172296,1424.0,54837.0,0.004625136863755645,3.8749024233321615e-17,0.0,39016.0,0.0,0.0,0
0.23626058414034823,0.2786268166172296,1425.0,54837.0,0.0045791159830284225,6.5249464735578496e-18,0.0,39016.0,0.0,0.0,0
0.23621502117503526,0.2786268166172296,1426.0,54837.0,0.004533553017715448,2.306625814775275e-17,0.0,39016.0,0.0,0.0,0
0.23616991156880204,0.2786268166172296,1427.0,54837.0,0.0044884434114822154,5.151273531756197e-17,0.0,39016.0,0.0,0.0,0
0.23612525081065036,0.2786268166172296,1428.0,54837.0,0.004443782653330526,4.61325162955055e-17,0.0,39016.0,0.0,0.0,0
0.2360810344344671,0.2786268166172296,1429.0,54837.0,0.004399566277147323,-3.8691787860746546e-17,0.0,39016.0,0.0,0.0,0
0.23603725801857797,0.2786268166172296,1430.0,54837.0,0.004355789861258148,2.5756367658780985e-17,0.0,39016.0,0.0,0.0,0
0.23599391718530477,0.2786268166172296,1431.0,54837.0,0.004312449027984945,1.997549402869903e-17,0.0,39016.0,0.0,0.0,0
0.23595100760052806,0.2786268166172296,1432.0,54837.0,0.004269539443208256,9.730183337761705e-18,0.0,39016.0,0.0,0.0,0
0.23590852497325368,0.2786268166172296,1433.0,54837.0,0.004227056815933844,5.838110002657023e-17,0.0,39016.0,0.0,0.0,0
0.23586646505518338,0.2786268166172296,1434.0,54837.0,0.004184996897863593,4.578909806005508e-18,0.0,39016.0,0.0,0.0,0
0.2358248236402904,0.2786268166172296,1435.0,54837.0,0.0041433554829706344,-3.2395786877488974e-17,0.0,39016.0,0.0,0.0,0
0.2357835965643986,0.2786268166172296,1436.0,54837.0,0.004102128407078781,4.5388443452029603e-17,0.0,39016.0,0.0,0.0,0
0.2357427797047659,0.2786268166172296,1437.0,54837.0,0.0040613115474460865,-1.8201166478871895e-17,0.0,39016.0,0.0,0.0,0
0.23570236897967237,0.2786268166172296,1438.0,54837.0,0.004020900822352574,-7.154546571883606e-18,0.0,39016.0,0.0,0.0,0
0.23566236034801186,0.2786268166172296,1439.0,54837.0,0.003980892190692053,1.1390038142438702e-17,0.0,39016.0,0.0,0.0,0
0.2356227498088879,0.2786268166172296,1440.0,54837.0,0.003941281651568035,5.431731757374034e-17,0.0,39016.0,0.0,0.0,0
0.2355835334012134,0.2786268166172296,1441.0,54837.0,0.0039020652438935812,3.313985972096487e-17,0.0,39016.0,0.0,0.0,0
0.23554470720331508,0.2786268166172296,1442.0,54837.0,0.003863239045995254,5.036800786606059e-17,0.0,39016.0,0.0,0.0,0
0.2355062673325407,0.2786268166172296,1443.0,54837.0,0.003824799175220891,2.2551130794577128e-17,0.0,39016.0,0.0,0.0,0
0.2354682099448712,0.2786268166172296,1444.0,54837.0,0.003786741787551399,-8.757165003985535e-18,0.0,39016.0,0.0,0.0,0
0.23543053123453608,0.2786268166172296,1445.0,54837.0,0.0037490630772162906,-1.408014765346694e-17,0.0,39016.0,0.0,0.0,0
0.23539322743363292,0.2786268166172296,1446.0,54837.0,0.0037117592763131263,-9.730183337761705e-18,0.0,39016.0,0.0,0.0,0
0.2353562948117506,0.2786268166172296,1447.0,54837.0,0.003674826654430744,5.84383363991453e-17,0.0,39016.0,0.0,0.0,0
0.23531972967559597,0.2786268166172296,1448.0,54837.0,0.003638261518276173,-5.265746276906334e-18,0.0,39016.0,0.0,0.0,0
0.2352835283686251,0.2786268166172296,1449.0,54837.0,0.0036020602113053233,-3.3712223446715557e-17,0.0,39016.0,0.0,0.0,0
0.23524768727067707,0.2786268166172296,1450.0,54837.0,0.003566219113357326,-4.802131659048277e-17,0.0,39016.0,0.0,0.0,0
0.2352122027976123,0.2786268166172296,1451.0,54837.0,0.0035307346402925215,-3.119382305341253e-17,0.0,39016.0,0.0,0.0,0
0.23517707140095387,0.2786268166172296,1452.0,54837.0,0.0034956032436340417,3.754706040924517e-17,0.0,39016.0,0.0,0.0,0
0.23514228956753275,0.2786268166172296,1453.0,54837.0,0.0034608214102129354,2.7530695208608118e-17,0.0,39016.0,0.0,0.0,0
0.23510785381913663,0.2786268166172296,1454.0,54837.0,0.0034263856618168805,-6.221593698909984e-17,0.0,39016.0,0.0,0.0,0
0.23507376071216216,0.2786268166172296,1455.0,54837.0,0.003392292554842328,1.8315639224022035e-18,0.0,39016.0,0.0,0.0,0
0.23504000683727003,0.2786268166172296,1456.0,54837.0,0.0033585386799501963,6.296000983257574e-19,0.0,39016.0,0.0,0.0,0
0.23500658881904468,0.2786268166172296,1457.0,54837.0,0.0033251206617248437,3.153724128886294e-17,0.0,39016.0,0.0,0.0,0
0.23497350331565636,0.2786268166172296,1458.0,54837.0,0.0032920351583366064,-4.275557031357643e-17,0.0,39016.0,0.0,0.0,0
0.2349407470185274,0.2786268166172296,1459.0,54837.0,0.0032592788612075684,4.9738407767734836e-17,0.0,39016.0,0.0,0.0,0
0.23490831665200054,0.2786268166172296,1460.0,54837.0,0.0032268484946807396,2.690109511028236e-17,0.0,39016.0,0.0,0.0,0
0.23487620897301226,0.2786268166172296,1461.0,54837.0,0.003194740815692412,4.349964315705233e-17,0.0,39016.0,0.0,0.0,0
0.2348444207707678,0.2786268166172296,1462.0,54837.0,0.0031629526134479523,5.941135473292147e-17,0.0,39016.0,0.0,0.0,0
0.23481294886642043,0.2786268166172296,1463.0,54837.0,0.0031314807091006513,-2.9190550013285116e-18,0.0,39016.0,0.0,0.0,0
0.23478179011275357,0.2786268166172296,1464.0,54837.0,0.003100321955433818,-6.719550140313084e-17,0.0,39016.0,0.0,0.0,0
0.23475094139386596,0.2786268166172296,1465.0,54837.0,0.003069473236546151,2.4325458344404263e-17,0.0,39016.0,0.0,0.0,0
0.23472039962485988,0.2786268166172296,1466.0,54837.0,0.0030389314675400387,6.032713669412257e-17,0.0,39016.0,0.0,0.0,0
0.23469016175153293,0.2786268166172296,1467.0,54837.0,0.0030086935942131316,-2.1749821578526166e-17,0.0,39016.0,0.0,0.0,0
0.2346602247500727,0.2786268166172296,1468.0,54837.0,0.002978756592752896,1.3679493045441456e-17,0.0,39016.0,0.0,0.0,0
0.23463058562675404,0.2786268166172296,1469.0,54837.0,0.0029491174694342395,9.272292357161154e-18,0.0,39016.0,0.0,0.0,0
0.23460124141764,0.2786268166172296,1470.0,54837.0,0.0029197732603201388,5.151273531756197e-17,0.0,39016.0,0.0,0.0,0
0.23457218918828499,0.2786268166172296,1471.0,54837.0,0.002890721030965222,-1.946036667552341e-17,0.0,39016.0,0.0,0.0,0
0.23454342603344214,0.2786268166172296,1472.0,54837.0,0.0028619578761223353,1.2248583731064734e-17,0.0,39016.0,0.0,0.0,0
0.2345149490767719,0.2786268166172296,1473.0,54837.0,0.0028334809194520438,4.5102261589154256e-17,0.0,39016.0,0.0,0.0,0
0.23448675547055473,0.2786268166172296,1474.0,54837.0,0.0028052873132349393,-5.49469176720661e-18,0.0,39016.0,0.0,0.0,0
0.2344588423954067,0.2786268166172296,1475.0,54837.0,0.002777374238086907,-4.578909806005509e-19,0.0,39016.0,0.0,0.0,0
0.23443120705999693,0.2786268166172296,1476.0,54837.0,0.0027497389026771616,-1.642683892904476e-17,0.0,39016.0,0.0,0.0,0
0.23440384670076897,0.2786268166172296,1477.0,54837.0,0.00272237854344914,3.4914187270792e-17,0.0,39016.0,0.0,0.0,0
0.23437675858166393,0.2786268166172296,1478.0,54837.0,0.0026952904243441257,5.723637257506885e-18,0.0,39016.0,0.0,0.0,0
0.23434993999384743,0.2786268166172296,1479.0,54837.0,0.0026684718365276314,5.265746276906334e-18,0.0,39016.0,0.0,0.0,0
0.23432338825543836,0.2786268166172296,1480.0,54837.0,0.0026419200981185093,3.645956933031886e-17,0.0,39016.0,0.0,0.0,0
0.2342971007112406,0.2786268166172296,1481.0,54837.0,0.002615632553920823,-1.8029457361146687e-17,0.0,39016.0,0.0,0.0,0
0.23427107473247802,0.2786268166172296,1482.0,54837.0,0.002589606575158218,-8.871637749135673e-18,0.0,39016.0,0.0,0.0,0
0.23424530771653093,0.2786268166172296,1483.0,54837.0,0.002563839559211146,-1.1676220005314046e-17,0.0,39016.0,0.0,0.0,0
0.2342197970866763,0.2786268166172296,1484.0,54837.0,0.002538328929356535,-2.1578112460800958e-17,0.0,39016.0,0.0,0.0,0
0.23419454029183,0.2786268166172296,1485.0,54837.0,0.0025130721345101334,6.96566654238588e-17,0.0,39016.0,0.0,0.0,0
0.23416953480629124,0.2786268166172296,1486.0,54837.0,0.0024880666489714327,1.739985726282093e-17,0.0,39016.0,0.0,0.0,0
0.23414477812949078,0.2786268166172296,1487.0,54837.0,0.002463309972171016,-5.5233099534941446e-17,0.0,39016.0,0.0,0.0,0
0.23412026778574038,0.2786268166172296,1488.0,54837.0,0.002438799628420572,1.8315639224022032e-17,0.0,39016.0,0.0,0.0,0
0.23409600132398517,0.2786268166172296,1489.0,54837.0,0.002414533166665336,3.090764119053718e-17,0.0,39016.0,0.0,0.0,0
0.23407197631755863,0.2786268166172296,1490.0,54837.0,0.0023905081602388647,-1.711367539994559e-17,0.0,39016.0,0.0,0.0,0
0.2340481903639403,0.2786268166172296,1491.0,54837.0,0.00236672220662051,1.1161092652138426e-17,0.0,39016.0,0.0,0.0,0
0.23402464108451496,0.2786268166172296,1492.0,54837.0,0.002343172927195112,4.2583861195851227e-17,0.0,39016.0,0.0,0.0,0
0.23400132612433494,0.2786268166172296,1493.0,54837.0,0.002319857967015071,5.780873630081954e-17,0.0,39016.0,0.0,0.0,0
0.23397824315188478,0.2786268166172296,1494.0,54837.0,0.0022967749945649635,2.4210985599254126e-17,0.0,39016.0,0.0,0.0,0
0.23395538985884817,0.2786268166172296,1495.0,54837.0,0.002273921701528279,1.0148008857559707e-16,0.0,39016.0,0.0,0.0,0
0.23393276395987653,0.2786268166172296,1496.0,54837.0,0.0022512958025566994,2.209323981397658e-17,0.0,39016.0,0.0,0.0,0
0.2339103631923613,0.2786268166172296,1497.0,54837.0,0.0022288950350414596,3.2739205112939384e-17,0.0,39016.0,0.0,0.0,0
0.23388818531620698,0.2786268166172296,1498.0,54837.0,0.0022067171588871426,5.597717237841733e-17,0.0,39016.0,0.0,0.0,0
0.23386622811360738,0.2786268166172296,1499.0,54837.0,0.002184759956287656,-7.051521101248483e-17,0.0,39016.0,0.0,0.0,0
0.2338444893888242,0.2786268166172296,1500.0,54837.0,0.002163021231504425,-1.8029457361146687e-17,0.0,39016.0,0.0,0.0,0
0.23382296696796667,0.2786268166172296,1501.0,54837.0,0.0021414988106468777,-7.49796480733402e-18,0.0,39016.0,0.0,0.0,0
0.23380165869877484,0.2786268166172296,1502.0,54837.0,0.002120190541454989,5.563375414296692e-17,0.0,39016.0,0.0,0.0,0
0.23378056245040382,0.2786268166172296,1503.0,54837.0,0.002099094293084075,-5.4717972181765826e-17,0.0,39016.0,0.0,0.0,0
0.23375967611321155,0.2786268166172296,1504.0,54837.0,0.002078207955891708,4.578909806005508e-17,0.0,39016.0,0.0,0.0,0
0.2337389975985466,0.2786268166172296,1505.0,54837.0,0.002057529441226793,2.6729385992557155e-17,0.0,39016.0,0.0,0.0,0
0.23371852483854044,0.2786268166172296,1506.0,54837.0,0.0020370566812205992,5.0711426101511e-17,0.0,39016.0,0.0,0.0,0
0.2336982557858999,0.2786268166172296,1507.0,54837.0,0.002016787628580087,7.211782944458676e-18,0.0,39016.0,0.0,0.0,0
0.2336781884137029,0.2786268166172296,1508.0,54837.0,0.0019967202563830923,2.249389442200206e-17,0.0,39016.0,0.0,0.0,0
0.23365832071519552,0.2786268166172296,1509.0,54837.0,0.0019768525578756774,3.39984053095909e-17,0.0,39016.0,0.0,0.0,0
0.23363865070359127,0.2786268166172296,1510.0,54837.0,0.001957182546271441,3.1251059425987596e-17,0.0,39016.0,0.0,0.0,0
0.23361917641187266,0.2786268166172296,1511.0,54837.0,0.0019377082545528044,8.5625613372303e-17,0.0,39016.0,0.0,0.0,0
0.2335998958925942,0.2786268166172296,1512.0,54837.0,0.001918427735274402,8.585455886260328e-18,0.0,39016.0,0.0,0.0,0
0.23358080721768804,0.2786268166172296,1513.0,54837.0,0.0018993390603682147,3.525760550624241e-17,0.0,39016.0,0.0,0.0,0
0.23356190847827066,0.2786268166172296,1514.0,54837.0,0.0018804403209508435,1.65413116741949e-17,0.0,39016.0,0.0,0.0,0
0.2335431977844525,0.2786268166172296,1515.0,54837.0,0.0018617296271326155,1.0044983386924583e-16,0.0,39016.0,0.0,0.0,0
0.23352467326514834,0.2786268166172296,1516.0,54837.0,0.001843205107828553,3.8920733351046824e-18,0.0,39016.0,0.0,0.0,0
0.23350633306789112,0.2786268166172296,1517.0,54837.0,0.0018248649105712684,3.897796972362189e-17,0.0,39016.0,0.0,0.0,0
0.23348817535864555,0.2786268166172296,1518.0,54837.0,0.0018067072013257883,-4.7277243747006875e-17,0.0,39016.0,0.0,0.0,0
0.23347019832162583,0.2786268166172296,1519.0,54837.0,0.0017887301643060133,3.4628005407916655e-17,0.0,39016.0,0.0,0.0,0
0.2334524001591131,0.2786268166172296,1520.0,54837.0,0.0017709320017932906,-1.739985726282093e-17,0.0,39016.0,0.0,0.0,0
0.23343477909127633,0.2786268166172296,1521.0,54837.0,0.0017533109339565218,-1.1447274515013772e-19,0.0,39016.0,0.0,0.0,0
0.2334173333559941,0.2786268166172296,1522.0,54837.0,0.0017358651986742596,2.192153069625137e-17,0.0,39016.0,0.0,0.0,0
0.2334000612086783,0.2786268166172296,1523.0,54837.0,0.0017185930513584143,9.53557967100647e-17,0.0,39016.0,0.0,0.0,0
0.2333829609220997,0.2786268166172296,1524.0,54837.0,0.001701492764779878,1.905971206749793e-17,0.0,39016.0,0.0,0.0,0
0.23336603078621554,0.2786268166172296,1525.0,54837.0,0.00168456262889572,1.642683892904476e-17,0.0,39016.0,0.0,0.0,0
0.23334926910799808,0.2786268166172296,1526.0,54837.0,0.0016678009506782782,-8.01309216050964e-18,0.0,39016.0,0.0,0.0,0
0.23333267421126552,0.2786268166172296,1527.0,54837.0,0.0016512060539457354,1.5911711575869142e-17,0.0,39016.0,0.0,0.0,0
0.23331624443651444,0.2786268166172296,1528.0,54837.0,0.0016347762791945927,2.953396824873553e-17,0.0,39016.0,0.0,0.0,0
0.23329997814075346,0.2786268166172296,1529.0,54837.0,0.0016185099834336843,-2.438269471697933e-17,0.0,39016.0,0.0,0.0,0
0.23328387369733972,0.2786268166172296,1530.0,54837.0,0.0016024055400198876,1.3049892947115699e-17,0.0,39016.0,0.0,0.0,0
0.2332679294958153,0.2786268166172296,1531.0,54837.0,0.001586461338495441,4.5331207079454535e-17,0.0,39016.0,0.0,0.0,0
0.2332521439417467,0.2786268166172296,1532.0,54837.0,0.0015706757844269016,1.1676220005314046e-17,0.0,39016.0,0.0,0.0,0
0.2332365154565655,0.2786268166172296,1533.0,54837.0,0.0015550472992456915,4.103847913632437e-17,0.0,39016.0,0.0,0.0,0
0.23322104247741016,0.2786268166172296,1534.0,54837.0,0.0015395743200902908,6.61652466967796e-17,0.0,39016.0,0.0,0.0,0
0.23320572345696966,0.2786268166172296,1535.0,54837.0,0.001524255299649881,-3.594444197714324e-17,0.0,39016.0,0.0,0.0,0
0.23319055686332943,0.2786268166172296,1536.0,54837.0,0.0015090887060096492,-1.7170911772520656e-18,0.0,39016.0,0.0,0.0,0
0.2331755411798174,0.2786268166172296,1537.0,54837.0,0.0014940730224975965,6.868364709008262e-19,0.0,39016.0,0.0,0.0,0
0.23316067490485268,0.2786268166172296,1538.0,54837.0,0.0014792067475328731,2.0490621381874648e-17,0.0,39016.0,0.0,0.0,0
0.23314595655179537,0.2786268166172296,1539.0,54837.0,0.0014644883944755617,2.2322185304276852e-17,0.0,39016.0,0.0,0.0,0
0.2331313846487979,0.2786268166172296,1540.0,54837.0,0.0014499164914781118,-2.09485123624752e-17,0.0,39016.0,0.0,0.0,0
0.23311695773865793,0.2786268166172296,1541.0,54837.0,0.0014354895813380806,2.5813604031356054e-17,0.0,39016.0,0.0,0.0,0
0.23310267437867227,0.2786268166172296,1542.0,54837.0,0.0014212062213524355,4.327069766675205e-17,0.0,39016.0,0.0,0.0,0
0.2330885331404931,0.2786268166172296,1543.0,54837.0,0.0014070649831732626,4.418647962795316e-17,0.0,39016.0,0.0,0.0,0
0.23307453260998484,0.2786268166172296,1544.0,54837.0,0.0013930644526649627,8.36223403321756e-17,0.0,39016.0,0.0,0.0,0
0.23306067138708267,0.2786268166172296,1545.0,54837.0,0.0013792032297628234,4.9223280414559215e-17,0.0,39016.0,0.0,0.0,0
0.23304694808565285,0.2786268166172296,1546.0,54837.0,0.0013654799283330029,3.789047864469558e-17,0.0,39016.0,0.0,0.0,0
0.23303336133335376,0.2786268166172296,1547.0,54837.0,0.0013518931760339167,2.781687707148346e-17,0.0,39016.0,0.0,0.0,0
0.2330199097714988,0.2786268166172296,1548.0,54837.0,0.0013384416141790094,-1.8315639224022032e-17,0.0,39016.0,0.0,0.0,0
0.23300659205492075,0.2786268166172296,1549.0,54837.0,0.0013251238976009,6.35896099309015e-17,0.0,39016.0,0.0,0.0,0
0.23299340685183662,0.2786268166172296,1550.0,54837.0,0.0013119386945168252,2.2322185304276853e-18,0.0,39016.0,0.0,0.0,0
0.2329803528437153,0.2786268166172296,1551.0,54837.0,0.001298884686395474,3.0735932072811975e-17,0.0,39016.0,0.0,0.0,0
0.23296742872514506,0.2786268166172296,1552.0,54837.0,0.001285960567825181,7.412110248471416e-17,0.0,39016.0,0.0,0.0,0
0.2329546332037031,0.2786268166172296,1553.0,54837.0,0.001273165046383311,-2.2322185304276853e-18,0.0,39016.0,0.0,0.0,0
0.23294196499982692,0.2786268166172296,1554.0,54837.0,0.0012604968425070405,7.377768424926375e-17,0.0,39016.0,0.0,0.0,0
0.2329294228466853,0.2786268166172296,1555.0,54837.0,0.0012479546893654505,4.201149747010054e-17,0.0,39016.0,0.0,0.0,0
0.23291700549005256,0.2786268166172296,1556.0,54837.0,0.001235537332732766,1.751433000797107e-17,0.0,39016.0,0.0,0.0,0
0.23290471168818278,0.2786268166172296,1557.0,54837.0,0.0012232435308629664,2.1291930597925613e-17,0.0,39016.0,0.0,0.0,0
0.23289254021168546,0.2786268166172296,1558.0,54837.0,0.0012110720543656189,3.6287860212593654e-17,0.0,39016.0,0.0,0.0,0
0.23288048984340273,0.2786268166172296,1559.0,54837.0,0.0011990216860829537,-8.585455886260328e-18,0.0,39016.0,0.0,0.0,0
0.23286855937828788,0.2786268166172296,1560.0,54837.0,0.0011870912209680643,1.3164365692265836e-18,0.0,39016.0,0.0,0.0,0
0.23285674762328434,0.2786268166172296,1561.0,54837.0,0.0011752794659645315,2.4325458344404263e-17,0.0,39016.0,0.0,0.0,0
0.23284505339720682,0.2786268166172296,1562.0,54837.0,0.0011635852398869963,1.2935420201965561e-17,0.0,39016.0,0.0,0.0,0
0.2328334755306229,0.2786268166172296,1563.0,54837.0,0.001152007373303107,-2.787411344405853e-17,0.0,39016.0,0.0,0.0,0
0.2328220128657364,0.2786268166172296,1564.0,54837.0,0.0011405447084165499,4.6704880021256186e-17,0.0,39016.0,0.0,0.0,0
0.23281066425627117,0.2786268166172296,1565.0,54837.0,0.0011291960989512988,6.708102865798069e-17,0.0,39016.0,0.0,0.0,0
0.23279942856735675,0.2786268166172296,1566.0,54837.0,0.0011179604100369476,-2.2608367167152196e-17,0.0,39016.0,0.0,0.0,0
0.23278830467541503,0.2786268166172296,1567.0,54837.0,0.0011068365180952314,-2.547018579590564e-17,0.0,39016.0,0.0,0.0,0
0.23277729146804751,0.2786268166172296,1568.0,54837.0,0.0010958233107276928,3.525760550624241e-17,0.0,39016.0,0.0,0.0,0
0.23276638784392426,0.2786268166172296,1569.0,54837.0,0.0010849196866044165,2.0891275989900132e-17,0.0,39016.0,0.0,0.0,0
0.2327555927126737,0.2786268166172296,1570.0,54837.0,0.0010741245553538999,1.098938353441322e-17,0.0,39016.0,0.0,0.0,0
0.23274490499477385,0.2786268166172296,1571.0,54837.0,0.0010634368374540285,2.0204439518999307e-17,0.0,39016.0,0.0,0.0,0
0.2327343236214439,0.2786268166172296,1572.0,54837.0,0.0010528554641241047,-3.5715496486842965e-17,0.0,39016.0,0.0,0.0,0
0.23272384753453776,0.2786268166172296,1573.0,54837.0,0.0010423793772179732,-7.04007382673347e-18,0.0,39016.0,0.0,0.0,0
0.232713475686438,0.2786268166172296,1574.0,54837.0,0.001032007529118215,-2.9190550013285113e-17,0.0,39016.0,0.0,0.0,0
0.2327032070399512,0.2786268166172296,1575.0,54837.0,0.0010217388826313661,3.3254332466115004e-17,0.0,39016.0,0.0,0.0,0
0.23269304056820408,0.2786268166172296,1576.0,54837.0,0.0010115724108842594,3.920691521392217e-17,0.0,39016.0,0.0,0.0,0
0.23268297525454099,0.2786268166172296,1577.0,54837.0,0.0010015070972212022,-2.798858618920867e-17,0.0,39016.0,0.0,0.0,0
0.23267301009242225,0.2786268166172296,1578.0,54837.0,0.000991541935102463,2.9762913739035803e-18,0.0,39016.0,0.0,0.0,0
0.23266314408532338,0.2786268166172296,1579.0,54837.0,0.000981675928003524,4.910880766940908e-17,0.0,39016.0,0.0,0.0,0
0.23265337624663526,0.2786268166172296,1580.0,54837.0,0.0009719080893154531,5.151273531756196e-19,0.0,39016.0,0.0,0.0,0
0.23264370559956604,0.2786268166172296,1581.0,54837.0,0.0009622374422462304,4.0637824528298887e-17,0.0,39016.0,0.0,0.0,0
0.2326341311770429,0.2786268166172296,1582.0,54837.0,0.0009526630197231047,1.0760438044112945e-17,0.0,39016.0,0.0,0.0,0
0.2326246520216157,0.2786268166172296,1583.0,54837.0,0.0009431838642958367,5.288640825936362e-17,0.0,39016.0,0.0,0.0,0
0.2326152671853608,0.2786268166172296,1584.0,54837.0,0.0009337990280409961,8.013092160509639e-19,0.0,39016.0,0.0,0.0,0
0.2326059757297869,0.2786268166172296,1585.0,54837.0,0.0009245075724671223,-2.2608367167152196e-17,0.0,39016.0,0.0,0.0,0
0.23259677672574075,0.2786268166172296,1586.0,54837.0,0.0009153085684209176,2.5241240305605365e-17,0.0,39016.0,0.0,0.0,0
0.23258766925331417,0.2786268166172296,1587.0,54837.0,0.0009062010959943247,7.618161189741665e-17,0.0,39016.0,0.0,0.0,0
0.23257865240175227,0.2786268166172296,1588.0,54837.0,0.0008971842444324979,-4.493055247142905e-17,0.0,39016.0,0.0,0.0,0
0.23256972526936262,0.2786268166172296,1589.0,54837.0,0.0008882571120427643,5.139826257241183e-17,0.0,39016.0,0.0,0.0,0
0.2325608869634243,0.2786268166172296,1590.0,54837.0,0.0008794188061044537,4.5102261589154256e-17,0.0,39016.0,0.0,0.0,0
0.2325521366000994,0.2786268166172296,1591.0,54837.0,0.0008706684427796041,-1.448080226149242e-17,0.0,39016.0,0.0,0.0,0
0.23254347330434444,0.2786268166172296,1592.0,54837.0,0.0008620051470245944,5.941135473292147e-17,0.0,39016.0,0.0,0.0,0
0.23253489620982248,0.2786268166172296,1593.0,54837.0,0.0008534280525026326,2.896160452298484e-17,0.0,39016.0,0.0,0.0,0
0.2325264044588169,0.2786268166172296,1594.0,54837.0,0.0008449363014971093,-2.2837312657452472e-17,0.0,39016.0,0.0,0.0,0
0.2325179972021456,0.2786268166172296,1595.0,54837.0,0.000836529044825846,-4.7620661982457285e-17,0.0,39016.0,0.0,0.0,0
0.23250967359907604,0.2786268166172296,1596.0,54837.0,0.0008282054417561809,7.675397562316733e-17,0.0,39016.0,0.0,0.0,0
0.23250143281724073,0.2786268166172296,1597.0,54837.0,0.0008199646599208608,5.84383363991453e-17,0.0,39016.0,0.0,0.0,0
0.23249327403255465,0.2786268166172296,1598.0,54837.0,0.0008118058752348472,1.1390038142438702e-17,0.0,39016.0,0.0,0.0,0
0.2324851964291326,0.2786268166172296,1599.0,54837.0,0.0008037282718128544,-7.33197932686632e-17,0.0,39016.0,0.0,0.0,0
0.23247719919920762,0.2786268166172296,1600.0,54837.0,0.000795731041887819,-3.148000491628787e-18,0.0,39016.0,0.0,0.0,0
0.23246928154304988,0.2786268166172296,1601.0,54837.0,0.000787813385730091,-1.098938353441322e-17,0.0,39016.0,0.0,0.0,0
0.23246144266888724,0.2786268166172296,1602.0,54837.0,0.0007799745115674429,1.4309093143767213e-18,0.0,39016.0,0.0,0.0,0
0.23245368179282577,0.2786268166172296,1603.0,54837.0,0.0007722136355059402,4.578909806005508e-17,0.0,39016.0,0.0,0.0,0
0.2324459981387713,0.2786268166172296,1604.0,54837.0,0.0007645299814515017,-9.157819612011017e-19,0.0,39016.0,0.0,0.0,0
0.23243839093835214,0.2786268166172296,1605.0,54837.0,0.0007569227810323029,2.386756736380371e-17,0.0,39016.0,0.0,0.0,0
0.2324308594308418,0.2786268166172296,1606.0,54837.0,0.0007493912735220008,4.750618923730715e-18,0.0,39016.0,0.0,0.0,0
0.23242340286308336,0.2786268166172296,1607.0,54837.0,0.0007419347057635284,3.3540514328990346e-17,0.0,39016.0,0.0,0.0,0
0.23241602048941376,0.2786268166172296,1608.0,54837.0,0.0007345523320939175,4.61325162955055e-17,0.0,39016.0,0.0,0.0,0
0.23240871157158952,0.2786268166172296,1609.0,54837.0,0.0007272434142696501,5.540480865266665e-17,0.0,39016.0,0.0,0.0,0
0.23240147537871267,0.2786268166172296,1610.0,54837.0,0.0007200072213928509,2.8618186287534424e-17,0.0,39016.0,0.0,0.0,0
0.23239431118715803,0.2786268166172296,1611.0,54837.0,0.0007128430298381868,3.777600589954544e-17,0.0,39016.0,0.0,0.0,0
0.23238721828050038,0.2786268166172296,1612.0,54837.0,0.0007057501231805484,4.138189737177478e-17,0.0,39016.0,0.0,0.0,0
0.2323801959494432,0.2786268166172296,1613.0,54837.0,0.0006987277921233638,3.4914187270792e-17,0.0,39016.0,0.0,0.0,0
0.23237324349174748,0.2786268166172296,1614.0,54837.0,0.0006917753344276541,3.062145932766184e-17,0.0,39016.0,0.0,0.0,0
0.23236636021216164,0.2786268166172296,1615.0,54837.0,0.0006848920548418796,-4.584633443263015e-17,0.0,39016.0,0.0,0.0,0
0.2323595454223521,0.2786268166172296,1616.0,54837.0,0.000678077265032317,-8.070328533084708e-18,0.0,39016.0,0.0,0.0,0
0.23235279844083417,0.2786268166172296,1617.0,54837.0,0.0006713302835143361,1.4309093143767212e-17,0.0,39016.0,0.0,0.0,0
0.232346118592904,0.2786268166172296,1618.0,54837.0,0.0006646504355841557,3.136553217113773e-17,0.0,39016.0,0.0,0.0,0
0.2323395052105712,0.2786268166172296,1619.0,54837.0,0.0006580370532514046,4.464437060855371e-18,0.0,39016.0,0.0,0.0,0
0.23233295763249215,0.2786268166172296,1620.0,54837.0,0.0006514894751723433,1.499592961466804e-17,0.0,39016.0,0.0,0.0,0
0.23232647520390348,0.2786268166172296,1621.0,54837.0,0.00064500704658371,-2.2665603539727267e-17,0.0,39016.0,0.0,0.0,0
0.23232005727655708,0.2786268166172296,1622.0,54837.0,0.0006385891192372426,3.010633197448622e-17,0.0,39016.0,0.0,0.0,0
0.2323137032086547,0.2786268166172296,1623.0,54837.0,0.000632235051334863,3.0506986582511696e-17,0.0,39016.0,0.0,0.0,0
0.23230741236478433,0.2786268166172296,1624.0,54837.0,0.0006259442074644802,6.089950041987326e-17,0.0,39016.0,0.0,0.0,0
0.23230118411585624,0.2786268166172296,1625.0,54837.0,0.0006197159585364653,-3.8691787860746546e-17,0.0,39016.0,0.0,0.0,0
0.23229501783904055,0.2786268166172296,1626.0,54837.0,0.0006135496817207276,1.7170911772520657e-17,0.0,39016.0,0.0,0.0,0
0.23228891291770423,0.2786268166172296,1627.0,54837.0,0.00060744476038446,-1.499592961466804e-17,0.0,39016.0,0.0,0.0,0
0.2322828687413503,0.2786268166172296,1628.0,54837.0,0.0006014005840304387,4.246938845070109e-17,0.0,39016.0,0.0,0.0,0
0.23227688470555574,0.2786268166172296,1629.0,54837.0,0.0005954165482360006,-8.167630366462325e-17,0.0,39016.0,0.0,0.0,0
0.23227096021191238,0.2786268166172296,1630.0,54837.0,0.0005894920545925505,5.649229973159296e-17,0.0,39016.0,0.0,0.0,0
0.23226509466796563,0.2786268166172296,1631.0,54837.0,0.0005836265106458097,3.6058914722293375e-17,0.0,39016.0,0.0,0.0,0
0.23225928748715635,0.2786268166172296,1632.0,54837.0,0.0005778193298364887,5.082589884666114e-17,0.0,39016.0,0.0,0.0,0
0.23225353808876148,0.2786268166172296,1633.0,54837.0,0.0005720699314416739,3.2395786877488974e-17,0.0,39016.0,0.0,0.0,0
0.23224784589783656,0.2786268166172296,1634.0,54837.0,0.0005663777405167205,3.0506986582511696e-17,0.0,39016.0,0.0,0.0,0
0.2322422103451576,0.2786268166172296,1635.0,54837.0,0.0005607421878378127,-2.8789895405259635e-17,0.0,39016.0,0.0,0.0,0
0.2322366308671648,0.2786268166172296,1636.0,54837.0,0.000555162709844971,6.227317336167492e-17,0.0,39016.0,0.0,0.0,0
0.2322311069059056,0.2786268166172296,1637.0,54837.0,0.0005496387485857588,2.890436815040977e-17,0.0,39016.0,0.0,0.0,0
0.2322256379089792,0.2786268166172296,1638.0,54837.0,0.0005441697516594329,-3.1880659524313353e-17,0.0,39016.0,0.0,0.0,0
0.23222022332948153,0.2786268166172296,1639.0,54837.0,0.0005387551721617387,-1.1676220005314046e-17,0.0,39016.0,0.0,0.0,0
0.23221486262595006,0.2786268166172296,1640.0,54837.0,0.0005333944686302339,3.7318114918944895e-17,0.0,39016.0,0.0,0.0,0
0.23220955526230988,0.2786268166172296,1641.0,54837.0,0.0005280871049900921,-8.299274023384984e-18,0.0,39016.0,0.0,0.0,0
0.23220430070782028,0.2786268166172296,1642.0,54837.0,0.0005228325505005148,-2.9133313640710045e-17,0.0,39016.0,0.0,0.0,0
0.23219909843702147,0.2786268166172296,1643.0,54837.0,0.0005176302797016903,-1.6083420693594347e-17,0.0,39016.0,0.0,0.0,0
0.232193947929682,0.2786268166172296,1644.0,54837.0,0.0005124797723621986,1.1790692750464185e-17,0.0,39016.0,0.0,0.0,0
0.23218884867074682,0.2786268166172296,1645.0,54837.0,0.000507380513427,1.4824220496942833e-17,0.0,39016.0,0.0,0.0,0
0.23218380015028578,0.2786268166172296,1646.0,54837.0,0.0005023319929659705,2.152087608822589e-17,0.0,39016.0,0.0,0.0,0
0.23217880186344264,0.2786268166172296,1647.0,54837.0,0.0004973337061228485,9.615710592611567e-18,0.0,39016.0,0.0,0.0,0
0.2321738533103846,0.2786268166172296,1648.0,54837.0,0.0004923851530647806,-2.4611640207279608e-18,0.0,39016.0,0.0,0.0,0
0.23216895399625218,0.2786268166172296,1649.0,54837.0,0.0004874858389323471,2.4668876579854676e-17,0.0,39016.0,0.0,0.0,0
0.23216410343110985,0.2786268166172296,1650.0,54837.0,0.00048263527379004487,1.6255129811319555e-17,0.0,39016.0,0.0,0.0,0
0.23215930112989716,0.2786268166172296,1651.0,54837.0,0.0004778329725773112,4.412924325537809e-17,0.0,39016.0,0.0,0.0,0
0.2321545466123798,0.2786268166172296,1652.0,54837.0,0.0004730784550600476,-5.729360894764392e-17,0.0,39016.0,0.0,0.0,0
0.23214983940310227,0.2786268166172296,1653.0,54837.0,0.0004683712457824968,-1.001636520063705e-17,0.0,39016.0,0.0,0.0,0
0.2321451790313397,0.2786268166172296,1654.0,54837.0,0.0004637108740198616,1.2305820103639804e-17,0.0,39016.0,0.0,0.0,0
0.2321405650310509,0.2786268166172296,1655.0,54837.0,0.00045909687373104843,6.427644640180232e-17,0.0,39016.0,0.0,0.0,0
0.23213599694083192,0.2786268166172296,1656.0,54837.0,0.000454528783512194,-6.330342806802615e-17,0.0,39016.0,0.0,0.0,0
0.2321314743038703,0.2786268166172296,1657.0,54837.0,0.0004500061465504457,4.8193025708207974e-17,0.0,39016.0,0.0,0.0,0
0.23212699666789816,0.2786268166172296,1658.0,54837.0,0.0004455285105783789,-2.3924803736378782e-17,0.0,39016.0,0.0,0.0,0
0.23212256358514838,0.2786268166172296,1659.0,54837.0,0.00044109542782863815,-4.5102261589154256e-17,0.0,39016.0,0.0,0.0,0
0.2321181746123091,0.2786268166172296,1660.0,54837.0,0.00043670645498925686,6.35896099309015e-17,0.0,39016.0,0.0,0.0,0
0.2321138293104791,0.2786268166172296,1661.0,54837.0,0.00043236115315930813,4.235491570555095e-18,0.0,39016.0,0.0,0.0,0
0.23210952724512476,0.2786268166172296,1662.0,54837.0,0.0004280590878049664,1.4137384026042007e-17,0.0,39016.0,0.0,0.0,0
0.23210526798603595,0.2786268166172296,1663.0,54837.0,0.000423799828716125,3.525760550624241e-17,0.0,39016.0,0.0,0.0,0
0.23210105110728313,0.2786268166172296,1664.0,54837.0,0.0004195829499633345,-2.00327304012741e-17,0.0,39016.0,0.0,0.0,0
0.23209687618717498,0.2786268166172296,1665.0,54837.0,0.00041540802985518135,1.4652511379217628e-17,0.0,39016.0,0.0,0.0,0
0.232092742808216,0.2786268166172296,1666.0,54837.0,0.00041127465089619197,4.693382551155646e-18,0.0,39016.0,0.0,0.0,0
0.23208865055706487,0.2786268166172296,1667.0,54837.0,0.0004071823997450246,6.353237355832643e-17,0.0,39016.0,0.0,0.0,0
0.23208459902449297,0.2786268166172296,1668.0,54837.0,0.0004031308671731499,3.479971452564186e-17,0.0,39016.0,0.0,0.0,0
0.2320805878053437,0.2786268166172296,1669.0,54837.0,0.0003991196480239309,-2.152087608822589e-17,0.0,39016.0,0.0,0.0,0
0.23207661649849196,0.2786268166172296,1670.0,54837.0,0.0003951483411721121,1.940313030294834e-17,0.0,39016.0,0.0,0.0,0
0.23207268470680348,0.2786268166172296,1671.0,54837.0,0.0003912165494837172,-2.2379421676851923e-17,0.0,39016.0,0.0,0.0,0
0.23206879203709604,0.2786268166172296,1672.0,54837.0,0.000387323879776274,-1.711367539994559e-17,0.0,39016.0,0.0,0.0,0
0.2320649381000994,0.2786268166172296,1673.0,54837.0,0.00038346994277958134,1.545382059526859e-17,0.0,39016.0,0.0,0.0,0
0.23206112251041652,0.2786268166172296,1674.0,54837.0,0.00037965435309673587,2.9762913739035803e-18,0.0,39016.0,0.0,0.0,0
0.23205734488648536,0.2786268166172296,1675.0,54837.0,0.00037587672916556764,5.036800786606059e-18,0.0,39016.0,0.0,0.0,0
0.23205360485054036,0.2786268166172296,1676.0,54837.0,0.0003721366932205486,2.6214258639381535e-17,0.0,39016.0,0.0,0.0,0
0.23204990202857476,0.2786268166172296,1677.0,54837.0,0.00036843387125497186,-1.3736729418016524e-18,0.0,39016.0,0.0,0.0,0
0.23204623605030342,0.2786268166172296,1678.0,54837.0,0.00036476789298354697,3.594444197714324e-17,0.0,39016.0,0.0,0.0,0
0.23204260654912526,0.2786268166172296,1679.0,54837.0,0.00036113839180539466,5.094037159181128e-17,0.0,39016.0,0.0,0.0,0
0.2320390131620872,0.2786268166172296,1680.0,54837.0,0.0003575450047673752,4.836473482593318e-17,0.0,39016.0,0.0,0.0,0
0.23203545552984758,0.2786268166172296,1681.0,54837.0,0.0003539873725277816,1.8372875596597103e-17,0.0,39016.0,0.0,0.0,0
0.2320319332966403,0.2786268166172296,1682.0,54837.0,0.0003504651393204363,5.809491816369488e-17,0.0,39016.0,0.0,0.0,0
0.23202844611023887,0.2786268166172296,1683.0,54837.0,0.0003469779529190784,-5.895346375232092e-18,0.0,39016.0,0.0,0.0,0
0.232024993621922,0.2786268166172296,1684.0,54837.0,0.0003435254646021587,3.8520078743021335e-17,0.0,39016.0,0.0,0.0,0
0.2320215754864378,0.2786268166172296,1685.0,54837.0,0.0003401073291179737,2.043338500929958e-17,0.0,39016.0,0.0,0.0,0
0.2320181913619699,0.2786268166172296,1686.0,54837.0,0.00033672320465012186,-1.1847929123039253e-17,0.0,39016.0,0.0,0.0,0
0.23201484091010313,0.2786268166172296,1687.0,54837.0,0.0003333727527833388,3.777600589954544e-18,0.0,39016.0,0.0,0.0,0
0.23201152379578946,0.2786268166172296,1688.0,54837.0,0.00033005563846964727,1.3679493045441456e-17,0.0,39016.0,0.0,0.0,0
0.23200823968731465,0.2786268166172296,1689.0,54837.0,0.0003267715299948495,6.5249464735578496e-18,0.0,39016.0,0.0,0.0,0
0.23200498825626517,0.2786268166172296,1690.0,54837.0,0.0003235200989453631,-9.100583239435948e-18,0.0,39016.0,0.0,0.0,0
0.2320017691774952,0.2786268166172296,1691.0,54837.0,0.0003203010201753678,2.86754226601095e-17,0.0,39016.0,0.0,0.0,0
0.2319985821290941,0.2786268166172296,1692.0,54837.0,0.0003171139717743203,-1.7056439027370517e-17,0.0,39016.0,0.0,0.0,0
0.23199542679235455,0.2786268166172296,1693.0,54837.0,0.000313958635034701,4.596080717778029e-17,0.0,39016.0,0.0,0.0,0
0.23199230285174,0.2786268166172296,1694.0,54837.0,0.000310834694420225,-4.103847913632437e-17,0.0,39016.0,0.0,0.0,0
0.23198920999485406,0.2786268166172296,1695.0,54837.0,0.0003077418375342137,7.606713915226651e-17,0.0,39016.0,0.0,0.0,0
0.23198614791240826,0.2786268166172296,1696.0,54837.0,0.00030467975508841814,3.170895040658814e-17,0.0,39016.0,0.0,0.0,0
0.23198311629819185,0.2786268166172296,1697.0,54837.0,0.00030164814087202656,3.91496788413471e-17,0.0,39016.0,0.0,0.0,0
0.23198011484904088,0.2786268166172296,1698.0,54837.0,0.00029864669172108526,-8.356510395960052e-18,0.0,39016.0,0.0,0.0,0
0.231977143264808,0.2786268166172296,1699.0,54837.0,0.00029567510748819875,1.299265657454063e-17,0.0,39016.0,0.0,0.0,0
0.2319742012483323,0.2786268166172296,1700.0,54837.0,0.00029273309101246963,2.152087608822589e-17,0.0,39016.0,0.0,0.0,0
0.23197128850540957,0.2786268166172296,1701.0,54837.0,0.00028982034808977335,6.238764610682505e-18,0.0,39016.0,0.0,0.0,0
0.23196840474476324,0.2786268166172296,1702.0,54837.0,0.00028693658744340626,3.4914187270792e-17,0.0,39016.0,0.0,0.0,0
0.23196554967801472,0.2786268166172296,1703.0,54837.0,0.00028408152069489843,3.1022113935687317e-17,0.0,39016.0,0.0,0.0,0
0.23196272301965498,0.2786268166172296,1704.0,54837.0,0.0002812548623351919,-2.0261675891574375e-17,0.0,39016.0,0.0,0.0,0
0.23195992448701594,0.2786268166172296,1705.0,54837.0,0.0002784563296961043,3.6287860212593654e-17,0.0,39016.0,0.0,0.0,0
0.23195715380024182,0.2786268166172296,1706.0,54837.0,0.00027568564292203117,1.0874910789263083e-17,0.0,39016.0,0.0,0.0,0
0.23195441068226177,0.2786268166172296,1707.0,54837.0,0.000272942524941981,-2.4153749226679055e-17,0.0,39016.0,0.0,0.0,0
0.2319516948587617,0.2786268166172296,1708.0,54837.0,0.0002702267014418917,-8.98611049428581e-18,0.0,39016.0,0.0,0.0,0
0.23194900605815696,0.2786268166172296,1709.0,54837.0,0.0002675379008371278,3.0735932072811975e-17,0.0,39016.0,0.0,0.0,0
0.23194634401156516,0.2786268166172296,1710.0,54837.0,0.0002648758542454015,-4.9223280414559215e-17,0.0,39016.0,0.0,0.0,0
0.23194370845277965,0.2786268166172296,1711.0,54837.0,0.0002622402954598291,4.1782551979800264e-17,0.0,39016.0,0.0,0.0,0
0.23194109911824212,0.2786268166172296,1712.0,54837.0,0.00025963096092233997,-2.0605094127024788e-17,0.0,39016.0,0.0,0.0,0
0.2319385157470171,0.2786268166172296,1713.0,54837.0,0.0002570475896972907,5.609164512356748e-18,0.0,39016.0,0.0,0.0,0
0.23193595808076525,0.2786268166172296,1714.0,54837.0,0.00025448992344542673,2.5069531187880157e-17,0.0,39016.0,0.0,0.0,0
0.2319334258637178,0.2786268166172296,1715.0,54837.0,0.0002519577063979871,2.690109511028236e-18,0.0,39016.0,0.0,0.0,0
0.231930918842651,0.2786268166172296,1716.0,54837.0,0.00024945068533114363,6.942771993355852e-17,0.0,39016.0,0.0,0.0,0
0.23192843676686056,0.2786268166172296,1717.0,54837.0,0.00024696860954072,3.3826696191865693e-17,0.0,39016.0,0.0,0.0,0
0.23192597938813686,0.2786268166172296,1718.0,54837.0,0.0002445112308170586,1.2248583731064734e-17,0.0,39016.0,0.0,0.0,0
0.23192354646074007,0.2786268166172296,1719.0,54837.0,0.00024207830342022805,4.4072006882803014e-17,0.0,39016.0,0.0,0.0,0
0.2319211377413753,0.2786268166172296,1720.0,54837.0,0.000239669584055481,-4.063782452829889e-18,0.0,39016.0,0.0,0.0,0
0.23191875298916864,0.2786268166172296,1721.0,54837.0,0.00023728483184885644,-1.9918257656123962e-17,0.0,39016.0,0.0,0.0,0
0.23191639196564298,0.2786268166172296,1722.0,54837.0,0.00023492380832315787,-8.013092160509639e-19,0.0,39016.0,0.0,0.0,0
0.2319140544346939,0.2786268166172296,1723.0,54837.0,0.00023258627737406806,3.285367785808952e-17,0.0,39016.0,0.0,0.0,0
0.23191174016256635,0.2786268166172296,1724.0,54837.0,0.000230272005246536,2.690109511028236e-17,0.0,39016.0,0.0,0.0,0
0.23190944891783127,0.2786268166172296,1725.0,54837.0,0.00022798076051141914,6.124291865532368e-17,0.0,39016.0,0.0,0.0,0
0.23190718047136213,0.2786268166172296,1726.0,54837.0,0.00022571231404233975,1.4194620398617076e-17,0.0,39016.0,0.0,0.0,0
0.2319049345963126,0.2786268166172296,1727.0,54837.0,0.00022346643899275444,3.1823423151738285e-17,0.0,39016.0,0.0,0.0,0
0.23190271106809313,0.2786268166172296,1728.0,54837.0,0.00022124291077330413,2.6157022266806467e-17,0.0,39016.0,0.0,0.0,0
0.23190050966434908,0.2786268166172296,1729.0,54837.0,0.000219041507029283,-2.455440383470454e-17,0.0,39016.0,0.0,0.0,0
0.23189833016493838,0.2786268166172296,1730.0,54837.0,0.00021686200761851044,7.194612032686154e-17,0.0,39016.0,0.0,0.0,0
0.23189617235190904,0.2786268166172296,1731.0,54837.0,0.0002147041945892258,2.758793158118319e-17,0.0,39016.0,0.0,0.0,0
0.23189403600947817,0.2786268166172296,1732.0,54837.0,0.00021256785215830582,5.179891718043731e-17,0.0,39016.0,0.0,0.0,0
0.23189192092400954,0.2786268166172296,1733.0,54837.0,0.00021045276668975102,-2.4039276481528917e-18,0.0,39016.0,0.0,0.0,0
0.23188982688399304,0.2786268166172296,1734.0,54837.0,0.00020835872667324083,2.2837312657452472e-17,0.0,39016.0,0.0,0.0,0
0.2318877536800228,0.2786268166172296,1735.0,54837.0,0.00020628552270302998,-3.5772732859418033e-17,0.0,39016.0,0.0,0.0,0
0.23188570110477677,0.2786268166172296,1736.0,54837.0,0.00020423294745699453,-4.00654608025482e-18,0.0,39016.0,0.0,0.0,0
0.23188366895299573,0.2786268166172296,1737.0,54837.0,0.00020220079567590505,3.0163568347061286e-17,0.0,39016.0,0.0,0.0,0
0.23188165702146266,0.2786268166172296,1738.0,54837.0,0.00020018886414287462,-1.585447520329407e-17,0.0,39016.0,0.0,0.0,0
0.23187966510898295,0.2786268166172296,1739.0,54837.0,0.00019819695166308757,4.6704880021256186e-17,0.0,39016.0,0.0,0.0,0
0.23187769301636346,0.2786268166172296,1740.0,54837.0,0.00019622485904363803,9.844656082911843e-18,0.0,39016.0,0.0,0.0,0
0.23187574054639337,0.2786268166172296,1741.0,54837.0,0.00019427238907360696,-3.537207825139255e-17,0.0,39016.0,0.0,0.0,0
0.23187380750382422,0.2786268166172296,1742.0,54837.0,0.00019233934650437272,4.601804355035536e-17,0.0,39016.0,0.0,0.0,0
0.23187189369534988,0.2786268166172296,1743.0,54837.0,0.00019042553803007704,2.690109511028236e-17,0.0,39016.0,0.0,0.0,0
0.23186999892958812,0.2786268166172296,1744.0,54837.0,0.00018853077226828154,4.590357080520522e-17,0.0,39016.0,0.0,0.0,0
0.23186812301706064,0.2786268166172296,1745.0,54837.0,0.00018665485974081662,1.4766984124367765e-17,0.0,39016.0,0.0,0.0,0
0.23186626577017475,0.2786268166172296,1746.0,54837.0,0.0001847976128548649,6.639419218707987e-17,0.0,39016.0,0.0,0.0,0
0.23186442700320403,0.2786268166172296,1747.0,54837.0,0.00018295884588420268,3.279644148551445e-17,0.0,39016.0,0.0,0.0,0
0.23186260653227042,0.2786268166172296,1748.0,54837.0,0.00018113837495059825,5.048248061121073e-17,0.0,39016.0,0.0,0.0,0
0.23186080417532526,0.2786268166172296,1749.0,54837.0,0.00017933601800542603,3.251025962263911e-17,0.0,39016.0,0.0,0.0,0
0.23185901975213136,0.2786268166172296,1750.0,54837.0,0.0001775515948115091,5.563375414296692e-17,0.0,39016.0,0.0,0.0,0
0.23185725308424485,0.2786268166172296,1751.0,54837.0,0.0001757849269250331,1.1676220005314046e-17,0.0,39016.0,0.0,0.0,0
0.23185550399499757,0.2786268166172296,1752.0,54837.0,0.000174035837677735,8.585455886260328e-19,0.0,39016.0,0.0,0.0,0
0.23185377230947907,0.2786268166172296,1753.0,54837.0,0.00017230415215924465,3.422735079989118e-17,0.0,39016.0,0.0,0.0,0
0.23185205785451932,0.2786268166172296,1754.0,54837.0,0.00017058969719955687,-1.8659057459472448e-17,0.0,39016.0,0.0,0.0,0
0.23185036045867158,0.2786268166172296,1755.0,54837.0,0.0001688923013517331,3.3712223446715557e-17,0.0,39016.0,0.0,0.0,0
0.23184867995219458,0.2786268166172296,1756.0,54837.0,0.00016721179487480325,-2.4611640207279608e-18,0.0,39016.0,0.0,0.0,0
0.2318470161670365,0.2786268166172296,1757.0,54837.0,0.00016554800971669827,4.2354915705550953e-17,0.0,39016.0,0.0,0.0,0
0.23184536893681737,0.2786268166172296,1758.0,54837.0,0.00016390077949752073,5.712189982991871e-17,0.0,39016.0,0.0,0.0,0
0.2318437380968127,0.2786268166172296,1759.0,54837.0,0.00016226993949288192,2.7072804228007568e-17,0.0,39016.0,0.0,0.0,0
0.23184212348393723,0.2786268166172296,1760.0,54837.0,0.00016065532661741822,1.997549402869903e-17,0.0,39016.0,0.0,0.0,0
0.23184052493672835,0.2786268166172296,1761.0,54837.0,0.0001590567794084896,5.3115353749663895e-17,0.0,39016.0,0.0,0.0,0
0.23183894229532986,0.2786268166172296,1762.0,54837.0,0.00015747413801006158,7.612437552484157e-18,0.0,39016.0,0.0,0.0,0
0.23183737540147653,0.2786268166172296,1763.0,54837.0,0.00015590724415664943,9.51840875923395e-17,0.0,39016.0,0.0,0.0,0
0.23183582409847742,0.2786268166172296,1764.0,54837.0,0.00015435594115759346,5.2771935514213485e-17,0.0,39016.0,0.0,0.0,0
0.23183428823120106,0.2786268166172296,1765.0,54837.0,0.0001528200738812626,-2.1635348833376026e-17,0.0,39016.0,0.0,0.0,0
0.23183276764605945,0.2786268166172296,1766.0,54837.0,0.0001512994887396842,-4.0408879037998613e-17,0.0,39016.0,0.0,0.0,0
0.23183126219099284,0.2786268166172296,1767.0,54837.0,0.00014979403367305013,-1.2592001966515148e-17,0.0,39016.0,0.0,0.0,0
0.23182977171545444,0.2786268166172296,1768.0,54837.0,0.00014830355813461895,1.2134110985914597e-17,0.0,39016.0,0.0,0.0,0
0.2318282960703954,0.2786268166172296,1769.0,54837.0,0.00014682791307559285,5.322982649481403e-18,0.0,39016.0,0.0,0.0,0
0.23182683510825,0.2786268166172296,1770.0,54837.0,0.0001453669509302232,-3.4055641682165966e-17,0.0,39016.0,0.0,0.0,0
0.23182538868292094,0.2786268166172296,1771.0,54837.0,0.00014392052560108652,5.84383363991453e-17,0.0,39016.0,0.0,0.0,0
0.2318239566497643,0.2786268166172296,1772.0,54837.0,0.00014248849244445584,4.830749845335811e-17,0.0,39016.0,0.0,0.0,0
0.23182253886557552,0.2786268166172296,1773.0,54837.0,0.0001410707082558065,-7.131652022853579e-17,0.0,39016.0,0.0,0.0,0
0.23182113518857542,0.2786268166172296,1774.0,54837.0,0.00013966703125553525,8.327892209672519e-17,0.0,39016.0,0.0,0.0,0
0.2318197454783946,0.2786268166172296,1775.0,54837.0,0.00013827732107478247,-1.3622256672866387e-17,0.0,39016.0,0.0,0.0,0
0.23181836959606117,0.2786268166172296,1776.0,54837.0,0.00013690143874136906,4.3499643157052325e-18,0.0,39016.0,0.0,0.0,0
0.2318170074039857,0.2786268166172296,1777.0,54837.0,0.0001355392466659188,-2.2379421676851923e-17,0.0,39016.0,0.0,0.0,0
0.23181565876594787,0.2786268166172296,1778.0,54837.0,0.000134190608628081,2.2322185304276853e-18,0.0,39016.0,0.0,0.0,0
0.23181432354708267,0.2786268166172296,1779.0,54837.0,0.00013285538976292647,-7.69829211134676e-17,0.0,39016.0,0.0,0.0,0
0.2318130016138673,0.2786268166172296,1780.0,54837.0,0.00013153345654746948,5.91824092426212e-17,0.0,39016.0,0.0,0.0,0
0.23181169283410713,0.2786268166172296,1781.0,54837.0,0.00013022467678727238,8.677034082380438e-17,0.0,39016.0,0.0,0.0,0
0.2318103970769231,0.2786268166172296,1782.0,54837.0,0.00012892891960327775,1.888800294977272e-17,0.0,39016.0,0.0,0.0,0
0.23180911421273853,0.2786268166172296,1783.0,54837.0,0.00012764605541868923,4.166807923465013e-17,0.0,39016.0,0.0,0.0,0
0.2318078441132658,0.2786268166172296,1784.0,54837.0,0.00012637595594600638,-9.272292357161154e-18,0.0,39016.0,0.0,0.0,0
0.2318065866514941,0.2786268166172296,1785.0,54837.0,0.00012511849417423318,6.399026453892698e-17,0.0,39016.0,0.0,0.0,0
0.231805341701676,0.2786268166172296,1786.0,54837.0,0.00012387354435615543,2.295178540260261e-17,0.0,39016.0,0.0,0.0,0
0.23180410913931557,0.2786268166172296,1787.0,54837.0,0.00012264098199572896,3.743258766409503e-17,0.0,39016.0,0.0,0.0,0
0.23180288884115557,0.2786268166172296,1788.0,54837.0,0.00012142068383570619,7.417833885728923e-17,0.0,39016.0,0.0,0.0,0
0.23180168068516507,0.2786268166172296,1789.0,54837.0,0.00012021252784525684,3.548655099654269e-18,0.0,39016.0,0.0,0.0,0
0.23180048455052757,0.2786268166172296,1790.0,54837.0,0.00011901639320775729,-1.888800294977272e-18,0.0,39016.0,0.0,0.0,0
0.23179930031762855,0.2786268166172296,1791.0,54837.0,0.00011783216030877047,-2.8732659032684567e-17,0.0,39016.0,0.0,0.0,0
0.2317981278680438,0.2786268166172296,1792.0,54837.0,0.00011665971072399888,-7.898619415359501e-18,0.0,39016.0,0.0,0.0,0
0.23179696708452732,0.2786268166172296,1793.0,54837.0,0.00011549892720752452,3.777600589954544e-18,0.0,39016.0,0.0,0.0,0
0.23179581785099979,0.2786268166172296,1794.0,54837.0,0.00011434969368001351,-3.228131413233883e-17,0.0,39016.0,0.0,0.0,0
0.23179468005253695,0.2786268166172296,1795.0,54837.0,0.00011321189521716401,6.868364709008262e-18,0.0,39016.0,0.0,0.0,0
0.23179355357535802,0.2786268166172296,1796.0,54837.0,0.00011208541803818574,3.920691521392217e-17,0.0,39016.0,0.0,0.0,0
0.23179243830681423,0.2786268166172296,1797.0,54837.0,0.00011097014949441094,1.5396584222693522e-17,0.0,39016.0,0.0,0.0,0
0.23179133413537786,0.2786268166172296,1798.0,54837.0,0.00010986597805806346,-3.949309707679751e-18,0.0,39016.0,0.0,0.0,0
0.23179024095063092,0.2786268166172296,1799.0,54837.0,0.00010877279331106808,6.28455370874256e-17,0.0,39016.0,0.0,0.0,0
0.23178915864325392,0.2786268166172296,1800.0,54837.0,0.00010769048593405533,6.21014642439497e-17,0.0,39016.0,0.0,0.0,0
0.23178808710501517,0.2786268166172296,1801.0,54837.0,0.0001066189476953867,-1.2592001966515148e-17,0.0,39016.0,0.0,0.0,0
0.23178702622876013,0.2786268166172296,1802.0,54837.0,0.00010555807144032499,3.039251383736156e-17,0.0,39016.0,0.0,0.0,0
0.23178597590840025,0.2786268166172296,1803.0,54837.0,0.00010450775108037522,7.658226650544212e-17,0.0,39016.0,0.0,0.0,0
0.23178493603890243,0.2786268166172296,1804.0,54837.0,0.00010346788158262868,-5.4374553946315414e-18,0.0,39016.0,0.0,0.0,0
0.23178390651627911,0.2786268166172296,1805.0,54837.0,0.00010243835895925607,4.4587134235978635e-17,0.0,39016.0,0.0,0.0,0
0.23178288723757698,0.2786268166172296,1806.0,54837.0,0.00010141908025715784,3.056422295508677e-17,0.0,39016.0,0.0,0.0,0
0.23178187810086737,0.2786268166172296,1807.0,54837.0,0.0001004099435475922,-2.0318912264149443e-17,0.0,39016.0,0.0,0.0,0
0.23178087900523586,0.2786268166172296,1808.0,54837.0,9.941084791605299e-05,2.804582256178374e-18,0.0,39016.0,0.0,0.0,0
0.23177988985077197,0.2786268166172296,1809.0,54837.0,9.842169345214279e-05,3.2166841387188695e-17,0.0,39016.0,0.0,0.0,0
0.23177891053855942,0.2786268166172296,1810.0,54837.0,9.744238123961313e-05,1.8773530204622584e-17,0.0,39016.0,0.0,0.0,0
0.23177794097066617,0.2786268166172296,1811.0,54837.0,9.647281334641037e-05,-3.010633197448622e-17,0.0,39016.0,0.0,0.0,0
0.23177698105013478,0.2786268166172296,1812.0,54837.0,9.551289281491456e-05,6.805404699175686e-17,0.0,39016.0,0.0,0.0,0
0.2317760306809721,0.2786268166172296,1813.0,54837.0,9.456252365232451e-05,-2.0376148636724512e-17,0.0,39016.0,0.0,0.0,0
0.2317750897681407,0.2786268166172296,1814.0,54837.0,9.362161082087576e-05,3.2968150603239657e-17,0.0,39016.0,0.0,0.0,0
0.2317741582175484,0.2786268166172296,1815.0,54837.0,9.269006022853941e-05,6.307448257772587e-17,0.0,39016.0,0.0,0.0,0
0.2317732359360393,0.2786268166172296,1816.0,54837.0,9.17677787194686e-05,2.3180730892902885e-17,0.0,39016.0,0.0,0.0,0
0.23177232283138452,0.2786268166172296,1817.0,54837.0,9.08546740647333e-05,-1.545382059526859e-17,0.0,39016.0,0.0,0.0,0
0.23177141881227295,0.2786268166172296,1818.0,54837.0,8.995065495313012e-05,-1.4595275006642557e-17,0.0,39016.0,0.0,0.0,0
0.23177052378830176,0.2786268166172296,1819.0,54837.0,8.905563098197517e-05,-1.8315639224022035e-18,0.0,39016.0,0.0,0.0,0
0.2317696376699679,0.2786268166172296,1820.0,54837.0,8.816951264813033e-05,-1.986102128354889e-17,0.0,39016.0,0.0,0.0,0
0.2317687603686589,0.2786268166172296,1821.0,54837.0,8.729221133902562e-05,8.224866739037395e-17,0.0,39016.0,0.0,0.0,0
0.2317678917966436,0.2786268166172296,1822.0,54837.0,8.642363932380651e-05,1.2134110985914597e-17,0.0,39016.0,0.0,0.0,0
0.23176703186706432,0.2786268166172296,1823.0,54837.0,8.556370974452591e-05,1.3278838437415974e-17,0.0,39016.0,0.0,0.0,0
0.23176618049392728,0.2786268166172296,1824.0,54837.0,8.471233660753346e-05,-5.889622737974585e-17,0.0,39016.0,0.0,0.0,0
0.23176533759209458,0.2786268166172296,1825.0,54837.0,8.38694347747814e-05,-1.3164365692265836e-17,0.0,39016.0,0.0,0.0,0
0.2317645030772752,0.2786268166172296,1826.0,54837.0,8.303491995541578e-05,-2.2665603539727267e-17,0.0,39016.0,0.0,0.0,0
0.231763676866017,0.2786268166172296,1827.0,54837.0,8.220870869723342e-05,-2.896160452298484e-17,0.0,39016.0,0.0,0.0,0
0.23176285887569825,0.2786268166172296,1828.0,54837.0,8.139071837842866e-05,3.686022393834434e-17,0.0,39016.0,0.0,0.0,0
0.23176204902451908,0.2786268166172296,1829.0,54837.0,8.058086719929218e-05,1.888800294977272e-18,0.0,39016.0,0.0,0.0,0
0.23176124723149377,0.2786268166172296,1830.0,54837.0,7.977907417401763e-05,-2.7530695208608118e-17,0.0,39016.0,0.0,0.0,0
0.23176045341644247,0.2786268166172296,1831.0,54837.0,7.898525912264988e-05,2.6214258639381535e-17,0.0,39016.0,0.0,0.0,0
0.23175966749998284,0.2786268166172296,1832.0,54837.0,7.819934266302004e-05,2.0719566872174924e-17,0.0,39016.0,0.0,0.0,0
0.2317588894035226,0.2786268166172296,1833.0,54837.0,7.742124620281428e-05,-9.386765102311292e-18,0.0,39016.0,0.0,0.0,0
0.23175811904925156,0.2786268166172296,1834.0,54837.0,7.665089193175006e-05,2.9648440993885666e-17,0.0,39016.0,0.0,0.0,0
0.2317573563601336,0.2786268166172296,1835.0,54837.0,7.588820281375047e-05,4.88798621791088e-17,0.0,39016.0,0.0,0.0,0
0.23175660125989908,0.2786268166172296,1836.0,54837.0,7.513310257927938e-05,1.1218329024713496e-17,0.0,39016.0,0.0,0.0,0
0.23175585367303747,0.2786268166172296,1837.0,54837.0,7.43855157176748e-05,-1.4766984124367765e-17,0.0,39016.0,0.0,0.0,0
0.23175511352478947,0.2786268166172296,1838.0,54837.0,7.364536746962865e-05,4.2354915705550953e-17,0.0,39016.0,0.0,0.0,0
0.23175438074113952,0.2786268166172296,1839.0,54837.0,7.291258381971236e-05,5.265746276906334e-18,0.0,39016.0,0.0,0.0,0
0.23175365524880873,0.2786268166172296,1840.0,54837.0,7.218709148892142e-05,9.901892455486911e-18,0.0,39016.0,0.0,0.0,0
0.23175293697524726,0.2786268166172296,1841.0,54837.0,7.146881792744366e-05,2.197876706882644e-17,0.0,39016.0,0.0,0.0,0
0.23175222584862712,0.2786268166172296,1842.0,54837.0,7.075769130731588e-05,-2.043338500929958e-17,0.0,39016.0,0.0,0.0,0
0.23175152179783512,0.2786268166172296,1843.0,54837.0,7.005364051528765e-05,5.036800786606059e-17,0.0,39016.0,0.0,0.0,0
0.2317508247524655,0.2786268166172296,1844.0,54837.0,6.935659514567901e-05,3.7318114918944895e-17,0.0,39016.0,0.0,0.0,0
0.23175013464281316,0.2786268166172296,1845.0,54837.0,6.866648549338776e-05,-2.7301749718307844e-17,0.0,39016.0,0.0,0.0,0
0.23174945139986666,0.2786268166172296,1846.0,54837.0,6.798324254686182e-05,1.4251856771192144e-17,0.0,39016.0,0.0,0.0,0
0.23174877495530102,0.2786268166172296,1847.0,54837.0,6.730679798124973e-05,-4.7849607472757564e-17,0.0,39016.0,0.0,0.0,0
0.23174810524147132,0.2786268166172296,1848.0,54837.0,6.663708415152981e-05,1.5110402359818177e-17,0.0,39016.0,0.0,0.0,0
0.23174744219140558,0.2786268166172296,1849.0,54837.0,6.597403408575856e-05,2.1234694225350545e-17,0.0,39016.0,0.0,0.0,0
0.2317467857387982,0.2786268166172296,1850.0,54837.0,6.53175814783653e-05,3.291091423066459e-17,0.0,39016.0,0.0,0.0,0
0.2317461358180034,0.2786268166172296,1851.0,54837.0,6.466766068355463e-05,4.3156224921601916e-17,0.0,39016.0,0.0,0.0,0
0.23174549236402853,0.2786268166172296,1852.0,54837.0,6.402420670870116e-05,1.2878183829390493e-17,0.0,39016.0,0.0,0.0,0
0.2317448553125277,0.2786268166172296,1853.0,54837.0,6.33871552078707e-05,4.6246989040655634e-17,0.0,39016.0,0.0,0.0,0
0.23174422459979516,0.2786268166172296,1854.0,54837.0,6.27564424753807e-05,-9.730183337761706e-19,0.0,39016.0,0.0,0.0,0
0.23174360016275927,0.2786268166172296,1855.0,54837.0,6.213200543944186e-05,3.422735079989118e-17,0.0,39016.0,0.0,0.0,0
0.23174298193897566,0.2786268166172296,1856.0,54837.0,6.151378165582127e-05,5.5290335907516514e-17,0.0,39016.0,0.0,0.0,0
0.23174236986662142,0.2786268166172296,1857.0,54837.0,6.090170930163713e-05,7.211782944458676e-18,0.0,39016.0,0.0,0.0,0
0.23174176388448894,0.2786268166172296,1858.0,54837.0,6.029572716912133e-05,4.2297679332975885e-17,0.0,39016.0,0.0,0.0,0
0.23174116393197938,0.2786268166172296,1859.0,54837.0,5.9695774659570245e-05,3.829113325272106e-17,0.0,39016.0,0.0,0.0,0
0.2317405699490971,0.2786268166172296,1860.0,54837.0,5.910179177723291e-05,6.79968106191818e-17,0.0,39016.0,0.0,0.0,0
0.2317399818764432,0.2786268166172296,1861.0,54837.0,5.851371912333375e-05,6.776786512888152e-17,0.0,39016.0,0.0,0.0,0
0.23173939965520995,0.2786268166172296,1862.0,54837.0,5.793149789011202e-05,5.786597267339461e-17,0.0,39016.0,0.0,0.0,0
0.23173882322717473,0.2786268166172296,1863.0,54837.0,5.7355069854943745e-05,1.150451088758884e-17,0.0,39016.0,0.0,0.0,0
0.23173825253469438,0.2786268166172296,1864.0,54837.0,5.678437737454581e-05,3.199513226946349e-17,0.0,39016.0,0.0,0.0,0
0.23173768752069906,0.2786268166172296,1865.0,54837.0,5.62193633792213e-05,3.6001678349718306e-17,0.0,39016.0,0.0,0.0,0
0.23173712812868688,0.2786268166172296,1866.0,54837.0,5.56599713670855e-05,7.326255689608814e-18,0.0,39016.0,0.0,0.0,0
0.23173657430271824,0.2786268166172296,1867.0,54837.0,5.5106145398459844e-05,-2.0891275989900132e-17,0.0,39016.0,0.0,0.0,0
0.23173602598741008,0.2786268166172296,1868.0,54837.0,5.455783009031183e-05,-4.086677001859916e-17,0.0,39016.0,0.0,0.0,0
0.2317354831279304,0.2786268166172296,1869.0,54837.0,5.4014970610631623e-05,-1.957483942067355e-17,0.0,39016.0,0.0,0.0,0
0.2317349456699928,0.2786268166172296,1870.0,54837.0,5.347751267301743e-05,1.3049892947115699e-17,0.0,39016.0,0.0,0.0,0
0.23173441355985105,0.2786268166172296,1871.0,54837.0,5.2945402531236894e-05,3.663127844804407e-18,0.0,39016.0,0.0,0.0,0
0.23173388674429368,0.2786268166172296,1872.0,54837.0,5.2418586973836085e-05,6.296000983257574e-17,0.0,39016.0,0.0,0.0,0
0.23173336517063867,0.2786268166172296,1873.0,54837.0,5.189701331881002e-05,8.201972190007367e-17,0.0,39016.0,0.0,0.0,0
0.23173284878672817,0.2786268166172296,1874.0,54837.0,5.138062940837324e-05,3.090764119053718e-18,0.0,39016.0,0.0,0.0,0
0.23173233754092346,0.2786268166172296,1875.0,54837.0,5.086938360368956e-05,-2.306625814775275e-17,0.0,39016.0,0.0,0.0,0
0.23173183138209955,0.2786268166172296,1876.0,54837.0,5.036322477975071e-05,-1.0073601573212118e-17,0.0,39016.0,0.0,0.0,0
0.23173133025964007,0.2786268166172296,1877.0,54837.0,4.986210232025617e-05,1.5625529712993798e-17,0.0,39016.0,0.0,0.0,0
0.23173083412343237,0.2786268166172296,1878.0,54837.0,4.93659661125585e-05,2.7645167953758257e-17,0.0,39016.0,0.0,0.0,0
0.23173034292386238,0.2786268166172296,1879.0,54837.0,4.887476654260409e-05,-3.090764119053718e-18,0.0,39016.0,0.0,0.0,0
0.2317298566118098,0.2786268166172296,1880.0,54837.0,4.838845449003385e-05,-1.8143930106296827e-17,0.0,39016.0,0.0,0.0,0
0.23172937513864303,0.2786268166172296,1881.0,54837.0,4.7906981323236245e-05,-3.697469668349448e-17,0.0,39016.0,0.0,0.0,0
0.23172889845621436,0.2786268166172296,1882.0,54837.0,4.743029889449118e-05,5.185615355301238e-17,0.0,39016.0,0.0,0.0,0
0.23172842651685494,0.2786268166172296,1883.0,54837.0,4.6958359535171945e-05,-3.6058914722293375e-17,0.0,39016.0,0.0,0.0,0
0.23172795927337075,0.2786268166172296,1884.0,54837.0,4.649111605092375e-05,2.2608367167152196e-17,0.0,39016.0,0.0,0.0,0
0.23172749667903683,0.2786268166172296,1885.0,54837.0,4.6028521717042107e-05,-1.247752922136501e-17,0.0,39016.0,0.0,0.0,0
0.23172703868759348,0.2786268166172296,1886.0,54837.0,4.557053027366751e-05,1.7170911772520656e-18,0.0,39016.0,0.0,0.0,0
0.23172658525324108,0.2786268166172296,1887.0,54837.0,4.5117095921305744e-05,-3.8520078743021335e-17,0.0,39016.0,0.0,0.0,0
0.23172613633063593,0.2786268166172296,1888.0,54837.0,4.4668173316134156e-05,1.6026184321019279e-18,0.0,39016.0,0.0,0.0,0
0.23172569187488531,0.2786268166172296,1889.0,54837.0,4.422371756552139e-05,2.6099785894231398e-17,0.0,39016.0,0.0,0.0,0
0.2317252518415433,0.2786268166172296,1890.0,54837.0,4.378368422350786e-05,1.4881456869517901e-18,0.0,39016.0,0.0,0.0,0
0.2317248161866062,0.2786268166172296,1891.0,54837.0,4.334802928641455e-05,1.1275565397288564e-17,0.0,39016.0,0.0,0.0,0
0.23172438486650818,0.2786268166172296,1892.0,54837.0,4.29167091883658e-05,-8.299274023384984e-18,0.0,39016.0,0.0,0.0,0
0.23172395783811678,0.2786268166172296,1893.0,54837.0,4.2489680797003115e-05,-3.170895040658814e-17,0.0,39016.0,0.0,0.0,0
0.23172353505872897,0.2786268166172296,1894.0,54837.0,4.2066901409118626e-05,4.9566698650009625e-17,0.0,39016.0,0.0,0.0,0
0.2317231164860663,0.2786268166172296,1895.0,54837.0,4.16483287464545e-05,4.6475934530955907e-17,0.0,39016.0,0.0,0.0,0
0.2317227020782712,0.2786268166172296,1896.0,54837.0,4.1233920951356744e-05,9.959128828061981e-18,0.0,39016.0,0.0,0.0,0
0.23172229179390255,0.2786268166172296,1897.0,54837.0,4.0823636582716104e-05,4.750618923730715e-17,0.0,39016.0,0.0,0.0,0
0.23172188559193158,0.2786268166172296,1898.0,54837.0,4.04174346117584e-05,2.1062985107625337e-17,0.0,39016.0,0.0,0.0,0
0.2317214834317378,0.2786268166172296,1899.0,54837.0,4.00152744179398e-05,4.945222590485949e-17,0.0,39016.0,0.0,0.0,0
0.23172108527310467,0.2786268166172296,1900.0,54837.0,3.961711578491555e-05,-2.838924079723415e-17,0.0,39016.0,0.0,0.0,0
0.23172069107621632,0.2786268166172296,1901.0,54837.0,3.922291889646808e-05,4.02371699202734e-17,0.0,39016.0,0.0,0.0,0
0.23172030080165243,0.2786268166172296,1902.0,54837.0,3.883264433261164e-05,1.7170911772520656e-18,0.0,39016.0,0.0,0.0,0
0.23171991441038534,0.2786268166172296,1903.0,54837.0,3.844625306554608e-05,-1.556829334041873e-17,0.0,39016.0,0.0,0.0,0
0.23171953186377567,0.2786268166172296,1904.0,54837.0,3.8063706455814595e-05,6.650866493223001e-17,0.0,39016.0,0.0,0.0,0
0.2317191531235683,0.2786268166172296,1905.0,54837.0,3.7684966248463274e-05,2.1635348833376026e-17,0.0,39016.0,0.0,0.0,0
0.23171877815188893,0.2786268166172296,1906.0,54837.0,3.730999456914021e-05,-1.6827493537070244e-17,0.0,39016.0,0.0,0.0,0
0.23171840691124015,0.2786268166172296,1907.0,54837.0,3.693875392034886e-05,-1.4251856771192144e-17,0.0,39016.0,0.0,0.0,0
0.23171803936449756,0.2786268166172296,1908.0,54837.0,3.657120717773881e-05,1.1733456377889115e-17,0.0,39016.0,0.0,0.0,0
0.23171767547490613,0.2786268166172296,1909.0,54837.0,3.6207317586331705e-05,-1.6713020791920105e-17,0.0,39016.0,0.0,0.0,0
0.23171731520607666,0.2786268166172296,1910.0,54837.0,3.584704875685777e-05,8.127564905659778e-18,0.0,39016.0,0.0,0.0,0
0.23171695852198193,0.2786268166172296,1911.0,54837.0,3.5490364662116795e-05,1.2305820103639804e-17,0.0,39016.0,0.0,0.0,0
0.23171660538695327,0.2786268166172296,1912.0,54837.0,3.513722963342359e-05,2.3352440010628093e-17,0.0,39016.0,0.0,0.0,0
0.23171625576567675,0.2786268166172296,1913.0,54837.0,3.4787608356985506e-05,-2.043338500929958e-17,0.0,39016.0,0.0,0.0,0
0.23171590962319014,0.2786268166172296,1914.0,54837.0,3.44414658703557e-05,-4.550291619717974e-17,0.0,39016.0,0.0,0.0,0
0.23171556692487885,0.2786268166172296,1915.0,54837.0,3.409876755901974e-05,1.3049892947115699e-17,0.0,39016.0,0.0,0.0,0
0.23171522763647268,0.2786268166172296,1916.0,54837.0,3.375947915287093e-05,9.615710592611567e-18,0.0,39016.0,0.0,0.0,0
0.23171489172404258,0.2786268166172296,1917.0,54837.0,3.3423566722755945e-05,1.4251856771192144e-17,0.0,39016.0,0.0,0.0,0
0.231714559153997,0.2786268166172296,1918.0,54837.0,3.3090996677170486e-05,2.5298476678180433e-17,0.0,39016.0,0.0,0.0,0
0.2317142298930786,0.2786268166172296,1919.0,54837.0,3.276173575883355e-05,-2.3123494520327817e-17,0.0,39016.0,0.0,0.0,0
0.2317139039083612,0.2786268166172296,1920.0,54837.0,3.243575104135855e-05,3.205236864203856e-17,0.0,39016.0,0.0,0.0,0
0.23171358116724586,0.2786268166172296,1921.0,54837.0,3.2113009926022205e-05,3.010633197448622e-17,0.0,39016.0,0.0,0.0,0
0.23171326163745828,0.2786268166172296,1922.0,54837.0,3.179348013844746e-05,4.910880766940908e-17,0.0,39016.0,0.0,0.0,0
0.2317129452870452,0.2786268166172296,1923.0,54837.0,3.147712972538762e-05,2.4726112952429744e-17,0.0,39016.0,0.0,0.0,0
0.23171263208437132,0.2786268166172296,1924.0,54837.0,3.116392705151643e-05,-4.00654608025482e-18,0.0,39016.0,0.0,0.0,0
0.23171232199811606,0.2786268166172296,1925.0,54837.0,3.085384079632239e-05,-3.3712223446715557e-17,0.0,39016.0,0.0,0.0,0
0.2317120149972707,0.2786268166172296,1926.0,54837.0,3.054683995091053e-05,-4.2583861195851227e-17,0.0,39016.0,0.0,0.0,0
0.23171171105113483,0.2786268166172296,1927.0,54837.0,3.0242893814972864e-05,8.110393993887257e-17,0.0,39016.0,0.0,0.0,0
0.2317114101293134,0.2786268166172296,1928.0,54837.0,2.9941971993615712e-05,-3.663127844804407e-18,0.0,39016.0,0.0,0.0,0
0.2317111122017142,0.2786268166172296,1929.0,54837.0,2.964404439439215e-05,2.598531314908126e-17,0.0,39016.0,0.0,0.0,0
0.2317108172385442,0.2786268166172296,1930.0,54837.0,2.9349081224324656e-05,4.527397070687946e-17,0.0,39016.0,0.0,0.0,0
0.23171052521030658,0.2786268166172296,1931.0,54837.0,2.905705298683216e-05,-4.6475934530955907e-17,0.0,39016.0,0.0,0.0,0
0.23171023608779862,0.2786268166172296,1932.0,54837.0,2.8767930478848814e-05,-1.5110402359818177e-17,0.0,39016.0,0.0,0.0,0
0.23170994984210772,0.2786268166172296,1933.0,54837.0,2.848168478789233e-05,5.551928139781679e-18,0.0,39016.0,0.0,0.0,0
0.23170966644460902,0.2786268166172296,1934.0,54837.0,2.8198287289152876e-05,5.4717972181765826e-17,0.0,39016.0,0.0,0.0,0
0.2317093858669625,0.2786268166172296,1935.0,54837.0,2.7917709642638757e-05,6.164357326334916e-17,0.0,39016.0,0.0,0.0,0
0.23170910808111014,0.2786268166172296,1936.0,54837.0,2.7639923790358853e-05,-5.666400884931817e-18,0.0,39016.0,0.0,0.0,0
0.2317088330592733,0.2786268166172296,1937.0,54837.0,2.7364901953477076e-05,5.67784815944683e-17,0.0,39016.0,0.0,0.0,0
0.23170856077394947,0.2786268166172296,1938.0,54837.0,2.709261662960697e-05,6.101397316502339e-17,0.0,39016.0,0.0,0.0,0
0.23170829119790978,0.2786268166172296,1939.0,54837.0,2.6823040589969496e-05,2.552742216848071e-17,0.0,39016.0,0.0,0.0,0
0.23170802430419654,0.2786268166172296,1940.0,54837.0,2.6556146876746156e-05,5.265746276906334e-18,0.0,39016.0,0.0,0.0,0
0.23170776006612012,0.2786268166172296,1941.0,54837.0,2.629190880034096e-05,1.1218329024713496e-17,0.0,39016.0,0.0,0.0,0
0.23170749845725647,0.2786268166172296,1942.0,54837.0,2.6030299936720907e-05,-2.6672149619982087e-17,0.0,39016.0,0.0,0.0,0
0.23170723945144459,0.2786268166172296,1943.0,54837.0,2.5771294124785292e-05,-7.841383042784433e-18,0.0,39016.0,0.0,0.0,0
0.23170698302278353,0.2786268166172296,1944.0,54837.0,2.5514865463750965e-05,4.292727943130164e-18,0.0,39016.0,0.0,0.0,0
0.23170672914563037,0.2786268166172296,1945.0,54837.0,2.526098831052093e-05,3.8176660507570926e-17,0.0,39016.0,0.0,0.0,0
0.23170647779459697,0.2786268166172296,1946.0,54837.0,2.5009637277173056e-05,-1.201963824076446e-17,0.0,39016.0,0.0,0.0,0
0.23170622894454818,0.2786268166172296,1947.0,54837.0,2.4760787228390287e-05,4.578909806005508e-18,0.0,39016.0,0.0,0.0,0
0.2317059825705988,0.2786268166172296,1948.0,54837.0,2.4514413278966648e-05,3.1079350308262385e-17,0.0,39016.0,0.0,0.0,0
0.2317057386481111,0.2786268166172296,1949.0,54837.0,2.4270490791296712e-05,-3.560102374169283e-17,0.0,39016.0,0.0,0.0,0
0.23170549715269273,0.2786268166172296,1950.0,54837.0,2.4028995372934112e-05,-8.814401376560603e-18,0.0,39016.0,0.0,0.0,0
0.23170525806019399,0.2786268166172296,1951.0,54837.0,2.378990287412671e-05,3.6058914722293375e-17,0.0,39016.0,0.0,0.0,0
0.23170502134670526,0.2786268166172296,1952.0,54837.0,2.3553189385443844e-05,3.777600589954544e-18,0.0,39016.0,0.0,0.0,0
0.23170478698855518,0.2786268166172296,1953.0,54837.0,2.3318831235325552e-05,6.170080963592422e-17,0.0,39016.0,0.0,0.0,0
0.23170455496230752,0.2786268166172296,1954.0,54837.0,2.308680498775758e-05,-4.218320658782574e-17,0.0,39016.0,0.0,0.0,0
0.2317043252447597,0.2786268166172296,1955.0,54837.0,2.2857087439922373e-05,-4.080953364602409e-17,0.0,39016.0,0.0,0.0,0
0.23170409781293966,0.2786268166172296,1956.0,54837.0,2.262965561988398e-05,-2.810305893435881e-17,0.0,39016.0,0.0,0.0,0
0.23170387264410405,0.2786268166172296,1957.0,54837.0,2.24044867842708e-05,-1.5911711575869142e-17,0.0,39016.0,0.0,0.0,0
0.23170364971573584,0.2786268166172296,1958.0,54837.0,2.2181558416004446e-05,4.000822442997313e-17,0.0,39016.0,0.0,0.0,0
0.2317034290055419,0.2786268166172296,1959.0,54837.0,2.1960848222060397e-05,2.0089966773849167e-17,0.0,39016.0,0.0,0.0,0
0.23170321049145107,0.2786268166172296,1960.0,54837.0,2.1742334131240616e-05,2.2264948931701783e-17,0.0,39016.0,0.0,0.0,0
0.23170299415161177,0.2786268166172296,1961.0,54837.0,2.152599429194872e-05,2.1062985107625337e-17,0.0,39016.0,0.0,0.0,0
0.23170277996438987,0.2786268166172296,1962.0,54837.0,2.1311807070040803e-05,3.6802987565769275e-17,0.0,39016.0,0.0,0.0,0
0.23170256790836644,0.2786268166172296,1963.0,54837.0,2.1099751046583234e-05,4.716277100185674e-17,0.0,39016.0,0.0,0.0,0
0.23170235796233565,0.2786268166172296,1964.0,54837.0,2.0889805015815594e-05,1.7628802753121206e-17,0.0,39016.0,0.0,0.0,0
0.23170215010530273,0.2786268166172296,1965.0,54837.0,2.068194798296555e-05,-3.703193305606955e-17,0.0,39016.0,0.0,0.0,0
0.23170194431648194,0.2786268166172296,1966.0,54837.0,2.0476159162140636e-05,2.5870840403931122e-17,0.0,39016.0,0.0,0.0,0
0.23170174057529414,0.2786268166172296,1967.0,54837.0,2.0272417974296987e-05,2.2036003441401507e-17,0.0,39016.0,0.0,0.0,0
0.23170153886136494,0.2786268166172296,1968.0,54837.0,2.007070404515416e-05,-4.201149747010054e-17,0.0,39016.0,0.0,0.0,0
0.23170133915452298,0.2786268166172296,1969.0,54837.0,1.9870997203129304e-05,4.893709855168387e-17,0.0,39016.0,0.0,0.0,0
0.23170114143479717,0.2786268166172296,1970.0,54837.0,1.9673277477388064e-05,-3.7661533154395305e-17,0.0,39016.0,0.0,0.0,0
0.23170094568241562,0.2786268166172296,1971.0,54837.0,1.9477525095784952e-05,3.588720560456817e-17,0.0,39016.0,0.0,0.0,0
0.23170075187780276,0.2786268166172296,1972.0,54837.0,1.9283720482931875e-05,1.5339347850118453e-17,0.0,39016.0,0.0,0.0,0
0.23170056000157804,0.2786268166172296,1973.0,54837.0,1.9091844258192555e-05,5.300088100451376e-17,0.0,39016.0,0.0,0.0,0
0.23170037003455363,0.2786268166172296,1974.0,54837.0,1.8901877233799504e-05,4.487331609885398e-17,0.0,39016.0,0.0,0.0,0
0.23170018195773268,0.2786268166172296,1975.0,54837.0,1.8713800412860447e-05,3.062145932766184e-17,0.0,39016.0,0.0,0.0,0
0.23169999575230735,0.2786268166172296,1976.0,54837.0,1.8527594987570366e-05,-2.7130040600582637e-17,0.0,39016.0,0.0,0.0,0
0.231699811399657,0.2786268166172296,1977.0,54837.0,1.834324233721366e-05,-8.757165003985535e-18,0.0,39016.0,0.0,0.0,0
0.23169962888134624,0.2786268166172296,1978.0,54837.0,1.816072402637845e-05,5.866728188944558e-17,0.0,39016.0,0.0,0.0,0
0.2316994481791229,0.2786268166172296,1979.0,54837.0,1.798002180308014e-05,2.152087608822589e-17,0.0,39016.0,0.0,0.0,0
0.23169926927491674,0.2786268166172296,1980.0,54837.0,1.7801117596954524e-05,-1.350778392771625e-17,0.0,39016.0,0.0,0.0,0
0.23169909215083723,0.2786268166172296,1981.0,54837.0,1.7623993517410503e-05,2.192153069625137e-17,0.0,39016.0,0.0,0.0,0
0.23169891678917168,0.2786268166172296,1982.0,54837.0,1.7448631851903803e-05,-2.8732659032684567e-17,0.0,39016.0,0.0,0.0,0
0.23169874317238395,0.2786268166172296,1983.0,54837.0,1.727501506412698e-05,2.0147203146424235e-17,0.0,39016.0,0.0,0.0,0
0.23169857128311203,0.2786268166172296,1984.0,54837.0,1.7103125792256672e-05,-3.9550333449372577e-17,0.0,39016.0,0.0,0.0,0
0.23169840110416706,0.2786268166172296,1985.0,54837.0,1.6932946847215138e-05,6.376131904862671e-17,0.0,39016.0,0.0,0.0,0
0.23169823261853073,0.2786268166172296,1986.0,54837.0,1.6764461210973984e-05,-4.830749845335811e-17,0.0,39016.0,0.0,0.0,0
0.23169806580935462,0.2786268166172296,1987.0,54837.0,1.6597652034810954e-05,-1.5282111477543385e-17,0.0,39016.0,0.0,0.0,0
0.23169790065995755,0.2786268166172296,1988.0,54837.0,1.6432502637689372e-05,6.719550140313084e-17,0.0,39016.0,0.0,0.0,0
0.23169773715382438,0.2786268166172296,1989.0,54837.0,1.6268996504531914e-05,4.991011688546004e-17,0.0,39016.0,0.0,0.0,0
0.23169757527460433,0.2786268166172296,1990.0,54837.0,1.6107117284576718e-05,-3.811942413499586e-17,0.0,39016.0,0.0,0.0,0
0.23169741500610957,0.2786268166172296,1991.0,54837.0,1.5946848789769884e-05,-1.5682766085568866e-17,0.0,39016.0,0.0,0.0,0
0.23169725633231295,0.2786268166172296,1992.0,54837.0,1.5788174993136466e-05,3.4055641682165966e-17,0.0,39016.0,0.0,0.0,0
0.23169709923734705,0.2786268166172296,1993.0,54837.0,1.5631080027156275e-05,8.69420499415296e-17,0.0,39016.0,0.0,0.0,0
0.231696943705502,0.2786268166172296,1994.0,54837.0,1.547554818221546e-05,-4.4072006882803014e-17,0.0,39016.0,0.0,0.0,0
0.2316967897212248,0.2786268166172296,1995.0,54837.0,1.5321563904971872e-05,-1.247752922136501e-17,0.0,39016.0,0.0,0.0,0
0.23169663726911668,0.2786268166172296,1996.0,54837.0,1.5169111796898065e-05,4.3499643157052325e-18,0.0,39016.0,0.0,0.0,0
0.23169648633393247,0.2786268166172296,1997.0,54837.0,1.5018176612641164e-05,2.644320412968181e-17,0.0,39016.0,0.0,0.0,0
0.2316963369005784,0.2786268166172296,1998.0,54837.0,1.4868743258556988e-05,3.6001678349718306e-17,0.0,39016.0,0.0,0.0,0
0.23169618895411104,0.2786268166172296,1999.0,54837.0,1.4720796791196426e-05,4.830749845335811e-17,0.0,39016.0,0.0,0.0,0
0.2316960424797356,0.2786268166172296,2000.0,54837.0,1.4574322415778925e-05,2.3810330991228642e-17,0.0,39016.0,0.0,0.0,0
0.23169589746280456,0.2786268166172296,2001.0,54837.0,1.4429305484745237e-05,2.2551130794577128e-17,0.0,39016.0,0.0,0.0,0
0.2316957538888161,0.2786268166172296,2002.0,54837.0,1.4285731496293134e-05,2.0891275989900132e-17,0.0,39016.0,0.0,0.0,0
0.23169561174341263,0.2786268166172296,2003.0,54837.0,1.4143586092884721e-05,-6.685208316768042e-17,0.0,39016.0,0.0,0.0,0
0.2316954710123797,0.2786268166172296,2004.0,54837.0,1.4002855059873882e-05,8.98611049428581e-18,0.0,39016.0,0.0,0.0,0
0.23169533168164388,0.2786268166172296,2005.0,54837.0,1.386352432404689e-05,4.149637011692492e-17,0.0,39016.0,0.0,0.0,0
0.23169533168164388,0.2786268166172296,2005.0,54837.0,1.386352432404689e-05,4.149637011692492e-17,0.0,39016.0,0.0,0.0,0
