Total_strain,Slip_strain,Time,Slip Count,Creep,Elastic,Hygroexp,Number_of_fibers,Load,Moisture,Broken
0.0,0.0,0.0,0.0,0.0,0.0,0.0,40000.0,0.0,0.0,0
0.0,0.0,5.0,0.0,0.0,0.0,0.0,40000.0,0.0,0.0,0
1.6480564592109486,0.07762980024521493,5.0,4060.0,0.0,1.571101016949105,0.0,39971.0,1.5054429836962615,0.0,0
1.6480564592109486,0.07762980024521493,5.0,4060.0,0.0,1.571101016949105,0.0,39971.0,1.5054429836962615,0.0,0
1.721146505514415,0.08817803922224848,6.0,4422.0,0.0625474714657578,1.5711796329273349,0.0,39969.0,1.5054429836962615,0.0,0
1.745062144225144,0.09170035848758329,7.0,4539.0,0.08294458332231132,1.5712189438669097,0.0,39968.0,1.5054429836962615,0.0,0
1.7604182217962574,0.09418419944976743,8.0,4629.0,0.09582141333878737,1.5712582567736542,0.0,39967.0,1.5054429836962615,0.0,0
1.771920332591469,0.09599331544778893,9.0,4684.0,0.10551440813597739,1.5712582567736544,0.0,39967.0,1.5054429836962615,0.0,0
1.7816777115851739,0.0976049774339252,10.0,4738.0,0.11366012514354584,1.5712582567736546,0.0,39967.0,1.5054429836962615,0.0,0
1.7906633456991856,0.09935590325562814,11.0,4796.0,0.12089483343585476,1.571258256773654,0.0,39967.0,1.5054429836962615,0.0,0
1.798537388411019,0.10064304701211885,12.0,4839.0,0.12748726684420364,1.5712975716477167,0.0,39966.0,1.5054429836962615,0.0,0
1.8060272519948788,0.10206238356174564,13.0,4883.0,0.13355779387843647,1.5712975716477169,0.0,39966.0,1.5054429836962615,0.0,0
1.8123295387328204,0.10274087086981407,14.0,4909.0,0.13918159330830934,1.5712975716477173,0.0,39966.0,1.5054429836962615,0.0,0
1.818422518610743,0.10360669844523014,15.0,4935.0,0.14440874561081615,1.5712975716477169,0.0,39966.0,1.5054429836962615,0.0,0
1.8239943394722145,0.1043083902197403,16.0,4959.0,0.14927887469777748,1.5712975716477167,0.0,39966.0,1.5054429836962615,0.0,0
1.8297253687964203,0.10549253755075777,17.0,4994.0,0.15382575669096568,1.571297571647717,0.0,39966.0,1.5054429836962615,0.0,0
1.834696651138876,0.10621037835278864,18.0,5017.0,0.15807919823139072,1.5712975716477164,0.0,39966.0,1.5054429836962615,0.0,0
1.839313407958352,0.10684043299692637,19.0,5035.0,0.16206590040672886,1.5712975716477164,0.0,39966.0,1.5054429836962615,0.0,0
1.8437834124549148,0.10756640484751909,20.0,5059.0,0.16580993305269898,1.5712975716477167,0.0,39966.0,1.5054429836962615,0.0,0
1.8478487479260781,0.10810862254255503,21.0,5075.0,0.16933305082882644,1.5712975716477173,0.0,39966.0,1.5054429836962615,0.0,0
1.8524749861997027,0.10941297403196192,22.0,5112.0,0.17265493761304385,1.5712975716477176,0.0,39966.0,1.5054429836962615,0.0,0
1.8560317260286758,0.10983123913878999,23.0,5125.0,0.1757934123351893,1.5712975716477162,0.0,39966.0,1.5054429836962615,0.0,0
1.8595220742903062,0.11035039014189414,24.0,5142.0,0.17876460959371548,1.5712975716477169,0.0,39966.0,1.5054429836962615,0.0,0
1.8629961906675134,0.11100884696548012,25.0,5161.0,0.1815875430434994,1.5713368884892445,0.0,39965.0,1.5054429836962615,0.0,0
1.86652134049271,0.1118547744118286,26.0,5188.0,0.18426676542234738,1.571336888489245,0.0,39965.0,1.5054429836962615,0.0,0
1.8695546881798566,0.11233638827652066,27.0,5202.0,0.18681849924480215,1.5713368884892438,0.0,39965.0,1.5054429836962615,0.0,0
1.8723902033401512,0.11273676479715894,28.0,5214.0,0.1892536378844583,1.5713368884892447,0.0,39965.0,1.5054429836962615,0.0,0
1.8751955951443906,0.11321377027601849,29.0,5229.0,0.19158202420983855,1.5713368884892445,0.0,39965.0,1.5054429836962615,0.0,0
1.8780684887148058,0.11385611333986971,30.0,5249.0,0.19381257471640245,1.571336888489244,0.0,39965.0,1.5054429836962615,0.0,0
1.8805950105822138,0.11424184097521696,31.0,5261.0,0.1959533689484629,1.571336888489244,0.0,39965.0,1.5054429836962615,0.0,0
1.882898383167396,0.11448685297527436,32.0,5270.0,0.19801172953358762,1.5713368884892445,0.0,39965.0,1.5054429836962615,0.0,0
1.8854412715523212,0.11505019627177358,33.0,5287.0,0.19999914000046526,1.571376207298385,0.0,39964.0,1.5054429836962615,0.0,0
1.8877602787753403,0.11545631173436359,34.0,5302.0,0.20191203176089423,1.571376207298385,0.0,39964.0,1.5054429836962615,0.0,0
1.8900966183210295,0.11594412248842718,35.0,5316.0,0.2037605605525199,1.5713762072983846,0.0,39964.0,1.5054429836962615,0.0,0
1.8924875239041647,0.11654587853733743,36.0,5339.0,0.205549710086745,1.5713762072983841,0.0,39964.0,1.5054429836962615,0.0,0
1.8944812658582928,0.11680535559310067,37.0,5345.0,0.20728397498510953,1.5713762072983857,0.0,39964.0,1.5054429836962615,0.0,0
1.8968193735382253,0.11746000678442357,38.0,5364.0,0.2089674314737192,1.571376207298385,0.0,39964.0,1.5054429836962615,0.0,0
1.898795979948355,0.11780334630798613,39.0,5373.0,0.21060887784822585,1.5714155280752857,0.0,39963.0,1.5054429836962615,0.0,0
1.900785714805186,0.11820038729148295,40.0,5386.0,0.21220157172156012,1.5714155280752862,0.0,39963.0,1.5054429836962615,0.0,0
1.9026892727223799,0.11855199627637067,41.0,5399.0,0.21375352065386616,1.5714155280752864,0.0,39963.0,1.5054429836962615,0.0,0
1.9046193955029678,0.11896811003392424,42.0,5410.0,0.21526752967690047,1.5714155280752866,0.0,39963.0,1.5054429836962615,0.0,0
1.906444014317895,0.11931413774682469,43.0,5424.0,0.2167461207789274,1.5714155280752864,0.0,39963.0,1.5054429836962615,0.0,0
1.908231362408862,0.11965602207183483,44.0,5434.0,0.21819158454488433,1.5714155280752862,0.0,39963.0,1.5054429836962615,0.0,0
1.9099855133671435,0.11999575407014684,45.0,5444.0,0.21960600350485346,1.5714155280752866,0.0,39963.0,1.5054429836962615,0.0,0
1.9114116283258338,0.12003975937873378,46.0,5449.0,0.22099662132388195,1.5714548508200952,0.0,39962.0,1.5054429836962615,0.0,0
1.9131043703225261,0.12037456468101893,47.0,5460.0,0.22235455801828938,1.5714548508200956,0.0,39962.0,1.5054429836962615,0.0,0
1.9146030658905357,0.12054122043228793,48.0,5466.0,0.22368659783502992,1.5714548508200956,0.0,39962.0,1.5054429836962615,0.0,0
1.9161397944689147,0.12077033940864665,49.0,5472.0,0.2249942074370502,1.5714548508200952,0.0,39962.0,1.5054429836962615,0.0,0
1.9177200550573388,0.12106611042007813,50.0,5479.0,0.22627869701404252,1.571454850820096,0.0,39962.0,1.5054429836962615,0.0,0
1.9194418727524274,0.12152536520246503,51.0,5490.0,0.22754125992674437,1.5714548508200958,0.0,39962.0,1.5054429836962615,0.0,0
1.9210382209748926,0.12187998818636946,52.0,5501.0,0.22878298516530543,1.571454850820096,0.0,39962.0,1.5054429836962615,0.0,0
1.9226291371354098,0.12224902180061713,53.0,5511.0,0.23000486771157494,1.5714548508200958,0.0,39962.0,1.5054429836962615,0.0,0
1.9239602237041167,0.1223771584995918,54.0,5516.0,0.231207817581307,1.5714548508200952,0.0,39962.0,1.5054429836962615,0.0,0
1.9254704470117339,0.12270253150488047,55.0,5527.0,0.23239266788363558,1.5714548508200956,0.0,39962.0,1.5054429836962615,0.0,0
1.927001533682163,0.12306934694511147,56.0,5540.0,0.2335658363970522,1.5714941755329608,0.0,39961.0,1.5054429836962615,0.0,0
1.9284796204082952,0.1233964667760635,57.0,5550.0,0.23471680329223218,1.5714941755329612,0.0,39961.0,1.5054429836962615,0.0,0
1.930139506343989,0.12392142105138017,58.0,5571.0,0.2358517349526093,1.5714941755329612,0.0,39961.0,1.5054429836962615,0.0,0
1.9315216157196597,0.12418400786731362,59.0,5580.0,0.23697125751234663,1.5714941755329608,0.0,39961.0,1.5054429836962615,0.0,0
1.9330276899754464,0.12458542005665565,60.0,5591.0,0.2380759195787909,1.5714941755329612,0.0,39961.0,1.5054429836962615,0.0,0
1.9343383166192865,0.12480574184728103,61.0,5597.0,0.23916622443200589,1.571494175532961,0.0,39961.0,1.5054429836962615,0.0,0
1.9355830972275654,0.12497411119372633,62.0,5601.0,0.24024263569383963,1.5714941755329612,0.0,39961.0,1.5054429836962615,0.0,0
1.9372531936401811,0.12558126175668508,63.0,5617.0,0.24130558154349663,1.5714941755329608,0.0,39961.0,1.5054429836962615,0.0,0
1.9384685474031411,0.12574673886652768,64.0,5624.0,0.24235545819661392,1.5714941755329614,0.0,39961.0,1.5054429836962615,0.0,0
1.939743942403955,0.12598495913350016,65.0,5634.0,0.2433926329304554,1.571494175532961,0.0,39961.0,1.5054429836962615,0.0,0
1.9411048527730377,0.12632105565643761,66.0,5645.0,0.24441744677660052,1.5714941755329614,0.0,39961.0,1.5054429836962615,0.0,0
1.942204152319437,0.1264075850379184,67.0,5648.0,0.24543021694151898,1.5714941755329617,0.0,39961.0,1.5054429836962615,0.0,0
1.9432850411274027,0.12648745179589826,68.0,5651.0,0.2464312389915051,1.5714941755329614,0.0,39961.0,1.5054429836962615,0.0,0
1.9445451131911191,0.12675797402284472,69.0,5659.0,0.2474207888282747,1.5714941755329617,0.0,39961.0,1.5054429836962615,0.0,0
1.9458175666471589,0.12705209183058352,70.0,5667.0,0.24839912447657567,1.5714941755329614,0.0,39961.0,1.5054429836962615,0.0,0
1.9469917923292706,0.12725895428705897,71.0,5674.0,0.24936648770221187,1.5714941755329617,0.0,39961.0,1.5054429836962615,0.0,0
1.9485827850734696,0.12789332925665745,72.0,5692.0,0.25032310547681247,1.5714941755329612,0.0,39961.0,1.5054429836962615,0.0,0
1.9498252038393458,0.12818966219535963,73.0,5699.0,0.2512691913039864,1.5714941755329612,0.0,39961.0,1.5054429836962615,0.0,0
1.950990557052404,0.12841926029232736,74.0,5707.0,0.2522049464200773,1.5714941755329614,0.0,39961.0,1.5054429836962615,0.0,0
1.9520775007787503,0.12858058955730123,75.0,5711.0,0.25313056088144925,1.5714941755329612,0.0,39961.0,1.5054429836962615,0.0,0
1.9533431758444255,0.12893061095532735,76.0,5721.0,0.25404621454909865,1.5714941755329608,0.0,39961.0,1.5054429836962615,0.0,0
1.954429693111649,0.12911126479129278,77.0,5726.0,0.25495207798035663,1.571494175532961,0.0,39961.0,1.5054429836962615,0.0,0
1.955485315355848,0.12927065177933206,78.0,5731.0,0.25584831323651636,1.571494175532961,0.0,39961.0,1.5054429836962615,0.0,0
1.9566635391137972,0.12956211415942198,79.0,5738.0,0.25673507461437584,1.571494175532961,0.0,39961.0,1.5054429836962615,0.0,0
1.9576362887132404,0.12966087993731207,80.0,5745.0,0.2576187486429613,1.5715335022140307,0.0,39960.0,1.5054429836962615,0.0,0
1.9585790624518487,0.1297353229732516,81.0,5748.0,0.2584870793456301,1.57153350221403,0.0,39960.0,1.5054429836962615,0.0,0
1.9596172602111457,0.12991428377449823,82.0,5755.0,0.2593463163036801,1.5715335022140309,0.0,39960.0,1.5054429836962615,0.0,0
1.9607128018721578,0.13015951808498935,83.0,5760.0,0.26019662365420126,1.5715335022140307,0.0,39960.0,1.5054429836962615,0.0,0
1.9616673634364468,0.13027257331666944,84.0,5763.0,0.2610381299868104,1.5715335022140309,0.0,39960.0,1.5054429836962615,0.0,0
1.962510845134171,0.13028322842905193,85.0,5764.0,0.2618709565721521,1.5715335022140304,0.0,39960.0,1.5054429836962615,0.0,0
1.9636303796203902,0.13057850005037847,86.0,5772.0,0.2626952194370446,1.5715335022140309,0.0,39960.0,1.5054429836962615,0.0,0
1.9646085552883796,0.13074086482973538,87.0,5776.0,0.26351103032567724,1.5715335022140309,0.0,39960.0,1.5054429836962615,0.0,0
1.965623005945508,0.13094784857955982,88.0,5783.0,0.2643184972329809,1.5715335022140313,0.0,39960.0,1.5054429836962615,0.0,0
1.9665590585434924,0.1310846736465829,89.0,5787.0,0.2651177247639422,1.5715335022140304,0.0,39960.0,1.5054429836962615,0.0,0
1.9675598580302105,0.13129438348344163,90.0,5794.0,0.2659088144138018,1.5715335022140304,0.0,39960.0,1.5054429836962615,0.0,0
1.968617972308857,0.13156944737039833,91.0,5801.0,0.26669186480549184,1.5715335022140302,0.0,39960.0,1.5054429836962615,0.0,0
1.9694488247446276,0.13162519271267634,92.0,5803.0,0.2674669718989842,1.5715335022140309,0.0,39960.0,1.5054429836962615,0.0,0
1.9702994273150718,0.13170853800298618,93.0,5807.0,0.2682342291791185,1.5715335022140304,0.0,39960.0,1.5054429836962615,0.0,0
1.971412379949927,0.13206199199157465,94.0,5819.0,0.2689937278253855,1.5715335022140307,0.0,39960.0,1.5054429836962615,0.0,0
1.9723615670731411,0.13225935007426864,95.0,5823.0,0.26974555686590557,1.5715335022140304,0.0,39960.0,1.5054429836962615,0.0,0
1.9732968420274761,0.13245037857721595,96.0,5829.0,0.27048980331729305,1.5715335022140309,0.0,39960.0,1.5054429836962615,0.0,0
1.9741323857223152,0.13254917327753124,97.0,5834.0,0.2712265523118168,1.5715335022140309,0.0,39960.0,1.5054429836962615,0.0,0
1.9750645626150225,0.1327520152689735,98.0,5841.0,0.27195588721308206,1.5715335022140304,0.0,39960.0,1.5054429836962615,0.0,0
1.9759519795797502,0.13291742972545068,99.0,5846.0,0.2726778897213325,1.5715335022140302,0.0,39960.0,1.5054429836962615,0.0,0
1.976680640447846,0.1329313403455215,100.0,5848.0,0.27339263996935764,1.5715335022140309,0.0,39960.0,1.5054429836962615,0.0,0
1.977532217204367,0.13307534046150982,101.0,5853.0,0.27410021660989,1.5715335022140313,0.0,39960.0,1.5054429836962615,0.0,0
1.9783316962983593,0.13317433927008898,102.0,5855.0,0.27480069689530323,1.5715335022140309,0.0,39960.0,1.5054429836962615,0.0,0
1.9791692893542296,0.13331847247093007,103.0,5860.0,0.27549415675033245,1.571533502214031,0.0,39960.0,1.5054429836962615,0.0,0
1.9800345777046686,0.13349724673322508,104.0,5865.0,0.2761806708384764,1.571533502214031,0.0,39960.0,1.5054429836962615,0.0,0
1.9810239822212539,0.1338070094656085,105.0,5874.0,0.2768603126226784,1.5715335022140302,0.0,39960.0,1.5054429836962615,0.0,0
1.9818196633646794,0.13392984881089004,106.0,5877.0,0.27753315442082216,1.5715335022140309,0.0,39960.0,1.5054429836962615,0.0,0
1.982910762877892,0.1343548352883941,107.0,5891.0,0.2781992674565306,1.5715335022140304,0.0,39960.0,1.5054429836962615,0.0,0
1.9836479592328011,0.1344325771941228,108.0,5894.0,0.27885872190571126,1.5715335022140304,0.0,39960.0,1.5054429836962615,0.0,0
1.9843557902858602,0.13448754321364997,109.0,5896.0,0.279511586939243,1.5715335022140302,0.0,39960.0,1.5054429836962615,0.0,0
1.9850600208723228,0.1345454299771868,110.0,5898.0,0.2801579307621691,1.5715335022140302,0.0,39960.0,1.5054429836962615,0.0,0
1.9858186799191153,0.1346641991364254,111.0,5904.0,0.2807978206497229,1.5715335022140307,0.0,39960.0,1.5054429836962615,0.0,0
1.9867157896457037,0.13492780653225747,112.0,5910.0,0.2814313229804794,1.5715335022140309,0.0,39960.0,1.5054429836962615,0.0,0
1.987426700058625,0.1350115366587534,113.0,5914.0,0.2820585032669044,1.5715335022140309,0.0,39960.0,1.5054429836962615,0.0,0
1.9881790795291985,0.13514299321269102,114.0,5918.0,0.28267942618354036,1.5715335022140309,0.0,39960.0,1.5054429836962615,0.0,0
1.988867320829464,0.13521650510344635,115.0,5920.0,0.2832941555930507,1.5715335022140309,0.0,39960.0,1.5054429836962615,0.0,0
1.9896434410933923,0.13538402639010655,116.0,5926.0,0.28390275457031855,1.5715335022140315,0.0,39960.0,1.5054429836962615,0.0,0
1.9905241023580063,0.1356621568002561,117.0,5934.0,0.2845052854247831,1.5715335022140307,0.0,39960.0,1.5054429836962615,0.0,0
1.9912202698008463,0.13576179994670706,118.0,5936.0,0.28510180972117205,1.5715335022140304,0.0,39960.0,1.5054429836962615,0.0,0
1.9919343030255225,0.13588525459377457,119.0,5939.0,0.2856923882987808,1.5715335022140307,0.0,39960.0,1.5054429836962615,0.0,0
1.9927161518939795,0.1360824104715824,120.0,5944.0,0.2862770812894301,1.5715335022140302,0.0,39960.0,1.5054429836962615,0.0,0
1.993407650768188,0.13619504250099826,121.0,5948.0,0.28685594813422266,1.5715335022140309,0.0,39960.0,1.5054429836962615,0.0,0
1.9943277575238734,0.13654204979169712,122.0,5956.0,0.287429047599209,1.5715335022140304,0.0,39960.0,1.5054429836962615,0.0,0
1.9951468311692697,0.13679373324624244,123.0,5962.0,0.28799643779005996,1.5715335022140309,0.0,39960.0,1.5054429836962615,0.0,0
1.9957667655629454,0.13685192926414227,124.0,5964.0,0.28855817616583623,1.5715335022140304,0.0,39960.0,1.5054429836962615,0.0,0
1.9964272583036562,0.13695627861875254,125.0,5967.0,0.28911431955193684,1.5715335022140307,0.0,39960.0,1.5054429836962615,0.0,0
1.997077806673686,0.13705622238842227,126.0,5969.0,0.28966492415229655,1.5715335022140313,0.0,39960.0,1.5054429836962615,0.0,0
1.9978994998159822,0.1373327941221106,127.0,5976.0,0.2902100455609047,1.5715335022140298,0.0,39960.0,1.5054429836962615,0.0,0
1.998540827076113,0.13743809640354104,128.0,5979.0,0.29075677303568503,1.5715728308634513,0.0,39959.0,1.5054429836962615,0.0,0
1.9993405202145882,0.13770339475200558,129.0,5985.0,0.2912911678256959,1.5715728308634513,0.0,39959.0,1.5054429836962615,0.0,0
1.999984821520438,0.13781866432697004,130.0,5988.0,0.2918201995565818,1.5715728308634516,0.0,39959.0,1.5054429836962615,0.0,0
2.0006564870528,0.1379665725417323,131.0,5992.0,0.29234395687418085,1.5715728308634518,0.0,39959.0,1.5054429836962615,0.0,0
2.0011750270659725,0.1379665725417323,132.0,5992.0,0.29286249688735305,1.5715728308634527,0.0,39959.0,1.5054429836962615,0.0,0
2.0016900183193593,0.13797187982272868,133.0,5993.0,0.29338297174187,1.5716121614813714,0.0,39958.0,1.5054429836962615,0.0,0
2.0024292638734336,0.13820278546190334,134.0,5999.0,0.2938913116567694,1.571612161481372,0.0,39958.0,1.5054429836962615,0.0,0
2.00305883898155,0.13832912357964225,135.0,6003.0,0.29439454864714704,1.5716121614813723,0.0,39958.0,1.5054429836962615,0.0,0
2.003612555421455,0.1383846199885173,136.0,6005.0,0.2948927686781769,1.5716121614813727,0.0,39958.0,1.5054429836962615,0.0,0
2.004112792764763,0.13839530504458794,137.0,6007.0,0.29539317325523345,1.5716514940679405,0.0,39957.0,1.5054429836962615,0.0,0
2.0046753266524426,0.13846941839591057,138.0,6009.0,0.29588159379159085,1.5716514940679391,0.0,39957.0,1.5054429836962615,0.0,0
2.005381380874446,0.13869195668278703,139.0,6015.0,0.29636510972671753,1.5716514940679402,0.0,39957.0,1.5054429836962615,0.0,0
2.0059604605529517,0.13879234092202725,140.0,6017.0,0.29684380516598285,1.5716514940679405,0.0,39957.0,1.5054429836962615,0.0,0
2.0065463267047727,0.13890427957288218,141.0,6021.0,0.2973177326669494,1.57165149406794,0.0,39957.0,1.5054429836962615,0.0,0
2.0070939651597337,0.13898270920383604,142.0,6025.0,0.29778694149095636,1.5716514940679398,0.0,39957.0,1.5054429836962615,0.0,0
2.0076857452837427,0.13910995144186047,143.0,6029.0,0.2982514793769407,1.5716514940679398,0.0,39957.0,1.5054429836962615,0.0,0
2.0083706630405125,0.1393349553777063,144.0,6034.0,0.2987113931978648,1.5716514940679402,0.0,39957.0,1.5054429836962615,0.0,0
2.008836907357761,0.1393458636865056,145.0,6035.0,0.2991667292063139,1.57165149406794,0.0,39957.0,1.5054429836962615,0.0,0
2.0094679321161037,0.13952608452234588,146.0,6040.0,0.29961753312881634,1.5716514940679398,0.0,39957.0,1.5054429836962615,0.0,0
2.0103815768910023,0.13999341222168082,147.0,6053.0,0.30006385020438,1.5716514940679402,0.0,39957.0,1.5054429836962615,0.0,0
2.0109633816078074,0.140133341940481,148.0,6057.0,0.30050572520238505,1.5716514940679405,0.0,39957.0,1.5054429836962615,0.0,0
2.0114516935829587,0.1401841766852466,149.0,6060.0,0.30094320243277095,1.5716514940679387,0.0,39957.0,1.5054429836962615,0.0,0
2.012059878187411,0.14035923796918517,150.0,6064.0,0.3013763257532845,1.5716514940679398,0.0,39957.0,1.5054429836962615,0.0,0
2.01261345256132,0.1404839995208292,151.0,6067.0,0.3018051385755495,1.5716514940679405,0.0,39957.0,1.5054429836962615,0.0,0
2.013089316164074,0.1405353178285185,152.0,6070.0,0.30222968387061416,1.5716514940679396,0.0,39957.0,1.5054429836962615,0.0,0
2.013509636467682,0.1405353178285185,153.0,6070.0,0.3026500041742223,1.5716514940679396,0.0,39957.0,1.5054429836962615,0.0,0
2.0139410697496447,0.14055061369279784,154.0,6071.0,0.30306614159190576,1.5716514940679391,0.0,39957.0,1.5054429836962615,0.0,0
2.014370488365707,0.1405680360968277,155.0,6073.0,0.30347813780393773,1.5716514940679402,0.0,39957.0,1.5054429836962615,0.0,0
2.0148441061843445,0.1406337576492363,156.0,6075.0,0.3038860340701667,1.5716514940679398,0.0,39957.0,1.5054429836962615,0.0,0
2.0153093200685,0.14069513436881426,157.0,6077.0,0.30428987123474444,1.57165149406794,0.0,39957.0,1.5054429836962615,0.0,0
2.015810032126124,0.1407960279304311,158.0,6079.0,0.30468968973075183,1.5716514940679394,0.0,39957.0,1.5054429836962615,0.0,0
2.0163572374685734,0.1409473934188975,159.0,6082.0,0.3050855295847342,1.5716514940679398,0.0,39957.0,1.5054429836962615,0.0,0
2.0168511509046843,0.14104940601859545,160.0,6087.0,0.3054774304211475,1.5716514940679391,0.0,39957.0,1.5054429836962615,0.0,0
2.0173860100166396,0.14119626408497565,161.0,6093.0,0.3058654314667228,1.57165149406794,0.0,39957.0,1.5054429836962615,0.0,0
2.0177843510608087,0.1412104650411149,162.0,6095.0,0.3062495715547526,1.571651494067939,0.0,39957.0,1.5054429836962615,0.0,0
2.018303926111706,0.14134972251746206,163.0,6101.0,0.3066298891293026,1.5716514940679394,0.0,39957.0,1.5054429836962615,0.0,0
2.0188320181366493,0.14150128142235344,164.0,6104.0,0.30700642224935426,1.5716514940679396,0.0,39957.0,1.5054429836962615,0.0,0
2.019305865372846,0.14160234231502464,165.0,6106.0,0.3073792085928804,1.5716514940679394,0.0,39957.0,1.5054429836962615,0.0,0
2.0196990633448504,0.14162646341905413,166.0,6107.0,0.30774828546085514,1.5716514940679396,0.0,39957.0,1.5054429836962615,0.0,0
2.0201357716838597,0.14169776743771226,167.0,6110.0,0.3081136897812064,1.57165149406794,0.0,39957.0,1.5054429836962615,0.0,0
2.0206134292901083,0.14181365671245952,168.0,6114.0,0.3084754581127071,1.57165149406794,0.0,39957.0,1.5054429836962615,0.0,0
2.020971597826213,0.14181365671245952,169.0,6114.0,0.30883362664881187,1.5716514940679391,0.0,39957.0,1.5054429836962615,0.0,0
2.0213286374472816,0.1418160917609,170.0,6115.0,0.3091882312214399,1.5716514940679411,0.0,39957.0,1.5054429836962615,0.0,0
2.021703859715522,0.14184023794587503,171.0,6116.0,0.30953930730470547,1.5716514940679398,0.0,39957.0,1.5054429836962615,0.0,0
2.022176798188502,0.141965593704961,172.0,6119.0,0.3098868900185995,1.5716514940679391,0.0,39957.0,1.5054429836962615,0.0,0
2.022658914608879,0.14210739471155126,173.0,6124.0,0.310238515470204,1.5716908286233022,0.0,39956.0,1.5054429836962615,0.0,0
2.0229996857646158,0.14210739471155126,174.0,6124.0,0.3105792866259411,1.5716908286233027,0.0,39956.0,1.5054429836962615,0.0,0
2.02333702362729,0.14210739471155126,175.0,6124.0,0.3109166244886152,1.571690828623303,0.0,39956.0,1.5054429836962615,0.0,0
2.023888949734546,0.14232534703656535,176.0,6129.0,0.3112505982708572,1.5716908286233022,0.0,39956.0,1.5054429836962615,0.0,0
2.0242702570917808,0.14237600685679336,177.0,6130.0,0.31158124580786384,1.5716908286233027,0.0,39956.0,1.5054429836962615,0.0,0
2.024654927788304,0.1424333215236876,178.0,6132.0,0.31190860183749286,1.5716908286233027,0.0,39956.0,1.5054429836962615,0.0,0
2.0250538901864843,0.1425081860114776,179.0,6134.0,0.31223269974788337,1.5716908286233024,0.0,39956.0,1.5054429836962615,0.0,0
2.0253831454866575,0.14251656883712652,180.0,6135.0,0.3125535722224074,1.5716908286233022,0.0,39956.0,1.5054429836962615,0.0,0
2.0257250218041745,0.14254076589774334,181.0,6136.0,0.31287125147930767,1.571690828623302,0.0,39956.0,1.5054429836962615,0.0,0
2.0261056313739636,0.14260685758466388,182.0,6138.0,0.3131857693621761,1.571690828623303,0.0,39956.0,1.5054429836962615,0.0,0
2.0264412229175455,0.14263106111490895,183.0,6139.0,0.3134971573755132,1.5716908286233027,0.0,39956.0,1.5054429836962615,0.0,0
2.026749512242067,0.14263106111490895,184.0,6139.0,0.3138054467000346,1.5716908286233024,0.0,39956.0,1.5054429836962615,0.0,0
2.0271262815291298,0.14270260890152087,185.0,6142.0,0.31411066820048505,1.571690828623303,0.0,39956.0,1.5054429836962615,0.0,0
2.0274680834404424,0.14274222658266314,186.0,6144.0,0.3144128524306555,1.571690828623303,0.0,39956.0,1.5054429836962615,0.0,0
2.027820453394785,0.14279541933032983,187.0,6146.0,0.31471202963733175,1.5716908286233024,0.0,39956.0,1.5054429836962615,0.0,0
2.0282720503633365,0.14295081617239985,188.0,6151.0,0.3150082297638131,1.5716908286233027,0.0,39956.0,1.5054429836962615,0.0,0
2.028580135749858,0.14296564886949573,189.0,6153.0,0.31530148245323864,1.571690828623302,0.0,39956.0,1.5054429836962615,0.0,0
2.028996255498758,0.14309143401982388,190.0,6156.0,0.31559181705181044,1.5716908286233022,0.0,39956.0,1.5054429836962615,0.0,0
2.0292837010588918,0.14309143401982388,191.0,6156.0,0.31587926261194404,1.5716908286233033,0.0,39956.0,1.5054429836962615,0.0,0
2.029634497560434,0.143157645237944,192.0,6158.0,0.31616384789536645,1.571690828623303,0.0,39956.0,1.5054429836962615,0.0,0
2.03001785877379,0.14325925297050396,193.0,6160.0,0.31644560137616246,1.5716908286233022,0.0,39956.0,1.5054429836962615,0.0,0
2.030350879133628,0.14331332346272815,194.0,6162.0,0.31672455124377624,1.5716908286233024,0.0,39956.0,1.5054429836962615,0.0,0
2.0306778690122114,0.14336413917911858,195.0,6163.0,0.31700072540596913,1.5716908286233027,0.0,39956.0,1.5054429836962615,0.0,0
2.0309865818931105,0.14339942597425112,196.0,6165.0,0.317274151491736,1.5716908286233022,0.0,39956.0,1.5054429836962615,0.0,0
2.0312812485791802,0.14342338729787457,197.0,6168.0,0.317544856854182,1.5716908286233033,0.0,39956.0,1.5054429836962615,0.0,0
2.0316000998474837,0.14347422684700004,198.0,6169.0,0.31781286857336016,1.5716908286233018,0.0,39956.0,1.5054429836962615,0.0,0
2.0318654447331963,0.14347422684700004,199.0,6169.0,0.3180782134590729,1.571690828623303,0.0,39956.0,1.5054429836962615,0.0,0
2.0322672621509876,0.143613339670227,200.0,6174.0,0.318340918053637,1.5716908286233022,0.0,39956.0,1.5054429836962615,0.0,0
2.0326799509207127,0.1437659378589745,201.0,6177.0,0.3186010086346144,1.5716908286233033,0.0,39956.0,1.5054429836962615,0.0,0
2.0329528959365732,0.14378138029194207,202.0,6178.0,0.3188585112175077,1.571690828623303,0.0,39956.0,1.5054429836962615,0.0,0
2.0332078362774912,0.14378138029194207,203.0,6178.0,0.3191134515584256,1.571690828623303,0.0,39956.0,1.5054429836962615,0.0,0
2.0335111310216387,0.14383227143780145,204.0,6179.0,0.3193658551567136,1.5716908286233022,0.0,39956.0,1.5054429836962615,0.0,0
2.0337626338597614,0.143837755773062,205.0,6180.0,0.3196234723908047,1.5717301651476085,0.0,39955.0,1.5054429836962615,0.0,0
2.0340101084153575,0.143837755773062,206.0,6180.0,0.3198709469464009,1.571730165147608,0.0,39955.0,1.5054429836962615,0.0,0
2.034447567864245,0.14403024548857973,207.0,6185.0,0.3201159166797705,1.5717301651476077,0.0,39955.0,1.5054429836962615,0.0,0
2.034714396189006,0.14405454903588083,208.0,6186.0,0.3203584414572305,1.571730165147608,0.0,39955.0,1.5054429836962615,0.0,0
2.0350695078342698,0.14416955218233932,209.0,6190.0,0.3205985499560359,1.571730165147608,0.0,39955.0,1.5054429836962615,0.0,0
2.0353581635237923,0.14422048997436407,210.0,6191.0,0.32083626785353386,1.5717301651476079,0.0,39955.0,1.5054429836962615,0.0,0
2.03561783083758,0.14424480557170713,211.0,6192.0,0.32107161956997804,1.5717301651476077,0.0,39955.0,1.5054429836962615,0.0,0
2.0359504251435765,0.14434439053654888,212.0,6195.0,0.321304628911133,1.571730165147608,0.0,39955.0,1.5054429836962615,0.0,0
2.0363849524874795,0.14454822748510818,213.0,6199.0,0.32153531930647666,1.5717301651476083,0.0,39955.0,1.5054429836962615,0.0,0
2.0366334789002454,0.1445683593057643,214.0,6202.0,0.32176371389858616,1.5717301651476083,0.0,39955.0,1.5054429836962615,0.0,0
2.036859600579394,0.1445683593057643,215.0,6202.0,0.32198983557773503,1.5717301651476085,0.0,39955.0,1.5054429836962615,0.0,0
2.037155379605037,0.144640266912847,216.0,6205.0,0.3222137069962953,1.571730165147608,0.0,39955.0,1.5054429836962615,0.0,0
2.037539503421364,0.14480274714979702,217.0,6210.0,0.32243535057567213,1.571730165147608,0.0,39955.0,1.5054429836962615,0.0,0
2.037758941356151,0.14480274714979702,218.0,6210.0,0.3226547885104592,1.5717301651476085,0.0,39955.0,1.5054429836962615,0.0,0
2.03802719746914,0.14485374900171064,219.0,6211.0,0.322872042771535,1.571730165147608,0.0,39955.0,1.5054429836962615,0.0,0
2.0382422898063486,0.14485374900171064,220.0,6211.0,0.32308713510874326,1.571730165147608,0.0,39955.0,1.5054429836962615,0.0,0
2.0384552417509934,0.14485374900171064,221.0,6211.0,0.3233000870533878,1.5717301651476079,0.0,39955.0,1.5054429836962615,0.0,0
2.0386685306583106,0.14485620504178173,222.0,6212.0,0.3235109199206343,1.5717301651476077,0.0,39955.0,1.5054429836962615,0.0,0
2.0388772655495253,0.14485620504178173,223.0,6212.0,0.3237196548118491,1.5717301651476074,0.0,39955.0,1.5054429836962615,0.0,0
2.0391504486044676,0.14492273029167835,224.0,6214.0,0.32392631261689436,1.571730165147608,0.0,39955.0,1.5054429836962615,0.0,0
2.0394060892513335,0.1449737695390596,225.0,6215.0,0.32413091401637906,1.5717301651476074,0.0,39955.0,1.5054429836962615,0.0,0
2.03960865471883,0.1449737695390596,226.0,6215.0,0.32433347948387564,1.5717301651476088,0.0,39955.0,1.5054429836962615,0.0,0
2.039860256310701,0.1450248213267077,227.0,6216.0,0.32453402928809844,1.5717301651476077,0.0,39955.0,1.5054429836962615,0.0,0
2.0400588105176554,0.1450248213267077,228.0,6216.0,0.324732583495053,1.571730165147608,0.0,39955.0,1.5054429836962615,0.0,0
2.040306450443258,0.14507588277721395,229.0,6217.0,0.3249291619701495,1.5717301651476079,0.0,39955.0,1.5054429836962615,0.0,0
2.040501072853397,0.14507588277721395,230.0,6217.0,0.32512378438028844,1.571730165147608,0.0,39955.0,1.5054429836962615,0.0,0
2.0406937586690255,0.14507588277721395,231.0,6217.0,0.32531647019591664,1.5717301651476085,0.0,39955.0,1.5054429836962615,0.0,0
2.040935602677928,0.1451269582889792,232.0,6218.0,0.32550723869305426,1.5717301651476085,0.0,39955.0,1.5054429836962615,0.0,0
2.0411910615942706,0.14519354694308062,233.0,6220.0,0.32569610895529494,1.5717301651476083,0.0,39955.0,1.5054429836962615,0.0,0
2.0414291430478797,0.14524463747620314,234.0,6221.0,0.3258830998757815,1.5717301651476088,0.0,39955.0,1.5054429836962615,0.0,0
2.04181865418699,0.14544901833194218,235.0,6225.0,0.3260682301591534,1.5717301651476074,0.0,39955.0,1.5054429836962615,0.0,0
2.042026334214731,0.145473410195365,236.0,6226.0,0.3262515183234714,1.5717301651476077,0.0,39955.0,1.5054429836962615,0.0,0
2.0423810370482274,0.14564664865021323,237.0,6232.0,0.32643298270211935,1.571730165147608,0.0,39955.0,1.5054429836962615,0.0,0
2.042560695791788,0.14564664865021323,238.0,6232.0,0.32661264144568036,1.5717301651476077,0.0,39955.0,1.5054429836962615,0.0,0
2.0427385668699007,0.14564664865021323,239.0,6232.0,0.3267905125237929,1.5717301651476074,0.0,39955.0,1.5054429836962615,0.0,0
2.042920137972566,0.14565211854968815,240.0,6233.0,0.326966613726983,1.5717301651476088,0.0,39955.0,1.5054429836962615,0.0,0
2.0430944869140593,0.14565211854968815,241.0,6233.0,0.3271409626684767,1.571730165147608,0.0,39955.0,1.5054429836962615,0.0,0
2.0433359117386796,0.1457209292567938,242.0,6236.0,0.327313576785991,1.5717301651476088,0.0,39955.0,1.5054429836962615,0.0,0
2.0435312175977187,0.14574533855832006,243.0,6237.0,0.327484473343504,1.571730165147608,0.0,39955.0,1.5054429836962615,0.0,0
2.0439050167297004,0.1459499416008002,244.0,6241.0,0.32765366943300606,1.5717301651476072,0.0,39955.0,1.5054429836962615,0.0,0
2.044072529272925,0.1459499416008002,245.0,6241.0,0.32782118197623017,1.5717301651476083,0.0,39955.0,1.5054429836962615,0.0,0
2.0442383750230606,0.1459499416008002,246.0,6241.0,0.32798702772636573,1.571730165147608,0.0,39955.0,1.5054429836962615,0.0,0
2.0444092833322016,0.14595665436655733,247.0,6242.0,0.32815122326974944,1.5717301651476079,0.0,39955.0,1.5054429836962615,0.0,0
2.0445962672118103,0.14598107648837325,248.0,6243.0,0.3283137850275419,1.571730165147608,0.0,39955.0,1.5054429836962615,0.0,0
2.044832810055605,0.14605667510232612,249.0,6245.0,0.3284747292573841,1.5717301651476085,0.0,39955.0,1.5054429836962615,0.0,0
2.0449921528532564,0.14605667510232612,250.0,6245.0,0.32863407205503564,1.5717301651476077,0.0,39955.0,1.5054429836962615,0.0,0
2.045156625312304,0.14606339026041112,251.0,6246.0,0.32879182935599827,1.5717301651476077,0.0,39955.0,1.5054429836962615,0.0,0
2.0453237649159495,0.14607434228293664,252.0,6248.0,0.3289480169371184,1.5717301651476077,0.0,39955.0,1.5054429836962615,0.0,0
2.0454783983970066,0.14607434228293664,253.0,6248.0,0.32910265041817516,1.5717301651476083,0.0,39955.0,1.5054429836962615,0.0,0
2.0456982304530995,0.14614107949375263,254.0,6250.0,0.3292557452634522,1.5717301651476072,0.0,39955.0,1.5054429836962615,0.0,0
2.0458498019729388,0.14614107949375263,255.0,6250.0,0.32940731678329127,1.5717301651476072,0.0,39955.0,1.5054429836962615,0.0,0
2.045999865325278,0.14614107949375263,256.0,6250.0,0.32955738013563113,1.5717301651476077,0.0,39955.0,1.5054429836962615,0.0,0
2.0461484355171766,0.14614107949375263,257.0,6250.0,0.3297059503275292,1.5717301651476077,0.0,39955.0,1.5054429836962615,0.0,0
2.046362284359602,0.14620783644703783,258.0,6252.0,0.329853042216669,1.571730165147609,0.0,39955.0,1.5054429836962615,0.0,0
2.046559132930161,0.14625905672141523,259.0,6253.0,0.32999867051285126,1.5717301651476072,0.0,39955.0,1.5054429836962615,0.0,0
2.046727760633124,0.14628350515775962,260.0,6254.0,0.33014284977946945,1.5717301651476079,0.0,39955.0,1.5054429836962615,0.0,0
2.0468705052886254,0.14628350515775962,261.0,6254.0,0.3302855944349711,1.5717301651476085,0.0,39955.0,1.5054429836962615,0.0,0
2.047063061864421,0.14633473741422395,262.0,6255.0,0.33042691875430263,1.5717301651476083,0.0,39955.0,1.5054429836962615,0.0,0
2.0472029799804607,0.14633473741422395,263.0,6255.0,0.330566836870342,1.571730165147608,0.0,39955.0,1.5054429836962615,0.0,0
2.047443985401042,0.1464372169298333,264.0,6257.0,0.33070536277531387,1.5717301651476083,0.0,39955.0,1.5054429836962615,0.0,0
2.0476055923203447,0.14646167630225737,265.0,6258.0,0.33084251032219275,1.5717301651476077,0.0,39955.0,1.5054429836962615,0.0,0
2.047741375224242,0.14646167630225737,266.0,6258.0,0.33097829322609035,1.5717301651476072,0.0,39955.0,1.5054429836962615,0.0,0
2.047906920961691,0.1464927902001662,267.0,6260.0,0.33111272506563016,1.5717301651476083,0.0,39955.0,1.5054429836962615,0.0,0
2.048040015180368,0.1464927902001662,268.0,6260.0,0.33124581928430685,1.5717301651476077,0.0,39955.0,1.5054429836962615,0.0,0
2.048171785087894,0.1464927902001662,269.0,6260.0,0.33137758919183324,1.571730165147608,0.0,39955.0,1.5054429836962615,0.0,0
2.0483022438615333,0.1464927902001662,270.0,6260.0,0.33150804796547256,1.5717301651476074,0.0,39955.0,1.5054429836962615,0.0,0
2.0484314045474195,0.1464927902001662,271.0,6260.0,0.33163720865135843,1.5717301651476077,0.0,39955.0,1.5054429836962615,0.0,0
2.048561748089421,0.1464952582277263,272.0,6261.0,0.3317650841658002,1.571730165147608,0.0,39955.0,1.5054429836962615,0.0,0
2.0487396232501838,0.14654653025771253,273.0,6262.0,0.33189168729657653,1.571730165147608,0.0,39955.0,1.5054429836962615,0.0,0
2.048940720254171,0.14662228385406081,274.0,6264.0,0.3320170307042154,1.5717301651476088,0.0,39955.0,1.5054429836962615,0.0,0
2.049080382034385,0.14663784941522978,275.0,6265.0,0.3321411269232604,1.5717301651476085,0.0,39955.0,1.5054429836962615,0.0,0
2.049439026801024,0.14687363274160287,276.0,6272.0,0.33226398836352644,1.5717301651476085,0.0,39955.0,1.5054429836962615,0.0,0
2.049636445517938,0.1469494125107029,277.0,6274.0,0.3323856273113405,1.5717301651476072,0.0,39955.0,1.5054429836962615,0.0,0
2.04975687413737,0.1469494125107029,278.0,6274.0,0.33250605593077226,1.5717301651476077,0.0,39955.0,1.5054429836962615,0.0,0
2.0499787147597175,0.14705202279897284,279.0,6276.0,0.33262528626485005,1.5717301651476079,0.0,39955.0,1.5054429836962615,0.0,0
2.0501212481040105,0.14707651217134976,280.0,6277.0,0.33274333023676633,1.5717301651476074,0.0,39955.0,1.5054429836962615,0.0,0
2.0503224092472814,0.14716080390031502,281.0,6280.0,0.3328601996510712,1.571730165147608,0.0,39955.0,1.5054429836962615,0.0,0
2.0504492518701243,0.14717193997937736,282.0,6281.0,0.33297590619485234,1.5717301651476077,0.0,39955.0,1.5054429836962615,0.0,0
2.0505638071141767,0.14717193997937736,283.0,6281.0,0.33309046143890486,1.5717301651476079,0.0,39955.0,1.5054429836962615,0.0,0
2.0507102064325315,0.14720492389774809,284.0,6283.0,0.33320387683888886,1.5717301651476085,0.0,39955.0,1.5054429836962615,0.0,0
2.0509407291501187,0.1473231597177487,285.0,6286.0,0.3333161637364752,1.5717301651476083,0.0,39955.0,1.5054429836962615,0.0,0
2.0511032314023967,0.1473744923460218,286.0,6287.0,0.3334273333604803,1.5717301651476083,0.0,39955.0,1.5054429836962615,0.0,0
2.051213294869905,0.1473744923460218,287.0,6287.0,0.33353739682798833,1.5717301651476077,0.0,39955.0,1.5054429836962615,0.0,0
2.051322263187382,0.1473744923460218,288.0,6287.0,0.3336463651454653,1.5717301651476085,0.0,39955.0,1.5054429836962615,0.0,0
2.0514356399876816,0.14737998508192893,289.0,6288.0,0.33375424920985797,1.5717301651476085,0.0,39955.0,1.5054429836962615,0.0,0
2.0515424505875077,0.14737998508192893,290.0,6288.0,0.33386105980968434,1.5717301651476079,0.0,39955.0,1.5054429836962615,0.0,0
2.051649801135044,0.14738557488115062,291.0,6289.0,0.33397486640092117,1.5717695036410033,0.0,39954.0,1.5054429836962615,0.0,0
2.051754562425108,0.14738557488115062,292.0,6289.0,0.3340796276909849,1.5717695036410038,0.0,39954.0,1.5054429836962615,0.0,0
2.051909593597054,0.14743692944293554,293.0,6290.0,0.3341833043011457,1.5717695036410035,0.0,39954.0,1.5054429836962615,0.0,0
2.0520635893149946,0.1474882875896361,294.0,6291.0,0.3342859418723862,1.5717695036410029,0.0,39954.0,1.5054429836962615,0.0,0
2.052165202526665,0.1474882875896361,295.0,6291.0,0.3343875550840561,1.5717695036410033,0.0,39954.0,1.5054429836962615,0.0,0
2.052265803202267,0.1474882875896361,296.0,6291.0,0.33448815575965846,1.571769503641003,0.0,39954.0,1.5054429836962615,0.0,0
2.052365402047891,0.1474882875896361,297.0,6291.0,0.33458775460528273,1.571769503641004,0.0,39954.0,1.5054429836962615,0.0,0
2.0525153792074375,0.14753965750473705,298.0,6292.0,0.3346863618497282,1.5717695036410027,0.0,39954.0,1.5054429836962615,0.0,0
2.0526130048386446,0.14753965750473705,299.0,6292.0,0.3347839874809353,1.5717695036410035,0.0,39954.0,1.5054429836962615,0.0,0
2.0527341796241623,0.1475641784373242,300.0,6293.0,0.33488064133386597,1.5717695036410035,0.0,39954.0,1.5054429836962615,0.0,0
2.0528454666406546,0.1475797736639749,301.0,6294.0,0.3349763331237072,1.571769503641004,0.0,39954.0,1.5054429836962615,0.0,0
2.0529915881946437,0.14763115588274445,302.0,6295.0,0.33507107245892703,1.5717695036410027,0.0,39954.0,1.5054429836962615,0.0,0
2.053085384582605,0.14763115588274445,303.0,6295.0,0.3351648688468884,1.5717695036410029,0.0,39954.0,1.5054429836962615,0.0,0
2.053332409637292,0.14778531808761664,304.0,6298.0,0.33525773169670287,1.571769503641004,0.0,39954.0,1.5054429836962615,0.0,0
2.0534243482616312,0.14778531808761664,305.0,6298.0,0.335349670321042,1.571769503641003,0.0,39954.0,1.5054429836962615,0.0,0
2.0535667679408323,0.1478367141503145,306.0,6299.0,0.3354406939375454,1.5717695036410033,0.0,39954.0,1.5054429836962615,0.0,0
2.0536636289937826,0.1478434574707541,307.0,6300.0,0.3355308116700558,1.5717695036410042,0.0,39954.0,1.5054429836962615,0.0,0
2.0537528498735025,0.1478434574707541,308.0,6300.0,0.33562003254977596,1.571769503641003,0.0,39954.0,1.5054429836962615,0.0,0
2.053841182840102,0.1478434574707541,309.0,6300.0,0.3357083655163754,1.5717695036410038,0.0,39954.0,1.5054429836962615,0.0,0
2.053980042742007,0.14789486346997063,310.0,6301.0,0.3357958194190638,1.571769503641003,0.0,39954.0,1.5054429836962615,0.0,0
2.054169448466524,0.1479976855959168,311.0,6303.0,0.33588240301763506,1.5717695036410027,0.0,39954.0,1.5054429836962615,0.0,0
2.0542551704323784,0.1479976855959168,312.0,6303.0,0.3359681249834889,1.5717695036410042,0.0,39954.0,1.5054429836962615,0.0,0
2.0543400393495155,0.1479976855959168,313.0,6303.0,0.33605299390062643,1.5717695036410033,0.0,39954.0,1.5054429836962615,0.0,0
2.0544325673949566,0.14800618927535786,314.0,6304.0,0.3361370182666263,1.5717695036410035,0.0,39954.0,1.5054429836962615,0.0,0
2.0545157556219316,0.14800618927535786,315.0,6304.0,0.33622020649360135,1.571769503641003,0.0,39954.0,1.5054429836962615,0.0,0
2.054598116037466,0.14800618927535786,316.0,6304.0,0.33630256690913574,1.5717695036410035,0.0,39954.0,1.5054429836962615,0.0,0
2.054731082094488,0.14805761448431065,317.0,6305.0,0.3363841077572047,1.571769503641004,0.0,39954.0,1.5054429836962615,0.0,0
2.05481181153636,0.14805761448431065,318.0,6305.0,0.3364648371990771,1.571769503641004,0.0,39954.0,1.5054429836962615,0.0,0
2.0549162843523003,0.14808216118512474,319.0,6306.0,0.3365447633142036,1.571769503641003,0.0,39954.0,1.5054429836962615,0.0,0
2.0550199638752504,0.14810670992118874,320.0,6307.0,0.3366238941010892,1.5717695036410029,0.0,39954.0,1.5054429836962615,0.0,0
2.0550983072523112,0.14810670992118874,321.0,6307.0,0.33670223747815015,1.571769503641003,0.0,39954.0,1.5054429836962615,0.0,0
2.0552004218091606,0.14813126067162852,322.0,6308.0,0.3367798012845598,1.571769503641004,0.0,39954.0,1.5054429836962615,0.0,0
2.055277213805681,0.14813126067162852,323.0,6308.0,0.3368565932810798,1.571769503641004,0.0,39954.0,1.5054429836962615,0.0,0
2.0553777947369665,0.1481558137331146,324.0,6309.0,0.3369326211508794,1.571769503641004,0.0,39954.0,1.5054429836962615,0.0,0
2.055504511164791,0.1482072588114758,325.0,6310.0,0.33700789250034274,1.5717695036410033,0.0,39954.0,1.5054429836962615,0.0,0
2.055579033524314,0.1482072588114758,326.0,6310.0,0.33708241485986556,1.571769503641003,0.0,39954.0,1.5054429836962615,0.0,0
2.0556528143490866,0.1482072588114758,327.0,6310.0,0.33715619568463845,1.5717695036410035,0.0,39954.0,1.5054429836962615,0.0,0
2.0557258610198725,0.1482072588114758,328.0,6310.0,0.3372292423554242,1.5717695036410035,0.0,39954.0,1.5054429836962615,0.0,0
2.0557981808437673,0.1482072588114758,329.0,6310.0,0.3373015621793191,1.5717695036410029,0.0,39954.0,1.5054429836962615,0.0,0
2.0558697810549575,0.1482072588114758,330.0,6310.0,0.33737316239050913,1.5717695036410035,0.0,39954.0,1.5054429836962615,0.0,0
2.0559562875379993,0.148222877534012,331.0,6311.0,0.33744405015101503,1.5717695036410035,0.0,39954.0,1.5054429836962615,0.0,0
2.056026469938411,0.148222877534012,332.0,6311.0,0.33751423255142654,1.571769503641003,0.0,39954.0,1.5054429836962615,0.0,0
2.056180488353549,0.14830741188894678,333.0,6314.0,0.33758371661163,1.571769503641003,0.0,39954.0,1.5054429836962615,0.0,0
2.0563253093828573,0.14838344024835862,334.0,6316.0,0.3376525092815262,1.571769503641004,0.0,39954.0,1.5054429836962615,0.0,0
2.0563934175430707,0.14838344024835862,335.0,6316.0,0.3377206174417394,1.571769503641004,0.0,39954.0,1.5054429836962615,0.0,0
2.05646084800565,0.14838344024835862,336.0,6316.0,0.3377880479043188,1.571769503641004,0.0,39954.0,1.5054429836962615,0.0,0
2.0565276075147625,0.14838344024835862,337.0,6316.0,0.33785480741343155,1.5717695036410033,0.0,39954.0,1.5054429836962615,0.0,0
2.056593702747378,0.14838344024835862,338.0,6316.0,0.337920902646047,1.5717695036410038,0.0,39954.0,1.5054429836962615,0.0,0
2.056661307635055,0.14838560756946764,339.0,6317.0,0.33798634021261476,1.571769503641003,0.0,39954.0,1.5054429836962615,0.0,0
2.056726094080175,0.14838560756946764,340.0,6317.0,0.33805112665773507,1.571769503641003,0.0,39954.0,1.5054429836962615,0.0,0
2.056790235883259,0.14838560756946764,341.0,6317.0,0.3381152684608192,1.5717695036410033,0.0,39954.0,1.5054429836962615,0.0,0
2.056853739459187,0.14838560756946764,342.0,6317.0,0.33817877203674723,1.5717695036410027,0.0,39954.0,1.5054429836962615,0.0,0
2.056979264771758,0.14844826118227203,343.0,6319.0,0.33824164373651333,1.571769503641004,0.0,39954.0,1.5054429836962615,0.0,0
2.0570656528506284,0.14847240314978774,344.0,6321.0,0.3383038898478687,1.5717695036410027,0.0,39954.0,1.5054429836962615,0.0,0
2.0571518535542346,0.1484969771053074,345.0,6322.0,0.33836551659595443,1.571769503641004,0.0,39954.0,1.5054429836962615,0.0,0
2.0572128671022094,0.1484969771053074,346.0,6322.0,0.3384265301439294,1.5717695036410042,0.0,39954.0,1.5054429836962615,0.0,0
2.057273273551871,0.1484969771053074,347.0,6322.0,0.33848693659359125,1.5717695036410035,0.0,39954.0,1.5054429836962615,0.0,0
2.0573330789442688,0.1484969771053074,348.0,6322.0,0.3385467419859891,1.571769503641004,0.0,39954.0,1.5054429836962615,0.0,0
2.057443782292077,0.1485484701370719,349.0,6323.0,0.3386059523020327,1.5717695036410035,0.0,39954.0,1.5054429836962615,0.0,0
2.057502403453138,0.1485484701370719,350.0,6323.0,0.33866457346309353,1.571769503641003,0.0,39954.0,1.5054429836962615,0.0,0
2.057560441321643,0.1485484701370719,351.0,6323.0,0.33872261133159826,1.5717695036410042,0.0,39954.0,1.5054429836962615,0.0,0
2.057617901701665,0.1485484701370719,352.0,6323.0,0.33878007171162033,1.5717695036410033,0.0,39954.0,1.5054429836962615,0.0,0
2.057680299914879,0.14855397971244663,353.0,6324.0,0.33883696034946,1.571769503641004,0.0,39954.0,1.5054429836962615,0.0,0
2.0577366224996423,0.14855397971244663,354.0,6324.0,0.33889328293422327,1.571769503641004,0.0,39954.0,1.5054429836962615,0.0,0
2.0578169666318673,0.14857856168050365,355.0,6325.0,0.33894904509839124,1.571769503641004,0.0,39954.0,1.5054429836962615,0.0,0
2.057896756838611,0.14860314456725235,356.0,6326.0,0.3390042524183861,1.571769503641003,0.0,39954.0,1.5054429836962615,0.0,0
2.0579514148353546,0.14860314456725235,357.0,6326.0,0.3390589104151298,1.5717695036410035,0.0,39954.0,1.5054429836962615,0.0,0
2.058005528974823,0.14860314456725235,358.0,6326.0,0.3391130245545982,1.5717695036410044,0.0,39954.0,1.5054429836962615,0.0,0
2.0580591046685925,0.14860314456725235,359.0,6326.0,0.3391666002483681,1.571769503641004,0.0,39954.0,1.5054429836962615,0.0,0
2.058112147274385,0.14860314456725235,360.0,6326.0,0.33921964285416023,1.5717695036410035,0.0,39954.0,1.5054429836962615,0.0,0
2.058216174540007,0.148654657010659,361.0,6327.0,0.33927215767637564,1.571769503641003,0.0,39954.0,1.5054429836962615,0.0,0
2.05826816683026,0.148654657010659,362.0,6327.0,0.3393241499666283,1.5717695036410035,0.0,39954.0,1.5054429836962615,0.0,0
2.0583196417879006,0.148654657010659,363.0,6327.0,0.3393756249242692,1.5717695036410029,0.0,39954.0,1.5054429836962615,0.0,0
2.05837060456054,0.148654657010659,364.0,6327.0,0.3394265876969085,1.571769503641003,0.0,39954.0,1.5054429836962615,0.0,0
2.0584210602445623,0.148654657010659,365.0,6327.0,0.339477043380931,1.5717695036410033,0.0,39954.0,1.5054429836962615,0.0,0
2.0584710138856366,0.148654657010659,366.0,6327.0,0.3395269970220053,1.571769503641003,0.0,39954.0,1.5054429836962615,0.0,0
2.0585204704792215,0.148654657010659,367.0,6327.0,0.33957645361559036,1.571769503641003,0.0,39954.0,1.5054429836962615,0.0,0
2.0585694349710666,0.148654657010659,368.0,6327.0,0.3396254181074348,1.5717695036410035,0.0,39954.0,1.5054429836962615,0.0,0
2.058685075432426,0.1487218201853819,369.0,6329.0,0.33967389539407183,1.571769503641004,0.0,39954.0,1.5054429836962615,0.0,0
2.058733070361664,0.1487218201853819,370.0,6329.0,0.33972189032330985,1.5717695036410035,0.0,39954.0,1.5054429836962615,0.0,0
2.058780587733071,0.1487218201853819,371.0,6329.0,0.33976940769471703,1.5717695036410033,0.0,39954.0,1.5054429836962615,0.0,0
2.058827632298457,0.1487218201853819,372.0,6329.0,0.33981645226010276,1.5717695036410038,0.0,39954.0,1.5054429836962615,0.0,0
2.058874208762346,0.1487218201853819,373.0,6329.0,0.3398630287239916,1.571769503641004,0.0,39954.0,1.5054429836962615,0.0,0
2.058920321782449,0.1487218201853819,374.0,6329.0,0.3399091417440948,1.571769503641003,0.0,39954.0,1.5054429836962615,0.0,0
2.0589659759701315,0.1487218201853819,375.0,6329.0,0.33995479593177697,1.5717695036410033,0.0,39954.0,1.5054429836962615,0.0,0
2.0590111758908707,0.1487218201853819,376.0,6329.0,0.3399999958525164,1.5717695036410035,0.0,39954.0,1.5054429836962615,0.0,0
2.0590805234308776,0.14874641755154272,377.0,6330.0,0.3400447460263623,1.571769503641004,0.0,39954.0,1.5054429836962615,0.0,0
2.0591763656370117,0.14879795485565242,378.0,6331.0,0.34008905092838704,1.5717695036410027,0.0,39954.0,1.5054429836962615,0.0,0
2.059220229697758,0.14879795485565242,379.0,6331.0,0.3401329149891334,1.5717695036410029,0.0,39954.0,1.5054429836962615,0.0,0
2.0592636573036835,0.14879795485565242,380.0,6331.0,0.3401763425950589,1.571769503641003,0.0,39954.0,1.5054429836962615,0.0,0
2.059306652797598,0.14879795485565242,381.0,6331.0,0.34021933808897326,1.5717695036410035,0.0,39954.0,1.5054429836962615,0.0,0
2.059349220479098,0.14879795485565242,382.0,6331.0,0.3402619057704733,1.5717695036410035,0.0,39954.0,1.5054429836962615,0.0,0
2.059391364604998,0.14879795485565242,383.0,6331.0,0.3403040498963735,1.5717695036410033,0.0,39954.0,1.5054429836962615,0.0,0
2.059433089389756,0.14879795485565242,384.0,6331.0,0.34034577468113114,1.5717695036410035,0.0,39954.0,1.5054429836962615,0.0,0
2.0594743990058935,0.14879795485565242,385.0,6331.0,0.34038708429726844,1.5717695036410042,0.0,39954.0,1.5054429836962615,0.0,0
2.059616051419528,0.14889870869076627,386.0,6334.0,0.34042798287578924,1.571769503641004,0.0,39954.0,1.5054429836962615,0.0,0
2.0597080935156016,0.14895025915603685,387.0,6335.0,0.3404684745065927,1.5717695036410027,0.0,39954.0,1.5054429836962615,0.0,0
2.059748182247891,0.14895025915603685,388.0,6335.0,0.34050856323888185,1.5717695036410024,0.0,39954.0,1.5054429836962615,0.0,0
2.059787872090579,0.14895025915603685,389.0,6335.0,0.34054825308156966,1.571769503641004,0.0,39954.0,1.5054429836962615,0.0,0
2.059827167012688,0.14895025915603685,390.0,6335.0,0.3405875480036787,1.571769503641003,0.0,39954.0,1.5054429836962615,0.0,0
2.0598660709437477,0.14895025915603685,391.0,6335.0,0.34062645193473845,1.571769503641003,0.0,39954.0,1.5054429836962615,0.0,0
2.059904587774188,0.14895025915603685,392.0,6335.0,0.340664968765179,1.5717695036410033,0.0,39954.0,1.5054429836962615,0.0,0
2.059942721355728,0.14895025915603685,393.0,6335.0,0.3407031023467192,1.571769503641003,0.0,39954.0,1.5054429836962615,0.0,0
2.059980475501762,0.14895025915603685,394.0,6335.0,0.3407408564927529,1.5717695036410027,0.0,39954.0,1.5054429836962615,0.0,0
2.060017853987738,0.14895025915603685,395.0,6335.0,0.3407782349787288,1.571769503641004,0.0,39954.0,1.5054429836962615,0.0,0
2.060101884417637,0.14899728302213408,396.0,6338.0,0.34081524154253046,1.571769503641004,0.0,39954.0,1.5054429836962615,0.0,0
2.0601385227599534,0.14899728302213408,397.0,6338.0,0.34085187988484694,1.5717695036410038,0.0,39954.0,1.5054429836962615,0.0,0
2.0601747965446524,0.14899728302213408,398.0,6338.0,0.3408881536695459,1.571769503641004,0.0,39954.0,1.5054429836962615,0.0,0
2.0602263606071083,0.14901293423009826,399.0,6339.0,0.3409240665240376,1.571769503641003,0.0,39954.0,1.5054429836962615,0.0,0
2.0602619161227107,0.14901293423009826,400.0,6339.0,0.34095962203964014,1.5717695036410029,0.0,39954.0,1.5054429836962615,0.0,0
2.060297117855006,0.14901293423009826,401.0,6339.0,0.34099482377193574,1.5717695036410027,0.0,39954.0,1.5054429836962615,0.0,0
2.0603319693241997,0.14901293423009826,402.0,6339.0,0.3410296752411292,1.5717695036410035,0.0,39954.0,1.5054429836962615,0.0,0
2.060366474015468,0.14901293423009826,403.0,6339.0,0.3410641799323977,1.5717695036410035,0.0,39954.0,1.5054429836962615,0.0,0
2.060400635379311,0.14901293423009826,404.0,6339.0,0.3410983412962402,1.571769503641003,0.0,39954.0,1.5054429836962615,0.0,0
2.0604344568318935,0.14901293423009826,405.0,6339.0,0.34113216274882296,1.5717695036410029,0.0,39954.0,1.5054429836962615,0.0,0
2.0604679417553915,0.14901293423009826,406.0,6339.0,0.34116564767232055,1.5717695036410042,0.0,39954.0,1.5054429836962615,0.0,0
2.0605010934983246,0.14901293423009826,407.0,6339.0,0.341198799415254,1.571769503641004,0.0,39954.0,1.5054429836962615,0.0,0
2.06058548725292,0.1490645061071214,408.0,6340.0,0.3412316212928261,1.5717695036410035,0.0,39954.0,1.5054429836962615,0.0,0
2.0606179825473467,0.1490645061071214,409.0,6340.0,0.34126411658725303,1.5717695036410033,0.0,39954.0,1.5054429836962615,0.0,0
2.0606501545081857,0.1490645061071214,410.0,6340.0,0.3412962885480919,1.5717695036410035,0.0,39954.0,1.5054429836962615,0.0,0
2.0606820063526596,0.1490645061071214,411.0,6340.0,0.341328140392566,1.5717695036410033,0.0,39954.0,1.5054429836962615,0.0,0
2.0607135412659807,0.1490645061071214,412.0,6340.0,0.34135967530588723,1.5717695036410027,0.0,39954.0,1.5054429836962615,0.0,0
2.0607447624016677,0.1490645061071214,413.0,6340.0,0.3413908964415738,1.5717695036410033,0.0,39954.0,1.5054429836962615,0.0,0
2.0607756728818587,0.1490645061071214,414.0,6340.0,0.3414218069217651,1.571769503641003,0.0,39954.0,1.5054429836962615,0.0,0
2.0608062757976304,0.1490645061071214,415.0,6340.0,0.34145240983753633,1.571769503641004,0.0,39954.0,1.5054429836962615,0.0,0
2.0612425094533244,0.14947044135114776,416.0,6351.0,0.3414827082492044,1.571769503641004,0.0,39954.0,1.5054429836962615,0.0,0
2.0612725063907558,0.14947044135114776,417.0,6351.0,0.34151270518663596,1.5717695036410033,0.0,39954.0,1.5054429836962615,0.0,0
2.0613022048536704,0.14947044135114776,418.0,6351.0,0.3415424036495505,1.571769503641003,0.0,39954.0,1.5054429836962615,0.0,0
2.0613316078119395,0.14947044135114776,419.0,6351.0,0.3415718066078191,1.571769503641004,0.0,39954.0,1.5054429836962615,0.0,0
2.0613607182058824,0.14947044135114776,420.0,6351.0,0.3416009170017622,1.571769503641003,0.0,39954.0,1.5054429836962615,0.0,0
2.0614657581079014,0.1495466605124847,421.0,6353.0,0.3416297377424442,1.5717695036410035,0.0,39954.0,1.5054429836962615,0.0,0
2.0614942920774197,0.1495466605124847,422.0,6353.0,0.34165827171196295,1.571769503641004,0.0,39954.0,1.5054429836962615,0.0,0
2.0615225421291963,0.1495466605124847,423.0,6353.0,0.3416865217637394,1.5717695036410029,0.0,39954.0,1.5054429836962615,0.0,0
2.0615505110882597,0.1495466605124847,424.0,6353.0,0.34171449072280263,1.571769503641003,0.0,39954.0,1.5054429836962615,0.0,0
2.061654427647281,0.1496228864082367,425.0,6355.0,0.3417421813860718,1.5717695036410035,0.0,39954.0,1.5054429836962615,0.0,0
2.061681842783846,0.1496228864082367,426.0,6355.0,0.3417695965226369,1.5717695036410027,0.0,39954.0,1.5054429836962615,0.0,0
2.061708985135243,0.1496228864082367,427.0,6355.0,0.34179673887403406,1.571769503641004,0.0,39954.0,1.5054429836962615,0.0,0
2.06173585741573,0.1496228864082367,428.0,6355.0,0.3418236111545214,1.5717695036410035,0.0,39954.0,1.5054429836962615,0.0,0
2.0617624623125583,0.1496228864082367,429.0,6355.0,0.3418502160513494,1.571769503641003,0.0,39954.0,1.5054429836962615,0.0,0
2.0617888024862387,0.1496228864082367,430.0,6355.0,0.34187655622502994,1.571769503641003,0.0,39954.0,1.5054429836962615,0.0,0
2.061814880570812,0.1496228864082367,431.0,6355.0,0.3419026343096025,1.571769503641004,0.0,39954.0,1.5054429836962615,0.0,0
2.0618406991741063,0.1496228864082367,432.0,6355.0,0.3419284529128976,1.5717695036410027,0.0,39954.0,1.5054429836962615,0.0,0
2.0618662608780056,0.1496228864082367,433.0,6355.0,0.34195401461679686,1.5717695036410027,0.0,39954.0,1.5054429836962615,0.0,0
2.061891568238701,0.1496228864082367,434.0,6355.0,0.3419793219774921,1.5717695036410033,0.0,39954.0,1.5054429836962615,0.0,0
2.0619199376950847,0.14962620031637167,435.0,6356.0,0.3420043775257405,1.5717695036410038,0.0,39954.0,1.5054429836962615,0.0,0
2.0619447439364618,0.14962620031637167,436.0,6356.0,0.34202918376711794,1.5717695036410035,0.0,39954.0,1.5054429836962615,0.0,0
2.0620233956934197,0.14968029265817823,437.0,6358.0,0.34205374318226917,1.5717695036410038,0.0,39954.0,1.5054429836962615,0.0,0
2.0620477107383066,0.14968029265817823,438.0,6358.0,0.34207805822715626,1.571769503641003,0.0,39954.0,1.5054429836962615,0.0,0
2.062071783844454,0.14968029265817823,439.0,6358.0,0.34210213133330386,1.5717695036410035,0.0,39954.0,1.5054429836962615,0.0,0
2.0621472288556015,0.14973190409458628,440.0,6359.0,0.3421259649080429,1.5717695036410029,0.0,39954.0,1.5054429836962615,0.0,0
2.062170825282309,0.14973190409458628,441.0,6359.0,0.34214956133475055,1.5717695036410035,0.0,39954.0,1.5054429836962615,0.0,0
2.062194186920648,0.14973190409458628,442.0,6359.0,0.34217292297308943,1.5717695036410038,0.0,39954.0,1.5054429836962615,0.0,0
2.0622173161068016,0.14973190409458628,443.0,6359.0,0.3421960521592428,1.5717695036410033,0.0,39954.0,1.5054429836962615,0.0,0
2.062240215153707,0.14973190409458628,444.0,6359.0,0.34221895120614815,1.5717695036410027,0.0,39954.0,1.5054429836962615,0.0,0
2.0622628863512884,0.14973190409458628,445.0,6359.0,0.3422416224037301,1.5717695036410038,0.0,39954.0,1.5054429836962615,0.0,0
2.062285331966685,0.14973190409458628,446.0,6359.0,0.3422640680191263,1.5717695036410038,0.0,39954.0,1.5054429836962615,0.0,0
2.0623075542444766,0.14973190409458628,447.0,6359.0,0.342286290296918,1.5717695036410035,0.0,39954.0,1.5054429836962615,0.0,0
2.06232955540691,0.14973190409458628,448.0,6359.0,0.342308291459351,1.5717695036410042,0.0,39954.0,1.5054429836962615,0.0,0
2.0623513376541185,0.14973190409458628,449.0,6359.0,0.3423300737065598,1.5717695036410033,0.0,39954.0,1.5054429836962615,0.0,0
2.0623729031643463,0.14973190409458628,450.0,6359.0,0.3423516392167874,1.5717695036410035,0.0,39954.0,1.5054429836962615,0.0,0
2.0623942540941615,0.14973190409458628,451.0,6359.0,0.342372990146603,1.5717695036410038,0.0,39954.0,1.5054429836962615,0.0,0
2.062415392578676,0.14973190409458628,452.0,6359.0,0.342394128631117,1.5717695036410033,0.0,39954.0,1.5054429836962615,0.0,0
2.0624363207317544,0.14973190409458628,453.0,6359.0,0.34241505678419604,1.5717695036410027,0.0,39954.0,1.5054429836962615,0.0,0
2.0625086614165298,0.14978352486488494,454.0,6360.0,0.3424357766986723,1.5717695036410035,0.0,39954.0,1.5054429836962615,0.0,0
2.0625291751644124,0.14978352486488494,455.0,6360.0,0.34245629044655473,1.5717695036410038,0.0,39954.0,1.5054429836962615,0.0,0
2.062549484797093,0.14978352486488494,456.0,6360.0,0.3424766000792356,1.5717695036410029,0.0,39954.0,1.5054429836962615,0.0,0
2.0625695923455516,0.14978352486488494,457.0,6360.0,0.34249670762769446,1.571769503641004,0.0,39954.0,1.5054429836962615,0.0,0
2.0625894998205605,0.14978352486488494,458.0,6360.0,0.34251661510270304,1.571769503641004,0.0,39954.0,1.5054429836962615,0.0,0
2.062609209212883,0.14978352486488494,459.0,6360.0,0.342536324495026,1.571769503641003,0.0,39954.0,1.5054429836962615,0.0,0
2.062628722493476,0.14978352486488494,460.0,6360.0,0.3425558377756184,1.571769503641004,0.0,39954.0,1.5054429836962615,0.0,0
2.062699667049371,0.14983515030057415,461.0,6361.0,0.34257515689582474,1.571769503641004,0.0,39954.0,1.5054429836962615,0.0,0
2.06271879394112,0.14983515030057415,462.0,6361.0,0.3425942837875731,1.5717695036410035,0.0,39954.0,1.5054429836962615,0.0,0
2.0627377305171155,0.14983515030057415,463.0,6361.0,0.34261322036356884,1.571769503641004,0.0,39954.0,1.5054429836962615,0.0,0
2.0627564786710315,0.14983515030057415,464.0,6361.0,0.342631968517485,1.5717695036410033,0.0,39954.0,1.5054429836962615,0.0,0
2.0627750402776996,0.14983515030057415,465.0,6361.0,0.3426505301241529,1.571769503641004,0.0,39954.0,1.5054429836962615,0.0,0
2.062793417193295,0.14983515030057415,466.0,6361.0,0.3426689070397485,1.5717695036410035,0.0,39954.0,1.5054429836962615,0.0,0
2.0628116112555257,0.14983515030057415,467.0,6361.0,0.342687101101979,1.571769503641004,0.0,39954.0,1.5054429836962615,0.0,0
2.0628296242838116,0.14983515030057415,468.0,6361.0,0.3427051141302651,1.571769503641004,0.0,39954.0,1.5054429836962615,0.0,0
2.062847458079472,0.14983515030057415,469.0,6361.0,0.3427229479259253,1.571769503641003,0.0,39954.0,1.5054429836962615,0.0,0
2.0628651144259003,0.14983515030057415,470.0,6361.0,0.34274060427235364,1.571769503641004,0.0,39954.0,1.5054429836962615,0.0,0
2.0628825950887464,0.14983515030057415,471.0,6361.0,0.34275808493519977,1.571769503641004,0.0,39954.0,1.5054429836962615,0.0,0
2.0628999018160905,0.14983515030057415,472.0,6361.0,0.3427753916625443,1.571769503641004,0.0,39954.0,1.5054429836962615,0.0,0
2.0629170363386207,0.14983515030057415,473.0,6361.0,0.3427925261850743,1.5717695036410035,0.0,39954.0,1.5054429836962615,0.0,0
2.0629340003698036,0.14983515030057415,474.0,6361.0,0.34280949021625684,1.571769503641004,0.0,39954.0,1.5054429836962615,0.0,0
2.062950795606055,0.14983515030057415,475.0,6361.0,0.34282628545250865,1.571769503641004,0.0,39954.0,1.5054429836962615,0.0,0
2.062967423726914,0.14983515030057415,476.0,6361.0,0.34284291357336755,1.5717695036410038,0.0,39954.0,1.5054429836962615,0.0,0
2.062983886395206,0.14983515030057415,477.0,6361.0,0.34285937624165946,1.571769503641004,0.0,39954.0,1.5054429836962615,0.0,0
2.063000185257211,0.14983515030057415,478.0,6361.0,0.3428756751036648,1.5717695036410033,0.0,39954.0,1.5054429836962615,0.0,0
2.0630163219428304,0.14983515030057415,479.0,6361.0,0.3428918117892835,1.571769503641003,0.0,39954.0,1.5054429836962615,0.0,0
2.0630322980657443,0.14983515030057415,480.0,6361.0,0.3429077879121976,1.5717695036410033,0.0,39954.0,1.5054429836962615,0.0,0
2.0630481152235793,0.14983515030057415,481.0,6361.0,0.3429236050700328,1.5717695036410033,0.0,39954.0,1.5054429836962615,0.0,0
2.063063774998064,0.14983515030057415,482.0,6361.0,0.34293926484451775,1.571769503641003,0.0,39954.0,1.5054429836962615,0.0,0
2.0630792789551897,0.14983515030057415,483.0,6361.0,0.34295476880164316,1.571769503641003,0.0,39954.0,1.5054429836962615,0.0,0
2.063094628645364,0.14983515030057415,484.0,6361.0,0.34297011849181785,1.571769503641004,0.0,39954.0,1.5054429836962615,0.0,0
2.0631098256035694,0.14983515030057415,485.0,6361.0,0.342985315450023,1.571769503641004,0.0,39954.0,1.5054429836962615,0.0,0
2.063124871349514,0.14983515030057415,486.0,6361.0,0.34300036119596766,1.5717695036410035,0.0,39954.0,1.5054429836962615,0.0,0
2.0631397673877854,0.14983515030057415,487.0,6361.0,0.3430152572342389,1.571769503641004,0.0,39954.0,1.5054429836962615,0.0,0
2.0631545152079998,0.14983515030057415,488.0,6361.0,0.3430300050544528,1.5717695036410042,0.0,39954.0,1.5054429836962615,0.0,0
2.0631691162849504,0.14983515030057415,489.0,6361.0,0.34304460613140375,1.5717695036410035,0.0,39954.0,1.5054429836962615,0.0,0
2.0632352110239145,0.14988678924573087,490.0,6362.0,0.34305906192521146,1.5717695036410027,0.0,39954.0,1.5054429836962615,0.0,0
2.0632495229801706,0.14988678924573087,491.0,6362.0,0.34307337388146764,1.5717695036410027,0.0,39954.0,1.5054429836962615,0.0,0
2.063263692530083,0.14988678924573087,492.0,6362.0,0.3430875434313796,1.571769503641003,0.0,39954.0,1.5054429836962615,0.0,0
2.0632777210906177,0.14988678924573087,493.0,6362.0,0.34310157199191454,1.571769503641004,0.0,39954.0,1.5054429836962615,0.0,0
2.063291610064643,0.14988678924573087,494.0,6362.0,0.3431154609659396,1.571769503641004,0.0,39954.0,1.5054429836962615,0.0,0
2.0633570026553087,0.14993843105997254,495.0,6363.0,0.3431292117423641,1.571769503641004,0.0,39954.0,1.5054429836962615,0.0,0
2.063446909303246,0.15001472375399622,496.0,6365.0,0.34314282569627713,1.571769503641004,0.0,39954.0,1.5054429836962615,0.0,0
2.063460387796054,0.15001472375399622,497.0,6365.0,0.3431563041890853,1.571769503641004,0.0,39954.0,1.5054429836962615,0.0,0
2.063473732175618,0.15001472375399622,498.0,6365.0,0.3431696485686492,1.5717695036410033,0.0,39954.0,1.5054429836962615,0.0,0
2.0634869437763865,0.15001472375399622,499.0,6365.0,0.343182860169418,1.5717695036410033,0.0,39954.0,1.5054429836962615,0.0,0
2.063500023919531,0.15001472375399622,500.0,6365.0,0.34319594031256273,1.5717695036410035,0.0,39954.0,1.5054429836962615,0.0,0
2.0635129739130775,0.15001472375399622,501.0,6365.0,0.3432088903061087,1.5717695036410042,0.0,39954.0,1.5054429836962615,0.0,0
2.0635257950520343,0.15001472375399622,502.0,6365.0,0.3432217114450657,1.571769503641004,0.0,39954.0,1.5054429836962615,0.0,0
2.0635384886185273,0.15001472375399622,503.0,6365.0,0.3432344050115589,1.571769503641004,0.0,39954.0,1.5054429836962615,0.0,0
2.0635510558819234,0.15001472375399622,504.0,6365.0,0.34324697227495476,1.5717695036410038,0.0,39954.0,1.5054429836962615,0.0,0
2.0635634980989592,0.15001472375399622,505.0,6365.0,0.34325941449199066,1.5717695036410033,0.0,39954.0,1.5054429836962615,0.0,0
2.0635758165138673,0.15001472375399622,506.0,6365.0,0.34327173290689855,1.571769503641004,0.0,39954.0,1.5054429836962615,0.0,0
2.063588012358499,0.15001472375399622,507.0,6365.0,0.3432839287515303,1.5717695036410033,0.0,39954.0,1.5054429836962615,0.0,0
2.063600086852449,0.15001472375399622,508.0,6365.0,0.34329600324548015,1.5717695036410035,0.0,39954.0,1.5054429836962615,0.0,0
2.0636120412031764,0.15001472375399622,509.0,6365.0,0.343307957596208,1.571769503641004,0.0,39954.0,1.5054429836962615,0.0,0
2.063623876606127,0.15001472375399622,510.0,6365.0,0.34331979299915844,1.5717695036410033,0.0,39954.0,1.5054429836962615,0.0,0
2.0636872442894068,0.1500663737985521,511.0,6366.0,0.34333151063788214,1.571769503641004,0.0,39954.0,1.5054429836962615,0.0,0
2.0636988453356766,0.1500663737985521,512.0,6366.0,0.3433431116841525,1.5717695036410033,0.0,39954.0,1.5054429836962615,0.0,0
2.063710330949608,0.1500663737985521,513.0,6366.0,0.3433545972980836,1.571769503641003,0.0,39954.0,1.5054429836962615,0.0,0
2.063721702279771,0.1500663737985521,514.0,6366.0,0.3433659686282466,1.5717695036410027,0.0,39954.0,1.5054429836962615,0.0,0
2.063732960463309,0.1500663737985521,515.0,6366.0,0.343377226811784,1.571769503641004,0.0,39954.0,1.5054429836962615,0.0,0
2.0637441066260482,0.1500663737985521,516.0,6366.0,0.34338837297452357,1.5717695036410033,0.0,39954.0,1.5054429836962615,0.0,0
2.0637551418826154,0.1500663737985521,517.0,6366.0,0.343399408231091,1.5717695036410035,0.0,39954.0,1.5054429836962615,0.0,0
2.063766067336545,0.1500663737985521,518.0,6366.0,0.3434103336850206,1.5717695036410027,0.0,39954.0,1.5054429836962615,0.0,0
2.0637768840803923,0.1500663737985521,519.0,6366.0,0.3434211504288675,1.5717695036410035,0.0,39954.0,1.5054429836962615,0.0,0
2.063787593195839,0.1500663737985521,520.0,6366.0,0.34343185954431454,1.5717695036410035,0.0,39954.0,1.5054429836962615,0.0,0
2.063798195753807,0.1500663737985521,521.0,6366.0,0.3434424621022828,1.571769503641003,0.0,39954.0,1.5054429836962615,0.0,0
2.0638086928145607,0.1500663737985521,522.0,6366.0,0.3434529591630365,1.5717695036410029,0.0,39954.0,1.5054429836962615,0.0,0
2.063819085427815,0.1500663737985521,523.0,6366.0,0.34346335177629045,1.571769503641003,0.0,39954.0,1.5054429836962615,0.0,0
2.063829374632839,0.1500663737985521,524.0,6366.0,0.34347364098131467,1.5717695036410035,0.0,39954.0,1.5054429836962615,0.0,0
2.063839561458563,0.1500663737985521,525.0,6366.0,0.3434838278070386,1.5717695036410033,0.0,39954.0,1.5054429836962615,0.0,0
2.0638496469236776,0.1500663737985521,526.0,6366.0,0.34349391327215284,1.5717695036410038,0.0,39954.0,1.5054429836962615,0.0,0
2.063859632036737,0.1500663737985521,527.0,6366.0,0.3435038983852125,1.5717695036410033,0.0,39954.0,1.5054429836962615,0.0,0
2.0638695177962614,0.1500663737985521,528.0,6366.0,0.3435137841447372,1.571769503641003,0.0,39954.0,1.5054429836962615,0.0,0
2.0638793051908357,0.1500663737985521,529.0,6366.0,0.3435235715393111,1.571769503641004,0.0,39954.0,1.5054429836962615,0.0,0
2.063895772377103,0.15007315097644888,530.0,6367.0,0.34353326154768193,1.5717695036410035,0.0,39954.0,1.5054429836962615,0.0,0
2.0639053659682793,0.15007315097644888,531.0,6367.0,0.3435428551388583,1.5717695036410035,0.0,39954.0,1.5054429836962615,0.0,0
2.063914864101629,0.15007315097644888,532.0,6367.0,0.3435523532722077,1.571769503641003,0.0,39954.0,1.5054429836962615,0.0,0
2.0639242677269722,0.15007315097644888,533.0,6367.0,0.3435617568975511,1.571769503641004,0.0,39954.0,1.5054429836962615,0.0,0
2.06393357778468,0.15007315097644888,534.0,6367.0,0.3435710669552589,1.571769503641004,0.0,39954.0,1.5054429836962615,0.0,0
2.063942795205766,0.15007315097644888,535.0,6367.0,0.3435802843763447,1.5717695036410029,0.0,39954.0,1.5054429836962615,0.0,0
2.0639519209119803,0.15007315097644888,536.0,6367.0,0.3435894100825585,1.571769503641004,0.0,39954.0,1.5054429836962615,0.0,0
2.0639609558158996,0.15007315097644888,537.0,6367.0,0.34359844498647824,1.571769503641004,0.0,39954.0,1.5054429836962615,0.0,0
2.0639699008210233,0.15007315097644888,538.0,6367.0,0.3436073899916019,1.5717695036410035,0.0,39954.0,1.5054429836962615,0.0,0
2.0639787568218586,0.15007315097644888,539.0,6367.0,0.34361624599243745,1.5717695036410035,0.0,39954.0,1.5054429836962615,0.0,0
2.0639875247040136,0.15007315097644888,540.0,6367.0,0.3436250138745923,1.571769503641003,0.0,39954.0,1.5054429836962615,0.0,0
2.0639962053442833,0.15007315097644888,541.0,6367.0,0.34363369451486225,1.571769503641004,0.0,39954.0,1.5054429836962615,0.0,0
2.064004799610739,0.15007315097644888,542.0,6367.0,0.3436422887813181,1.571769503641003,0.0,39954.0,1.5054429836962615,0.0,0
2.0640133083628154,0.15007315097644888,543.0,6367.0,0.3436507975333939,1.571769503641003,0.0,39954.0,1.5054429836962615,0.0,0
2.0640217324513936,0.15007315097644888,544.0,6367.0,0.34365922162197227,1.5717695036410035,0.0,39954.0,1.5054429836962615,0.0,0
2.0640300727188894,0.15007315097644888,545.0,6367.0,0.3436675618894684,1.5717695036410033,0.0,39954.0,1.5054429836962615,0.0,0
2.0640383299993377,0.15007315097644888,546.0,6367.0,0.3436758191699165,1.5717695036410027,0.0,39954.0,1.5054429836962615,0.0,0
2.0640465051184727,0.15007315097644888,547.0,6367.0,0.3436839942890515,1.5717695036410035,0.0,39954.0,1.5054429836962615,0.0,0
2.0640545988938133,0.15007315097644888,548.0,6367.0,0.34369208806439194,1.5717695036410038,0.0,39954.0,1.5054429836962615,0.0,0
2.064062612134743,0.15007315097644888,549.0,6367.0,0.343700101305322,1.5717695036410033,0.0,39954.0,1.5054429836962615,0.0,0
2.0640705456425943,0.15007315097644888,550.0,6367.0,0.34370803481317286,1.571769503641004,0.0,39954.0,1.5054429836962615,0.0,0
2.0640784002107226,0.15007315097644888,551.0,6367.0,0.3437158893813014,1.5717695036410042,0.0,39954.0,1.5054429836962615,0.0,0
2.064086176624593,0.15007315097644888,552.0,6367.0,0.3437236657951713,1.571769503641003,0.0,39954.0,1.5054429836962615,0.0,0
2.0640938756618517,0.15007315097644888,553.0,6367.0,0.3437313648324303,1.571769503641003,0.0,39954.0,1.5054429836962615,0.0,0
2.0641014980924104,0.15007315097644888,554.0,6367.0,0.34373898726298885,1.5717695036410035,0.0,39954.0,1.5054429836962615,0.0,0
2.064109044678517,0.15007315097644888,555.0,6367.0,0.34374653384909587,1.5717695036410027,0.0,39954.0,1.5054429836962615,0.0,0
2.064116516174838,0.15007315097644888,556.0,6367.0,0.3437540053454165,1.5717695036410027,0.0,39954.0,1.5054429836962615,0.0,0
2.064123913328528,0.15007315097644888,557.0,6367.0,0.3437614024991067,1.5717695036410035,0.0,39954.0,1.5054429836962615,0.0,0
2.064131236879309,0.15007315097644888,558.0,6367.0,0.34376872604988773,1.5717695036410027,0.0,39954.0,1.5054429836962615,0.0,0
2.0641384875595428,0.15007315097644888,559.0,6367.0,0.34377597673012134,1.5717695036410035,0.0,39954.0,1.5054429836962615,0.0,0
2.064145666094302,0.15007315097644888,560.0,6367.0,0.3437831552648809,1.5717695036410035,0.0,39954.0,1.5054429836962615,0.0,0
2.064256099979922,0.15017647775492365,561.0,6369.0,0.34379026237202603,1.5717695036410027,0.0,39954.0,1.5054429836962615,0.0,0
2.064366468604375,0.1502798099891289,562.0,6371.0,0.3437972987622737,1.5717695036410035,0.0,39954.0,1.5054429836962615,0.0,0
2.06437343498137,0.1502798099891289,563.0,6371.0,0.34380426513926854,1.5717695036410038,0.0,39954.0,1.5054429836962615,0.0,0
2.0643803320417553,0.1502798099891289,564.0,6371.0,0.3438111621996543,1.5717695036410035,0.0,39954.0,1.5054429836962615,0.0,0
2.0643871604752437,0.1502798099891289,565.0,6371.0,0.3438179906331424,1.5717695036410035,0.0,39954.0,1.5054429836962615,0.0,0
2.064393920964683,0.1502798099891289,566.0,6371.0,0.343824751122582,1.571769503641004,0.0,39954.0,1.5054429836962615,0.0,0
2.064400614186129,0.1502798099891289,567.0,6371.0,0.3438314443440278,1.571769503641004,0.0,39954.0,1.5054429836962615,0.0,0
2.064407240808909,0.1502798099891289,568.0,6371.0,0.3438380709668075,1.571769503641004,0.0,39954.0,1.5054429836962615,0.0,0
2.0644138014956903,0.1502798099891289,569.0,6371.0,0.34384463165358886,1.5717695036410035,0.0,39954.0,1.5054429836962615,0.0,0
2.064420296902547,0.1502798099891289,570.0,6371.0,0.343851127060446,1.5717695036410035,0.0,39954.0,1.5054429836962615,0.0,0
2.0644267276790265,0.1502798099891289,571.0,6371.0,0.343857557836925,1.5717695036410038,0.0,39954.0,1.5054429836962615,0.0,0
2.0644330944682103,0.1502798099891289,572.0,6371.0,0.343863924626109,1.571769503641004,0.0,39954.0,1.5054429836962615,0.0,0
2.064439397906783,0.1502798099891289,573.0,6371.0,0.3438702280646821,1.5717695036410029,0.0,39954.0,1.5054429836962615,0.0,0
2.0644456386250942,0.1502798099891289,574.0,6371.0,0.34387646878299327,1.5717695036410029,0.0,39954.0,1.5054429836962615,0.0,0
2.0644518172472215,0.1502798099891289,575.0,6371.0,0.3438826474051201,1.5717695036410033,0.0,39954.0,1.5054429836962615,0.0,0
2.0644579343910303,0.1502798099891289,576.0,6371.0,0.3438887645489293,1.571769503641003,0.0,39954.0,1.5054429836962615,0.0,0
2.0644639906682425,0.1502798099891289,577.0,6371.0,0.3438948208261407,1.5717695036410042,0.0,39954.0,1.5054429836962615,0.0,0
2.0644699866844882,0.1502798099891289,578.0,6371.0,0.343900816842387,1.571769503641004,0.0,39954.0,1.5054429836962615,0.0,0
2.0644759230393763,0.1502798099891289,579.0,6371.0,0.34390675319727476,1.571769503641004,0.0,39954.0,1.5054429836962615,0.0,0
2.0644818003265457,0.1502798099891289,580.0,6371.0,0.3439126304844445,1.5717695036410035,0.0,39954.0,1.5054429836962615,0.0,0
2.064487619133731,0.1502798099891289,581.0,6371.0,0.3439184492916298,1.5717695036410035,0.0,39954.0,1.5054429836962615,0.0,0
2.0644933800428173,0.1502798099891289,582.0,6371.0,0.3439242102007161,1.571769503641003,0.0,39954.0,1.5054429836962615,0.0,0
2.064499083629901,0.1502798099891289,583.0,6371.0,0.34392991378779936,1.571769503641004,0.0,39954.0,1.5054429836962615,0.0,0
2.064504730465344,0.1502798099891289,584.0,6371.0,0.34393556062324293,1.5717695036410027,0.0,39954.0,1.5054429836962615,0.0,0
2.0645103211138363,0.1502798099891289,585.0,6371.0,0.343941151271735,1.5717695036410035,0.0,39954.0,1.5054429836962615,0.0,0
2.0645158561344465,0.1502798099891289,586.0,6371.0,0.34394668629234515,1.5717695036410038,0.0,39954.0,1.5054429836962615,0.0,0
2.0645213360806816,0.1502798099891289,587.0,6371.0,0.3439521662385799,1.571769503641004,0.0,39954.0,1.5054429836962615,0.0,0
2.06452676150054,0.1502798099891289,588.0,6371.0,0.3439575916584388,1.571769503641003,0.0,39954.0,1.5054429836962615,0.0,0
2.064532132936569,0.1502798099891289,589.0,6371.0,0.34396296309446794,1.571769503641004,0.0,39954.0,1.5054429836962615,0.0,0
2.0645374509259167,0.1502798099891289,590.0,6371.0,0.3439682810838157,1.5717695036410035,0.0,39954.0,1.5054429836962615,0.0,0
2.0645427160003864,0.1502798099891289,591.0,6371.0,0.3439735461582852,1.571769503641003,0.0,39954.0,1.5054429836962615,0.0,0
2.0645479286864896,0.1502798099891289,592.0,6371.0,0.3439787588443885,1.5717695036410033,0.0,39954.0,1.5054429836962615,0.0,0
2.0645530895054995,0.1502798099891289,593.0,6371.0,0.3439839196633983,1.5717695036410033,0.0,39954.0,1.5054429836962615,0.0,0
2.0645581989735025,0.1502798099891289,594.0,6371.0,0.3439890291314011,1.5717695036410038,0.0,39954.0,1.5054429836962615,0.0,0
2.064563257601449,0.1502798099891289,595.0,6371.0,0.34399408775934803,1.5717695036410035,0.0,39954.0,1.5054429836962615,0.0,0
2.0645682658952067,0.1502798099891289,596.0,6371.0,0.34399909605310547,1.5717695036410029,0.0,39954.0,1.5054429836962615,0.0,0
2.0645732243556094,0.1502798099891289,597.0,6371.0,0.34400405451350774,1.5717695036410042,0.0,39954.0,1.5054429836962615,0.0,0
2.0645781334785056,0.1502798099891289,598.0,6371.0,0.3440089636364045,1.5717695036410029,0.0,39954.0,1.5054429836962615,0.0,0
2.0645829937548132,0.1502798099891289,599.0,6371.0,0.3440138239127122,1.571769503641003,0.0,39954.0,1.5054429836962615,0.0,0
2.064587805670564,0.1502798099891289,600.0,6371.0,0.3440186358284628,1.5717695036410035,0.0,39954.0,1.5054429836962615,0.0,0
2.064592569706953,0.1502798099891289,601.0,6371.0,0.3440233998648517,1.571769503641004,0.0,39954.0,1.5054429836962615,0.0,0
2.0645972863403874,0.1502798099891289,602.0,6371.0,0.3440281164982863,1.5717695036410027,0.0,39954.0,1.5054429836962615,0.0,0
2.0646536304120278,0.15033148435862084,603.0,6372.0,0.34403278620043437,1.571769503641003,0.0,39954.0,1.5054429836962615,0.0,0
2.0646582536498626,0.15033148435862084,604.0,6372.0,0.3440374094382695,1.571769503641003,0.0,39954.0,1.5054429836962615,0.0,0
2.064662830885713,0.15033148435862084,605.0,6372.0,0.3440419866741195,1.5717695036410035,0.0,39954.0,1.5054429836962615,0.0,0
2.064667362577305,0.15033148435862084,606.0,6372.0,0.3440465183657121,1.5717695036410035,0.0,39954.0,1.5054429836962615,0.0,0
2.0646718491778127,0.15033148435862084,607.0,6372.0,0.34405100496621965,1.5717695036410035,0.0,39954.0,1.5054429836962615,0.0,0
2.0646762911358993,0.15033148435862084,608.0,6372.0,0.34405544692430634,1.5717695036410035,0.0,39954.0,1.5054429836962615,0.0,0
2.064680688895765,0.15033148435862084,609.0,6372.0,0.3440598446841718,1.571769503641003,0.0,39954.0,1.5054429836962615,0.0,0
2.0646850428971883,0.15033148435862084,610.0,6372.0,0.3440641986855952,1.5717695036410035,0.0,39954.0,1.5054429836962615,0.0,0
2.0646893535755737,0.15033148435862084,611.0,6372.0,0.3440685093639807,1.571769503641004,0.0,39954.0,1.5054429836962615,0.0,0
2.0646936213619926,0.15033148435862084,612.0,6372.0,0.34407277715039963,1.5717695036410035,0.0,39954.0,1.5054429836962615,0.0,0
2.0646978466832278,0.15033148435862084,613.0,6372.0,0.34407700247163414,1.5717695036410042,0.0,39954.0,1.5054429836962615,0.0,0
2.064702029961813,0.15033148435862084,614.0,6372.0,0.3440811857502199,1.5717695036410038,0.0,39954.0,1.5054429836962615,0.0,0
2.0647061716160815,0.15033148435862084,615.0,6372.0,0.3440853274044882,1.571769503641004,0.0,39954.0,1.5054429836962615,0.0,0
2.0647102720602013,0.15033148435862084,616.0,6372.0,0.3440894278486081,1.571769503641004,0.0,39954.0,1.5054429836962615,0.0,0
2.0647143317042205,0.15033148435862084,617.0,6372.0,0.3440934874926272,1.571769503641003,0.0,39954.0,1.5054429836962615,0.0,0
2.0647183509541067,0.15033148435862084,618.0,6372.0,0.3440975067425134,1.571769503641004,0.0,39954.0,1.5054429836962615,0.0,0
2.0647223302117883,0.15033148435862084,619.0,6372.0,0.3441014860001951,1.571769503641003,0.0,39954.0,1.5054429836962615,0.0,0
2.0647262698751945,0.15033148435862084,620.0,6372.0,0.3441054256636013,1.571769503641003,0.0,39954.0,1.5054429836962615,0.0,0
2.0647301703382945,0.15033148435862084,621.0,6372.0,0.3441093261267016,1.5717695036410027,0.0,39954.0,1.5054429836962615,0.0,0
2.0647340319911387,0.15033148435862084,622.0,6372.0,0.3441131877795456,1.5717695036410029,0.0,39954.0,1.5054429836962615,0.0,0
2.064737855219895,0.15033148435862084,623.0,6372.0,0.34411701100830183,1.5717695036410035,0.0,39954.0,1.5054429836962615,0.0,0
2.0647416404068895,0.15033148435862084,624.0,6372.0,0.34412079619529623,1.571769503641003,0.0,39954.0,1.5054429836962615,0.0,0
2.064745387930644,0.15033148435862084,625.0,6372.0,0.3441245437190508,1.571769503641004,0.0,39954.0,1.5054429836962615,0.0,0
2.0647490981659145,0.15033148435862084,626.0,6372.0,0.34412825395432095,1.5717695036410038,0.0,39954.0,1.5054429836962615,0.0,0
2.0647527714837266,0.15033148435862084,627.0,6372.0,0.34413192727213343,1.571769503641003,0.0,39954.0,1.5054429836962615,0.0,0
2.0647564082514163,0.15033148435862084,628.0,6372.0,0.34413556403982287,1.5717695036410033,0.0,39954.0,1.5054429836962615,0.0,0
2.0647600088326628,0.15033148435862084,629.0,6372.0,0.34413916462106936,1.5717695036410042,0.0,39954.0,1.5054429836962615,0.0,0
2.064763573587527,0.15033148435862084,630.0,6372.0,0.3441427293759337,1.571769503641004,0.0,39954.0,1.5054429836962615,0.0,0
2.0647671028724877,0.15033148435862084,631.0,6372.0,0.3441462586608945,1.5717695036410038,0.0,39954.0,1.5054429836962615,0.0,0
2.0647705970404764,0.15033148435862084,632.0,6372.0,0.34414975282888327,1.5717695036410038,0.0,39954.0,1.5054429836962615,0.0,0
2.0647740564409127,0.15033148435862084,633.0,6372.0,0.34415321222931955,1.5717695036410035,0.0,39954.0,1.5054429836962615,0.0,0
2.0647774814197395,0.15033148435862084,634.0,6372.0,0.3441566372081464,1.5717695036410035,0.0,39954.0,1.5054429836962615,0.0,0
2.064780872319458,0.15033148435862084,635.0,6372.0,0.34416002810786445,1.5717695036410035,0.0,39954.0,1.5054429836962615,0.0,0
2.06478422947916,0.15033148435862084,636.0,6372.0,0.3441633852675667,1.571769503641003,0.0,39954.0,1.5054429836962615,0.0,0
2.0647875532345648,0.15033148435862084,637.0,6372.0,0.3441667090229717,1.5717695036410027,0.0,39954.0,1.5054429836962615,0.0,0
2.0647908439180513,0.15033148435862084,638.0,6372.0,0.344169999706458,1.571769503641004,0.0,39954.0,1.5054429836962615,0.0,0
2.0647941018586895,0.15033148435862084,639.0,6372.0,0.3441732576470963,1.5717695036410035,0.0,39954.0,1.5054429836962615,0.0,0
2.064797327382277,0.15033148435862084,640.0,6372.0,0.3441764831706837,1.5717695036410038,0.0,39954.0,1.5054429836962615,0.0,0
2.0648005208113682,0.15033148435862084,641.0,6372.0,0.34417967659977533,1.5717695036410035,0.0,39954.0,1.5054429836962615,0.0,0
2.0648036824653095,0.15033148435862084,642.0,6372.0,0.3441828382537163,1.5717695036410035,0.0,39954.0,1.5054429836962615,0.0,0
2.0648068126602683,0.15033148435862084,643.0,6372.0,0.34418596844867505,1.571769503641003,0.0,39954.0,1.5054429836962615,0.0,0
2.0648099117092666,0.15033148435862084,644.0,6372.0,0.34418906749767364,1.5717695036410035,0.0,39954.0,1.5054429836962615,0.0,0
2.064812979922212,0.15033148435862084,645.0,6372.0,0.34419213571061924,1.5717695036410027,0.0,39954.0,1.5054429836962615,0.0,0
2.0648160176059296,0.15033148435862084,646.0,6372.0,0.3441951733943361,1.5717695036410035,0.0,39954.0,1.5054429836962615,0.0,0
2.0648190250641885,0.15033148435862084,647.0,6372.0,0.3441981808525952,1.5717695036410035,0.0,39954.0,1.5054429836962615,0.0,0
2.0648220025977375,0.15033148435862084,648.0,6372.0,0.3442011583861443,1.5717695036410035,0.0,39954.0,1.5054429836962615,0.0,0
2.064824950504333,0.15033148435862084,649.0,6372.0,0.34420410629273956,1.5717695036410027,0.0,39954.0,1.5054429836962615,0.0,0
2.0648278690787674,0.15033148435862084,650.0,6372.0,0.3442070248671743,1.5717695036410033,0.0,39954.0,1.5054429836962615,0.0,0
2.0648554249650717,0.15035615071079134,651.0,6373.0,0.3442099144013079,1.5717695036410035,0.0,39954.0,1.5054429836962615,0.0,0
2.06485828574786,0.15035615071079134,652.0,6373.0,0.3442127751840967,1.5717695036410027,0.0,39954.0,1.5054429836962615,0.0,0
2.064861118065385,0.15035615071079134,653.0,6373.0,0.34421560750162133,1.5717695036410038,0.0,39954.0,1.5054429836962615,0.0,0
2.064863922200879,0.15035615071079134,654.0,6373.0,0.34421841163711536,1.571769503641003,0.0,39954.0,1.5054429836962615,0.0,0
2.064866698434759,0.15035615071079134,655.0,6373.0,0.3442211878709952,1.5717695036410035,0.0,39954.0,1.5054429836962615,0.0,0
2.06486944704465,0.15035615071079134,656.0,6373.0,0.3442239364808864,1.5717695036410038,0.0,39954.0,1.5054429836962615,0.0,0
2.064872168305416,0.15035615071079134,657.0,6373.0,0.34422665774165223,1.571769503641004,0.0,39954.0,1.5054429836962615,0.0,0
2.0648748624891846,0.15035615071079134,658.0,6373.0,0.344229351925421,1.5717695036410029,0.0,39954.0,1.5054429836962615,0.0,0
2.064877529865377,0.15035615071079134,659.0,6373.0,0.3442320193016134,1.571769503641004,0.0,39954.0,1.5054429836962615,0.0,0
2.0648801707007327,0.15035615071079134,660.0,6373.0,0.34423466013696913,1.5717695036410033,0.0,39954.0,1.5054429836962615,0.0,0
2.0648827852593374,0.15035615071079134,661.0,6373.0,0.3442372746955741,1.5717695036410038,0.0,39954.0,1.5054429836962615,0.0,0
2.06488537380265,0.15035615071079134,662.0,6373.0,0.34423986323888617,1.571769503641003,0.0,39954.0,1.5054429836962615,0.0,0
2.0648879365895256,0.15035615071079134,663.0,6373.0,0.344242426025762,1.5717695036410035,0.0,39954.0,1.5054429836962615,0.0,0
2.0648904738762464,0.15035615071079134,664.0,6373.0,0.3442449633124826,1.571769503641003,0.0,39954.0,1.5054429836962615,0.0,0
2.0648929859165417,0.15035615071079134,665.0,6373.0,0.3442474753527782,1.5717695036410035,0.0,39954.0,1.5054429836962615,0.0,0
2.0648954729616187,0.15035615071079134,666.0,6373.0,0.34424996239785527,1.5717695036410038,0.0,39954.0,1.5054429836962615,0.0,0
2.0648979352601837,0.15035615071079134,667.0,6373.0,0.3442524246964203,1.571769503641003,0.0,39954.0,1.5054429836962615,0.0,0
2.064900373058469,0.15035615071079134,668.0,6373.0,0.3442548624947053,1.5717695036410029,0.0,39954.0,1.5054429836962615,0.0,0
2.064902786600256,0.15035615071079134,669.0,6373.0,0.3442572760364922,1.5717695036410038,0.0,39954.0,1.5054429836962615,0.0,0
2.0649051761269006,0.15035615071079134,670.0,6373.0,0.344259665563137,1.571769503641004,0.0,39954.0,1.5054429836962615,0.0,0
2.064907541877358,0.15035615071079134,671.0,6373.0,0.3442620313135944,1.571769503641003,0.0,39954.0,1.5054429836962615,0.0,0
2.064909884088205,0.15035615071079134,672.0,6373.0,0.34426437352444145,1.5717695036410038,0.0,39954.0,1.5054429836962615,0.0,0
2.0649122029936646,0.15035615071079134,673.0,6373.0,0.3442666924299012,1.5717695036410038,0.0,39954.0,1.5054429836962615,0.0,0
2.06491449882563,0.15035615071079134,674.0,6373.0,0.344268988261866,1.5717695036410038,0.0,39954.0,1.5054429836962615,0.0,0
2.0649167718136847,0.15035615071079134,675.0,6373.0,0.3442712612499212,1.5717695036410027,0.0,39954.0,1.5054429836962615,0.0,0
2.064919022185131,0.15035615071079134,676.0,6373.0,0.34427351162136727,1.5717695036410024,0.0,39954.0,1.5054429836962615,0.0,0
2.064921250165007,0.15035615071079134,677.0,6373.0,0.34427573960124336,1.5717695036410027,0.0,39954.0,1.5054429836962615,0.0,0
2.064923455976113,0.15035615071079134,678.0,6373.0,0.3442779454123494,1.5717695036410035,0.0,39954.0,1.5054429836962615,0.0,0
2.0649256398390317,0.15035615071079134,679.0,6373.0,0.3442801292752682,1.5717695036410035,0.0,39954.0,1.5054429836962615,0.0,0
2.0649278019721513,0.15035615071079134,680.0,6373.0,0.3442822914083878,1.5717695036410029,0.0,39954.0,1.5054429836962615,0.0,0
2.064929942591687,0.15035615071079134,681.0,6373.0,0.3442844320279233,1.571769503641003,0.0,39954.0,1.5054429836962615,0.0,0
2.064932061911702,0.15035615071079134,682.0,6373.0,0.3442865513479387,1.571769503641003,0.0,39954.0,1.5054429836962615,0.0,0
2.064934160144131,0.15035615071079134,683.0,6373.0,0.34428864958036737,1.571769503641003,0.0,39954.0,1.5054429836962615,0.0,0
2.0649362374987983,0.15035615071079134,684.0,6373.0,0.34429072693503476,1.5717695036410033,0.0,39954.0,1.5054429836962615,0.0,0
2.0649382941834413,0.15035615071079134,685.0,6373.0,0.34429278361967786,1.571769503641003,0.0,39954.0,1.5054429836962615,0.0,0
2.0649403304037306,0.15035615071079134,686.0,6373.0,0.34429481983996685,1.5717695036410038,0.0,39954.0,1.5054429836962615,0.0,0
2.064942346363289,0.15035615071079134,687.0,6373.0,0.34429683579952536,1.571769503641004,0.0,39954.0,1.5054429836962615,0.0,0
2.064944342263715,0.15035615071079134,688.0,6373.0,0.34429883169995107,1.571769503641003,0.0,39954.0,1.5054429836962615,0.0,0
2.0649463183045995,0.15035615071079134,689.0,6373.0,0.34430080774083593,1.571769503641004,0.0,39954.0,1.5054429836962615,0.0,0
2.0649482746835486,0.15035615071079134,690.0,6373.0,0.3443027641197852,1.571769503641004,0.0,39954.0,1.5054429836962615,0.0,0
2.0649502115962024,0.15035615071079134,691.0,6373.0,0.34430470103243876,1.571769503641003,0.0,39954.0,1.5054429836962615,0.0,0
2.064952129236253,0.15035615071079134,692.0,6373.0,0.3443066186724894,1.571769503641003,0.0,39954.0,1.5054429836962615,0.0,0
2.0649540277954666,0.15035615071079134,693.0,6373.0,0.34430851723170275,1.571769503641004,0.0,39954.0,1.5054429836962615,0.0,0
2.0649559074636996,0.15035615071079134,694.0,6373.0,0.34431039689993637,1.571769503641003,0.0,39954.0,1.5054429836962615,0.0,0
2.0649577684289224,0.15035615071079134,695.0,6373.0,0.34431225786515846,1.571769503641003,0.0,39954.0,1.5054429836962615,0.0,0
2.064959610877231,0.15035615071079134,696.0,6373.0,0.3443141003134673,1.5717695036410035,0.0,39954.0,1.5054429836962615,0.0,0
2.0649614349928727,0.15035615071079134,697.0,6373.0,0.3443159244291091,1.5717695036410029,0.0,39954.0,1.5054429836962615,0.0,0
2.064963240958261,0.15035615071079134,698.0,6373.0,0.3443177303944971,1.571769503641004,0.0,39954.0,1.5054429836962615,0.0,0
2.064965028953993,0.15035615071079134,699.0,6373.0,0.3443195183902291,1.571769503641004,0.0,39954.0,1.5054429836962615,0.0,0
2.06496679915887,0.15035615071079134,700.0,6373.0,0.3443212885951064,1.571769503641003,0.0,39954.0,1.5054429836962615,0.0,0
2.064968551749914,0.15035615071079134,701.0,6373.0,0.34432304118615065,1.5717695036410035,0.0,39954.0,1.5054429836962615,0.0,0
2.0649702869023865,0.15035615071079134,702.0,6373.0,0.3443247763386228,1.5717695036410038,0.0,39954.0,1.5054429836962615,0.0,0
2.0649720047898033,0.15035615071079134,703.0,6373.0,0.3443264942260395,1.571769503641004,0.0,39954.0,1.5054429836962615,0.0,0
2.0649737055839545,0.15035615071079134,704.0,6373.0,0.3443281950201908,1.5717695036410042,0.0,39954.0,1.5054429836962615,0.0,0
2.064975389454921,0.15035615071079134,705.0,6373.0,0.3443298788911574,1.571769503641003,0.0,39954.0,1.5054429836962615,0.0,0
2.0649770565710917,0.15035615071079134,706.0,6373.0,0.34433154600732796,1.5717695036410035,0.0,39954.0,1.5054429836962615,0.0,0
2.064978707099179,0.15035615071079134,707.0,6373.0,0.3443331965354155,1.571769503641004,0.0,39954.0,1.5054429836962615,0.0,0
2.064980341204238,0.15035615071079134,708.0,6373.0,0.34433483064047404,1.5717695036410029,0.0,39954.0,1.5054429836962615,0.0,0
2.0649819590496796,0.15035615071079134,709.0,6373.0,0.3443364484859158,1.571769503641003,0.0,39954.0,1.5054429836962615,0.0,0
2.0649835607972897,0.15035615071079134,710.0,6373.0,0.34433805023352637,1.5717695036410027,0.0,39954.0,1.5054429836962615,0.0,0
2.0649851466072455,0.15035615071079134,711.0,6373.0,0.34433963604348183,1.571769503641004,0.0,39954.0,1.5054429836962615,0.0,0
2.0649867166381286,0.15035615071079134,712.0,6373.0,0.34434120607436486,1.5717695036410035,0.0,39954.0,1.5054429836962615,0.0,0
2.064988271046943,0.15035615071079134,713.0,6373.0,0.3443427604831793,1.5717695036410042,0.0,39954.0,1.5054429836962615,0.0,0
2.064989809989131,0.15035615071079134,714.0,6373.0,0.3443442994253676,1.5717695036410035,0.0,39954.0,1.5054429836962615,0.0,0
2.0649913336185888,0.15035615071079134,715.0,6373.0,0.34434582305482536,1.5717695036410038,0.0,39954.0,1.5054429836962615,0.0,0
2.0649928420876806,0.15035615071079134,716.0,6373.0,0.34434733152391667,1.571769503641004,0.0,39954.0,1.5054429836962615,0.0,0
2.0649943355472535,0.15035615071079134,717.0,6373.0,0.34434882498348984,1.5717695036410027,0.0,39954.0,1.5054429836962615,0.0,0
2.0649958141466556,0.15035615071079134,718.0,6373.0,0.34435030358289187,1.571769503641003,0.0,39954.0,1.5054429836962615,0.0,0
2.0649972780337476,0.15035615071079134,719.0,6373.0,0.3443517674699841,1.5717695036410035,0.0,39954.0,1.5054429836962615,0.0,0
2.06499872735492,0.15035615071079134,720.0,6373.0,0.34435321679115644,1.571769503641004,0.0,39954.0,1.5054429836962615,0.0,0
2.0650001622551057,0.15035615071079134,721.0,6373.0,0.34435465169134205,1.5717695036410033,0.0,39954.0,1.5054429836962615,0.0,0
2.065001582877796,0.15035615071079134,722.0,6373.0,0.3443560723140323,1.5717695036410033,0.0,39954.0,1.5054429836962615,0.0,0
2.0650029893650546,0.15035615071079134,723.0,6373.0,0.34435747880129064,1.5717695036410033,0.0,39954.0,1.5054429836962615,0.0,0
2.0650043818575305,0.15035615071079134,724.0,6373.0,0.34435887129376686,1.5717695036410029,0.0,39954.0,1.5054429836962615,0.0,0
2.065005760494475,0.15035615071079134,725.0,6373.0,0.34436024993071135,1.571769503641004,0.0,39954.0,1.5054429836962615,0.0,0
2.0650071254137528,0.15035615071079134,726.0,6373.0,0.34436161484998934,1.571769503641004,0.0,39954.0,1.5054429836962615,0.0,0
2.065008476751857,0.15035615071079134,727.0,6373.0,0.34436296618809326,1.5717695036410035,0.0,39954.0,1.5054429836962615,0.0,0
2.0650098146439224,0.15035615071079134,728.0,6373.0,0.3443643040801587,1.571769503641004,0.0,39954.0,1.5054429836962615,0.0,0
2.065011139223739,0.15035615071079134,729.0,6373.0,0.34436562865997544,1.5717695036410035,0.0,39954.0,1.5054429836962615,0.0,0
2.0650124506237666,0.15035615071079134,730.0,6373.0,0.3443669400600029,1.571769503641004,0.0,39954.0,1.5054429836962615,0.0,0
2.0650137489751454,0.15035615071079134,731.0,6373.0,0.344368238411382,1.571769503641003,0.0,39954.0,1.5054429836962615,0.0,0
2.0650150344077125,0.15035615071079134,732.0,6373.0,0.344369523843949,1.5717695036410027,0.0,39954.0,1.5054429836962615,0.0,0
2.065016307050012,0.15035615071079134,733.0,6373.0,0.34437079648624824,1.5717695036410042,0.0,39954.0,1.5054429836962615,0.0,0
2.0650175670293085,0.15035615071079134,734.0,6373.0,0.3443720564655451,1.5717695036410029,0.0,39954.0,1.5054429836962615,0.0,0
2.065018814471602,0.15035615071079134,735.0,6373.0,0.34437330390783844,1.571769503641003,0.0,39954.0,1.5054429836962615,0.0,0
2.065020049501637,0.15035615071079134,736.0,6373.0,0.34437453893787356,1.5717695036410038,0.0,39954.0,1.5054429836962615,0.0,0
2.065021272242918,0.15035615071079134,737.0,6373.0,0.3443757616791546,1.5717695036410035,0.0,39954.0,1.5054429836962615,0.0,0
2.0650224828177204,0.15035615071079134,738.0,6373.0,0.3443769722539566,1.5717695036410035,0.0,39954.0,1.5054429836962615,0.0,0
2.065023681347102,0.15035615071079134,739.0,6373.0,0.34437817078333816,1.5717695036410029,0.0,39954.0,1.5054429836962615,0.0,0
2.065024867950916,0.15035615071079134,740.0,6373.0,0.34437935738715286,1.5717695036410035,0.0,39954.0,1.5054429836962615,0.0,0
2.065026042747826,0.15035615071079134,741.0,6373.0,0.34438053218406245,1.5717695036410038,0.0,39954.0,1.5054429836962615,0.0,0
2.065027205855311,0.15035615071079134,742.0,6373.0,0.34438169529154755,1.5717695036410042,0.0,39954.0,1.5054429836962615,0.0,0
2.065028357389683,0.15035615071079134,743.0,6373.0,0.3443828468259197,1.571769503641003,0.0,39954.0,1.5054429836962615,0.0,0
2.065029497466097,0.15035615071079134,744.0,6373.0,0.3443839869023334,1.5717695036410038,0.0,39954.0,1.5054429836962615,0.0,0
2.065030626198561,0.15035615071079134,745.0,6373.0,0.34438511563479735,1.5717695036410038,0.0,39954.0,1.5054429836962615,0.0,0
2.065031743699949,0.15035615071079134,746.0,6373.0,0.34438623313618544,1.571769503641004,0.0,39954.0,1.5054429836962615,0.0,0
2.065032850082013,0.15035615071079134,747.0,6373.0,0.34438733951824924,1.5717695036410035,0.0,39954.0,1.5054429836962615,0.0,0
2.065033945455391,0.15035615071079134,748.0,6373.0,0.34438843489162724,1.571769503641003,0.0,39954.0,1.5054429836962615,0.0,0
2.065035029929622,0.15035615071079134,749.0,6373.0,0.34438951936585815,1.5717695036410033,0.0,39954.0,1.5054429836962615,0.0,0
2.0650361036131537,0.15035615071079134,750.0,6373.0,0.3443905930493902,1.571769503641004,0.0,39954.0,1.5054429836962615,0.0,0
2.0650371666133562,0.15035615071079134,751.0,6373.0,0.3443916560495925,1.5717695036410027,0.0,39954.0,1.5054429836962615,0.0,0
2.06503821903653,0.15035615071079134,752.0,6373.0,0.3443927084727664,1.571769503641004,0.0,39954.0,1.5054429836962615,0.0,0
2.065039260987918,0.15035615071079134,753.0,6373.0,0.3443937504241544,1.5717695036410035,0.0,39954.0,1.5054429836962615,0.0,0
2.0650402925717164,0.15035615071079134,754.0,6373.0,0.34439478200795287,1.5717695036410027,0.0,39954.0,1.5054429836962615,0.0,0
2.065041313891085,0.15035615071079134,755.0,6373.0,0.3443958033273213,1.571769503641004,0.0,39954.0,1.5054429836962615,0.0,0
2.0650423250481555,0.15035615071079134,756.0,6373.0,0.34439681448439197,1.571769503641004,0.0,39954.0,1.5054429836962615,0.0,0
2.0650433261440453,0.15035615071079134,757.0,6373.0,0.3443978155802819,1.5717695036410029,0.0,39954.0,1.5054429836962615,0.0,0
2.0650443172788644,0.15035615071079134,758.0,6373.0,0.344398806715101,1.5717695036410027,0.0,39954.0,1.5054429836962615,0.0,0
2.065045298551728,0.15035615071079134,759.0,6373.0,0.3443997879879641,1.571769503641004,0.0,39954.0,1.5054429836962615,0.0,0
2.065046270060763,0.15035615071079134,760.0,6373.0,0.34440075949699905,1.571769503641003,0.0,39954.0,1.5054429836962615,0.0,0
2.0650472319031214,0.15035615071079134,761.0,6373.0,0.3444017213393576,1.5717695036410035,0.0,39954.0,1.5054429836962615,0.0,0
2.0650481841749886,0.15035615071079134,762.0,6373.0,0.3444026736112246,1.571769503641004,0.0,39954.0,1.5054429836962615,0.0,0
2.0650491269715925,0.15035615071079134,763.0,6373.0,0.34440361640782846,1.5717695036410042,0.0,39954.0,1.5054429836962615,0.0,0
2.065050060387213,0.15035615071079134,764.0,6373.0,0.3444045498234492,1.5717695036410038,0.0,39954.0,1.5054429836962615,0.0,0
2.0650509845151928,0.15035615071079134,765.0,6373.0,0.34440547395142923,1.571769503641003,0.0,39954.0,1.5054429836962615,0.0,0
2.0650518994479463,0.15035615071079134,766.0,6373.0,0.3444063888841825,1.571769503641004,0.0,39954.0,1.5054429836962615,0.0,0
2.065052805276966,0.15035615071079134,767.0,6373.0,0.34440729471320264,1.571769503641003,0.0,39954.0,1.5054429836962615,0.0,0
2.065053702092837,0.15035615071079134,768.0,6373.0,0.34440819152907337,1.5717695036410033,0.0,39954.0,1.5054429836962615,0.0,0
2.0650545899852406,0.15035615071079134,769.0,6373.0,0.3444090794214772,1.5717695036410024,0.0,39954.0,1.5054429836962615,0.0,0
2.0650554690429677,0.15035615071079134,770.0,6373.0,0.34440995847920397,1.571769503641004,0.0,39954.0,1.5054429836962615,0.0,0
2.0650563393539243,0.15035615071079134,771.0,6373.0,0.3444108287901603,1.5717695036410038,0.0,39954.0,1.5054429836962615,0.0,0
2.0650572010051413,0.15035615071079134,772.0,6373.0,0.34441169044137776,1.571769503641003,0.0,39954.0,1.5054429836962615,0.0,0
2.065058054082786,0.15035615071079134,773.0,6373.0,0.3444125435190223,1.5717695036410029,0.0,39954.0,1.5054429836962615,0.0,0
2.065058898672166,0.15035615071079134,774.0,6373.0,0.3444133881084026,1.5717695036410029,0.0,39954.0,1.5054429836962615,0.0,0
2.065059734857742,0.15035615071079134,775.0,6373.0,0.34441422429397817,1.571769503641003,0.0,39954.0,1.5054429836962615,0.0,0
2.0650605627231315,0.15035615071079134,776.0,6373.0,0.3444150521593681,1.5717695036410033,0.0,39954.0,1.5054429836962615,0.0,0
2.0650613823511237,0.15035615071079134,777.0,6373.0,0.3444158717873599,1.571769503641003,0.0,39954.0,1.5054429836962615,0.0,0
2.0650621938236804,0.15035615071079134,778.0,6373.0,0.344416683259917,1.571769503641004,0.0,39954.0,1.5054429836962615,0.0,0
2.065062997221951,0.15035615071079134,779.0,6373.0,0.3444174866581871,1.571769503641003,0.0,39954.0,1.5054429836962615,0.0,0
2.0650637926262747,0.15035615071079134,780.0,6373.0,0.34441828206251085,1.5717695036410038,0.0,39954.0,1.5054429836962615,0.0,0
2.065064580116193,0.15035615071079134,781.0,6373.0,0.3444190695524293,1.5717695036410035,0.0,39954.0,1.5054429836962615,0.0,0
2.065065359770456,0.15035615071079134,782.0,6373.0,0.3444198492066922,1.571769503641004,0.0,39954.0,1.5054429836962615,0.0,0
2.065066131667029,0.15035615071079134,783.0,6373.0,0.34442062110326555,1.5717695036410035,0.0,39954.0,1.5054429836962615,0.0,0
2.0650668958831035,0.15035615071079134,784.0,6373.0,0.3444213853193397,1.5717695036410035,0.0,39954.0,1.5054429836962615,0.0,0
2.0650676524951006,0.15035615071079134,785.0,6373.0,0.3444221419313369,1.5717695036410035,0.0,39954.0,1.5054429836962615,0.0,0
2.065068401578683,0.15035615071079134,786.0,6373.0,0.3444228910149189,1.5717695036410042,0.0,39954.0,1.5054429836962615,0.0,0
2.0650691432087585,0.15035615071079134,787.0,6373.0,0.3444236326449946,1.5717695036410033,0.0,39954.0,1.5054429836962615,0.0,0
2.0650698774594916,0.15035615071079134,788.0,6373.0,0.344424366895728,1.571769503641004,0.0,39954.0,1.5054429836962615,0.0,0
2.065070604404308,0.15035615071079134,789.0,6373.0,0.3444250938405444,1.5717695036410035,0.0,39954.0,1.5054429836962615,0.0,0
2.0650713241159027,0.15035615071079134,790.0,6373.0,0.34442581355213886,1.571769503641004,0.0,39954.0,1.5054429836962615,0.0,0
2.0650720366662476,0.15035615071079134,791.0,6373.0,0.3444265261024836,1.5717695036410044,0.0,39954.0,1.5054429836962615,0.0,0
2.0650727421265973,0.15035615071079134,792.0,6373.0,0.3444272315628338,1.5717695036410035,0.0,39954.0,1.5054429836962615,0.0,0
2.0650734405674998,0.15035615071079134,793.0,6373.0,0.3444279300037362,1.5717695036410029,0.0,39954.0,1.5054429836962615,0.0,0
2.0650741320587995,0.15035615071079134,794.0,6373.0,0.3444286214950356,1.5717695036410038,0.0,39954.0,1.5054429836962615,0.0,0
2.065074816669645,0.15035615071079134,795.0,6373.0,0.34442930610588146,1.5717695036410027,0.0,39954.0,1.5054429836962615,0.0,0
2.0650754944684993,0.15035615071079134,796.0,6373.0,0.3444299839047357,1.5717695036410033,0.0,39954.0,1.5054429836962615,0.0,0
2.065076165523142,0.15035615071079134,797.0,6373.0,0.34443065495937863,1.571769503641004,0.0,39954.0,1.5054429836962615,0.0,0
2.06507682990068,0.15035615071079134,798.0,6373.0,0.34443131933691634,1.571769503641004,0.0,39954.0,1.5054429836962615,0.0,0
2.065077487667551,0.15035615071079134,799.0,6373.0,0.34443197710378715,1.5717695036410035,0.0,39954.0,1.5054429836962615,0.0,0
2.0650781388895316,0.15035615071079134,800.0,6373.0,0.3444326283257681,1.5717695036410035,0.0,39954.0,1.5054429836962615,0.0,0
2.065078783631746,0.15035615071079134,801.0,6373.0,0.344433273067982,1.571769503641004,0.0,39954.0,1.5054429836962615,0.0,0
2.0650794219586674,0.15035615071079134,802.0,6373.0,0.344433911394904,1.5717695036410029,0.0,39954.0,1.5054429836962615,0.0,0
2.0650800539341305,0.15035615071079134,803.0,6373.0,0.3444345433703667,1.571769503641004,0.0,39954.0,1.5054429836962615,0.0,0
2.0650806796213326,0.15035615071079134,804.0,6373.0,0.34443516905756866,1.571769503641004,0.0,39954.0,1.5054429836962615,0.0,0
2.065081299082842,0.15035615071079134,805.0,6373.0,0.3444357885190788,1.5717695036410035,0.0,39954.0,1.5054429836962615,0.0,0
2.065081912380608,0.15035615071079134,806.0,6373.0,0.344436401816844,1.5717695036410047,0.0,39954.0,1.5054429836962615,0.0,0
2.0650825195759586,0.15035615071079134,807.0,6373.0,0.34443700901219476,1.571769503641004,0.0,39954.0,1.5054429836962615,0.0,0
2.0650831207296143,0.15035615071079134,808.0,6373.0,0.3444376101658504,1.571769503641004,0.0,39954.0,1.5054429836962615,0.0,0
2.0650837159016913,0.15035615071079134,809.0,6373.0,0.3444382053379274,1.5717695036410035,0.0,39954.0,1.5054429836962615,0.0,0
2.0650843051517067,0.15035615071079134,810.0,6373.0,0.34443879458794324,1.5717695036410035,0.0,39954.0,1.5054429836962615,0.0,0
2.0650848885385873,0.15035615071079134,811.0,6373.0,0.34443937797482355,1.571769503641004,0.0,39954.0,1.5054429836962615,0.0,0
2.065085466120671,0.15035615071079134,812.0,6373.0,0.34443995555690726,1.5717695036410038,0.0,39954.0,1.5054429836962615,0.0,0
2.065086037955717,0.15035615071079134,813.0,6373.0,0.3444405273919533,1.5717695036410033,0.0,39954.0,1.5054429836962615,0.0,0
2.0650866041009093,0.15035615071079134,814.0,6373.0,0.3444410935371455,1.571769503641004,0.0,39954.0,1.5054429836962615,0.0,0
2.0650871646128626,0.15035615071079134,815.0,6373.0,0.34444165404909904,1.571769503641003,0.0,39954.0,1.5054429836962615,0.0,0
2.0650877195476287,0.15035615071079134,816.0,6373.0,0.34444220898386535,1.5717695036410035,0.0,39954.0,1.5054429836962615,0.0,0
2.065088268960702,0.15035615071079134,817.0,6373.0,0.34444275839693844,1.5717695036410035,0.0,39954.0,1.5054429836962615,0.0,0
2.0650888129070237,0.15035615071079134,818.0,6373.0,0.34444330234326015,1.5717695036410027,0.0,39954.0,1.5054429836962615,0.0,0
2.0650893514409896,0.15035615071079134,819.0,6373.0,0.34444384087722585,1.571769503641004,0.0,39954.0,1.5054429836962615,0.0,0
2.0650898846164525,0.15035615071079134,820.0,6373.0,0.3444443740526887,1.571769503641003,0.0,39954.0,1.5054429836962615,0.0,0
2.0650904124867306,0.15035615071079134,821.0,6373.0,0.34444490192296706,1.571769503641003,0.0,39954.0,1.5054429836962615,0.0,0
2.065090935104612,0.15035615071079134,822.0,6373.0,0.3444454245408485,1.571769503641003,0.0,39954.0,1.5054429836962615,0.0,0
2.0650914525223585,0.15035615071079134,823.0,6373.0,0.34444594195859496,1.5717695036410038,0.0,39954.0,1.5054429836962615,0.0,0
2.0650919647917125,0.15035615071079134,824.0,6373.0,0.344446454227949,1.571769503641003,0.0,39954.0,1.5054429836962615,0.0,0
2.0650924719639017,0.15035615071079134,825.0,6373.0,0.344446961400138,1.571769503641003,0.0,39954.0,1.5054429836962615,0.0,0
2.065092974089643,0.15035615071079134,826.0,6373.0,0.34444746352587907,1.5717695036410044,0.0,39954.0,1.5054429836962615,0.0,0
2.065093471219149,0.15035615071079134,827.0,6373.0,0.3444479606553857,1.571769503641004,0.0,39954.0,1.5054429836962615,0.0,0
2.0650939634021346,0.15035615071079134,828.0,6373.0,0.3444484528383709,1.5717695036410035,0.0,39954.0,1.5054429836962615,0.0,0
2.0650944506878175,0.15035615071079134,829.0,6373.0,0.34444894012405364,1.5717695036410042,0.0,39954.0,1.5054429836962615,0.0,0
2.065094933124927,0.15035615071079134,830.0,6373.0,0.344449422561163,1.571769503641003,0.0,39954.0,1.5054429836962615,0.0,0
2.0650954107617063,0.15035615071079134,831.0,6373.0,0.34444990019794264,1.571769503641003,0.0,39954.0,1.5054429836962615,0.0,0
2.0650958836459212,0.15035615071079134,832.0,6373.0,0.3444503730821571,1.5717695036410047,0.0,39954.0,1.5054429836962615,0.0,0
2.065096351824858,0.15035615071079134,833.0,6373.0,0.34445084126109493,1.5717695036410027,0.0,39954.0,1.5054429836962615,0.0,0
2.0650968153453384,0.15035615071079134,834.0,6373.0,0.3444513047815746,1.5717695036410035,0.0,39954.0,1.5054429836962615,0.0,0
2.0650972742537124,0.15035615071079134,835.0,6373.0,0.3444517636899485,1.5717695036410033,0.0,39954.0,1.5054429836962615,0.0,0
2.065097728595871,0.15035615071079134,836.0,6373.0,0.3444522180321075,1.571769503641003,0.0,39954.0,1.5054429836962615,0.0,0
2.06509817841725,0.15035615071079134,837.0,6373.0,0.3444526678534866,1.5717695036410038,0.0,39954.0,1.5054429836962615,0.0,0
2.065098623762832,0.15035615071079134,838.0,6373.0,0.34445311319906835,1.5717695036410033,0.0,39954.0,1.5054429836962615,0.0,0
2.0650990646771508,0.15035615071079134,839.0,6373.0,0.3444535541133873,1.5717695036410027,0.0,39954.0,1.5054429836962615,0.0,0
2.0650995012042994,0.15035615071079134,840.0,6373.0,0.3444539906405356,1.571769503641004,0.0,39954.0,1.5054429836962615,0.0,0
2.06509993338793,0.15035615071079134,841.0,6373.0,0.34445442282416616,1.5717695036410038,0.0,39954.0,1.5054429836962615,0.0,0
2.0651003612712615,0.15035615071079134,842.0,6373.0,0.3444548507074979,1.5717695036410035,0.0,39954.0,1.5054429836962615,0.0,0
2.0651007848970826,0.15035615071079134,843.0,6373.0,0.3444552743333193,1.5717695036410038,0.0,39954.0,1.5054429836962615,0.0,0
2.065101204307757,0.15035615071079134,844.0,6373.0,0.34445569374399304,1.5717695036410027,0.0,39954.0,1.5054429836962615,0.0,0
2.065101619545225,0.15035615071079134,845.0,6373.0,0.3444561089814613,1.571769503641004,0.0,39954.0,1.5054429836962615,0.0,0
2.065102030651011,0.15035615071079134,846.0,6373.0,0.3444565200872474,1.5717695036410029,0.0,39954.0,1.5054429836962615,0.0,0
2.0651024376662264,0.15035615071079134,847.0,6373.0,0.3444569271024627,1.571769503641003,0.0,39954.0,1.5054429836962615,0.0,0
2.065102840631573,0.15035615071079134,848.0,6373.0,0.34445733006780893,1.571769503641004,0.0,39954.0,1.5054429836962615,0.0,0
2.0651032395873465,0.15035615071079134,849.0,6373.0,0.344457729023583,1.571769503641003,0.0,39954.0,1.5054429836962615,0.0,0
2.0651036345734446,0.15035615071079134,850.0,6373.0,0.3444581240096807,1.5717695036410042,0.0,39954.0,1.5054429836962615,0.0,0
2.0651040256293647,0.15035615071079134,851.0,6373.0,0.3444585150656011,1.5717695036410029,0.0,39954.0,1.5054429836962615,0.0,0
2.0651044127942138,0.15035615071079134,852.0,6373.0,0.34445890223045017,1.5717695036410035,0.0,39954.0,1.5054429836962615,0.0,0
2.0651047961067084,0.15035615071079134,853.0,6373.0,0.3444592855429446,1.5717695036410033,0.0,39954.0,1.5054429836962615,0.0,0
2.0651051756051793,0.15035615071079134,854.0,6373.0,0.34445966504141573,1.571769503641003,0.0,39954.0,1.5054429836962615,0.0,0
2.065105551327578,0.15035615071079134,855.0,6373.0,0.3444600407638142,1.571769503641003,0.0,39954.0,1.5054429836962615,0.0,0
2.065105923311476,0.15035615071079134,856.0,6373.0,0.3444604127477126,1.571769503641003,0.0,39954.0,1.5054429836962615,0.0,0
2.0651062915940726,0.15035615071079134,857.0,6373.0,0.34446078103030897,1.5717695036410027,0.0,39954.0,1.5054429836962615,0.0,0
2.065106656212196,0.15035615071079134,858.0,6373.0,0.3444611456484324,1.5717695036410033,0.0,39954.0,1.5054429836962615,0.0,0
2.0651070172023087,0.15035615071079134,859.0,6373.0,0.34446150663854497,1.5717695036410038,0.0,39954.0,1.5054429836962615,0.0,0
2.0651073746005095,0.15035615071079134,860.0,6373.0,0.3444618640367458,1.5717695036410038,0.0,39954.0,1.5054429836962615,0.0,0
2.065107728442539,0.15035615071079134,861.0,6373.0,0.3444622178787751,1.5717695036410042,0.0,39954.0,1.5054429836962615,0.0,0
2.065108078763781,0.15035615071079134,862.0,6373.0,0.3444625682000173,1.5717695036410038,0.0,39954.0,1.5054429836962615,0.0,0
2.0651084255992687,0.15035615071079134,863.0,6373.0,0.34446291503550525,1.5717695036410029,0.0,39954.0,1.5054429836962615,0.0,0
2.0651087689836856,0.15035615071079134,864.0,6373.0,0.34446325841992204,1.5717695036410035,0.0,39954.0,1.5054429836962615,0.0,0
2.0651091089513707,0.15035615071079134,865.0,6373.0,0.34446359838760704,1.5717695036410035,0.0,39954.0,1.5054429836962615,0.0,0
2.065109445536321,0.15035615071079134,866.0,6373.0,0.344463934972557,1.5717695036410038,0.0,39954.0,1.5054429836962615,0.0,0
2.0651097787721944,0.15035615071079134,867.0,6373.0,0.3444642682084307,1.571769503641004,0.0,39954.0,1.5054429836962615,0.0,0
2.065110108692316,0.15035615071079134,868.0,6373.0,0.344464598128552,1.571769503641003,0.0,39954.0,1.5054429836962615,0.0,0
2.065110435329677,0.15035615071079134,869.0,6373.0,0.3444649247659134,1.571769503641004,0.0,39954.0,1.5054429836962615,0.0,0
2.0651107587169424,0.15035615071079134,870.0,6373.0,0.34446524815317864,1.571769503641003,0.0,39954.0,1.5054429836962615,0.0,0
2.06511107888645,0.15035615071079134,871.0,6373.0,0.3444655683226869,1.5717695036410035,0.0,39954.0,1.5054429836962615,0.0,0
2.065111395870219,0.15035615071079134,872.0,6373.0,0.3444658853064554,1.571769503641004,0.0,39954.0,1.5054429836962615,0.0,0
2.0651117096999463,0.15035615071079134,873.0,6373.0,0.3444661991361824,1.5717695036410033,0.0,39954.0,1.5054429836962615,0.0,0
2.0651120204070152,0.15035615071079134,874.0,6373.0,0.34446650984325167,1.5717695036410035,0.0,39954.0,1.5054429836962615,0.0,0
2.0651123280224972,0.15035615071079134,875.0,6373.0,0.3444668174587339,1.571769503641003,0.0,39954.0,1.5054429836962615,0.0,0
2.0651126325771547,0.15035615071079134,876.0,6373.0,0.344467122013391,1.5717695036410033,0.0,39954.0,1.5054429836962615,0.0,0
2.0651129341014425,0.15035615071079134,877.0,6373.0,0.34446742353767856,1.5717695036410047,0.0,39954.0,1.5054429836962615,0.0,0
2.0651132326255133,0.15035615071079134,878.0,6373.0,0.34446772206174936,1.571769503641004,0.0,39954.0,1.5054429836962615,0.0,0
2.0651135281792197,0.15035615071079134,879.0,6373.0,0.3444680176154559,1.571769503641003,0.0,39954.0,1.5054429836962615,0.0,0
2.0651138207921176,0.15035615071079134,880.0,6373.0,0.3444683102283541,1.571769503641003,0.0,39954.0,1.5054429836962615,0.0,0
2.065114110493469,0.15035615071079134,881.0,6373.0,0.3444685999297053,1.571769503641003,0.0,39954.0,1.5054429836962615,0.0,0
2.0651143973122434,0.15035615071079134,882.0,6373.0,0.34446888674847986,1.5717695036410029,0.0,39954.0,1.5054429836962615,0.0,0
2.0651146812771235,0.15035615071079134,883.0,6373.0,0.34446917071335986,1.5717695036410027,0.0,39954.0,1.5054429836962615,0.0,0
2.0651149624165055,0.15035615071079134,884.0,6373.0,0.3444694518527421,1.5717695036410029,0.0,39954.0,1.5054429836962615,0.0,0
2.0651152407585047,0.15035615071079134,885.0,6373.0,0.34446973019474086,1.5717695036410035,0.0,39954.0,1.5054429836962615,0.0,0
2.0651155163309536,0.15035615071079134,886.0,6373.0,0.34447000576719033,1.5717695036410027,0.0,39954.0,1.5054429836962615,0.0,0
2.065115789161412,0.15035615071079134,887.0,6373.0,0.34447027859764817,1.571769503641004,0.0,39954.0,1.5054429836962615,0.0,0
2.0651160592771616,0.15035615071079134,888.0,6373.0,0.3444705487133977,1.5717695036410035,0.0,39954.0,1.5054429836962615,0.0,0
2.065116326705214,0.15035615071079134,889.0,6373.0,0.3444708161414505,1.571769503641004,0.0,39954.0,1.5054429836962615,0.0,0
2.065116591472313,0.15035615071079134,890.0,6373.0,0.3444710809085497,1.5717695036410027,0.0,39954.0,1.5054429836962615,0.0,0
2.0651168536049362,0.15035615071079134,891.0,6373.0,0.3444713430411723,1.571769503641004,0.0,39954.0,1.5054429836962615,0.0,0
2.0651171131292956,0.15035615071079134,892.0,6373.0,0.34447160256553155,1.5717695036410029,0.0,39954.0,1.5054429836962615,0.0,0
2.065117370071344,0.15035615071079134,893.0,6373.0,0.34447185950758064,1.5717695036410027,0.0,39954.0,1.5054429836962615,0.0,0
2.065117624456777,0.15035615071079134,894.0,6373.0,0.3444721138930133,1.571769503641003,0.0,39954.0,1.5054429836962615,0.0,0
2.0651178763110325,0.15035615071079134,895.0,6373.0,0.34447236574726875,1.5717695036410033,0.0,39954.0,1.5054429836962615,0.0,0
2.0651181256592963,0.15035615071079134,896.0,6373.0,0.34447261509553256,1.5717695036410033,0.0,39954.0,1.5054429836962615,0.0,0
2.065118372526503,0.15035615071079134,897.0,6373.0,0.3444728619627395,1.571769503641003,0.0,39954.0,1.5054429836962615,0.0,0
2.065118616937341,0.15035615071079134,898.0,6373.0,0.3444731063735769,1.5717695036410038,0.0,39954.0,1.5054429836962615,0.0,0
2.0651188589162492,0.15035615071079134,899.0,6373.0,0.34447334835248566,1.5717695036410035,0.0,39954.0,1.5054429836962615,0.0,0
2.0651190984874277,0.15035615071079134,900.0,6373.0,0.34447358792366417,1.571769503641003,0.0,39954.0,1.5054429836962615,0.0,0
2.065119335674833,0.15035615071079134,901.0,6373.0,0.34447382511106944,1.5717695036410035,0.0,39954.0,1.5054429836962615,0.0,0
2.0651195705021843,0.15035615071079134,902.0,6373.0,0.3444740599384208,1.5717695036410035,0.0,39954.0,1.5054429836962615,0.0,0
2.0651198029929647,0.15035615071079134,903.0,6373.0,0.34447429242920097,1.5717695036410033,0.0,39954.0,1.5054429836962615,0.0,0
2.0651200331704227,0.15035615071079134,904.0,6373.0,0.3444745226066591,1.571769503641004,0.0,39954.0,1.5054429836962615,0.0,0
2.0651202610575767,0.15035615071079134,905.0,6373.0,0.3444747504938133,1.5717695036410035,0.0,39954.0,1.5054429836962615,0.0,0
2.065120486677216,0.15035615071079134,906.0,6373.0,0.34447497611345246,1.571769503641003,0.0,39954.0,1.5054429836962615,0.0,0
2.0651207100519025,0.15035615071079134,907.0,6373.0,0.3444751994881388,1.571769503641003,0.0,39954.0,1.5054429836962615,0.0,0
2.0651209312039733,0.15035615071079134,908.0,6373.0,0.3444754206402096,1.571769503641004,0.0,39954.0,1.5054429836962615,0.0,0
2.0651211501555444,0.15035615071079134,909.0,6373.0,0.34447563959178074,1.5717695036410035,0.0,39954.0,1.5054429836962615,0.0,0
2.0651213669285107,0.15035615071079134,910.0,6373.0,0.3444758563647472,1.5717695036410029,0.0,39954.0,1.5054429836962615,0.0,0
2.06512158154455,0.15035615071079134,911.0,6373.0,0.3444760709807866,1.5717695036410033,0.0,39954.0,1.5054429836962615,0.0,0
2.0651217940251247,0.15035615071079134,912.0,6373.0,0.3444762834613609,1.5717695036410035,0.0,39954.0,1.5054429836962615,0.0,0
2.065122004391482,0.15035615071079134,913.0,6373.0,0.3444764938277182,1.5717695036410035,0.0,39954.0,1.5054429836962615,0.0,0
2.0651222126646585,0.15035615071079134,914.0,6373.0,0.34447670210089515,1.571769503641003,0.0,39954.0,1.5054429836962615,0.0,0
2.065122418865483,0.15035615071079134,915.0,6373.0,0.3444769083017193,1.5717695036410033,0.0,39954.0,1.5054429836962615,0.0,0
2.0651226230145747,0.15035615071079134,916.0,6373.0,0.34447711245081086,1.5717695036410042,0.0,39954.0,1.5054429836962615,0.0,0
2.065122825132349,0.15035615071079134,917.0,6373.0,0.34447731456858527,1.5717695036410038,0.0,39954.0,1.5054429836962615,0.0,0
2.065123025239018,0.15035615071079134,918.0,6373.0,0.34447751467525417,1.5717695036410033,0.0,39954.0,1.5054429836962615,0.0,0
2.065123223354592,0.15035615071079134,919.0,6373.0,0.3444777127908285,1.571769503641003,0.0,39954.0,1.5054429836962615,0.0,0
2.0651234194988835,0.15035615071079134,920.0,6373.0,0.3444779089351198,1.5717695036410038,0.0,39954.0,1.5054429836962615,0.0,0
2.0651236136915063,0.15035615071079134,921.0,6373.0,0.34447810312774285,1.571769503641003,0.0,39954.0,1.5054429836962615,0.0,0
2.0651238059518806,0.15035615071079134,922.0,6373.0,0.3444782953881169,1.5717695036410038,0.0,39954.0,1.5054429836962615,0.0,0
2.0651239962992323,0.15035615071079134,923.0,6373.0,0.34447848573546835,1.5717695036410038,0.0,39954.0,1.5054429836962615,0.0,0
2.065124184752596,0.15035615071079134,924.0,6373.0,0.34447867418883216,1.571769503641003,0.0,39954.0,1.5054429836962615,0.0,0
2.065124371330817,0.15035615071079134,925.0,6373.0,0.34447886076705353,1.5717695036410029,0.0,39954.0,1.5054429836962615,0.0,0
2.065124556052554,0.15035615071079134,926.0,6373.0,0.34447904548879055,1.5717695036410038,0.0,39954.0,1.5054429836962615,0.0,0
2.0651247389362797,0.15035615071079134,927.0,6373.0,0.34447922837251577,1.571769503641004,0.0,39954.0,1.5054429836962615,0.0,0
2.065124920000281,0.15035615071079134,928.0,6373.0,0.3444794094365173,1.5717695036410027,0.0,39954.0,1.5054429836962615,0.0,0
2.0651250992626657,0.15035615071079134,929.0,6373.0,0.3444795886989019,1.5717695036410038,0.0,39954.0,1.5054429836962615,0.0,0
2.0651252767413593,0.15035615071079134,930.0,6373.0,0.3444797661775961,1.5717695036410024,0.0,39954.0,1.5054429836962615,0.0,0
2.0651254524541116,0.15035615071079134,931.0,6373.0,0.3444799418903477,1.5717695036410042,0.0,39954.0,1.5054429836962615,0.0,0
2.065125626418492,0.15035615071079134,932.0,6373.0,0.34448011585472826,1.5717695036410035,0.0,39954.0,1.5054429836962615,0.0,0
2.0651257986518976,0.15035615071079134,933.0,6373.0,0.3444802880881342,1.5717695036410027,0.0,39954.0,1.5054429836962615,0.0,0
2.065125969171553,0.15035615071079134,934.0,6373.0,0.34448045860778936,1.5717695036410035,0.0,39954.0,1.5054429836962615,0.0,0
2.065126137994509,0.15035615071079134,935.0,6373.0,0.3444806274307455,1.5717695036410035,0.0,39954.0,1.5054429836962615,0.0,0
2.0651263051376483,0.15035615071079134,936.0,6373.0,0.3444807945738849,1.571769503641003,0.0,39954.0,1.5054429836962615,0.0,0
2.0651264706176864,0.15035615071079134,937.0,6373.0,0.3444809600539226,1.5717695036410035,0.0,39954.0,1.5054429836962615,0.0,0
2.06512663445117,0.15035615071079134,938.0,6373.0,0.3444811238874063,1.5717695036410038,0.0,39954.0,1.5054429836962615,0.0,0
2.065126796654483,0.15035615071079134,939.0,6373.0,0.3444812860907195,1.571769503641003,0.0,39954.0,1.5054429836962615,0.0,0
2.0651269572438467,0.15035615071079134,940.0,6373.0,0.344481446680083,1.5717695036410033,0.0,39954.0,1.5054429836962615,0.0,0
2.065127116235319,0.15035615071079134,941.0,6373.0,0.3444816056715554,1.5717695036410038,0.0,39954.0,1.5054429836962615,0.0,0
2.0651272736448,0.15035615071079134,942.0,6373.0,0.34448176308103634,1.5717695036410035,0.0,39954.0,1.5054429836962615,0.0,0
2.06512742948803,0.15035615071079134,943.0,6373.0,0.3444819189242668,1.571769503641003,0.0,39954.0,1.5054429836962615,0.0,0
2.065127583780595,0.15035615071079134,944.0,6373.0,0.3444820732168311,1.571769503641004,0.0,39954.0,1.5054429836962615,0.0,0
2.0651277365379226,0.15035615071079134,945.0,6373.0,0.3444822259741589,1.571769503641003,0.0,39954.0,1.5054429836962615,0.0,0
2.0651278877752897,0.15035615071079134,946.0,6373.0,0.3444823772115258,1.571769503641004,0.0,39954.0,1.5054429836962615,0.0,0
2.065128037507819,0.15035615071079134,947.0,6373.0,0.34448252694405573,1.5717695036410033,0.0,39954.0,1.5054429836962615,0.0,0
2.0651281857504857,0.15035615071079134,948.0,6373.0,0.3444826751867221,1.5717695036410027,0.0,39954.0,1.5054429836962615,0.0,0
2.065128332518113,0.15035615071079134,949.0,6373.0,0.34448282195434926,1.5717695036410035,0.0,39954.0,1.5054429836962615,0.0,0
2.065128477825378,0.15035615071079134,950.0,6373.0,0.3444829672616141,1.571769503641003,0.0,39954.0,1.5054429836962615,0.0,0
2.065128621686811,0.15035615071079134,951.0,6373.0,0.34448311112304764,1.5717695036410027,0.0,39954.0,1.5054429836962615,0.0,0
2.0651287641167997,0.15035615071079134,952.0,6373.0,0.3444832535530359,1.571769503641004,0.0,39954.0,1.5054429836962615,0.0,0
2.065128905129586,0.15035615071079134,953.0,6373.0,0.3444833945658222,1.5717695036410035,0.0,39954.0,1.5054429836962615,0.0,0
2.065129044739271,0.15035615071079134,954.0,6373.0,0.34448353417550764,1.5717695036410035,0.0,39954.0,1.5054429836962615,0.0,0
2.0651291829598173,0.15035615071079134,955.0,6373.0,0.3444836723960538,1.5717695036410033,0.0,39954.0,1.5054429836962615,0.0,0
2.0651293198050458,0.15035615071079134,956.0,6373.0,0.34448380924128225,1.5717695036410029,0.0,39954.0,1.5054429836962615,0.0,0
2.0651294552886417,0.15035615071079134,957.0,6373.0,0.3444839447248781,1.571769503641003,0.0,39954.0,1.5054429836962615,0.0,0
2.0651295894241533,0.15035615071079134,958.0,6373.0,0.34448407886038945,1.571769503641003,0.0,39954.0,1.5054429836962615,0.0,0
2.0651297222249942,0.15035615071079134,959.0,6373.0,0.34448421166123044,1.571769503641004,0.0,39954.0,1.5054429836962615,0.0,0
2.0651298537044442,0.15035615071079134,960.0,6373.0,0.3444843431406809,1.5717695036410035,0.0,39954.0,1.5054429836962615,0.0,0
2.0651299838756527,0.15035615071079134,961.0,6373.0,0.34448447331188875,1.571769503641004,0.0,39954.0,1.5054429836962615,0.0,0
2.065130112751635,0.15035615071079134,962.0,6373.0,0.3444846021878718,1.571769503641003,0.0,39954.0,1.5054429836962615,0.0,0
2.0651302403452805,0.15035615071079134,963.0,6373.0,0.344484729781517,1.5717695036410033,0.0,39954.0,1.5054429836962615,0.0,0
2.065130366669348,0.15035615071079134,964.0,6373.0,0.3444848561055845,1.5717695036410033,0.0,39954.0,1.5054429836962615,0.0,0
2.06513049173647,0.15035615071079134,965.0,6373.0,0.3444849811727064,1.5717695036410035,0.0,39954.0,1.5054429836962615,0.0,0
2.0651306155591533,0.15035615071079134,966.0,6373.0,0.3444851049953897,1.5717695036410027,0.0,39954.0,1.5054429836962615,0.0,0
2.0651307381497808,0.15035615071079134,967.0,6373.0,0.3444852275860168,1.5717695036410033,0.0,39954.0,1.5054429836962615,0.0,0
2.06513085952061,0.15035615071079134,968.0,6373.0,0.3444853489568465,1.5717695036410033,0.0,39954.0,1.5054429836962615,0.0,0
2.0651309796837807,0.15035615071079134,969.0,6373.0,0.3444854691200167,1.571769503641003,0.0,39954.0,1.5054429836962615,0.0,0
2.0651310986513067,0.15035615071079134,970.0,6373.0,0.34448558808754287,1.571769503641004,0.0,39954.0,1.5054429836962615,0.0,0
2.065131216435086,0.15035615071079134,971.0,6373.0,0.3444857058713227,1.5717695036410027,0.0,39954.0,1.5054429836962615,0.0,0
2.0651313330468977,0.15035615071079134,972.0,6373.0,0.34448582248313436,1.5717695036410029,0.0,39954.0,1.5054429836962615,0.0,0
2.0651314484984025,0.15035615071079134,973.0,6373.0,0.3444859379346391,1.5717695036410027,0.0,39954.0,1.5054429836962615,0.0,0
2.0651315628011457,0.15035615071079134,974.0,6373.0,0.344486052237382,1.571769503641004,0.0,39954.0,1.5054429836962615,0.0,0
2.0651316759665574,0.15035615071079134,975.0,6373.0,0.3444861654027937,1.571769503641004,0.0,39954.0,1.5054429836962615,0.0,0
2.0651317880059543,0.15035615071079134,976.0,6373.0,0.3444862774421908,1.571769503641003,0.0,39954.0,1.5054429836962615,0.0,0
2.0651318989305407,0.15035615071079134,977.0,6373.0,0.34448638836677725,1.571769503641003,0.0,39954.0,1.5054429836962615,0.0,0
2.065132008751409,0.15035615071079134,978.0,6373.0,0.34448649818764554,1.5717695036410035,0.0,39954.0,1.5054429836962615,0.0,0
2.0651321174795414,0.15035615071079134,979.0,6373.0,0.34448660691577787,1.5717695036410033,0.0,39954.0,1.5054429836962615,0.0,0
2.0651322251258106,0.15035615071079134,980.0,6373.0,0.3444867145620474,1.571769503641003,0.0,39954.0,1.5054429836962615,0.0,0
2.065132331700982,0.15035615071079134,981.0,6373.0,0.3444868211372185,1.5717695036410027,0.0,39954.0,1.5054429836962615,0.0,0
2.0651324372157127,0.15035615071079134,982.0,6373.0,0.34448692665194897,1.571769503641003,0.0,39954.0,1.5054429836962615,0.0,0
2.065132541680554,0.15035615071079134,983.0,6373.0,0.3444870311167905,1.5717695036410035,0.0,39954.0,1.5054429836962615,0.0,0
2.0651326451059533,0.15035615071079134,984.0,6373.0,0.3444871345421893,1.5717695036410035,0.0,39954.0,1.5054429836962615,0.0,0
2.065132747502252,0.15035615071079134,985.0,6373.0,0.3444872369384882,1.5717695036410029,0.0,39954.0,1.5054429836962615,0.0,0
2.0651328488796903,0.15035615071079134,986.0,6373.0,0.34448733831592704,1.5717695036410035,0.0,39954.0,1.5054429836962615,0.0,0
2.065132949248407,0.15035615071079134,987.0,6373.0,0.34448743868464343,1.5717695036410033,0.0,39954.0,1.5054429836962615,0.0,0
2.065133048618438,0.15035615071079134,988.0,6373.0,0.34448753805467436,1.5717695036410035,0.0,39954.0,1.5054429836962615,0.0,0
2.0651331469997207,0.15035615071079134,989.0,6373.0,0.34448763643595687,1.5717695036410038,0.0,39954.0,1.5054429836962615,0.0,0
2.065133244402093,0.15035615071079134,990.0,6373.0,0.3444877338383294,1.571769503641003,0.0,39954.0,1.5054429836962615,0.0,0
2.0651333408352954,0.15035615071079134,991.0,6373.0,0.3444878302715321,1.5717695036410029,0.0,39954.0,1.5054429836962615,0.0,0
2.065133436308972,0.15035615071079134,992.0,6373.0,0.3444879257452083,1.5717695036410035,0.0,39954.0,1.5054429836962615,0.0,0
2.0651335308326693,0.15035615071079134,993.0,6373.0,0.3444880202689058,1.571769503641004,0.0,39954.0,1.5054429836962615,0.0,0
2.0651336244158403,0.15035615071079134,994.0,6373.0,0.34448811385207667,1.5717695036410035,0.0,39954.0,1.5054429836962615,0.0,0
2.065133717067843,0.15035615071079134,995.0,6373.0,0.3444882065040794,1.5717695036410044,0.0,39954.0,1.5054429836962615,0.0,0
2.0651338087979427,0.15035615071079134,996.0,6373.0,0.3444882982341793,1.5717695036410027,0.0,39954.0,1.5054429836962615,0.0,0
2.0651338996153132,0.15035615071079134,997.0,6373.0,0.3444883890515494,1.5717695036410038,0.0,39954.0,1.5054429836962615,0.0,0
2.0651339895290355,0.15035615071079134,998.0,6373.0,0.3444884789652717,1.571769503641003,0.0,39954.0,1.5054429836962615,0.0,0
2.065134078548101,0.15035615071079134,999.0,6373.0,0.3444885679843374,1.5717695036410035,0.0,39954.0,1.5054429836962615,0.0,0
2.0651341666814123,0.15035615071079134,1000.0,6373.0,0.34448865611764873,1.571769503641003,0.0,39954.0,1.5054429836962615,0.0,0
2.0651342539377824,0.15035615071079134,1001.0,6373.0,0.3444887433740188,1.5717695036410027,0.0,39954.0,1.5054429836962615,0.0,0
2.0651343403259372,0.15035615071079134,1002.0,6373.0,0.3444888297621736,1.5717695036410035,0.0,39954.0,1.5054429836962615,0.0,0
2.0651344258545152,0.15035615071079134,1003.0,6373.0,0.34448891529075176,1.5717695036410038,0.0,39954.0,1.5054429836962615,0.0,0
2.06513451053207,0.15035615071079134,1004.0,6373.0,0.34448899996830656,1.5717695036410027,0.0,39954.0,1.5054429836962615,0.0,0
2.0651345943670694,0.15035615071079134,1005.0,6373.0,0.34448908380330556,1.571769503641004,0.0,39954.0,1.5054429836962615,0.0,0
2.0651345943670694,0.15035615071079134,1005.0,6373.0,0.34448908380330556,1.571769503641004,0.0,39954.0,1.5054429836962615,0.0,0
2.0651345943670694,0.15035615071079134,1005.0,6373.0,0.34448908380330556,1.571769503641004,0.0,39954.0,1.5054429836962615,0.0,0
0.39842866611976285,0.058473309814796995,1005.0,12094.0,0.3458206726524195,1.5011415499567966e-16,0.0,39792.0,0.0,0.0,0
0.39842866611976285,0.058473309814796995,1005.0,12094.0,0.3458206726524195,1.5011415499567966e-16,0.0,39792.0,0.0,0.0,0
0.32822942999226584,0.05108685818456327,1006.0,12520.0,0.2830078881551561,1.8437807748810336e-16,0.0,39792.0,0.0,0.0,0
0.3077479107799329,0.05108685818456327,1007.0,12520.0,0.26252636894282333,2.816531672271242e-17,0.0,39792.0,0.0,0.0,0
0.2948192503204969,0.05108685818456327,1008.0,12520.0,0.24959770848338725,2.932917278563442e-18,0.0,39792.0,0.0,0.0,0
0.2850857581011963,0.05108685818456327,1009.0,12520.0,0.23986421626408674,-1.1990045160222452e-16,0.0,39792.0,0.0,0.0,0
0.2769059888697556,0.05108685818456327,1010.0,12520.0,0.231684447032646,6.310427573163088e-17,0.0,39792.0,0.0,0.0,0
0.26964103889601027,0.05108685818456327,1011.0,12520.0,0.22441949705890066,8.507787819959826e-17,0.0,39792.0,0.0,0.0,0
0.26302414483344677,0.05108685818456327,1012.0,12520.0,0.21780260299633725,-7.869994697478569e-17,0.0,39792.0,0.0,0.0,0
0.2567722176564316,0.05093062013833557,1013.0,12541.0,0.2117069138655498,-4.273679463049587e-17,0.0,39792.0,0.0,0.0,0
0.25094230380451465,0.05074784731618685,1014.0,12566.0,0.20605977283578158,3.7289948256020904e-17,0.0,39792.0,0.0,0.0,0
0.24549318979075976,0.05054758194445514,1015.0,12594.0,0.20081092419375823,1.0060371807897775e-16,0.0,39792.0,0.0,0.0,0
0.2404561311021086,0.05040086451729063,1016.0,12615.0,0.19592058293227166,4.101428765737131e-17,0.0,39792.0,0.0,0.0,0
0.2357469523461758,0.05025743499936654,1017.0,12638.0,0.1913548336942629,1.201797770573258e-16,0.0,39792.0,0.0,0.0,0
0.23139134247255352,0.05017291260054003,1018.0,12653.0,0.18708374621946713,1.0851793930684736e-16,0.0,39792.0,0.0,0.0,0
0.22726308078436128,0.050047888732649363,1019.0,12676.0,0.18308050839916565,1.1289403810343408e-17,0.0,39792.0,0.0,0.0,0
0.2234005556975151,0.0499449218321784,1020.0,12696.0,0.1793209502127904,8.982641093632003e-17,0.0,39792.0,0.0,0.0,0
0.21972982985086173,0.04981191978416893,1021.0,12721.0,0.17578322641414648,8.361141956031654e-17,0.0,39792.0,0.0,0.0,0
0.21629925267313435,0.04971699787289365,1022.0,12739.0,0.17244757114769443,-1.8947576704370172e-17,0.0,39792.0,0.0,0.0,0
0.21309387154698511,0.04966309662615758,1023.0,12751.0,0.16929609126828118,2.825842520774618e-17,0.0,39792.0,0.0,0.0,0
0.2097859218183296,0.04933865318980707,1024.0,12784.0,0.16631258497597617,1.085412164281058e-16,0.0,39792.0,0.0,0.0,0
0.20634688311052074,0.04872981967135792,1025.0,12838.0,0.1634823797866165,-3.1284450971343384e-17,0.0,39792.0,0.0,0.0,0
0.20315043012321626,0.04822355978609091,1026.0,12883.0,0.16079218668457904,-1.0940246991466808e-17,0.0,39792.0,0.0,0.0,0
0.20021603331890628,0.047851381231707804,1027.0,12915.0,0.15822996843465217,-3.212242733664722e-18,0.0,39792.0,0.0,0.0,0
0.19725124668597566,0.047331742505581,1028.0,12954.0,0.15578482052784837,1.522323730301977e-17,0.0,39792.0,0.0,0.0,0
0.1946108074301334,0.047029260284089665,1029.0,12977.0,0.15344686349349734,8.88254947222071e-17,0.0,39792.0,0.0,0.0,0
0.19207283382050228,0.04673100469602426,1030.0,13000.0,0.15120714547193176,-8.728920471915006e-18,0.0,39792.0,0.0,0.0,0
0.18964161032597626,0.04644937261092717,1031.0,13022.0,0.1490575540625027,1.0532897369444107e-16,0.0,39792.0,0.0,0.0,0
0.18730947247711097,0.04618405226354616,1032.0,13043.0,0.14699073656101846,9.052472457407323e-17,0.0,39792.0,0.0,0.0,0
0.1851564504866034,0.046021739046996066,1033.0,13056.0,0.145000027787061,5.349082465189516e-17,0.0,39792.0,0.0,0.0,0
0.18295214799636444,0.045738079565337715,1034.0,13079.0,0.1430793847784804,9.215412306216402e-17,0.0,39792.0,0.0,0.0,0
0.18090075013476367,0.04554273878279962,1035.0,13095.0,0.14122332769941778,1.499046609043537e-17,0.0,39792.0,0.0,0.0,0
0.1789115811403753,0.04535001111731404,1036.0,13111.0,0.13942688637051495,5.870489981378573e-17,0.0,39792.0,0.0,0.0,0
0.17696746852087142,0.04514723298204752,1037.0,13128.0,0.13768555188627757,3.8174478863841624e-18,0.0,39792.0,0.0,0.0,0
0.17513559941579074,0.045005682927754254,1038.0,13140.0,0.13599523283549012,7.150731650592773e-17,0.0,39792.0,0.0,0.0,0
0.1732824180354311,0.04479551869623287,1039.0,13158.0,0.13435221568665193,5.819280314610004e-17,0.0,39792.0,0.0,0.0,0
0.1714521911429867,0.044564378548349125,1040.0,13178.0,0.13275312894209126,3.063269157610706e-17,0.0,39792.0,0.0,0.0,0
0.16979098753619115,0.044461393181513285,1041.0,13187.0,0.13119491070213155,-8.659089108139686e-18,0.0,39792.0,0.0,0.0,0
0.16813479360293024,0.0443253306355735,1042.0,13199.0,0.12967477931481045,-1.454820078652501e-17,0.0,39792.0,0.0,0.0,0
0.166482223883624,0.044157333413542804,1043.0,13214.0,0.12819020681753487,4.7438773124700756e-17,0.0,39792.0,0.0,0.0,0
0.16488648232812705,0.04401290377058635,1044.0,13227.0,0.1267388949049944,1.4338706695199052e-17,0.0,39792.0,0.0,0.0,0
0.16332350824357772,0.043870071408091904,1045.0,13240.0,0.12531875318293947,1.771388927767285e-17,0.0,39792.0,0.0,0.0,0
0.16185631912967838,0.043793755986826374,1046.0,13247.0,0.12392787949030568,2.5604833384284017e-18,0.0,39792.0,0.0,0.0,0
0.1603200691422725,0.043620843396859975,1047.0,13263.0,0.12256454209286617,2.534878505044118e-17,0.0,39792.0,0.0,0.0,0
0.15889713142755735,0.04353528420468755,1048.0,13271.0,0.1212271635703235,9.543619715960407e-18,0.0,39792.0,0.0,0.0,0
0.1574146341433582,0.043365644255113175,1049.0,13287.0,0.1199143062356987,7.004085786664601e-17,0.0,39792.0,0.0,0.0,0
0.15599890464204522,0.04323956204828717,1050.0,13299.0,0.1186246589412117,5.0837232828432996e-17,0.0,39792.0,0.0,0.0,0
0.1546583070865848,0.043166598295317944,1051.0,13306.0,0.11735702513872054,3.943144341179739e-17,0.0,39792.0,0.0,0.0,0
0.15327739846778923,0.043032402739900624,1052.0,13319.0,0.11611031207534225,3.3263006278310786e-17,0.0,39792.0,0.0,0.0,0
0.15196872051362162,0.04295051584483505,1053.0,13327.0,0.11488352101624025,2.707129202356574e-17,0.0,39792.0,0.0,0.0,0
0.15064937965452496,0.0428389576051405,1054.0,13338.0,0.11367573839683817,3.323972915705234e-17,0.0,39792.0,0.0,0.0,0
0.14936920874004117,0.04274839727146925,1055.0,13347.0,0.11248612781602559,1.445509230149125e-17,0.0,39792.0,0.0,0.0,0
0.1480674034471577,0.042618797004277835,1056.0,13360.0,0.11131392279033356,5.2233860103939396e-17,0.0,39792.0,0.0,0.0,0
0.14681304805596943,0.042519944206750225,1057.0,13370.0,0.11015842019667291,-2.3975434896193217e-17,0.0,39792.0,0.0,0.0,0
0.14567360219741846,0.042519944206750225,1058.0,13370.0,0.1090189743381219,2.444097732136202e-17,0.0,39792.0,0.0,0.0,0
0.14454961943277564,0.042519944206750225,1059.0,13370.0,0.10789499157347908,3.8314141591392265e-17,0.0,39792.0,0.0,0.0,0
0.14344055331623995,0.042519944206750225,1060.0,13370.0,0.10678592545694342,-9.264294260859126e-18,0.0,39792.0,0.0,0.0,0
0.1423459001986817,0.042519944206750225,1061.0,13370.0,0.10569127233938516,-1.7178515488728733e-17,0.0,39792.0,0.0,0.0,0
0.14126519524658723,0.042519944206750225,1062.0,13370.0,0.10461056738729065,5.232696858897316e-17,0.0,39792.0,0.0,0.0,0
0.14019800883893968,0.042519944206750225,1063.0,13370.0,0.10354338097964312,7.13676537783771e-17,0.0,39792.0,0.0,0.0,0
0.13914394330608015,0.042519944206750225,1064.0,13370.0,0.1024893154467836,7.076244862565764e-18,0.0,39792.0,0.0,0.0,0
0.13810262997801384,0.042519944206750225,1065.0,13370.0,0.1014480021187173,3.440358521997434e-17,0.0,39792.0,0.0,0.0,0
0.13707372651272207,0.042519944206750225,1066.0,13370.0,0.10041909865342552,5.0045810705646036e-17,0.0,39792.0,0.0,0.0,0
0.13605691447784407,0.042519944206750225,1067.0,13370.0,0.09940228661854755,-1.7644057913897532e-17,0.0,39792.0,0.0,0.0,0
0.13505189716162552,0.042519944206750225,1068.0,13370.0,0.09839726930232896,3.947799765431427e-17,0.0,39792.0,0.0,0.0,0
0.1340583975913235,0.042519944206750225,1069.0,13370.0,0.097403769732027,-2.965505248325258e-17,0.0,39792.0,0.0,0.0,0
0.13307615673933715,0.042519944206750225,1070.0,13370.0,0.0964215288800406,1.680608154859369e-17,0.0,39792.0,0.0,0.0,0
0.13210493189920441,0.042519944206750225,1071.0,13370.0,0.09545030403990787,2.2113265195518015e-17,0.0,39792.0,0.0,0.0,0
0.13114449521531207,0.042519944206750225,1072.0,13370.0,0.0944898673560155,7.276428105388349e-17,0.0,39792.0,0.0,0.0,0
0.13019463235169643,0.042519944206750225,1073.0,13370.0,0.09354000449239988,6.573459043383461e-17,0.0,39792.0,0.0,0.0,0
0.1292551412867088,0.042519944206750225,1074.0,13370.0,0.09260051342741227,4.0734962202270026e-17,0.0,39792.0,0.0,0.0,0
0.12832583122157515,0.042519944206750225,1075.0,13370.0,0.0916712033622786,3.491568188766002e-18,0.0,39792.0,0.0,0.0,0
0.12740652159201982,0.042519944206750225,1076.0,13370.0,0.0907518937327233,4.0967733414854426e-18,0.0,39792.0,0.0,0.0,0
0.12649704117315347,0.042519944206750225,1077.0,13370.0,0.08984241331385691,4.553004918150867e-17,0.0,39792.0,0.0,0.0,0
0.12559722726875786,0.042519944206750225,1078.0,13370.0,0.08894259940946132,2.5372062171699617e-17,0.0,39792.0,0.0,0.0,0
0.12470692497694387,0.042519944206750225,1079.0,13370.0,0.08805229711764731,5.539954859508724e-18,0.0,39792.0,0.0,0.0,0
0.12382598652492262,0.042519944206750225,1080.0,13370.0,0.08717135866562606,7.281083529640038e-17,0.0,39792.0,0.0,0.0,0
0.12295427066631968,0.042519944206750225,1081.0,13370.0,0.08629964280702312,5.307183646924324e-18,0.0,39792.0,0.0,0.0,0
0.12209164213509022,0.042519944206750225,1082.0,13370.0,0.08543701427579367,4.068840795975315e-17,0.0,39792.0,0.0,0.0,0
0.12123797115065307,0.042519944206750225,1083.0,13370.0,0.08458334329135653,3.361216309718738e-17,0.0,39792.0,0.0,0.0,0
0.12039313296938038,0.042519944206750225,1084.0,13370.0,0.08373850511008382,5.451501798726652e-17,0.0,39792.0,0.0,0.0,0
0.11955700747803634,0.042519944206750225,1085.0,13370.0,0.0829023796187398,1.9133793674437695e-17,0.0,39792.0,0.0,0.0,0
0.11872947882518195,0.042519944206750225,1086.0,13370.0,0.0820748509658854,1.466458639281721e-17,0.0,39792.0,0.0,0.0,0
0.11791043508693877,0.042519944206750225,1087.0,13370.0,0.08125580722764224,1.5642225485671692e-17,0.0,39792.0,0.0,0.0,0
0.11709976796385028,0.042519944206750225,1088.0,13370.0,0.08044514010455373,5.228041434645628e-17,0.0,39792.0,0.0,0.0,0
0.11629737250588766,0.042519944206750225,1089.0,13370.0,0.07964274464659109,6.852784498484741e-17,0.0,39792.0,0.0,0.0,0
0.11550314686292924,0.042519944206750225,1090.0,13370.0,0.0788485190036327,2.0111432767292174e-17,0.0,39792.0,0.0,0.0,0
0.11471699205829639,0.042519944206750225,1091.0,13370.0,0.07806236419899984,1.8621697006752013e-18,0.0,39792.0,0.0,0.0,0
0.11393881178315798,0.042519944206750225,1092.0,13370.0,0.07728418392386144,5.0744124343399233e-17,0.0,39792.0,0.0,0.0,0
0.11316851220982498,0.042519944206750225,1093.0,13370.0,0.07651388435052839,6.731743467940853e-17,0.0,39792.0,0.0,0.0,0
0.11240600182214408,0.042519944206750225,1094.0,13370.0,0.07575137396284755,-1.489735760540161e-17,0.0,39792.0,0.0,0.0,0
0.11165119126137014,0.042519944206750225,1095.0,13370.0,0.07499656340207356,7.411435408687301e-17,0.0,39792.0,0.0,0.0,0
0.11090399318604928,0.042519944206750225,1096.0,13370.0,0.07424936532675276,8.845306078207207e-18,0.0,39792.0,0.0,0.0,0
0.11016432214458916,0.042519944206750225,1097.0,13370.0,0.07350969428529262,1.1266126689084968e-17,0.0,39792.0,0.0,0.0,0
0.10943209445931203,0.042519944206750225,1098.0,13370.0,0.07277746660001545,3.4263922492423703e-17,0.0,39792.0,0.0,0.0,0
0.10870722812090652,0.042519944206750225,1099.0,13370.0,0.07205260026160996,2.6210038537003458e-17,0.0,39792.0,0.0,0.0,0
0.10798964269229422,0.042519944206750225,1100.0,13370.0,0.07133501483299769,2.96084982407357e-17,0.0,39792.0,0.0,0.0,0
0.10727925922102104,0.042519944206750225,1101.0,13370.0,0.07062463136172448,3.701062280091963e-17,0.0,39792.0,0.0,0.0,0
0.10657600015936892,0.042519944206750225,1102.0,13370.0,0.06992137230007238,3.1517222183927785e-17,0.0,39792.0,0.0,0.0,0
0.10587978929145891,0.042519944206750225,1103.0,13370.0,0.06922516143216235,4.161949281009075e-17,0.0,39792.0,0.0,0.0,0
0.1051905516666865,0.042519944206750225,1104.0,13370.0,0.06853592380738999,-7.914221227869606e-19,0.0,39792.0,0.0,0.0,0
0.1045082135388929,0.042519944206750225,1105.0,13370.0,0.06785358567959636,3.3705271582221145e-17,0.0,39792.0,0.0,0.0,0
0.10383270231073166,0.042519944206750225,1106.0,13370.0,0.06717807445143509,6.429140891581133e-17,0.0,39792.0,0.0,0.0,0
0.10316394648274298,0.042519944206750225,1107.0,13370.0,0.06650931862344642,2.895673884549938e-17,0.0,39792.0,0.0,0.0,0
0.10250187560669319,0.042519944206750225,1108.0,13370.0,0.06584724774739664,1.0800584263916167e-17,0.0,39792.0,0.0,0.0,0
0.10184642024277907,0.042519944206750225,1109.0,13370.0,0.06519179238348251,4.82767494900046e-17,0.0,39792.0,0.0,0.0,0
0.10119751192033495,0.042519944206750225,1110.0,13370.0,0.06454288406103839,3.282074097440042e-17,0.0,39792.0,0.0,0.0,0
0.10055508310171586,0.042519944206750225,1111.0,13370.0,0.06390045524241933,1.0893692748949928e-17,0.0,39792.0,0.0,0.0,0
0.09991906714905865,0.042519944206750225,1112.0,13370.0,0.0632644392897621,2.0344203979876575e-17,0.0,39792.0,0.0,0.0,0
0.09928939829365366,0.042519944206750225,1113.0,13370.0,0.06263477043435714,-4.7019784942048835e-18,0.0,39792.0,0.0,0.0,0
0.09866601160768415,0.042519944206750225,1114.0,13370.0,0.06201138374838762,1.396627275506401e-19,0.0,39792.0,0.0,0.0,0
0.09804884297811282,0.042519944206750225,1115.0,13370.0,0.06139421511881629,1.7597503671380654e-17,0.0,39792.0,0.0,0.0,0
0.09743782908251725,0.042519944206750225,1116.0,13370.0,0.0607832012232207,3.500879037269379e-17,0.0,39792.0,0.0,0.0,0
0.09683290736669381,0.042519944206750225,1117.0,13370.0,0.060178279507397237,4.348166251076595e-17,0.0,39792.0,0.0,0.0,0
0.09623401602386698,0.042519944206750225,1118.0,13370.0,0.059579388164570445,4.078151644478691e-17,0.0,39792.0,0.0,0.0,0
0.09564109397535672,0.042519944206750225,1119.0,13370.0,0.05898646611606024,-2.853775066284746e-17,0.0,39792.0,0.0,0.0,0
0.0950540808525703,0.042519944206750225,1120.0,13370.0,0.05839945299327375,2.2066710953001136e-17,0.0,39792.0,0.0,0.0,0
0.094472916980197,0.042519944206750225,1121.0,13370.0,0.05781828912090046,-1.7364732458796253e-17,0.0,39792.0,0.0,0.0,0
0.09389754336049799,0.042519944206750225,1122.0,13370.0,0.057242915501201426,4.911472585530843e-17,0.0,39792.0,0.0,0.0,0
0.09332790165858984,0.042519944206750225,1123.0,13370.0,0.05667327379929327,3.6312309163166425e-17,0.0,39792.0,0.0,0.0,0
0.09276393418863449,0.042519944206750225,1124.0,13370.0,0.05610930632933793,4.315578281314779e-17,0.0,39792.0,0.0,0.0,0
0.09220558390085226,0.042519944206750225,1125.0,13370.0,0.05555095604155573,1.0847138506433047e-17,0.0,39792.0,0.0,0.0,0
0.09165279436928606,0.042519944206750225,1126.0,13370.0,0.054998166509989475,5.660995890052612e-17,0.0,39792.0,0.0,0.0,0
0.09110179764803301,0.042516232074534366,1127.0,13371.0,0.05445088192095232,3.561399552541323e-17,0.0,39792.0,0.0,0.0,0
0.09055626248788833,0.04251253177324311,1128.0,13372.0,0.05390904706209889,2.5791050354351537e-17,0.0,39792.0,0.0,0.0,0
0.09000883138699062,0.042501540422378276,1129.0,13375.0,0.05337260731206602,3.2727632489366665e-17,0.0,39792.0,0.0,0.0,0
0.08946315922017853,0.04248696693699985,1130.0,13379.0,0.052841508630632354,1.457147790778345e-17,0.0,39792.0,0.0,0.0,0
0.08893010849645057,0.042479727294551024,1131.0,13381.0,0.05231569754935325,9.310848503376007e-19,0.0,39792.0,0.0,0.0,0
0.08840953210972664,0.042479727294551024,1132.0,13381.0,0.0517951211626293,2.467374853394642e-18,0.0,39792.0,0.0,0.0,0
0.08788338594069492,0.04246897516897578,1133.0,13384.0,0.051279727119172835,1.7504395186346894e-17,0.0,39792.0,0.0,0.0,0
0.08735531084604728,0.04245116357966324,1134.0,13389.0,0.050769463613837704,2.3556446713541296e-17,0.0,39792.0,0.0,0.0,0
0.08684303638394675,0.04244407335161657,1135.0,13391.0,0.05026427937978388,9.636728200994167e-18,0.0,39792.0,0.0,0.0,0
0.08632879677962789,0.04242998944613391,1136.0,13395.0,0.04976412368094765,2.5325507929182738e-17,0.0,39792.0,0.0,0.0,0
0.08582311662807145,0.04241948667073085,1137.0,13398.0,0.04926894630479427,3.7243394013504024e-19,0.0,39792.0,0.0,0.0,0
0.08532242092954563,0.04240903972166987,1138.0,13401.0,0.048778697555329445,6.098605769711284e-18,0.0,39792.0,0.0,0.0,0
0.0848266677646545,0.04239865586575852,1139.0,13404.0,0.04829332824634964,1.9273456401988333e-17,0.0,39792.0,0.0,0.0,0
0.08433236903202969,0.042384895684570226,1140.0,13408.0,0.04781278969491315,1.6666418821043053e-17,0.0,39792.0,0.0,0.0,0
0.08384295361167876,0.04237123624411825,1141.0,13412.0,0.04733703371501419,-5.307183646924324e-18,0.0,39792.0,0.0,0.0,0
0.08336513506851508,0.04236443880452286,1142.0,13414.0,0.04686601261144592,-2.0530420949944095e-17,0.0,39792.0,0.0,0.0,0
0.08289203722411269,0.04235767439772885,1143.0,13416.0,0.04639967917383752,-1.0102270626162967e-17,0.0,39792.0,0.0,0.0,0
0.08241354714455346,0.042340876821153346,1144.0,13421.0,0.04593798667085379,6.843473649981365e-18,0.0,39792.0,0.0,0.0,0
0.08195311720455127,0.04233754470746004,1145.0,13422.0,0.04548088884454488,4.413342190600227e-17,0.0,39792.0,0.0,0.0,0
0.08149059163061442,0.04232756807323132,1146.0,13425.0,0.04502833990483678,2.4766857018980176e-17,0.0,39792.0,0.0,0.0,0
0.08103593188771775,0.042320953711019044,1147.0,13427.0,0.04458029452415237,3.6870960073368984e-17,0.0,39792.0,0.0,0.0,0
0.08058250215494245,0.04231111067024108,1148.0,13430.0,0.044136707832155044,1.2383428509490088e-17,0.0,39792.0,0.0,0.0,0
0.08014006563071799,0.04230784656756487,1149.0,13431.0,0.0436975354106068,-7.914221227869606e-18,0.0,39792.0,0.0,0.0,0
0.07970201548997898,0.04230459854909873,1150.0,13432.0,0.043262733288333896,2.6722135204689138e-17,0.0,39792.0,0.0,0.0,0
0.0792650872383867,0.042298145649546745,1151.0,13434.0,0.042832257936293625,4.404031342096851e-17,0.0,39792.0,0.0,0.0,0
0.07882604994869784,0.0422853000334153,1152.0,13438.0,0.04240606626273619,3.0679245818623943e-17,0.0,39792.0,0.0,0.0,0
0.07839770376255425,0.042278904501551154,1153.0,13440.0,0.041984115608456773,2.98412694533201e-17,0.0,39792.0,0.0,0.0,0
0.07797359538424765,0.04227254798956915,1154.0,13442.0,0.04156636374213216,3.4357030977457466e-17,0.0,39792.0,0.0,0.0,0
0.07756000049785393,0.04227254798956915,1155.0,13442.0,0.04115276885573845,3.6964068558402747e-17,0.0,39792.0,0.0,0.0,0
0.0771442289864373,0.0422662557738461,1156.0,13444.0,0.04074328956004489,5.865834557126884e-18,0.0,39792.0,0.0,0.0,0
0.07673569902861552,0.042263130495888396,1157.0,13445.0,0.04033788488018079,1.671297306355993e-17,0.0,39792.0,0.0,0.0,0
0.07632498088240233,0.04225378297858424,1158.0,13448.0,0.03993651425127175,3.398459703732243e-17,0.0,39792.0,0.0,0.0,0
0.07592760414527283,0.04225378297858424,1159.0,13448.0,0.039539137514142245,3.305351218698482e-17,0.0,39792.0,0.0,0.0,0
0.0755341815422123,0.04225378297858424,1160.0,13448.0,0.03914571491108174,4.562315766654243e-18,0.0,39792.0,0.0,0.0,0
0.07514467371280219,0.04225378297858424,1161.0,13448.0,0.03875620708167163,3.8174478863841624e-18,0.0,39792.0,0.0,0.0,0
0.0747590416898013,0.04225378297858424,1162.0,13448.0,0.03837057505867073,1.364039305744585e-17,0.0,39792.0,0.0,0.0,0
0.07437724689508764,0.04225378297858424,1163.0,13448.0,0.03798878026395707,2.2625361863203695e-17,0.0,39792.0,0.0,0.0,0
0.07399925113565445,0.04225378297858424,1164.0,13448.0,0.03761078450452387,3.445013946249122e-17,0.0,39792.0,0.0,0.0,0
0.07362501659965864,0.04225378297858424,1165.0,13448.0,0.037236549968528085,8.379763653038406e-18,0.0,39792.0,0.0,0.0,0
0.07325450585252012,0.04225378297858424,1166.0,13448.0,0.03686603922138956,6.983136377532005e-18,0.0,39792.0,0.0,0.0,0
0.07288768183306987,0.04225378297858424,1167.0,13448.0,0.036499215201939286,3.105167975875898e-17,0.0,39792.0,0.0,0.0,0
0.07252450784974582,0.04225378297858424,1168.0,13448.0,0.03613604121861527,-5.4002921319580835e-18,0.0,39792.0,0.0,0.0,0
0.07216494757683536,0.04225378297858424,1169.0,13448.0,0.03577648094570479,1.522323730301977e-17,0.0,39792.0,0.0,0.0,0
0.0718089650507622,0.04225378297858424,1170.0,13448.0,0.03542049841963163,1.387316427003025e-17,0.0,39792.0,0.0,0.0,0
0.07145652466641766,0.04225378297858424,1171.0,13448.0,0.03506805803528708,4.7578435852251394e-17,0.0,39792.0,0.0,0.0,0
0.0711075911735343,0.04225378297858424,1172.0,13448.0,0.034719124542403716,1.661986457852617e-17,0.0,39792.0,0.0,0.0,0
0.07076212967310169,0.04225378297858424,1173.0,13448.0,0.03437366304197112,2.0483866707427214e-17,0.0,39792.0,0.0,0.0,0
0.07042010561382249,0.04225378297858424,1174.0,13448.0,0.034031638982691945,-1.466458639281721e-17,0.0,39792.0,0.0,0.0,0
0.0700814847886089,0.04225378297858424,1175.0,13448.0,0.033693018157478334,1.8621697006752015e-17,0.0,39792.0,0.0,0.0,0
0.06974623333111761,0.04225378297858424,1176.0,13448.0,0.033357766699987045,4.934749706789284e-18,0.0,39792.0,0.0,0.0,0
0.06941431771232365,0.04225378297858424,1177.0,13448.0,0.033025851081193075,1.536290003057041e-17,0.0,39792.0,0.0,0.0,0
0.0690857047371312,0.04225378297858424,1178.0,13448.0,0.03269723810600062,1.9273456401988333e-17,0.0,39792.0,0.0,0.0,0
0.06876036154102153,0.04225378297858424,1179.0,13448.0,0.03237189490989096,1.1685114871736888e-17,0.0,39792.0,0.0,0.0,0
0.06843825558673704,0.04225378297858424,1180.0,13448.0,0.03204978895560647,1.1173018204051208e-18,0.0,39792.0,0.0,0.0,0
0.0681193546610008,0.04225378297858424,1181.0,13448.0,0.031730888029870244,6.983136377532005e-18,0.0,39792.0,0.0,0.0,0
0.06780362687127105,0.04225378297858424,1182.0,13448.0,0.03141516024014046,1.731817821627937e-17,0.0,39792.0,0.0,0.0,0
0.06749104064253002,0.04225378297858424,1183.0,13448.0,0.031102574011399427,4.506450675633987e-17,0.0,39792.0,0.0,0.0,0
0.06718156471410662,0.04225378297858424,1184.0,13448.0,0.030793098082976082,-1.378005578499649e-17,0.0,39792.0,0.0,0.0,0
0.0668751681365327,0.04225378297858424,1185.0,13448.0,0.030486701505402135,3.3053512186984824e-18,0.0,39792.0,0.0,0.0,0
0.0665718202684315,0.04225378297858424,1186.0,13448.0,0.03018335363730092,2.1880493982933617e-17,0.0,39792.0,0.0,0.0,0
0.06627149077343907,0.04225378297858424,1187.0,13448.0,0.029883024142308482,1.429215245268217e-17,0.0,39792.0,0.0,0.0,0
0.06597414961715733,0.04225378297858424,1188.0,13448.0,0.029585682986026755,1.396627275506401e-17,0.0,39792.0,0.0,0.0,0
0.06567976706413862,0.04225378297858424,1189.0,13448.0,0.029291300433008052,9.962607898612327e-18,0.0,39792.0,0.0,0.0,0
0.06538831367490122,0.04225378297858424,1190.0,13448.0,0.028999847043770673,9.031523048274726e-18,0.0,39792.0,0.0,0.0,0
0.06509976030297561,0.04225378297858424,1191.0,13448.0,0.02871129367184505,-3.7243394013504026e-18,0.0,39792.0,0.0,0.0,0
0.06481407809198088,0.04225378297858424,1192.0,13448.0,0.028425611460850327,9.078077290791606e-18,0.0,39792.0,0.0,0.0,0
0.06453123847273107,0.04225378297858424,1193.0,13448.0,0.028142771841600495,8.146992440454005e-18,0.0,39792.0,0.0,0.0,0
0.06425121316037087,0.04225378297858424,1194.0,13448.0,0.02786274652924032,1.9552781857089615e-18,0.0,39792.0,0.0,0.0,0
0.06397397415154069,0.04225378297858424,1195.0,13448.0,0.02758550752041011,1.9087239431920814e-17,0.0,39792.0,0.0,0.0,0
0.06369949372157012,0.04225378297858424,1196.0,13448.0,0.027311027090439557,8.426317895555286e-18,0.0,39792.0,0.0,0.0,0
0.06342774442170027,0.04225378297858424,1197.0,13448.0,0.0270392777905697,9.543619715960407e-18,0.0,39792.0,0.0,0.0,0
0.06315869907633384,0.04225378297858424,1198.0,13448.0,0.02677023244520329,2.3277121258440016e-19,0.0,39792.0,0.0,0.0,0
0.06289233078031324,0.04225378297858424,1199.0,13448.0,0.026503864149182675,9.031523048274726e-18,0.0,39792.0,0.0,0.0,0
0.06262861289622597,0.04225378297858424,1200.0,13448.0,0.02624014626509539,1.9878661554707773e-17,0.0,39792.0,0.0,0.0,0
0.062367519051737236,0.04225378297858424,1201.0,13448.0,0.025979052420606656,2.1740831255382975e-17,0.0,39792.0,0.0,0.0,0
0.062109023136949534,0.04225378297858424,1202.0,13448.0,0.025720556505818972,5.493400616991844e-18,0.0,39792.0,0.0,0.0,0
0.061853099301788624,0.04225378297858424,1203.0,13448.0,0.025464632670658047,5.307183646924324e-18,0.0,39792.0,0.0,0.0,0
0.06159972195341574,0.04225378297858424,1204.0,13448.0,0.02521125532228518,-1.8621697006752013e-18,0.0,39792.0,0.0,0.0,0
0.06134886575366603,0.04225378297858424,1205.0,13448.0,0.02496039912253546,2.1508060042798574e-17,0.0,39792.0,0.0,0.0,0
0.06110050561651235,0.04225378297858424,1206.0,13448.0,0.02471203898538178,1.1545452144186249e-17,0.0,39792.0,0.0,0.0,0
0.06085461670555481,0.04225378297858424,1207.0,13448.0,0.02446615007442425,1.6573310336009293e-17,0.0,39792.0,0.0,0.0,0
0.06061117443153524,0.04225378297858424,1208.0,13448.0,0.02422270780040466,2.4254760351294496e-17,0.0,39792.0,0.0,0.0,0
0.06037015444987661,0.04225378297858424,1209.0,13448.0,0.02398168781874604,1.680608154859369e-17,0.0,39792.0,0.0,0.0,0
0.06013153265824713,0.04225378297858424,1210.0,13448.0,0.023743066027116573,4.515761524137363e-18,0.0,39792.0,0.0,0.0,0
0.05989528519414866,0.04225378297858424,1211.0,13448.0,0.023506818563018103,8.053883955420245e-18,0.0,39792.0,0.0,0.0,0
0.05966138843252921,0.04225378297858424,1212.0,13448.0,0.02327292180139865,1.424559821016529e-17,0.0,39792.0,0.0,0.0,0
0.05942981898341933,0.04225378297858424,1213.0,13448.0,0.02304135235228876,9.590173958477287e-18,0.0,39792.0,0.0,0.0,0
0.05920055368959214,0.04225378297858424,1214.0,13448.0,0.02281208705846156,1.7457840943830012e-17,0.0,39792.0,0.0,0.0,0
0.05897356962424666,0.04225378297858424,1215.0,13448.0,0.02258510299311608,2.765322005502674e-17,0.0,39792.0,0.0,0.0,0
0.05874884408871433,0.04225378297858424,1216.0,13448.0,0.022360377457583753,2.2346036408102416e-17,0.0,39792.0,0.0,0.0,0
0.05852635461018838,0.04225378297858424,1217.0,13448.0,0.022137887979057823,1.1685114871736888e-17,0.0,39792.0,0.0,0.0,0
0.05830607893947591,0.04225378297858424,1218.0,13448.0,0.021917612308345345,-3.910556371417923e-18,0.0,39792.0,0.0,0.0,0
0.058087995048772316,0.04225378297858424,1219.0,13448.0,0.02169952841764175,1.6852635791110572e-17,0.0,39792.0,0.0,0.0,0
0.057872081129457915,0.04225378297858424,1220.0,13448.0,0.021483614498327353,2.1880493982933617e-18,0.0,39792.0,0.0,0.0,0
0.05765831558991667,0.04225378297858424,1221.0,13448.0,0.021269848958786093,2.3556446713541296e-17,0.0,39792.0,0.0,0.0,0
0.05744667705337648,0.04225378297858424,1222.0,13448.0,0.021058210422245913,9.822945171061688e-18,0.0,39792.0,0.0,0.0,0
0.05723714435577115,0.04225378297858424,1223.0,13448.0,0.020848677724640573,1.652675609349241e-17,0.0,39792.0,0.0,0.0,0
0.05702969654362358,0.04225378297858424,1224.0,13448.0,0.020641229912492988,4.087462492982067e-17,0.0,39792.0,0.0,0.0,0
0.056824312871949986,0.04225378297858424,1225.0,13448.0,0.02043584624081943,8.845306078207207e-18,0.0,39792.0,0.0,0.0,0
0.05662097280218533,0.04225378297858424,1226.0,13448.0,0.020232506171054775,8.100438197937125e-18,0.0,39792.0,0.0,0.0,0
0.05641965600012889,0.04225378297858424,1227.0,13448.0,0.02003118936899832,4.7485327367217634e-18,0.0,39792.0,0.0,0.0,0
0.05622034233391076,0.04225378297858424,1228.0,13448.0,0.019831875702780166,3.063269157610706e-17,0.0,39792.0,0.0,0.0,0
0.056023011871978334,0.04225378297858424,1229.0,13448.0,0.019634545240847758,1.601465942580673e-17,0.0,39792.0,0.0,0.0,0
0.055827644881103006,0.04225378297858424,1230.0,13448.0,0.01943917824997245,-8.752197593173447e-18,0.0,39792.0,0.0,0.0,0
0.05563422182440668,0.04225378297858424,1231.0,13448.0,0.01924575519327611,1.6433647608458652e-17,0.0,39792.0,0.0,0.0,0
0.05544272335940774,0.04225378297858424,1232.0,13448.0,0.01905425672827717,1.1638560629220008e-17,0.0,39792.0,0.0,0.0,0
0.05525313033608681,0.04225378297858424,1233.0,13448.0,0.018864663704956226,2.6396255507070978e-17,0.0,39792.0,0.0,0.0,0
0.05506542379497149,0.04225378297858424,1234.0,13448.0,0.01867695716384092,8.612534865622806e-18,0.0,39792.0,0.0,0.0,0
0.0548795849652404,0.04225378297858424,1235.0,13448.0,0.018491118334109807,2.2578807620686817e-17,0.0,39792.0,0.0,0.0,0
0.05469559526284575,0.04225378297858424,1236.0,13448.0,0.018307128631715193,-6.610702437396965e-18,0.0,39792.0,0.0,0.0,0
0.05451343628865517,0.04225378297858424,1237.0,13448.0,0.01812496965752459,2.0902854890079134e-17,0.0,39792.0,0.0,0.0,0
0.05433308982661127,0.04225378297858424,1238.0,13448.0,0.01794462319548069,1.3454176087378329e-17,0.0,39792.0,0.0,0.0,0
0.05415453784191028,0.04225378297858424,1239.0,13448.0,0.01776607121077972,3.1191342486309624e-18,0.0,39792.0,0.0,0.0,0
0.05397776247919834,0.04225378297858424,1240.0,13448.0,0.017589295848067787,-7.355570317667045e-18,0.0,39792.0,0.0,0.0,0
0.0538027460607859,0.04225378297858424,1241.0,13448.0,0.017414279429655323,1.0241933353713607e-17,0.0,39792.0,0.0,0.0,0
0.053629471084879816,0.04225378297858424,1242.0,13448.0,0.017241004453749247,1.8435480036684492e-17,0.0,39792.0,0.0,0.0,0
0.05345792022383323,0.04225378297858424,1243.0,13448.0,0.017069453592702653,2.4115097623743858e-17,0.0,39792.0,0.0,0.0,0
0.053288076322412614,0.04225378297858424,1244.0,13448.0,0.016899609691282052,2.886363036046562e-18,0.0,39792.0,0.0,0.0,0
0.05311992239608235,0.04225378297858424,1245.0,13448.0,0.016731455764951757,2.1508060042798574e-17,0.0,39792.0,0.0,0.0,0
0.05295344162930595,0.04225378297858424,1246.0,13448.0,0.016564974998175386,5.0744124343399235e-18,0.0,39792.0,0.0,0.0,0
0.05278861737386481,0.04225378297858424,1247.0,13448.0,0.016400150742734234,1.8575142764235133e-17,0.0,39792.0,0.0,0.0,0
0.052625433147193,0.04225378297858424,1248.0,13448.0,0.016236966516062434,1.0474704566298008e-17,0.0,39792.0,0.0,0.0,0
0.052463872630729214,0.04225378297858424,1249.0,13448.0,0.016075405999598648,-1.489735760540161e-18,0.0,39792.0,0.0,0.0,0
0.05230391966828474,0.04225378297858424,1250.0,13448.0,0.015915453037154165,2.3044350045855616e-17,0.0,39792.0,0.0,0.0,0
0.05214555826442779,0.04225378297858424,1251.0,13448.0,0.015757091633297235,-4.562315766654243e-18,0.0,39792.0,0.0,0.0,0
0.051988772582884084,0.04225378297858424,1252.0,13448.0,0.015600305951753522,-2.932917278563442e-18,0.0,39792.0,0.0,0.0,0
0.051833546944952985,0.04225378297858424,1253.0,13448.0,0.015445080313822412,1.6433647608458652e-17,0.0,39792.0,0.0,0.0,0
0.0516798658279397,0.04225378297858424,1254.0,13448.0,0.015291399196809127,1.578188821322233e-17,0.0,39792.0,0.0,0.0,0
0.05152771386360299,0.04225378297858424,1255.0,13448.0,0.015139247232472423,6.3313769822956846e-18,0.0,39792.0,0.0,0.0,0
0.051377075836618304,0.04225378297858424,1256.0,13448.0,0.01498860920548774,4.562315766654243e-18,0.0,39792.0,0.0,0.0,0
0.05122793668305622,0.04225378297858424,1257.0,13448.0,0.014839470051925633,2.756011156999298e-17,0.0,39792.0,0.0,0.0,0
0.05108028148887595,0.04225378297858424,1258.0,13448.0,0.01469181485774539,1.7550949428863772e-17,0.0,39792.0,0.0,0.0,0
0.05093409548843409,0.04225378297858424,1259.0,13448.0,0.014545628857303523,7.774558500318966e-18,0.0,39792.0,0.0,0.0,0
0.05078936406300787,0.04225378297858424,1260.0,13448.0,0.014400897431877297,1.661986457852617e-17,0.0,39792.0,0.0,0.0,0
0.050646072739333324,0.04225378297858424,1261.0,13448.0,0.014257606108202751,1.396627275506401e-17,0.0,39792.0,0.0,0.0,0
0.050504207188157936,0.04225378297858424,1262.0,13448.0,0.01411574055702736,2.3277121258440017e-17,0.0,39792.0,0.0,0.0,0
0.05036375322280769,0.04225378297858424,1263.0,13448.0,0.013975286591677136,1.6759527306076811e-18,0.0,39792.0,0.0,0.0,0
0.05022469679776846,0.04225378297858424,1264.0,13448.0,0.013836230166637885,1.252309123704073e-17,0.0,39792.0,0.0,0.0,0
0.05008702400728127,0.04225378297858424,1265.0,13448.0,0.013698557376150692,2.0204541252325934e-17,0.0,39792.0,0.0,0.0,0
0.04995072108395187,0.04225378297858424,1266.0,13448.0,0.01356225445282129,1.8342371551650732e-17,0.0,39792.0,0.0,0.0,0
0.04981577439737388,0.04225378297858424,1267.0,13448.0,0.013427307766243301,1.8063046096549453e-17,0.0,39792.0,0.0,0.0,0
0.049682170452765795,0.04225378297858424,1268.0,13448.0,0.013293703821635224,1.9552781857089613e-17,0.0,39792.0,0.0,0.0,0
0.04954989588962146,0.04225378297858424,1269.0,13448.0,0.013161429258490892,1.364039305744585e-17,0.0,39792.0,0.0,0.0,0
0.049418937480374,0.04225378297858424,1270.0,13448.0,0.01303047084924343,2.1321843072731055e-17,0.0,39792.0,0.0,0.0,0
0.049289282129073055,0.04225378297858424,1271.0,13448.0,0.012900815497942484,6.983136377532005e-18,0.0,39792.0,0.0,0.0,0
0.049160916870075184,0.04225378297858424,1272.0,13448.0,0.012772450238944614,7.634895772768325e-18,0.0,39792.0,0.0,0.0,0
0.04903382886674728,0.04225378297858424,1273.0,13448.0,0.012645362235616704,1.4338706695199052e-17,0.0,39792.0,0.0,0.0,0
0.04890800541018285,0.04225378297858424,1274.0,13448.0,0.012519538779052288,9.962607898612327e-18,0.0,39792.0,0.0,0.0,0
0.04878343391793122,0.04225378297858424,1275.0,13448.0,0.012394967286800652,7.262461832633286e-18,0.0,39792.0,0.0,0.0,0
0.04866010193273916,0.04225378297858424,1276.0,13448.0,0.012271635301608595,7.215907590116406e-18,0.0,39792.0,0.0,0.0,0
0.0485379971213052,0.04225378297858424,1277.0,13448.0,0.012149530490174646,2.793254551012802e-19,0.0,39792.0,0.0,0.0,0
0.048417107273046316,0.04225378297858424,1278.0,13448.0,0.012028640641915765,-7.355570317667045e-18,0.0,39792.0,0.0,0.0,0
0.04829742029887682,0.04225378297858424,1279.0,13448.0,0.011908953667746245,1.6945744276144332e-17,0.0,39792.0,0.0,0.0,0
0.04817892422999939,0.04225378297858424,1280.0,13448.0,0.011790457598868823,7.169353347599526e-18,0.0,39792.0,0.0,0.0,0
0.04806160721670831,0.04225378297858424,1281.0,13448.0,0.011673140585577738,1.308174214724329e-17,0.0,39792.0,0.0,0.0,0
0.047945457527204347,0.04225378297858424,1282.0,13448.0,0.011556990896073793,-9.636728200994167e-18,0.0,39792.0,0.0,0.0,0
0.047830463546421745,0.04225378297858424,1283.0,13448.0,0.011441996915291172,1.1359235174118727e-17,0.0,39792.0,0.0,0.0,0
0.047716613774866454,0.04225378297858424,1284.0,13448.0,0.011328147143735885,9.171185775825366e-18,0.0,39792.0,0.0,0.0,0
0.047603896827466394,0.04225378297858424,1285.0,13448.0,0.011215430196335823,1.391971851254713e-17,0.0,39792.0,0.0,0.0,0
0.04749230143243282,0.04225378297858424,1286.0,13448.0,0.011103834801302245,1.601465942580673e-17,0.0,39792.0,0.0,0.0,0
0.047381816430133165,0.04225378297858424,1287.0,13448.0,0.0109933497990026,3.910556371417923e-18,0.0,39792.0,0.0,0.0,0
0.047272430771975085,0.04225378297858424,1288.0,13448.0,0.010883964140844525,-8.379763653038406e-19,0.0,39792.0,0.0,0.0,0
0.04716413351930159,0.04225378297858424,1289.0,13448.0,0.010775666888171005,2.1461505800281696e-17,0.0,39792.0,0.0,0.0,0
0.047056913842297036,0.04225378297858424,1290.0,13448.0,0.01066844721116648,-7.402124560183925e-18,0.0,39792.0,0.0,0.0,0
0.04695076101890443,0.04225378297858424,1291.0,13448.0,0.010562294387773853,2.0064878524775293e-17,0.0,39792.0,0.0,0.0,0
0.04684566443375287,0.04225378297858424,1292.0,13448.0,0.010457197802622293,1.0800584263916167e-17,0.0,39792.0,0.0,0.0,0
0.04674161357709625,0.04225378297858424,1293.0,13448.0,0.010353146945965671,1.8947576704370172e-17,0.0,39792.0,0.0,0.0,0
0.04663859804376215,0.04225378297858424,1294.0,13448.0,0.01025013141263158,1.2104103054388809e-17,0.0,39792.0,0.0,0.0,0
0.04653660753211137,0.04225378297858424,1295.0,13448.0,0.010148140900980809,5.120966676856803e-19,0.0,39792.0,0.0,0.0,0
0.046435631843007745,0.04225378297858424,1296.0,13448.0,0.010047165211877183,6.517593952363205e-18,0.0,39792.0,0.0,0.0,0
0.04633566087879821,0.04225378297858424,1297.0,13448.0,0.009947194247667619,2.676868944720602e-17,0.0,39792.0,0.0,0.0,0
0.046236684642302954,0.04225378297858424,1298.0,13448.0,0.009848218011172371,2.793254551012802e-17,0.0,39792.0,0.0,0.0,0
0.046138693235815854,0.04225378297858424,1299.0,13448.0,0.009750226604685296,2.607037580945282e-18,0.0,39792.0,0.0,0.0,0
0.04604167686011461,0.04225378297858424,1300.0,13448.0,0.009653210228984053,4.7485327367217634e-18,0.0,39792.0,0.0,0.0,0
0.04594562581348078,0.04225378297858424,1301.0,13448.0,0.00955715918235021,8.053883955420245e-18,0.0,39792.0,0.0,0.0,0
0.045850530490729645,0.04225378297858424,1302.0,13448.0,0.009462063859599064,2.2346036408102416e-17,0.0,39792.0,0.0,0.0,0
0.045756381382249654,0.04225378297858424,1303.0,13448.0,0.009367914751119076,1.531634578805353e-17,0.0,39792.0,0.0,0.0,0
0.0456631690730515,0.04225378297858424,1304.0,13448.0,0.009274702441920921,2.3975434896193217e-17,0.0,39792.0,0.0,0.0,0
0.04557088424182657,0.04225378297858424,1305.0,13448.0,0.009182417610696,1.8621697006752015e-17,0.0,39792.0,0.0,0.0,0
0.04547951766001484,0.04225378297858424,1306.0,13448.0,0.009091051028884271,5.539954859508724e-18,0.0,39792.0,0.0,0.0,0
0.045389060190881965,0.04225378297858424,1307.0,13448.0,0.009000593559751413,-9.264294260859126e-18,0.0,39792.0,0.0,0.0,0
0.045299502788605686,0.04225378297858424,1308.0,13448.0,0.008911036157475112,1.2802416692142009e-17,0.0,39792.0,0.0,0.0,0
0.045210836497371086,0.04225378297858424,1309.0,13448.0,0.008822369866240515,1.2197211539422569e-17,0.0,39792.0,0.0,0.0,0
0.04512305245047517,0.04225378297858424,1310.0,13448.0,0.008734585819344606,-6.517593952363205e-18,0.0,39792.0,0.0,0.0,0
0.0450361418694401,0.04225378297858424,1311.0,13448.0,0.00864767523830952,1.252309123704073e-17,0.0,39792.0,0.0,0.0,0
0.04495009606313531,0.04225378297858424,1312.0,13448.0,0.008561629432004732,1.429215245268217e-17,0.0,39792.0,0.0,0.0,0
0.04486490642690847,0.04225378297858424,1313.0,13448.0,0.008476439795777906,4.515761524137363e-18,0.0,39792.0,0.0,0.0,0
0.04478056444172499,0.04225378297858424,1314.0,13448.0,0.008392097810594419,1.457147790778345e-17,0.0,39792.0,0.0,0.0,0
0.04469706167331603,0.04225378297858424,1315.0,13448.0,0.008308595042185465,8.845306078207207e-18,0.0,39792.0,0.0,0.0,0
0.04461438977133518,0.04225378297858424,1316.0,13448.0,0.008225923140204611,4.934749706789284e-18,0.0,39792.0,0.0,0.0,0
0.04453254046852334,0.04225378297858424,1317.0,13448.0,0.008144073837392761,1.2802416692142009e-17,0.0,39792.0,0.0,0.0,0
0.04445150557988201,0.04225378297858424,1318.0,13448.0,0.008063038948751433,2.513929095911522e-17,0.0,39792.0,0.0,0.0,0
0.04437127700185479,0.04225378297858424,1319.0,13448.0,0.007982810370724224,3.1656884911478423e-18,0.0,39792.0,0.0,0.0,0
0.04429184671151704,0.04225378297858424,1320.0,13448.0,0.00790338008038647,6.0520515271944044e-18,0.0,39792.0,0.0,0.0,0
0.04421320676577351,0.04225378297858424,1321.0,13448.0,0.007824740134642951,3.3519054612153623e-18,0.0,39792.0,0.0,0.0,0
0.04413534930056412,0.04225378297858424,1322.0,13448.0,0.0077468826694335495,1.9738998827157135e-17,0.0,39792.0,0.0,0.0,0
0.04405826653007743,0.04225378297858424,1323.0,13448.0,0.007669799898946857,4.608870009171123e-18,0.0,39792.0,0.0,0.0,0
0.04398195074597218,0.04225378297858424,1324.0,13448.0,0.007593484114841604,2.3928880653676338e-17,0.0,39792.0,0.0,0.0,0
0.04390639431660633,0.04225378297858424,1325.0,13448.0,0.007517927685475767,1.2569645479557609e-18,0.0,39792.0,0.0,0.0,0
0.043831589686274014,0.04225378297858424,1326.0,13448.0,0.007443123055143451,1.0614367293848647e-17,0.0,39792.0,0.0,0.0,0
0.04375752937444985,0.04225378297858424,1327.0,13448.0,0.007369062743319281,1.2662753964591369e-17,0.0,39792.0,0.0,0.0,0
0.04368420597504093,0.04225378297858424,1328.0,13448.0,0.007295739343910365,-3.3053512186984824e-18,0.0,39792.0,0.0,0.0,0
0.043611612155646226,0.04225378297858424,1329.0,13448.0,0.007223145524515647,2.3509892471024418e-17,0.0,39792.0,0.0,0.0,0
0.04353974065682327,0.04225378297858424,1330.0,13448.0,0.0071512740256927,1.7597503671380654e-17,0.0,39792.0,0.0,0.0,0
0.04346858429136231,0.04225378297858424,1331.0,13448.0,0.0070801176602317386,1.2336874266973208e-17,0.0,39792.0,0.0,0.0,0
0.043398135943567506,0.04225378297858424,1332.0,13448.0,0.007009669312436928,1.499046609043537e-17,0.0,39792.0,0.0,0.0,0
0.04332838856854534,0.04225378297858424,1333.0,13448.0,0.006939921937414775,3.4450139462491224e-18,0.0,39792.0,0.0,0.0,0
0.04325933519150023,0.04225378297858424,1334.0,13448.0,0.006870868560369657,2.1414951557764815e-18,0.0,39792.0,0.0,0.0,0
0.04319096890703689,0.04225378297858424,1335.0,13448.0,0.006802502275906325,2.886363036046562e-18,0.0,39792.0,0.0,0.0,0
0.043123282878469935,0.04225378297858424,1336.0,13448.0,0.006734816247339363,1.0986801233983688e-17,0.0,39792.0,0.0,0.0,0
0.043056270337140067,0.04225378297858424,1337.0,13448.0,0.006667803706009495,1.0893692748949928e-17,0.0,39792.0,0.0,0.0,0
0.04298992458173734,0.04225378297858424,1338.0,13448.0,0.006601457950606759,9.357402745892887e-18,0.0,39792.0,0.0,0.0,0
0.042924238977630896,0.04225378297858424,1339.0,13448.0,0.006535772346500321,1.256964547955761e-17,0.0,39792.0,0.0,0.0,0
0.0428592069562056,0.04225378297858424,1340.0,13448.0,0.00647074032507503,4.189881826519203e-18,0.0,39792.0,0.0,0.0,0
0.04279482201420511,0.04225378297858424,1341.0,13448.0,0.006406355383074547,7.309016075150166e-18,0.0,39792.0,0.0,0.0,0
0.04273107771308159,0.04225378297858424,1342.0,13448.0,0.006342611081951024,1.0940246991466808e-17,0.0,39792.0,0.0,0.0,0
0.04266796767835179,0.04225378297858424,1343.0,13448.0,0.0062795010472212216,9.171185775825366e-18,0.0,39792.0,0.0,0.0,0
0.04260548559895966,0.04225378297858424,1344.0,13448.0,0.006217018967829085,1.592155094077297e-17,0.0,39792.0,0.0,0.0,0
0.042543625226645156,0.04225378297858424,1345.0,13448.0,0.006155158595514594,3.910556371417923e-18,0.0,39792.0,0.0,0.0,0
0.04248238037531953,0.04225378297858424,1346.0,13448.0,0.006093913744188972,4.841641221755523e-18,0.0,39792.0,0.0,0.0,0
0.04242174492044662,0.04225378297858424,1347.0,13448.0,0.006033278289316051,6.238268497261925e-18,0.0,39792.0,0.0,0.0,0
0.04236171279843039,0.04225378297858424,1348.0,13448.0,0.005973246167299808,1.1173018204051208e-17,0.0,39792.0,0.0,0.0,0
0.04230227800600859,0.04225378297858424,1349.0,13448.0,0.005913811374878024,1.6759527306076811e-18,0.0,39792.0,0.0,0.0,0
0.0422434345996525,0.04225378297858424,1350.0,13448.0,0.0058549679685219146,1.9366564887022093e-17,0.0,39792.0,0.0,0.0,0
0.04218517669497239,0.04225378297858424,1351.0,13448.0,0.0057967100638418225,1.2895525177175769e-17,0.0,39792.0,0.0,0.0,0
0.04212749846612929,0.04225378297858424,1352.0,13448.0,0.005739031834998718,8.379763653038406e-18,0.0,39792.0,0.0,0.0,0
0.04207039414525223,0.04225378297858424,1353.0,13448.0,0.005681927514121657,1.517668306050289e-17,0.0,39792.0,0.0,0.0,0
0.04201385802186153,0.04225378297858424,1354.0,13448.0,0.005625391390730964,3.3984597037322425e-18,0.0,39792.0,0.0,0.0,0
0.04195788444229774,0.04225378297858424,1355.0,13448.0,0.005569417811167188,-7.355570317667045e-18,0.0,39792.0,0.0,0.0,0
0.04190246780915628,0.04225378297858424,1356.0,13448.0,0.005514001178025724,-3.0260257635972022e-18,0.0,39792.0,0.0,0.0,0
0.04184760258072766,0.04225378297858424,1357.0,13448.0,0.005459135949597078,2.0204541252325934e-17,0.0,39792.0,0.0,0.0,0
0.04179328327044326,0.04225378297858424,1358.0,13448.0,0.005404816639312695,5.4002921319580835e-18,0.0,39792.0,0.0,0.0,0
0.04173950444632684,0.04225378297858424,1359.0,13448.0,0.005351037815196266,1.9645890342123375e-17,0.0,39792.0,0.0,0.0,0
0.04168626073045115,0.04225378297858424,1360.0,13448.0,0.005297794099320571,1.0055716383646087e-17,0.0,39792.0,0.0,0.0,0
0.04163354679840023,0.04225378297858424,1361.0,13448.0,0.005245080167269654,1.396627275506401e-17,0.0,39792.0,0.0,0.0,0
0.04158135737873694,0.04225378297858424,1362.0,13448.0,0.005192890747606379,9.310848503376006e-20,0.0,39792.0,0.0,0.0,0
0.041529687252475855,0.04225378297858424,1363.0,13448.0,0.0051412206213452835,7.728004257802086e-18,0.0,39792.0,0.0,0.0,0
0.041478531252561256,0.04225378297858424,1364.0,13448.0,0.00509006462143069,5.4002921319580835e-18,0.0,39792.0,0.0,0.0,0
0.04142788426335055,0.04225378297858424,1365.0,13448.0,0.0050394176322199735,1.331451335982769e-17,0.0,39792.0,0.0,0.0,0
0.04137774122010257,0.04225378297858424,1366.0,13448.0,0.004989274588972009,-8.100438197937125e-18,0.0,39792.0,0.0,0.0,0
0.04132809710847125,0.04225378297858424,1367.0,13448.0,0.0049396304773406865,-4.0967733414854426e-18,0.0,39792.0,0.0,0.0,0
0.041278946964004026,0.04225378297858424,1368.0,13448.0,0.004890480332873467,-5.586509102025604e-18,0.0,39792.0,0.0,0.0,0
0.04123028587164553,0.04225378297858424,1369.0,13448.0,0.004841819240514953,1.396627275506401e-17,0.0,39792.0,0.0,0.0,0
0.04118210896524593,0.04225378297858424,1370.0,13448.0,0.004793642334115353,1.540945427308729e-17,0.0,39792.0,0.0,0.0,0
0.04113441142707444,0.04225378297858424,1371.0,13448.0,0.0047459447959438805,4.236436069036083e-18,0.0,39792.0,0.0,0.0,0
0.04108718848733754,0.04225378297858424,1372.0,13448.0,0.004698721856206963,1.7131961246211852e-17,0.0,39792.0,0.0,0.0,0
0.04104043542370186,0.04225378297858424,1373.0,13448.0,0.004651968792571288,4.189881826519203e-18,0.0,39792.0,0.0,0.0,0
0.04099414756082209,0.04225378297858424,1374.0,13448.0,0.00460568092969152,1.1033355476500568e-17,0.0,39792.0,0.0,0.0,0
0.040948320269873356,0.04225378297858424,1375.0,13448.0,0.004559853638742803,-7.076244862565764e-18,0.0,39792.0,0.0,0.0,0
0.04090294896808844,0.04225378297858424,1376.0,13448.0,0.004514482336957852,2.835153369277994e-17,0.0,39792.0,0.0,0.0,0
0.04085802911829924,0.04225378297858424,1377.0,13448.0,0.004469562487168677,4.329544554069843e-18,0.0,39792.0,0.0,0.0,0
0.04081355622848345,0.04225378297858424,1378.0,13448.0,0.004425089597352867,1.8714805491785774e-17,0.0,39792.0,0.0,0.0,0
0.04076952585131495,0.04225378297858424,1379.0,13448.0,0.00438105922018438,9.590173958477287e-18,0.0,39792.0,0.0,0.0,0
0.04072593358371936,0.04225378297858424,1380.0,13448.0,0.004337466952588803,6.936582135015125e-18,0.0,39792.0,0.0,0.0,0
0.040682775066433634,0.04225378297858424,1381.0,13448.0,0.004294308435303058,1.661986457852617e-17,0.0,39792.0,0.0,0.0,0
0.04064004598357001,0.04225378297858424,1382.0,13448.0,0.0042515793524394415,7.541787287734565e-18,0.0,39792.0,0.0,0.0,0
0.04059774206218463,0.04225378297858424,1383.0,13448.0,0.004209275431054062,8.286655168004646e-18,0.0,39792.0,0.0,0.0,0
0.040555859071850095,0.04225378297858424,1384.0,13448.0,0.004167392440719533,-6.7503651649476044e-18,0.0,39792.0,0.0,0.0,0
0.040514392824232484,0.04225378297858424,1385.0,13448.0,0.004125926193101912,6.843473649981365e-18,0.0,39792.0,0.0,0.0,0
0.040473339172672464,0.04225378297858424,1386.0,13448.0,0.004084872541541885,1.1731669114253768e-17,0.0,39792.0,0.0,0.0,0
0.040432694011770666,0.04225378297858424,1387.0,13448.0,0.004044227380640086,1.9413119129538974e-17,0.0,39792.0,0.0,0.0,0
0.04039245327697711,0.04225378297858424,1388.0,13448.0,0.00400398664584655,2.653591823462162e-18,0.0,39792.0,0.0,0.0,0
0.04035261294418484,0.04225378297858424,1389.0,13448.0,0.003964146313054266,9.683282443511046e-18,0.0,39792.0,0.0,0.0,0
0.04031316902932732,0.04225378297858424,1390.0,13448.0,0.003924702398196755,1.322140487479393e-17,0.0,39792.0,0.0,0.0,0
0.04027411758798024,0.04225378297858424,1391.0,13448.0,0.0038856509568496577,2.2671916105720576e-17,0.0,39792.0,0.0,0.0,0
0.040235454714966874,0.04225378297858424,1392.0,13448.0,0.0038469880838362986,1.2895525177175769e-17,0.0,39792.0,0.0,0.0,0
0.04019717654396773,0.04225378297858424,1393.0,13448.0,0.0038087099128371596,4.422653039103603e-18,0.0,39792.0,0.0,0.0,0
0.040159279247133806,0.04225378297858424,1394.0,13448.0,0.003770812616003236,5.586509102025604e-18,0.0,39792.0,0.0,0.0,0
0.040121759034703844,0.04225378297858424,1395.0,13448.0,0.00373329240357327,1.671297306355993e-17,0.0,39792.0,0.0,0.0,0
0.040084612154625325,0.04225378297858424,1396.0,13448.0,0.003696145523494751,1.9273456401988333e-17,0.0,39792.0,0.0,0.0,0
0.04004783489217928,0.04225378297858424,1397.0,13448.0,0.003659368261048709,9.078077290791606e-18,0.0,39792.0,0.0,0.0,0
0.04001142356960882,0.04225378297858424,1398.0,13448.0,0.003622956938478256,1.3361067602344569e-17,0.0,39792.0,0.0,0.0,0
0.03997537454575137,0.04225378297858424,1399.0,13448.0,0.0035869079146207926,7.541787287734565e-18,0.0,39792.0,0.0,0.0,0
0.03993968421567446,0.04225378297858424,1400.0,13448.0,0.0035512175845438905,1.252309123704073e-17,0.0,39792.0,0.0,0.0,0
0.03990434901031537,0.04225378297858424,1401.0,13448.0,0.003515882379184802,1.0335041838747367e-17,0.0,39792.0,0.0,0.0,0
0.039869365396124117,0.04225378297858424,1402.0,13448.0,0.003480898764993543,1.415248972513153e-17,0.0,39792.0,0.0,0.0,0
0.03983472987471011,0.04225378297858424,1403.0,13448.0,0.0034462632435795456,8.379763653038406e-19,0.0,39792.0,0.0,0.0,0
0.03980043898249236,0.04225378297858424,1404.0,13448.0,0.0034119723513617944,4.655424251688003e-19,0.0,39792.0,0.0,0.0,0
0.03976648929035308,0.04225378297858424,1405.0,13448.0,0.0033780226592225004,1.9692444584640254e-17,0.0,39792.0,0.0,0.0,0
0.03973287740329474,0.04225378297858424,1406.0,13448.0,0.0033444107721641633,1.1638560629220008e-17,0.0,39792.0,0.0,0.0,0
0.03969959996010063,0.04225378297858424,1407.0,13448.0,0.0033111333289700578,1.7597503671380654e-17,0.0,39792.0,0.0,0.0,0
0.039666653632998705,0.04225378297858424,1408.0,13448.0,0.0032781870018681355,1.2104103054388809e-17,0.0,39792.0,0.0,0.0,0
0.0396340351273288,0.04225378297858424,1409.0,13448.0,0.0032455684961982304,2.5139290959115218e-18,0.0,39792.0,0.0,0.0,0
0.03960174118121316,0.04225378297858424,1410.0,13448.0,0.003213274550082593,1.8621697006752013e-18,0.0,39792.0,0.0,0.0,0
0.039569768565230264,0.04225378297858424,1411.0,13448.0,0.003181301934099705,-7.914221227869606e-19,0.0,39792.0,0.0,0.0,0
0.03953811408209188,0.04225378297858424,1412.0,13448.0,0.0031496474509613184,3.7243394013504026e-18,0.0,39792.0,0.0,0.0,0
0.03950677456632332,0.04225378297858424,1413.0,13448.0,0.0031183079351927434,2.0064878524775293e-17,0.0,39792.0,0.0,0.0,0
0.03947574688394686,0.04225378297858424,1414.0,13448.0,0.0030872802528162874,7.588341530251445e-18,0.0,39792.0,0.0,0.0,0
0.03944502793216844,0.04225378297858424,1415.0,13448.0,0.003056561301037855,2.765322005502674e-17,0.0,39792.0,0.0,0.0,0
0.03941461463906724,0.04225378297858424,1416.0,13448.0,0.0030261480079366724,4.934749706789284e-18,0.0,39792.0,0.0,0.0,0
0.039384503963288645,0.04225378297858424,1417.0,13448.0,0.0029960373321580775,9.310848503376006e-20,0.0,39792.0,0.0,0.0,0
0.039354692893739975,0.04225378297858424,1418.0,13448.0,0.0029662262626094058,5.353737889441204e-18,0.0,39792.0,0.0,0.0,0
0.03932517844928943,0.04225378297858424,1419.0,13448.0,0.0029367118181588578,7.309016075150166e-18,0.0,39792.0,0.0,0.0,0
0.03929595767846796,0.04225378297858424,1420.0,13448.0,0.0029074910473373956,-5.120966676856803e-19,0.0,39792.0,0.0,0.0,0
0.03926702765917415,0.04225378297858424,1421.0,13448.0,0.002878561028043583,4.841641221755523e-18,0.0,39792.0,0.0,0.0,0
0.039238385498381954,0.04225378297858424,1422.0,13448.0,0.0028499188672513865,1.489735760540161e-18,0.0,39792.0,0.0,0.0,0
0.03921002833185143,0.04225378297858424,1423.0,13448.0,0.0028215617007208487,2.0344203979876575e-17,0.0,39792.0,0.0,0.0,0
0.039181953323842264,0.04225378297858424,1424.0,13448.0,0.0027934866927116974,8.519426380589046e-18,0.0,39792.0,0.0,0.0,0
0.0391541576668303,0.04225378297858424,1425.0,13448.0,0.0027656910356997307,1.317485063227705e-17,0.0,39792.0,0.0,0.0,0
0.039126638581226655,0.04225378297858424,1426.0,13448.0,0.002738171950096083,9.171185775825366e-18,0.0,39792.0,0.0,0.0,0
0.03909939331509982,0.04225378297858424,1427.0,13448.0,0.0027109266839692625,-7.728004257802086e-18,0.0,39792.0,0.0,0.0,0
0.03907241914390052,0.04225378297858424,1428.0,13448.0,0.0026839525127699514,7.355570317667045e-18,0.0,39792.0,0.0,0.0,0
0.039045713370189125,0.04225378297858424,1429.0,13448.0,0.0026572467390585525,1.0940246991466808e-17,0.0,39792.0,0.0,0.0,0
0.03901927332336601,0.04225378297858424,1430.0,13448.0,0.0026308066922354403,1.308174214724329e-17,0.0,39792.0,0.0,0.0,0
0.03899309635940446,0.04225378297858424,1431.0,13448.0,0.002604629728273897,1.8621697006752012e-19,0.0,39792.0,0.0,0.0,0
0.03896717986058628,0.04225378297858424,1432.0,13448.0,0.0025787132294557125,9.916053656095447e-18,0.0,39792.0,0.0,0.0,0
0.03894152123523997,0.04225378297858424,1433.0,13448.0,0.0025530546041094056,2.467374853394642e-18,0.0,39792.0,0.0,0.0,0
0.03891611791748163,0.04225378297858424,1434.0,13448.0,0.0025276512863510675,-9.310848503376007e-19,0.0,39792.0,0.0,0.0,0
0.03889096736695831,0.04225378297858424,1435.0,13448.0,0.0025025007358277433,3.584676673799763e-18,0.0,39792.0,0.0,0.0,0
0.038866067068594,0.04225378297858424,1436.0,13448.0,0.0024776004374634317,1.2057548811871929e-17,0.0,39792.0,0.0,0.0,0
0.03884141453233811,0.04225378297858424,1437.0,13448.0,0.0024529479012075344,6.843473649981365e-18,0.0,39792.0,0.0,0.0,0
0.038817007292916456,0.04225378297858424,1438.0,13448.0,0.002428540661785891,1.5828442455739211e-18,0.0,39792.0,0.0,0.0,0
0.03879284290958478,0.04225378297858424,1439.0,13448.0,0.0024043762784542156,-6.3779312248125645e-18,0.0,39792.0,0.0,0.0,0
0.03876891896588461,0.04225378297858424,1440.0,13448.0,0.002380452334754039,2.5139290959115218e-18,0.0,39792.0,0.0,0.0,0
0.03874523306940163,0.04225378297858424,1441.0,13448.0,0.0023567664382710568,5.912388799643764e-18,0.0,39792.0,0.0,0.0,0
0.03872178285152645,0.04225378297858424,1442.0,13448.0,0.0023333162203958754,1.7876829126481933e-17,0.0,39792.0,0.0,0.0,0
0.03869856596721774,0.04225378297858424,1443.0,13448.0,0.0023100993360871775,3.7243394013504026e-18,0.0,39792.0,0.0,0.0,0
0.038675580094767736,0.04225378297858424,1444.0,13448.0,0.0022871134636371702,8.845306078207206e-19,0.0,39792.0,0.0,0.0,0
0.038652822935570035,0.04225378297858424,1445.0,13448.0,0.0022643563044394666,7.914221227869606e-18,0.0,39792.0,0.0,0.0,0
0.03863029221388975,0.04225378297858424,1446.0,13448.0,0.002241825582759175,1.9832107312190895e-17,0.0,39792.0,0.0,0.0,0
0.03860798567663593,0.04225378297858424,1447.0,13448.0,0.0022195190455053544,2.3370229743473776e-17,0.0,39792.0,0.0,0.0,0
0.03858590109313625,0.04225378297858424,1448.0,13448.0,0.002197434462005686,3.0260257635972022e-18,0.0,39792.0,0.0,0.0,0
0.038564036254913996,0.04225378297858424,1449.0,13448.0,0.0021755696237834242,9.729836686027926e-18,0.0,39792.0,0.0,0.0,0
0.03854238897546708,0.04225378297858424,1450.0,13448.0,0.002153922344336519,5.493400616991844e-18,0.0,39792.0,0.0,0.0,0
0.03852095709004956,0.04225378297858424,1451.0,13448.0,0.0021324904589189882,9.543619715960407e-18,0.0,39792.0,0.0,0.0,0
0.038499738455455006,0.04225378297858424,1452.0,13448.0,0.00211127182432443,1.689919003362745e-17,0.0,39792.0,0.0,0.0,0
0.03847873094980226,0.04225378297858424,1453.0,13448.0,0.002090264318671703,-8.379763653038406e-19,0.0,39792.0,0.0,0.0,0
0.03845793247232331,0.04225378297858424,1454.0,13448.0,0.0020694658411927395,1.2197211539422569e-17,0.0,39792.0,0.0,0.0,0
0.038437340943153014,0.04225378297858424,1455.0,13448.0,0.002048874312022454,-6.145160012228164e-18,0.0,39792.0,0.0,0.0,0
0.03841695430312135,0.04225378297858424,1456.0,13448.0,0.002028487671990771,2.2904687318304977e-17,0.0,39792.0,0.0,0.0,0
0.03839677051354727,0.04225378297858424,1457.0,13448.0,0.002008303882416702,1.2057548811871929e-17,0.0,39792.0,0.0,0.0,0
0.03837678755603503,0.04225378297858424,1458.0,13448.0,0.0019883209249044634,8.333209410521526e-18,0.0,39792.0,0.0,0.0,0
0.03835700343227223,0.04225378297858424,1459.0,13448.0,0.0019685368011416564,9.776390928544806e-18,0.0,39792.0,0.0,0.0,0
0.03833741616382998,0.04225378297858424,1460.0,13448.0,0.0019489495326994173,8.845306078207206e-19,0.0,39792.0,0.0,0.0,0
0.03831802379196514,0.04225378297858424,1461.0,13448.0,0.0019295571608345756,-6.517593952363205e-18,0.0,39792.0,0.0,0.0,0
0.038298824377424365,0.04225378297858424,1462.0,13448.0,0.0019103577462937895,1.252309123704073e-17,0.0,39792.0,0.0,0.0,0
0.038279816000250176,0.04225378297858424,1463.0,13448.0,0.0018913493691196037,8.845306078207207e-18,0.0,39792.0,0.0,0.0,0
0.03826099675958902,0.04225378297858424,1464.0,13448.0,0.0018725301284584547,2.7001460659790418e-18,0.0,39792.0,0.0,0.0,0
0.03824236477350118,0.04225378297858424,1465.0,13448.0,0.001853898142370604,1.1638560629220008e-17,0.0,39792.0,0.0,0.0,0
0.03822391817877247,0.04225378297858424,1466.0,13448.0,0.0018354515476419065,-7.448678802700805e-19,0.0,39792.0,0.0,0.0,0
0.038205655130728086,0.04225378297858424,1467.0,13448.0,0.001817188499597521,2.0483866707427213e-18,0.0,39792.0,0.0,0.0,0
0.03818757380304799,0.04225378297858424,1468.0,13448.0,0.001799107171917426,2.5139290959115218e-18,0.0,39792.0,0.0,0.0,0
0.03816967238758435,0.04225378297858424,1469.0,13448.0,0.0017812057564537847,-2.2346036408102416e-18,0.0,39792.0,0.0,0.0,0
0.03815194909418071,0.04225378297858424,1470.0,13448.0,0.0017634824630501304,1.1452343659152489e-17,0.0,39792.0,0.0,0.0,0
0.03813440215049292,0.04225378297858424,1471.0,13448.0,0.0017459355193623536,1.2709308207108249e-17,0.0,39792.0,0.0,0.0,0
0.03811702980181203,0.04225378297858424,1472.0,13448.0,0.0017285631706814649,4.7019784942048835e-18,0.0,39792.0,0.0,0.0,0
0.0380998303108887,0.04225378297858424,1473.0,13448.0,0.001711363679758122,1.0474704566298008e-17,0.0,39792.0,0.0,0.0,0
0.03808280195775947,0.04225378297858424,1474.0,13448.0,0.001694335326628893,1.6666418821043053e-17,0.0,39792.0,0.0,0.0,0
0.03806594303957484,0.04225378297858424,1475.0,13448.0,0.00167747640844428,-4.655424251688003e-19,0.0,39792.0,0.0,0.0,0
0.03804925187042898,0.04225378297858424,1476.0,13448.0,0.001660785239298407,-4.189881826519203e-19,0.0,39792.0,0.0,0.0,0
0.03803272678119103,0.04225378297858424,1477.0,13448.0,0.001644260150060459,1.0474704566298008e-17,0.0,39792.0,0.0,0.0,0
0.038016366119338306,0.04225378297858424,1478.0,13448.0,0.0016278994882077402,-5.120966676856803e-19,0.0,39792.0,0.0,0.0,0
0.038000168248791,0.04225378297858424,1479.0,13448.0,0.0016117016176604294,6.796919407464485e-18,0.0,39792.0,0.0,0.0,0
0.03798413154974854,0.04225378297858424,1480.0,13448.0,0.0015956649186179752,1.6759527306076811e-18,0.0,39792.0,0.0,0.0,0
0.03796825441852768,0.04225378297858424,1481.0,13448.0,0.0015797877873971052,1.7085407003694973e-17,0.0,39792.0,0.0,0.0,0
0.03795253526740204,0.04225378297858424,1482.0,13448.0,0.0015640686362714685,1.2383428509490088e-17,0.0,39792.0,0.0,0.0,0
0.037936972524443426,0.04225378297858424,1483.0,13448.0,0.0015485058933128587,3.538122431282882e-18,0.0,39792.0,0.0,0.0,0
0.03792156463336457,0.04225378297858424,1484.0,13448.0,0.0015330980022340008,1.396627275506401e-18,0.0,39792.0,0.0,0.0,0
0.03790631005336353,0.04225378297858424,1485.0,13448.0,0.0015178434222329568,1.368694729996273e-17,0.0,39792.0,0.0,0.0,0
0.03789120725896958,0.04225378297858424,1486.0,13448.0,0.001502740627839007,-3.7243394013504024e-19,0.0,39792.0,0.0,0.0,0
0.03787625473989068,0.04225378297858424,1487.0,13448.0,0.0014877881087601277,-4.841641221755523e-18,0.0,39792.0,0.0,0.0,0
0.03786145100086253,0.04225378297858424,1488.0,13448.0,0.001472984369731952,1.1498897901669369e-17,0.0,39792.0,0.0,0.0,0
0.03784679456149881,0.04225378297858424,1489.0,13448.0,0.0014583279303682448,7.774558500318966e-18,0.0,39792.0,0.0,0.0,0
0.037832283956143416,0.04225378297858424,1490.0,13448.0,0.0014438173250128465,9.590173958477287e-18,0.0,39792.0,0.0,0.0,0
0.037817917733723706,0.04225378297858424,1491.0,13448.0,0.001429451102593137,8.240100925487767e-18,0.0,39792.0,0.0,0.0,0
0.03780369445760547,0.04225378297858424,1492.0,13448.0,0.0014152278264749024,4.3760987965867235e-18,0.0,39792.0,0.0,0.0,0
0.03778961270544925,0.04225378297858424,1493.0,13448.0,0.0014011460743186745,2.467374853394642e-18,0.0,39792.0,0.0,0.0,0
0.03777567106906807,0.04225378297858424,1494.0,13448.0,0.001387204437937504,5.586509102025604e-19,0.0,39792.0,0.0,0.0,0
0.0377618681542867,0.04225378297858424,1495.0,13448.0,0.0013734015231561324,-4.795086979238643e-18,0.0,39792.0,0.0,0.0,0
0.037748202580802165,0.04225378297858424,1496.0,13448.0,0.0013597359496715822,1.317485063227705e-17,0.0,39792.0,0.0,0.0,0
0.03773467298204569,0.04225378297858424,1497.0,13448.0,0.001346206350915118,1.475769487785097e-17,0.0,39792.0,0.0,0.0,0
0.03772127800504616,0.04225378297858424,1498.0,13448.0,0.001332811373915585,1.2848970934658889e-17,0.0,39792.0,0.0,0.0,0
0.0377080163102947,0.04225378297858424,1499.0,13448.0,0.0013195496791641253,1.0521258808814888e-17,0.0,39792.0,0.0,0.0,0
0.03769488657161079,0.04225378297858424,1500.0,13448.0,0.0013064199404802127,2.5977267324419057e-17,0.0,39792.0,0.0,0.0,0
0.037681887476009604,0.04225378297858424,1501.0,13448.0,0.0012934208448790317,1.405938124009777e-17,0.0,39792.0,0.0,0.0,0
0.03766901772357077,0.04225378297858424,1502.0,13448.0,0.001280551092440195,1.0800584263916167e-17,0.0,39792.0,0.0,0.0,0
0.0376562760273083,0.04225378297858424,1503.0,13448.0,0.001267809396177729,5.586509102025604e-18,0.0,39792.0,0.0,0.0,0
0.03764366111304197,0.04225378297858424,1504.0,13448.0,0.0012551944819113934,8.984968805757846e-18,0.0,39792.0,0.0,0.0,0
0.03763117171926982,0.04225378297858424,1505.0,13448.0,0.0012427050881392504,1.247653699452385e-17,0.0,39792.0,0.0,0.0,0
0.03761880659704208,0.04225378297858424,1506.0,13448.0,0.0012303399659115088,1.452492366526657e-17,0.0,39792.0,0.0,0.0,0
0.03760656450983622,0.04225378297858424,1507.0,13448.0,0.0012180978787056469,7.262461832633286e-18,0.0,39792.0,0.0,0.0,0
0.037594444233433305,0.04225378297858424,1508.0,13448.0,0.0012059776023027398,-6.517593952363205e-19,0.0,39792.0,0.0,0.0,0
0.03758244455579561,0.04225378297858424,1509.0,13448.0,0.001193977924665048,2.1880493982933617e-18,0.0,39792.0,0.0,0.0,0
0.03757056427694538,0.04225378297858424,1510.0,13448.0,0.0011820976458148079,7.402124560183925e-18,0.0,39792.0,0.0,0.0,0
0.0375588022088448,0.04225378297858424,1511.0,13448.0,0.0011703355777142339,3.7243394013504026e-18,0.0,39792.0,0.0,0.0,0
0.03754715717527729,0.04225378297858424,1512.0,13448.0,0.0011586905441467131,1.1731669114253768e-17,0.0,39792.0,0.0,0.0,0
0.03753562801172975,0.04225378297858424,1513.0,13448.0,0.0011471613805991866,-2.932917278563442e-18,0.0,39792.0,0.0,0.0,0
0.037524213565276264,0.04225378297858424,1514.0,13448.0,0.0011357469341456935,1.0055716383646087e-17,0.0,39792.0,0.0,0.0,0
0.03751291269446265,0.04225378297858424,1515.0,13448.0,0.00112444606333207,1.508357457546913e-17,0.0,39792.0,0.0,0.0,0
0.03750172426919239,0.04225378297858424,1516.0,13448.0,0.0011132576380618224,4.841641221755523e-18,0.0,39792.0,0.0,0.0,0
0.037490647170613664,0.04225378297858424,1517.0,13448.0,0.0011021805394830994,9.031523048274726e-18,0.0,39792.0,0.0,0.0,0
0.03747968029100738,0.04225378297858424,1518.0,13448.0,0.0010912136598768116,8.379763653038406e-18,0.0,39792.0,0.0,0.0,0
0.03746882253367643,0.04225378297858424,1519.0,13448.0,0.0010803559025458576,6.890027892498245e-18,0.0,39792.0,0.0,0.0,0
0.03745807281283602,0.04225378297858424,1520.0,13448.0,0.0010696061817054578,-1.9087239431920812e-18,0.0,39792.0,0.0,0.0,0
0.037447430053505135,0.04225378297858424,1521.0,13448.0,0.0010589634223745722,3.7243394013504026e-18,0.0,39792.0,0.0,0.0,0
0.03743689319139896,0.04225378297858424,1522.0,13448.0,0.001048426560268393,3.7708936438672825e-18,0.0,39792.0,0.0,0.0,0
0.0374264611728225,0.04225378297858424,1523.0,13448.0,0.0010379945416919341,1.9087239431920812e-18,0.0,39792.0,0.0,0.0,0
0.03741613295456521,0.04225378297858424,1524.0,13448.0,0.0010276663234346458,-4.329544554069843e-18,0.0,39792.0,0.0,0.0,0
0.037405907503796645,0.04225378297858424,1525.0,13448.0,0.001017440872666088,-1.1452343659152489e-17,0.0,39792.0,0.0,0.0,0
0.037395783797963246,0.04225378297858424,1526.0,13448.0,0.0010073171668326679,1.368694729996273e-17,0.0,39792.0,0.0,0.0,0
0.03738576082468593,0.04225378297858424,1527.0,13448.0,0.0009972941935553691,-1.8621697006752013e-18,0.0,39792.0,0.0,0.0,0
0.03737583758165908,0.04225378297858424,1528.0,13448.0,0.0009873709505285016,1.7504395186346894e-17,0.0,39792.0,0.0,0.0,0
0.03736601307655007,0.04225378297858424,1529.0,13448.0,0.000977546445419503,3.7708936438672825e-18,0.0,39792.0,0.0,0.0,0
0.03735628632690023,0.04225378297858424,1530.0,13448.0,0.0009678196957696655,-3.212242733664722e-18,0.0,39792.0,0.0,0.0,0
0.0373466563600265,0.04225378297858424,1531.0,13448.0,0.0009581897288959289,9.310848503376006e-20,0.0,39792.0,0.0,0.0,0
0.03733712221292416,0.04225378297858424,1532.0,13448.0,0.0009486555817935765,2.2252927923068656e-17,0.0,39792.0,0.0,0.0,0
0.037327682932170515,0.04225378297858424,1533.0,13448.0,0.0009392163010399517,7.215907590116406e-18,0.0,39792.0,0.0,0.0,0
0.037318337573829685,0.04225378297858424,1534.0,13448.0,0.0009298709426991124,1.0195379111196727e-17,0.0,39792.0,0.0,0.0,0
0.037309085203358,0.04225378297858424,1535.0,13448.0,0.0009206185722274386,-3.538122431282882e-18,0.0,39792.0,0.0,0.0,0
0.03729992489551074,0.04225378297858424,1536.0,13448.0,0.0009114582643801699,1.2104103054388809e-17,0.0,39792.0,0.0,0.0,0
0.037290855734249465,0.04225378297858424,1537.0,13448.0,0.000902389103118894,4.888195464272403e-18,0.0,39792.0,0.0,0.0,0
0.037281876812650494,0.04225378297858424,1538.0,13448.0,0.0008934101815199211,1.601465942580673e-17,0.0,39792.0,0.0,0.0,0
0.037272987232814185,0.04225378297858424,1539.0,13448.0,0.0008845206016836133,6.610702437396965e-18,0.0,39792.0,0.0,0.0,0
0.037264186105775136,0.04225378297858424,1540.0,13448.0,0.000875719474644575,-6.284822739778805e-18,0.0,39792.0,0.0,0.0,0
0.03725547255141333,0.04225378297858424,1541.0,13448.0,0.0008670059202827693,-7.728004257802086e-18,0.0,39792.0,0.0,0.0,0
0.03724684569836606,0.04225378297858424,1542.0,13448.0,0.0008583790672354998,6.052051527194404e-19,0.0,39792.0,0.0,0.0,0
0.03723830468394084,0.04225378297858424,1543.0,13448.0,0.0008498380528102756,2.932917278563442e-18,0.0,39792.0,0.0,0.0,0
0.0372298486540291,0.04225378297858424,1544.0,13448.0,0.0008413820228985281,8.286655168004646e-18,0.0,39792.0,0.0,0.0,0
0.03722147676302079,0.04225378297858424,1545.0,13448.0,0.0008330101318902263,-5.307183646924324e-18,0.0,39792.0,0.0,0.0,0
0.037213188173719866,0.04225378297858424,1546.0,13448.0,0.0008247215425892908,1.3500730329895209e-17,0.0,39792.0,0.0,0.0,0
0.03720498205726046,0.04225378297858424,1547.0,13448.0,0.0008165154261298842,1.0521258808814888e-17,0.0,39792.0,0.0,0.0,0
0.03719685759302408,0.04225378297858424,1548.0,13448.0,0.0008083909618935235,-1.3361067602344569e-17,0.0,39792.0,0.0,0.0,0
0.037188813968557576,0.04225378297858424,1549.0,13448.0,0.0008003473374270153,9.310848503376007e-19,0.0,39792.0,0.0,0.0,0
0.03718085037949178,0.04225378297858424,1550.0,13448.0,0.0007923837483612045,1.4338706695199052e-17,0.0,39792.0,0.0,0.0,0
0.03717296602946112,0.04225378297858424,1551.0,13448.0,0.000784499398330553,1.9226902159471455e-17,0.0,39792.0,0.0,0.0,0
0.03716516013002406,0.04225378297858424,1552.0,13448.0,0.0007766934988934848,1.2755862449625129e-17,0.0,39792.0,0.0,0.0,0
0.037157431900584126,0.04225378297858424,1553.0,13448.0,0.0007689652694535562,5.633063344542484e-18,0.0,39792.0,0.0,0.0,0
0.037149780568311946,0.04225378297858424,1554.0,13448.0,0.000761313937181376,-1.5828442455739211e-18,0.0,39792.0,0.0,0.0,0
0.03714220536806791,0.04225378297858424,1555.0,13448.0,0.000753738736937349,-6.145160012228164e-18,0.0,39792.0,0.0,0.0,0
0.03713470554232569,0.04225378297858424,1556.0,13448.0,0.0007462389111951264,1.396627275506401e-19,0.0,39792.0,0.0,0.0,0
0.03712728034109646,0.04225378297858424,1557.0,13448.0,0.0007388137099658978,-3.910556371417923e-18,0.0,39792.0,0.0,0.0,0
0.037119929021853924,0.04225378297858424,1558.0,13448.0,0.0007314623907233431,2.1508060042798574e-17,0.0,39792.0,0.0,0.0,0
0.03711265084945997,0.04225378297858424,1559.0,13448.0,0.0007241842183294165,-5.1209666768568034e-18,0.0,39792.0,0.0,0.0,0
0.037105445096091365,0.04225378297858424,1560.0,13448.0,0.0007169784649608083,-2.886363036046562e-18,0.0,39792.0,0.0,0.0,0
0.037098311041166745,0.04225378297858424,1561.0,13448.0,0.0007098444100361837,-7.914221227869606e-18,0.0,39792.0,0.0,0.0,0
0.037091247971274666,0.04225378297858424,1562.0,13448.0,0.0007027813401440983,9.776390928544806e-18,0.0,39792.0,0.0,0.0,0
0.037084255180102256,0.04225378297858424,1563.0,13448.0,0.0006957885489716841,1.6666418821043053e-17,0.0,39792.0,0.0,0.0,0
0.03707733196836455,0.04225378297858424,1564.0,13448.0,0.0006888653372339899,1.396627275506401e-19,0.0,39792.0,0.0,0.0,0
0.03707047764373464,0.04225378297858424,1565.0,13448.0,0.0006820110126040759,-6.3779312248125645e-18,0.0,39792.0,0.0,0.0,0
0.03706369152077433,0.04225378297858424,1566.0,13448.0,0.0006752248896437643,-2.2346036408102416e-18,0.0,39792.0,0.0,0.0,0
0.037056972920865676,0.04225378297858424,1567.0,13448.0,0.0006685062897351115,4.282990311552963e-18,0.0,39792.0,0.0,0.0,0
0.03705032117214309,0.04225378297858424,1568.0,13448.0,0.0006618545410125206,1.568877972818857e-17,0.0,39792.0,0.0,0.0,0
0.03704373560942615,0.04225378297858424,1569.0,13448.0,0.0006552689782955766,1.6480201850975533e-17,0.0,39792.0,0.0,0.0,0
0.0370372155741531,0.04225378297858424,1570.0,13448.0,0.0006487489430225259,1.0241933353713607e-17,0.0,39792.0,0.0,0.0,0
0.037030760414314974,0.04225378297858424,1571.0,13448.0,0.0006422937831843984,1.2150657296905689e-17,0.0,39792.0,0.0,0.0,0
0.03702436948439041,0.04225378297858424,1572.0,13448.0,0.0006359028532598386,1.8342371551650732e-17,0.0,39792.0,0.0,0.0,0
0.03701804214528109,0.04225378297858424,1573.0,13448.0,0.0006295755141505251,1.443181518023281e-18,0.0,39792.0,0.0,0.0,0
0.03701177776424784,0.04225378297858424,1574.0,13448.0,0.0006233111331172728,4.515761524137363e-18,0.0,39792.0,0.0,0.0,0
0.03700557571484733,0.04225378297858424,1575.0,13448.0,0.0006171090837167599,1.0195379111196727e-17,0.0,39792.0,0.0,0.0,0
0.03699943537686944,0.04225378297858424,1576.0,13448.0,0.0006109687457388822,7.402124560183925e-18,0.0,39792.0,0.0,0.0,0
0.036993356136275295,0.04225378297858424,1577.0,13448.0,0.0006048895051447163,1.671297306355993e-17,0.0,39792.0,0.0,0.0,0
0.03698733738513572,0.04225378297858424,1578.0,13448.0,0.0005988707540051437,8.193546682970885e-18,0.0,39792.0,0.0,0.0,0
0.03698137852157061,0.04225378297858424,1579.0,13448.0,0.0005929118904400328,1.2104103054388809e-17,0.0,39792.0,0.0,0.0,0
0.03697547894968863,0.04225378297858424,1580.0,13448.0,0.0005870123185580591,1.1592006386703128e-17,0.0,39792.0,0.0,0.0,0
0.036969638079527696,0.04225378297858424,1581.0,13448.0,0.0005811714483971214,1.9413119129538974e-17,0.0,39792.0,0.0,0.0,0
0.036963855326995906,0.04225378297858424,1582.0,13448.0,0.0005753886958653343,1.2104103054388809e-17,0.0,39792.0,0.0,0.0,0
0.03695813011381319,0.04225378297858424,1583.0,13448.0,0.0005696634826826227,-5.120966676856803e-19,0.0,39792.0,0.0,0.0,0
0.03695246186745347,0.04225378297858424,1584.0,13448.0,0.0005639952363229024,1.9552781857089615e-18,0.0,39792.0,0.0,0.0,0
0.036946850021087385,0.04225378297858424,1585.0,13448.0,0.0005583833899568111,1.0800584263916167e-17,0.0,39792.0,0.0,0.0,0
0.03694129401352561,0.04225378297858424,1586.0,13448.0,0.0005528273823950387,1.1685114871736888e-17,0.0,39792.0,0.0,0.0,0
0.03693579328916276,0.04225378297858424,1587.0,13448.0,0.0005473266580321947,1.8621697006752013e-18,0.0,39792.0,0.0,0.0,0
0.03693034729792183,0.04225378297858424,1588.0,13448.0,0.0005418806667912637,5.4002921319580835e-18,0.0,39792.0,0.0,0.0,0
0.03692495549519914,0.04225378297858424,1589.0,13448.0,0.0005364888640685786,-1.9087239431920812e-18,0.0,39792.0,0.0,0.0,0
0.03691961734180995,0.04225378297858424,1590.0,13448.0,0.0005311507106793763,1.489735760540161e-17,0.0,39792.0,0.0,0.0,0
0.03691433230393444,0.04225378297858424,1591.0,13448.0,0.0005258656728038668,8.798751835690327e-18,0.0,39792.0,0.0,0.0,0
0.03690909985306444,0.04225378297858424,1592.0,13448.0,0.0005206332219338657,9.590173958477287e-18,0.0,39792.0,0.0,0.0,0
0.036903919465950494,0.04225378297858424,1593.0,13448.0,0.0005154528348199176,1.1964440326838169e-17,0.0,39792.0,0.0,0.0,0
0.036898790624549566,0.04225378297858424,1594.0,13448.0,0.0005103239934189972,8.938414563240967e-18,0.0,39792.0,0.0,0.0,0
0.03689371281597325,0.04225378297858424,1595.0,13448.0,0.0005052461848426904,-5.726171829576244e-18,0.0,39792.0,0.0,0.0,0
0.036888685532436474,0.04225378297858424,1596.0,13448.0,0.0005002189013059049,-4.655424251688003e-19,0.0,39792.0,0.0,0.0,0
0.03688370827120667,0.04225378297858424,1597.0,13448.0,0.0004952416400761036,1.256964547955761e-17,0.0,39792.0,0.0,0.0,0
0.036878780534553575,0.04225378297858424,1598.0,13448.0,0.0004903139034230099,4.7485327367217634e-18,0.0,39792.0,0.0,0.0,0
0.03687390182969942,0.04225378297858424,1599.0,13448.0,0.00048543519856885904,-7.448678802700805e-19,0.0,39792.0,0.0,0.0,0
0.036869071668769654,0.04225378297858424,1600.0,13448.0,0.00048060503763909236,-2.2346036408102416e-18,0.0,39792.0,0.0,0.0,0
0.036864289568744164,0.04225378297858424,1601.0,13448.0,0.00047582293761359553,7.448678802700805e-18,0.0,39792.0,0.0,0.0,0
0.03685955505140895,0.04225378297858424,1602.0,13448.0,0.0004710884202783827,7.309016075150166e-18,0.0,39792.0,0.0,0.0,0
0.036854867643308344,0.04225378297858424,1603.0,13448.0,0.00046640101217776967,1.6247430638391132e-17,0.0,39792.0,0.0,0.0,0
0.03685022687569762,0.04225378297858424,1604.0,13448.0,0.0004617602445670446,2.0483866707427214e-17,0.0,39792.0,0.0,0.0,0
0.03684563228449615,0.04225378297858424,1605.0,13448.0,0.000457165653365578,9.590173958477287e-18,0.0,39792.0,0.0,0.0,0
0.036841083410240984,0.04225378297858424,1606.0,13448.0,0.0004526167791104201,-2.3742663683608817e-18,0.0,39792.0,0.0,0.0,0
0.036836579798040926,0.04225378297858424,1607.0,13448.0,0.0004481131669103549,1.2010994569355049e-17,0.0,39792.0,0.0,0.0,0
0.036832120997530984,0.04225378297858424,1608.0,13448.0,0.00044365436640040907,1.792338336899881e-17,0.0,39792.0,0.0,0.0,0
0.0368277065628274,0.04225378297858424,1609.0,13448.0,0.00043923993169682073,2.3975434896193217e-17,0.0,39792.0,0.0,0.0,0
0.03682333605248299,0.04225378297858424,1610.0,13448.0,0.0004348694213524342,2.607037580945282e-18,0.0,39792.0,0.0,0.0,0
0.036819009029443135,0.04225378297858424,1611.0,13448.0,0.0004305423983125701,-6.843473649981365e-18,0.0,39792.0,0.0,0.0,0
0.036814725061001904,0.04225378297858424,1612.0,13448.0,0.0004262584298713288,1.8668251249268893e-17,0.0,39792.0,0.0,0.0,0
0.036810483718758856,0.04225378297858424,1613.0,13448.0,0.00042201708762829314,6.936582135015125e-18,0.0,39792.0,0.0,0.0,0
0.03680628457857627,0.04225378297858424,1614.0,13448.0,0.00041781794744569933,1.9506227614572734e-17,0.0,39792.0,0.0,0.0,0
0.0368021272205366,0.04225378297858424,1615.0,13448.0,0.0004136605894060328,8.845306078207207e-18,0.0,39792.0,0.0,0.0,0
0.0367980112289006,0.04225378297858424,1616.0,13448.0,0.00040954459777002507,2.746700308495922e-18,0.0,39792.0,0.0,0.0,0
0.03679393619206565,0.04225378297858424,1617.0,13448.0,0.000405469560935082,9.217740018342246e-18,0.0,39792.0,0.0,0.0,0
0.0367899017025247,0.04225378297858424,1618.0,13448.0,0.00040143507139412624,1.0986801233983688e-17,0.0,39792.0,0.0,0.0,0
0.036785907356825416,0.04225378297858424,1619.0,13448.0,0.00039744072569484335,1.359383881492897e-17,0.0,39792.0,0.0,0.0,0
0.0367819527555299,0.04225378297858424,1620.0,13448.0,0.000393486124399328,1.536290003057041e-17,0.0,39792.0,0.0,0.0,0
0.03677803750317473,0.04225378297858424,1621.0,13448.0,0.00038957087204415867,6.145160012228164e-18,0.0,39792.0,0.0,0.0,0
0.03677416120823141,0.04225378297858424,1622.0,13448.0,0.00038569457710083604,6.098605769711284e-18,0.0,39792.0,0.0,0.0,0
0.036770323483067205,0.04225378297858424,1623.0,13448.0,0.0003818568519366393,1.2104103054388808e-18,0.0,39792.0,0.0,0.0,0
0.03676652394390642,0.04225378297858424,1624.0,13448.0,0.00037805731277585107,8.333209410521526e-18,0.0,39792.0,0.0,0.0,0
0.036762762210791965,0.04225378297858424,1625.0,13448.0,0.0003742955796613884,5.865834557126884e-18,0.0,39792.0,0.0,0.0,0
0.03675903790754737,0.04225378297858424,1626.0,13448.0,0.00037057127641680734,-2.979471521080322e-18,0.0,39792.0,0.0,0.0,0
0.03675535066173926,0.04225378297858424,1627.0,13448.0,0.0003668840306086758,1.7504395186346894e-17,0.0,39792.0,0.0,0.0,0
0.036751700104639906,0.04225378297858424,1628.0,13448.0,0.000363233473509344,2.467374853394642e-18,0.0,39792.0,0.0,0.0,0
0.036748085871190626,0.04225378297858424,1629.0,13448.0,0.0003596192400600575,3.957110613934803e-18,0.0,39792.0,0.0,0.0,0
0.03674450759996503,0.04225378297858424,1630.0,13448.0,0.0003560409688344634,3.1191342486309624e-18,0.0,39792.0,0.0,0.0,0
0.03674096493313302,0.04225378297858424,1631.0,13448.0,0.0003524983020024543,8.798751835690327e-18,0.0,39792.0,0.0,0.0,0
0.03673745751642496,0.04225378297858424,1632.0,13448.0,0.0003489908852943906,1.1824777599287528e-17,0.0,39792.0,0.0,0.0,0
0.03673398499909626,0.04225378297858424,1633.0,13448.0,0.00034551836796568777,6.145160012228164e-18,0.0,39792.0,0.0,0.0,0
0.03673054703389229,0.04225378297858424,1634.0,13448.0,0.00034208040276171464,1.5642225485671692e-17,0.0,39792.0,0.0,0.0,0
0.036727143277013645,0.04225378297858424,1635.0,13448.0,0.00033867664588308453,-6.052051527194404e-19,0.0,39792.0,0.0,0.0,0
0.036723773388081846,0.04225378297858424,1636.0,13448.0,0.0003353067569512726,1.256964547955761e-17,0.0,39792.0,0.0,0.0,0
0.03672043703010515,0.04225378297858424,1637.0,13448.0,0.00033197039897458087,2.1414951557764815e-18,0.0,39792.0,0.0,0.0,0
0.036717133869445,0.04225378297858424,1638.0,13448.0,0.00032866723831442813,1.1638560629220008e-17,0.0,39792.0,0.0,0.0,0
0.03671386357578257,0.04225378297858424,1639.0,13448.0,0.00032539694465199913,3.7243394013504026e-18,0.0,39792.0,0.0,0.0,0
0.036710625822085764,0.04225378297858424,1640.0,13448.0,0.0003221591909551985,1.0707475778882407e-18,0.0,39792.0,0.0,0.0,0
0.03670742028457653,0.04225378297858424,1641.0,13448.0,0.00031895365344596056,6.145160012228164e-18,0.0,39792.0,0.0,0.0,0
0.036704246642698425,0.04225378297858424,1642.0,13448.0,0.0003157800115678613,-3.212242733664722e-18,0.0,39792.0,0.0,0.0,0
0.03670110457908465,0.04225378297858424,1643.0,13448.0,0.00031263794795407173,1.247653699452385e-17,0.0,39792.0,0.0,0.0,0
0.03669799377952617,0.04225378297858424,1644.0,13448.0,0.0003095271483956099,3.8174478863841624e-18,0.0,39792.0,0.0,0.0,0
0.036694913932940505,0.04225378297858424,1645.0,13448.0,0.00030644730180992753,7.262461832633286e-18,0.0,39792.0,0.0,0.0,0
0.036691864731340375,0.04225378297858424,1646.0,13448.0,0.0003033981002098007,6.3779312248125645e-18,0.0,39792.0,0.0,0.0,0
0.0366888458698031,0.04225378297858424,1647.0,13448.0,0.00030037923867252785,1.0195379111196727e-17,0.0,39792.0,0.0,0.0,0
0.03668585704644002,0.04225378297858424,1648.0,13448.0,0.00029739041530943644,1.652675609349241e-17,0.0,39792.0,0.0,0.0,0
0.036682897962366276,0.04225378297858424,1649.0,13448.0,0.000294431331235704,7.774558500318966e-18,0.0,39792.0,0.0,0.0,0
0.03667996832167102,0.04225378297858424,1650.0,13448.0,0.000291501690540456,8.100438197937125e-18,0.0,39792.0,0.0,0.0,0
0.03667706783138776,0.04225378297858424,1651.0,13448.0,0.0002886012002571779,1.7131961246211852e-17,0.0,39792.0,0.0,0.0,0
0.036674196201465,0.04225378297858424,1652.0,13448.0,0.0002857295703344314,3.0260257635972022e-18,0.0,39792.0,0.0,0.0,0
0.03667135314473739,0.04225378297858424,1653.0,13448.0,0.00028288651360682345,1.326795911731081e-17,0.0,39792.0,0.0,0.0,0
0.03666853837689688,0.04225378297858424,1654.0,13448.0,0.0002800717457663175,3.0260257635972022e-18,0.0,39792.0,0.0,0.0,0
0.03666575161646436,0.04225378297858424,1655.0,13448.0,0.00027728498533378406,1.308174214724329e-17,0.0,39792.0,0.0,0.0,0
0.03666299258476142,0.04225378297858424,1656.0,13448.0,0.00027452595363085296,4.329544554069843e-18,0.0,39792.0,0.0,0.0,0
0.03666026100588262,0.04225378297858424,1657.0,13448.0,0.00027179437475205757,6.610702437396965e-18,0.0,39792.0,0.0,0.0,0
0.0366575566066678,0.04225378297858424,1658.0,13448.0,0.0002690899755372333,6.0054972846775245e-18,0.0,39792.0,0.0,0.0,0
0.03665487911667477,0.04225378297858424,1659.0,13448.0,0.0002664124855442065,-5.586509102025604e-18,0.0,39792.0,0.0,0.0,0
0.03665222826815231,0.04225378297858424,1660.0,13448.0,0.0002637616370217427,4.562315766654243e-18,0.0,39792.0,0.0,0.0,0
0.036649603796013355,0.04225378297858424,1661.0,13448.0,0.00026113716488278526,1.359383881492897e-17,0.0,39792.0,0.0,0.0,0
0.0366470054378085,0.04225378297858424,1662.0,13448.0,0.0002585388066779309,1.1778223356770648e-17,0.0,39792.0,0.0,0.0,0
0.03664443293369976,0.04225378297858424,1663.0,13448.0,0.00025596630256919533,1.5828442455739211e-18,0.0,39792.0,0.0,0.0,0
0.03664188602643458,0.04225378297858424,1664.0,13448.0,0.000253419395304019,9.310848503376007e-19,0.0,39792.0,0.0,0.0,0
0.03663936446132013,0.04225378297858424,1665.0,13448.0,0.0002508978301895592,3.072580006114082e-18,0.0,39792.0,0.0,0.0,0
0.03663686798619778,0.04225378297858424,1666.0,13448.0,0.00024840135506719996,1.578188821322233e-17,0.0,39792.0,0.0,0.0,0
0.03663439635141793,0.04225378297858424,1667.0,13448.0,0.00024592972028735036,1.405938124009777e-17,0.0,39792.0,0.0,0.0,0
0.036631949309815046,0.04225378297858424,1668.0,13448.0,0.0002434826786844706,1.1917886084321288e-17,0.0,39792.0,0.0,0.0,0
0.03662952661668293,0.04225378297858424,1669.0,13448.0,0.00024105998555236016,5.0278581918230436e-18,0.0,39792.0,0.0,0.0,0
0.03662712802975026,0.04225378297858424,1670.0,13448.0,0.00023866139861969298,4.7485327367217634e-18,0.0,39792.0,0.0,0.0,0
0.03662475330915633,0.04225378297858424,1671.0,13448.0,0.00023628667802577015,-4.189881826519203e-19,0.0,39792.0,0.0,0.0,0
0.036622402217427116,0.04225378297858424,1672.0,13448.0,0.00023393558629655783,-5.0278581918230436e-18,0.0,39792.0,0.0,0.0,0
0.036620074519451484,0.04225378297858424,1673.0,13448.0,0.0002316078883209209,4.236436069036083e-18,0.0,39792.0,0.0,0.0,0
0.0366177699824577,0.04225378297858424,1674.0,13448.0,0.00022930335132712357,1.8994130946887054e-17,0.0,39792.0,0.0,0.0,0
0.036615488375990116,0.04225378297858424,1675.0,13448.0,0.00022702174485954687,1.8621697006752013e-18,0.0,39792.0,0.0,0.0,0
0.03661322947188621,0.04225378297858424,1676.0,13448.0,0.00022476284075563903,1.610776791084049e-17,0.0,39792.0,0.0,0.0,0
0.03661099304425367,0.04225378297858424,1677.0,13448.0,0.00022252641312311242,1.9087239431920812e-18,0.0,39792.0,0.0,0.0,0
0.036608778869447904,0.04225378297858424,1678.0,13448.0,0.00022031223831733328,4.7019784942048835e-18,0.0,39792.0,0.0,0.0,0
0.03660658672604956,0.04225378297858424,1679.0,13448.0,0.0002181200949189855,8.426317895555286e-18,0.0,39792.0,0.0,0.0,0
0.036604416394842465,0.04225378297858424,1680.0,13448.0,0.00021594976371189494,8.193546682970885e-18,0.0,39792.0,0.0,0.0,0
0.036602267658791696,0.04225378297858424,1681.0,13448.0,0.00021380102766113188,4.422653039103603e-18,0.0,39792.0,0.0,0.0,0
0.036600140303021875,0.04225378297858424,1682.0,13448.0,0.00021167367189130676,5.260629404407444e-18,0.0,39792.0,0.0,0.0,0
0.036598034114795626,0.04225378297858424,1683.0,13448.0,0.0002095674836650647,-3.2587969761816025e-19,0.0,39792.0,0.0,0.0,0
0.03659594888349239,0.04225378297858424,1684.0,13448.0,0.00020748225236182674,3.3519054612153623e-18,0.0,39792.0,0.0,0.0,0
0.03659388440058729,0.04225378297858424,1685.0,13448.0,0.00020541776945673127,-3.2587969761816025e-19,0.0,39792.0,0.0,0.0,0
0.03659184045963032,0.04225378297858424,1686.0,13448.0,0.00020337382849976127,-5.260629404407444e-18,0.0,39792.0,0.0,0.0,0
0.03658981685622569,0.04225378297858424,1687.0,13448.0,0.00020135022509511896,1.6992298518661214e-17,0.0,39792.0,0.0,0.0,0
0.03658781338801134,0.04225378297858424,1688.0,13448.0,0.00019934675688077996,-2.0949409132596016e-18,0.0,39792.0,0.0,0.0,0
0.03658582985463882,0.04225378297858424,1689.0,13448.0,0.00019736322350825359,2.0949409132596016e-18,0.0,39792.0,0.0,0.0,0
0.03658386605775311,0.04225378297858424,1690.0,13448.0,0.00019539942662254555,5.539954859508724e-18,0.0,39792.0,0.0,0.0,0
0.03658192180097291,0.04225378297858424,1691.0,13448.0,0.00019345516984233216,9.683282443511046e-18,0.0,39792.0,0.0,0.0,0
0.03657999688987088,0.04225378297858424,1692.0,13448.0,0.0001915302587403201,5.214075161890564e-18,0.0,39792.0,0.0,0.0,0
0.03657809113195435,0.04225378297858424,1693.0,13448.0,0.00018962450082378695,6.0520515271944044e-18,0.0,39792.0,0.0,0.0,0
0.03657620433664592,0.04225378297858424,1694.0,13448.0,0.0001877377055153605,4.655424251688004e-18,0.0,39792.0,0.0,0.0,0
0.036574336315264494,0.04225378297858424,1695.0,13448.0,0.00018586968413393114,5.353737889441204e-18,0.0,39792.0,0.0,0.0,0
0.03657248688100639,0.04225378297858424,1696.0,13448.0,0.00018402024987581228,2.0204541252325934e-17,0.0,39792.0,0.0,0.0,0
0.036570655848926596,0.04225378297858424,1697.0,13448.0,0.00018218921779602614,-6.517593952363205e-19,0.0,39792.0,0.0,0.0,0
0.036568843035920416,0.04225378297858424,1698.0,13448.0,0.00018037640478984717,0.0,0.0,39792.0,0.0,0.0,0
0.03656704826070504,0.04225378297858424,1699.0,13448.0,0.0001785816295744596,1.620087639587425e-17,0.0,39792.0,0.0,0.0,0
0.036565271343801435,0.04225378297858424,1700.0,13448.0,0.00017680471267085237,2.946883551318506e-17,0.0,39792.0,0.0,0.0,0
0.03656351210751642,0.04225378297858424,1701.0,13448.0,0.00017504547638584608,1.2942079419692649e-17,0.0,39792.0,0.0,0.0,0
0.036561770375924924,0.04225378297858424,1702.0,13448.0,0.00017330374479435025,3.1656884911478423e-18,0.0,39792.0,0.0,0.0,0
0.03656004597485232,0.04225378297858424,1703.0,13448.0,0.000171579343721756,1.1126463961534328e-17,0.0,39792.0,0.0,0.0,0
0.036558338731857085,0.04225378297858424,1704.0,13448.0,0.0001698721007265151,9.357402745892887e-18,0.0,39792.0,0.0,0.0,0
0.036556648476213476,0.04225378297858424,1705.0,13448.0,0.0001681818450829087,1.3500730329895209e-18,0.0,39792.0,0.0,0.0,0
0.03655497503889452,0.04225378297858424,1706.0,13448.0,0.00016650840776396073,2.467374853394642e-18,0.0,39792.0,0.0,0.0,0
0.036553318252555124,0.04225378297858424,1707.0,13448.0,0.00016485162142455004,1.1405789416635609e-17,0.0,39792.0,0.0,0.0,0
0.036551677951515225,0.04225378297858424,1708.0,13448.0,0.00016321132038465679,1.6247430638391132e-17,0.0,39792.0,0.0,0.0,0
0.03655005397174337,0.04225378297858424,1709.0,13448.0,0.00016158734061281127,6.238268497261925e-18,0.0,39792.0,0.0,0.0,0
0.036548446150840255,0.04225378297858424,1710.0,13448.0,0.0001599795197096828,7.867666985352726e-18,0.0,39792.0,0.0,0.0,0
0.03654685432802242,0.04225378297858424,1711.0,13448.0,0.00015838769689184413,6.843473649981365e-18,0.0,39792.0,0.0,0.0,0
0.03654527834410626,0.04225378297858424,1712.0,13448.0,0.00015681171297568533,6.3779312248125645e-18,0.0,39792.0,0.0,0.0,0
0.03654371804149206,0.04225378297858424,1713.0,13448.0,0.0001552514103614992,-9.310848503376006e-20,0.0,39792.0,0.0,0.0,0
0.0365421732641483,0.04225378297858424,1714.0,13448.0,0.00015370663301772443,3.910556371417923e-18,0.0,39792.0,0.0,0.0,0
0.036540643857595916,0.04225378297858424,1715.0,13448.0,0.0001521772264653428,4.562315766654243e-18,0.0,39792.0,0.0,0.0,0
0.03653912966889299,0.04225378297858424,1716.0,13448.0,0.00015066303776242436,1.531634578805353e-17,0.0,39792.0,0.0,0.0,0
0.0365376305466194,0.04225378297858424,1717.0,13448.0,0.00014916391548883059,-3.212242733664722e-18,0.0,39792.0,0.0,0.0,0
0.03653614634086167,0.04225378297858424,1718.0,13448.0,0.0001476797097310935,2.1880493982933617e-17,0.0,39792.0,0.0,0.0,0
0.03653467690319796,0.04225378297858424,1719.0,13448.0,0.00014621027206739387,1.252309123704073e-17,0.0,39792.0,0.0,0.0,0
0.036533222086683304,0.04225378297858424,1720.0,13448.0,0.00014475545555274312,4.0967733414854426e-18,0.0,39792.0,0.0,0.0,0
0.03653178174583485,0.04225378297858424,1721.0,13448.0,0.0001433151147042772,1.2709308207108249e-17,0.0,39792.0,0.0,0.0,0
0.03653035573661729,0.04225378297858424,1722.0,13448.0,0.0001418891054867151,6.936582135015125e-18,0.0,39792.0,0.0,0.0,0
0.03652894391642851,0.04225378297858424,1723.0,13448.0,0.0001404772852979388,9.403956988409767e-18,0.0,39792.0,0.0,0.0,0
0.03652754614408533,0.04225378297858424,1724.0,13448.0,0.0001390795129547592,8.286655168004646e-18,0.0,39792.0,0.0,0.0,0
0.03652616227980935,0.04225378297858424,1725.0,13448.0,0.0001376956486787742,1.9040685189403932e-17,0.0,39792.0,0.0,0.0,0
0.03652479218521297,0.04225378297858424,1726.0,13448.0,0.000136325554082405,7.588341530251445e-18,0.0,39792.0,0.0,0.0,0
0.036523435723285626,0.04225378297858424,1727.0,13448.0,0.00013496909215504914,2.0995963375112894e-17,0.0,39792.0,0.0,0.0,0
0.03652209275837995,0.04225378297858424,1728.0,13448.0,0.00013362612724938158,1.5828442455739211e-18,0.0,39792.0,0.0,0.0,0
0.036520763156198364,0.04225378297858424,1729.0,13448.0,0.00013229652506779578,-3.2587969761816025e-19,0.0,39792.0,0.0,0.0,0
0.036519446783779524,0.04225378297858424,1730.0,13448.0,0.00013098015264896226,6.0520515271944044e-18,0.0,39792.0,0.0,0.0,0
0.03651814350948512,0.04225378297858424,1731.0,13448.0,0.00012967687835454682,5.865834557126884e-18,0.0,39792.0,0.0,0.0,0
0.036516853202986595,0.04225378297858424,1732.0,13448.0,0.00012838657185602963,-3.0260257635972022e-18,0.0,39792.0,0.0,0.0,0
0.036515575735252256,0.04225378297858424,1733.0,13448.0,0.0001271091041216888,-1.443181518023281e-18,0.0,39792.0,0.0,0.0,0
0.036514310978534255,0.04225378297858424,1734.0,13448.0,0.0001258443474036838,8.659089108139686e-18,0.0,39792.0,0.0,0.0,0
0.036513058806355865,0.04225378297858424,1735.0,13448.0,0.00012459217522529082,1.2429982752006968e-17,0.0,39792.0,0.0,0.0,0
0.03651181909349881,0.04225378297858424,1736.0,13448.0,0.00012335246236824438,2.793254551012802e-18,0.0,39792.0,0.0,0.0,0
0.03651059171599081,0.04225378297858424,1737.0,13448.0,0.0001221250848602338,9.171185775825366e-18,0.0,39792.0,0.0,0.0,0
0.03650937655109304,0.04225378297858424,1738.0,13448.0,0.00012090991996247662,1.2057548811871929e-17,0.0,39792.0,0.0,0.0,0
0.036508173477288054,0.04225378297858424,1739.0,13448.0,0.00011970684615747348,2.1275288830214176e-17,0.0,39792.0,0.0,0.0,0
0.036506982374267416,0.04225378297858424,1740.0,13448.0,0.00011851574313684411,6.145160012228164e-18,0.0,39792.0,0.0,0.0,0
0.03650580312291986,0.04225378297858424,1741.0,13448.0,0.00011733649178929035,8.472872138072166e-18,0.0,39792.0,0.0,0.0,0
0.03650463560531926,0.04225378297858424,1742.0,13448.0,0.00011616897418869986,6.983136377532005e-19,0.0,39792.0,0.0,0.0,0
0.036503479704712904,0.04225378297858424,1743.0,13448.0,0.00011501307358233188,1.689919003362745e-17,0.0,39792.0,0.0,0.0,0
0.03650233530550974,0.04225378297858424,1744.0,13448.0,0.0001138686743791715,4.003664856451683e-18,0.0,39792.0,0.0,0.0,0
0.0365012022932689,0.04225378297858424,1745.0,13448.0,0.0001127356621383354,3.538122431282882e-18,0.0,39792.0,0.0,0.0,0
0.03650008055468823,0.04225378297858424,1746.0,13448.0,0.00011161392355766016,5.679617587059364e-18,0.0,39792.0,0.0,0.0,0
0.036498969977592916,0.04225378297858424,1747.0,13448.0,0.00011050334646235435,4.981303949306164e-18,0.0,39792.0,0.0,0.0,0
0.03649787045092436,0.04225378297858424,1748.0,13448.0,0.0001094038197937803,1.568877972818857e-17,0.0,39792.0,0.0,0.0,0
0.03649678186472893,0.04225378297858424,1749.0,13448.0,0.00010831523359835535,1.601465942580673e-17,0.0,39792.0,0.0,0.0,0
0.03649570411014712,0.04225378297858424,1750.0,13448.0,0.00010723747901655493,-3.491568188766002e-18,0.0,39792.0,0.0,0.0,0
0.03649463707940258,0.04225378297858424,1751.0,13448.0,0.00010617044827201828,4.7485327367217634e-18,0.0,39792.0,0.0,0.0,0
0.03649358066579135,0.04225378297858424,1752.0,13448.0,0.00010511403466078817,6.517593952363205e-19,0.0,39792.0,0.0,0.0,0
0.03649253476367119,0.04225378297858424,1753.0,13448.0,0.00010406813254061716,1.368694729996273e-17,0.0,39792.0,0.0,0.0,0
0.036491499268450994,0.04225378297858424,1754.0,13448.0,0.00010303263732042408,1.0893692748949928e-17,0.0,39792.0,0.0,0.0,0
0.0364904740765804,0.04225378297858424,1755.0,13448.0,0.00010200744544982515,9.497065473443527e-18,0.0,39792.0,0.0,0.0,0
0.03648945908553934,0.04225378297858424,1756.0,13448.0,0.00010099245440877698,-5.120966676856803e-19,0.0,39792.0,0.0,0.0,0
0.03648845419382791,0.04225378297858424,1757.0,13448.0,9.998756269732895e-05,7.774558500318966e-18,0.0,39792.0,0.0,0.0,0
0.036487459300956045,0.04225378297858424,1758.0,13448.0,9.899266982547608e-05,2.839808793529682e-18,0.0,39792.0,0.0,0.0,0
0.036486474307433674,0.04225378297858424,1759.0,13448.0,9.80076763030988e-05,1.382661002751337e-17,0.0,39792.0,0.0,0.0,0
0.036485499114760594,0.04225378297858424,1760.0,13448.0,9.703248363002592e-05,1.513012881798601e-17,0.0,39792.0,0.0,0.0,0
0.036484533625416746,0.04225378297858424,1761.0,13448.0,9.606699428617465e-05,1.1824777599287528e-17,0.0,39792.0,0.0,0.0,0
0.03648357774285238,0.04225378297858424,1762.0,13448.0,9.511111172181106e-05,4.050219098968563e-18,0.0,39792.0,0.0,0.0,0
0.03648263137147845,0.04225378297858424,1763.0,13448.0,9.41647403478777e-05,4.329544554069843e-18,0.0,39792.0,0.0,0.0,0
0.036481694416657016,0.04225378297858424,1764.0,13448.0,9.32277855264489e-05,6.564148194880085e-18,0.0,39792.0,0.0,0.0,0
0.036480766784691844,0.04225378297858424,1765.0,13448.0,9.230015356126386e-05,1.7830274883965052e-17,0.0,39792.0,0.0,0.0,0
0.03647984838281892,0.04225378297858424,1766.0,13448.0,9.138175168835347e-05,5.586509102025604e-19,0.0,39792.0,0.0,0.0,0
0.03647893911919732,0.04225378297858424,1767.0,13448.0,9.047248806676208e-05,-7.169353347599526e-18,0.0,39792.0,0.0,0.0,0
0.03647803890289995,0.04225378297858424,1768.0,13448.0,8.95722717693695e-05,7.634895772768325e-18,0.0,39792.0,0.0,0.0,0
0.03647714764390437,0.04225378297858424,1769.0,13448.0,8.868101277380103e-05,5.772726072093124e-18,0.0,39792.0,0.0,0.0,0
0.03647626525308398,0.04225378297858424,1770.0,13448.0,8.779862195341054e-05,1.419904396764841e-17,0.0,39792.0,0.0,0.0,0
0.03647539164219894,0.04225378297858424,1771.0,13448.0,8.692501106837975e-05,-3.212242733664722e-18,0.0,39792.0,0.0,0.0,0
0.03647452672388745,0.04225378297858424,1772.0,13448.0,8.606009275689343e-05,-2.1880493982933617e-18,0.0,39792.0,0.0,0.0,0
0.036473670411656965,0.04225378297858424,1773.0,13448.0,8.520378052639947e-05,3.910556371417923e-18,0.0,39792.0,0.0,0.0,0
0.03647282261987553,0.04225378297858424,1774.0,13448.0,8.435598874496466e-05,4.841641221755523e-18,0.0,39792.0,0.0,0.0,0
0.03647198326376327,0.04225378297858424,1775.0,13448.0,8.351663263269697e-05,1.741128670131313e-17,0.0,39792.0,0.0,0.0,0
0.03647115225938386,0.04225378297858424,1776.0,13448.0,8.268562825329443e-05,3.864002128901043e-18,0.0,39792.0,0.0,0.0,0
0.036470329523636186,0.04225378297858424,1777.0,13448.0,8.186289250561582e-05,3.212242733664722e-18,0.0,39792.0,0.0,0.0,0
0.03646951497424597,0.04225378297858424,1778.0,13448.0,8.104834311541473e-05,-9.776390928544807e-19,0.0,39792.0,0.0,0.0,0
0.036468708529757615,0.04225378297858424,1779.0,13448.0,8.02418986270592e-05,-7.448678802700805e-18,0.0,39792.0,0.0,0.0,0
0.03646791010952602,0.04225378297858424,1780.0,13448.0,7.944347839543541e-05,2.1135626102663535e-17,0.0,39792.0,0.0,0.0,0
0.03646711963370844,0.04225378297858424,1781.0,13448.0,7.865300257785786e-05,2.0483866707427214e-17,0.0,39792.0,0.0,0.0,0
0.036466337023256655,0.04225378297858424,1782.0,13448.0,7.787039212608205e-05,1.331451335982769e-17,0.0,39792.0,0.0,0.0,0
0.03646556219990898,0.04225378297858424,1783.0,13448.0,7.709556877841272e-05,-1.6759527306076811e-18,0.0,39792.0,0.0,0.0,0
0.036464795086182424,0.04225378297858424,1784.0,13448.0,7.632845505186127e-05,2.0018324282258414e-18,0.0,39792.0,0.0,0.0,0
0.03646403560536499,0.04225378297858424,1785.0,13448.0,7.55689742344266e-05,2.1414951557764815e-18,0.0,39792.0,0.0,0.0,0
0.03646328368150795,0.04225378297858424,1786.0,13448.0,7.481705037739137e-05,5.260629404407444e-18,0.0,39792.0,0.0,0.0,0
0.036462539239418314,0.04225378297858424,1787.0,13448.0,7.407260828773703e-05,1.317485063227705e-17,0.0,39792.0,0.0,0.0,0
0.03646180220465122,0.04225378297858424,1788.0,13448.0,7.333557352064123e-05,1.722506973124561e-17,0.0,39792.0,0.0,0.0,0
0.03646107250350258,0.04225378297858424,1789.0,13448.0,7.260587237201436e-05,4.003664856451683e-18,0.0,39792.0,0.0,0.0,0
0.0364603500630017,0.04225378297858424,1790.0,13448.0,7.188343187112514e-05,7.402124560183925e-18,0.0,39792.0,0.0,0.0,0
0.03645963481090389,0.04225378297858424,1791.0,13448.0,7.116817977332799e-05,3.677785158833523e-18,0.0,39792.0,0.0,0.0,0
0.03645892667568339,0.04225378297858424,1792.0,13448.0,7.04600445528133e-05,2.2671916105720576e-17,0.0,39792.0,0.0,0.0,0
0.03645822558652603,0.04225378297858424,1793.0,13448.0,6.97589553954711e-05,-2.4208206108777616e-18,0.0,39792.0,0.0,0.0,0
0.036457531473322376,0.04225378297858424,1794.0,13448.0,6.906484219180008e-05,1.1452343659152489e-17,0.0,39792.0,0.0,0.0,0
0.03645684426666047,0.04225378297858424,1795.0,13448.0,6.837763552990629e-05,1.396627275506401e-19,0.0,39792.0,0.0,0.0,0
0.036456163897819124,0.04225378297858424,1796.0,13448.0,6.769726668854314e-05,2.0670083677494733e-17,0.0,39792.0,0.0,0.0,0
0.03645549029876083,0.04225378297858424,1797.0,13448.0,6.70236676302669e-05,-7.774558500318966e-18,0.0,39792.0,0.0,0.0,0
0.03645482340212518,0.04225378297858424,1798.0,13448.0,6.635677099460491e-05,1.1359235174118727e-17,0.0,39792.0,0.0,0.0,0
0.036454163141221914,0.04225378297858424,1799.0,13448.0,6.569651009133968e-05,1.550256275812105e-17,0.0,39792.0,0.0,0.0,0
0.0364535094500244,0.04225378297858424,1800.0,13448.0,6.504281889383167e-05,1.0847138506433047e-17,0.0,39792.0,0.0,0.0,0
0.03645286226316299,0.04225378297858424,1801.0,13448.0,6.439563203241612e-05,9.357402745892887e-18,0.0,39792.0,0.0,0.0,0
0.036452221515918426,0.04225378297858424,1802.0,13448.0,6.375488478786347e-05,0.0,0.0,39792.0,0.0,0.0,0
0.036451587144215494,0.04225378297858424,1803.0,13448.0,6.312051308492147e-05,4.515761524137363e-18,0.0,39792.0,0.0,0.0,0
0.03645095908461645,0.04225378297858424,1804.0,13448.0,6.24924534858888e-05,9.310848503376007e-19,0.0,39792.0,0.0,0.0,0
0.03645033727431485,0.04225378297858424,1805.0,13448.0,6.187064318428363e-05,3.7243394013504026e-18,0.0,39792.0,0.0,0.0,0
0.03644972165112913,0.04225378297858424,1806.0,13448.0,6.125501999855341e-05,1.1033355476500568e-17,0.0,39792.0,0.0,0.0,0
0.036449112153496444,0.04225378297858424,1807.0,13448.0,6.064552236586929e-05,7.914221227869606e-18,0.0,39792.0,0.0,0.0,0
0.03644850872046653,0.04225378297858424,1808.0,13448.0,6.0042089335960625e-05,7.448678802700805e-18,0.0,39792.0,0.0,0.0,0
0.0364479112916956,0.04225378297858424,1809.0,13448.0,5.9444660565020315e-05,9.171185775825366e-18,0.0,39792.0,0.0,0.0,0
0.03644731980744025,0.04225378297858424,1810.0,13448.0,5.885317630967738e-05,1.620087639587425e-17,0.0,39792.0,0.0,0.0,0
0.03644673420855157,0.04225378297858424,1811.0,13448.0,5.826757742100577e-05,8.938414563240967e-18,0.0,39792.0,0.0,0.0,0
0.0364461544364692,0.04225378297858424,1812.0,13448.0,5.768780533863142e-05,4.841641221755523e-18,0.0,39792.0,0.0,0.0,0
0.036445580433215434,0.04225378297858424,1813.0,13448.0,5.7113802084866075e-05,1.5828442455739211e-18,0.0,39792.0,0.0,0.0,0
0.036445012141389475,0.04225378297858424,1814.0,13448.0,5.6545510258905354e-05,9.171185775825366e-18,0.0,39792.0,0.0,0.0,0
0.036444449504161654,0.04225378297858424,1815.0,13448.0,5.598287303109172e-05,-1.3500730329895209e-18,0.0,39792.0,0.0,0.0,0
0.03644389246526781,0.04225378297858424,1816.0,13448.0,5.542583413723107e-05,1.8528588521718252e-17,0.0,39792.0,0.0,0.0,0
0.03644334096900355,0.04225378297858424,1817.0,13448.0,5.4874337872977314e-05,1.0986801233983688e-17,0.0,39792.0,0.0,0.0,0
0.0364427949602188,0.04225378297858424,1818.0,13448.0,5.432832908823788e-05,4.795086979238643e-18,0.0,39792.0,0.0,0.0,0
0.03644225438431225,0.04225378297858424,1819.0,13448.0,5.378775318167764e-05,8.333209410521526e-18,0.0,39792.0,0.0,0.0,0
0.03644171918722583,0.04225378297858424,1820.0,13448.0,5.325255609526276e-05,1.0241933353713607e-17,0.0,39792.0,0.0,0.0,0
0.036441189315439396,0.04225378297858424,1821.0,13448.0,5.272268430883239e-05,-1.6759527306076811e-18,0.0,39792.0,0.0,0.0,0
0.03644066471596533,0.04225378297858424,1822.0,13448.0,5.219808483476997e-05,-3.1656884911478423e-18,0.0,39792.0,0.0,0.0,0
0.03644014533634325,0.04225378297858424,1823.0,13448.0,5.167870521268803e-05,6.517593952363205e-18,0.0,39792.0,0.0,0.0,0
0.03643963112463476,0.04225378297858424,1824.0,13448.0,5.116449350419444e-05,9.031523048274726e-18,0.0,39792.0,0.0,0.0,0
0.03643912202941826,0.04225378297858424,1825.0,13448.0,5.065539828768842e-05,0.0,0.0,39792.0,0.0,0.0,0
0.03643861799978379,0.04225378297858424,1826.0,13448.0,5.015136865322158e-05,8.379763653038406e-19,0.0,39792.0,0.0,0.0,0
0.03643811898532799,0.04225378297858424,1827.0,13448.0,4.965235419741842e-05,1.1498897901669369e-17,0.0,39792.0,0.0,0.0,0
0.03643762493614898,0.04225378297858424,1828.0,13448.0,4.915830501840789e-05,1.9320010644505215e-17,0.0,39792.0,0.0,0.0,0
0.03643713580284144,0.04225378297858424,1829.0,13448.0,4.8669171710866e-05,9.869499413578568e-18,0.0,39792.0,0.0,0.0,0
0.03643665153649162,0.04225378297858424,1830.0,13448.0,4.818490536105231e-05,9.590173958477287e-18,0.0,39792.0,0.0,0.0,0
0.0364361720886725,0.04225378297858424,1831.0,13448.0,4.7705457541927494e-05,1.6852635791110572e-17,0.0,39792.0,0.0,0.0,0
0.036435697411438886,0.04225378297858424,1832.0,13448.0,4.7230780308313535e-05,1.513012881798601e-17,0.0,39792.0,0.0,0.0,0
0.03643522745732266,0.04225378297858424,1833.0,13448.0,4.67608261920919e-05,1.3407621844861449e-17,0.0,39792.0,0.0,0.0,0
0.03643476217932802,0.04225378297858424,1834.0,13448.0,4.6295548197451595e-05,-3.3519054612153623e-18,0.0,39792.0,0.0,0.0,0
0.036434301530926784,0.04225378297858424,1835.0,13448.0,4.58348997962171e-05,1.6061213668323612e-17,0.0,39792.0,0.0,0.0,0
0.036433845466053716,0.04225378297858424,1836.0,13448.0,4.537883492315258e-05,4.050219098968563e-18,0.0,39792.0,0.0,0.0,0
0.036433393939101964,0.04225378297858424,1837.0,13448.0,4.492730797139838e-05,9.310848503376006e-20,0.0,39792.0,0.0,0.0,0
0.03643294690491845,0.04225378297858424,1838.0,13448.0,4.4480273787882185e-05,9.822945171061688e-18,0.0,39792.0,0.0,0.0,0
0.03643250431879938,0.04225378297858424,1839.0,13448.0,4.403768766881033e-05,6.3779312248125645e-18,0.0,39792.0,0.0,0.0,0
0.03643206613648578,0.04225378297858424,1840.0,13448.0,4.359950535520095e-05,1.2848970934658889e-17,0.0,39792.0,0.0,0.0,0
0.03643163231415903,0.04225378297858424,1841.0,13448.0,4.3165683028463566e-05,2.0483866707427213e-18,0.0,39792.0,0.0,0.0,0
0.03643120280843657,0.04225378297858424,1842.0,13448.0,4.2736177306001e-05,6.098605769711284e-18,0.0,39792.0,0.0,0.0,0
0.03643077757636745,0.04225378297858424,1843.0,13448.0,4.231094523688105e-05,7.588341530251445e-18,0.0,39792.0,0.0,0.0,0
0.03643035657542811,0.04225378297858424,1844.0,13448.0,4.188994429754219e-05,8.286655168004646e-18,0.0,39792.0,0.0,0.0,0
0.03642993976351812,0.04225378297858424,1845.0,13448.0,4.1473132387544836e-05,1.261619972207449e-17,0.0,39792.0,0.0,0.0,0
0.036429527098955916,0.04225378297858424,1846.0,13448.0,4.1060467825346865e-05,1.396627275506401e-18,0.0,39792.0,0.0,0.0,0
0.03642911854047472,0.04225378297858424,1847.0,13448.0,4.0651909344147434e-05,2.793254551012802e-19,0.0,39792.0,0.0,0.0,0
0.03642871404721832,0.04225378297858424,1848.0,13448.0,4.024741608775799e-05,1.8621697006752012e-19,0.0,39792.0,0.0,0.0,0
0.0364283135787371,0.04225378297858424,1849.0,13448.0,3.984694760651957e-05,1.401282699758089e-17,0.0,39792.0,0.0,0.0,0
0.03642791709498381,0.04225378297858424,1850.0,13448.0,3.9450463853246296e-05,-2.1880493982933617e-18,0.0,39792.0,0.0,0.0,0
0.03642752455630981,0.04225378297858424,1851.0,13448.0,3.9057925179232754e-05,1.1359235174118727e-17,0.0,39792.0,0.0,0.0,0
0.036427135923460856,0.04225378297858424,1852.0,13448.0,3.866929233028682e-05,1.396627275506401e-18,0.0,39792.0,0.0,0.0,0
0.036426751157573364,0.04225378297858424,1853.0,13448.0,3.82845264428006e-05,4.469207281620483e-18,0.0,39792.0,0.0,0.0,0
0.03642637022017042,0.04225378297858424,1854.0,13448.0,3.7903589039856855e-05,-1.3500730329895209e-18,0.0,39792.0,0.0,0.0,0
0.036425993073157976,0.04225378297858424,1855.0,13448.0,3.7526442027409575e-05,1.1498897901669369e-17,0.0,39792.0,0.0,0.0,0
0.036425619678821,0.04225378297858424,1856.0,13448.0,3.7153047690436013e-05,3.910556371417923e-18,0.0,39792.0,0.0,0.0,0
0.036425249999819755,0.04225378297858424,1857.0,13448.0,3.6783368689190373e-05,4.143327584002323e-18,0.0,39792.0,0.0,0.0,0
0.03642488399918604,0.04225378297858424,1858.0,13448.0,3.6417368055464856e-05,1.252309123704073e-17,0.0,39792.0,0.0,0.0,0
0.03642452164031947,0.04225378297858424,1859.0,13448.0,3.605500918889751e-05,7.262461832633286e-18,0.0,39792.0,0.0,0.0,0
0.03642416288698385,0.04225378297858424,1860.0,13448.0,3.56962558532933e-05,-3.584676673799763e-18,0.0,39792.0,0.0,0.0,0
0.036423807703303585,0.04225378297858424,1861.0,13448.0,3.5341072173019574e-05,-1.7225069731245612e-18,0.0,39792.0,0.0,0.0,0
0.036423456053759976,0.04225378297858424,1862.0,13448.0,3.4989422629416117e-05,-3.1191342486309624e-18,0.0,39792.0,0.0,0.0,0
0.036423107903187806,0.04225378297858424,1863.0,13448.0,3.464127205723118e-05,3.1191342486309624e-18,0.0,39792.0,0.0,0.0,0
0.036422763216771695,0.04225378297858424,1864.0,13448.0,3.4296585641123566e-05,4.655424251688004e-18,0.0,39792.0,0.0,0.0,0
0.03642242196004272,0.04225378297858424,1865.0,13448.0,3.395532891215611e-05,8.705643350656566e-18,0.0,39792.0,0.0,0.0,0
0.03642208409887496,0.04225378297858424,1866.0,13448.0,3.361746774437992e-05,1.2010994569355049e-17,0.0,39792.0,0.0,0.0,0
0.03642174959948196,0.04225378297858424,1867.0,13448.0,3.328296835139051e-05,8.938414563240967e-18,0.0,39792.0,0.0,0.0,0
0.036421418428413545,0.04225378297858424,1868.0,13448.0,3.295179728297345e-05,2.0064878524775293e-17,0.0,39792.0,0.0,0.0,0
0.03642109055255231,0.04225378297858424,1869.0,13448.0,3.262392142174673e-05,1.4850803362884732e-17,0.0,39792.0,0.0,0.0,0
0.03642076593911041,0.04225378297858424,1870.0,13448.0,3.2299307979844505e-05,1.0474704566298008e-17,0.0,39792.0,0.0,0.0,0
0.03642044455562623,0.04225378297858424,1871.0,13448.0,3.197792449565676e-05,1.4338706695199052e-17,0.0,39792.0,0.0,0.0,0
0.03642012636996115,0.04225378297858424,1872.0,13448.0,3.1659738830567496e-05,1.689919003362745e-17,0.0,39792.0,0.0,0.0,0
0.03641981135029631,0.04225378297858424,1873.0,13448.0,3.134471916574895e-05,-8.938414563240967e-18,0.0,39792.0,0.0,0.0,0
0.03641949946512954,0.04225378297858424,1874.0,13448.0,3.10328339989616e-05,1.1731669114253768e-17,0.0,39792.0,0.0,0.0,0
0.036419190683272006,0.04225378297858424,1875.0,13448.0,3.072405214143963e-05,7.262461832633286e-18,0.0,39792.0,0.0,0.0,0
0.03641888497384529,0.04225378297858424,1876.0,13448.0,3.0418342714731976e-05,-8.240100925487767e-18,0.0,39792.0,0.0,0.0,0
0.03641858230627821,0.04225378297858424,1877.0,13448.0,3.0115675147645505e-05,6.610702437396965e-18,0.0,39792.0,0.0,0.0,0
0.036418282650303745,0.04225378297858424,1878.0,13448.0,2.98160191731699e-05,1.536290003057041e-18,0.0,39792.0,0.0,0.0,0
0.03641798597595602,0.04225378297858424,1879.0,13448.0,2.9519344825459307e-05,6.238268497261925e-18,0.0,39792.0,0.0,0.0,0
0.0364176922535674,0.04225378297858424,1880.0,13448.0,2.9225622436828623e-05,-3.0260257635972022e-18,0.0,39792.0,0.0,0.0,0
0.036417401453765375,0.04225378297858424,1881.0,13448.0,2.8934822634797837e-05,8.845306078207207e-18,0.0,39792.0,0.0,0.0,0
0.036417113547469716,0.04225378297858424,1882.0,13448.0,2.8646916339146546e-05,1.1731669114253768e-17,0.0,39792.0,0.0,0.0,0
0.036416828505889565,0.04225378297858424,1883.0,13448.0,2.836187475899451e-05,2.327712125844002e-18,0.0,39792.0,0.0,0.0,0
0.03641654630052053,0.04225378297858424,1884.0,13448.0,2.807966938995847e-05,7.774558500318966e-18,0.0,39792.0,0.0,0.0,0
0.036416266903141835,0.04225378297858424,1885.0,13448.0,2.780027201126256e-05,1.1126463961534328e-17,0.0,39792.0,0.0,0.0,0
0.03641599028581349,0.04225378297858424,1886.0,13448.0,2.7523654682930833e-05,-4.282990311552963e-18,0.0,39792.0,0.0,0.0,0
0.036415716420873566,0.04225378297858424,1887.0,13448.0,2.7249789743004976e-05,-2.467374853394642e-18,0.0,39792.0,0.0,0.0,0
0.03641544528093534,0.04225378297858424,1888.0,13448.0,2.697864980476054e-05,1.620087639587425e-17,0.0,39792.0,0.0,0.0,0
0.036415176838884566,0.04225378297858424,1889.0,13448.0,2.6710207753981397e-05,2.756011156999298e-17,0.0,39792.0,0.0,0.0,0
0.03641491106787681,0.04225378297858424,1890.0,13448.0,2.644443674623539e-05,1.261619972207449e-17,0.0,39792.0,0.0,0.0,0
0.03641464794133477,0.04225378297858424,1891.0,13448.0,2.618131020419961e-05,5.912388799643764e-18,0.0,39792.0,0.0,0.0,0
0.03641438743294558,0.04225378297858424,1892.0,13448.0,2.5920801815003613e-05,1.6852635791110572e-17,0.0,39792.0,0.0,0.0,0
0.03641412951665816,0.04225378297858424,1893.0,13448.0,2.5662885527589254e-05,2.0018324282258414e-18,0.0,39792.0,0.0,0.0,0
0.036413874166680675,0.04225378297858424,1894.0,13448.0,2.5407535550114996e-05,-4.655424251688003e-20,0.0,39792.0,0.0,0.0,0
0.036413621357477936,0.04225378297858424,1895.0,13448.0,2.5154726347365816e-05,-1.1173018204051208e-18,0.0,39792.0,0.0,0.0,0
0.036413371063768775,0.04225378297858424,1896.0,13448.0,2.4904432638215896e-05,-2.3742663683608817e-18,0.0,39792.0,0.0,0.0,0
0.03641312326052366,0.04225378297858424,1897.0,13448.0,2.465662939308282e-05,8.659089108139686e-18,0.0,39792.0,0.0,0.0,0
0.036412877922961995,0.04225378297858424,1898.0,13448.0,2.4411291831437475e-05,-9.450511230926647e-18,0.0,39792.0,0.0,0.0,0
0.03641263502654988,0.04225378297858424,1899.0,13448.0,2.41683954193133e-05,3.1191342486309624e-18,0.0,39792.0,0.0,0.0,0
0.036412394546997455,0.04225378297858424,1900.0,13448.0,2.3927915866878227e-05,1.9180347916954573e-17,0.0,39792.0,0.0,0.0,0
0.036412156460256535,0.04225378297858424,1901.0,13448.0,2.3689829125966492e-05,1.0754030021399287e-17,0.0,39792.0,0.0,0.0,0
0.03641192074251828,0.04225378297858424,1902.0,13448.0,2.345411138770873e-05,1.443181518023281e-17,0.0,39792.0,0.0,0.0,0
0.03641168737021071,0.04225378297858424,1903.0,13448.0,2.3220739080136845e-05,5.446846374474964e-18,0.0,39792.0,0.0,0.0,0
0.0364114563199964,0.04225378297858424,1904.0,13448.0,2.2989688865821837e-05,1.2010994569355049e-17,0.0,39792.0,0.0,0.0,0
0.036411227568770126,0.04225378297858424,1905.0,13448.0,2.276093763955197e-05,4.329544554069843e-18,0.0,39792.0,0.0,0.0,0
0.03641100109365658,0.04225378297858424,1906.0,13448.0,2.2534462526015096e-05,2.2346036408102416e-18,0.0,39792.0,0.0,0.0,0
0.036410776872008076,0.04225378297858424,1907.0,13448.0,2.2310240877505687e-05,1.8621697006752012e-19,0.0,39792.0,0.0,0.0,0
0.03641055488140224,0.04225378297858424,1908.0,13448.0,2.208825027168025e-05,-1.5828442455739211e-18,0.0,39792.0,0.0,0.0,0
0.036410335099639854,0.04225378297858424,1909.0,13448.0,2.1868468509284484e-05,2.2346036408102416e-18,0.0,39792.0,0.0,0.0,0
0.03641011750474254,0.04225378297858424,1910.0,13448.0,2.1650873611966213e-05,9.357402745892887e-18,0.0,39792.0,0.0,0.0,0
0.03640990207495062,0.04225378297858424,1911.0,13448.0,2.143544382005172e-05,1.1405789416635609e-17,0.0,39792.0,0.0,0.0,0
0.036409688788720966,0.04225378297858424,1912.0,13448.0,2.1222157590382727e-05,2.7420448842442338e-17,0.0,39792.0,0.0,0.0,0
0.03640947762472472,0.04225378297858424,1913.0,13448.0,2.1010993594157387e-05,-7.728004257802086e-18,0.0,39792.0,0.0,0.0,0
0.03640926856184537,0.04225378297858424,1914.0,13448.0,2.0801930714801486e-05,1.1219572446568088e-17,0.0,39792.0,0.0,0.0,0
0.036409061579176415,0.04225378297858424,1915.0,13448.0,2.0594948045848707e-05,4.003664856451683e-18,0.0,39792.0,0.0,0.0,0
0.03640885665601943,0.04225378297858424,1916.0,13448.0,2.0390024888865006e-05,3.910556371417923e-18,0.0,39792.0,0.0,0.0,0
0.036408653771881926,0.04225378297858424,1917.0,13448.0,2.018714075136439e-05,4.422653039103603e-18,0.0,39792.0,0.0,0.0,0
0.03640845290647533,0.04225378297858424,1918.0,13448.0,1.9986275344759605e-05,7.076244862565764e-18,0.0,39792.0,0.0,0.0,0
0.03640825403971291,0.04225378297858424,1919.0,13448.0,1.97874085823442e-05,4.003664856451683e-18,0.0,39792.0,0.0,0.0,0
0.036408057151707855,0.04225378297858424,1920.0,13448.0,1.959052057727604e-05,1.359383881492897e-17,0.0,39792.0,0.0,0.0,0
0.03640786222277116,0.04225378297858424,1921.0,13448.0,1.9395591640591827e-05,4.655424251688004e-18,0.0,39792.0,0.0,0.0,0
0.036407669233409795,0.04225378297858424,1922.0,13448.0,1.9202602279234898e-05,-1.1824777599287528e-17,0.0,39792.0,0.0,0.0,0
0.03640747816432469,0.04225378297858424,1923.0,13448.0,1.9011533194107628e-05,2.723423187237482e-17,0.0,39792.0,0.0,0.0,0
0.036407288996408715,0.04225378297858424,1924.0,13448.0,1.882236527814484e-05,1.1778223356770648e-17,0.0,39792.0,0.0,0.0,0
0.03640710171074497,0.04225378297858424,1925.0,13448.0,1.8635079614392556e-05,1.5642225485671692e-17,0.0,39792.0,0.0,0.0,0
0.03640691628860469,0.04225378297858424,1926.0,13448.0,1.8449657474132045e-05,1.6759527306076811e-18,0.0,39792.0,0.0,0.0,0
0.03640673271144555,0.04225378297858424,1927.0,13448.0,1.8266080314993396e-05,-6.145160012228164e-18,0.0,39792.0,0.0,0.0,0
0.03640655096090968,0.04225378297858424,1928.0,13448.0,1.8084329779108465e-05,1.1545452144186249e-17,0.0,39792.0,0.0,0.0,0
0.03640637101882184,0.04225378297858424,1929.0,13448.0,1.7904387691271674e-05,4.422653039103603e-18,0.0,39792.0,0.0,0.0,0
0.036406192867187694,0.04225378297858424,1930.0,13448.0,1.7726236057124266e-05,1.7038852761178092e-17,0.0,39792.0,0.0,0.0,0
0.036406016488191924,0.04225378297858424,1931.0,13448.0,1.754985706135321e-05,5.4002921319580835e-18,0.0,39792.0,0.0,0.0,0
0.036405841864196486,0.04225378297858424,1932.0,13448.0,1.7375233065914796e-05,1.8901022461853294e-17,0.0,39792.0,0.0,0.0,0
0.03640566897773882,0.04225378297858424,1933.0,13448.0,1.720234660826046e-05,-7.355570317667045e-18,0.0,39792.0,0.0,0.0,0
0.03640549781153018,0.04225378297858424,1934.0,13448.0,1.7031180399603388e-05,1.629398488090801e-17,0.0,39792.0,0.0,0.0,0
0.036405328348453746,0.04225378297858424,1935.0,13448.0,1.6861717323181618e-05,7.541787287734565e-18,0.0,39792.0,0.0,0.0,0
0.036405160571563115,0.04225378297858424,1936.0,13448.0,1.669394043254106e-05,9.683282443511046e-18,0.0,39792.0,0.0,0.0,0
0.03640499446408042,0.04225378297858424,1937.0,13448.0,1.6527832949856295e-05,-6.052051527194404e-19,0.0,39792.0,0.0,0.0,0
0.03640483000939481,0.04225378297858424,1938.0,13448.0,1.6363378264238785e-05,1.722506973124561e-17,0.0,39792.0,0.0,0.0,0
0.036404667191060655,0.04225378297858424,1939.0,13448.0,1.6200559930084677e-05,1.303518790472641e-18,0.0,39792.0,0.0,0.0,0
0.036404505992795995,0.04225378297858424,1940.0,13448.0,1.603936166542325e-05,1.364039305744585e-17,0.0,39792.0,0.0,0.0,0
0.036404346398480864,0.04225378297858424,1941.0,13448.0,1.587976735029742e-05,7.681450015285205e-18,0.0,39792.0,0.0,0.0,0
0.036404188392155715,0.04225378297858424,1942.0,13448.0,1.5721761025137257e-05,2.523239944414898e-17,0.0,39792.0,0.0,0.0,0
0.03640403195801974,0.04225378297858424,1943.0,13448.0,1.556532688918103e-05,-1.163856062922001e-18,0.0,39792.0,0.0,0.0,0
0.03640387708042945,0.04225378297858424,1944.0,13448.0,1.541044929888381e-05,4.655424251688003e-20,0.0,39792.0,0.0,0.0,0
0.03640372374389693,0.04225378297858424,1945.0,13448.0,1.5257112766358456e-05,1.1405789416635609e-17,0.0,39792.0,0.0,0.0,0
0.03640357193308841,0.04225378297858424,1946.0,13448.0,1.5105301957826304e-05,2.1414951557764815e-17,0.0,39792.0,0.0,0.0,0
0.036403421632822654,0.04225378297858424,1947.0,13448.0,1.4955001692077693e-05,1.0660921536365527e-17,0.0,39792.0,0.0,0.0,0
0.03640327282806953,0.04225378297858424,1948.0,13448.0,1.4806196938961838e-05,3.7243394013504026e-18,0.0,39792.0,0.0,0.0,0
0.03640312550394845,0.04225378297858424,1949.0,13448.0,1.4658872817874293e-05,5.679617587059364e-18,0.0,39792.0,0.0,0.0,0
0.03640297964572686,0.04225378297858424,1950.0,13448.0,1.4513014596285599e-05,1.7876829126481933e-17,0.0,39792.0,0.0,0.0,0
0.03640283523881882,0.04225378297858424,1951.0,13448.0,1.4368607688253154e-05,4.981303949306164e-18,0.0,39792.0,0.0,0.0,0
0.03640269226878354,0.04225378297858424,1952.0,13448.0,1.4225637652960863e-05,1.5456008515604172e-17,0.0,39792.0,0.0,0.0,0
0.036402550721323874,0.04225378297858424,1953.0,13448.0,1.4084090193292658e-05,2.0204541252325934e-17,0.0,39792.0,0.0,0.0,0
0.03640241058228495,0.04225378297858424,1954.0,13448.0,1.394395115437679e-05,6.0520515271944044e-18,0.0,39792.0,0.0,0.0,0
0.03640227183765276,0.04225378297858424,1955.0,13448.0,1.3805206522197836e-05,6.983136377532005e-18,0.0,39792.0,0.0,0.0,0
0.036402134473552734,0.04225378297858424,1956.0,13448.0,1.3667842422175202e-05,-6.471039709846324e-18,0.0,39792.0,0.0,0.0,0
0.03640199847624836,0.04225378297858424,1957.0,13448.0,1.3531845117781784e-05,1.6945744276144332e-17,0.0,39792.0,0.0,0.0,0
0.03640186383213976,0.04225378297858424,1958.0,13448.0,1.3397201009181592e-05,1.0102270626162967e-17,0.0,39792.0,0.0,0.0,0
0.03640173052776241,0.04225378297858424,1959.0,13448.0,1.3263896631844213e-05,-5.586509102025604e-18,0.0,39792.0,0.0,0.0,0
0.03640159854978579,0.04225378297858424,1960.0,13448.0,1.3131918655222782e-05,2.2346036408102416e-18,0.0,39792.0,0.0,0.0,0
0.03640146788501198,0.04225378297858424,1961.0,13448.0,1.3001253881410384e-05,1.322140487479393e-17,0.0,39792.0,0.0,0.0,0
0.036401338520374395,0.04225378297858424,1962.0,13448.0,1.2871889243821244e-05,1.7085407003694973e-17,0.0,39792.0,0.0,0.0,0
0.03640121044293645,0.04225378297858424,1963.0,13448.0,1.2743811805884036e-05,-1.6759527306076811e-18,0.0,39792.0,0.0,0.0,0
0.036401083639890315,0.04225378297858424,1964.0,13448.0,1.26170087597433e-05,9.776390928544807e-19,0.0,39792.0,0.0,0.0,0
0.036400958098555564,0.04225378297858424,1965.0,13448.0,1.2491467424995409e-05,1.1033355476500568e-17,0.0,39792.0,0.0,0.0,0
0.03640083380637798,0.04225378297858424,1966.0,13448.0,1.236717524740143e-05,2.4627194291429538e-17,0.0,39792.0,0.0,0.0,0
0.03640071075092821,0.04225378297858424,1967.0,13448.0,1.2244119797638467e-05,1.1405789416635609e-17,0.0,39792.0,0.0,0.0,0
0.036400588919900626,0.04225378297858424,1968.0,13448.0,1.2122288770055208e-05,1.536290003057041e-18,0.0,39792.0,0.0,0.0,0
0.03640046830111203,0.04225378297858424,1969.0,13448.0,1.2001669981452633e-05,9.729836686027926e-18,0.0,39792.0,0.0,0.0,0
0.03640034888250042,0.04225378297858424,1970.0,13448.0,1.1882251369849598e-05,-2.793254551012802e-19,0.0,39792.0,0.0,0.0,0
0.036400230652123854,0.04225378297858424,1971.0,13448.0,1.1764020993285704e-05,3.957110613934803e-18,0.0,39792.0,0.0,0.0,0
0.036400113598159194,0.04225378297858424,1972.0,13448.0,1.1646967028622216e-05,6.936582135015125e-18,0.0,39792.0,0.0,0.0,0
0.03639999770890095,0.04225378297858424,1973.0,13448.0,1.153107777037239e-05,1.489735760540161e-17,0.0,39792.0,0.0,0.0,0
0.03639988297276007,0.04225378297858424,1974.0,13448.0,1.1416341629506389e-05,8.007329712903366e-18,0.0,39792.0,0.0,0.0,0
0.0363997693782629,0.04225378297858424,1975.0,13448.0,1.1302747132315408e-05,1.9832107312190895e-17,0.0,39792.0,0.0,0.0,0
0.03639965691404984,0.04225378297858424,1976.0,13448.0,1.119028291925803e-05,1.8901022461853294e-17,0.0,39792.0,0.0,0.0,0
0.03639954556887439,0.04225378297858424,1977.0,13448.0,1.1078937743817066e-05,4.888195464272403e-18,0.0,39792.0,0.0,0.0,0
0.03639943533160194,0.04225378297858424,1978.0,13448.0,1.0968700471384332e-05,-4.469207281620483e-18,0.0,39792.0,0.0,0.0,0
0.03639932619120871,0.04225378297858424,1979.0,13448.0,1.0859560078137055e-05,1.405938124009777e-17,0.0,39792.0,0.0,0.0,0
0.036399218136780515,0.04225378297858424,1980.0,13448.0,1.0751505649948573e-05,5.0744124343399235e-18,0.0,39792.0,0.0,0.0,0
0.03639911115751186,0.04225378297858424,1981.0,13448.0,1.0644526381286696e-05,1.7085407003694973e-17,0.0,39792.0,0.0,0.0,0
0.0363990052427047,0.04225378297858424,1982.0,13448.0,1.053861157413257e-05,4.189881826519203e-18,0.0,39792.0,0.0,0.0,0
0.03639890038176748,0.04225378297858424,1983.0,13448.0,1.0433750636915217e-05,-5.353737889441204e-18,0.0,39792.0,0.0,0.0,0
0.03639879656421403,0.04225378297858424,1984.0,13448.0,1.0329933083458655e-05,6.610702437396965e-18,0.0,39792.0,0.0,0.0,0
0.03639869377966249,0.04225378297858424,1985.0,13448.0,1.0227148531917389e-05,1.0428150323781128e-17,0.0,39792.0,0.0,0.0,0
0.03639859201783433,0.04225378297858424,1986.0,13448.0,1.0125386703753885e-05,1.405938124009777e-17,0.0,39792.0,0.0,0.0,0
0.03639849126855327,0.04225378297858424,1987.0,13448.0,1.0024637422696947e-05,4.795086979238643e-18,0.0,39792.0,0.0,0.0,0
0.0363983915217443,0.04225378297858424,1988.0,13448.0,9.924890613737812e-06,4.189881826519203e-18,0.0,39792.0,0.0,0.0,0
0.03639829276743268,0.04225378297858424,1989.0,13448.0,9.826136302109833e-06,6.284822739778805e-18,0.0,39792.0,0.0,0.0,0
0.03639819499574288,0.04225378297858424,1990.0,13448.0,9.728364612299114e-06,9.310848503376007e-18,0.0,39792.0,0.0,0.0,0
0.03639809819689762,0.04225378297858424,1991.0,13448.0,9.631565767058799e-06,-7.169353347599526e-18,0.0,39792.0,0.0,0.0,0
0.03639800236121699,0.04225378297858424,1992.0,13448.0,9.535730086421263e-06,8.845306078207207e-18,0.0,39792.0,0.0,0.0,0
0.0363979074791173,0.04225378297858424,1993.0,13448.0,9.440847986738384e-06,2.5604833384284017e-18,0.0,39792.0,0.0,0.0,0
0.0363978135411103,0.04225378297858424,1994.0,13448.0,9.34690997971985e-06,1.438526093771593e-17,0.0,39792.0,0.0,0.0,0
0.03639772053780205,0.04225378297858424,1995.0,13448.0,9.253906671491365e-06,-1.0847138506433047e-17,0.0,39792.0,0.0,0.0,0
0.036397628459892216,0.04225378297858424,1996.0,13448.0,9.161828761638896e-06,1.8435480036684492e-17,0.0,39792.0,0.0,0.0,0
0.03639753729817287,0.04225378297858424,1997.0,13448.0,9.070667042299742e-06,4.0967733414854426e-18,0.0,39792.0,0.0,0.0,0
0.03639744704352779,0.04225378297858424,1998.0,13448.0,8.98041239722524e-06,8.379763653038406e-19,0.0,39792.0,0.0,0.0,0
0.03639735768693144,0.04225378297858424,1999.0,13448.0,8.89105580087011e-06,2.467374853394642e-18,0.0,39792.0,0.0,0.0,0
0.036397269219448074,0.04225378297858424,2000.0,13448.0,8.80258831750688e-06,4.7019784942048835e-18,0.0,39792.0,0.0,0.0,0
0.03639718163223088,0.04225378297858424,2001.0,13448.0,8.71500110031044e-06,1.1452343659152489e-17,0.0,39792.0,0.0,0.0,0
0.036397094916521065,0.04225378297858424,2002.0,13448.0,8.628285390484327e-06,1.9692444584640254e-17,0.0,39792.0,0.0,0.0,0
0.036397009063646964,0.04225378297858424,2003.0,13448.0,8.54243251638909e-06,2.0530420949944095e-17,0.0,39792.0,0.0,0.0,0
0.03639692406502323,0.04225378297858424,2004.0,13448.0,8.45743389266785e-06,3.8174478863841624e-18,0.0,39792.0,0.0,0.0,0
0.03639683991214993,0.04225378297858424,2005.0,13448.0,8.373281019378452e-06,-8.565980623105926e-18,0.0,39792.0,0.0,0.0,0
0.03639683991214993,0.04225378297858424,2005.0,13448.0,8.373281019378452e-06,-8.565980623105926e-18,0.0,39792.0,0.0,0.0,0
