Total_strain,Slip_strain,Time,Slip Count,Creep,Elastic,Hygroexp,Number_of_fibers,Load,Moisture,Broken
0.0,0.0,0.0,0.0,0.0,0.0,0.0,40000.0,0.0,0.0,0
0.0,0.0,5.0,0.0,0.0,0.0,0.0,40000.0,0.0,0.0,0
1.6070249702889716,0.06894266184499256,5.0,3689.0,0.0,1.5387302237951546,0.0,39972.0,1.5053946557299966,0.0,0
1.6070249702889716,0.06894266184499256,5.0,3689.0,0.0,1.5387302237951546,0.0,39972.0,1.5053946557299966,0.0,0
1.6741976038551,0.07748485963347246,6.0,4003.0,0.058633479811321526,1.5387687199604694,0.0,39971.0,1.5053946557299966,0.0,0
1.6968073879504098,0.08097582078350182,7.0,4118.0,0.07775230275660168,1.538768719960469,0.0,39971.0,1.5053946557299966,0.0,0
1.7112099716691924,0.083311841151257,8.0,4191.0,0.08982298294552997,1.5388072180520365,0.0,39970.0,1.5053946557299966,0.0,0
1.7217851856288562,0.0848008558676407,9.0,4244.0,0.09890918218880997,1.5388072180520365,0.0,39970.0,1.5053946557299966,0.0,0
1.7308824307939101,0.08626231436517379,10.0,4291.0,0.10654496885633108,1.5388072180520362,0.0,39970.0,1.5053946557299966,0.0,0
1.7385342596418236,0.08713233351963375,11.0,4322.0,0.11332677854978444,1.538807218052037,0.0,39970.0,1.5053946557299966,0.0,0
1.7458711825218025,0.08829455987140367,12.0,4359.0,0.11950652711641878,1.5388457180700017,0.0,39969.0,1.5053946557299966,0.0,0
1.7523058019267406,0.08903867210133691,13.0,4385.0,0.12519703429142345,1.5388457180700021,0.0,39969.0,1.5053946557299966,0.0,0
1.7586837727373148,0.0901448974228689,14.0,4421.0,0.13046877978046578,1.5388457180700017,0.0,39969.0,1.5053946557299966,0.0,0
1.7642876025340588,0.09085108410641589,15.0,4446.0,0.13537198930027955,1.5388842200145088,0.0,39968.0,1.5053946557299966,0.0,0
1.7695058752207427,0.09150393780885512,16.0,4467.0,0.1399374082845238,1.5388842200145092,0.0,39968.0,1.5053946557299966,0.0,0
1.7746009391544018,0.09233663875440161,17.0,4494.0,0.14419977127263664,1.5388842200145092,0.0,39968.0,1.5053946557299966,0.0,0
1.7790906769757746,0.09283909738026701,18.0,4511.0,0.14818705046814412,1.5388842200145092,0.0,39968.0,1.5053946557299966,0.0,0
1.7836762248235163,0.09368741594777777,19.0,4537.0,0.15192427974837483,1.5388842200145085,0.0,39968.0,1.5053946557299966,0.0,0
1.7880550865680949,0.0945565333522956,20.0,4566.0,0.15543402408843582,1.5388842200145094,0.0,39968.0,1.5053946557299966,0.0,0
1.7918045755221454,0.09500336907974484,21.0,4582.0,0.15873667731503724,1.5388842200145092,0.0,39968.0,1.5053946557299966,0.0,0
1.795529243761816,0.09561648432603749,22.0,4601.0,0.1618546157286978,1.5389227238857035,0.0,39967.0,1.5053946557299966,0.0,0
1.798838940060822,0.09598397593615628,23.0,4618.0,0.16479682041758498,1.5389227238857037,0.0,39967.0,1.5053946557299966,0.0,0
1.8022958388058854,0.09665552156281093,24.0,4641.0,0.16758217353599375,1.5389227238857037,0.0,39967.0,1.5053946557299966,0.0,0
1.8054789870608015,0.09719643922497881,25.0,4656.0,0.1702244041287419,1.5389227238857037,0.0,39967.0,1.5053946557299966,0.0,0
1.8084171346384805,0.09762306883442945,26.0,4667.0,0.17273592209697045,1.5389227238857028,0.0,39967.0,1.5053946557299966,0.0,0
1.8112330309658355,0.0980469209242802,27.0,4681.0,0.1751279663344747,1.538922723885703,0.0,39967.0,1.5053946557299966,0.0,0
1.8140623915586087,0.09859353046600816,28.0,4698.0,0.1774107173855201,1.538922723885703,0.0,39967.0,1.5053946557299966,0.0,0
1.8167856001041292,0.09913405786254129,29.0,4717.0,0.17959339853450726,1.538922723885703,0.0,39967.0,1.5053946557299966,0.0,0
1.819318890927902,0.09957638025579708,30.0,4732.0,0.1816843669650247,1.538922723885703,0.0,39967.0,1.5053946557299966,0.0,0
1.821539503333383,0.09979016349587873,31.0,4738.0,0.18369119613042356,1.538922723885703,0.0,39967.0,1.5053946557299966,0.0,0
1.823686032412558,0.10000713846072605,32.0,4745.0,0.18562075024475125,1.5389227238857026,0.0,39967.0,1.5053946557299966,0.0,0
1.8260279182282293,0.1004905228505894,33.0,4761.0,0.18747925167055948,1.538922723885703,0.0,39967.0,1.5053946557299966,0.0,0
1.8281964500049377,0.10086596440851739,34.0,4772.0,0.18927234188933964,1.5389227238857033,0.0,39967.0,1.5053946557299966,0.0,0
1.8306260539820471,0.10156277360608866,35.0,4794.0,0.19100513666887808,1.5389227238857035,0.0,39967.0,1.5053946557299966,0.0,0
1.8325821154350932,0.10184437477261743,36.0,4807.0,0.1926869445738499,1.5389612296837292,0.0,39966.0,1.5053946557299966,0.0,0
1.8345686963149797,0.10220516805806767,37.0,4818.0,0.1943127321682861,1.538961229683728,0.0,39966.0,1.5053946557299966,0.0,0
1.8364022960135258,0.10246064642426699,38.0,4826.0,0.19589085350063293,1.5389612296837285,0.0,39966.0,1.5053946557299966,0.0,0
1.8380930337450474,0.102617430285029,39.0,4831.0,0.1974248073713925,1.5389612296837292,0.0,39966.0,1.5053946557299966,0.0,0
1.8399787851969085,0.10301024381711488,40.0,4842.0,0.19891774529116762,1.5389612296837292,0.0,39966.0,1.5053946557299966,0.0,0
1.8419502623720097,0.10352693900649382,41.0,4858.0,0.2003725272768898,1.5389612296837292,0.0,39966.0,1.5053946557299966,0.0,0
1.84352769763526,0.10368515074232106,42.0,4863.0,0.201791750804313,1.5389612296837287,0.0,39966.0,1.5053946557299966,0.0,0
1.8452283491093395,0.10399977684759101,43.0,4874.0,0.20317777617312244,1.5389612296837292,0.0,39966.0,1.5053946557299966,0.0,0
1.8469358506810172,0.104352305439335,44.0,4884.0,0.20453274915305622,1.5389612296837285,0.0,39966.0,1.5053946557299966,0.0,0
1.8484032268674526,0.10449380941549276,45.0,4889.0,0.2058586213633341,1.538961229683729,0.0,39966.0,1.5053946557299966,0.0,0
1.8499095107988017,0.10470154603787891,46.0,4896.0,0.20715716867229675,1.5389612296837292,0.0,39966.0,1.5053946557299966,0.0,0
1.8513248468425976,0.10484404292213206,47.0,4902.0,0.20843000783183968,1.5389612296837292,0.0,39966.0,1.5053946557299966,0.0,0
1.8527483199765076,0.10501891236362933,48.0,4908.0,0.2096786115242524,1.5389612296837292,0.0,39966.0,1.5053946557299966,0.0,0
1.8540646713091695,0.10510955324446701,49.0,4911.0,0.21090432197607673,1.5389612296837287,0.0,39966.0,1.5053946557299966,0.0,0
1.8554543260435439,0.10529516667827295,50.0,4915.0,0.21210836327664495,1.5389612296837292,0.0,39966.0,1.5053946557299966,0.0,0
1.8568698737761644,0.10552722516250339,51.0,4922.0,0.21329185252503477,1.5389612296837294,0.0,39966.0,1.5053946557299966,0.0,0
1.8582266414593849,0.10572003545366146,52.0,4929.0,0.21445580991709745,1.5389612296837287,0.0,39966.0,1.5053946557299966,0.0,0
1.8595932880830417,0.10594132412093417,53.0,4937.0,0.21560116787348158,1.5389612296837294,0.0,39966.0,1.5053946557299966,0.0,0
1.860844879759288,0.10606530437073555,54.0,4942.0,0.2167287792999264,1.5389612296837287,0.0,39966.0,1.5053946557299966,0.0,0
1.8621133240180092,0.1062231028669807,55.0,4948.0,0.21783942506240273,1.5389612296837283,0.0,39966.0,1.5053946557299966,0.0,0
1.863416397926301,0.10643178108586608,56.0,4953.0,0.218933820751809,1.5389612296837287,0.0,39966.0,1.5053946557299966,0.0,0
1.8646848023879945,0.10662138349354362,57.0,4958.0,0.22001262280582504,1.538961229683729,0.0,39966.0,1.5053946557299966,0.0,0
1.8659778515777523,0.1068506214400386,58.0,4965.0,0.22107643404908794,1.538961229683729,0.0,39966.0,1.5053946557299966,0.0,0
1.8672607232057223,0.10708411841005959,59.0,4970.0,0.22212580870703702,1.5389612296837287,0.0,39966.0,1.5053946557299966,0.0,0
1.8684180507635364,0.1072059977314065,60.0,4976.0,0.22316125694350397,1.538961229683729,0.0,39966.0,1.5053946557299966,0.0,0
1.8697284021454017,0.107494357089413,61.0,4983.0,0.22418324896736283,1.5389612296837285,0.0,39966.0,1.5053946557299966,0.0,0
1.8712356381006,0.1079926232627349,62.0,4998.0,0.2251922187492393,1.5389612296837285,0.0,39966.0,1.5053946557299966,0.0,0
1.87233581856123,0.10809645508722426,63.0,5001.0,0.22618856738537982,1.5389612296837287,0.0,39966.0,1.5053946557299966,0.0,0
1.8734421638454755,0.10821870161460123,64.0,5005.0,0.22717266614224838,1.5389612296837285,0.0,39966.0,1.5053946557299966,0.0,0
1.8746350707022665,0.10843941540141502,65.0,5012.0,0.22814485921222546,1.5389612296837292,0.0,39966.0,1.5053946557299966,0.0,0
1.875744484940788,0.10858822264426896,66.0,5017.0,0.22910546620789313,1.5389612296837287,0.0,39966.0,1.5053946557299966,0.0,0
1.8768815822380185,0.10877600172961727,67.0,5021.0,0.23005478441977498,1.5389612296837287,0.0,39966.0,1.5053946557299966,0.0,0
1.8779388825704726,0.10889499562181254,68.0,5025.0,0.2309930908600339,1.5389612296837287,0.0,39966.0,1.5053946557299966,0.0,0
1.8789665890620764,0.10899514886096455,69.0,5028.0,0.2319206441124861,1.5389612296837287,0.0,39966.0,1.5053946557299966,0.0,0
1.8800043239685331,0.1091158418725503,70.0,5032.0,0.23283768600735666,1.538961229683729,0.0,39966.0,1.5053946557299966,0.0,0
1.8811461908996052,0.10935095167353118,71.0,5039.0,0.233744443137448,1.5389612296837287,0.0,39966.0,1.5053946557299966,0.0,0
1.8822515366590662,0.10955961233963912,72.0,5045.0,0.23464112823080144,1.5389612296837285,0.0,39966.0,1.5053946557299966,0.0,0
1.8832130118265933,0.10963427434446454,73.0,5049.0,0.23552794139350294,1.5389612296837287,0.0,39966.0,1.5053946557299966,0.0,0
1.8843361605028415,0.10988029317923174,74.0,5057.0,0.23640507123498397,1.5389612296837287,0.0,39966.0,1.5053946557299966,0.0,0
1.8853924383449,0.11006894636928552,75.0,5061.0,0.23727269588698827,1.5389612296837292,0.0,39966.0,1.5053946557299966,0.0,0
1.886260963862201,0.11007918384725497,76.0,5062.0,0.23813098392632,1.538961229683729,0.0,39966.0,1.5053946557299966,0.0,0
1.8872742308420105,0.1102433395428658,77.0,5066.0,0.23898009521051886,1.538961229683729,0.0,39966.0,1.5053946557299966,0.0,0
1.888315776430056,0.1104447987066858,78.0,5072.0,0.23982018163474408,1.5389612296837287,0.0,39966.0,1.5053946557299966,0.0,0
1.8892311487442655,0.11052896483828388,79.0,5075.0,0.24065138781735573,1.5389612296837285,0.0,39966.0,1.5053946557299966,0.0,0
1.8902450161667728,0.11072036835717572,80.0,5080.0,0.24147385172097108,1.5389612296837292,0.0,39966.0,1.5053946557299966,0.0,0
1.891397639125022,0.1110591378212641,81.0,5090.0,0.24228770521513207,1.5389612296837287,0.0,39966.0,1.5053946557299966,0.0,0
1.8925908226521246,0.11144695197736743,82.0,5101.0,0.243093074586131,1.5389612296837287,0.0,39966.0,1.5053946557299966,0.0,0
1.8937560088238836,0.11181513173624258,83.0,5111.0,0.24389008099901516,1.5389612296837294,0.0,39966.0,1.5053946557299966,0.0,0
1.8946869514582603,0.11195731445331705,84.0,5114.0,0.24467884091631723,1.5389612296837292,0.0,39966.0,1.5053946557299966,0.0,0
1.8955406714994723,0.11203040893322613,85.0,5117.0,0.24545946647762015,1.5389612296837285,0.0,39966.0,1.5053946557299966,0.0,0
1.8964575898751805,0.11217472794287704,86.0,5121.0,0.24623206584367763,1.5389612296837292,0.0,39966.0,1.5053946557299966,0.0,0
1.8973376870748013,0.11229014747771811,87.0,5125.0,0.24699674350845732,1.5389612296837285,0.0,39966.0,1.5053946557299966,0.0,0
1.8982514245747604,0.11244702790398395,88.0,5129.0,0.24775360058215032,1.5389612296837292,0.0,39966.0,1.5053946557299966,0.0,0
1.8990996444684256,0.11254611333189389,89.0,5133.0,0.248502735047906,1.5389612296837296,0.0,39966.0,1.5053946557299966,0.0,0
1.8998514668903892,0.11255642880697872,90.0,5134.0,0.24924424199478462,1.538961229683729,0.0,39966.0,1.5053946557299966,0.0,0
1.900670111635921,0.11264110171811108,91.0,5137.0,0.2499782138291838,1.5389612296837298,0.0,39966.0,1.5053946557299966,0.0,0
1.9016240372655238,0.11286850071011494,92.0,5143.0,0.2507047404667829,1.5389612296837285,0.0,39966.0,1.5053946557299966,0.0,0
1.9024114499686084,0.11293674437313139,93.0,5146.0,0.25142390950685095,1.5389612296837296,0.0,39966.0,1.5053946557299966,0.0,0
1.9035285743492831,0.11334499441341951,94.0,5156.0,0.2521419099361435,1.538999737408731,0.0,39965.0,1.5053946557299966,0.0,0
1.904379842543502,0.1134914800047237,95.0,5160.0,0.2528466925390581,1.538999737408731,0.0,39965.0,1.5053946557299966,0.0,0
1.9051277847130514,0.1135417865445986,96.0,5162.0,0.25354432816873257,1.5389997374087299,0.0,39965.0,1.5053946557299966,0.0,0
1.9059945271476058,0.11371792789757752,97.0,5167.0,0.2542349292503082,1.5389997374087303,0.0,39965.0,1.5053946557299966,0.0,0
1.9070951037209278,0.11413485574707978,98.0,5179.0,0.2549185779741277,1.5389997374087308,0.0,39965.0,1.5053946557299966,0.0,0
1.907877528234715,0.11424050580032327,99.0,5183.0,0.25559535243467163,1.5389997374087308,0.0,39965.0,1.5053946557299966,0.0,0
1.908713736612244,0.11440673829042004,100.0,5189.0,0.256265328322104,1.5389997374087296,0.0,39965.0,1.5053946557299966,0.0,0
1.909376987883401,0.11440673829042004,101.0,5189.0,0.2569285795932607,1.5389997374087299,0.0,39965.0,1.5053946557299966,0.0,0
1.9102518080233013,0.11462495926033364,102.0,5195.0,0.2575851787632475,1.5389997374087299,0.0,39965.0,1.5053946557299966,0.0,0
1.9110347773580432,0.11475791030475432,103.0,5199.0,0.2582351970535685,1.5389997374087299,0.0,39965.0,1.5053946557299966,0.0,0
1.9117945880544356,0.11487421357077185,104.0,5203.0,0.25887870448394357,1.5389997374087303,0.0,39965.0,1.5053946557299966,0.0,0
1.9125980231474207,0.11504058320749348,105.0,5207.0,0.25951576994020714,1.5389997374087299,0.0,39965.0,1.5053946557299966,0.0,0
1.9132844983640611,0.11509636713383106,106.0,5209.0,0.26014646123050994,1.53899973740873,0.0,39965.0,1.5053946557299966,0.0,0
1.9140024794458732,0.11518996431156268,107.0,5212.0,0.26077084513459053,1.53899973740873,0.0,39965.0,1.5053946557299966,0.0,0
1.9147870898622006,0.11535643241436318,108.0,5218.0,0.26138898744811734,1.5389997374087303,0.0,39965.0,1.5053946557299966,0.0,0
1.915469853267848,0.11542723024506854,109.0,5220.0,0.26200095302305915,1.5389997374087312,0.0,39965.0,1.5053946557299966,0.0,0
1.916250338623153,0.11560186281879337,110.0,5225.0,0.2626068058046399,1.5389997374087296,0.0,39965.0,1.5053946557299966,0.0,0
1.9169460599345927,0.11569778106960867,111.0,5227.0,0.2632066088652638,1.538999737408731,0.0,39965.0,1.5053946557299966,0.0,0
1.917694394419273,0.11585229998383226,112.0,5232.0,0.26380042443572055,1.5389997374087308,0.0,39965.0,1.5053946557299966,0.0,0
1.91844325333684,0.11601326940319102,113.0,5238.0,0.2643883139339291,1.5389997374087303,0.0,39965.0,1.5053946557299966,0.0,0
1.9191984574538525,0.11618644946267496,114.0,5243.0,0.2649703379914575,1.53899973740873,0.0,39965.0,1.5053946557299966,0.0,0
1.9199453147104135,0.11635708823267057,115.0,5248.0,0.265546556478023,1.538999737408731,0.0,39965.0,1.5053946557299966,0.0,0
1.9207137450122571,0.1165550464883759,116.0,5254.0,0.2661170285241609,1.538999737408731,0.0,39965.0,1.5053946557299966,0.0,0
1.9214267826213147,0.11670330007936075,117.0,5259.0,0.2666818125422338,1.5389997374087303,0.0,39965.0,1.5053946557299966,0.0,0
1.9219859363250094,0.11670330007936075,118.0,5259.0,0.2672409662459286,1.5389997374087305,0.0,39965.0,1.5053946557299966,0.0,0
1.9226357107994876,0.11679949413137852,119.0,5261.0,0.2677945466683891,1.5389997374087299,0.0,39965.0,1.5053946557299966,0.0,0
1.9232689190622103,0.11688463888339064,120.0,5265.0,0.26834261017909977,1.5389997374087296,0.0,39965.0,1.5053946557299966,0.0,0
1.9238805734128197,0.11695369091345731,121.0,5268.0,0.26888521249964237,1.538999737408731,0.0,39965.0,1.5053946557299966,0.0,0
1.9244659139622393,0.1170018352440971,122.0,5269.0,0.2694224087184222,1.5389997374087305,0.0,39965.0,1.5053946557299966,0.0,0
1.9250459147789032,0.11704999147472081,123.0,5270.0,0.2699542533044623,1.5389997374087299,0.0,39965.0,1.5053946557299966,0.0,0
1.925720607036274,0.11719813691620862,124.0,5274.0,0.27048080012034537,1.5389997374087308,0.0,39965.0,1.5053946557299966,0.0,0
1.9265205017814517,0.11747672934734918,125.0,5281.0,0.27100210243438283,1.5389997374087308,0.0,39965.0,1.5053946557299966,0.0,0
1.9271093981830623,0.11755267514016976,126.0,5284.0,0.271524783941051,1.5390382470608526,0.0,39964.0,1.5053946557299966,0.0,0
1.9276937109101118,0.11762594693457448,127.0,5287.0,0.27203582487369593,1.5390382470608521,0.0,39964.0,1.5053946557299966,0.0,0
1.9283296099861065,0.11775593308356185,128.0,5291.0,0.2725417378007035,1.539038247060852,0.0,39964.0,1.5053946557299966,0.0,0
1.9289348364821826,0.1178602909376758,129.0,5295.0,0.2730426064426656,1.5390382470608521,0.0,39964.0,1.5053946557299966,0.0,0
1.929545009550772,0.11797458511314904,130.0,5299.0,0.27353848533578173,1.5390382470608515,0.0,39964.0,1.5053946557299966,0.0,0
1.930106149034395,0.11804478399547906,131.0,5303.0,0.2740294259370748,1.539038247060852,0.0,39964.0,1.5053946557299966,0.0,0
1.9306924311900866,0.11814501384946718,132.0,5306.0,0.27451547823877803,1.5390382470608526,0.0,39964.0,1.5053946557299966,0.0,0
1.9314866133774589,0.11845798290853427,133.0,5313.0,0.27499669136708327,1.5390382470608523,0.0,39964.0,1.5053946557299966,0.0,0
1.9319965954102696,0.1184915425010425,134.0,5315.0,0.2754731138073853,1.539038247060852,0.0,39964.0,1.5053946557299966,0.0,0
1.9325166190184875,0.11853988642473524,135.0,5316.0,0.2759447934919109,1.539038247060852,0.0,39964.0,1.5053946557299966,0.0,0
1.9332987561885928,0.11885503925022982,136.0,5326.0,0.27641177783652193,1.5390382470608523,0.0,39964.0,1.5053946557299966,0.0,0
1.9338510717036448,0.11894501884315713,137.0,5330.0,0.2768741137586463,1.5390382470608526,0.0,39964.0,1.5053946557299966,0.0,0
1.934516570828759,0.11915278403882083,138.0,5338.0,0.27733184768809693,1.5390382470608521,0.0,39964.0,1.5053946557299966,0.0,0
1.9349720793009593,0.11915511462399422,139.0,5339.0,0.2777850255751237,1.5390382470608528,0.0,39964.0,1.5053946557299966,0.0,0
1.935566011875461,0.11930037987631084,140.0,5342.0,0.27823369289730887,1.5390382470608517,0.0,39964.0,1.5053946557299966,0.0,0
1.936081777342187,0.11937194357443981,141.0,5344.0,0.2786778946659059,1.5390382470608526,0.0,39964.0,1.5053946557299966,0.0,0
1.9365215581081372,0.11937194357443981,142.0,5344.0,0.2791176754318563,1.5390382470608523,0.0,39964.0,1.5053946557299966,0.0,0
1.9370770175895553,0.1194919991961394,143.0,5347.0,0.27955307929157475,1.5390382470608523,0.0,39964.0,1.5053946557299966,0.0,0
1.9377251174953363,0.11970902850094389,144.0,5352.0,0.279984149892551,1.5390382470608521,0.0,39964.0,1.5053946557299966,0.0,0
1.938200394966732,0.11975752542610466,145.0,5353.0,0.28041093043878607,1.5390382470608521,0.0,39964.0,1.5053946557299966,0.0,0
1.938788454101774,0.11992305130385339,146.0,5359.0,0.28083346369607914,1.5390382470608523,0.0,39964.0,1.5053946557299966,0.0,0
1.9393734395278743,0.12008970842885094,147.0,5364.0,0.28125179199718187,1.539038247060853,0.0,39964.0,1.5053946557299966,0.0,0
1.9399347817818713,0.12024012274307264,148.0,5368.0,0.28167277206117575,1.539076758640239,0.0,39963.0,1.5053946557299966,0.0,0
1.9404419906493615,0.1203372199833824,149.0,5370.0,0.28208288368835627,1.5390767586402399,0.0,39963.0,1.5053946557299966,0.0,0
1.940854353478412,0.12034359161345093,150.0,5371.0,0.282488874887338,1.5390767586402396,0.0,39963.0,1.5053946557299966,0.0,0
1.9413534407254702,0.12044073465816488,151.0,5373.0,0.28289081908968233,1.5390767586402396,0.0,39963.0,1.5053946557299966,0.0,0
1.941863295914735,0.12055264830958835,152.0,5376.0,0.28328876062752334,1.5390767586402399,0.0,39963.0,1.5053946557299966,0.0,0
1.9422572761633348,0.12055264830958835,153.0,5376.0,0.28368274087612316,1.53907675864024,0.0,39963.0,1.5053946557299966,0.0,0
1.9429181425373174,0.12082345569086357,154.0,5385.0,0.28407279986883066,1.5390767586402392,0.0,39963.0,1.5053946557299966,0.0,0
1.9433275284903726,0.1208466646189042,155.0,5386.0,0.2844589768938451,1.53907675864024,0.0,39963.0,1.5053946557299966,0.0,0
1.9437700765423354,0.12090687884801882,156.0,5389.0,0.28484131071669355,1.5390767586402399,0.0,39963.0,1.5053946557299966,0.0,0
1.9442268503228097,0.12098512368024186,157.0,5392.0,0.28521983966494474,1.5390767586402399,0.0,39963.0,1.5053946557299966,0.0,0
1.944705312193463,0.12108882355366331,158.0,5395.0,0.28559460166217643,1.5390767586402405,0.0,39963.0,1.5053946557299966,0.0,0
1.9451936666675738,0.12120614544673718,159.0,5399.0,0.2859656342432133,1.5390767586402405,0.0,39963.0,1.5053946557299966,0.0,0
1.945609688065149,0.12125482652511183,160.0,5400.0,0.28633297456241413,1.5390767586402394,0.0,39963.0,1.5053946557299966,0.0,0
1.9460939878082595,0.12137544143128631,161.0,5403.0,0.28669665939934996,1.53907675864024,0.0,39963.0,1.5053946557299966,0.0,0
1.9465259995090292,0.12144738736793691,162.0,5405.0,0.2870567251634693,1.5390767586402392,0.0,39963.0,1.5053946557299966,0.0,0
1.9470179447328526,0.121582849856887,163.0,5409.0,0.2874132078983426,1.5390767586402399,0.0,39963.0,1.5053946557299966,0.0,0
1.9474343961846647,0.12164636592133532,164.0,5411.0,0.28776614328570643,1.5390767586402399,0.0,39963.0,1.5053946557299966,0.0,0
1.9478431324252623,0.12170567879824838,165.0,5413.0,0.2881155666493904,1.53907675864024,0.0,39963.0,1.5053946557299966,0.0,0
1.9481890787350309,0.12170567879824838,166.0,5413.0,0.2884615129591593,1.539076758640239,0.0,39963.0,1.5053946557299966,0.0,0
1.9487721758507264,0.12194627203861816,167.0,5421.0,0.2888040168344848,1.5390767586402399,0.0,39963.0,1.5053946557299966,0.0,0
1.949150349311812,0.12198534978593269,168.0,5424.0,0.28914311254825625,1.5390767586402399,0.0,39963.0,1.5053946557299966,0.0,0
1.9495916927528576,0.12209097174480557,169.0,5427.0,0.2894788340304286,1.5390767586402405,0.0,39963.0,1.5053946557299966,0.0,0
1.9499876714109423,0.12215456956170083,170.0,5429.0,0.2898112148716182,1.5390767586402396,0.0,39963.0,1.5053946557299966,0.0,0
1.950316744865968,0.12215456956170083,171.0,5429.0,0.29014028832664385,1.5390767586402394,0.0,39963.0,1.5053946557299966,0.0,0
1.9507740461272194,0.12228607183157988,172.0,5433.0,0.29046608731801643,1.53907675864024,0.0,39963.0,1.5053946557299966,0.0,0
1.9511454196546265,0.12233488823762217,173.0,5434.0,0.2907886444393811,1.5390767586402392,0.0,39963.0,1.5053946557299966,0.0,0
1.9515135980888645,0.12238371915233062,174.0,5435.0,0.29110799195891063,1.53907675864024,0.0,39963.0,1.5053946557299966,0.0,0
1.9520560968078549,0.12261004800757636,175.0,5442.0,0.291424161822655,1.5390767586402399,0.0,39963.0,1.5053946557299966,0.0,0
1.9523691206430451,0.12261004800757636,176.0,5442.0,0.2917371856578458,1.5390767586402392,0.0,39963.0,1.5053946557299966,0.0,0
1.9527512079299776,0.12268222617619493,177.0,5444.0,0.2920470947761595,1.5390767586402399,0.0,39963.0,1.5053946557299966,0.0,0
1.9530809475481914,0.12270514039362923,178.0,5446.0,0.29235392017693906,1.5390767586402396,0.0,39963.0,1.5053946557299966,0.0,0
1.9533862886642288,0.12271002043175104,179.0,5447.0,0.2926647695031438,1.5391152721470376,0.0,39962.0,1.5053946557299966,0.0,0
1.9536871041865504,0.12271002043175104,180.0,5447.0,0.2929655850254657,1.5391152721470374,0.0,39962.0,1.5053946557299966,0.0,0
1.9539872407267287,0.12271237411943467,181.0,5448.0,0.29326336787795987,1.539115272147038,0.0,39962.0,1.5053946557299966,0.0,0
1.9542968961862233,0.12272721667825766,182.0,5449.0,0.2935581807786316,1.5391152721470371,0.0,39962.0,1.5053946557299966,0.0,0
1.9547716686753163,0.12291011261658166,183.0,5455.0,0.293850057329401,1.5391152721470371,0.0,39962.0,1.5053946557299966,0.0,0
1.955109559567243,0.12295903256733438,184.0,5456.0,0.29413902827057464,1.5391152721470376,0.0,39962.0,1.5053946557299966,0.0,0
1.95550613945501,0.12306951762163874,185.0,5460.0,0.29442512310403735,1.5391152721470374,0.0,39962.0,1.5053946557299966,0.0,0
1.9557893870431518,0.12306951762163874,186.0,5460.0,0.29470837069217926,1.5391152721470376,0.0,39962.0,1.5053946557299966,0.0,0
1.9560698158313061,0.12306951762163874,187.0,5460.0,0.29498879948033346,1.5391152721470371,0.0,39962.0,1.5053946557299966,0.0,0
1.9563474539316366,0.12306951762163874,188.0,5460.0,0.2952664375806638,1.5391152721470376,0.0,39962.0,1.5053946557299966,0.0,0
1.9566329535926386,0.12308014205826855,189.0,5461.0,0.29554131280503604,1.5391152721470378,0.0,39962.0,1.5053946557299966,0.0,0
1.9569604800560427,0.12313552864762434,190.0,5463.0,0.29581345267908465,1.5391152721470376,0.0,39962.0,1.5053946557299966,0.0,0
1.9573278616401417,0.1232334784614903,191.0,5465.0,0.2960828844493175,1.5391152721470376,0.0,39962.0,1.5053946557299966,0.0,0
1.9576244185335543,0.12326328471659227,192.0,5467.0,0.2963496350876281,1.5391152721470376,0.0,39962.0,1.5053946557299966,0.0,0
1.958035489317858,0.12341025929371033,193.0,5470.0,0.2966137312948139,1.5391152721470374,0.0,39962.0,1.5053946557299966,0.0,0
1.9582969575267453,0.12341025929371033,194.0,5470.0,0.296875199503701,1.539115272147037,0.0,39962.0,1.5053946557299966,0.0,0
1.9585558239051337,0.12341025929371033,195.0,5470.0,0.2971340658820895,1.539115272147038,0.0,39962.0,1.5053946557299966,0.0,0
1.9588760080424366,0.12347415297749693,196.0,5472.0,0.29739035633560557,1.5391152721470374,0.0,39962.0,1.5053946557299966,0.0,0
1.9591297482173204,0.12347415297749693,197.0,5472.0,0.29764409651048934,1.5391152721470371,0.0,39962.0,1.5053946557299966,0.0,0
1.9594299938277497,0.1235231833020832,198.0,5473.0,0.29789531179633283,1.5391152721470365,0.0,39962.0,1.5053946557299966,0.0,0
1.9597277417146552,0.12357221565654662,199.0,5474.0,0.2981440273287745,1.539115272147038,0.0,39962.0,1.5053946557299966,0.0,0
1.959973982378033,0.12357221565654662,200.0,5474.0,0.29839026799215257,1.5391152721470371,0.0,39962.0,1.5053946557299966,0.0,0
1.960323984067525,0.12367842691607207,201.0,5477.0,0.29863405842211915,1.5391152721470374,0.0,39962.0,1.5053946557299966,0.0,0
1.9606634674655423,0.12377654572799031,202.0,5479.0,0.298875423008218,1.5391152721470376,0.0,39962.0,1.5053946557299966,0.0,0
1.961004928242968,0.12387904361720793,203.0,5482.0,0.29911438589642625,1.5391152721470378,0.0,39962.0,1.5053946557299966,0.0,0
1.9612415133382046,0.12387904361720793,204.0,5482.0,0.2993509709916629,1.5391152721470374,0.0,39962.0,1.5053946557299966,0.0,0
1.9616720660690476,0.12407536537945038,205.0,5486.0,0.2995852019602631,1.539115272147037,0.0,39962.0,1.5053946557299966,0.0,0
1.9620512467919016,0.12422264583014615,206.0,5489.0,0.29981710223242164,1.5391152721470376,0.0,39962.0,1.5053946557299966,0.0,0
1.962304276067802,0.12424608233386349,207.0,5490.0,0.30004669500460474,1.5391152721470376,0.0,39962.0,1.5053946557299966,0.0,0
1.9625315843051296,0.12424608233386349,208.0,5490.0,0.3002740032419322,1.539115272147037,0.0,39962.0,1.5053946557299966,0.0,0
1.9628885471982753,0.12437799878841051,209.0,5495.0,0.3004990496805309,1.5391152721470376,0.0,39962.0,1.5053946557299966,0.0,0
1.9631113543476035,0.12437799878841051,210.0,5495.0,0.300721856829859,1.5391152721470374,0.0,39962.0,1.5053946557299966,0.0,0
1.963464306441217,0.12451036073687932,211.0,5499.0,0.30094244697500394,1.5391152721470374,0.0,39962.0,1.5053946557299966,0.0,0
1.9636827016451657,0.12451036073687932,212.0,5499.0,0.3011608421789523,1.5391152721470374,0.0,39962.0,1.5053946557299966,0.0,0
1.9639972076524712,0.12460864463830308,213.0,5501.0,0.30137706428483424,1.539115272147037,0.0,39962.0,1.5053946557299966,0.0,0
1.9642604287564884,0.12465779510901281,214.0,5502.0,0.3015911349181419,1.5391152721470376,0.0,39962.0,1.5053946557299966,0.0,0
1.96447236932727,0.12465779510901281,215.0,5502.0,0.3018030754889235,1.5391152721470374,0.0,39962.0,1.5053946557299966,0.0,0
1.9647357374101209,0.12471133148683469,216.0,5504.0,0.30201290719395213,1.5391152721470374,0.0,39962.0,1.5053946557299966,0.0,0
1.9650418190314216,0.12480966928321685,217.0,5506.0,0.3022206510188708,1.539115272147038,0.0,39962.0,1.5053946557299966,0.0,0
1.9654002916174182,0.12496246514777022,218.0,5510.0,0.3024263277403142,1.5391152721470374,0.0,39962.0,1.5053946557299966,0.0,0
1.965627396856479,0.12498594019913842,219.0,5511.0,0.3026299579280066,1.539115272147037,0.0,39962.0,1.5053946557299966,0.0,0
1.9658290008753119,0.12498594019913842,220.0,5511.0,0.30283156194683947,1.5391152721470374,0.0,39962.0,1.5053946557299966,0.0,0
1.9660777923671275,0.12503513367887154,221.0,5512.0,0.30303115995892227,1.5391152721470374,0.0,39962.0,1.5053946557299966,0.0,0
1.9662754043338215,0.12503513367887154,222.0,5512.0,0.30322877192561626,1.539115272147037,0.0,39962.0,1.5053946557299966,0.0,0
1.9664859856055865,0.12505006926670884,223.0,5513.0,0.30342441760954386,1.5391152721470376,0.0,39962.0,1.5053946557299966,0.0,0
1.966728896277249,0.1250992809713375,224.0,5514.0,0.3036181165765776,1.539115272147037,0.0,39962.0,1.5053946557299966,0.0,0
1.9669356064035524,0.125114219476411,225.0,5515.0,0.30380988819780774,1.5391152721470363,0.0,39962.0,1.5053946557299966,0.0,0
1.9671794921763643,0.12516824179554006,226.0,5518.0,0.30399975165149057,1.5391152721470376,0.0,39962.0,1.5053946557299966,0.0,0
1.9673909622910832,0.1251917376367744,227.0,5519.0,0.304187725924975,1.539115272147037,0.0,39962.0,1.5053946557299966,0.0,0
1.9675770661827177,0.1251917376367744,228.0,5519.0,0.30437382981660965,1.5391152721470367,0.0,39962.0,1.5053946557299966,0.0,0
1.9677879808844874,0.12521840021752276,229.0,5521.0,0.30455808193763084,1.5391152721470374,0.0,39962.0,1.5053946557299966,0.0,0
1.9679703996608875,0.12521840021752276,230.0,5521.0,0.3047405007140308,1.5391152721470378,0.0,39962.0,1.5053946557299966,0.0,0
1.9683480071185315,0.12541540400079246,231.0,5525.0,0.3049211043884054,1.5391152721470367,0.0,39962.0,1.5053946557299966,0.0,0
1.9685610128568551,0.125449603105736,232.0,5527.0,0.3050999110217852,1.5391152721470374,0.0,39962.0,1.5053946557299966,0.0,0
1.9687380403305166,0.125449603105736,233.0,5527.0,0.3052769384954467,1.5391152721470365,0.0,39962.0,1.5053946557299966,0.0,0
1.9690199890525115,0.1255562858104731,234.0,5530.0,0.3054522045127045,1.5391152721470374,0.0,39962.0,1.5053946557299966,0.0,0
1.9693063464772165,0.1256725238047071,235.0,5535.0,0.3056331101018344,1.5391537875813903,0.0,39961.0,1.5053946557299966,0.0,0
1.9695017267857566,0.1256960457513584,236.0,5536.0,0.3058049684637232,1.5391537875813903,0.0,39961.0,1.5053946557299966,0.0,0
1.9696783018923938,0.1257025119396701,237.0,5537.0,0.3059750773820487,1.5391537875813899,0.0,39961.0,1.5053946557299966,0.0,0
1.9699195300111536,0.12577533067888041,238.0,5539.0,0.3061434867615982,1.5391537875813897,0.0,39961.0,1.5053946557299966,0.0,0
1.97013556095983,0.1258246308319423,239.0,5540.0,0.30631021755721255,1.5391537875813905,0.0,39961.0,1.5053946557299966,0.0,0
1.9703499356935887,0.12587393513257789,240.0,5541.0,0.3064752879903357,1.5391537875813894,0.0,39961.0,1.5053946557299966,0.0,0
1.9705947537016004,0.1259553259613476,241.0,5545.0,0.3066387151695778,1.5391537875813894,0.0,39961.0,1.5053946557299966,0.0,0
1.9708551865701742,0.12605395831161612,242.0,5547.0,0.30680051568788314,1.5391537875813894,0.0,39961.0,1.5053946557299966,0.0,0
1.9711140204479631,0.1261526020337544,243.0,5549.0,0.3069607058435338,1.5391537875813894,0.0,39961.0,1.5053946557299966,0.0,0
1.9712726163271619,0.1261526020337544,244.0,5549.0,0.3071193017227326,1.53915378758139,0.0,39961.0,1.5053946557299966,0.0,0
1.9714361060431045,0.12615907424119924,245.0,5550.0,0.3072763192312303,1.5391537875813892,0.0,39961.0,1.5053946557299966,0.0,0
1.9715915609190462,0.12615907424119924,246.0,5550.0,0.3074317741071718,1.5391537875813903,0.0,39961.0,1.5053946557299966,0.0,0
1.971794808786799,0.126208414289119,247.0,5551.0,0.3075856819270049,1.5391537875813892,0.0,39961.0,1.5053946557299966,0.0,0
1.9719965291128274,0.12625775843334439,248.0,5552.0,0.3077380581088079,1.5391537875813899,0.0,39961.0,1.5053946557299966,0.0,0
1.9724304497709588,0.12654081928564373,249.0,5560.0,0.30788891791463996,1.5391537875813903,0.0,39961.0,1.5053946557299966,0.0,0
1.972579808308828,0.12654081928564373,250.0,5560.0,0.30803827645250914,1.5391537875813899,0.0,39961.0,1.5053946557299966,0.0,0
1.9727337668119138,0.12654690556306383,251.0,5562.0,0.3081861486781752,1.5391537875813894,0.0,39961.0,1.5053946557299966,0.0,0
1.9728801675306076,0.12654690556306383,252.0,5562.0,0.30833254939686894,1.5391537875813897,0.0,39961.0,1.5053946557299966,0.0,0
1.9730918268101516,0.12661362097451329,253.0,5567.0,0.30847749326496315,1.53915378758139,0.0,39961.0,1.5053946557299966,0.0,0
1.9733174885864495,0.12669578122417224,254.0,5571.0,0.3086209947916023,1.5391537875813892,0.0,39961.0,1.5053946557299966,0.0,0
1.9734595621351496,0.12669578122417224,255.0,5571.0,0.3087630683403023,1.5391537875813899,0.0,39961.0,1.5053946557299966,0.0,0
1.9736002219253665,0.12669578122417224,256.0,5571.0,0.30890372813051953,1.5391537875813899,0.0,39961.0,1.5053946557299966,0.0,0
1.9737459620229674,0.1267022612130996,257.0,5572.0,0.30904298823919274,1.5391537875813894,0.0,39961.0,1.5053946557299966,0.0,0
1.9738838363860338,0.1267022612130996,258.0,5572.0,0.3091808626022593,1.5391537875813903,0.0,39961.0,1.5053946557299966,0.0,0
1.9740697342169593,0.1267516566301365,259.0,5573.0,0.3093173650161479,1.53915378758139,0.0,39961.0,1.5053946557299966,0.0,0
1.974295062624039,0.12684184091411807,260.0,5577.0,0.30945250913924593,1.5391537875813894,0.0,39961.0,1.5053946557299966,0.0,0
1.9744782702110755,0.12689124914705413,261.0,5578.0,0.30958630849334634,1.5391537875813888,0.0,39961.0,1.5053946557299966,0.0,0
1.974683735885165,0.12696424684941762,262.0,5580.0,0.3097187764650724,1.5391537875813894,0.0,39961.0,1.5053946557299966,0.0,0
1.9748643034144218,0.12701366453646507,263.0,5581.0,0.30984992630728186,1.5391537875813888,0.0,39961.0,1.5053946557299966,0.0,0
1.9750091488773962,0.1270286651662685,264.0,5582.0,0.30997977114045294,1.5391537875813899,0.0,39961.0,1.5053946557299966,0.0,0
1.9751871282827307,0.12707809175800733,265.0,5583.0,0.3101083239540486,1.5391537875813897,0.0,39961.0,1.5053946557299966,0.0,0
1.9753144019365476,0.12707809175800733,266.0,5583.0,0.3102355976078657,1.5391537875813894,0.0,39961.0,1.5053946557299966,0.0,0
1.9754554130850999,0.12709309568106028,267.0,5584.0,0.31036160483336445,1.53915378758139,0.0,39961.0,1.5053946557299966,0.0,0
1.9756296040653691,0.1271425332597126,268.0,5585.0,0.3104863582349819,1.5391537875813897,0.0,39961.0,1.5053946557299966,0.0,0
1.9758863284356234,0.12727574557352106,269.0,5589.0,0.31060987029142734,1.5391537875813897,0.0,39961.0,1.5053946557299966,0.0,0
1.9760580593416759,0.12732519341403636,270.0,5590.0,0.3107321533569645,1.53915378758139,0.0,39961.0,1.5053946557299966,0.0,0
1.9762285781121702,0.12737464587881955,271.0,5591.0,0.31085321966267576,1.5391537875813899,0.0,39961.0,1.5053946557299966,0.0,0
1.9763484397672062,0.12737464587881955,272.0,5591.0,0.3109730813177117,1.5391537875813892,0.0,39961.0,1.5053946557299966,0.0,0
1.9764671087600207,0.12737464587881955,273.0,5591.0,0.31109175031052655,1.5391537875813894,0.0,39961.0,1.5053946557299966,0.0,0
1.9765845969595943,0.12737464587881955,274.0,5591.0,0.31120923851009963,1.53915378758139,0.0,39961.0,1.5053946557299966,0.0,0
1.9767009161166356,0.12737464587881955,275.0,5591.0,0.31132555766714093,1.5391537875813892,0.0,39961.0,1.5053946557299966,0.0,0
1.9768160778647792,0.12737464587881955,276.0,5591.0,0.3114407194152846,1.5391537875813899,0.0,39961.0,1.5053946557299966,0.0,0
1.9769338114330899,0.12737836359014554,277.0,5592.0,0.31155473527226923,1.5391537875813903,0.0,39961.0,1.5053946557299966,0.0,0
1.9770703062295718,0.12740197701779443,278.0,5593.0,0.31166761664110265,1.5391537875813892,0.0,39961.0,1.5053946557299966,0.0,0
1.97723154182616,0.12745145444426706,279.0,5594.0,0.3117793748112177,1.5391537875813894,0.0,39961.0,1.5053946557299966,0.0,0
1.9774411491648305,0.1275504156345441,280.0,5596.0,0.3118900209596115,1.5391537875813899,0.0,39961.0,1.5053946557299966,0.0,0
1.9776001789694964,0.127599900246847,281.0,5597.0,0.3119995661519744,1.5391537875813894,0.0,39961.0,1.5053946557299966,0.0,0
1.9777086341613292,0.127599900246847,282.0,5597.0,0.31210802134380733,1.5391537875813892,0.0,39961.0,1.5053946557299966,0.0,0
1.9778160101990472,0.127599900246847,283.0,5597.0,0.3122153973815251,1.5391537875813894,0.0,39961.0,1.5053946557299966,0.0,0
1.9779223178210712,0.127599900246847,284.0,5597.0,0.31232170500354944,1.5391537875813888,0.0,39961.0,1.5053946557299966,0.0,0
1.9780275676589125,0.127599900246847,285.0,5597.0,0.31242695484139066,1.5391537875813897,0.0,39961.0,1.5053946557299966,0.0,0
1.9781812694161822,0.12764939942479062,286.0,5598.0,0.31253115742071663,1.5391537875813892,0.0,39961.0,1.5053946557299966,0.0,0
1.9784070747893594,0.12777203905627244,287.0,5601.0,0.3126343231624121,1.5391537875813892,0.0,39961.0,1.5053946557299966,0.0,0
1.978509214010573,0.12777203905627244,288.0,5601.0,0.3127364623836255,1.5391537875813899,0.0,39961.0,1.5053946557299966,0.0,0
1.978610336925754,0.12777203905627244,289.0,5601.0,0.3128375852988065,1.5391537875813903,0.0,39961.0,1.5053946557299966,0.0,0
1.9787104536476776,0.12777203905627244,290.0,5601.0,0.3129377020207302,1.5391537875813897,0.0,39961.0,1.5053946557299966,0.0,0
1.9788095741884617,0.12777203905627244,291.0,5601.0,0.31303682256151427,1.5391537875813899,0.0,39961.0,1.5053946557299966,0.0,0
1.9789077084605704,0.12777203905627244,292.0,5601.0,0.31313495683362297,1.53915378758139,0.0,39961.0,1.5053946557299966,0.0,0
1.9790596868034653,0.12782685958192916,293.0,5603.0,0.31323211465086154,1.5391537875813892,0.0,39961.0,1.5053946557299966,0.0,0
1.9792549319588002,0.1279259136587647,294.0,5605.0,0.31332830572936055,1.53915378758139,0.0,39961.0,1.5053946557299966,0.0,0
1.979399695787379,0.12797544352815382,295.0,5606.0,0.3134235396885505,1.5391537875813899,0.0,39961.0,1.5053946557299966,0.0,0
1.9795435177438887,0.12802497912108696,296.0,5607.0,0.3135178260521267,1.5391537875813894,0.0,39961.0,1.5053946557299966,0.0,0
1.9796864034038746,0.1280745165841977,297.0,5608.0,0.31361117424900187,1.5391537875813903,0.0,39961.0,1.5053946557299966,0.0,0
1.979951095034785,0.12824678884985624,298.0,5612.0,0.31370359361425365,1.5391537875813899,0.0,39961.0,1.5053946557299966,0.0,0
1.9800425948105893,0.12824678884985624,299.0,5612.0,0.313795093390058,1.5391537875813894,0.0,39961.0,1.5053946557299966,0.0,0
1.980206385638079,0.12831999034078775,300.0,5614.0,0.3138856827266162,1.5391537875813899,0.0,39961.0,1.5053946557299966,0.0,0
1.9803538233822173,0.12837774012847222,301.0,5616.0,0.3139753706830702,1.5391537875813894,0.0,39961.0,1.5053946557299966,0.0,0
1.9804576613413685,0.12839278254228245,302.0,5617.0,0.31406416622841093,1.5391537875813903,0.0,39961.0,1.5053946557299966,0.0,0
1.9805455733553332,0.12839278254228245,303.0,5617.0,0.3141520782423758,1.5391537875813892,0.0,39961.0,1.5053946557299966,0.0,0
1.9806326106292957,0.12839278254228245,304.0,5617.0,0.3142391155163382,1.53915378758139,0.0,39961.0,1.5053946557299966,0.0,0
1.9807187818671448,0.12839278254228245,305.0,5617.0,0.3143252867541873,1.5391537875813899,0.0,39961.0,1.5053946557299966,0.0,0
1.9808277540816748,0.1284164409378004,306.0,5618.0,0.31441060057319936,1.5391537875813903,0.0,39961.0,1.5053946557299966,0.0,0
1.9809241421436596,0.12842836406808406,307.0,5620.0,0.3144950655049005,1.5391537875813905,0.0,39961.0,1.5053946557299966,0.0,0
1.981007766634679,0.12842836406808406,308.0,5620.0,0.31457868999592026,1.5391537875813892,0.0,39961.0,1.5053946557299966,0.0,0
1.9811013173296894,0.12843912235017682,309.0,5621.0,0.3146614824088374,1.5391537875813899,0.0,39961.0,1.5053946557299966,0.0,0
1.981183285943868,0.12843912235017682,310.0,5621.0,0.3147434510230163,1.5391537875813905,0.0,39961.0,1.5053946557299966,0.0,0
1.9812881023345854,0.12846278572847467,311.0,5622.0,0.3148246040354355,1.53915378758139,0.0,39961.0,1.5053946557299966,0.0,0
1.9813684478606581,0.12846278572847467,312.0,5622.0,0.3149049495615084,1.5391537875813899,0.0,39961.0,1.5053946557299966,0.0,0
1.9814479939350442,0.12846278572847467,313.0,5622.0,0.3149844956358945,1.5391537875813899,0.0,39961.0,1.5053946557299966,0.0,0
1.9815763348856381,0.12851237210165897,314.0,5623.0,0.3150632502133039,1.53915378758139,0.0,39961.0,1.5053946557299966,0.0,0
1.9816543058416265,0.12851237210165897,315.0,5623.0,0.31514122116929266,1.5391537875813894,0.0,39961.0,1.5053946557299966,0.0,0
1.9817315009733854,0.12851237210165897,316.0,5623.0,0.31521841630105124,1.5391537875813899,0.0,39961.0,1.5053946557299966,0.0,0
1.9818575202623985,0.1285619643635395,317.0,5624.0,0.3152948433281839,1.53915378758139,0.0,39961.0,1.5053946557299966,0.0,0
1.9819482404401287,0.12857701797597254,318.0,5625.0,0.3153705098934813,1.5391537875813892,0.0,39961.0,1.5053946557299966,0.0,0
1.982026881497863,0.12858074536350267,319.0,5626.0,0.31544542356368543,1.5391537875813892,0.0,39961.0,1.5053946557299966,0.0,0
1.9821010497644227,0.12858074536350267,320.0,5626.0,0.315519591830245,1.5391537875813892,0.0,39961.0,1.5053946557299966,0.0,0
1.9821744800442447,0.12858074536350267,321.0,5626.0,0.315593022110067,1.5391537875813892,0.0,39961.0,1.5053946557299966,0.0,0
1.9822471796804346,0.12858074536350267,322.0,5626.0,0.3156657217462567,1.5391537875813903,0.0,39961.0,1.5053946557299966,0.0,0
1.9823244627631733,0.1285860521836454,323.0,5627.0,0.3157376980088532,1.5391537875813894,0.0,39961.0,1.5053946557299966,0.0,0
1.9825268214641376,0.12871715079790655,324.0,5631.0,0.3158089580955558,1.5391537875813903,0.0,39961.0,1.5053946557299966,0.0,0
1.9825973725010269,0.12871715079790655,325.0,5631.0,0.315879509132445,1.5391537875813905,0.0,39961.0,1.5053946557299966,0.0,0
1.9826909015755916,0.1287408308302228,326.0,5632.0,0.3159493581746937,1.5391537875813892,0.0,39961.0,1.5053946557299966,0.0,0
1.9827600556081728,0.1287408308302228,327.0,5632.0,0.3160185122072748,1.5391537875813899,0.0,39961.0,1.5053946557299966,0.0,0
1.9828285215465553,0.1287408308302228,328.0,5632.0,0.3160869781456577,1.5391537875813892,0.0,39961.0,1.5053946557299966,0.0,0
1.9828963062373994,0.1287408308302228,329.0,5632.0,0.3161547628365018,1.5391537875813897,0.0,39961.0,1.5053946557299966,0.0,0
1.9829634164592371,0.1287408308302228,330.0,5632.0,0.31622187305833954,1.5391537875813894,0.0,39961.0,1.5053946557299966,0.0,0
1.9830298589231534,0.1287408308302228,331.0,5632.0,0.3162883155222558,1.5391537875813899,0.0,39961.0,1.5053946557299966,0.0,0
1.9831603273633043,0.12880551792007108,332.0,5634.0,0.3163540968725585,1.5391537875813894,0.0,39961.0,1.5053946557299966,0.0,0
1.9832254541781889,0.12880551792007108,333.0,5634.0,0.31641922368744285,1.5391537875813892,0.0,39961.0,1.5053946557299966,0.0,0
1.9833395629475394,0.12885514789721494,334.0,5635.0,0.3164837024796494,1.5391537875813903,0.0,39961.0,1.5053946557299966,0.0,0
1.9834034001650056,0.12885514789721494,335.0,5635.0,0.31654753969711585,1.5391537875813888,0.0,39961.0,1.5053946557299966,0.0,0
1.9834666021915108,0.12885514789721494,336.0,5635.0,0.3166107417236207,1.5391537875813894,0.0,39961.0,1.5053946557299966,0.0,0
1.9835291753473132,0.12885514789721494,337.0,5635.0,0.3166733148794233,1.5391537875813892,0.0,39961.0,1.5053946557299966,0.0,0
1.9835911258897843,0.12885514789721494,338.0,5635.0,0.3167352654218945,1.5391537875813894,0.0,39961.0,1.5053946557299966,0.0,0
1.9836524600140328,0.12885514789721494,339.0,5635.0,0.31679659954614314,1.53915378758139,0.0,39961.0,1.5053946557299966,0.0,0
1.9837131838535254,0.12885514789721494,340.0,5635.0,0.31685732338563544,1.5391537875813899,0.0,39961.0,1.5053946557299966,0.0,0
1.9837733034806981,0.12885514789721494,341.0,5635.0,0.3169174430128085,1.5391537875813894,0.0,39961.0,1.5053946557299966,0.0,0
1.9838355744936496,0.12885789748329735,342.0,5636.0,0.31697696443967727,1.5391537875813892,0.0,39961.0,1.5053946557299966,0.0,0
1.9840908323961008,0.12905422620699006,343.0,5641.0,0.31703589361843604,1.5391537875813897,0.0,39961.0,1.5053946557299966,0.0,0
1.9841491752197187,0.12905422620699006,344.0,5641.0,0.3170942364420536,1.5391537875813894,0.0,39961.0,1.5053946557299966,0.0,0
1.984206937522528,0.12905422620699006,345.0,5641.0,0.31715199874486266,1.5391537875813894,0.0,39961.0,1.5053946557299966,0.0,0
1.984264125080808,0.12905422620699006,346.0,5641.0,0.31720918630314293,1.5391537875813894,0.0,39961.0,1.5053946557299966,0.0,0
1.9843207436133643,0.12905422620699006,347.0,5641.0,0.31726580483569916,1.5391537875813894,0.0,39961.0,1.5053946557299966,0.0,0
1.984387574777089,0.12906500220198056,348.0,5642.0,0.3173218600044335,1.5391537875813903,0.0,39961.0,1.5053946557299966,0.0,0
1.9845272089776147,0.12914913899202948,349.0,5645.0,0.3173773574149101,1.5391537875813897,0.0,39961.0,1.5053946557299966,0.0,0
1.9845821541796218,0.12914913899202948,350.0,5645.0,0.31743230261691746,1.53915378758139,0.0,39961.0,1.5053946557299966,0.0,0
1.9846365526677268,0.12914913899202948,351.0,5645.0,0.3174867011050224,1.5391537875813892,0.0,39961.0,1.5053946557299966,0.0,0
1.9846904098818245,0.12914913899202948,352.0,5645.0,0.3175405583191201,1.53915378758139,0.0,39961.0,1.5053946557299966,0.0,0
1.9847437312076819,0.12914913899202948,353.0,5645.0,0.3175938796449771,1.5391537875813899,0.0,39961.0,1.5053946557299966,0.0,0
1.9847965219774764,0.12914913899202948,354.0,5645.0,0.31764667041477174,1.5391537875813894,0.0,39961.0,1.5053946557299966,0.0,0
1.9848487874703296,0.12914913899202948,355.0,5645.0,0.31769893590762505,1.5391537875813903,0.0,39961.0,1.5053946557299966,0.0,0
1.984900532912835,0.12914913899202948,356.0,5645.0,0.31775068135013057,1.5391537875813894,0.0,39961.0,1.5053946557299966,0.0,0
1.984951763479581,0.12914913899202948,357.0,5645.0,0.3178019119168763,1.5391537875813903,0.0,39961.0,1.5053946557299966,0.0,0
1.9850024842936662,0.12914913899202948,358.0,5645.0,0.3178526327309619,1.5391537875813892,0.0,39961.0,1.5053946557299966,0.0,0
1.9850677779050743,0.1291642164698877,359.0,5646.0,0.3179028488645115,1.5391537875813905,0.0,39961.0,1.5053946557299966,0.0,0
1.9851174943797434,0.1291642164698877,360.0,5646.0,0.3179525653391808,1.5391537875813894,0.0,39961.0,1.5053946557299966,0.0,0
1.985190426546187,0.12918792684885294,361.0,5647.0,0.3180017871266587,1.539153787581391,0.0,39961.0,1.5053946557299966,0.0,0
1.9852888373183095,0.1292376055984688,362.0,5648.0,0.31805051914916554,1.5391537875813894,0.0,39961.0,1.5053946557299966,0.0,0
1.985337084449088,0.1292376055984688,363.0,5648.0,0.3180987662799445,1.5391537875813903,0.0,39961.0,1.5053946557299966,0.0,0
1.9853848515128922,0.1292376055984688,364.0,5648.0,0.3181465333437488,1.5391537875813894,0.0,39961.0,1.5053946557299966,0.0,0
1.9854321432864688,0.1292376055984688,365.0,5648.0,0.318193825117325,1.53915378758139,0.0,39961.0,1.5053946557299966,0.0,0
1.9854789644990338,0.1292376055984688,366.0,5648.0,0.3182406463298902,1.5391537875813899,0.0,39961.0,1.5053946557299966,0.0,0
1.9855253198327487,0.1292376055984688,367.0,5648.0,0.31828700166360485,1.5391537875813894,0.0,39961.0,1.5053946557299966,0.0,0
1.985571213923185,0.1292376055984688,368.0,5648.0,0.318332895754041,1.5391537875813903,0.0,39961.0,1.5053946557299966,0.0,0
1.98561665135979,0.1292376055984688,369.0,5648.0,0.31837833319064607,1.5391537875813903,0.0,39961.0,1.5053946557299966,0.0,0
1.9856616366863453,0.1292376055984688,370.0,5648.0,0.31842331851720157,1.5391537875813903,0.0,39961.0,1.5053946557299966,0.0,0
1.985706174401422,0.1292376055984688,371.0,5648.0,0.3184678562322781,1.5391537875813899,0.0,39961.0,1.5053946557299966,0.0,0
1.9857502689588278,0.1292376055984688,372.0,5648.0,0.31851195078968425,1.5391537875813892,0.0,39961.0,1.5053946557299966,0.0,0
1.9857939247680565,0.1292376055984688,373.0,5648.0,0.3185556065989127,1.5391537875813892,0.0,39961.0,1.5053946557299966,0.0,0
1.9858371461947244,0.1292376055984688,374.0,5648.0,0.3185988280255806,1.5391537875813894,0.0,39961.0,1.5053946557299966,0.0,0
1.9858799375610106,0.1292376055984688,375.0,5648.0,0.31864161939186686,1.53915378758139,0.0,39961.0,1.5053946557299966,0.0,0
1.9859223031460875,0.1292376055984688,376.0,5648.0,0.31868398497694395,1.5391537875813894,0.0,39961.0,1.5053946557299966,0.0,0
1.9859642471865493,0.1292376055984688,377.0,5648.0,0.3187259290174055,1.5391537875813894,0.0,39961.0,1.5053946557299966,0.0,0
1.9860057738768344,0.1292376055984688,378.0,5648.0,0.31876745570769077,1.5391537875813892,0.0,39961.0,1.5053946557299966,0.0,0
1.9860706083649406,0.1292613265937623,379.0,5649.0,0.31880856920050327,1.5391537875813899,0.0,39961.0,1.5053946557299966,0.0,0
1.9861113127716639,0.1292613265937623,380.0,5649.0,0.31884927360722676,1.539153787581389,0.0,39961.0,1.5053946557299966,0.0,0
1.9861598319101215,0.1292695463411108,381.0,5650.0,0.31888957299833587,1.5391537875813888,0.0,39961.0,1.5053946557299966,0.0,0
1.9861997303155892,0.1292695463411108,382.0,5650.0,0.31892947140380334,1.5391537875813897,0.0,39961.0,1.5053946557299966,0.0,0
1.9862392317252886,0.1292695463411108,383.0,5650.0,0.31896897281350295,1.5391537875813894,0.0,39961.0,1.5053946557299966,0.0,0
1.9862783400893942,0.1292695463411108,384.0,5650.0,0.31900808117760854,1.5391537875813894,0.0,39961.0,1.5053946557299966,0.0,0
1.9863170593187753,0.1292695463411108,385.0,5650.0,0.31904680040698935,1.5391537875813905,0.0,39961.0,1.5053946557299966,0.0,0
1.986355393285386,0.1292695463411108,386.0,5650.0,0.3190851343736003,1.5391537875813888,0.0,39961.0,1.5053946557299966,0.0,0
1.9863933458226561,0.1292695463411108,387.0,5650.0,0.3191230869108703,1.5391537875813903,0.0,39961.0,1.5053946557299966,0.0,0
1.9864309207258706,0.1292695463411108,388.0,5650.0,0.31916066181408453,1.5391537875813894,0.0,39961.0,1.5053946557299966,0.0,0
1.9864681217525506,0.1292695463411108,389.0,5650.0,0.31919786284076496,1.5391537875813894,0.0,39961.0,1.5053946557299966,0.0,0
1.9865049526228307,0.1292695463411108,390.0,5650.0,0.319234693711045,1.5391537875813899,0.0,39961.0,1.5053946557299966,0.0,0
1.9865414170198281,0.1292695463411108,391.0,5650.0,0.3192711581080423,1.5391537875813892,0.0,39961.0,1.5053946557299966,0.0,0
1.986577518590013,0.1292695463411108,392.0,5650.0,0.31930725967822743,1.5391537875813894,0.0,39961.0,1.5053946557299966,0.0,0
1.9866132609435727,0.1292695463411108,393.0,5650.0,0.31934300203178684,1.5391537875813899,0.0,39961.0,1.5053946557299966,0.0,0
1.9866983617318557,0.1293192604181945,394.0,5651.0,0.31937838874298624,1.5391537875813894,0.0,39961.0,1.5053946557299966,0.0,0
1.9867333963393956,0.1293192604181945,395.0,5651.0,0.319413423350526,1.5391537875813899,0.0,39961.0,1.5053946557299966,0.0,0
1.9867680823467655,0.1293192604181945,396.0,5651.0,0.31944810935789597,1.5391537875813892,0.0,39961.0,1.5053946557299966,0.0,0
1.9868024232225956,0.1293192604181945,397.0,5651.0,0.3194824502337262,1.5391537875813899,0.0,39961.0,1.5053946557299966,0.0,0
1.9869486953048303,0.1294315333220227,398.0,5655.0,0.31951644941213253,1.5391537875813899,0.0,39961.0,1.5053946557299966,0.0,0
1.986982356185759,0.1294315333220227,399.0,5655.0,0.31955011029306124,1.5391537875813905,0.0,39961.0,1.5053946557299966,0.0,0
1.987015682135326,0.1294315333220227,400.0,5655.0,0.3195834362426285,1.53915378758139,0.0,39961.0,1.5053946557299966,0.0,0
1.9870486764861546,0.1294315333220227,401.0,5655.0,0.31961643059345707,1.53915378758139,0.0,39961.0,1.5053946557299966,0.0,0
1.987081342537707,0.1294315333220227,402.0,5655.0,0.31964909664500946,1.5391537875813894,0.0,39961.0,1.5053946557299966,0.0,0
1.9871136835566159,0.1294315333220227,403.0,5655.0,0.3196814376639182,1.5391537875813897,0.0,39961.0,1.5053946557299966,0.0,0
1.9871457027770096,0.1294315333220227,404.0,5655.0,0.3197134568843118,1.5391537875813905,0.0,39961.0,1.5053946557299966,0.0,0
1.987177403400837,0.1294315333220227,405.0,5655.0,0.31974515750813953,1.5391537875813892,0.0,39961.0,1.5053946557299966,0.0,0
1.9872087885981875,0.1294315333220227,406.0,5655.0,0.3197765427054898,1.5391537875813903,0.0,39961.0,1.5053946557299966,0.0,0
1.9872398615076061,0.1294315333220227,407.0,5655.0,0.31980761561490845,1.5391537875813903,0.0,39961.0,1.5053946557299966,0.0,0
1.9872706252364103,0.1294315333220227,408.0,5655.0,0.31983837934371256,1.5391537875813894,0.0,39961.0,1.5053946557299966,0.0,0
1.9873010828609983,0.1294315333220227,409.0,5655.0,0.3198688369683006,1.5391537875813888,0.0,39961.0,1.5053946557299966,0.0,0
1.9873960642371526,0.12949636013201743,410.0,5657.0,0.3198989915344603,1.5391537875813897,0.0,39961.0,1.5053946557299966,0.0,0
1.9874259187603658,0.12949636013201743,411.0,5657.0,0.31992884605767336,1.5391537875813899,0.0,39961.0,1.5053946557299966,0.0,0
1.9874554762261099,0.12949636013201743,412.0,5657.0,0.31995840352341737,1.5391537875813892,0.0,39961.0,1.5053946557299966,0.0,0
1.9875344749346104,0.12954609547647225,413.0,5658.0,0.3199876668874631,1.5391537875813899,0.0,39961.0,1.5053946557299966,0.0,0
1.987563447123319,0.12954609547647225,414.0,5658.0,0.32001663907617156,1.5391537875813894,0.0,39961.0,1.5053946557299966,0.0,0
1.987592131033933,0.12954609547647225,415.0,5658.0,0.3200453229867856,1.53915378758139,0.0,39961.0,1.5053946557299966,0.0,0
1.9876205295348675,0.12954609547647225,416.0,5658.0,0.32007372148772045,1.5391537875813899,0.0,39961.0,1.5053946557299966,0.0,0
1.9876486454659965,0.12954609547647225,417.0,5658.0,0.32010183741884957,1.5391537875813899,0.0,39961.0,1.5053946557299966,0.0,0
1.9876764816389372,0.12954609547647225,418.0,5658.0,0.3201296735917897,1.53915378758139,0.0,39961.0,1.5053946557299966,0.0,0
1.9877040408373288,0.12954609547647225,419.0,5658.0,0.3201572327901814,1.5391537875813903,0.0,39961.0,1.5053946557299966,0.0,0
1.9877313258171143,0.12954609547647225,420.0,5658.0,0.32018451776996704,1.5391537875813903,0.0,39961.0,1.5053946557299966,0.0,0
1.9877583393068154,0.12954609547647225,421.0,5658.0,0.320211531259668,1.5391537875813894,0.0,39961.0,1.5053946557299966,0.0,0
1.9877850840078024,0.12954609547647225,422.0,5658.0,0.32023827596065524,1.5391537875813899,0.0,39961.0,1.5053946557299966,0.0,0
1.9878613062310047,0.1295958391129084,423.0,5659.0,0.3202647545474213,1.5391537875813892,0.0,39961.0,1.5053946557299966,0.0,0
1.9878875213514302,0.1295958391129084,424.0,5659.0,0.3202909696678471,1.5391537875813897,0.0,39961.0,1.5053946557299966,0.0,0
1.9879134756270496,0.1295958391129084,425.0,5659.0,0.32031692394346617,1.5391537875813899,0.0,39961.0,1.5053946557299966,0.0,0
1.9879391716533112,0.1295958391129084,426.0,5659.0,0.32034261996972796,1.5391537875813897,0.0,39961.0,1.5053946557299966,0.0,0
1.98796461199984,0.1295958391129084,427.0,5659.0,0.32036806031625653,1.53915378758139,0.0,39961.0,1.5053946557299966,0.0,0
1.9879897992106912,0.1295958391129084,428.0,5659.0,0.3203932475271076,1.5391537875813899,0.0,39961.0,1.5053946557299966,0.0,0
1.9880147358046065,0.1295958391129084,429.0,5659.0,0.3204181841210234,1.5391537875813894,0.0,39961.0,1.5053946557299966,0.0,0
1.9880394242752675,0.1295958391129084,430.0,5659.0,0.32044287259168397,1.5391537875813899,0.0,39961.0,1.5053946557299966,0.0,0
1.9880638670915403,0.1295958391129084,431.0,5659.0,0.32046731540795675,1.5391537875813899,0.0,39961.0,1.5053946557299966,0.0,0
1.9880880666977276,0.1295958391129084,432.0,5659.0,0.32049151501414425,1.5391537875813899,0.0,39961.0,1.5053946557299966,0.0,0
1.9881120255138103,0.1295958391129084,433.0,5659.0,0.32051547383022705,1.5391537875813892,0.0,39961.0,1.5053946557299966,0.0,0
1.9881357459356896,0.1295958391129084,434.0,5659.0,0.3205391942521064,1.5391537875813892,0.0,39961.0,1.5053946557299966,0.0,0
1.9881592303354279,0.1295958391129084,435.0,5659.0,0.3205626786518446,1.5391537875813892,0.0,39961.0,1.5053946557299966,0.0,0
1.9884831835962622,0.1298965416476861,436.0,5667.0,0.3205859293779012,1.539153787581389,0.0,39961.0,1.5053946557299966,0.0,0
1.988506202973729,0.1298965416476861,437.0,5667.0,0.32060894875536805,1.5391537875813894,0.0,39961.0,1.5053946557299966,0.0,0
1.988528993304563,0.1298965416476861,438.0,5667.0,0.320631739086202,1.5391537875813894,0.0,39961.0,1.5053946557299966,0.0,0
1.9885515568678165,0.1298965416476861,439.0,5667.0,0.32065430264945527,1.5391537875813899,0.0,39961.0,1.5053946557299966,0.0,0
1.988573895919864,0.1298965416476861,440.0,5667.0,0.320676641701503,1.53915378758139,0.0,39961.0,1.5053946557299966,0.0,0
1.9885960126946303,0.1298965416476861,441.0,5667.0,0.32069875847626894,1.5391537875813903,0.0,39961.0,1.5053946557299966,0.0,0
1.9886179094038101,0.1298965416476861,442.0,5667.0,0.3207206551854491,1.53915378758139,0.0,39961.0,1.5053946557299966,0.0,0
1.9886395882370933,0.1298965416476861,443.0,5667.0,0.32074233401873253,1.5391537875813894,0.0,39961.0,1.5053946557299966,0.0,0
1.9886610513623817,0.1298965416476861,444.0,5667.0,0.32076379714402065,1.5391537875813892,0.0,39961.0,1.5053946557299966,0.0,0
1.9886823009260046,0.1298965416476861,445.0,5667.0,0.32078504670764374,1.539153787581389,0.0,39961.0,1.5053946557299966,0.0,0
1.9887033390529374,0.1298965416476861,446.0,5667.0,0.3208060848345762,1.5391537875813903,0.0,39961.0,1.5053946557299966,0.0,0
1.9887241678470091,0.1298965416476861,447.0,5667.0,0.320826913628648,1.5391537875813892,0.0,39961.0,1.5053946557299966,0.0,0
1.9887447893911174,0.1298965416476861,448.0,5667.0,0.32084753517275627,1.5391537875813894,0.0,39961.0,1.5053946557299966,0.0,0
1.9887652057474332,0.1298965416476861,449.0,5667.0,0.320867951529072,1.5391537875813899,0.0,39961.0,1.5053946557299966,0.0,0
1.9887854189576095,0.1298965416476861,450.0,5667.0,0.3208881647392483,1.5391537875813899,0.0,39961.0,1.5053946557299966,0.0,0
1.988805431042984,0.1298965416476861,451.0,5667.0,0.32090817682462275,1.5391537875813899,0.0,39961.0,1.5053946557299966,0.0,0
1.9888252440047818,0.1298965416476861,452.0,5667.0,0.3209279897864208,1.5391537875813903,0.0,39961.0,1.5053946557299966,0.0,0
1.9888448598243158,0.1298965416476861,453.0,5667.0,0.3209476056059549,1.5391537875813899,0.0,39961.0,1.5053946557299966,0.0,0
1.9888642804631844,0.1298965416476861,454.0,5667.0,0.32096702624482343,1.5391537875813894,0.0,39961.0,1.5053946557299966,0.0,0
1.9888835078634677,0.1298965416476861,455.0,5667.0,0.32098625364510663,1.5391537875813892,0.0,39961.0,1.5053946557299966,0.0,0
1.9889025439479218,0.1298965416476861,456.0,5667.0,0.32100528972956066,1.5391537875813899,0.0,39961.0,1.5053946557299966,0.0,0
1.9889213906201706,0.1298965416476861,457.0,5667.0,0.3210241364018095,1.53915378758139,0.0,39961.0,1.5053946557299966,0.0,0
1.9889400497648972,0.1298965416476861,458.0,5667.0,0.32104279554653614,1.53915378758139,0.0,39961.0,1.5053946557299966,0.0,0
1.9889585232480316,0.1298965416476861,459.0,5667.0,0.3210612690296706,1.5391537875813894,0.0,39961.0,1.5053946557299966,0.0,0
1.9889768129169378,0.1298965416476861,460.0,5667.0,0.3210795586985767,1.5391537875813899,0.0,39961.0,1.5053946557299966,0.0,0
1.9889949206005975,0.1298965416476861,461.0,5667.0,0.3210976663822364,1.5391537875813897,0.0,39961.0,1.5053946557299966,0.0,0
1.9890128481097946,0.1298965416476861,462.0,5667.0,0.32111559389143335,1.5391537875813905,0.0,39961.0,1.5053946557299966,0.0,0
1.9890305972372944,0.1298965416476861,463.0,5667.0,0.3211333430189333,1.5391537875813899,0.0,39961.0,1.5053946557299966,0.0,0
1.9890481697580247,0.1298965416476861,464.0,5667.0,0.3211509155396638,1.5391537875813894,0.0,39961.0,1.5053946557299966,0.0,0
1.9890655674292526,0.1298965416476861,465.0,5667.0,0.32116831321089184,1.5391537875813894,0.0,39961.0,1.5053946557299966,0.0,0
1.9890827919907592,0.1298965416476861,466.0,5667.0,0.3211855377723983,1.5391537875813892,0.0,39961.0,1.5053946557299966,0.0,0
1.9890998451650157,0.1298965416476861,467.0,5667.0,0.32120259094665465,1.5391537875813899,0.0,39961.0,1.5053946557299966,0.0,0
1.989116728657353,0.1298965416476861,468.0,5667.0,0.32121947443899174,1.5391537875813903,0.0,39961.0,1.5053946557299966,0.0,0
1.9891334441561346,0.1298965416476861,469.0,5667.0,0.3212361899377733,1.5391537875813899,0.0,39961.0,1.5053946557299966,0.0,0
1.9891499933329242,0.1298965416476861,470.0,5667.0,0.321252739114563,1.5391537875813892,0.0,39961.0,1.5053946557299966,0.0,0
1.9891663778426532,0.1298965416476861,471.0,5667.0,0.3212691236242924,1.539153787581389,0.0,39961.0,1.5053946557299966,0.0,0
1.989182599323787,0.1298965416476861,472.0,5667.0,0.32128534510542583,1.5391537875813894,0.0,39961.0,1.5053946557299966,0.0,0
1.9891986593984865,0.1298965416476861,473.0,5667.0,0.32130140518012545,1.5391537875813899,0.0,39961.0,1.5053946557299966,0.0,0
1.9892145596727728,0.1298965416476861,474.0,5667.0,0.3213173054544117,1.5391537875813903,0.0,39961.0,1.5053946557299966,0.0,0
1.9892303017366864,0.1298965416476861,475.0,5667.0,0.3213330475183252,1.53915378758139,0.0,39961.0,1.5053946557299966,0.0,0
1.989245887164447,0.1298965416476861,476.0,5667.0,0.32134863294608573,1.53915378758139,0.0,39961.0,1.5053946557299966,0.0,0
1.98926131751461,0.1298965416476861,477.0,5667.0,0.32136406329624906,1.5391537875813903,0.0,39961.0,1.5053946557299966,0.0,0
1.989276594330224,0.1298965416476861,478.0,5667.0,0.32137934011186287,1.5391537875813899,0.0,39961.0,1.5053946557299966,0.0,0
1.9892917191389825,0.1298965416476861,479.0,5667.0,0.3213944649206215,1.53915378758139,0.0,39961.0,1.5053946557299966,0.0,0
1.9893066934533794,0.1298965416476861,480.0,5667.0,0.3214094392350185,1.5391537875813899,0.0,39961.0,1.5053946557299966,0.0,0
1.9893215187708588,0.1298965416476861,481.0,5667.0,0.32142426455249784,1.5391537875813894,0.0,39961.0,1.5053946557299966,0.0,0
1.9893361965739644,0.1298965416476861,482.0,5667.0,0.3214389423556035,1.5391537875813899,0.0,39961.0,1.5053946557299966,0.0,0
1.9893507283304892,0.1298965416476861,483.0,5667.0,0.32145347411212805,1.5391537875813903,0.0,39961.0,1.5053946557299966,0.0,0
1.9893651154936203,0.1298965416476861,484.0,5667.0,0.3214678612752591,1.53915378758139,0.0,39961.0,1.5053946557299966,0.0,0
1.989379359502086,0.1298965416476861,485.0,5667.0,0.32148210528372523,1.53915378758139,0.0,39961.0,1.5053946557299966,0.0,0
1.9893934617803002,0.1298965416476861,486.0,5667.0,0.3214962075619392,1.5391537875813894,0.0,39961.0,1.5053946557299966,0.0,0
1.9894074237385013,0.1298965416476861,487.0,5667.0,0.3215101695201402,1.5391537875813897,0.0,39961.0,1.5053946557299966,0.0,0
1.9894212467728973,0.1298965416476861,488.0,5667.0,0.3215239925545362,1.5391537875813899,0.0,39961.0,1.5053946557299966,0.0,0
1.9894349322658025,0.1298965416476861,489.0,5667.0,0.32153767804744143,1.5391537875813894,0.0,39961.0,1.5053946557299966,0.0,0
1.9894484815857785,0.1298965416476861,490.0,5667.0,0.3215512273674174,1.5391537875813894,0.0,39961.0,1.5053946557299966,0.0,0
1.9894618960877681,0.1298965416476861,491.0,5667.0,0.321564641869407,1.5391537875813894,0.0,39961.0,1.5053946557299966,0.0,0
1.9894751771132324,0.1298965416476861,492.0,5667.0,0.3215779228948715,1.5391537875813899,0.0,39961.0,1.5053946557299966,0.0,0
1.9894883259902856,0.1298965416476861,493.0,5667.0,0.32159107177192453,1.5391537875813894,0.0,39961.0,1.5053946557299966,0.0,0
1.9895013440338263,0.1298965416476861,494.0,5667.0,0.32160408981546507,1.5391537875813899,0.0,39961.0,1.5053946557299966,0.0,0
1.9895142325456694,0.1298965416476861,495.0,5667.0,0.32161697832730823,1.53915378758139,0.0,39961.0,1.5053946557299966,0.0,0
1.9895269928146768,0.1298965416476861,496.0,5667.0,0.3216297385963157,1.5391537875813899,0.0,39961.0,1.5053946557299966,0.0,0
1.989539626116886,0.1298965416476861,497.0,5667.0,0.32164237189852507,1.5391537875813897,0.0,39961.0,1.5053946557299966,0.0,0
1.9895521337156383,0.1298965416476861,498.0,5667.0,0.32165487949727717,1.5391537875813903,0.0,39961.0,1.5053946557299966,0.0,0
1.989564516861703,0.1298965416476861,499.0,5667.0,0.32166726264334217,1.5391537875813892,0.0,39961.0,1.5053946557299966,0.0,0
1.9895767767934063,0.1298965416476861,500.0,5667.0,0.32167952257504545,1.5391537875813894,0.0,39961.0,1.5053946557299966,0.0,0
1.9895889147367507,0.1298965416476861,501.0,5667.0,0.3216916605183897,1.539153787581389,0.0,39961.0,1.5053946557299966,0.0,0
1.989600931905541,0.1298965416476861,502.0,5667.0,0.3217036776871799,1.5391537875813894,0.0,39961.0,1.5053946557299966,0.0,0
1.9896128295015039,0.1298965416476861,503.0,5667.0,0.3217155752831428,1.5391537875813892,0.0,39961.0,1.5053946557299966,0.0,0
1.989624608714409,0.1298965416476861,504.0,5667.0,0.32172735449604795,1.5391537875813894,0.0,39961.0,1.5053946557299966,0.0,0
1.9896362707221875,0.1298965416476861,505.0,5667.0,0.3217390165038262,1.5391537875813899,0.0,39961.0,1.5053946557299966,0.0,0
1.9896478166910494,0.1298965416476861,506.0,5667.0,0.3217505624726883,1.5391537875813892,0.0,39961.0,1.5053946557299966,0.0,0
1.9896592477756019,0.1298965416476861,507.0,5667.0,0.3217619935572409,1.5391537875813894,0.0,39961.0,1.5053946557299966,0.0,0
1.9896943293753826,0.12992030590410622,508.0,5668.0,0.3217733109006016,1.5391537875813894,0.0,39961.0,1.5053946557299966,0.0,0
1.9897055341092955,0.12992030590410622,509.0,5668.0,0.32178451563451427,1.5391537875813894,0.0,39961.0,1.5053946557299966,0.0,0
1.989716627354243,0.12992030590410622,510.0,5668.0,0.32179560887946174,1.5391537875813894,0.0,39961.0,1.5053946557299966,0.0,0
1.9897276102195587,0.12992030590410622,511.0,5668.0,0.3218065917447779,1.5391537875813894,0.0,39961.0,1.5053946557299966,0.0,0
1.989738483803539,0.12992030590410622,512.0,5668.0,0.32181746532875805,1.5391537875813903,0.0,39961.0,1.5053946557299966,0.0,0
1.9897492491935511,0.12992030590410622,513.0,5668.0,0.32182823071876976,1.53915378758139,0.0,39961.0,1.5053946557299966,0.0,0
1.9897599074661425,0.12992030590410622,514.0,5668.0,0.3218388889913613,1.5391537875813897,0.0,39961.0,1.5053946557299966,0.0,0
1.9897704596871497,0.12992030590410622,515.0,5668.0,0.3218494412123687,1.5391537875813894,0.0,39961.0,1.5053946557299966,0.0,0
1.9897809069118038,0.12992030590410622,516.0,5668.0,0.3218598884370226,1.53915378758139,0.0,39961.0,1.5053946557299966,0.0,0
1.9897912501848358,0.12992030590410622,517.0,5668.0,0.32187023171005447,1.5391537875813897,0.0,39961.0,1.5053946557299966,0.0,0
1.989801490540581,0.12992030590410622,518.0,5668.0,0.32188047206579984,1.5391537875813894,0.0,39961.0,1.5053946557299966,0.0,0
1.989811629003084,0.12992030590410622,519.0,5668.0,0.3218906105283033,1.5391537875813894,0.0,39961.0,1.5053946557299966,0.0,0
1.9898216665862005,0.12992030590410622,520.0,5668.0,0.3219006481114193,1.5391537875813894,0.0,39961.0,1.5053946557299966,0.0,0
1.9898316042936954,0.12992030590410622,521.0,5668.0,0.32191058581891435,1.5391537875813894,0.0,39961.0,1.5053946557299966,0.0,0
1.9898414431193492,0.12992030590410622,522.0,5668.0,0.32192042464456794,1.5391537875813894,0.0,39961.0,1.5053946557299966,0.0,0
1.9898511840470519,0.12992030590410622,523.0,5668.0,0.32193016557227055,1.5391537875813903,0.0,39961.0,1.5053946557299966,0.0,0
1.989860828050904,0.12992030590410622,524.0,5668.0,0.3219398095761229,1.5391537875813899,0.0,39961.0,1.5053946557299966,0.0,0
1.989870376095315,0.12992030590410622,525.0,5668.0,0.32194935762053356,1.53915378758139,0.0,39961.0,1.5053946557299966,0.0,0
1.9898798291350968,0.12992030590410622,526.0,5668.0,0.3219588106603153,1.5391537875813894,0.0,39961.0,1.5053946557299966,0.0,0
1.9898891881155605,0.12992030590410622,527.0,5668.0,0.32196816964077923,1.5391537875813903,0.0,39961.0,1.5053946557299966,0.0,0
1.9898984539726128,0.12992030590410622,528.0,5668.0,0.3219774354978319,1.53915378758139,0.0,39961.0,1.5053946557299966,0.0,0
1.9899076276328476,0.12992030590410622,529.0,5668.0,0.3219866091580662,1.5391537875813894,0.0,39961.0,1.5053946557299966,0.0,0
1.9899167100136375,0.12992030590410622,530.0,5668.0,0.3219956915388562,1.53915378758139,0.0,39961.0,1.5053946557299966,0.0,0
1.9899257020232286,0.12992030590410622,531.0,5668.0,0.3220046835484473,1.53915378758139,0.0,39961.0,1.5053946557299966,0.0,0
1.9899346045608293,0.12992030590410622,532.0,5668.0,0.32201358608604813,1.5391537875813897,0.0,39961.0,1.5053946557299966,0.0,0
1.9899932155058322,0.12997010289323718,533.0,5669.0,0.32202240004191973,1.5391537875813899,0.0,39961.0,1.5053946557299966,0.0,0
1.9900019417613772,0.12997010289323718,534.0,5669.0,0.3220311262974653,1.5391537875813894,0.0,39961.0,1.5053946557299966,0.0,0
1.9900105811892292,0.12997010289323718,535.0,5669.0,0.3220397657253171,1.5391537875813894,0.0,39961.0,1.5053946557299966,0.0,0
1.9900191346533376,0.12997010289323718,536.0,5669.0,0.32204831918942556,1.5391537875813897,0.0,39961.0,1.5053946557299966,0.0,0
1.9900276030090565,0.12997010289323718,537.0,5669.0,0.3220567875451441,1.5391537875813894,0.0,39961.0,1.5053946557299966,0.0,0
1.9900359871032276,0.12997010289323718,538.0,5669.0,0.3220651716393155,1.5391537875813899,0.0,39961.0,1.5053946557299966,0.0,0
1.990044287774268,0.12997010289323718,539.0,5669.0,0.322073472310356,1.5391537875813894,0.0,39961.0,1.5053946557299966,0.0,0
1.9901023055419975,0.13001990258298338,540.0,5670.0,0.3220816903883395,1.5391537875813892,0.0,39961.0,1.5053946557299966,0.0,0
1.9901104418487392,0.13001990258298338,541.0,5670.0,0.322089826695081,1.5391537875813894,0.0,39961.0,1.5053946557299966,0.0,0
1.9901184971978758,0.13001990258298338,542.0,5670.0,0.3220978820442175,1.5391537875813888,0.0,39961.0,1.5053946557299966,0.0,0
1.9901264723949494,0.13001990258298338,543.0,5670.0,0.3221058572412911,1.5391537875813894,0.0,39961.0,1.5053946557299966,0.0,0
1.9901343682374866,0.13001990258298338,544.0,5670.0,0.322113753083828,1.5391537875813903,0.0,39961.0,1.5053946557299966,0.0,0
1.9901421855150772,0.13001990258298338,545.0,5670.0,0.3221215703614189,1.5391537875813894,0.0,39961.0,1.5053946557299966,0.0,0
1.990149925009456,0.13001990258298338,546.0,5670.0,0.3221293098557979,1.5391537875813894,0.0,39961.0,1.5053946557299966,0.0,0
1.99015758749458,0.13001990258298338,547.0,5670.0,0.32213697234092153,1.5391537875813899,0.0,39961.0,1.5053946557299966,0.0,0
1.9901651737367023,0.13001990258298338,548.0,5670.0,0.322144558583044,1.5391537875813894,0.0,39961.0,1.5053946557299966,0.0,0
1.9901726844944545,0.13001990258298338,549.0,5670.0,0.32215206934079627,1.5391537875813899,0.0,39961.0,1.5053946557299966,0.0,0
1.9901801205189182,0.13001990258298338,550.0,5670.0,0.32215950536526017,1.5391537875813894,0.0,39961.0,1.5053946557299966,0.0,0
1.9901874825537027,0.13001990258298338,551.0,5670.0,0.3221668674000443,1.5391537875813894,0.0,39961.0,1.5053946557299966,0.0,0
1.9901947713350168,0.13001990258298338,552.0,5670.0,0.3221741561813586,1.5391537875813894,0.0,39961.0,1.5053946557299966,0.0,0
1.9902257582432061,0.1300436732344444,553.0,5671.0,0.3221813724380868,1.5391537875813894,0.0,39961.0,1.5053946557299966,0.0,0
1.9902329026969805,0.1300436732344444,554.0,5671.0,0.32218851689186095,1.53915378758139,0.0,39961.0,1.5053946557299966,0.0,0
1.9902399760622518,0.1300436732344444,555.0,5671.0,0.32219559025713257,1.53915378758139,0.0,39961.0,1.5053946557299966,0.0,0
1.9902469790463628,0.1300436732344444,556.0,5671.0,0.32220259324124334,1.5391537875813903,0.0,39961.0,1.5053946557299966,0.0,0
1.9902539123496177,0.1300436732344444,557.0,5671.0,0.3222095265444983,1.5391537875813892,0.0,39961.0,1.5053946557299966,0.0,0
1.9902607766653524,0.1300436732344444,558.0,5671.0,0.322216390860233,1.5391537875813894,0.0,39961.0,1.5053946557299966,0.0,0
1.9902675726800048,0.1300436732344444,559.0,5671.0,0.32222318687488505,1.5391537875813899,0.0,39961.0,1.5053946557299966,0.0,0
1.9902743010731807,0.1300436732344444,560.0,5671.0,0.3222299152680614,1.5391537875813892,0.0,39961.0,1.5053946557299966,0.0,0
1.9902809625177267,0.1300436732344444,561.0,5671.0,0.32223657671260714,1.5391537875813903,0.0,39961.0,1.5053946557299966,0.0,0
1.9902875576797916,0.1300436732344444,562.0,5671.0,0.32224317187467205,1.5391537875813899,0.0,39961.0,1.5053946557299966,0.0,0
1.9902940872188974,0.1300436732344444,563.0,5671.0,0.3222497014137781,1.5391537875813899,0.0,39961.0,1.5053946557299966,0.0,0
1.990300551788004,0.1300436732344444,564.0,5671.0,0.3222561659828843,1.5391537875813903,0.0,39961.0,1.5053946557299966,0.0,0
1.990310695018575,0.13004741621944685,565.0,5672.0,0.32226256622845334,1.5391537875813888,0.0,39961.0,1.5053946557299966,0.0,0
1.9903278399956685,0.13005822463447847,566.0,5673.0,0.32226890279051496,1.5391537875813894,0.0,39961.0,1.5053946557299966,0.0,0
1.9903341135078838,0.13005822463447847,567.0,5673.0,0.3222751763027304,1.5391537875813899,0.0,39961.0,1.5053946557299966,0.0,0
1.9903403245976101,0.13005822463447847,568.0,5673.0,0.3222813873924565,1.53915378758139,0.0,39961.0,1.5053946557299966,0.0,0
1.9903464738859604,0.13005822463447847,569.0,5673.0,0.322287536680807,1.5391537875813894,0.0,39961.0,1.5053946557299966,0.0,0
1.9903525619878697,0.13005822463447847,570.0,5673.0,0.3222936247827164,1.5391537875813903,0.0,39961.0,1.5053946557299966,0.0,0
1.990358589512153,0.13005822463447847,571.0,5673.0,0.3222996523069995,1.5391537875813899,0.0,39961.0,1.5053946557299966,0.0,0
1.9903645570615673,0.13005822463447847,572.0,5673.0,0.322305619856414,1.5391537875813897,0.0,39961.0,1.5053946557299966,0.0,0
1.990370465232873,0.13005822463447847,573.0,5673.0,0.3223115280277195,1.5391537875813894,0.0,39961.0,1.5053946557299966,0.0,0
1.9903763146168918,0.13005822463447847,574.0,5673.0,0.3223173774117383,1.5391537875813894,0.0,39961.0,1.5053946557299966,0.0,0
1.9903821057985673,0.13005822463447847,575.0,5673.0,0.32232316859341376,1.5391537875813897,0.0,39961.0,1.5053946557299966,0.0,0
1.9903878393570227,0.13005822463447847,576.0,5673.0,0.3223289021518689,1.5391537875813903,0.0,39961.0,1.5053946557299966,0.0,0
1.9903935158656176,0.13005822463447847,577.0,5673.0,0.32233457866046406,1.5391537875813894,0.0,39961.0,1.5053946557299966,0.0,0
1.9903991358920081,0.13005822463447847,578.0,5673.0,0.3223401986868548,1.5391537875813892,0.0,39961.0,1.5053946557299966,0.0,0
1.9904046999982026,0.13005822463447847,579.0,5673.0,0.32234576279304883,1.5391537875813905,0.0,39961.0,1.5053946557299966,0.0,0
1.9904102087406144,0.13005822463447847,580.0,5673.0,0.32235127153546106,1.5391537875813894,0.0,39961.0,1.5053946557299966,0.0,0
1.9904156626701242,0.13005822463447847,581.0,5673.0,0.32235672546497063,1.5391537875813897,0.0,39961.0,1.5053946557299966,0.0,0
1.9904210623321281,0.13005822463447847,582.0,5673.0,0.32236212512697476,1.5391537875813903,0.0,39961.0,1.5053946557299966,0.0,0
1.990426408266598,0.13005822463447847,583.0,5673.0,0.32236747106144437,1.5391537875813897,0.0,39961.0,1.5053946557299966,0.0,0
1.9904317010081303,0.13005822463447847,584.0,5673.0,0.32237276380297686,1.5391537875813899,0.0,39961.0,1.5053946557299966,0.0,0
1.990436941086005,0.13005822463447847,585.0,5673.0,0.32237800388085147,1.53915378758139,0.0,39961.0,1.5053946557299966,0.0,0
1.9904421290242333,0.13005822463447847,586.0,5673.0,0.32238319181907993,1.5391537875813894,0.0,39961.0,1.5053946557299966,0.0,0
1.9904472653416143,0.13005822463447847,587.0,5673.0,0.32238832813646073,1.5391537875813899,0.0,39961.0,1.5053946557299966,0.0,0
1.9904523505517828,0.13005822463447847,588.0,5673.0,0.3223934133466294,1.5391537875813897,0.0,39961.0,1.5053946557299966,0.0,0
1.9904573851632654,0.13005822463447847,589.0,5673.0,0.32239844795811173,1.5391537875813899,0.0,39961.0,1.5053946557299966,0.0,0
1.990462369679526,0.13005822463447847,590.0,5673.0,0.32240343247437264,1.5391537875813894,0.0,39961.0,1.5053946557299966,0.0,0
1.9904673045990218,0.13005822463447847,591.0,5673.0,0.3224083673938682,1.5391537875813894,0.0,39961.0,1.5053946557299966,0.0,0
1.9904721904152478,0.13005822463447847,592.0,5673.0,0.3224132532100943,1.5391537875813894,0.0,39961.0,1.5053946557299966,0.0,0
1.9904770276167902,0.13005822463447847,593.0,5673.0,0.3224180904116367,1.5391537875813897,0.0,39961.0,1.5053946557299966,0.0,0
1.990481816687373,0.13005822463447847,594.0,5673.0,0.3224228794822195,1.53915378758139,0.0,39961.0,1.5053946557299966,0.0,0
1.990536368824616,0.13010803535318713,595.0,5674.0,0.32242762090075383,1.5391537875813903,0.0,39961.0,1.5053946557299966,0.0,0
1.9905410630652478,0.13010803535318713,596.0,5674.0,0.3224323151413856,1.53915378758139,0.0,39961.0,1.5053946557299966,0.0,0
1.9905457105974047,0.13010803535318713,597.0,5674.0,0.3224369626735425,1.5391537875813894,0.0,39961.0,1.5053946557299966,0.0,0
1.9905503118858439,0.13010803535318713,598.0,5674.0,0.32244156396198176,1.53915378758139,0.0,39961.0,1.5053946557299966,0.0,0
1.9905548673906983,0.13010803535318713,599.0,5674.0,0.3224461194668362,1.5391537875813892,0.0,39961.0,1.5053946557299966,0.0,0
1.9905593775675219,0.13010803535318713,600.0,5674.0,0.3224506296436599,1.5391537875813894,0.0,39961.0,1.5053946557299966,0.0,0
1.9905638428673365,0.13010803535318713,601.0,5674.0,0.32245509494347435,1.5391537875813892,0.0,39961.0,1.5053946557299966,0.0,0
1.9905682637366757,0.13010803535318713,602.0,5674.0,0.32245951581281357,1.5391537875813903,0.0,39961.0,1.5053946557299966,0.0,0
1.9905726406176298,0.13010803535318713,603.0,5674.0,0.3224638926937675,1.5391537875813897,0.0,39961.0,1.5053946557299966,0.0,0
1.9905769739478907,0.13010803535318713,604.0,5674.0,0.32246822602402847,1.5391537875813899,0.0,39961.0,1.5053946557299966,0.0,0
1.9905812641607952,0.13010803535318713,605.0,5674.0,0.32247251623693307,1.5391537875813905,0.0,39961.0,1.5053946557299966,0.0,0
1.9905855116853677,0.13010803535318713,606.0,5674.0,0.32247676376150575,1.539153787581389,0.0,39961.0,1.5053946557299966,0.0,0
1.990589716946365,0.13010803535318713,607.0,5674.0,0.32248096902250295,1.5391537875813894,0.0,39961.0,1.5053946557299966,0.0,0
1.990593880364316,0.13010803535318713,608.0,5674.0,0.3224851324404539,1.5391537875813903,0.0,39961.0,1.5053946557299966,0.0,0
1.9907517184297578,0.13026175142737842,609.0,5679.0,0.3224892544317042,1.53915378758139,0.0,39961.0,1.5053946557299966,0.0,0
1.9907557994065097,0.13026175142737842,610.0,5679.0,0.3224933354084563,1.5391537875813897,0.0,39961.0,1.5053946557299966,0.0,0
1.9907598397768647,0.13026175142737842,611.0,5679.0,0.3224973757788113,1.5391537875813897,0.0,39961.0,1.5053946557299966,0.0,0
1.9907638399448628,0.13026175142737842,612.0,5679.0,0.32250137594680944,1.5391537875813903,0.0,39961.0,1.5053946557299966,0.0,0
1.9907678003105242,0.13026175142737842,613.0,5679.0,0.32250533631247097,1.5391537875813894,0.0,39961.0,1.5053946557299966,0.0,0
1.9907717212698888,0.13026175142737842,614.0,5679.0,0.32250925727183566,1.5391537875813899,0.0,39961.0,1.5053946557299966,0.0,0
1.9907756032150563,0.13026175142737842,615.0,5679.0,0.32251313921700314,1.5391537875813903,0.0,39961.0,1.5053946557299966,0.0,0
1.990779446534224,0.13026175142737842,616.0,5679.0,0.3225169825361706,1.5391537875813899,0.0,39961.0,1.5053946557299966,0.0,0
1.9907832516117265,0.13026175142737842,617.0,5679.0,0.32252078761367325,1.5391537875813894,0.0,39961.0,1.5053946557299966,0.0,0
1.9907870188280756,0.13026175142737842,618.0,5679.0,0.3225245548300223,1.5391537875813899,0.0,39961.0,1.5053946557299966,0.0,0
1.9907907485599963,0.13026175142737842,619.0,5679.0,0.32252828456194266,1.5391537875813897,0.0,39961.0,1.5053946557299966,0.0,0
1.9907944411804632,0.13026175142737842,620.0,5679.0,0.32253197718240983,1.5391537875813894,0.0,39961.0,1.5053946557299966,0.0,0
1.9907980970587429,0.13026175142737842,621.0,5679.0,0.32253563306068966,1.5391537875813899,0.0,39961.0,1.5053946557299966,0.0,0
1.9908017165604261,0.13026175142737842,622.0,5679.0,0.32253925256237287,1.539153787581389,0.0,39961.0,1.5053946557299966,0.0,0
1.9908053000474657,0.13026175142737842,623.0,5679.0,0.32254283604941264,1.5391537875813892,0.0,39961.0,1.5053946557299966,0.0,0
1.9908088478782138,0.13026175142737842,624.0,5679.0,0.3225463838801605,1.5391537875813897,0.0,39961.0,1.5053946557299966,0.0,0
1.9908123604074561,0.13026175142737842,625.0,5679.0,0.32254989640940257,1.53915378758139,0.0,39961.0,1.5053946557299966,0.0,0
1.990815837986448,0.13026175142737842,626.0,5679.0,0.3225533739883947,1.5391537875813888,0.0,39961.0,1.5053946557299966,0.0,0
1.9908192809629512,0.13026175142737842,627.0,5679.0,0.32255681696489796,1.5391537875813894,0.0,39961.0,1.5053946557299966,0.0,0
1.9908226896812655,0.13026175142737842,628.0,5679.0,0.32256022568321224,1.5391537875813897,0.0,39961.0,1.5053946557299966,0.0,0
1.9908260644822664,0.13026175142737842,629.0,5679.0,0.32256360048421284,1.5391537875813899,0.0,39961.0,1.5053946557299966,0.0,0
1.990829405703436,0.13026175142737842,630.0,5679.0,0.32256694170538236,1.5391537875813894,0.0,39961.0,1.5053946557299966,0.0,0
1.9908327136788992,0.13026175142737842,631.0,5679.0,0.32257024968084574,1.5391537875813894,0.0,39961.0,1.5053946557299966,0.0,0
1.9908359887394569,0.13026175142737842,632.0,5679.0,0.32257352474140344,1.5391537875813894,0.0,39961.0,1.5053946557299966,0.0,0
1.9908392312126175,0.13026175142737842,633.0,5679.0,0.3225767672145641,1.5391537875813894,0.0,39961.0,1.5053946557299966,0.0,0
1.9908424414226307,0.13026175142737842,634.0,5679.0,0.3225799774245775,1.53915378758139,0.0,39961.0,1.5053946557299966,0.0,0
1.990845619690521,0.13026175142737842,635.0,5679.0,0.3225831556924677,1.5391537875813899,0.0,39961.0,1.5053946557299966,0.0,0
1.9908487663341177,0.13026175142737842,636.0,5679.0,0.32258630233606406,1.5391537875813905,0.0,39961.0,1.5053946557299966,0.0,0
1.990851881668087,0.13026175142737842,637.0,5679.0,0.32258941767003346,1.5391537875813903,0.0,39961.0,1.5053946557299966,0.0,0
1.9908549660039652,0.13026175142737842,638.0,5679.0,0.3225925020059119,1.5391537875813899,0.0,39961.0,1.5053946557299966,0.0,0
1.9908580196501888,0.13026175142737842,639.0,5679.0,0.32259555565213555,1.5391537875813894,0.0,39961.0,1.5053946557299966,0.0,0
1.9908610429121254,0.13026175142737842,640.0,5679.0,0.32259857891407173,1.5391537875813897,0.0,39961.0,1.5053946557299966,0.0,0
1.9908640360921022,0.13026175142737842,641.0,5679.0,0.3226015720940489,1.5391537875813897,0.0,39961.0,1.5053946557299966,0.0,0
1.9908669994894412,0.13026175142737842,642.0,5679.0,0.3226045354913878,1.5391537875813903,0.0,39961.0,1.5053946557299966,0.0,0
1.990869933400484,0.13026175142737842,643.0,5679.0,0.32260746940243046,1.5391537875813905,0.0,39961.0,1.5053946557299966,0.0,0
1.9908728381186238,0.13026175142737842,644.0,5679.0,0.3226103741205704,1.53915378758139,0.0,39961.0,1.5053946557299966,0.0,0
1.9908994926637495,0.13028553015679273,645.0,5680.0,0.32261324993628193,1.5391537875813894,0.0,39961.0,1.5053946557299966,0.0,0
1.9909023398646168,0.13028553015679273,646.0,5680.0,0.3226160971371492,1.5391537875813903,0.0,39961.0,1.5053946557299966,0.0,0
1.9909051587353623,0.13028553015679273,647.0,5680.0,0.3226189160078944,1.5391537875813903,0.0,39961.0,1.5053946557299966,0.0,0
1.9909079495578748,0.13028553015679273,648.0,5680.0,0.3226217068304071,1.5391537875813894,0.0,39961.0,1.5053946557299966,0.0,0
1.9909107126112393,0.13028553015679273,649.0,5680.0,0.3226244698837715,1.539153787581389,0.0,39961.0,1.5053946557299966,0.0,0
1.9909134481717639,0.13028553015679273,650.0,5680.0,0.322627205444296,1.5391537875813892,0.0,39961.0,1.5053946557299966,0.0,0
1.990916156513006,0.13028553015679273,651.0,5680.0,0.3226299137855383,1.5391537875813903,0.0,39961.0,1.5053946557299966,0.0,0
1.9909188379058023,0.13028553015679273,652.0,5680.0,0.3226325951783349,1.5391537875813888,0.0,39961.0,1.5053946557299966,0.0,0
1.9909214926182957,0.13028553015679273,653.0,5680.0,0.32263524989082765,1.53915378758139,0.0,39961.0,1.5053946557299966,0.0,0
1.9909241209159572,0.13028553015679273,654.0,5680.0,0.3226378781884894,1.5391537875813903,0.0,39961.0,1.5053946557299966,0.0,0
1.9909267230616206,0.13028553015679273,655.0,5680.0,0.3226404803341529,1.5391537875813894,0.0,39961.0,1.5053946557299966,0.0,0
1.9909292993155019,0.13028553015679273,656.0,5680.0,0.3226430565880341,1.53915378758139,0.0,39961.0,1.5053946557299966,0.0,0
1.9909318499352286,0.13028553015679273,657.0,5680.0,0.322645607207761,1.5391537875813903,0.0,39961.0,1.5053946557299966,0.0,0
1.9909343751758652,0.13028553015679273,658.0,5680.0,0.3226481324483974,1.5391537875813894,0.0,39961.0,1.5053946557299966,0.0,0
1.9909368752899375,0.13028553015679273,659.0,5680.0,0.3226506325624698,1.5391537875813899,0.0,39961.0,1.5053946557299966,0.0,0
1.9909393505274593,0.13028553015679273,660.0,5680.0,0.32265310779999157,1.5391537875813892,0.0,39961.0,1.5053946557299966,0.0,0
1.9909418011359556,0.13028553015679273,661.0,5680.0,0.32265555840848825,1.5391537875813894,0.0,39961.0,1.5053946557299966,0.0,0
1.990944227360491,0.13028553015679273,662.0,5680.0,0.32265798463302325,1.5391537875813899,0.0,39961.0,1.5053946557299966,0.0,0
1.9909466294436882,0.13028553015679273,663.0,5680.0,0.3226603867162206,1.5391537875813894,0.0,39961.0,1.5053946557299966,0.0,0
1.9909490076257585,0.13028553015679273,664.0,5680.0,0.32266276489829093,1.53915378758139,0.0,39961.0,1.5053946557299966,0.0,0
1.990951362144522,0.13028553015679273,665.0,5680.0,0.32266511941705417,1.5391537875813894,0.0,39961.0,1.5053946557299966,0.0,0
1.990953693235432,0.13028553015679273,666.0,5680.0,0.32266745050796447,1.5391537875813899,0.0,39961.0,1.5053946557299966,0.0,0
1.9909560011316,0.13028553015679273,667.0,5680.0,0.3226697584041322,1.5391537875813894,0.0,39961.0,1.5053946557299966,0.0,0
1.9909603838332524,0.13028762792622764,668.0,5681.0,0.3226720433363497,1.5391537875813894,0.0,39961.0,1.5053946557299966,0.0,0
1.9909626460300145,0.13028762792622764,669.0,5681.0,0.32267430553311194,1.5391537875813899,0.0,39961.0,1.5053946557299966,0.0,0
1.9909648857175426,0.13028762792622764,670.0,5681.0,0.32267654522064,1.53915378758139,0.0,39961.0,1.5053946557299966,0.0,0
1.9909671031198075,0.13028762792622764,671.0,5681.0,0.32267876262290496,1.5391537875813903,0.0,39961.0,1.5053946557299966,0.0,0
1.990969298458551,0.13028762792622764,672.0,5681.0,0.32268095796164864,1.5391537875813888,0.0,39961.0,1.5053946557299966,0.0,0
1.9909714719533098,0.13028762792622764,673.0,5681.0,0.322683131456407,1.5391537875813894,0.0,39961.0,1.5053946557299966,0.0,0
1.9909736238214337,0.13028762792622764,674.0,5681.0,0.32268528332453095,1.5391537875813894,0.0,39961.0,1.5053946557299966,0.0,0
1.990975754278112,0.13028762792622764,675.0,5681.0,0.3226874137812096,1.5391537875813894,0.0,39961.0,1.5053946557299966,0.0,0
1.9909778635363924,0.13028762792622764,676.0,5681.0,0.3226895230394897,1.5391537875813892,0.0,39961.0,1.5053946557299966,0.0,0
1.9909799518072022,0.13028762792622764,677.0,5681.0,0.32269161131029966,1.53915378758139,0.0,39961.0,1.5053946557299966,0.0,0
1.99098201929937,0.13028762792622764,678.0,5681.0,0.3226936788024676,1.5391537875813892,0.0,39961.0,1.5053946557299966,0.0,0
1.9909840662196472,0.13028762792622764,679.0,5681.0,0.32269572572274485,1.5391537875813894,0.0,39961.0,1.5053946557299966,0.0,0
1.9909860927727279,0.13028762792622764,680.0,5681.0,0.3226977522758252,1.53915378758139,0.0,39961.0,1.5053946557299966,0.0,0
1.9909880991612678,0.13028762792622764,681.0,5681.0,0.3226997586643652,1.5391537875813892,0.0,39961.0,1.5053946557299966,0.0,0
1.9909900855859084,0.13028762792622764,682.0,5681.0,0.3227017450890059,1.53915378758139,0.0,39961.0,1.5053946557299966,0.0,0
1.9909920522452935,0.13028762792622764,683.0,5681.0,0.3227037117483909,1.53915378758139,0.0,39961.0,1.5053946557299966,0.0,0
1.9909939993360908,0.13028762792622764,684.0,5681.0,0.3227056588391884,1.5391537875813892,0.0,39961.0,1.5053946557299966,0.0,0
1.9909959270530113,0.13028762792622764,685.0,5681.0,0.3227075865561085,1.5391537875813903,0.0,39961.0,1.5053946557299966,0.0,0
1.9909978355888278,0.13028762792622764,686.0,5681.0,0.3227094950919249,1.53915378758139,0.0,39961.0,1.5053946557299966,0.0,0
1.9909997251343952,0.13028762792622764,687.0,5681.0,0.3227113846374925,1.5391537875813897,0.0,39961.0,1.5053946557299966,0.0,0
1.9910015958786704,0.13028762792622764,688.0,5681.0,0.3227132553817677,1.5391537875813903,0.0,39961.0,1.5053946557299966,0.0,0
1.9910034480087289,0.13028762792622764,689.0,5681.0,0.3227151075118263,1.53915378758139,0.0,39961.0,1.5053946557299966,0.0,0
1.9910052817097852,0.13028762792622764,690.0,5681.0,0.32271694121288286,1.5391537875813892,0.0,39961.0,1.5053946557299966,0.0,0
1.9910070971652118,0.13028762792622764,691.0,5681.0,0.32271875666830924,1.5391537875813899,0.0,39961.0,1.5053946557299966,0.0,0
1.9910088945565545,0.13028762792622764,692.0,5681.0,0.32272055405965205,1.53915378758139,0.0,39961.0,1.5053946557299966,0.0,0
1.9910106740635551,0.13028762792622764,693.0,5681.0,0.32272233356665236,1.5391537875813899,0.0,39961.0,1.5053946557299966,0.0,0
1.9910124358641645,0.13028762792622764,694.0,5681.0,0.32272409536726204,1.5391537875813899,0.0,39961.0,1.5053946557299966,0.0,0
1.9910141801345655,0.13028762792622764,695.0,5681.0,0.32272583963766277,1.5391537875813899,0.0,39961.0,1.5053946557299966,0.0,0
1.991015907049186,0.13028762792622764,696.0,5681.0,0.32272756655228313,1.5391537875813905,0.0,39961.0,1.5053946557299966,0.0,0
1.9910176167807185,0.13028762792622764,697.0,5681.0,0.3227292762838159,1.53915378758139,0.0,39961.0,1.5053946557299966,0.0,0
1.9910193095001383,0.13028762792622764,698.0,5681.0,0.3227309690032356,1.53915378758139,0.0,39961.0,1.5053946557299966,0.0,0
1.991020985376718,0.13028762792622764,699.0,5681.0,0.32273264487981557,1.5391537875813894,0.0,39961.0,1.5053946557299966,0.0,0
1.991022644578048,0.13028762792622764,700.0,5681.0,0.32273430408114523,1.5391537875813894,0.0,39961.0,1.5053946557299966,0.0,0
1.991024287270048,0.13028762792622764,701.0,5681.0,0.3227359467731456,1.5391537875813903,0.0,39961.0,1.5053946557299966,0.0,0
1.9910259136169899,0.13028762792622764,702.0,5681.0,0.32273757312008744,1.5391537875813892,0.0,39961.0,1.5053946557299966,0.0,0
1.9910275237815094,0.13028762792622764,703.0,5681.0,0.3227391832846068,1.5391537875813899,0.0,39961.0,1.5053946557299966,0.0,0
1.9910291179246242,0.13028762792622764,704.0,5681.0,0.3227407774277217,1.53915378758139,0.0,39961.0,1.5053946557299966,0.0,0
1.9910306962057502,0.13028762792622764,705.0,5681.0,0.3227423557088476,1.5391537875813903,0.0,39961.0,1.5053946557299966,0.0,0
1.9910322587827165,0.13028762792622764,706.0,5681.0,0.3227439182858138,1.5391537875813899,0.0,39961.0,1.5053946557299966,0.0,0
1.9910338058117822,0.13028762792622764,707.0,5681.0,0.32274546531487935,1.5391537875813894,0.0,39961.0,1.5053946557299966,0.0,0
1.991035337447651,0.13028762792622764,708.0,5681.0,0.32274699695074843,1.5391537875813899,0.0,39961.0,1.5053946557299966,0.0,0
1.9910368538434886,0.13028762792622764,709.0,5681.0,0.3227485133465863,1.5391537875813892,0.0,39961.0,1.5053946557299966,0.0,0
1.9910383551509356,0.13028762792622764,710.0,5681.0,0.32275001465403325,1.5391537875813894,0.0,39961.0,1.5053946557299966,0.0,0
1.9910398415201243,0.13028762792622764,711.0,5681.0,0.32275150102322153,1.5391537875813903,0.0,39961.0,1.5053946557299966,0.0,0
1.9910413130996918,0.13028762792622764,712.0,5681.0,0.32275297260278935,1.5391537875813894,0.0,39961.0,1.5053946557299966,0.0,0
1.9910427700367983,0.13028762792622764,713.0,5681.0,0.3227544295398957,1.5391537875813903,0.0,39961.0,1.5053946557299966,0.0,0
1.9910442124771381,0.13028762792622764,714.0,5681.0,0.3227558719802357,1.5391537875813894,0.0,39961.0,1.5053946557299966,0.0,0
1.9910456405649573,0.13028762792622764,715.0,5681.0,0.32275730006805436,1.5391537875813894,0.0,39961.0,1.5053946557299966,0.0,0
1.991047054443065,0.13028762792622764,716.0,5681.0,0.3227587139461622,1.5391537875813894,0.0,39961.0,1.5053946557299966,0.0,0
1.99104845425285,0.13028762792622764,717.0,5681.0,0.3227601137559474,1.5391537875813897,0.0,39961.0,1.5053946557299966,0.0,0
1.9910498401342953,0.13028762792622764,718.0,5681.0,0.32276149963739276,1.5391537875813899,0.0,39961.0,1.5053946557299966,0.0,0
1.9910512122259898,0.13028762792622764,719.0,5681.0,0.3227628717290872,1.5391537875813903,0.0,39961.0,1.5053946557299966,0.0,0
1.9910525706651436,0.13028762792622764,720.0,5681.0,0.32276423016824113,1.53915378758139,0.0,39961.0,1.5053946557299966,0.0,0
1.991053915587602,0.13028762792622764,721.0,5681.0,0.32276557509069964,1.5391537875813892,0.0,39961.0,1.5053946557299966,0.0,0
1.9910552471278586,0.13028762792622764,722.0,5681.0,0.3227669066309563,1.5391537875813897,0.0,39961.0,1.5053946557299966,0.0,0
1.9910565654190686,0.13028762792622764,723.0,5681.0,0.3227682249221659,1.5391537875813899,0.0,39961.0,1.5053946557299966,0.0,0
1.9910578705930615,0.13028762792622764,724.0,5681.0,0.3227695300961589,1.5391537875813894,0.0,39961.0,1.5053946557299966,0.0,0
1.991059162780356,0.13028762792622764,725.0,5681.0,0.32277082228345355,1.5391537875813897,0.0,39961.0,1.5053946557299966,0.0,0
1.9910604421101725,0.13028762792622764,726.0,5681.0,0.3227721016132697,1.5391537875813905,0.0,39961.0,1.5053946557299966,0.0,0
1.9910617087104443,0.13028762792622764,727.0,5681.0,0.32277336821354174,1.539153787581389,0.0,39961.0,1.5053946557299966,0.0,0
1.991062962707833,0.13028762792622764,728.0,5681.0,0.3227746222109303,1.5391537875813894,0.0,39961.0,1.5053946557299966,0.0,0
1.991064204227739,0.13028762792622764,729.0,5681.0,0.3227758637308364,1.5391537875813894,0.0,39961.0,1.5053946557299966,0.0,0
1.9910654333943159,0.13028762792622764,730.0,5681.0,0.32277709289741313,1.5391537875813894,0.0,39961.0,1.5053946557299966,0.0,0
1.9910666503304806,0.13028762792622764,731.0,5681.0,0.322778309833578,1.5391537875813894,0.0,39961.0,1.5053946557299966,0.0,0
1.9910678551579282,0.13028762792622764,732.0,5681.0,0.3227795146610258,1.5391537875813892,0.0,39961.0,1.5053946557299966,0.0,0
1.991069047997143,0.13028762792622764,733.0,5681.0,0.3227807075002401,1.5391537875813894,0.0,39961.0,1.5053946557299966,0.0,0
1.9910702289674087,0.13028762792622764,734.0,5681.0,0.32278188847050604,1.5391537875813899,0.0,39961.0,1.5053946557299966,0.0,0
1.9910713981868235,0.13028762792622764,735.0,5681.0,0.3227830576899212,1.5391537875813892,0.0,39961.0,1.5053946557299966,0.0,0
1.9910725557723117,0.13028762792622764,736.0,5681.0,0.322784215275409,1.5391537875813894,0.0,39961.0,1.5053946557299966,0.0,0
1.9910737018396312,0.13028762792622764,737.0,5681.0,0.3227853613427287,1.5391537875813894,0.0,39961.0,1.5053946557299966,0.0,0
1.9910748365033906,0.13028762792622764,738.0,5681.0,0.322786496006488,1.5391537875813892,0.0,39961.0,1.5053946557299966,0.0,0
1.9910759598770567,0.13028762792622764,739.0,5681.0,0.3227876193801543,1.539153787581389,0.0,39961.0,1.5053946557299966,0.0,0
1.9910770720729685,0.13028762792622764,740.0,5681.0,0.3227887315760658,1.5391537875813899,0.0,39961.0,1.5053946557299966,0.0,0
1.9910781732023461,0.13028762792622764,741.0,5681.0,0.3227898327054433,1.5391537875813903,0.0,39961.0,1.5053946557299966,0.0,0
1.9910792633753027,0.13028762792622764,742.0,5681.0,0.3227909228784004,1.5391537875813892,0.0,39961.0,1.5053946557299966,0.0,0
1.9910803427008579,0.13028762792622764,743.0,5681.0,0.3227920022039552,1.5391537875813897,0.0,39961.0,1.5053946557299966,0.0,0
1.9910814112869437,0.13028762792622764,744.0,5681.0,0.3227930707900412,1.5391537875813899,0.0,39961.0,1.5053946557299966,0.0,0
1.9910824692404208,0.13028762792622764,745.0,5681.0,0.32279412874351815,1.5391537875813894,0.0,39961.0,1.5053946557299966,0.0,0
1.9910835166670848,0.13028762792622764,746.0,5681.0,0.32279517617018205,1.5391537875813894,0.0,39961.0,1.5053946557299966,0.0,0
1.9912340324200863,0.13043710667463473,747.0,5684.0,0.3227962131747766,1.5391537875813899,0.0,39961.0,1.5053946557299966,0.0,0
1.9912350591063128,0.13043710667463473,748.0,5684.0,0.3227972398610029,1.5391537875813903,0.0,39961.0,1.5053946557299966,0.0,0
1.9912360755768403,0.13043710667463473,749.0,5684.0,0.32279825633153053,1.53915378758139,0.0,39961.0,1.5053946557299966,0.0,0
1.9912370819333172,0.13043710667463473,750.0,5684.0,0.3227992626880076,1.5391537875813899,0.0,39961.0,1.5053946557299966,0.0,0
1.99123807827638,0.13043710667463473,751.0,5684.0,0.3228002590310703,1.5391537875813894,0.0,39961.0,1.5053946557299966,0.0,0
1.9912390647056635,0.13043710667463473,752.0,5684.0,0.3228012454603539,1.5391537875813894,0.0,39961.0,1.5053946557299966,0.0,0
1.991240041319812,0.13043710667463473,753.0,5684.0,0.32280222207450215,1.5391537875813905,0.0,39961.0,1.5053946557299966,0.0,0
1.9912410082164873,0.13043710667463473,754.0,5684.0,0.3228031889711773,1.5391537875813897,0.0,39961.0,1.5053946557299966,0.0,0
1.9912419654923792,0.13043710667463473,755.0,5684.0,0.32280414624706966,1.5391537875813894,0.0,39961.0,1.5053946557299966,0.0,0
1.9912429132432177,0.13043710667463473,756.0,5684.0,0.32280509399790785,1.5391537875813894,0.0,39961.0,1.5053946557299966,0.0,0
1.9912438515637774,0.13043710667463473,757.0,5684.0,0.3228060323184676,1.5391537875813899,0.0,39961.0,1.5053946557299966,0.0,0
1.9912447805478917,0.13043710667463473,758.0,5684.0,0.32280696130258185,1.5391537875813905,0.0,39961.0,1.5053946557299966,0.0,0
1.9912457002884594,0.13043710667463473,759.0,5684.0,0.3228078810431497,1.5391537875813894,0.0,39961.0,1.5053946557299966,0.0,0
1.9912466108774556,0.13043710667463473,760.0,5684.0,0.32280879163214593,1.5391537875813899,0.0,39961.0,1.5053946557299966,0.0,0
1.9912475124059401,0.13043710667463473,761.0,5684.0,0.32280969316063035,1.5391537875813897,0.0,39961.0,1.5053946557299966,0.0,0
1.991248404964066,0.13043710667463473,762.0,5684.0,0.3228105857187563,1.5391537875813903,0.0,39961.0,1.5053946557299966,0.0,0
1.9912492886410904,0.13043710667463473,763.0,5684.0,0.32281146939578054,1.5391537875813894,0.0,39961.0,1.5053946557299966,0.0,0
1.9912501635253814,0.13043710667463473,764.0,5684.0,0.32281234428007155,1.5391537875813903,0.0,39961.0,1.5053946557299966,0.0,0
1.9912510297044281,0.13043710667463473,765.0,5684.0,0.3228132104591184,1.5391537875813894,0.0,39961.0,1.5053946557299966,0.0,0
1.9912518872648495,0.13043710667463473,766.0,5684.0,0.3228140680195396,1.5391537875813894,0.0,39961.0,1.5053946557299966,0.0,0
1.991252736292402,0.13043710667463473,767.0,5684.0,0.3228149170470923,1.5391537875813892,0.0,39961.0,1.5053946557299966,0.0,0
1.9912535768719892,0.13043710667463473,768.0,5684.0,0.32281575762667963,1.5391537875813903,0.0,39961.0,1.5053946557299966,0.0,0
1.99125440908767,0.13043710667463473,769.0,5684.0,0.3228165898423603,1.5391537875813894,0.0,39961.0,1.5053946557299966,0.0,0
1.9912552330226663,0.13043710667463473,770.0,5684.0,0.32281741377735657,1.5391537875813903,0.0,39961.0,1.5053946557299966,0.0,0
1.991256048759372,0.13043710667463473,771.0,5684.0,0.3228182295140627,1.5391537875813892,0.0,39961.0,1.5053946557299966,0.0,0
1.9912568563793627,0.13043710667463473,772.0,5684.0,0.3228190371340529,1.5391537875813899,0.0,39961.0,1.5053946557299966,0.0,0
1.9912576559633999,0.13043710667463473,773.0,5684.0,0.3228198367180898,1.5391537875813894,0.0,39961.0,1.5053946557299966,0.0,0
1.9912584475914428,0.13043710667463473,774.0,5684.0,0.3228206283461329,1.5391537875813905,0.0,39961.0,1.5053946557299966,0.0,0
1.9912592313426545,0.13043710667463473,775.0,5684.0,0.3228214120973451,1.5391537875813892,0.0,39961.0,1.5053946557299966,0.0,0
1.9912600072954125,0.13043710667463473,776.0,5684.0,0.32282218805010265,1.5391537875813905,0.0,39961.0,1.5053946557299966,0.0,0
1.9912607755273108,0.13043710667463473,777.0,5684.0,0.32282295628200125,1.5391537875813894,0.0,39961.0,1.5053946557299966,0.0,0
1.9912615361151746,0.13043710667463473,778.0,5684.0,0.32282371686986466,1.5391537875813903,0.0,39961.0,1.5053946557299966,0.0,0
1.9912622891350618,0.13043710667463473,779.0,5684.0,0.3228244698897523,1.5391537875813899,0.0,39961.0,1.5053946557299966,0.0,0
1.9912630346622766,0.13043710667463473,780.0,5684.0,0.3228252154169669,1.5391537875813899,0.0,39961.0,1.5053946557299966,0.0,0
1.9912637727713716,0.13043710667463473,781.0,5684.0,0.3228259535260618,1.5391537875813894,0.0,39961.0,1.5053946557299966,0.0,0
1.9912645035361582,0.13043710667463473,782.0,5684.0,0.3228266842908486,1.5391537875813899,0.0,39961.0,1.5053946557299966,0.0,0
1.9912652270297135,0.13043710667463473,783.0,5684.0,0.322827407784404,1.5391537875813894,0.0,39961.0,1.5053946557299966,0.0,0
1.9912659433243887,0.13043710667463473,784.0,5684.0,0.3228281240790786,1.5391537875813899,0.0,39961.0,1.5053946557299966,0.0,0
1.9912666524918117,0.13043710667463473,785.0,5684.0,0.3228288332465019,1.5391537875813905,0.0,39961.0,1.5053946557299966,0.0,0
1.991267354602901,0.13043710667463473,786.0,5684.0,0.3228295353575915,1.5391537875813888,0.0,39961.0,1.5053946557299966,0.0,0
1.9912680497278685,0.13043710667463473,787.0,5684.0,0.32283023048255893,1.5391537875813892,0.0,39961.0,1.5053946557299966,0.0,0
1.9912687379362268,0.13043710667463473,788.0,5684.0,0.3228309186909174,1.5391537875813888,0.0,39961.0,1.5053946557299966,0.0,0
1.991269419296798,0.13043710667463473,789.0,5684.0,0.3228316000514884,1.5391537875813894,0.0,39961.0,1.5053946557299966,0.0,0
1.9912700938777181,0.13043710667463473,790.0,5684.0,0.32283227463240843,1.5391537875813894,0.0,39961.0,1.5053946557299966,0.0,0
1.9912707617464458,0.13043710667463473,791.0,5684.0,0.3228329425011361,1.5391537875813903,0.0,39961.0,1.5053946557299966,0.0,0
1.9912714229697688,0.13043710667463473,792.0,5684.0,0.32283360372445896,1.5391537875813903,0.0,39961.0,1.5053946557299966,0.0,0
1.9912720776138095,0.13043710667463473,793.0,5684.0,0.3228342583684996,1.5391537875813897,0.0,39961.0,1.5053946557299966,0.0,0
1.991272725744033,0.13043710667463473,794.0,5684.0,0.3228349064987235,1.5391537875813888,0.0,39961.0,1.5053946557299966,0.0,0
1.9912733674252536,0.13043710667463473,795.0,5684.0,0.32283554817994375,1.5391537875813899,0.0,39961.0,1.5053946557299966,0.0,0
1.991274002721639,0.13043710667463473,796.0,5684.0,0.3228361834763292,1.5391537875813897,0.0,39961.0,1.5053946557299966,0.0,0
1.9912746316967196,0.13043710667463473,797.0,5684.0,0.32283681245141,1.5391537875813894,0.0,39961.0,1.5053946557299966,0.0,0
1.9912752544133938,0.13043710667463473,798.0,5684.0,0.32283743516808416,1.5391537875813899,0.0,39961.0,1.5053946557299966,0.0,0
1.9912758709339335,0.13043710667463473,799.0,5684.0,0.3228380516886239,1.5391537875813892,0.0,39961.0,1.5053946557299966,0.0,0
1.9912764813199912,0.13043710667463473,800.0,5684.0,0.3228386620746817,1.5391537875813897,0.0,39961.0,1.5053946557299966,0.0,0
1.9912770856326067,0.13043710667463473,801.0,5684.0,0.3228392663872969,1.5391537875813903,0.0,39961.0,1.5053946557299966,0.0,0
1.9912776839322108,0.13043710667463473,802.0,5684.0,0.3228398646869011,1.5391537875813899,0.0,39961.0,1.5053946557299966,0.0,0
1.9912782762786345,0.13043710667463473,803.0,5684.0,0.32284045703332476,1.5391537875813899,0.0,39961.0,1.5053946557299966,0.0,0
1.9912788627311124,0.13043710667463473,804.0,5684.0,0.32284104348580295,1.5391537875813894,0.0,39961.0,1.5053946557299966,0.0,0
1.9912794433482912,0.13043710667463473,805.0,5684.0,0.3228416241029815,1.5391537875813899,0.0,39961.0,1.5053946557299966,0.0,0
1.9912800181882324,0.13043710667463473,806.0,5684.0,0.3228421989429226,1.5391537875813899,0.0,39961.0,1.5053946557299966,0.0,0
1.9912805873084205,0.13043710667463473,807.0,5684.0,0.3228427680631109,1.5391537875813899,0.0,39961.0,1.5053946557299966,0.0,0
1.991281150765768,0.13043710667463473,808.0,5684.0,0.3228433315204584,1.5391537875813894,0.0,39961.0,1.5053946557299966,0.0,0
1.9912817086166212,0.13043710667463473,809.0,5684.0,0.32284388937131175,1.5391537875813892,0.0,39961.0,1.5053946557299966,0.0,0
1.9912822609167662,0.13043710667463473,810.0,5684.0,0.3228444416714564,1.53915378758139,0.0,39961.0,1.5053946557299966,0.0,0
1.9912828077214328,0.13043710667463473,811.0,5684.0,0.32284498847612286,1.5391537875813903,0.0,39961.0,1.5053946557299966,0.0,0
1.9912833490853017,0.13043710667463473,812.0,5684.0,0.32284552983999193,1.5391537875813899,0.0,39961.0,1.5053946557299966,0.0,0
1.9912838850625103,0.13043710667463473,813.0,5684.0,0.32284606581720043,1.5391537875813903,0.0,39961.0,1.5053946557299966,0.0,0
1.9912844157066565,0.13043710667463473,814.0,5684.0,0.32284659646134667,1.5391537875813897,0.0,39961.0,1.5053946557299966,0.0,0
1.9912849410708051,0.13043710667463473,815.0,5684.0,0.3228471218254954,1.5391537875813894,0.0,39961.0,1.5053946557299966,0.0,0
1.9913352919222524,0.13048693738939404,816.0,5685.0,0.3228476419621835,1.5391537875813894,0.0,39961.0,1.5053946557299966,0.0,0
1.9913358068834939,0.13048693738939404,817.0,5685.0,0.32284815692342506,1.5391537875813894,0.0,39961.0,1.5053946557299966,0.0,0
1.9913363167207854,0.13048693738939404,818.0,5685.0,0.3228486667607166,1.5391537875813892,0.0,39961.0,1.5053946557299966,0.0,0
1.9913368214851113,0.13048693738939404,819.0,5685.0,0.32284917152504244,1.5391537875813892,0.0,39961.0,1.5053946557299966,0.0,0
1.991387153237629,0.13053676940007497,820.0,5686.0,0.3228496712668793,1.5391537875813894,0.0,39961.0,1.5053946557299966,0.0,0
1.9913876480069517,0.13053676940007497,821.0,5686.0,0.3228501660362017,1.53915378758139,0.0,39961.0,1.5053946557299966,0.0,0
1.9913881378532372,0.13053676940007497,822.0,5686.0,0.32285065588248724,1.5391537875813899,0.0,39961.0,1.5053946557299966,0.0,0
1.9913886228254707,0.13053676940007497,823.0,5686.0,0.3228511408547207,1.5391537875813894,0.0,39961.0,1.5053946557299966,0.0,0
1.9913891029721498,0.13053676940007497,824.0,5686.0,0.32285162100139997,1.5391537875813894,0.0,39961.0,1.5053946557299966,0.0,0
1.9913895783412896,0.13053676940007497,825.0,5686.0,0.32285209637053963,1.53915378758139,0.0,39961.0,1.5053946557299966,0.0,0
1.9913900489804273,0.13053676940007497,826.0,5686.0,0.32285256700967757,1.5391537875813894,0.0,39961.0,1.5053946557299966,0.0,0
1.9913905149366276,0.13053676940007497,827.0,5686.0,0.32285303296587775,1.5391537875813894,0.0,39961.0,1.5053946557299966,0.0,0
1.9913909762564863,0.13053676940007497,828.0,5686.0,0.3228534942857364,1.5391537875813892,0.0,39961.0,1.5053946557299966,0.0,0
1.9913914329861353,0.13053676940007497,829.0,5686.0,0.3228539510153856,1.5391537875813888,0.0,39961.0,1.5053946557299966,0.0,0
1.9913918851712489,0.13053676940007497,830.0,5686.0,0.32285440320049896,1.5391537875813899,0.0,39961.0,1.5053946557299966,0.0,0
1.9913923328570453,0.13053676940007497,831.0,5686.0,0.3228548508862952,1.5391537875813894,0.0,39961.0,1.5053946557299966,0.0,0
1.9913927760882937,0.13053676940007497,832.0,5686.0,0.3228552941175433,1.5391537875813903,0.0,39961.0,1.5053946557299966,0.0,0
1.9913932149093168,0.13053676940007497,833.0,5686.0,0.3228557329385669,1.5391537875813894,0.0,39961.0,1.5053946557299966,0.0,0
1.9913936493639985,0.13053676940007497,834.0,5686.0,0.3228561673932484,1.5391537875813899,0.0,39961.0,1.5053946557299966,0.0,0
1.9913940794957836,0.13053676940007497,835.0,5686.0,0.32285659752503365,1.5391537875813894,0.0,39961.0,1.5053946557299966,0.0,0
1.9913945053476856,0.13053676940007497,836.0,5686.0,0.32285702337693595,1.5391537875813899,0.0,39961.0,1.5053946557299966,0.0,0
1.9913949269622908,0.13053676940007497,837.0,5686.0,0.322857444991541,1.5391537875813899,0.0,39961.0,1.5053946557299966,0.0,0
1.9913953443817605,0.13053676940007497,838.0,5686.0,0.3228578624110108,1.5391537875813899,0.0,39961.0,1.5053946557299966,0.0,0
1.991395757647837,0.13053676940007497,839.0,5686.0,0.32285827567708725,1.5391537875813894,0.0,39961.0,1.5053946557299966,0.0,0
1.9913961668018476,0.13053676940007497,840.0,5686.0,0.32285868483109753,1.5391537875813899,0.0,39961.0,1.5053946557299966,0.0,0
1.9913965718847075,0.13053676940007497,841.0,5686.0,0.3228590899139576,1.5391537875813894,0.0,39961.0,1.5053946557299966,0.0,0
1.9913969729369256,0.13053676940007497,842.0,5686.0,0.3228594909661757,1.5391537875813897,0.0,39961.0,1.5053946557299966,0.0,0
1.9913973699986076,0.13053676940007497,843.0,5686.0,0.3228598880278578,1.5391537875813892,0.0,39961.0,1.5053946557299966,0.0,0
1.99139776310946,0.13053676940007497,844.0,5686.0,0.32286028113871,1.5391537875813894,0.0,39961.0,1.5053946557299966,0.0,0
1.9913981523087938,0.13053676940007497,845.0,5686.0,0.32286067033804383,1.5391537875813894,0.0,39961.0,1.5053946557299966,0.0,0
1.9913985376355297,0.13053676940007497,846.0,5686.0,0.3228610556647797,1.5391537875813894,0.0,39961.0,1.5053946557299966,0.0,0
1.9913989191282004,0.13053676940007497,847.0,5686.0,0.3228614371574504,1.5391537875813903,0.0,39961.0,1.5053946557299966,0.0,0
1.9913992968249552,0.13053676940007497,848.0,5686.0,0.32286181485420545,1.5391537875813892,0.0,39961.0,1.5053946557299966,0.0,0
1.991399670763565,0.13053676940007497,849.0,5686.0,0.3228621887928153,1.5391537875813903,0.0,39961.0,1.5053946557299966,0.0,0
1.9914000409814234,0.13053676940007497,850.0,5686.0,0.32286255901067357,1.5391537875813899,0.0,39961.0,1.5053946557299966,0.0,0
1.9914004075155527,0.13053676940007497,851.0,5686.0,0.3228629255448029,1.5391537875813892,0.0,39961.0,1.5053946557299966,0.0,0
1.991400770402606,0.13053676940007497,852.0,5686.0,0.32286328843185624,1.539153787581389,0.0,39961.0,1.5053946557299966,0.0,0
1.9914011296788734,0.13053676940007497,853.0,5686.0,0.3228636477081235,1.53915378758139,0.0,39961.0,1.5053946557299966,0.0,0
1.991401485380282,0.13053676940007497,854.0,5686.0,0.32286400340953203,1.5391537875813899,0.0,39961.0,1.5053946557299966,0.0,0
1.9914018375424023,0.13053676940007497,855.0,5686.0,0.3228643555716523,1.5391537875813892,0.0,39961.0,1.5053946557299966,0.0,0
1.9914021862004512,0.13053676940007497,856.0,5686.0,0.3228647042297011,1.53915378758139,0.0,39961.0,1.5053946557299966,0.0,0
1.9914025313892938,0.13053676940007497,857.0,5686.0,0.3228650494185441,1.5391537875813894,0.0,39961.0,1.5053946557299966,0.0,0
1.9914028731434512,0.13053676940007497,858.0,5686.0,0.322865391172701,1.5391537875813897,0.0,39961.0,1.5053946557299966,0.0,0
1.9914032114970972,0.13053676940007497,859.0,5686.0,0.32286572952634723,1.5391537875813899,0.0,39961.0,1.5053946557299966,0.0,0
1.9914035464840683,0.13053676940007497,860.0,5686.0,0.32286606451331823,1.5391537875813892,0.0,39961.0,1.5053946557299966,0.0,0
1.991403878137863,0.13053676940007497,861.0,5686.0,0.32286639616711327,1.5391537875813892,0.0,39961.0,1.5053946557299966,0.0,0
1.9914042064916477,0.13053676940007497,862.0,5686.0,0.3228667245208979,1.5391537875813894,0.0,39961.0,1.5053946557299966,0.0,0
1.9914045315782578,0.13053676940007497,863.0,5686.0,0.32286704960750773,1.5391537875813899,0.0,39961.0,1.5053946557299966,0.0,0
1.9914048534302013,0.13053676940007497,864.0,5686.0,0.32286737145945166,1.5391537875813888,0.0,39961.0,1.5053946557299966,0.0,0
1.9914051720796655,0.13053676940007497,865.0,5686.0,0.3228676901089155,1.5391537875813894,0.0,39961.0,1.5053946557299966,0.0,0
1.9914054875585139,0.13053676940007497,866.0,5686.0,0.32286800558776413,1.5391537875813897,0.0,39961.0,1.5053946557299966,0.0,0
1.9914057998982957,0.13053676940007497,867.0,5686.0,0.32286831792754567,1.5391537875813903,0.0,39961.0,1.5053946557299966,0.0,0
1.9914061091302442,0.13053676940007497,868.0,5686.0,0.3228686271594944,1.5391537875813899,0.0,39961.0,1.5053946557299966,0.0,0
1.9914064152852837,0.13053676940007497,869.0,5686.0,0.322868933314534,1.5391537875813892,0.0,39961.0,1.5053946557299966,0.0,0
1.99140671839403,0.13053676940007497,870.0,5686.0,0.3228692364232801,1.5391537875813899,0.0,39961.0,1.5053946557299966,0.0,0
1.9914070184867936,0.13053676940007497,871.0,5686.0,0.3228695365160436,1.5391537875813899,0.0,39961.0,1.5053946557299966,0.0,0
1.991407315593584,0.13053676940007497,872.0,5686.0,0.32286983362283433,1.5391537875813894,0.0,39961.0,1.5053946557299966,0.0,0
1.991407609744113,0.13053676940007497,873.0,5686.0,0.32287012777336305,1.5391537875813892,0.0,39961.0,1.5053946557299966,0.0,0
1.991407900967795,0.13053676940007497,874.0,5686.0,0.322870418997045,1.5391537875813897,0.0,39961.0,1.5053946557299966,0.0,0
1.9914081892937532,0.13053676940007497,875.0,5686.0,0.32287070732300316,1.5391537875813905,0.0,39961.0,1.5053946557299966,0.0,0
1.9914084747508196,0.13053676940007497,876.0,5686.0,0.3228709927800698,1.53915378758139,0.0,39961.0,1.5053946557299966,0.0,0
1.991408757367541,0.13053676940007497,877.0,5686.0,0.32287127539679134,1.539153787581389,0.0,39961.0,1.5053946557299966,0.0,0
1.9914090371721795,0.13053676940007497,878.0,5686.0,0.3228715552014295,1.5391537875813892,0.0,39961.0,1.5053946557299966,0.0,0
1.9914093141927147,0.13053676940007497,879.0,5686.0,0.3228718322219651,1.53915378758139,0.0,39961.0,1.5053946557299966,0.0,0
1.9914095884568501,0.13053676940007497,880.0,5686.0,0.32287210648610004,1.53915378758139,0.0,39961.0,1.5053946557299966,0.0,0
1.9914098599920116,0.13053676940007497,881.0,5686.0,0.32287237802126145,1.5391537875813899,0.0,39961.0,1.5053946557299966,0.0,0
1.9914101288253527,0.13053676940007497,882.0,5686.0,0.3228726468546027,1.5391537875813894,0.0,39961.0,1.5053946557299966,0.0,0
1.9914103949837576,0.13053676940007497,883.0,5686.0,0.32287291301300775,1.5391537875813894,0.0,39961.0,1.5053946557299966,0.0,0
1.9914106584938422,0.13053676940007497,884.0,5686.0,0.3228731765230923,1.53915378758139,0.0,39961.0,1.5053946557299966,0.0,0
1.9914109193819578,0.13053676940007497,885.0,5686.0,0.32287343741120766,1.53915378758139,0.0,39961.0,1.5053946557299966,0.0,0
1.9914111776741927,0.13053676940007497,886.0,5686.0,0.322873695703443,1.5391537875813894,0.0,39961.0,1.5053946557299966,0.0,0
1.9914114333963773,0.13053676940007497,887.0,5686.0,0.3228739514256275,1.5391537875813897,0.0,39961.0,1.5053946557299966,0.0,0
1.9914116865740839,0.13053676940007497,888.0,5686.0,0.32287420460333377,1.5391537875813903,0.0,39961.0,1.5053946557299966,0.0,0
1.9914119372326298,0.13053676940007497,889.0,5686.0,0.32287445526187997,1.5391537875813892,0.0,39961.0,1.5053946557299966,0.0,0
1.9914121853970819,0.13053676940007497,890.0,5686.0,0.32287470342633173,1.5391537875813903,0.0,39961.0,1.5053946557299966,0.0,0
1.9914124310922559,0.13053676940007497,891.0,5686.0,0.32287494912150616,1.5391537875813897,0.0,39961.0,1.5053946557299966,0.0,0
1.9914126743427225,0.13053676940007497,892.0,5686.0,0.32287519237197276,1.53915378758139,0.0,39961.0,1.5053946557299966,0.0,0
1.991412915172806,0.13053676940007497,893.0,5686.0,0.32287543320205647,1.5391537875813894,0.0,39961.0,1.5053946557299966,0.0,0
1.991413153606591,0.13053676940007497,894.0,5686.0,0.3228756716358411,1.5391537875813899,0.0,39961.0,1.5053946557299966,0.0,0
1.9914133896679198,0.13053676940007497,895.0,5686.0,0.32287590769716973,1.53915378758139,0.0,39961.0,1.5053946557299966,0.0,0
1.9914136233803987,0.13053676940007497,896.0,5686.0,0.3228761414096491,1.5391537875813888,0.0,39961.0,1.5053946557299966,0.0,0
1.9914138547673998,0.13053676940007497,897.0,5686.0,0.3228763727966502,1.5391537875813899,0.0,39961.0,1.5053946557299966,0.0,0
1.991414083852062,0.13053676940007497,898.0,5686.0,0.32287660188131223,1.5391537875813894,0.0,39961.0,1.5053946557299966,0.0,0
1.991414310657294,0.13053676940007497,899.0,5686.0,0.3228768286865441,1.5391537875813899,0.0,39961.0,1.5053946557299966,0.0,0
1.9914145352057757,0.13053676940007497,900.0,5686.0,0.3228770532350258,1.5391537875813897,0.0,39961.0,1.5053946557299966,0.0,0
1.991414757519963,0.13053676940007497,901.0,5686.0,0.3228772755492129,1.5391537875813894,0.0,39961.0,1.5053946557299966,0.0,0
1.991414977622087,0.13053676940007497,902.0,5686.0,0.3228774956513371,1.5391537875813903,0.0,39961.0,1.5053946557299966,0.0,0
1.9914151955341581,0.13053676940007497,903.0,5686.0,0.32287771356340844,1.5391537875813894,0.0,39961.0,1.5053946557299966,0.0,0
1.9914154112779683,0.13053676940007497,904.0,5686.0,0.32287792930721826,1.5391537875813903,0.0,39961.0,1.5053946557299966,0.0,0
1.9914156248750914,0.13053676940007497,905.0,5686.0,0.32287814290434136,1.5391537875813903,0.0,39961.0,1.5053946557299966,0.0,0
1.9914158363468877,0.13053676940007497,906.0,5686.0,0.32287835437613777,1.5391537875813897,0.0,39961.0,1.5053946557299966,0.0,0
1.9914160457145045,0.13053676940007497,907.0,5686.0,0.3228785637437545,1.539153787581389,0.0,39961.0,1.5053946557299966,0.0,0
1.9914162529988786,0.13053676940007497,908.0,5686.0,0.3228787710281286,1.53915378758139,0.0,39961.0,1.5053946557299966,0.0,0
1.9914164582207388,0.13053676940007497,909.0,5686.0,0.32287897624998896,1.5391537875813892,0.0,39961.0,1.5053946557299966,0.0,0
1.9914166614006077,0.13053676940007497,910.0,5686.0,0.32287917942985755,1.5391537875813899,0.0,39961.0,1.5053946557299966,0.0,0
1.9914168625588025,0.13053676940007497,911.0,5686.0,0.3228793805880525,1.5391537875813903,0.0,39961.0,1.5053946557299966,0.0,0
1.99141706171544,0.13053676940007497,912.0,5686.0,0.3228795797446902,1.5391537875813899,0.0,39961.0,1.5053946557299966,0.0,0
1.991417258890436,0.13053676940007497,913.0,5686.0,0.32287977691968617,1.5391537875813899,0.0,39961.0,1.5053946557299966,0.0,0
1.991417454103508,0.13053676940007497,914.0,5686.0,0.3228799721327581,1.5391537875813892,0.0,39961.0,1.5053946557299966,0.0,0
1.9914176473741778,0.13053676940007497,915.0,5686.0,0.3228801654034276,1.5391537875813903,0.0,39961.0,1.5053946557299966,0.0,0
1.9914178387217718,0.13053676940007497,916.0,5686.0,0.3228803567510216,1.5391537875813894,0.0,39961.0,1.5053946557299966,0.0,0
1.9914180281654255,0.13053676940007497,917.0,5686.0,0.3228805461946754,1.5391537875813903,0.0,39961.0,1.5053946557299966,0.0,0
1.9914182157240832,0.13053676940007497,918.0,5686.0,0.32288073375333337,1.5391537875813899,0.0,39961.0,1.5053946557299966,0.0,0
1.9914184014165015,0.13053676940007497,919.0,5686.0,0.3228809194457516,1.5391537875813899,0.0,39961.0,1.5053946557299966,0.0,0
1.991418585261249,0.13053676940007497,920.0,5686.0,0.3228811032904993,1.53915378758139,0.0,39961.0,1.5053946557299966,0.0,0
1.991418767276711,0.13053676940007497,921.0,5686.0,0.3228812853059611,1.5391537875813899,0.0,39961.0,1.5053946557299966,0.0,0
1.9914189474810886,0.13053676940007497,922.0,5686.0,0.3228814655103389,1.5391537875813894,0.0,39961.0,1.5053946557299966,0.0,0
1.9914191258924032,0.13053676940007497,923.0,5686.0,0.3228816439216531,1.5391537875813903,0.0,39961.0,1.5053946557299966,0.0,0
1.991419302528495,0.13053676940007497,924.0,5686.0,0.32288182055774506,1.539153787581389,0.0,39961.0,1.5053946557299966,0.0,0
1.9914194774070284,0.13053676940007497,925.0,5686.0,0.32288199543627855,1.5391537875813899,0.0,39961.0,1.5053946557299966,0.0,0
1.9914196505454915,0.13053676940007497,926.0,5686.0,0.3228821685747416,1.5391537875813894,0.0,39961.0,1.5053946557299966,0.0,0
1.991419821961198,0.13053676940007497,927.0,5686.0,0.32288233999044824,1.5391537875813897,0.0,39961.0,1.5053946557299966,0.0,0
1.9914199916712898,0.13053676940007497,928.0,5686.0,0.32288250970054,1.5391537875813899,0.0,39961.0,1.5053946557299966,0.0,0
1.9914201596927381,0.13053676940007497,929.0,5686.0,0.32288267772198803,1.5391537875813894,0.0,39961.0,1.5053946557299966,0.0,0
1.9914203260423446,0.13053676940007497,930.0,5686.0,0.32288284407159484,1.5391537875813894,0.0,39961.0,1.5053946557299966,0.0,0
1.9914204907367452,0.13053676940007497,931.0,5686.0,0.32288300876599535,1.5391537875813903,0.0,39961.0,1.5053946557299966,0.0,0
1.9914206537924095,0.13053676940007497,932.0,5686.0,0.32288317182165915,1.5391537875813899,0.0,39961.0,1.5053946557299966,0.0,0
1.991420815225642,0.13053676940007497,933.0,5686.0,0.3228833332548923,1.5391537875813894,0.0,39961.0,1.5053946557299966,0.0,0
1.9914209750525877,0.13053676940007497,934.0,5686.0,0.3228834930818377,1.5391537875813899,0.0,39961.0,1.5053946557299966,0.0,0
1.9914211332892284,0.13053676940007497,935.0,5686.0,0.3228836513184784,1.5391537875813897,0.0,39961.0,1.5053946557299966,0.0,0
1.9914212899513881,0.13053676940007497,936.0,5686.0,0.32288380798063826,1.5391537875813899,0.0,39961.0,1.5053946557299966,0.0,0
1.9914214450547334,0.13053676940007497,937.0,5686.0,0.32288396308398365,1.5391537875813899,0.0,39961.0,1.5053946557299966,0.0,0
1.9914215986147747,0.13053676940007497,938.0,5686.0,0.3228841166440247,1.5391537875813892,0.0,39961.0,1.5053946557299966,0.0,0
1.991421750646868,0.13053676940007497,939.0,5686.0,0.32288426867611814,1.5391537875813894,0.0,39961.0,1.5053946557299966,0.0,0
1.9914219011662166,0.13053676940007497,940.0,5686.0,0.32288441919546684,1.5391537875813897,0.0,39961.0,1.5053946557299966,0.0,0
1.9914220501878728,0.13053676940007497,941.0,5686.0,0.32288456821712286,1.5391537875813894,0.0,39961.0,1.5053946557299966,0.0,0
1.9914221977267386,0.13053676940007497,942.0,5686.0,0.3228847157559889,1.5391537875813894,0.0,39961.0,1.5053946557299966,0.0,0
1.9914223437975684,0.13053676940007497,943.0,5686.0,0.32288486182681847,1.5391537875813899,0.0,39961.0,1.5053946557299966,0.0,0
1.9914224884149692,0.13053676940007497,944.0,5686.0,0.3228850064442193,1.5391537875813894,0.0,39961.0,1.5053946557299966,0.0,0
1.9914226315934025,0.13053676940007497,945.0,5686.0,0.32288514962265263,1.53915378758139,0.0,39961.0,1.5053946557299966,0.0,0
1.9914227733471868,0.13053676940007497,946.0,5686.0,0.32288529137643684,1.5391537875813899,0.0,39961.0,1.5053946557299966,0.0,0
1.9914229136904973,0.13053676940007497,947.0,5686.0,0.3228854317197475,1.5391537875813892,0.0,39961.0,1.5053946557299966,0.0,0
1.9914230526373684,0.13053676940007497,948.0,5686.0,0.32288557066661866,1.5391537875813894,0.0,39961.0,1.5053946557299966,0.0,0
1.9914231902016952,0.13053676940007497,949.0,5686.0,0.32288570823094537,1.5391537875813894,0.0,39961.0,1.5053946557299966,0.0,0
1.991423326397234,0.13053676940007497,950.0,5686.0,0.32288584442648427,1.5391537875813894,0.0,39961.0,1.5053946557299966,0.0,0
1.9914234612376052,0.13053676940007497,951.0,5686.0,0.3228859792668549,1.53915378758139,0.0,39961.0,1.5053946557299966,0.0,0
1.9914235947362913,0.13053676940007497,952.0,5686.0,0.3228861127655413,1.53915378758139,0.0,39961.0,1.5053946557299966,0.0,0
1.9914237269066437,0.13053676940007497,953.0,5686.0,0.32288624493589374,1.5391537875813899,0.0,39961.0,1.5053946557299966,0.0,0
1.9914238577618788,0.13053676940007497,954.0,5686.0,0.3228863757911291,1.5391537875813899,0.0,39961.0,1.5053946557299966,0.0,0
1.9914239873150834,0.13053676940007497,955.0,5686.0,0.3228865053443331,1.5391537875813905,0.0,39961.0,1.5053946557299966,0.0,0
1.9914241155792112,0.13053676940007497,956.0,5686.0,0.3228866336084612,1.5391537875813892,0.0,39961.0,1.5053946557299966,0.0,0
1.99142424256709,0.13053676940007497,957.0,5686.0,0.3228867605963399,1.5391537875813897,0.0,39961.0,1.5053946557299966,0.0,0
1.9914243682914183,0.13053676940007497,958.0,5686.0,0.32288688632066825,1.5391537875813903,0.0,39961.0,1.5053946557299966,0.0,0
1.9914244927647682,0.13053676940007497,959.0,5686.0,0.3228870107940183,1.5391537875813892,0.0,39961.0,1.5053946557299966,0.0,0
1.991424615999588,0.13053676940007497,960.0,5686.0,0.3228871340288382,1.5391537875813899,0.0,39961.0,1.5053946557299966,0.0,0
1.9914247380082006,0.13053676940007497,961.0,5686.0,0.3228872560374509,1.5391537875813894,0.0,39961.0,1.5053946557299966,0.0,0
1.9914248588028074,0.13053676940007497,962.0,5686.0,0.32288737683205765,1.5391537875813894,0.0,39961.0,1.5053946557299966,0.0,0
1.9914249783954878,0.13053676940007497,963.0,5686.0,0.3228874964247381,1.5391537875813888,0.0,39961.0,1.5053946557299966,0.0,0
1.9914250967982012,0.13053676940007497,964.0,5686.0,0.3228876148274513,1.5391537875813894,0.0,39961.0,1.5053946557299966,0.0,0
1.991425214022788,0.13053676940007497,965.0,5686.0,0.3228877320520381,1.5391537875813903,0.0,39961.0,1.5053946557299966,0.0,0
1.9914253300809706,0.13053676940007497,966.0,5686.0,0.3228878481102206,1.5391537875813899,0.0,39961.0,1.5053946557299966,0.0,0
1.9914254449843551,0.13053676940007497,967.0,5686.0,0.3228879630136049,1.5391537875813905,0.0,39961.0,1.5053946557299966,0.0,0
1.9914255587444316,0.13053676940007497,968.0,5686.0,0.3228880767736815,1.5391537875813905,0.0,39961.0,1.5053946557299966,0.0,0
1.9914256713725764,0.13053676940007497,969.0,5686.0,0.32288818940182645,1.5391537875813894,0.0,39961.0,1.5053946557299966,0.0,0
1.9914257828800523,0.13053676940007497,970.0,5686.0,0.3228883009093022,1.5391537875813899,0.0,39961.0,1.5053946557299966,0.0,0
1.9914258932780107,0.13053676940007497,971.0,5686.0,0.3228884113072605,1.5391537875813905,0.0,39961.0,1.5053946557299966,0.0,0
1.9914260025774906,0.13053676940007497,972.0,5686.0,0.3228885206067405,1.5391537875813899,0.0,39961.0,1.5053946557299966,0.0,0
1.9914261107894229,0.13053676940007497,973.0,5686.0,0.3228886288186727,1.5391537875813894,0.0,39961.0,1.5053946557299966,0.0,0
1.9914262179246283,0.13053676940007497,974.0,5686.0,0.3228887359538782,1.5391537875813903,0.0,39961.0,1.5053946557299966,0.0,0
1.9914263239938204,0.13053676940007497,975.0,5686.0,0.32288884202307044,1.5391537875813899,0.0,39961.0,1.5053946557299966,0.0,0
1.9914264290076067,0.13053676940007497,976.0,5686.0,0.3228889470368566,1.5391537875813894,0.0,39961.0,1.5053946557299966,0.0,0
1.991426532976488,0.13053676940007497,977.0,5686.0,0.32288905100573817,1.5391537875813892,0.0,39961.0,1.5053946557299966,0.0,0
1.9914266359108623,0.13053676940007497,978.0,5686.0,0.32288915394011225,1.5391537875813894,0.0,39961.0,1.5053946557299966,0.0,0
1.9914267378210218,0.13053676940007497,979.0,5686.0,0.32288925585027195,1.5391537875813897,0.0,39961.0,1.5053946557299966,0.0,0
1.9914268387171588,0.13053676940007497,980.0,5686.0,0.3228893567464087,1.5391537875813894,0.0,39961.0,1.5053946557299966,0.0,0
1.9914269386093622,0.13053676940007497,981.0,5686.0,0.322889456638612,1.5391537875813894,0.0,39961.0,1.5053946557299966,0.0,0
1.9914270375076215,0.13053676940007497,982.0,5686.0,0.3228895555368715,1.5391537875813894,0.0,39961.0,1.5053946557299966,0.0,0
1.9914271354218267,0.13053676940007497,983.0,5686.0,0.32288965345107684,1.5391537875813894,0.0,39961.0,1.5053946557299966,0.0,0
1.9914272323617694,0.13053676940007497,984.0,5686.0,0.3228897503910194,1.5391537875813899,0.0,39961.0,1.5053946557299966,0.0,0
1.9914273283371433,0.13053676940007497,985.0,5686.0,0.32288984636639345,1.5391537875813892,0.0,39961.0,1.5053946557299966,0.0,0
1.9914274233575469,0.13053676940007497,986.0,5686.0,0.3228899413867967,1.53915378758139,0.0,39961.0,1.5053946557299966,0.0,0
1.991427517432481,0.13053676940007497,987.0,5686.0,0.32289003546173095,1.5391537875813894,0.0,39961.0,1.5053946557299966,0.0,0
1.9914276105713542,0.13053676940007497,988.0,5686.0,0.3228901286006042,1.5391537875813894,0.0,39961.0,1.5053946557299966,0.0,0
1.9914277027834801,0.13053676940007497,989.0,5686.0,0.32289022081273006,1.5391537875813894,0.0,39961.0,1.5053946557299966,0.0,0
1.9914277940780798,0.13053676940007497,990.0,5686.0,0.3228903121073299,1.53915378758139,0.0,39961.0,1.5053946557299966,0.0,0
1.9914278844642832,0.13053676940007497,991.0,5686.0,0.32289040249353324,1.5391537875813892,0.0,39961.0,1.5053946557299966,0.0,0
1.991427973951129,0.13053676940007497,992.0,5686.0,0.322890491980379,1.5391537875813897,0.0,39961.0,1.5053946557299966,0.0,0
1.9914280625475655,0.13053676940007497,993.0,5686.0,0.32289058057681574,1.5391537875813892,0.0,39961.0,1.5053946557299966,0.0,0
1.9914281502624527,0.13053676940007497,994.0,5686.0,0.322890668291703,1.5391537875813894,0.0,39961.0,1.5053946557299966,0.0,0
1.9914282371045628,0.13053676940007497,995.0,5686.0,0.3228907551338126,1.5391537875813899,0.0,39961.0,1.5053946557299966,0.0,0
1.9914283230825789,0.13053676940007497,996.0,5686.0,0.322890841111829,1.5391537875813899,0.0,39961.0,1.5053946557299966,0.0,0
1.9914284082051,0.13053676940007497,997.0,5686.0,0.32289092623434984,1.5391537875813903,0.0,39961.0,1.5053946557299966,0.0,0
1.9914284924806371,0.13053676940007497,998.0,5686.0,0.3228910105098871,1.53915378758139,0.0,39961.0,1.5053946557299966,0.0,0
1.9914285759176187,0.13053676940007497,999.0,5686.0,0.32289109394686905,1.5391537875813897,0.0,39961.0,1.5053946557299966,0.0,0
1.9914286585243892,0.13053676940007497,1000.0,5686.0,0.32289117655363914,1.5391537875813903,0.0,39961.0,1.5053946557299966,0.0,0
1.991428740309208,0.13053676940007497,1001.0,5686.0,0.32289125833845794,1.5391537875813894,0.0,39961.0,1.5053946557299966,0.0,0
1.9914288212802542,0.13053676940007497,1002.0,5686.0,0.3228913393095045,1.5391537875813894,0.0,39961.0,1.5053946557299966,0.0,0
1.9914289014456255,0.13053676940007497,1003.0,5686.0,0.32289141947487554,1.5391537875813903,0.0,39961.0,1.5053946557299966,0.0,0
1.9914289808133376,0.13053676940007497,1004.0,5686.0,0.3228914988425878,1.5391537875813899,0.0,39961.0,1.5053946557299966,0.0,0
1.9914290593913277,0.13053676940007497,1005.0,5686.0,0.32289157742057795,1.5391537875813894,0.0,39961.0,1.5053946557299966,0.0,0
1.9914290593913277,0.13053676940007497,1005.0,5686.0,0.32289157742057795,1.5391537875813894,0.0,39961.0,1.5053946557299966,0.0,0
1.9914290593913277,0.13053676940007497,1005.0,5686.0,0.32289157742057795,1.5391537875813894,0.0,39961.0,1.5053946557299966,0.0,0
0.3680298778910115,0.049024130557908434,1005.0,10898.0,0.3240438581606917,1.5951159702742631e-19,0.0,39812.0,0.0,0.0,0
0.3680298778910115,0.049024130557908434,1005.0,10898.0,0.3240438581606917,1.5951159702742631e-19,0.0,39812.0,0.0,0.0,0
0.30445718045440945,0.044308808988402094,1006.0,11184.0,0.2651864822935961,8.528173598216328e-17,0.0,39812.0,0.0,0.0,0
0.2852654110986613,0.044308808988402094,1007.0,11184.0,0.24599471293784794,9.249393890490335e-17,0.0,39812.0,0.0,0.0,0
0.27315088645314667,0.044308808988402094,1008.0,11184.0,0.2338801882923332,9.832750588190636e-17,0.0,39812.0,0.0,0.0,0
0.2640303258501059,0.044308808988402094,1009.0,11184.0,0.22475962768929225,1.6364750486463745e-16,0.0,39812.0,0.0,0.0,0
0.2563656481325178,0.044308808988402094,1010.0,11184.0,0.2170949499717044,5.242234699451346e-17,0.0,39812.0,0.0,0.0,0
0.24951497539838752,0.044265602158228556,1011.0,11190.0,0.21028748406774764,2.1830301421753486e-17,0.0,39812.0,0.0,0.0,0
0.2431308034969307,0.04408164923388652,1012.0,11216.0,0.20408726509063288,8.196617350109321e-17,0.0,39812.0,0.0,0.0,0
0.23730827095319493,0.04397095173686146,1013.0,11232.0,0.19837543004392202,1.4214762032244077e-16,0.0,39812.0,0.0,0.0,0
0.2319222127417264,0.043876426170559674,1014.0,11246.0,0.19308389739875537,1.37635720863665e-16,0.0,39812.0,0.0,0.0,0
0.226892475644444,0.04376501035786579,1015.0,11267.0,0.18816557611416673,1.8642348218305353e-16,0.0,39812.0,0.0,0.0,0
0.22212211995769818,0.04357704428498462,1016.0,11301.0,0.18358318650030228,-2.3220331052992488e-17,0.0,39812.0,0.0,0.0,0
0.2177685529570656,0.04350171488724722,1017.0,11317.0,0.179304948897407,1.3355678145396367e-16,0.0,39812.0,0.0,0.0,0
0.2136576919828589,0.04339298501502666,1018.0,11337.0,0.17530281779542087,1.7808330439561954e-17,0.0,39812.0,0.0,0.0,0
0.20981095130711325,0.04329739265321987,1019.0,11356.0,0.17155166948148207,1.118632042582337e-16,0.0,39812.0,0.0,0.0,0
0.2062379698484588,0.04324722472114196,1020.0,11366.0,0.16802885595490546,9.739322367074572e-17,0.0,39812.0,0.0,0.0,0
0.20265083405568665,0.042975037288177566,1021.0,11398.0,0.16471390759509777,-1.516499540310746e-17,0.0,39812.0,0.0,0.0,0
0.19899483581686725,0.04244464341446264,1022.0,11447.0,0.16158830322999332,1.6292970267801403e-17,0.0,39812.0,0.0,0.0,0
0.1955999018333203,0.042002736190179246,1023.0,11487.0,0.15863527647072967,9.846423010792987e-17,0.0,39812.0,0.0,0.0,0
0.19246890818649368,0.0416673732467811,1024.0,11515.0,0.15583964576730125,1.0953889241583404e-16,0.0,39812.0,0.0,0.0,0
0.1895221828338006,0.04137263107906427,1025.0,11538.0,0.153187662582325,7.664532237167834e-17,0.0,39812.0,0.0,0.0,0
0.18662372469663738,0.040994960796210664,1026.0,11568.0,0.15066687472801538,2.015542965296551e-17,0.0,39812.0,0.0,0.0,0
0.1840365433962491,0.04080865125319618,1027.0,11583.0,0.1482660029706416,7.777329723637229e-17,0.0,39812.0,0.0,0.0,0
0.18147586394741627,0.04053914530165741,1028.0,11605.0,0.14597482947334758,-2.7800592624780016e-17,0.0,39812.0,0.0,0.0,0
0.17906764847586162,0.040321662413946704,1029.0,11623.0,0.14378409688950358,8.462090222304966e-17,0.0,39812.0,0.0,0.0,0
0.17671863501011467,0.04007132876717863,1030.0,11644.0,0.1416854170705247,6.168541330760615e-17,0.0,39812.0,0.0,0.0,0
0.17445687438319377,0.039823796745842056,1031.0,11665.0,0.1396711884649404,3.121869827536772e-17,0.0,39812.0,0.0,0.0,0
0.17233437916800062,0.03963796861699678,1032.0,11681.0,0.13773452137859252,4.1131204662072074e-17,0.0,39812.0,0.0,0.0,0
0.17030862683682946,0.03947756731765157,1033.0,11695.0,0.13586917034676657,6.816842035822083e-17,0.0,39812.0,0.0,0.0,0
0.16832723969880037,0.039295877585324705,1034.0,11711.0,0.13406947294106436,5.2986334426860437e-17,0.0,39812.0,0.0,0.0,0
0.16641987901839228,0.03912769544744938,1035.0,11726.0,0.1323302943985316,1.4971302749574155e-17,0.0,39812.0,0.0,0.0,0
0.1645814770568239,0.03897261036547812,1036.0,11740.0,0.13064697751893442,7.584776438654122e-17,0.0,39812.0,0.0,0.0,0
0.1628180583478176,0.038840871846561535,1037.0,11752.0,0.12901529732884476,-2.4872415450776547e-17,0.0,39812.0,0.0,0.0,0
0.16107142401461047,0.038678114783282466,1038.0,11767.0,0.12743142005891672,-3.7280138962409925e-17,0.0,39812.0,0.0,0.0,0
0.1593599808461897,0.03850622564987146,1039.0,11783.0,0.1258918660239069,3.502418923302204e-17,0.0,39812.0,0.0,0.0,0
0.15776596999525352,0.03841060478878798,1040.0,11792.0,0.12439347603405425,3.11959109043638e-17,0.0,39812.0,0.0,0.0,0
0.15615855048216756,0.03826328030798107,1041.0,11806.0,0.12293338100177514,8.65008603308729e-17,0.0,39812.0,0.0,0.0,0
0.15464048252451937,0.03816961891249672,1042.0,11815.0,0.12150897443961134,4.17920384211857e-17,0.0,39812.0,0.0,0.0,0
0.15313577300974243,0.038055996263030634,1043.0,11826.0,0.12011788757430049,3.418105650587707e-18,0.0,39812.0,0.0,0.0,0
0.1516125725558457,0.03789271655541031,1044.0,11842.0,0.1187579668280241,3.3770883827806546e-17,0.0,39812.0,0.0,0.0,0
0.15017069213530237,0.037781549521316196,1045.0,11853.0,0.11742725344157477,6.542254215224871e-17,0.0,39812.0,0.0,0.0,0
0.14872725162292882,0.03764139741489289,1046.0,11867.0,0.11612396503562464,1.7341189333981634e-17,0.0,39812.0,0.0,0.0,0
0.14732086489136786,0.03751249679328893,1047.0,11880.0,0.11484647892566756,9.919342598005525e-17,0.0,39812.0,0.0,0.0,0
0.14594984680932072,0.037394640613145645,1048.0,11892.0,0.11359331702376374,5.895092878713598e-17,0.0,39812.0,0.0,0.0,0
0.14465152506752874,0.03732650371902735,1049.0,11899.0,0.11236313217609004,7.280565035751816e-17,0.0,39812.0,0.0,0.0,0
0.14328875948926903,0.0371721745171852,1050.0,11915.0,0.11115469579967249,3.440893021591625e-17,0.0,39812.0,0.0,0.0,0
0.14200547485840614,0.037076698991318595,1051.0,11925.0,0.10996688669467623,6.790636559167577e-17,0.0,39812.0,0.0,0.0,0
0.14081826261652483,0.03705769252372036,1052.0,11927.0,0.10879868092039319,-3.439753653041429e-17,0.0,39812.0,0.0,0.0,0
0.13966872432984606,0.03705769252372036,1053.0,11927.0,0.10764914263371436,4.985876775657268e-17,0.0,39812.0,0.0,0.0,0
0.13853699749463252,0.03705769252372036,1054.0,11927.0,0.10651741579850087,6.98432921270088e-18,0.0,39812.0,0.0,0.0,0
0.1374222983791206,0.03705769252372036,1055.0,11927.0,0.10540271668298892,1.4253500562950736e-17,0.0,39812.0,0.0,0.0,0
0.13632390876637623,0.03705769252372036,1056.0,11927.0,0.10430432707024456,6.722274446155823e-17,0.0,39812.0,0.0,0.0,0
0.1352411698099541,0.03705769252372036,1057.0,11927.0,0.10322158811382241,5.102092367777251e-17,0.0,39812.0,0.0,0.0,0
0.13417347647337022,0.03705769252372036,1058.0,11927.0,0.1021538947772385,2.4655935426239325e-17,0.0,39812.0,0.0,0.0,0
0.13312027249783986,0.03705769252372036,1059.0,11927.0,0.1011006908017082,3.354301011776736e-17,0.0,39812.0,0.0,0.0,0
0.13208104584801839,0.03705769252372036,1060.0,11927.0,0.10006146415188671,2.912226014300726e-17,0.0,39812.0,0.0,0.0,0
0.1310553245902665,0.03705769252372036,1061.0,11927.0,0.09903574289413479,9.339404005955811e-17,0.0,39812.0,0.0,0.0,0
0.1300426731622872,0.03705769252372036,1062.0,11927.0,0.09802309146615552,4.9482776135008034e-17,0.0,39812.0,0.0,0.0,0
0.1290426889969008,0.03705769252372036,1063.0,11927.0,0.0970231073007691,4.222499847026014e-17,0.0,39812.0,0.0,0.0,0
0.1280549994662637,0.03705769252372036,1064.0,11927.0,0.09603541777013201,3.2791026874638066e-17,0.0,39812.0,0.0,0.0,0
0.12707925911604692,0.03705769252372036,1065.0,11927.0,0.09505967741991524,1.98250127734087e-18,0.0,39812.0,0.0,0.0,0
0.12611514716198857,0.03705769252372036,1066.0,11927.0,0.09409556546585691,-2.238859201134948e-17,0.0,39812.0,0.0,0.0,0
0.12516236522386026,0.03705769252372036,1067.0,11927.0,0.09314278352772856,7.852528047950159e-17,0.0,39812.0,0.0,0.0,0
0.1242206352742624,0.03705769252372036,1068.0,11927.0,0.09220105357813074,-9.297247369598563e-18,0.0,39812.0,0.0,0.0,0
0.12328969778181476,0.03705769252372036,1069.0,11927.0,0.09127011608568306,1.4059807909417434e-17,0.0,39812.0,0.0,0.0,0
0.12236931003024763,0.03705769252372036,1070.0,11927.0,0.09034972833411595,3.2130193115524443e-17,0.0,39812.0,0.0,0.0,0
0.12145924459666592,0.03705769252372036,1071.0,11927.0,0.0894396629005342,7.290819352703579e-17,0.0,39812.0,0.0,0.0,0
0.12055928797384416,0.03705769252372036,1072.0,11927.0,0.08853970627771246,4.0834968839021136e-17,0.0,39812.0,0.0,0.0,0
0.11966923932285568,0.03705769252372036,1073.0,11927.0,0.087649657626724,4.8890304488906164e-17,0.0,39812.0,0.0,0.0,0
0.11878890934363885,0.03705769252372036,1074.0,11927.0,0.08676932764750718,-3.862459385164109e-18,0.0,39812.0,0.0,0.0,0
0.11791811925228689,0.03705769252372036,1075.0,11927.0,0.0858985375561552,4.8332013899310177e-17,0.0,39812.0,0.0,0.0,0
0.11705669985491039,0.03705769252372036,1076.0,11927.0,0.08503711815877872,1.1086055993406129e-17,0.0,39812.0,0.0,0.0,0
0.11620449070889241,0.03705769252372036,1077.0,11927.0,0.08418490901276075,1.4014233167409597e-18,0.0,39812.0,0.0,0.0,0
0.11536133936322471,0.03705769252372036,1078.0,11927.0,0.08334175766709302,5.674055379975593e-17,0.0,39812.0,0.0,0.0,0
0.11452710067040818,0.03705769252372036,1079.0,11927.0,0.0825075189742765,3.5206488201053384e-18,0.0,39812.0,0.0,0.0,0
0.11370163616311471,0.03705769252372036,1080.0,11927.0,0.08168205446698303,2.2103749873800504e-17,0.0,39812.0,0.0,0.0,0
0.11288481348945331,0.03705769252372036,1081.0,11927.0,0.08086523179332167,-1.9745256974894986e-17,0.0,39812.0,0.0,0.0,0
0.11207650590127265,0.03705769252372036,1082.0,11927.0,0.08005692420514098,1.4914334322064362e-17,0.0,39812.0,0.0,0.0,0
0.11127659179045789,0.03705769252372036,1083.0,11927.0,0.0792570100943262,3.6117983041210105e-17,0.0,39812.0,0.0,0.0,0
0.11048495426866341,0.03705769252372036,1084.0,11927.0,0.07846537257253174,2.0952987638102642e-17,0.0,39812.0,0.0,0.0,0
0.10970148078635356,0.03705769252372036,1085.0,11927.0,0.07768189909022187,4.454931031265978e-17,0.0,39812.0,0.0,0.0,0
0.10892606278741784,0.03705769252372036,1086.0,11927.0,0.07690648109128619,-2.0201004394973346e-17,0.0,39812.0,0.0,0.0,0
0.10815859539598284,0.03705769252372036,1087.0,11927.0,0.07613901369985113,2.4462242772706023e-17,0.0,39812.0,0.0,0.0,0
0.10739897713236167,0.03705769252372036,1088.0,11927.0,0.07537939543622994,6.379324512546857e-17,0.0,39812.0,0.0,0.0,0
0.10664710965537719,0.03705769252372036,1089.0,11927.0,0.07462752795924549,4.9254902424968855e-17,0.0,39812.0,0.0,0.0,0
0.10590289752855403,0.03705769252372036,1090.0,11927.0,0.07388331583242233,4.4515129256153904e-17,0.0,39812.0,0.0,0.0,0
0.1051662480079149,0.03705769252372036,1091.0,11927.0,0.07314666631178322,3.9103128642723367e-17,0.0,39812.0,0.0,0.0,0
0.10443707084933194,0.03705769252372036,1092.0,11927.0,0.07241748915320026,1.293183304472349e-17,0.0,39812.0,0.0,0.0,0
0.10371527813357867,0.03705769252372036,1093.0,11927.0,0.071695696437447,4.5996308371408575e-17,0.0,39812.0,0.0,0.0,0
0.10300078410740347,0.03705769252372036,1094.0,11927.0,0.07098120241127179,3.571920404864154e-17,0.0,39812.0,0.0,0.0,0
0.10229350503910764,0.03705769252372036,1095.0,11927.0,0.07027392334297597,1.7238646164464e-17,0.0,39812.0,0.0,0.0,0
0.10159335908725264,0.03705769252372036,1096.0,11927.0,0.06957377739112097,2.4849628079772628e-17,0.0,39812.0,0.0,0.0,0
0.1009002661812537,0.03705769252372036,1097.0,11927.0,0.06888068448512205,-2.2673434148898457e-18,0.0,39812.0,0.0,0.0,0
0.10021414791273506,0.03705769252372036,1098.0,11927.0,0.06819456621660341,7.291958721253775e-18,0.0,39812.0,0.0,0.0,0
0.09953492743662795,0.03705769252372036,1099.0,11927.0,0.06751534574049627,5.973709308677115e-17,0.0,39812.0,0.0,0.0,0
0.09886252938109055,0.03705769252372036,1100.0,11927.0,0.06684294768495888,7.565407173300792e-18,0.0,39812.0,0.0,0.0,0
0.09819687976541688,0.03705769252372036,1101.0,11927.0,0.06617729806928521,1.1940582406053055e-17,0.0,39812.0,0.0,0.0,0
0.09753790592517854,0.03705769252372036,1102.0,11927.0,0.0655183242290469,-3.7371288446425596e-18,0.0,39812.0,0.0,0.0,0
0.09688553644391856,0.03705769252372036,1103.0,11927.0,0.06486595474778688,5.4142793505309275e-17,0.0,39812.0,0.0,0.0,0
0.09623970109077819,0.03705769252372036,1104.0,11927.0,0.06422011939464647,2.659286196157236e-17,0.0,39812.0,0.0,0.0,0
0.09560033076349882,0.03705769252372036,1105.0,11927.0,0.06358074906736713,5.596578318562272e-17,0.0,39812.0,0.0,0.0,0
0.09496735743629182,0.03705769252372036,1106.0,11927.0,0.06294777574016013,3.060343925826193e-17,0.0,39812.0,0.0,0.0,0
0.09434071411211983,0.03705769252372036,1107.0,11927.0,0.0623211324159882,-1.1530409727982531e-17,0.0,39812.0,0.0,0.0,0
0.09372033477897442,0.03705769252372036,1108.0,11927.0,0.06170075308284277,-5.01322162086197e-18,0.0,39812.0,0.0,0.0,0
0.0931061543697751,0.03705769252372036,1109.0,11927.0,0.061086572673643424,-9.684632676665169e-18,0.0,39812.0,0.0,0.0,0
0.09249810872555135,0.03705769252372036,1110.0,11927.0,0.060478527029419665,2.7344845204701656e-17,0.0,39812.0,0.0,0.0,0
0.09189613456159938,0.03705769252372036,1111.0,11927.0,0.0598765528654677,4.119956677508383e-17,0.0,39812.0,0.0,0.0,0
0.09130016943633676,0.03705769252372036,1112.0,11927.0,0.059280587740205073,7.428682947277283e-18,0.0,39812.0,0.0,0.0,0
0.09071015172260291,0.03705769252372036,1113.0,11927.0,0.058690570026471246,6.836211301175413e-19,0.0,39812.0,0.0,0.0,0
0.09012602058117773,0.03705769252372036,1114.0,11927.0,0.05810643888504607,1.2077306632076564e-18,0.0,39812.0,0.0,0.0,0
0.08954771593631289,0.03705769252372036,1115.0,11927.0,0.057528134240181245,-1.9073029530279403e-17,0.0,39812.0,0.0,0.0,0
0.08897517845308876,0.03705769252372036,1116.0,11927.0,0.0569555967569571,-4.30681311974051e-18,0.0,39812.0,0.0,0.0,0
0.08840834951642869,0.03705769252372036,1117.0,11927.0,0.056388767820297,1.096072545288458e-17,0.0,39812.0,0.0,0.0,0
0.0878328485339619,0.03704336984606473,1118.0,11931.0,0.05582758951548584,-1.1393685501959024e-19,0.0,39812.0,0.0,0.0,0
0.08726658815818696,0.03703269437572096,1119.0,11934.0,0.055272004610054694,-6.3690701955950935e-18,0.0,39812.0,0.0,0.0,0
0.08670592908797285,0.03702208337865487,1120.0,11937.0,0.054721956536906674,2.0383303363004692e-17,0.0,39812.0,0.0,0.0,0
0.08614730075202907,0.03700802220104758,1121.0,11941.0,0.05417738937857018,-1.5814435476719123e-17,0.0,39812.0,0.0,0.0,0
0.08559072340797945,0.03699058638309045,1122.0,11946.0,0.05363824785247765,2.1898663534765242e-17,0.0,39812.0,0.0,0.0,0
0.08505002503592837,0.036983658566340866,1123.0,11948.0,0.05310447729717618,2.0007311741440044e-17,0.0,39812.0,0.0,0.0,0
0.08451124226438331,0.03697332943258528,1124.0,11951.0,0.052576023659386684,3.726874527690796e-17,0.0,39812.0,0.0,0.0,0
0.08397776310337486,0.03696304044912838,1125.0,11954.0,0.05205283348183514,3.589010933117092e-17,0.0,39812.0,0.0,0.0,0
0.08344618364384088,0.036949440579642556,1126.0,11958.0,0.051534853891787,4.664574844502024e-17,0.0,39812.0,0.0,0.0,0
0.08292660329451712,0.03694268153188344,1127.0,11960.0,0.051022032590222366,7.383108205269446e-18,0.0,39812.0,0.0,0.0,0
0.08240883019399235,0.036932623179985274,1128.0,11963.0,0.05051431784159574,1.6589206090852338e-17,0.0,39812.0,0.0,0.0,0
0.08190283531339271,0.03692928767685269,1129.0,11964.0,0.050011658464128694,1.444719321648404e-17,0.0,39812.0,0.0,0.0,0
0.08140186160276408,0.036925968609763445,1130.0,11965.0,0.04951400382058932,1.9665501176381273e-17,0.0,39812.0,0.0,0.0,0
0.08089928103038119,0.0369160880484531,1131.0,11968.0,0.04902130380951676,2.0599783387541914e-17,0.0,39812.0,0.0,0.0,0
0.08039837390055779,0.036902975871294076,1132.0,11972.0,0.048533508856852405,9.980868499716104e-18,0.0,39812.0,0.0,0.0,0
0.07990567604217172,0.036893216961817014,1133.0,11975.0,0.04805056990794337,5.482641463542682e-17,0.0,39812.0,0.0,0.0,0
0.0794275445541155,0.036893216961817014,1134.0,11975.0,0.047572438419887154,2.540791866936862e-17,0.0,39812.0,0.0,0.0,0
0.07894774263392569,0.03688678710732496,1135.0,11977.0,0.04709906635418939,3.5525511395108235e-17,0.0,39812.0,0.0,0.0,0
0.0784758888077452,0.03688359346562548,1136.0,11978.0,0.046630406169708365,5.630759375068149e-17,0.0,39812.0,0.0,0.0,0
0.07800234146478059,0.03687404147650541,1137.0,11981.0,0.04616641081586387,2.3379842650019913e-17,0.0,39812.0,0.0,0.0,0
0.07752400484953902,0.036855081951038815,1138.0,11987.0,0.04570703372608888,3.0375565548222754e-17,0.0,39812.0,0.0,0.0,0
0.07706293078635933,0.036848812802442996,1139.0,11989.0,0.045252228811504994,1.829825891614619e-17,0.0,39812.0,0.0,0.0,0
0.07660640891876899,0.03684256929155329,1140.0,11991.0,0.0448019504548044,-1.025431695176312e-17,0.0,39812.0,0.0,0.0,0
0.0761544141398362,0.03683637146310233,1141.0,11993.0,0.044356153504322565,1.852613262618537e-17,0.0,39812.0,0.0,0.0,0
0.0757099660569235,0.03683328361622475,1142.0,11994.0,0.043914793268287414,3.269987739062239e-17,0.0,39812.0,0.0,0.0,0
0.07526686703075176,0.036827152349108175,1143.0,11996.0,0.043477825509232286,6.0614406870422e-18,0.0,39812.0,0.0,0.0,0
0.0748281444281956,0.03682104881722386,1144.0,11998.0,0.04304520643856043,5.218307959897232e-18,0.0,39812.0,0.0,0.0,0
0.07439377371894643,0.03681499183528429,1145.0,12000.0,0.04261689271125081,1.3079950956248958e-17,0.0,39812.0,0.0,0.0,0
0.0739667163372361,0.036811985744129416,1146.0,12001.0,0.04219284142069537,2.1989813018780915e-17,0.0,39812.0,0.0,0.0,0
0.07354688501019956,0.036811985744129416,1147.0,12001.0,0.04177301009365883,5.924716461018692e-19,0.0,39812.0,0.0,0.0,0
0.07313123160189416,0.036811985744129416,1148.0,12001.0,0.041357356685353425,1.809317257711093e-17,0.0,39812.0,0.0,0.0,0
0.07271971449116137,0.036811985744129416,1149.0,12001.0,0.040945839574620606,3.511533871703771e-17,0.0,39812.0,0.0,0.0,0
0.07231229247575463,0.036811985744129416,1150.0,12001.0,0.040538417559213905,1.4948515378570238e-17,0.0,39812.0,0.0,0.0,0
0.07190892476771692,0.036811985744129416,1151.0,12001.0,0.040135049851176156,3.183395729247351e-17,0.0,39812.0,0.0,0.0,0
0.07150957098884707,0.036811985744129416,1152.0,12001.0,0.039735696072306315,3.6915541026347234e-17,0.0,39812.0,0.0,0.0,0
0.0711141911662509,0.036811985744129416,1153.0,12001.0,0.03934031624971016,3.1925106776489184e-17,0.0,39812.0,0.0,0.0,0
0.07072274572797162,0.036811985744129416,1154.0,12001.0,0.03894887081143088,1.421931950644486e-17,0.0,39812.0,0.0,0.0,0
0.07033519549869593,0.036811985744129416,1155.0,12001.0,0.038561320582155195,2.9919818128144396e-17,0.0,39812.0,0.0,0.0,0
0.0699515016955317,0.036811985744129416,1156.0,12001.0,0.038177626778990954,2.789174210879569e-17,0.0,39812.0,0.0,0.0,0
0.06957162592385399,0.036811985744129416,1157.0,12001.0,0.03779775100731325,3.0945249823320704e-17,0.0,39812.0,0.0,0.0,0
0.06919553017321614,0.036811985744129416,1158.0,12001.0,0.037421655256675415,1.8981880046263734e-17,0.0,39812.0,0.0,0.0,0
0.06882317681332292,0.036811985744129416,1159.0,12001.0,0.03704930189678218,2.5909240831454818e-17,0.0,39812.0,0.0,0.0,0
0.06845452859006323,0.036811985744129416,1160.0,12001.0,0.036680653673522495,9.228885256586808e-18,0.0,39812.0,0.0,0.0,0
0.06808954862159998,0.036811985744129416,1161.0,12001.0,0.036315673705059226,3.0466715032238427e-17,0.0,39812.0,0.0,0.0,0
0.06772820039451435,0.036811985744129416,1162.0,12001.0,0.03595432547797364,-8.727563094500611e-18,0.0,39812.0,0.0,0.0,0
0.0673704477600036,0.036811985744129416,1163.0,12001.0,0.03559657284346287,1.7979235722091337e-17,0.0,39812.0,0.0,0.0,0
0.06701625493012874,0.036811985744129416,1164.0,12001.0,0.03524238001358801,2.8028466334819195e-18,0.0,39812.0,0.0,0.0,0
0.06666558647411219,0.036811985744129416,1165.0,12001.0,0.03489171155757145,1.3695209973354746e-17,0.0,39812.0,0.0,0.0,0
0.06631840731468243,0.036811985744129416,1166.0,12001.0,0.03454453239814169,2.2331623583839683e-17,0.0,39812.0,0.0,0.0,0
0.06597468272446483,0.036811985744129416,1167.0,12001.0,0.034200807807924095,1.690822928490719e-17,0.0,39812.0,0.0,0.0,0
0.0656343783224172,0.036811985744129416,1168.0,12001.0,0.033860503405876465,7.952792480367398e-18,0.0,39812.0,0.0,0.0,0
0.0652974600703085,0.036811985744129416,1169.0,12001.0,0.03352358515376777,7.497045060289037e-18,0.0,39812.0,0.0,0.0,0
0.06496389426923996,0.036811985744129416,1170.0,12001.0,0.03319001935269924,1.67942924298876e-17,0.0,39812.0,0.0,0.0,0
0.06463364755620708,0.036811985744129416,1171.0,12001.0,0.03285977263966636,7.405895576273365e-18,0.0,39812.0,0.0,0.0,0
0.06430668690070189,0.036811985744129416,1172.0,12001.0,0.03253281198416116,1.0755639113849317e-17,0.0,39812.0,0.0,0.0,0
0.06398297960135411,0.036811985744129416,1173.0,12001.0,0.03220910468481339,1.67942924298876e-17,0.0,39812.0,0.0,0.0,0
0.0636624932826107,0.036811985744129416,1174.0,12001.0,0.03188861836606996,2.2308836212835767e-17,0.0,39812.0,0.0,0.0,0
0.06334519589145265,0.036811985744129416,1175.0,12001.0,0.031571320974911915,3.347464800475561e-17,0.0,39812.0,0.0,0.0,0
0.06303105569414845,0.036811985744129416,1176.0,12001.0,0.0312571807776077,3.2517578422591054e-17,0.0,39812.0,0.0,0.0,0
0.06272004127304336,0.036811985744129416,1177.0,12001.0,0.030946166356502623,1.410538265142527e-17,0.0,39812.0,0.0,0.0,0
0.0624121215233839,0.036811985744129416,1178.0,12001.0,0.030638246606843167,6.99572289820284e-18,0.0,39812.0,0.0,0.0,0
0.062107265650176775,0.036811985744129416,1179.0,12001.0,0.03033339073363604,1.8321046287150108e-17,0.0,39812.0,0.0,0.0,0
0.06180544316508162,0.036811985744129416,1180.0,12001.0,0.03003156824854089,1.4743429039534976e-17,0.0,39812.0,0.0,0.0,0
0.061506623883337316,0.036811985744129416,1181.0,12001.0,0.029732748966796597,9.661845305661251e-18,0.0,39812.0,0.0,0.0,0
0.061210777920720716,0.036811985744129416,1182.0,12001.0,0.029436903004179983,2.814240318983879e-17,0.0,39812.0,0.0,0.0,0
0.06091787569053773,0.036811985744129416,1183.0,12001.0,0.029144000773996988,1.3193887811268549e-17,0.0,39812.0,0.0,0.0,0
0.06062788790064618,0.036811985744129416,1184.0,12001.0,0.028854012984105448,3.053507714525018e-18,0.0,39812.0,0.0,0.0,0
0.06034078555050978,0.036811985744129416,1185.0,12001.0,0.028566910633969052,1.8389408400161864e-17,0.0,39812.0,0.0,0.0,0
0.06005653992828275,0.036811985744129416,1186.0,12001.0,0.028282665011742,1.8776793707228468e-17,0.0,39812.0,0.0,0.0,0
0.05977512260792508,0.036811985744129416,1187.0,12001.0,0.02800124769138435,7.474257689285119e-18,0.0,39812.0,0.0,0.0,0
0.059496505446347374,0.036811985744129416,1188.0,12001.0,0.027722630529806665,-4.511899458775773e-18,0.0,39812.0,0.0,0.0,0
0.05922066058058536,0.036811985744129416,1189.0,12001.0,0.02744678566404462,1.0801213855857154e-17,0.0,39812.0,0.0,0.0,0
0.058947560425003195,0.036811985744129416,1190.0,12001.0,0.027173685508462456,1.7591850415024732e-17,0.0,39812.0,0.0,0.0,0
0.058677177668525954,0.036811985744129416,1191.0,12001.0,0.02690330275198523,8.97822417554371e-18,0.0,39812.0,0.0,0.0,0
0.05840948527189999,0.036811985744129416,1192.0,12001.0,0.02663561035535927,-5.6740553799755935e-18,0.0,39812.0,0.0,0.0,0
0.05814445646498155,0.036811985744129416,1193.0,12001.0,0.026370581548440835,1.2852077246209778e-17,0.0,39812.0,0.0,0.0,0
0.05788206474405284,0.036811985744129416,1194.0,12001.0,0.026108189827512097,1.631575763880532e-17,0.0,39812.0,0.0,0.0,0
0.05762228386916551,0.036811985744129416,1195.0,12001.0,0.02584840895262476,1.911860427228724e-17,0.0,39812.0,0.0,0.0,0
0.05736508786151105,0.036811985744129416,1196.0,12001.0,0.025591212944970312,2.192145090576916e-17,0.0,39812.0,0.0,0.0,0
0.05711045100081787,0.036811985744129416,1197.0,12001.0,0.025336576084277144,2.3995101667125703e-17,0.0,39812.0,0.0,0.0,0
0.056858347822774644,0.036811985744129416,1198.0,12001.0,0.02508447290623389,3.276823950363415e-17,0.0,39812.0,0.0,0.0,0
0.05660875311647964,0.036811985744129416,1199.0,12001.0,0.024834878199938914,9.502333708633825e-18,0.0,39812.0,0.0,0.0,0
0.05636164192191614,0.036811985744129416,1200.0,12001.0,0.024587767005375405,9.046586288555465e-18,0.0,39812.0,0.0,0.0,0
0.0561169895274527,0.036811985744129416,1201.0,12001.0,0.024343114610911973,1.1872220293041302e-17,0.0,39812.0,0.0,0.0,0
0.05587477146736912,0.036811985744129416,1202.0,12001.0,0.024100896550828373,2.388116481210611e-17,0.0,39812.0,0.0,0.0,0
0.05563496351940697,0.036811985744129416,1203.0,12001.0,0.023861088602866228,1.5791648105715206e-17,0.0,39812.0,0.0,0.0,0
0.055397541702344955,0.036811985744129416,1204.0,12001.0,0.023623666785804204,1.8959092675259814e-17,0.0,39812.0,0.0,0.0,0
0.05516248227359837,0.036811985744129416,1205.0,12001.0,0.023388607357057625,2.169357719572998e-17,0.0,39812.0,0.0,0.0,0
0.05492976172684286,0.036811985744129416,1206.0,12001.0,0.023155886810302118,1.6748717687879764e-17,0.0,39812.0,0.0,0.0,0
0.05469935678966185,0.036811985744129416,1207.0,12001.0,0.022925481873121125,2.461036068423149e-18,0.0,39812.0,0.0,0.0,0
0.054471244421217695,0.036811985744129416,1208.0,12001.0,0.02269736950467696,1.6406907122820993e-17,0.0,39812.0,0.0,0.0,0
0.054245401809945935,0.036811985744129416,1209.0,12001.0,0.022471526893405203,1.6999378768922862e-17,0.0,39812.0,0.0,0.0,0
0.05402180637127283,0.036811985744129416,1210.0,12001.0,0.022247931454732077,2.6182689283501833e-17,0.0,39812.0,0.0,0.0,0
0.05380043574535558,0.036811985744129416,1211.0,12001.0,0.02202656082881486,8.135091448398742e-18,0.0,39812.0,0.0,0.0,0
0.0535812677948453,0.036811985744129416,1212.0,12001.0,0.021807392878304566,1.0778426484853236e-17,0.0,39812.0,0.0,0.0,0
0.0533642806026721,0.036811985744129416,1213.0,12001.0,0.021590405686131377,4.5574742007836094e-20,0.0,39812.0,0.0,0.0,0
0.05314945246985256,0.036811985744129416,1214.0,12001.0,0.02137557755331184,7.291958721253775e-19,0.0,39812.0,0.0,0.0,0
0.052936761913318905,0.036811985744129416,1215.0,12001.0,0.02116288699677818,1.1439260243966858e-17,0.0,39812.0,0.0,0.0,0
0.052726187663769956,0.036811985744129416,1216.0,12001.0,0.020952312747229227,3.007932972517182e-18,0.0,39812.0,0.0,0.0,0
0.052517708663543494,0.036811985744129416,1217.0,12001.0,0.020743833747002765,3.896640441669986e-18,0.0,39812.0,0.0,0.0,0
0.052311304064509886,0.036811985744129416,1218.0,12001.0,0.020537429147969143,2.9783093902120884e-17,0.0,39812.0,0.0,0.0,0
0.0521069532259866,0.036811985744129416,1219.0,12001.0,0.02033307830944585,2.5020533362302013e-17,0.0,39812.0,0.0,0.0,0
0.05190463571267373,0.036811985744129416,1220.0,12001.0,0.02013076079613299,1.6224608154789647e-17,0.0,39812.0,0.0,0.0,0
0.051704331292609935,0.036811985744129416,1221.0,12001.0,0.019930456376069213,1.9597139063369517e-18,0.0,39812.0,0.0,0.0,0
0.05150601993514885,0.036811985744129416,1222.0,12001.0,0.019732145018608115,3.782703586650396e-18,0.0,39812.0,0.0,0.0,0
0.05130968180895552,0.036811985744129416,1223.0,12001.0,0.01953580689241479,8.04394196438307e-18,0.0,39812.0,0.0,0.0,0
0.05111529728002306,0.036811985744129416,1224.0,12001.0,0.019341422363482307,3.2198555228536196e-17,0.0,39812.0,0.0,0.0,0
0.050922846909708774,0.036811985744129416,1225.0,12001.0,0.019148971993168045,9.866931644696514e-18,0.0,39812.0,0.0,0.0,0
0.05073231145279019,0.036811985744129416,1226.0,12001.0,0.01895843653624947,-5.491756411944249e-18,0.0,39812.0,0.0,0.0,0
0.050543671855540116,0.036811985744129416,1227.0,12001.0,0.018769796938999384,1.8754006336224552e-17,0.0,39812.0,0.0,0.0,0
0.05035690925382101,0.036811985744129416,1228.0,12001.0,0.01858303433728028,1.1598771840994286e-17,0.0,39812.0,0.0,0.0,0
0.050172004971198475,0.036811985744129416,1229.0,12001.0,0.018398130054657756,3.4181056505877067e-19,0.0,39812.0,0.0,0.0,0
0.04998894051707336,0.036811985744129416,1230.0,12001.0,0.018215065600532623,1.3262249924280302e-17,0.0,39812.0,0.0,0.0,0
0.04980769758483242,0.036811985744129416,1231.0,12001.0,0.01803382266829168,1.6133458670773978e-17,0.0,39812.0,0.0,0.0,0
0.049628258050017623,0.036811985744129416,1232.0,12001.0,0.017854383133476877,1.86856442232128e-17,0.0,39812.0,0.0,0.0,0
0.04945060396851348,0.036811985744129416,1233.0,12001.0,0.01767672905197273,2.483823439427067e-17,0.0,39812.0,0.0,0.0,0
0.0492747175747525,0.036811985744129416,1234.0,12001.0,0.01750084265821176,1.35129110053234e-17,0.0,39812.0,0.0,0.0,0
0.04910058127993852,0.036811985744129416,1235.0,12001.0,0.0173267063633978,6.312101768085299e-18,0.0,39812.0,0.0,0.0,0
0.048928177670287724,0.036811985744129416,1236.0,12001.0,0.017154302753747002,2.2787371003918044e-18,0.0,39812.0,0.0,0.0,0
0.04875748950528712,0.036811985744129416,1237.0,12001.0,0.016983614588746386,1.8321046287150108e-17,0.0,39812.0,0.0,0.0,0
0.04858849971597039,0.036811985744129416,1238.0,12001.0,0.016814624799429644,2.4519211200215816e-17,0.0,39812.0,0.0,0.0,0
0.048421191403210904,0.036811985744129416,1239.0,12001.0,0.016647316486670165,4.625836313795363e-18,0.0,39812.0,0.0,0.0,0
0.048255547836031816,0.036811985744129416,1240.0,12001.0,0.016481672919491073,2.0371909677502732e-17,0.0,39812.0,0.0,0.0,0
0.04809155244993271,0.036811985744129416,1241.0,12001.0,0.016317677533391986,8.681988352492775e-18,0.0,39812.0,0.0,0.0,0
0.0479291888452333,0.036811985744129416,1242.0,12001.0,0.016155313928692565,1.0185954838751366e-17,0.0,39812.0,0.0,0.0,0
0.04776844078543318,0.036811985744129416,1243.0,12001.0,0.01599456586889245,-6.608337591136233e-19,0.0,39812.0,0.0,0.0,0
0.04760929219558831,0.036811985744129416,1244.0,12001.0,0.015835417279047557,2.3972314296121783e-17,0.0,39812.0,0.0,0.0,0
0.047451727160703255,0.036811985744129416,1245.0,12001.0,0.015677852244162526,1.1689921325009957e-17,0.0,39812.0,0.0,0.0,0
0.047295729924139884,0.036811985744129416,1246.0,12001.0,0.015521855007599148,2.2012600389784832e-17,0.0,39812.0,0.0,0.0,0
0.04714128488604145,0.036811985744129416,1247.0,12001.0,0.0153674099695007,3.181116992146959e-17,0.0,39812.0,0.0,0.0,0
0.046988376601772616,0.036811985744129416,1248.0,12001.0,0.015214501685231878,1.4720641668531056e-17,0.0,39812.0,0.0,0.0,0
0.04683698978037505,0.036811985744129416,1249.0,12001.0,0.015063114863834324,-4.010577296689576e-18,0.0,39812.0,0.0,0.0,0
0.0466871092830382,0.036811985744129416,1250.0,12001.0,0.01491323436649746,2.435969960318839e-17,0.0,39812.0,0.0,0.0,0
0.04653872012158533,0.036811985744129416,1251.0,12001.0,0.014764845205044584,3.2585940535602807e-17,0.0,39812.0,0.0,0.0,0
0.04639180745697476,0.036811985744129416,1252.0,12001.0,0.014617932540434033,-1.6406907122820993e-18,0.0,39812.0,0.0,0.0,0
0.04624635659781596,0.036811985744129416,1253.0,12001.0,0.014472481681275228,5.993078574030446e-18,0.0,39812.0,0.0,0.0,0
0.04610235299890026,0.036811985744129416,1254.0,12001.0,0.014328478082359512,2.6547287219564524e-17,0.0,39812.0,0.0,0.0,0
0.04595978225974635,0.036811985744129416,1255.0,12001.0,0.014185907343205616,4.375175232752265e-18,0.0,39812.0,0.0,0.0,0
0.04581863012316028,0.036811985744129416,1256.0,12001.0,0.01404475520661956,3.577617247615133e-18,0.0,39812.0,0.0,0.0,0
0.04567888247380966,0.036811985744129416,1257.0,12001.0,0.013905007557268919,1.2533054052154925e-17,0.0,39812.0,0.0,0.0,0
0.04554052533681204,0.036811985744129416,1258.0,12001.0,0.013766650420271297,2.6364988251533178e-17,0.0,39812.0,0.0,0.0,0
0.04540354487633749,0.036811985744129416,1259.0,12001.0,0.01362966995979676,1.5518199653668188e-17,0.0,39812.0,0.0,0.0,0
0.045267927394224985,0.036811985744129416,1260.0,12001.0,0.013494052477684253,7.200809237238103e-18,0.0,39812.0,0.0,0.0,0
0.04513365932861256,0.036811985744129416,1261.0,12001.0,0.013359784412071824,1.7341189333981634e-17,0.0,39812.0,0.0,0.0,0
0.04500072725258104,0.036811985744129416,1262.0,12001.0,0.013226852336040306,5.24109533090115e-19,0.0,39812.0,0.0,0.0,0
0.044869117872811455,0.036811985744129416,1263.0,12001.0,0.013095242956270717,1.1097449678908089e-17,0.0,39812.0,0.0,0.0,0
0.04473881802825558,0.036811985744129416,1264.0,12001.0,0.012964943111714842,1.6999378768922862e-17,0.0,39812.0,0.0,0.0,0
0.04460981468881986,0.036811985744129416,1265.0,12001.0,0.012835939772279124,1.2692565649182352e-17,0.0,39812.0,0.0,0.0,0
0.0444820949540624,0.036811985744129416,1266.0,12001.0,0.012708220037521662,2.1648002453722144e-17,0.0,39812.0,0.0,0.0,0
0.04435564605190286,0.036811985744129416,1267.0,12001.0,0.01258177113536213,1.130253601794335e-17,0.0,39812.0,0.0,0.0,0
0.044230455337345286,0.036811985744129416,1268.0,12001.0,0.012456580420804553,1.0277104322767039e-17,0.0,39812.0,0.0,0.0,0
0.044106510291213555,0.036811985744129416,1269.0,12001.0,0.01233263537467282,1.1416472872962942e-17,0.0,39812.0,0.0,0.0,0
0.04398379851889946,0.036811985744129416,1270.0,12001.0,0.012209923602358716,1.2327967713119663e-17,0.0,39812.0,0.0,0.0,0
0.04386230774912321,0.036811985744129416,1271.0,12001.0,0.012088432832582477,1.1530409727982531e-17,0.0,39812.0,0.0,0.0,0
0.04374202583270635,0.036811985744129416,1272.0,12001.0,0.011968150916165618,6.2665270260774624e-18,0.0,39812.0,0.0,0.0,0
0.043622940741356774,0.036811985744129416,1273.0,12001.0,0.01184906582481604,1.061891488782581e-17,0.0,39812.0,0.0,0.0,0
0.0435050405664659,0.036811985744129416,1274.0,12001.0,0.011731165649925167,5.0587963628698065e-18,0.0,39812.0,0.0,0.0,0
0.0433883135179178,0.036811985744129416,1275.0,12001.0,0.011614438601377066,7.542619802296874e-18,0.0,39812.0,0.0,0.0,0
0.04327274792291018,0.036811985744129416,1276.0,12001.0,0.011498873006369446,9.092161030563301e-18,0.0,39812.0,0.0,0.0,0
0.04315833222478707,0.036811985744129416,1277.0,12001.0,0.011384457308246339,1.0915150710876743e-17,0.0,39812.0,0.0,0.0,0
0.043045054981883206,0.036811985744129416,1278.0,12001.0,0.011271180065342466,1.7455126189001223e-17,0.0,39812.0,0.0,0.0,0
0.04293290486637973,0.036811985744129416,1279.0,12001.0,0.011159029949838988,2.075929498456934e-17,0.0,39812.0,0.0,0.0,0
0.04282187066317154,0.036811985744129416,1280.0,12001.0,0.011047995746630804,2.3676078473070848e-17,0.0,39812.0,0.0,0.0,0
0.042711941268745696,0.036811985744129416,1281.0,12001.0,0.01093806635220495,2.2103749873800504e-17,0.0,39812.0,0.0,0.0,0
0.042603105690071016,0.036811985744129416,1282.0,12001.0,0.010829230773530289,1.4014233167409597e-17,0.0,39812.0,0.0,0.0,0
0.04249535304349889,0.036811985744129416,1283.0,12001.0,0.01072147812695816,8.203453561410496e-18,0.0,39812.0,0.0,0.0,0
0.042388672553674775,0.036811985744129416,1284.0,12001.0,0.010614797637134056,1.7546275673016896e-18,0.0,39812.0,0.0,0.0,0
0.042283053552460745,0.036811985744129416,1285.0,12001.0,0.010509178635920002,2.846142638389364e-17,0.0,39812.0,0.0,0.0,0
0.04217848547786856,0.036811985744129416,1286.0,12001.0,0.01040461056132782,2.3106394197972898e-17,0.0,39812.0,0.0,0.0,0
0.04207495787300356,0.036811985744129416,1287.0,12001.0,0.010301082956462837,-7.770493512336054e-18,0.0,39812.0,0.0,0.0,0
0.041972460385019,0.036811985744129416,1288.0,12001.0,0.010198585468478252,1.9688288547385193e-17,0.0,39812.0,0.0,0.0,0
0.041870982764080536,0.036811985744129416,1289.0,12001.0,0.010097107847539803,1.9597139063369517e-18,0.0,39812.0,0.0,0.0,0
0.04177051486234153,0.036811985744129416,1290.0,12001.0,0.00999663994580079,1.0231529580759202e-17,0.0,39812.0,0.0,0.0,0
0.041671046632928005,0.036811985744129416,1291.0,12001.0,0.009897171716387277,1.2988801472233287e-18,0.0,39812.0,0.0,0.0,0
0.04157256812893414,0.036811985744129416,1292.0,12001.0,0.009798693212393395,7.383108205269446e-18,0.0,39812.0,0.0,0.0,0
0.04147506950242739,0.036811985744129416,1293.0,12001.0,0.009701194585886657,-1.458391744250755e-18,0.0,39812.0,0.0,0.0,0
0.04137854100346386,0.036811985744129416,1294.0,12001.0,0.00960466608692313,4.8309226528306254e-18,0.0,39812.0,0.0,0.0,0
0.04128297297911319,0.036811985744129416,1295.0,12001.0,0.009509098062572446,2.0257972822483142e-17,0.0,39812.0,0.0,0.0,0
0.04118835587249326,0.036811985744129416,1296.0,12001.0,0.009414480955952516,2.0576996016537994e-17,0.0,39812.0,0.0,0.0,0
0.04109468022181454,0.036811985744129416,1297.0,12001.0,0.0093208053052738,1.0732851742845399e-17,0.0,39812.0,0.0,0.0,0
0.04100193665943389,0.036811985744129416,1298.0,12001.0,0.009228061742893154,1.795644835108742e-17,0.0,39812.0,0.0,0.0,0
0.04091011591091777,0.036811985744129416,1299.0,12001.0,0.009136240994377036,9.092161030563301e-18,0.0,39812.0,0.0,0.0,0
0.04081920879411479,0.036811985744129416,1300.0,12001.0,0.009045333877574063,5.104371104877642e-18,0.0,39812.0,0.0,0.0,0
0.040729206218237536,0.036811985744129416,1301.0,12001.0,0.008955331301696784,2.693467252663113e-17,0.0,39812.0,0.0,0.0,0
0.040640099182953325,0.036811985744129416,1302.0,12001.0,0.008866224266412594,7.975579851371316e-18,0.0,39812.0,0.0,0.0,0
0.040551878777484444,0.036811985744129416,1303.0,12001.0,0.008778003860943698,1.8571707368193206e-17,0.0,39812.0,0.0,0.0,0
0.040464536179716765,0.036811985744129416,1304.0,12001.0,0.008690661263176028,1.458391744250755e-17,0.0,39812.0,0.0,0.0,0
0.04037806265531773,0.036811985744129416,1305.0,12001.0,0.008604187738776997,9.479546337629907e-18,0.0,39812.0,0.0,0.0,0
0.04029244955686284,0.036811985744129416,1306.0,12001.0,0.008518574640322112,1.0824001226861072e-17,0.0,39812.0,0.0,0.0,0
0.04020768832297089,0.036811985744129416,1307.0,12001.0,0.00843381340643016,3.463680392595543e-18,0.0,39812.0,0.0,0.0,0
0.04012377047744784,0.036811985744129416,1308.0,12001.0,0.008349895560907122,5.696842750979511e-19,0.0,39812.0,0.0,0.0,0
0.040040687628439244,0.036811985744129416,1309.0,12001.0,0.008266812711898502,1.410538265142527e-17,0.0,39812.0,0.0,0.0,0
0.039958431467590906,0.036811985744129416,1310.0,12001.0,0.008184556551050158,2.342541739202775e-17,0.0,39812.0,0.0,0.0,0
0.03987699376921819,0.036811985744129416,1311.0,12001.0,0.008103118852677458,3.987789925685658e-18,0.0,39812.0,0.0,0.0,0
0.03979636638948343,0.036811985744129416,1312.0,12001.0,0.00802249147294269,1.6680355574868008e-17,0.0,39812.0,0.0,0.0,0
0.03971654126558142,0.036811985744129416,1313.0,12001.0,0.007942666349040681,1.1712708696013875e-17,0.0,39812.0,0.0,0.0,0
0.03963751041493327,0.036811985744129416,1314.0,12001.0,0.007863635498392533,1.6976591397918943e-17,0.0,39812.0,0.0,0.0,0
0.03955926593438804,0.036811985744129416,1315.0,12001.0,0.007785391017847303,1.2031731890068728e-17,0.0,39812.0,0.0,0.0,0
0.03948179999943248,0.036811985744129416,1316.0,12001.0,0.007707925082891737,2.1032743436616358e-17,0.0,39812.0,0.0,0.0,0
0.039405104863408515,0.036811985744129416,1317.0,12001.0,0.007631229946867776,1.260141616516668e-17,0.0,39812.0,0.0,0.0,0
0.03932917285673864,0.036811985744129416,1318.0,12001.0,0.007555297940197907,5.12715847588156e-18,0.0,39812.0,0.0,0.0,0
0.03925399638615892,0.036811985744129416,1319.0,12001.0,0.007480121469618186,7.178021866234184e-18,0.0,39812.0,0.0,0.0,0
0.03917956793395963,0.036811985744129416,1320.0,12001.0,0.007405693017418895,1.1963369777056973e-17,0.0,39812.0,0.0,0.0,0
0.03910588005723353,0.036811985744129416,1321.0,12001.0,0.007332005140692799,1.5199176459613337e-17,0.0,39812.0,0.0,0.0,0
0.039032925387131545,0.036811985744129416,1322.0,12001.0,0.007259050470590814,2.1648002453722142e-18,0.0,39812.0,0.0,0.0,0
0.03896069662812586,0.036811985744129416,1323.0,12001.0,0.007186821711585131,8.066729335386989e-18,0.0,39812.0,0.0,0.0,0
0.038889186557280395,0.036811985744129416,1324.0,12001.0,0.007115311640739653,2.3630503731063012e-17,0.0,39812.0,0.0,0.0,0
0.038818388023528445,0.036811985744129416,1325.0,12001.0,0.0070445131069877135,1.0573340145817973e-17,0.0,39812.0,0.0,0.0,0
0.038748293946957654,0.036811985744129416,1326.0,12001.0,0.006974419030416927,1.6634780832860173e-18,0.0,39812.0,0.0,0.0,0
0.03867889731810196,0.036811985744129416,1327.0,12001.0,0.00690502240156123,1.6110671299770058e-17,0.0,39812.0,0.0,0.0,0
0.03861019119724064,0.036811985744129416,1328.0,12001.0,0.006836316280699901,1.971107591838911e-17,0.0,39812.0,0.0,0.0,0
0.038542168713704326,0.036811985744129416,1329.0,12001.0,0.0067682937971636,1.0915150710876743e-17,0.0,39812.0,0.0,0.0,0
0.03847482306518801,0.036811985744129416,1330.0,12001.0,0.006700948148647282,1.421931950644486e-17,0.0,39812.0,0.0,0.0,0
0.03840814751707071,0.036811985744129416,1331.0,12001.0,0.006634272600529983,-1.8457770513173616e-18,0.0,39812.0,0.0,0.0,0
0.03834213540174205,0.036811985744129416,1332.0,12001.0,0.006568260485201318,7.519832431292956e-18,0.0,39812.0,0.0,0.0,0
0.038276780117935484,0.036811985744129416,1333.0,12001.0,0.006502905201394748,1.1051874936900252e-17,0.0,39812.0,0.0,0.0,0
0.038212075130068156,0.036811985744129416,1334.0,12001.0,0.006438200213527428,2.483823439427067e-18,0.0,39812.0,0.0,0.0,0
0.038148013967587394,0.036811985744129416,1335.0,12001.0,0.006374139051046653,2.3129181568976815e-17,0.0,39812.0,0.0,0.0,0
0.03808459022432353,0.036811985744129416,1336.0,12001.0,0.0063107153077827825,2.192145090576916e-17,0.0,39812.0,0.0,0.0,0
0.03802179755784938,0.036811985744129416,1337.0,12001.0,0.006247922641308642,4.489112087771855e-18,0.0,39812.0,0.0,0.0,0
0.037959629688846,0.036811985744129416,1338.0,12001.0,0.006185754772305259,2.0668145500553667e-17,0.0,39812.0,0.0,0.0,0
0.03789808040047464,0.036811985744129416,1339.0,12001.0,0.006124205483933919,-2.461036068423149e-18,0.0,39812.0,0.0,0.0,0
0.03783714353775524,0.036811985744129416,1340.0,12001.0,0.006063268621214495,1.713610299494637e-17,0.0,39812.0,0.0,0.0,0
0.037776813006950676,0.036811985744129416,1341.0,12001.0,0.006002938090409942,1.3740784715362581e-17,0.0,39812.0,0.0,0.0,0
0.03771708277495764,0.036811985744129416,1342.0,12001.0,0.005943207858416891,3.151493409841866e-17,0.0,39812.0,0.0,0.0,0
0.0376579468687031,0.036811985744129416,1343.0,12001.0,0.005884071952162375,-2.028076019348706e-18,0.0,39812.0,0.0,0.0,0
0.03759939937454723,0.036811985744129416,1344.0,12001.0,0.0058255244580064855,3.021605395119533e-17,0.0,39812.0,0.0,0.0,0
0.03754143443769175,0.036811985744129416,1345.0,12001.0,0.005767559521151021,3.9194278126739035e-18,0.0,39812.0,0.0,0.0,0
0.03748404626159472,0.036811985744129416,1346.0,12001.0,0.005710171345053987,9.684632676665169e-18,0.0,39812.0,0.0,0.0,0
0.03742722910739068,0.036811985744129416,1347.0,12001.0,0.005653354190849953,5.628480637967757e-18,0.0,39812.0,0.0,0.0,0
0.03737097729331688,0.036811985744129416,1348.0,12001.0,0.005597102376776148,8.932649433535874e-18,0.0,39812.0,0.0,0.0,0
0.037315285194145016,0.036811985744129416,1349.0,12001.0,0.005541410277604288,2.6433350364544934e-18,0.0,39812.0,0.0,0.0,0
0.037260147240618796,0.036811985744129416,1350.0,12001.0,0.0054862723240780495,2.5271194443345112e-17,0.0,39812.0,0.0,0.0,0
0.03720555791889687,0.036811985744129416,1351.0,12001.0,0.005431683002356126,2.062257075854583e-17,0.0,39812.0,0.0,0.0,0
0.03715151177000159,0.036811985744129416,1352.0,12001.0,0.005377636853460862,6.220952284069627e-18,0.0,39812.0,0.0,0.0,0
0.03709800338927304,0.036811985744129416,1353.0,12001.0,0.005324128472732315,4.967646878854134e-18,0.0,39812.0,0.0,0.0,0
0.03704502742582856,0.036811985744129416,1354.0,12001.0,0.0052711525092878336,3.782703586650396e-18,0.0,39812.0,0.0,0.0,0
0.03699257858202767,0.036811985744129416,1355.0,12001.0,0.005218703665486925,1.656641871984842e-17,0.0,39812.0,0.0,0.0,0
0.036940651612942244,0.036811985744129416,1356.0,12001.0,0.005166776696401501,2.087323183958893e-17,0.0,39812.0,0.0,0.0,0
0.036889241325832114,0.036811985744129416,1357.0,12001.0,0.005115366409291375,6.220952284069627e-18,0.0,39812.0,0.0,0.0,0
0.036838342579625726,0.036811985744129416,1358.0,12001.0,0.005064467663085002,-3.3497435375759528e-18,0.0,39812.0,0.0,0.0,0
0.03678795028440606,0.036811985744129416,1359.0,12001.0,0.005014075367865341,-5.651268008971675e-18,0.0,39812.0,0.0,0.0,0
0.03673805940090161,0.036811985744129416,1360.0,12001.0,0.004964184484360878,4.603048942791445e-18,0.0,39812.0,0.0,0.0,0
0.03668866493998243,0.036811985744129416,1361.0,12001.0,0.004914790023441684,1.7158890365950288e-17,0.0,39812.0,0.0,0.0,0
0.03663976196216124,0.036811985744129416,1362.0,12001.0,0.0048658870456205075,5.5601185249560034e-18,0.0,39812.0,0.0,0.0,0
0.03659134557709956,0.036811985744129416,1363.0,12001.0,0.004817470660558811,2.0850444468585012e-17,0.0,39812.0,0.0,0.0,0
0.036543410943118484,0.036811985744129416,1364.0,12001.0,0.004769536026577747,4.375175232752265e-18,0.0,39812.0,0.0,0.0,0
0.036495953266714704,0.036811985744129416,1365.0,12001.0,0.004722078350173963,2.3015244713957226e-17,0.0,39812.0,0.0,0.0,0
0.036448967802081005,0.036811985744129416,1366.0,12001.0,0.004675092885540279,7.291958721253775e-19,0.0,39812.0,0.0,0.0,0
0.03640244985063181,0.036811985744129416,1367.0,12001.0,0.004628574934091068,2.379001532809044e-17,0.0,39812.0,0.0,0.0,0
0.03635639476053317,0.036811985744129416,1368.0,12001.0,0.004582519843992427,1.1735496067017793e-17,0.0,39812.0,0.0,0.0,0
0.0363107979262377,0.036811985744129416,1369.0,12001.0,0.004536923009696966,2.2194899357816177e-17,0.0,39812.0,0.0,0.0,0
0.036265654788024,0.036811985744129416,1370.0,12001.0,0.004491779871483256,2.72764830916899e-17,0.0,39812.0,0.0,0.0,0
0.036220960831540604,0.036811985744129416,1371.0,12001.0,0.004447085914999854,2.251392255187103e-17,0.0,39812.0,0.0,0.0,0
0.0361767115873546,0.036811985744129416,1372.0,12001.0,0.0044028366708138734,2.0508633903526241e-19,0.0,39812.0,0.0,0.0,0
0.036132902630504754,0.036811985744129416,1373.0,12001.0,0.004359027713964017,1.0072017983731777e-17,0.0,39812.0,0.0,0.0,0
0.03608952958005883,0.036811985744129416,1374.0,12001.0,0.004315654663518088,1.3945871054397844e-17,0.0,39812.0,0.0,0.0,0
0.03604658809867564,0.036811985744129416,1375.0,12001.0,0.004272713182134908,1.3467336263315566e-17,0.0,39812.0,0.0,0.0,0
0.03600407389217128,0.036811985744129416,1376.0,12001.0,0.004230198975630542,5.9702912030265276e-18,0.0,39812.0,0.0,0.0,0
0.03596198270908965,0.036811985744129416,1377.0,12001.0,0.004188107792548919,8.864287320524119e-18,0.0,39812.0,0.0,0.0,0
0.035920310340277394,0.036811985744129416,1378.0,12001.0,0.00414643542373665,1.2191243487096154e-17,0.0,39812.0,0.0,0.0,0
0.03587905261846288,0.036811985744129416,1379.0,12001.0,0.004105177701922134,1.3740784715362581e-17,0.0,39812.0,0.0,0.0,0
0.03583820541783953,0.036811985744129416,1380.0,12001.0,0.004064330501298799,9.707420047669087e-18,0.0,39812.0,0.0,0.0,0
0.03579776465365327,0.036811985744129416,1381.0,12001.0,0.004023889737112551,-1.6634780832860173e-18,0.0,39812.0,0.0,0.0,0
0.03575772628179398,0.036811985744129416,1382.0,12001.0,0.003983851365253261,-6.107015429050036e-18,0.0,39812.0,0.0,0.0,0
0.03571808629839113,0.036811985744129416,1383.0,12001.0,0.003944211381850388,9.958081128712186e-18,0.0,39812.0,0.0,0.0,0
0.03567884073941329,0.036811985744129416,1384.0,12001.0,0.0039049658228725525,7.7021313993243e-18,0.0,39812.0,0.0,0.0,0
0.03563998568027188,0.036811985744129416,1385.0,12001.0,0.0038661107637311537,4.19287626472092e-18,0.0,39812.0,0.0,0.0,0
0.03560151723542864,0.036811985744129416,1386.0,12001.0,0.0038276423188878974,1.444719321648404e-17,0.0,39812.0,0.0,0.0,0
0.03556343155800698,0.036811985744129416,1387.0,12001.0,0.0037895566414662446,6.0614406870422e-18,0.0,39812.0,0.0,0.0,0
0.035525724839407455,0.036811985744129416,1388.0,12001.0,0.0037518499228667104,2.237719832584752e-17,0.0,39812.0,0.0,0.0,0
0.03548839330892674,0.036811985744129416,1389.0,12001.0,0.003714518392386015,3.4181056505877067e-19,0.0,39812.0,0.0,0.0,0
0.035451433233380736,0.036811985744129416,1390.0,12001.0,0.0036775583168400013,1.1826645551033466e-17,0.0,39812.0,0.0,0.0,0
0.035414840916731055,0.036811985744129416,1391.0,12001.0,0.0036409660001903137,1.246469193914317e-17,0.0,39812.0,0.0,0.0,0
0.035378612699715525,0.036811985744129416,1392.0,12001.0,0.003604737783174793,5.24109533090115e-19,0.0,39812.0,0.0,0.0,0
0.03534274495948228,0.036811985744129416,1393.0,12001.0,0.003568870042941549,7.565407173300792e-18,0.0,39812.0,0.0,0.0,0
0.035307234109227405,0.036811985744129416,1394.0,12001.0,0.0035333591926866663,1.761463778602865e-17,0.0,39812.0,0.0,0.0,0
0.03527207659783627,0.036811985744129416,1395.0,12001.0,0.0034982016812955294,2.26050720358867e-17,0.0,39812.0,0.0,0.0,0
0.03523726890952843,0.036811985744129416,1396.0,12001.0,0.0034633939929877007,5.94750383202261e-18,0.0,39812.0,0.0,0.0,0
0.03520280756350608,0.036811985744129416,1397.0,12001.0,0.00342893264696534,1.8981880046263734e-17,0.0,39812.0,0.0,0.0,0
0.035168689113605864,0.036811985744129416,1398.0,12001.0,0.0033948141970651276,1.2282392971111826e-17,0.0,39812.0,0.0,0.0,0
0.03513491014795438,0.036811985744129416,1399.0,12001.0,0.003361035231413647,1.130253601794335e-17,0.0,39812.0,0.0,0.0,0
0.03510146728862691,0.036811985744129416,1400.0,12001.0,0.003327592372086176,7.975579851371316e-18,0.0,39812.0,0.0,0.0,0
0.03506835719130965,0.036811985744129416,1401.0,12001.0,0.0032944822747689186,1.2077306632076564e-17,0.0,39812.0,0.0,0.0,0
0.03503557654496529,0.036811985744129416,1402.0,12001.0,0.00326170162842455,1.948320220834993e-17,0.0,39812.0,0.0,0.0,0
0.03500312207150185,0.036811985744129416,1403.0,12001.0,0.0032292471549611144,1.5427050169652516e-17,0.0,39812.0,0.0,0.0,0
0.03497099052544496,0.036811985744129416,1404.0,12001.0,0.0031971156089042278,-1.2077306632076564e-18,0.0,39812.0,0.0,0.0,0
0.03493917869361323,0.036811985744129416,1405.0,12001.0,0.0031653037770725014,4.3296004907444287e-19,0.0,39812.0,0.0,0.0,0
0.03490768339479698,0.036811985744129416,1406.0,12001.0,0.003133808478256242,1.7341189333981634e-17,0.0,39812.0,0.0,0.0,0
0.03487650147944006,0.036811985744129416,1407.0,12001.0,0.0031026265628993255,1.3307824666288138e-17,0.0,39812.0,0.0,0.0,0
0.03484562982932496,0.036811985744129416,1408.0,12001.0,0.00307175491278423,5.1727332178893966e-18,0.0,39812.0,0.0,0.0,0
0.03481506535726095,0.036811985744129416,1409.0,12001.0,0.003041190440720215,7.747706141332136e-18,0.0,39812.0,0.0,0.0,0
0.03478480500677534,0.036811985744129416,1410.0,12001.0,0.003010930090234611,1.2350755084123581e-17,0.0,39812.0,0.0,0.0,0
0.03475484575180788,0.036811985744129416,1411.0,12001.0,0.002980970835267143,1.4492767958491878e-17,0.0,39812.0,0.0,0.0,0
0.034725184596408096,0.036811985744129416,1412.0,12001.0,0.0029513096798673543,2.132897925966729e-17,0.0,39812.0,0.0,0.0,0
0.034695818574435724,0.036811985744129416,1413.0,12001.0,0.002921943657894987,1.305716358524504e-17,0.0,39812.0,0.0,0.0,0
0.0346667447492641,0.036811985744129416,1414.0,12001.0,0.0028928698327233644,1.223681822910399e-17,0.0,39812.0,0.0,0.0,0
0.03463796021348649,0.036811985744129416,1415.0,12001.0,0.0028640852969457516,1.0208742209755284e-17,0.0,39812.0,0.0,0.0,0
0.03460946208862531,0.036811985744129416,1416.0,12001.0,0.00283558717208458,1.1940582406053055e-17,0.0,39812.0,0.0,0.0,0
0.03458124752484436,0.036811985744129416,1417.0,12001.0,0.002807372608303612,2.622826402550967e-17,0.0,39812.0,0.0,0.0,0
0.03455331370066369,0.036811985744129416,1418.0,12001.0,0.002779438784122959,1.526753857262509e-18,0.0,39812.0,0.0,0.0,0
0.034525657822677656,0.036811985744129416,1419.0,12001.0,0.002751782906136926,1.0983512823888498e-17,0.0,39812.0,0.0,0.0,0
0.0344982771252754,0.036811985744129416,1420.0,12001.0,0.0027244022087346657,1.410538265142527e-17,0.0,39812.0,0.0,0.0,0
0.03447116887036436,0.036811985744129416,1421.0,12001.0,0.002697293953823622,1.061891488782581e-17,0.0,39812.0,0.0,0.0,0
0.03444433034709645,0.036811985744129416,1422.0,12001.0,0.0026704554305557134,1.3171100440264631e-17,0.0,39812.0,0.0,0.0,0
0.03441775887159699,0.036811985744129416,1423.0,12001.0,0.002643883955056246,2.3949526925117866e-17,0.0,39812.0,0.0,0.0,0
0.03439145178669627,0.036811985744129416,1424.0,12001.0,0.0026175768701555283,5.83356697700302e-18,0.0,39812.0,0.0,0.0,0
0.03436540646166389,0.036811985744129416,1425.0,12001.0,0.002591531545123151,1.6384119751817076e-17,0.0,39812.0,0.0,0.0,0
0.034339620291945636,0.036811985744129416,1426.0,12001.0,0.0025657453754049002,1.0163167467747448e-17,0.0,39812.0,0.0,0.0,0
0.03431409069890306,0.036811985744129416,1427.0,12001.0,0.0025402157823623188,1.7272827220969878e-17,0.0,39812.0,0.0,0.0,0
0.03428881512955557,0.036811985744129416,1428.0,12001.0,0.0025149402130148274,2.1442916114686882e-17,0.0,39812.0,0.0,0.0,0
0.034263791056325155,0.036811985744129416,1429.0,12001.0,0.0024899161397844245,3.007932972517182e-18,0.0,39812.0,0.0,0.0,0
0.034239015976783665,0.036811985744129416,1430.0,12001.0,0.002465141060242942,-7.064085011214594e-19,0.0,39812.0,0.0,0.0,0
0.03421448741340251,0.036811985744129416,1431.0,12001.0,0.0024406124968617713,8.135091448398742e-18,0.0,39812.0,0.0,0.0,0
0.03419020291330487,0.036811985744129416,1432.0,12001.0,0.002416327996764141,1.2760927762194105e-17,0.0,39812.0,0.0,0.0,0
0.034166160048020526,0.036811985744129416,1433.0,12001.0,0.0023922851314797976,-3.007932972517182e-18,0.0,39812.0,0.0,0.0,0
0.03414235641324292,0.036811985744129416,1434.0,12001.0,0.002368481496702177,1.130253601794335e-17,0.0,39812.0,0.0,0.0,0
0.034118789628588705,0.036811985744129416,1435.0,12001.0,0.0023449147120479727,1.1097449678908089e-17,0.0,39812.0,0.0,0.0,0
0.03409545733735981,0.036811985744129416,1436.0,12001.0,0.0023215824208190745,9.251672627590727e-18,0.0,39812.0,0.0,0.0,0
0.03407235720630765,0.036811985744129416,1437.0,12001.0,0.0022984822897669155,5.742417492987347e-18,0.0,39812.0,0.0,0.0,0
0.03404948692539987,0.036811985744129416,1438.0,12001.0,0.002275612008859141,2.7800592624780017e-18,0.0,39812.0,0.0,0.0,0
0.034026844207589335,0.036811985744129416,1439.0,12001.0,0.0022529692910486046,2.005288648344788e-18,0.0,39812.0,0.0,0.0,0
0.034004426788585375,0.036811985744129416,1440.0,12001.0,0.0022305518720446517,-3.873853070666068e-19,0.0,39812.0,0.0,0.0,0
0.03398223242662744,0.036811985744129416,1441.0,12001.0,0.002208357510086705,1.1689921325009957e-17,0.0,39812.0,0.0,0.0,0
0.03396025890226081,0.036811985744129416,1442.0,12001.0,0.0021863839857200703,7.998367222375234e-18,0.0,39812.0,0.0,0.0,0
0.03393850401811473,0.036811985744129416,1443.0,12001.0,0.002164629101573998,6.927360785191086e-18,0.0,39812.0,0.0,0.0,0
0.03391696559868268,0.036811985744129416,1444.0,12001.0,0.0021430906821419487,1.2373542455127499e-17,0.0,39812.0,0.0,0.0,0
0.033895641490104766,0.036811985744129416,1445.0,12001.0,0.0021217665735640263,2.3220331052992488e-17,0.0,39812.0,0.0,0.0,0
0.03387452955995234,0.036811985744129416,1446.0,12001.0,0.0021006546434116044,1.7158890365950288e-17,0.0,39812.0,0.0,0.0,0
0.03385362769701481,0.036811985744129416,1447.0,12001.0,0.002079752780474079,1.2988801472233285e-17,0.0,39812.0,0.0,0.0,0
0.03383293381108847,0.036811985744129416,1448.0,12001.0,0.002059058894547733,1.4401618474476205e-17,0.0,39812.0,0.0,0.0,0
0.03381244583276747,0.036811985744129416,1449.0,12001.0,0.002038570916226728,1.6748717687879764e-17,0.0,39812.0,0.0,0.0,0
0.0337921617132369,0.036811985744129416,1450.0,12001.0,0.0020182867966961637,1.0163167467747448e-17,0.0,39812.0,0.0,0.0,0
0.03377207942406791,0.036811985744129416,1451.0,12001.0,0.0019982045075271774,4.375175232752265e-18,0.0,39812.0,0.0,0.0,0
0.033752196957014854,0.036811985744129416,1452.0,12001.0,0.001978322040474121,1.6748717687879764e-17,0.0,39812.0,0.0,0.0,0
0.03373251232381445,0.036811985744129416,1453.0,12001.0,0.001958637407273719,1.1143024420915925e-17,0.0,39812.0,0.0,0.0,0
0.03371302355598699,0.036811985744129416,1454.0,12001.0,0.0019391486394462452,2.4997745991298097e-17,0.0,39812.0,0.0,0.0,0
0.03369372870463941,0.036811985744129416,1455.0,12001.0,0.0019198537880986818,-8.431327271449676e-19,0.0,39812.0,0.0,0.0,0
0.03367462584027055,0.036811985744129416,1456.0,12001.0,0.0019007509237298095,1.1598771840994286e-17,0.0,39812.0,0.0,0.0,0
0.033655713052578015,0.036811985744129416,1457.0,12001.0,0.0018818381360372737,1.2396329826131417e-17,0.0,39812.0,0.0,0.0,0
0.03363698845026729,0.036811985744129416,1458.0,12001.0,0.0018631135337265482,2.0668145500553667e-17,0.0,39812.0,0.0,0.0,0
0.03361845016086253,0.036811985744129416,1459.0,12001.0,0.0018445752443217952,1.04821906618023e-17,0.0,39812.0,0.0,0.0,0
0.033600096330519365,0.036811985744129416,1460.0,12001.0,0.0018262214139786223,1.886794319124414e-17,0.0,39812.0,0.0,0.0,0
0.03358192512383944,0.036811985744129416,1461.0,12001.0,0.0018080502072987089,3.463680392595543e-18,0.0,39812.0,0.0,0.0,0
0.03356393472368697,0.036811985744129416,1462.0,12001.0,0.0017900598071462354,8.499689384461431e-18,0.0,39812.0,0.0,0.0,0
0.033546123331006934,0.036811985744129416,1463.0,12001.0,0.0017722484144661987,5.514543782948167e-18,0.0,39812.0,0.0,0.0,0
0.033528489164645216,0.036811985744129416,1464.0,12001.0,0.0017546142481044847,1.2920439359221532e-17,0.0,39812.0,0.0,0.0,0
0.03351103046117051,0.036811985744129416,1465.0,12001.0,0.001737155544629766,8.659200981488857e-18,0.0,39812.0,0.0,0.0,0
0.033493745474697884,0.036811985744129416,1466.0,12001.0,0.001719870558157147,1.2692565649182352e-17,0.0,39812.0,0.0,0.0,0
0.033476632476714306,0.036811985744129416,1467.0,12001.0,0.0017027575601735727,4.6714110558032e-18,0.0,39812.0,0.0,0.0,0
0.03345968975590571,0.036811985744129416,1468.0,12001.0,0.0016858148393649845,3.645979360626888e-18,0.0,39812.0,0.0,0.0,0
0.033442915617985916,0.036811985744129416,1469.0,12001.0,0.0016690407014451837,2.8256340044858377e-18,0.0,39812.0,0.0,0.0,0
0.03342630838552713,0.036811985744129416,1470.0,12001.0,0.001652433468986398,3.121869827536772e-18,0.0,39812.0,0.0,0.0,0
0.03340986639779228,0.036811985744129416,1471.0,12001.0,0.0016359914812515434,7.291958721253775e-18,0.0,39812.0,0.0,0.0,0
0.03339358801056888,0.036811985744129416,1472.0,12001.0,0.0016197130940281482,9.274459998594645e-18,0.0,39812.0,0.0,0.0,0
0.033377471596004654,0.036811985744129416,1473.0,12001.0,0.001603596679463916,3.1446571985406903e-18,0.0,39812.0,0.0,0.0,0
0.03336151554244471,0.036811985744129416,1474.0,12001.0,0.0015876406259039701,7.793280883339972e-18,0.0,39812.0,0.0,0.0,0
0.03334571825427039,0.036811985744129416,1475.0,12001.0,0.001571843337729649,1.6133458670773978e-17,0.0,39812.0,0.0,0.0,0
0.03333007815173972,0.036811985744129416,1476.0,12001.0,0.0015562032351989794,6.99572289820284e-18,0.0,39812.0,0.0,0.0,0
0.03331459367082941,0.036811985744129416,1477.0,12001.0,0.0015407187542886673,1.8981880046263734e-17,0.0,39812.0,0.0,0.0,0
0.03329926326307845,0.036811985744129416,1478.0,12001.0,0.0015253883465377194,4.101726780705248e-18,0.0,39812.0,0.0,0.0,0
0.033284085395433316,0.036811985744129416,1479.0,12001.0,0.0015102104788925887,-4.056152038697412e-18,0.0,39812.0,0.0,0.0,0
0.0332690585500946,0.036811985744129416,1480.0,12001.0,0.0014951836335538578,1.781972412506391e-17,0.0,39812.0,0.0,0.0,0
0.03325418122436521,0.036811985744129416,1481.0,12001.0,0.0014803063078244773,4.6714110558032e-18,0.0,39812.0,0.0,0.0,0
0.033239451930500194,0.036811985744129416,1482.0,12001.0,0.001465577013959464,9.684632676665169e-18,0.0,39812.0,0.0,0.0,0
0.03322486919555789,0.036811985744129416,1483.0,12001.0,0.0014509942790171704,-3.1446571985406903e-18,0.0,39812.0,0.0,0.0,0
0.03321043156125268,0.036811985744129416,1484.0,12001.0,0.0014365566447119425,8.841499949520202e-18,0.0,39812.0,0.0,0.0,0
0.03319613758380905,0.036811985744129416,1485.0,12001.0,0.0014222626672683234,9.479546337629907e-18,0.0,39812.0,0.0,0.0,0
0.03318198583381739,0.036811985744129416,1486.0,12001.0,0.001408110917276652,9.3428221116064e-18,0.0,39812.0,0.0,0.0,0
0.033167974896090864,0.036811985744129416,1487.0,12001.0,0.001394099979550138,-2.09643813236046e-18,0.0,39812.0,0.0,0.0,0
0.03315410336952407,0.036811985744129416,1488.0,12001.0,0.001380228452983334,1.4014233167409597e-17,0.0,39812.0,0.0,0.0,0
0.03314036986695276,0.036811985744129416,1489.0,12001.0,0.0013664949504120212,2.075929498456934e-17,0.0,39812.0,0.0,0.0,0
0.03312677301501523,0.036811985744129416,1490.0,12001.0,0.001352898098474498,2.0736507613565423e-18,0.0,39812.0,0.0,0.0,0
0.03311331145401497,0.036811985744129416,1491.0,12001.0,0.001339436537474244,-1.98250127734087e-18,0.0,39812.0,0.0,0.0,0
0.03309998383778468,0.036811985744129416,1492.0,12001.0,0.0013261089212439343,1.3148313069260713e-17,0.0,39812.0,0.0,0.0,0
0.033086788833551595,0.036811985744129416,1493.0,12001.0,0.0013129139170108474,1.9437627466342094e-17,0.0,39812.0,0.0,0.0,0
0.03307372512180429,0.036811985744129416,1494.0,12001.0,0.0012998502052635605,2.2103749873800506e-18,0.0,39812.0,0.0,0.0,0
0.033060791396160735,0.036811985744129416,1495.0,12001.0,0.0012869164796200092,2.438248697419231e-18,0.0,39812.0,0.0,0.0,0
0.03304798636323759,0.036811985744129416,1496.0,12001.0,0.0012741114466968558,2.666122407458411e-18,0.0,39812.0,0.0,0.0,0
0.033035308742520864,0.036811985744129416,1497.0,12001.0,0.0012614338259801336,3.8282783286582315e-18,0.0,39812.0,0.0,0.0,0
0.033022757266237934,0.036811985744129416,1498.0,12001.0,0.0012488823496972065,2.9851456015132638e-18,0.0,39812.0,0.0,0.0,0
0.033010330679230725,0.036811985744129416,1499.0,12001.0,0.001236455762689991,6.3804638810970526e-18,0.0,39812.0,0.0,0.0,0
0.032998027738830156,0.036811985744129416,1500.0,12001.0,0.001224152822289427,3.4181056505877067e-19,0.0,39812.0,0.0,0.0,0
0.03298584721473195,0.036811985744129416,1501.0,12001.0,0.0012119722981912217,1.4264894248452696e-17,0.0,39812.0,0.0,0.0,0
0.03297378788887355,0.036811985744129416,1502.0,12001.0,0.0011999129723328163,4.0333646676934944e-18,0.0,39812.0,0.0,0.0,0
0.032961848555312305,0.036811985744129416,1503.0,12001.0,0.0011879736387715727,8.499689384461431e-18,0.0,39812.0,0.0,0.0,0
0.032950028020104924,0.036811985744129416,1504.0,12001.0,0.0011761531035641931,6.7906365591675775e-18,0.0,39812.0,0.0,0.0,0
0.03293832510118803,0.036811985744129416,1505.0,12001.0,0.001164450184647297,5.514543782948167e-18,0.0,39812.0,0.0,0.0,0
0.032926738628259976,0.036811985744129416,1506.0,12001.0,0.0011528637117192444,1.0641702258829728e-17,0.0,39812.0,0.0,0.0,0
0.03291526744266382,0.036811985744129416,1507.0,12001.0,0.0011413925261230865,6.1753775420617905e-18,0.0,39812.0,0.0,0.0,0
0.032903910397271446,0.036811985744129416,1508.0,12001.0,0.001130035480730704,1.6133458670773978e-17,0.0,39812.0,0.0,0.0,0
0.032892666356368824,0.036811985744129416,1509.0,12001.0,0.001118791439828096,6.1753775420617905e-18,0.0,39812.0,0.0,0.0,0
0.03288153419554253,0.036811985744129416,1510.0,12001.0,0.0011076592790018008,3.532042505607297e-18,0.0,39812.0,0.0,0.0,0
0.032870512801567185,0.036811985744129416,1511.0,12001.0,0.0010966378850264524,2.2787371003918044e-18,0.0,39812.0,0.0,0.0,0
0.032859601072294214,0.036811985744129416,1512.0,12001.0,0.00108572615575348,1.424210687744878e-17,0.0,39812.0,0.0,0.0,0
0.0328487979165416,0.036811985744129416,1513.0,12001.0,0.0010749230000008556,1.1621559211998204e-17,0.0,39812.0,0.0,0.0,0
0.03283810225398474,0.036811985744129416,1514.0,12001.0,0.0010642273374440066,-6.380463881097053e-19,0.0,39812.0,0.0,0.0,0
0.0328275130150485,0.036811985744129416,1515.0,12001.0,0.001053638098507757,1.8457770513173617e-17,0.0,39812.0,0.0,0.0,0
0.03281702914080013,0.036811985744129416,1516.0,12001.0,0.0010431542242593935,1.7090528252938535e-17,0.0,39812.0,0.0,0.0,0
0.03280664958284348,0.036811985744129416,1517.0,12001.0,0.0010327746663027575,-8.317390416430087e-18,0.0,39812.0,0.0,0.0,0
0.03279637330321414,0.036811985744129416,1518.0,12001.0,0.0010224983866733966,2.1169467662639864e-17,0.0,39812.0,0.0,0.0,0
0.03278619927427552,0.036811985744129416,1519.0,12001.0,0.0010123243577347897,7.178021866234184e-18,0.0,39812.0,0.0,0.0,0
0.032776126478616295,0.036811985744129416,1520.0,12001.0,0.0010022515620755604,1.2396329826131417e-17,0.0,39812.0,0.0,0.0,0
0.032766153908948485,0.036811985744129416,1521.0,12001.0,0.0009922789924077535,5.036008991865888e-18,0.0,39812.0,0.0,0.0,0
0.032756280568006814,0.036811985744129416,1522.0,12001.0,0.0009824056514660885,6.312101768085299e-18,0.0,39812.0,0.0,0.0,0
0.03274650546844897,0.036811985744129416,1523.0,12001.0,0.0009726305519082451,1.04821906618023e-18,0.0,39812.0,0.0,0.0,0
0.03273682763275686,0.036811985744129416,1524.0,12001.0,0.0009629527162161174,1.631575763880532e-17,0.0,39812.0,0.0,0.0,0
0.032727246093138804,0.036811985744129416,1525.0,12001.0,0.0009533711765980776,2.461036068423149e-18,0.0,39812.0,0.0,0.0,0
0.032717759891432906,0.036811985744129416,1526.0,12001.0,0.0009438849748921747,-5.468969040940331e-19,0.0,39812.0,0.0,0.0,0
0.03270836807901106,0.036811985744129416,1527.0,12001.0,0.0009344931624703377,-7.291958721253775e-18,0.0,39812.0,0.0,0.0,0
0.03269906971668422,0.036811985744129416,1528.0,12001.0,0.0009251948001434915,1.1826645551033466e-17,0.0,39812.0,0.0,0.0,0
0.03268986387460839,0.036811985744129416,1529.0,12001.0,0.0009159889580676564,1.0664489629833645e-17,0.0,39812.0,0.0,0.0,0
0.0326807496321917,0.036811985744129416,1530.0,12001.0,0.0009068747156509567,2.228604884183185e-17,0.0,39812.0,0.0,0.0,0
0.03267172607800228,0.036811985744129416,1531.0,12001.0,0.000897851161461556,4.375175232752265e-18,0.0,39812.0,0.0,0.0,0
0.032662792309677245,0.036811985744129416,1532.0,12001.0,0.0008889173931365127,9.388396853614234e-18,0.0,39812.0,0.0,0.0,0
0.03265394743383228,0.036811985744129416,1533.0,12001.0,0.0008800725172915463,5.605693266963839e-18,0.0,39812.0,0.0,0.0,0
0.03264519056597245,0.036811985744129416,1534.0,12001.0,0.0008713156494317057,8.454114642453595e-18,0.0,39812.0,0.0,0.0,0
0.03263652083040364,0.036811985744129416,1535.0,12001.0,0.0008626459138629104,1.4356043732468368e-18,0.0,39812.0,0.0,0.0,0
0.032627937360145104,0.036811985744129416,1536.0,12001.0,0.0008540624436043733,5.104371104877642e-18,0.0,39812.0,0.0,0.0,0
0.032619439296842655,0.036811985744129416,1537.0,12001.0,0.0008455643803019187,6.357676510093134e-18,0.0,39812.0,0.0,0.0,0
0.03261102579068286,0.036811985744129416,1538.0,12001.0,0.0008371508741421335,-4.4435373457640186e-18,0.0,39812.0,0.0,0.0,0
0.03260269600030812,0.036811985744129416,1539.0,12001.0,0.0008288210837673914,1.421931950644486e-17,0.0,39812.0,0.0,0.0,0
0.03259444909273245,0.036811985744129416,1540.0,12001.0,0.0008205741761917097,1.8776793707228468e-17,0.0,39812.0,0.0,0.0,0
0.032586284243258205,0.036811985744129416,1541.0,12001.0,0.000812409326717463,1.4082595280421354e-17,0.0,39812.0,0.0,0.0,0
0.032578200635393635,0.036811985744129416,1542.0,12001.0,0.0008043257188528987,1.1256961275935514e-17,0.0,39812.0,0.0,0.0,0
0.03257019746077123,0.036811985744129416,1543.0,12001.0,0.0007963225442304914,1.0573340145817973e-17,0.0,39812.0,0.0,0.0,0
0.03256227391906684,0.036811985744129416,1544.0,12001.0,0.0007883990025261137,4.1017267807052483e-19,0.0,39812.0,0.0,0.0,0
0.03255442921791972,0.036811985744129416,1545.0,12001.0,0.0007805543013789874,1.1416472872962942e-17,0.0,39812.0,0.0,0.0,0
0.03254666257285319,0.036811985744129416,1546.0,12001.0,0.0007727876563124654,2.962358230509346e-18,0.0,39812.0,0.0,0.0,0
0.03253897320719631,0.036811985744129416,1547.0,12001.0,0.0007650982906555648,1.9186966385298996e-17,0.0,39812.0,0.0,0.0,0
0.03253136035200605,0.036811985744129416,1548.0,12001.0,0.0007574854354653154,8.659200981488857e-18,0.0,39812.0,0.0,0.0,0
0.032523823245990596,0.036811985744129416,1549.0,12001.0,0.0007499483294498529,2.237719832584752e-17,0.0,39812.0,0.0,0.0,0
0.03251636113543302,0.036811985744129416,1550.0,12001.0,0.0007424862188922928,-5.628480637967757e-18,0.0,39812.0,0.0,0.0,0
0.032508973274116094,0.036811985744129416,1551.0,12001.0,0.0007350983575753608,4.397962603756183e-18,0.0,39812.0,0.0,0.0,0
0.032501658923247516,0.036811985744129416,1552.0,12001.0,0.0007277840067067736,1.8047597835103093e-17,0.0,39812.0,0.0,0.0,0
0.03249441735138608,0.036811985744129416,1553.0,12001.0,0.0007205424348453448,8.841499949520202e-18,0.0,39812.0,0.0,0.0,0
0.032487247834368585,0.036811985744129416,1554.0,12001.0,0.0007133729178278549,4.397962603756183e-18,0.0,39812.0,0.0,0.0,0
0.032480149655237364,0.036811985744129416,1555.0,12001.0,0.0007062747386966263,1.6224608154789647e-17,0.0,39812.0,0.0,0.0,0
0.03247312210416858,0.036811985744129416,1556.0,12001.0,0.0006992471876278321,1.8161534690122682e-17,0.0,39812.0,0.0,0.0,0
0.03246616447840125,0.036811985744129416,1557.0,12001.0,0.0006922895618605104,1.1211386533927678e-17,0.0,39812.0,0.0,0.0,0
0.03245927608216702,0.036811985744129416,1558.0,12001.0,0.0006854011656262815,1.1644346583002122e-17,0.0,39812.0,0.0,0.0,0
0.032452456226620525,0.036811985744129416,1559.0,12001.0,0.0006785813100797845,1.7546275673016896e-17,0.0,39812.0,0.0,0.0,0
0.032445704229770514,0.036811985744129416,1560.0,12001.0,0.0006718293132297849,3.96500255468174e-18,0.0,39812.0,0.0,0.0,0
0.032439019416411696,0.036811985744129416,1561.0,12001.0,0.0006651444998709649,9.274459998594645e-18,0.0,39812.0,0.0,0.0,0
0.032432401118057154,0.036811985744129416,1562.0,12001.0,0.0006585262015164224,9.844144273692596e-18,0.0,39812.0,0.0,0.0,0
0.03242584867287154,0.036811985744129416,1563.0,12001.0,0.000651973756330807,1.2441904568139254e-17,0.0,39812.0,0.0,0.0,0
0.03241936142560487,0.036811985744129416,1564.0,12001.0,0.0006454865090641367,1.2646990907174516e-17,0.0,39812.0,0.0,0.0,0
0.032412938727527006,0.036811985744129416,1565.0,12001.0,0.0006390638109862792,-4.7397731688149534e-18,0.0,39812.0,0.0,0.0,0
0.032406579936362805,0.036811985744129416,1566.0,12001.0,0.0006327050198220738,7.246383979245939e-18,0.0,39812.0,0.0,0.0,0
0.03240028441622785,0.036811985744129416,1567.0,12001.0,0.0006264094996871084,2.167078982472606e-17,0.0,39812.0,0.0,0.0,0
0.03239405153756486,0.036811985744129416,1568.0,12001.0,0.000620176621024122,1.9756650660396946e-17,0.0,39812.0,0.0,0.0,0
0.032387880677080795,0.036811985744129416,1569.0,12001.0,0.0006140057605400524,1.5586561766679944e-17,0.0,39812.0,0.0,0.0,0
0.032381771217684444,0.036811985744129416,1570.0,12001.0,0.0006078963011437106,-8.887074691528037e-19,0.0,39812.0,0.0,0.0,0
0.03237572254842479,0.036811985744129416,1571.0,12001.0,0.0006018476318840659,-5.468969040940331e-18,0.0,39812.0,0.0,0.0,0
0.03236973406442988,0.036811985744129416,1572.0,12001.0,0.0005958591478891483,7.565407173300792e-18,0.0,39812.0,0.0,0.0,0
0.0323638051668463,0.036811985744129416,1573.0,12001.0,0.0005899302503055727,2.1875876163761324e-18,0.0,39812.0,0.0,0.0,0
0.032357935262779365,0.036811985744129416,1574.0,12001.0,0.0005840603462386384,-1.8457770513173616e-18,0.0,39812.0,0.0,0.0,0
0.032352123765233776,0.036811985744129416,1575.0,12001.0,0.0005782488486930428,9.866931644696514e-18,0.0,39812.0,0.0,0.0,0
0.03234637009305493,0.036811985744129416,1576.0,12001.0,0.0005724951765141963,1.0094805354735695e-17,0.0,39812.0,0.0,0.0,0
0.03234067367087081,0.036811985744129416,1577.0,12001.0,0.0005667987543300812,-6.539975478124479e-18,0.0,39812.0,0.0,0.0,0
0.032335033929034473,0.036811985744129416,1578.0,12001.0,0.0005611590124937306,1.1872220293041302e-17,0.0,39812.0,0.0,0.0,0
0.03232945030356701,0.036811985744129416,1579.0,12001.0,0.0005555753870262663,8.499689384461431e-18,0.0,39812.0,0.0,0.0,0
0.03232392223610123,0.036811985744129416,1580.0,12001.0,0.0005500473195604846,1.21228813740844e-17,0.0,39812.0,0.0,0.0,0
0.032318449173825765,0.036811985744129416,1581.0,12001.0,0.0005445742572850363,4.4435373457640186e-18,0.0,39812.0,0.0,0.0,0
0.03231303056942986,0.036811985744129416,1582.0,12001.0,0.0005391556528891242,7.633769286312545e-18,0.0,39812.0,0.0,0.0,0
0.03230766588104853,0.036811985744129416,1583.0,12001.0,0.0005337909645078016,3.85106569966215e-18,0.0,39812.0,0.0,0.0,0
0.032302354572208494,0.036811985744129416,1584.0,12001.0,0.0005284796556677578,1.0322679064774875e-17,0.0,39812.0,0.0,0.0,0
0.03229709611177442,0.036811985744129416,1585.0,12001.0,0.0005232211952336801,1.911860427228724e-17,0.0,39812.0,0.0,0.0,0
0.032291889973895885,0.036811985744129416,1586.0,12001.0,0.0005180150573551476,1.51536017176055e-17,0.0,39812.0,0.0,0.0,0
0.03228673563795477,0.036811985744129416,1587.0,12001.0,0.0005128607214140311,6.608337591136233e-18,0.0,39812.0,0.0,0.0,0
0.03228163258851317,0.036811985744129416,1588.0,12001.0,0.0005077576719724393,9.320034740602481e-18,0.0,39812.0,0.0,0.0,0
0.032276580315261906,0.036811985744129416,1589.0,12001.0,0.0005027053987211777,5.83356697700302e-18,0.0,39812.0,0.0,0.0,0
0.03227157831296945,0.036811985744129416,1590.0,12001.0,0.0004977033964287108,1.2031731890068728e-17,0.0,39812.0,0.0,0.0,0
0.032266626081431375,0.036811985744129416,1591.0,12001.0,0.0004927511648906409,6.380463881097053e-19,0.0,39812.0,0.0,0.0,0
0.032261723125420416,0.036811985744129416,1592.0,12001.0,0.0004878482088796894,-4.580261571787527e-18,0.0,39812.0,0.0,0.0,0
0.0322568689546369,0.036811985744129416,1593.0,12001.0,0.0004829940380961633,6.653912333144069e-18,0.0,39812.0,0.0,0.0,0
0.03225206308365969,0.036811985744129416,1594.0,12001.0,0.00047818816711894644,1.4150957393433107e-17,0.0,39812.0,0.0,0.0,0
0.03224730503189766,0.036811985744129416,1595.0,12001.0,0.0004734301153569343,1.1621559211998204e-18,0.0,39812.0,0.0,0.0,0
0.032242594323541714,0.036811985744129416,1596.0,12001.0,0.0004687194070009813,1.3717997344358664e-17,0.0,39812.0,0.0,0.0,0
0.03223793048751706,0.036811985744129416,1597.0,12001.0,0.00046405557097633165,4.30681311974051e-18,0.0,39812.0,0.0,0.0,0
0.032233313057436215,0.036811985744129416,1598.0,12001.0,0.00045943814089549005,-6.6766997041479874e-18,0.0,39812.0,0.0,0.0,0
0.032228741571552345,0.036811985744129416,1599.0,12001.0,0.000454866655011608,1.4857365894554566e-17,0.0,39812.0,0.0,0.0,0
0.03222421557271301,0.036811985744129416,1600.0,12001.0,0.00045034065617228337,-5.628480637967757e-18,0.0,39812.0,0.0,0.0,0
0.0322197346083146,0.036811985744129416,1601.0,12001.0,0.0004458596917738604,1.246469193914317e-17,0.0,39812.0,0.0,0.0,0
0.03221529823025689,0.036811985744129416,1602.0,12001.0,0.00044142331371616517,-3.8282783286582315e-18,0.0,39812.0,0.0,0.0,0
0.032210905994898426,0.036811985744129416,1603.0,12001.0,0.00043703107835769647,7.7021313993243e-18,0.0,39812.0,0.0,0.0,0
0.03220655746301199,0.036811985744129416,1604.0,12001.0,0.0004326825464712559,2.2787371003918044e-18,0.0,39812.0,0.0,0.0,0
0.03220225219974077,0.036811985744129416,1605.0,12001.0,0.00042837728320003257,1.3695209973354746e-17,0.0,39812.0,0.0,0.0,0
0.032197989774554854,0.036811985744129416,1606.0,12001.0,0.00042411485801411544,1.9164179014295076e-17,0.0,39812.0,0.0,0.0,0
0.03219376976120817,0.036811985744129416,1607.0,12001.0,0.00041989484466742615,2.1602427711714308e-17,0.0,39812.0,0.0,0.0,0
0.03218959173769585,0.036811985744129416,1608.0,12001.0,0.0004157168211551182,1.5951159702742632e-17,0.0,39812.0,0.0,0.0,0
0.03218545528621209,0.036811985744129416,1609.0,12001.0,0.0004115803696713577,4.876497394838462e-18,0.0,39812.0,0.0,0.0,0
0.03218135999310828,0.036811985744129416,1610.0,12001.0,0.0004074850765675483,9.775782160680842e-18,0.0,39812.0,0.0,0.0,0
0.032177305448851695,0.036811985744129416,1611.0,12001.0,0.00040343053231096845,5.651268008971675e-18,0.0,39812.0,0.0,0.0,0
0.03217329124798455,0.036811985744129416,1612.0,12001.0,0.0003994163314438117,1.0869575968868908e-17,0.0,39812.0,0.0,0.0,0
0.032169316989083374,0.036811985744129416,1613.0,12001.0,0.00039544207254264867,-5.719630121983429e-18,0.0,39812.0,0.0,0.0,0
0.03216538227471901,0.036811985744129416,1614.0,12001.0,0.00039150735817827646,1.1143024420915925e-17,0.0,39812.0,0.0,0.0,0
0.03216148671141671,0.036811985744129416,1615.0,12001.0,0.00038761179487597895,1.0504978032806219e-17,0.0,39812.0,0.0,0.0,0
0.03215762990961691,0.036811985744129416,1616.0,12001.0,0.0003837549930761801,7.064085011214593e-18,0.0,39812.0,0.0,0.0,0
0.032153811483636226,0.036811985744129416,1617.0,12001.0,0.00037993656709548504,1.560934913768386e-17,0.0,39812.0,0.0,0.0,0
0.03215003105162885,0.036811985744129416,1618.0,12001.0,0.00037615613508811403,9.958081128712186e-18,0.0,39812.0,0.0,0.0,0
0.03214628823554845,0.036811985744129416,1619.0,12001.0,0.00037241331900771715,6.380463881097053e-19,0.0,39812.0,0.0,0.0,0
0.032142582661110294,0.036811985744129416,1620.0,12001.0,0.00036870774456956667,9.092161030563301e-18,0.0,39812.0,0.0,0.0,0
0.03213891395775386,0.036811985744129416,1621.0,12001.0,0.00036503904121313013,6.745061817159741e-18,0.0,39812.0,0.0,0.0,0
0.03213528175860575,0.036811985744129416,1622.0,12001.0,0.0003614068420650165,6.836211301175414e-18,0.0,39812.0,0.0,0.0,0
0.032131685700443016,0.036811985744129416,1623.0,12001.0,0.00035781078390228056,9.479546337629907e-18,0.0,39812.0,0.0,0.0,0
0.032128125423656846,0.036811985744129416,1624.0,12001.0,0.0003542505071161116,1.364963523134691e-17,0.0,39812.0,0.0,0.0,0
0.032124600572216604,0.036811985744129416,1625.0,12001.0,0.0003507256556758653,1.2373542455127499e-17,0.0,39812.0,0.0,0.0,0
0.032121110793634194,0.036811985744129416,1626.0,12001.0,0.0003472358770934577,1.503966486258591e-17,0.0,39812.0,0.0,0.0,0
0.03211765573892885,0.036811985744129416,1627.0,12001.0,0.000343780822388126,-2.1648002453722142e-18,0.0,39812.0,0.0,0.0,0
0.032114235062592256,0.036811985744129416,1628.0,12001.0,0.00034036014605151425,1.795644835108742e-17,0.0,39812.0,0.0,0.0,0
0.032110848422553885,0.036811985744129416,1629.0,12001.0,0.00033697350601314514,1.6520843977840582e-17,0.0,39812.0,0.0,0.0,0
0.03210749548014692,0.036811985744129416,1630.0,12001.0,0.0003336205636061907,3.4181056505877067e-19,0.0,39812.0,0.0,0.0,0
0.032104175900074354,0.036811985744129416,1631.0,12001.0,0.00033030098353361133,1.9392052724334258e-17,0.0,39812.0,0.0,0.0,0
0.032100889350375375,0.036811985744129416,1632.0,12001.0,0.0003270144338346396,9.889719015700431e-18,0.0,39812.0,0.0,0.0,0
0.032097635502392294,0.036811985744129416,1633.0,12001.0,0.00032376058585156277,2.461036068423149e-18,0.0,39812.0,0.0,0.0,0
0.0320944140307376,0.036811985744129416,1634.0,12001.0,0.00032053911419687223,-4.397962603756183e-18,0.0,39812.0,0.0,0.0,0
0.03209122461326145,0.036811985744129416,1635.0,12001.0,0.000317349696720719,4.8309226528306254e-18,0.0,39812.0,0.0,0.0,0
0.032088066931019434,0.036811985744129416,1636.0,12001.0,0.00031419201447869616,1.4150957393433107e-17,0.0,39812.0,0.0,0.0,0
0.032084940668240684,0.036811985744129416,1637.0,12001.0,0.00031106575169995084,4.8537100238345436e-18,0.0,39812.0,0.0,0.0,0
0.03208184551229633,0.036811985744129416,1638.0,12001.0,0.0003079705957555952,1.3011588843237204e-17,0.0,39812.0,0.0,0.0,0
0.0320787811536682,0.036811985744129416,1639.0,12001.0,0.00030490623712745995,1.1393685501959022e-18,0.0,39812.0,0.0,0.0,0
0.032075747285917854,0.036811985744129416,1640.0,12001.0,0.0003018723693771251,-3.3269561665720346e-18,0.0,39812.0,0.0,0.0,0
0.032072743605656026,0.036811985744129416,1641.0,12001.0,0.0002988686891152909,1.4196532135440943e-17,0.0,39812.0,0.0,0.0,0
0.03206976981251217,0.036811985744129416,1642.0,12001.0,0.0002958948959714257,1.2852077246209778e-17,0.0,39812.0,0.0,0.0,0
0.03206682560910447,0.036811985744129416,1643.0,12001.0,0.00029295069256373915,6.357676510093134e-18,0.0,39812.0,0.0,0.0,0
0.03206391070101016,0.036811985744129416,1644.0,12001.0,0.00029003578446943213,1.2077306632076564e-18,0.0,39812.0,0.0,0.0,0
0.03206102479673601,0.036811985744129416,1645.0,12001.0,0.0002871498801952704,9.639057934657333e-18,0.0,39812.0,0.0,0.0,0
0.032058167607689154,0.036811985744129416,1646.0,12001.0,0.00028429269114842116,1.3490123634319482e-17,0.0,39812.0,0.0,0.0,0
0.03205533884814834,0.036811985744129416,1647.0,12001.0,0.0002814639316075982,1.4128170022429187e-17,0.0,39812.0,0.0,0.0,0
0.032052538235235226,0.036811985744129416,1648.0,12001.0,0.00027866331869448845,1.6953804026915026e-17,0.0,39812.0,0.0,0.0,0
0.0320497654888862,0.036811985744129416,1649.0,12001.0,0.0002758905723454704,6.972935527198922e-18,0.0,39812.0,0.0,0.0,0
0.032047020331824334,0.036811985744129416,1650.0,12001.0,0.00027314541528359747,9.411184224618152e-18,0.0,39812.0,0.0,0.0,0
0.03204430248953161,0.036811985744129416,1651.0,12001.0,0.00027042757299087323,1.7865298867071747e-17,0.0,39812.0,0.0,0.0,0
0.032041611690221544,0.036811985744129416,1652.0,12001.0,0.0002677367736808041,1.0049230612727858e-17,0.0,39812.0,0.0,0.0,0
0.032038947664811954,0.036811985744129416,1653.0,12001.0,0.00026507274827121825,1.7090528252938535e-17,0.0,39812.0,0.0,0.0,0
0.032036310146898096,0.036811985744129416,1654.0,12001.0,0.0002624352303573545,2.1875876163761323e-17,0.0,39812.0,0.0,0.0,0
0.03203369887272595,0.036811985744129416,1655.0,12001.0,0.0002598239561852242,-3.1446571985406903e-18,0.0,39812.0,0.0,0.0,0
0.03203111358116596,0.036811985744129416,1656.0,12001.0,0.0002572386646252319,-7.93000510936348e-18,0.0,39812.0,0.0,0.0,0
0.0320285540136868,0.036811985744129416,1657.0,12001.0,0.0002546790971460695,1.0231529580759202e-17,0.0,39812.0,0.0,0.0,0
0.03202601991432959,0.036811985744129416,1658.0,12001.0,0.0002521449977888563,9.228885256586808e-18,0.0,39812.0,0.0,0.0,0
0.03202351102968228,0.036811985744129416,1659.0,12001.0,0.0002496361131415378,1.6498056606836665e-17,0.0,39812.0,0.0,0.0,0
0.0320210271088543,0.036811985744129416,1660.0,12001.0,0.0002471521923135692,9.228885256586808e-18,0.0,39812.0,0.0,0.0,0
0.03201856790345153,0.036811985744129416,1661.0,12001.0,0.0002446929869107929,1.1165811791919842e-17,0.0,39812.0,0.0,0.0,0
0.03201613316755135,0.036811985744129416,1662.0,12001.0,0.00024225825101061772,4.89928476584238e-18,0.0,39812.0,0.0,0.0,0
0.032013722657678156,0.036811985744129416,1663.0,12001.0,0.00023984774113742588,8.15787881940266e-18,0.0,39812.0,0.0,0.0,0
0.03201133613277896,0.036811985744129416,1664.0,12001.0,0.0002374612162382217,1.934647798232642e-17,0.0,39812.0,0.0,0.0,0
0.03200897335419927,0.036811985744129416,1665.0,12001.0,0.00023509843765852652,1.246469193914317e-17,0.0,39812.0,0.0,0.0,0
0.03200663408565925,0.036811985744129416,1666.0,12001.0,0.00023275916911851512,1.0915150710876743e-17,0.0,39812.0,0.0,0.0,0
0.03200431809323011,0.036811985744129416,1667.0,12001.0,0.00023044317668937883,1.3763572086366499e-17,0.0,39812.0,0.0,0.0,0
0.03200202514531069,0.036811985744129416,1668.0,12001.0,0.0002281502287699493,1.096072545288458e-17,0.0,39812.0,0.0,0.0,0
0.03199975501260426,0.036811985744129416,1669.0,12001.0,0.00022588009606352405,1.9095816901283323e-17,0.0,39812.0,0.0,0.0,0
0.031997507468095675,0.036811985744129416,1670.0,12001.0,0.00022363255155493852,4.4435373457640186e-18,0.0,39812.0,0.0,0.0,0
0.03199528228702861,0.036811985744129416,1671.0,12001.0,0.00022140737048786924,1.5085239604593747e-17,0.0,39812.0,0.0,0.0,0
0.031993079246883084,0.036811985744129416,1672.0,12001.0,0.00021920433034235514,-5.696842750979511e-19,0.0,39812.0,0.0,0.0,0
0.03199089812735328,0.036811985744129416,1673.0,12001.0,0.00021702321081254727,4.55747420078361e-19,0.0,39812.0,0.0,0.0,0
0.031988738710325405,0.036811985744129416,1674.0,12001.0,0.00021486379378467214,1.0231529580759202e-17,0.0,39812.0,0.0,0.0,0
0.03198660077985596,0.036811985744129416,1675.0,12001.0,0.00021272586331523083,1.1165811791919842e-18,0.0,39812.0,0.0,0.0,0
0.031984484122150124,0.036811985744129416,1676.0,12001.0,0.00021060920560939098,5.01322162086197e-18,0.0,39812.0,0.0,0.0,0
0.03198238852554036,0.036811985744129416,1677.0,12001.0,0.0002085136089996219,9.228885256586808e-18,0.0,39812.0,0.0,0.0,0
0.03198031378046525,0.036811985744129416,1678.0,12001.0,0.00020643886392451567,5.651268008971675e-18,0.0,39812.0,0.0,0.0,0
0.03197825967944857,0.036811985744129416,1679.0,12001.0,0.00020438476290783383,1.0755639113849317e-17,0.0,39812.0,0.0,0.0,0
0.0319762260170785,0.036811985744129416,1680.0,12001.0,0.0002023511005377642,1.4287681619456616e-17,0.0,39812.0,0.0,0.0,0
0.03197421258998711,0.036811985744129416,1681.0,12001.0,0.0002003376734463737,9.183310514578972e-18,0.0,39812.0,0.0,0.0,0
0.03197221919683,0.036811985744129416,1682.0,12001.0,0.00019834428028927818,-3.0990824565328543e-18,0.0,39812.0,0.0,0.0,0
0.03197024563826624,0.036811985744129416,1683.0,12001.0,0.00019637072172549736,2.1260617146655536e-17,0.0,39812.0,0.0,0.0,0
0.03196829171693827,0.036811985744129416,1684.0,12001.0,0.00019441680039753435,2.962358230509346e-18,0.0,39812.0,0.0,0.0,0
0.03196635723745235,0.036811985744129416,1685.0,12001.0,0.00019248232091162372,7.018510269206759e-18,0.0,39812.0,0.0,0.0,0
0.03196444200635894,0.036811985744129416,1686.0,12001.0,0.00019056708981820612,8.704775723496693e-18,0.0,39812.0,0.0,0.0,0
0.0319625458321333,0.036811985744129416,1687.0,12001.0,0.0001886709155925788,2.1192255033643783e-18,0.0,39812.0,0.0,0.0,0
0.031960668525156465,0.036811985744129416,1688.0,12001.0,0.00018679360861573416,3.1902319405485263e-19,0.0,39812.0,0.0,0.0,0
0.031958809897696144,0.036811985744129416,1689.0,12001.0,0.00018493498115541515,-3.554829876611215e-18,0.0,39812.0,0.0,0.0,0
0.03195696976388805,0.036811985744129416,1690.0,12001.0,0.00018309484734732582,3.896640441669986e-18,0.0,39812.0,0.0,0.0,0
0.031955147939717286,0.036811985744129416,1691.0,12001.0,0.00018127302317654957,3.053507714525018e-18,0.0,39812.0,0.0,0.0,0
0.031953344242999886,0.036811985744129416,1692.0,12001.0,0.0001794693264591512,1.5768860734711287e-17,0.0,39812.0,0.0,0.0,0
0.031951558493364694,0.036811985744129416,1693.0,12001.0,0.00017768357682395697,5.2638827019050686e-18,0.0,39812.0,0.0,0.0,0
0.03194979051223526,0.036811985744129416,1694.0,12001.0,0.0001759155956945177,1.2145668745088319e-17,0.0,39812.0,0.0,0.0,0
0.03194804012281197,0.036811985744129416,1695.0,12001.0,0.00017416520627124463,7.7021313993243e-18,0.0,39812.0,0.0,0.0,0
0.03194630715005447,0.036811985744129416,1696.0,12001.0,0.00017243223351373415,1.5518199653668188e-17,0.0,39812.0,0.0,0.0,0
0.031944591420664005,0.036811985744129416,1697.0,12001.0,0.00017071650412326915,1.5837222847723043e-17,0.0,39812.0,0.0,0.0,0
0.03194289276306622,0.036811985744129416,1698.0,12001.0,0.0001690178465254814,1.7455126189001223e-17,0.0,39812.0,0.0,0.0,0
0.03194121100739392,0.036811985744129416,1699.0,12001.0,0.000167336090853195,7.474257689285119e-18,0.0,39812.0,0.0,0.0,0
0.031939545985470164,0.036811985744129416,1700.0,12001.0,0.0001656710689294426,-5.6740553799755935e-18,0.0,39812.0,0.0,0.0,0
0.031937897530791376,0.036811985744129416,1701.0,12001.0,0.0001640226142506414,8.887074691528037e-18,0.0,39812.0,0.0,0.0,0
0.03193626547851068,0.036811985744129416,1702.0,12001.0,0.00016239056196995245,2.09643813236046e-18,0.0,39812.0,0.0,0.0,0
0.03193464966542152,0.036811985744129416,1703.0,12001.0,0.00016077474888078437,3.3725309085798706e-18,0.0,39812.0,0.0,0.0,0
0.03193304992994122,0.036811985744129416,1704.0,12001.0,0.00015917501340048372,5.2638827019050686e-18,0.0,39812.0,0.0,0.0,0
0.0319314661120949,0.036811985744129416,1705.0,12001.0,0.00015759119555417174,3.85106569966215e-18,0.0,39812.0,0.0,0.0,0
0.03192989805349948,0.036811985744129416,1706.0,12001.0,0.00015602313695874093,1.574607336370737e-17,0.0,39812.0,0.0,0.0,0
0.03192834559734776,0.036811985744129416,1707.0,12001.0,0.00015447068080702572,5.605693266963839e-18,0.0,39812.0,0.0,0.0,0
0.03192680858839285,0.036811985744129416,1708.0,12001.0,0.00015293367185211553,1.3079950956248958e-17,0.0,39812.0,0.0,0.0,0
0.031925286872932564,0.036811985744129416,1709.0,12001.0,0.00015141195639183653,-2.3698865844074767e-18,0.0,39812.0,0.0,0.0,0
0.031923780298794106,0.036811985744129416,1710.0,12001.0,0.00014990538225337499,4.489112087771855e-18,0.0,39812.0,0.0,0.0,0
0.03192228871531879,0.036811985744129416,1711.0,12001.0,0.00014841379877806067,5.24109533090115e-18,0.0,39812.0,0.0,0.0,0
0.031920811973347035,0.036811985744129416,1712.0,12001.0,0.00014693705680629974,2.3015244713957226e-18,0.0,39812.0,0.0,0.0,0
0.03191934992520341,0.036811985744129416,1713.0,12001.0,0.00014547500866266864,1.1165811791919842e-17,0.0,39812.0,0.0,0.0,0
0.03191790242468187,0.036811985744129416,1714.0,12001.0,0.0001440275081411351,1.0687277000837563e-17,0.0,39812.0,0.0,0.0,0
0.031916469327031176,0.036811985744129416,1715.0,12001.0,0.00014259441049043793,1.1393685501959023e-17,0.0,39812.0,0.0,0.0,0
0.031915050488940354,0.036811985744129416,1716.0,12001.0,0.0001411755723996195,1.841219577116578e-17,0.0,39812.0,0.0,0.0,0
0.03191364576852442,0.036811985744129416,1717.0,12001.0,0.00013977085198368594,1.1826645551033466e-17,0.0,39812.0,0.0,0.0,0
0.031912255025310164,0.036811985744129416,1718.0,12001.0,0.0001383801087694261,5.879141719010856e-18,0.0,39812.0,0.0,0.0,0
0.031910878120222086,0.036811985744129416,1719.0,12001.0,0.00013700320368136273,-2.7800592624780017e-18,0.0,39812.0,0.0,0.0,0
0.03190951491556857,0.036811985744129416,1720.0,12001.0,0.00013563999902783657,1.0049230612727858e-17,0.0,39812.0,0.0,0.0,0
0.03190816527502798,0.036811985744129416,1721.0,12001.0,0.00013429035848724753,7.428682947277283e-18,0.0,39812.0,0.0,0.0,0
0.03190682906363514,0.036811985744129416,1722.0,12001.0,0.00013295414709441528,1.9141391643291158e-18,0.0,39812.0,0.0,0.0,0
0.031905506147767826,0.036811985744129416,1723.0,12001.0,0.0001316312312270892,6.517188107120561e-18,0.0,39812.0,0.0,0.0,0
0.031904196395133304,0.036811985744129416,1724.0,12001.0,0.00013032147859257687,6.152590171057873e-19,0.0,39812.0,0.0,0.0,0
0.031902899674755264,0.036811985744129416,1725.0,12001.0,0.00012902475821452772,5.218307959897232e-18,0.0,39812.0,0.0,0.0,0
0.031901615856960545,0.036811985744129416,1726.0,12001.0,0.00012774094041981873,1.3900296312390008e-18,0.0,39812.0,0.0,0.0,0
0.03190034481336633,0.036811985744129416,1727.0,12001.0,0.00012646989682560375,-6.471613365112725e-18,0.0,39812.0,0.0,0.0,0
0.031899086416867194,0.036811985744129416,1728.0,12001.0,0.0001252115003264637,-4.284025748736593e-18,0.0,39812.0,0.0,0.0,0
0.03189784054162244,0.036811985744129416,1729.0,12001.0,0.00012396562508169815,1.3307824666288138e-17,0.0,39812.0,0.0,0.0,0
0.031896607063043474,0.036811985744129416,1730.0,12001.0,0.00012273214650274935,-5.104371104877642e-18,0.0,39812.0,0.0,0.0,0
0.03189538585778147,0.036811985744129416,1731.0,12001.0,0.00012151094124072201,2.2810158374921964e-17,0.0,39812.0,0.0,0.0,0
0.03189417680371482,0.036811985744129416,1732.0,12001.0,0.00012030188717408485,1.3171100440264631e-17,0.0,39812.0,0.0,0.0,0
0.031892979779937145,0.036811985744129416,1733.0,12001.0,0.00011910486339641176,6.3804638810970526e-18,0.0,39812.0,0.0,0.0,0
0.03189179466674506,0.036811985744129416,1734.0,12001.0,0.00011791975020433662,9.114948401567219e-20,0.0,39812.0,0.0,0.0,0
0.03189062134562628,0.036811985744129416,1735.0,12001.0,0.00011674642908554664,7.178021866234184e-18,0.0,39812.0,0.0,0.0,0
0.03188945969924769,0.036811985744129416,1736.0,12001.0,0.00011558478270695568,4.511899458775773e-18,0.0,39812.0,0.0,0.0,0
0.03188830961144368,0.036811985744129416,1737.0,12001.0,0.00011443469490295226,-8.704775723496693e-18,0.0,39812.0,0.0,0.0,0
0.03188717096720453,0.036811985744129416,1738.0,12001.0,0.00011329605066380598,8.431327271449676e-19,0.0,39812.0,0.0,0.0,0
0.031886043652664876,0.036811985744129416,1739.0,12001.0,0.00011216873612413742,1.738676407598947e-17,0.0,39812.0,0.0,0.0,0
0.0318849275550923,0.036811985744129416,1740.0,12001.0,0.00011105263855155853,1.4173744764437023e-17,0.0,39812.0,0.0,0.0,0
0.03188382256287611,0.036811985744129416,1741.0,12001.0,0.00010994764633537572,1.6748717687879764e-17,0.0,39812.0,0.0,0.0,0
0.031882728565516195,0.036811985744129416,1742.0,12001.0,0.00010885364897545051,2.42457627481688e-17,0.0,39812.0,0.0,0.0,0
0.03188164545361188,0.036811985744129416,1743.0,12001.0,0.00010777053707113705,1.2692565649182352e-17,0.0,39812.0,0.0,0.0,0
0.03188057311885107,0.036811985744129416,1744.0,12001.0,0.00010669820231033838,1.342176152130773e-17,0.0,39812.0,0.0,0.0,0
0.03187951145399942,0.036811985744129416,1745.0,12001.0,0.00010563653745868395,7.542619802296874e-18,0.0,39812.0,0.0,0.0,0
0.03187846035288954,0.036811985744129416,1746.0,12001.0,0.00010458543634880818,1.2487479310147088e-17,0.0,39812.0,0.0,0.0,0
0.03187741971041045,0.036811985744129416,1747.0,12001.0,0.00010354479386972245,6.836211301175413e-19,0.0,39812.0,0.0,0.0,0
0.03187638942249704,0.036811985744129416,1748.0,12001.0,0.00010251450595630943,-2.7344845204701655e-19,0.0,39812.0,0.0,0.0,0
0.03187536938611966,0.036811985744129416,1749.0,12001.0,0.00010149446957892391,9.844144273692596e-18,0.0,39812.0,0.0,0.0,0
0.03187435949927381,0.036811985744129416,1750.0,12001.0,0.00010048458273307289,2.6433350364544934e-18,0.0,39812.0,0.0,0.0,0
0.03187335966096997,0.036811985744129416,1751.0,12001.0,9.948474442923235e-05,7.497045060289037e-18,0.0,39812.0,0.0,0.0,0
0.03187236977122347,0.036811985744129416,1752.0,12001.0,9.849485468273987e-05,-8.887074691528037e-19,0.0,39812.0,0.0,0.0,0
0.03187138973104453,0.036811985744129416,1753.0,12001.0,9.751481450379541e-05,5.628480637967757e-18,0.0,39812.0,0.0,0.0,0
0.0318704194424283,0.036811985744129416,1754.0,12001.0,9.654452588756372e-05,1.5518199653668188e-17,0.0,39812.0,0.0,0.0,0
0.0318694588083451,0.036811985744129416,1755.0,12001.0,9.558389180437458e-05,1.2988801472233287e-18,0.0,39812.0,0.0,0.0,0
0.03186850773273077,0.036811985744129416,1756.0,12001.0,9.463281619002e-05,1.2966014101229367e-17,0.0,39812.0,0.0,0.0,0
0.031867566120476885,0.036811985744129416,1757.0,12001.0,9.369120393614517e-05,7.884430367355643e-18,0.0,39812.0,0.0,0.0,0
0.03186663387742147,0.036811985744129416,1758.0,12001.0,9.275896088074104e-05,-1.98250127734087e-18,0.0,39812.0,0.0,0.0,0
0.031865710910339455,0.036811985744129416,1759.0,12001.0,9.183599379872019e-05,1.1256961275935514e-17,0.0,39812.0,0.0,0.0,0
0.03186479712693334,0.036811985744129416,1760.0,12001.0,9.09222103926144e-05,-1.5495412282664272e-18,0.0,39812.0,0.0,0.0,0
0.031863892435824055,0.036811985744129416,1761.0,12001.0,9.001751928331573e-05,1.8047597835103093e-17,0.0,39812.0,0.0,0.0,0
0.03186299674654169,0.036811985744129416,1762.0,12001.0,8.912183000095816e-05,8.112304077394824e-18,0.0,39812.0,0.0,0.0,0
0.0318621099695166,0.036811985744129416,1763.0,12001.0,8.823505297587127e-05,-2.9851456015132638e-18,0.0,39812.0,0.0,0.0,0
0.03186123201607035,0.036811985744129416,1764.0,12001.0,8.735709952960904e-05,1.4857365894554566e-17,0.0,39812.0,0.0,0.0,0
0.03186036279840683,0.036811985744129416,1765.0,12001.0,8.64878818660996e-05,1.3125525698256795e-17,0.0,39812.0,0.0,0.0,0
0.031859502229603584,0.036811985744129416,1766.0,12001.0,8.56273130628483e-05,1.9300903240318585e-17,0.0,39812.0,0.0,0.0,0
0.031858650223603006,0.036811985744129416,1767.0,12001.0,8.477530706226104e-05,1.781972412506391e-17,0.0,39812.0,0.0,0.0,0
0.031857806695203765,0.036811985744129416,1768.0,12001.0,8.393177866302712e-05,6.448825994108807e-18,0.0,39812.0,0.0,0.0,0
0.031856971560052336,0.036811985744129416,1769.0,12001.0,8.309664351160168e-05,1.2077306632076564e-17,0.0,39812.0,0.0,0.0,0
0.0318561447346345,0.036811985744129416,1770.0,12001.0,8.226981809377599e-05,2.893996117497592e-18,0.0,39812.0,0.0,0.0,0
0.03185532613626704,0.036811985744129416,1771.0,12001.0,8.145121972631725e-05,5.3550321859207405e-18,0.0,39812.0,0.0,0.0,0
0.031854515683089446,0.036811985744129416,1772.0,12001.0,8.064076654870669e-05,5.924716461018692e-18,0.0,39812.0,0.0,0.0,0
0.031853713294055695,0.036811985744129416,1773.0,12001.0,7.983837751495279e-05,1.2487479310147088e-17,0.0,39812.0,0.0,0.0,0
0.03185291888892622,0.036811985744129416,1774.0,12001.0,7.904397238548264e-05,1.0049230612727858e-17,0.0,39812.0,0.0,0.0,0
0.031852132388259846,0.036811985744129416,1775.0,12001.0,7.825747171912179e-05,5.742417492987347e-18,0.0,39812.0,0.0,0.0,0
0.03185135371340589,0.036811985744129416,1776.0,12001.0,7.747879686514453e-05,1.9802225402404782e-17,0.0,39812.0,0.0,0.0,0
0.031850582786496155,0.036811985744129416,1777.0,12001.0,7.670786995542266e-05,5.83356697700302e-18,0.0,39812.0,0.0,0.0,0
0.031849819530437355,0.036811985744129416,1778.0,12001.0,7.594461389661948e-05,1.4424405845480122e-17,0.0,39812.0,0.0,0.0,0
0.03184906386890322,0.036811985744129416,1779.0,12001.0,7.518895236249303e-05,-5.696842750979511e-19,0.0,39812.0,0.0,0.0,0
0.03184831572632699,0.036811985744129416,1780.0,12001.0,7.444080978625854e-05,0.0,0.0,39812.0,0.0,0.0,0
0.031847575027893774,0.036811985744129416,1781.0,12001.0,7.370011135304003e-05,1.1348110759951187e-17,0.0,39812.0,0.0,0.0,0
0.0318468416995331,0.036811985744129416,1782.0,12001.0,7.296678299237307e-05,6.1753775420617905e-18,0.0,39812.0,0.0,0.0,0
0.03184611566791154,0.036811985744129416,1783.0,12001.0,7.224075137080981e-05,1.9597139063369517e-18,0.0,39812.0,0.0,0.0,0
0.03184539686042532,0.036811985744129416,1784.0,12001.0,7.152194388458384e-05,4.557474200783609e-18,0.0,39812.0,0.0,0.0,0
0.03184468520519309,0.036811985744129416,1785.0,12001.0,7.081028865235012e-05,9.137735772571136e-18,0.0,39812.0,0.0,0.0,0
0.03184398063104872,0.036811985744129416,1786.0,12001.0,7.010571450799198e-05,2.7116971494662475e-18,0.0,39812.0,0.0,0.0,0
0.03184328306753424,0.036811985744129416,1787.0,12001.0,6.940815099350296e-05,1.1530409727982531e-17,0.0,39812.0,0.0,0.0,0
0.031842592444892695,0.036811985744129416,1788.0,12001.0,6.871752835195432e-05,1.645248186482883e-17,0.0,39812.0,0.0,0.0,0
0.031841908694061234,0.036811985744129416,1789.0,12001.0,6.80337775205063e-05,-3.3269561665720346e-18,0.0,39812.0,0.0,0.0,0
0.03184123174666425,0.036811985744129416,1790.0,12001.0,6.735683012350484e-05,1.9642713805377356e-17,0.0,39812.0,0.0,0.0,0
0.03184056153500638,0.036811985744129416,1791.0,12001.0,6.668661846564684e-05,3.2813814245641986e-18,0.0,39812.0,0.0,0.0,0
0.031839897992065935,0.036811985744129416,1792.0,12001.0,6.602307552520851e-05,-5.696842750979511e-19,0.0,39812.0,0.0,0.0,0
0.03183924105148807,0.036811985744129416,1793.0,12001.0,6.536613494733996e-05,-1.0937938081880662e-18,0.0,39812.0,0.0,0.0,0
0.03183859064757818,0.036811985744129416,1794.0,12001.0,6.471573103743932e-05,1.1963369777056973e-17,0.0,39812.0,0.0,0.0,0
0.03183794671529531,0.036811985744129416,1795.0,12001.0,6.407179875457251e-05,1.6498056606836665e-17,0.0,39812.0,0.0,0.0,0
0.031837309190245716,0.036811985744129416,1796.0,12001.0,6.343427370497604e-05,1.1211386533927678e-17,0.0,39812.0,0.0,0.0,0
0.031836678008676345,0.036811985744129416,1797.0,12001.0,6.2803092135611e-05,1.1165811791919842e-18,0.0,39812.0,0.0,0.0,0
0.03183605310746853,0.036811985744129416,1798.0,12001.0,6.217819092779553e-05,7.246383979245939e-18,0.0,39812.0,0.0,0.0,0
0.031835434424131615,0.036811985744129416,1799.0,12001.0,6.155950759088919e-05,3.668766731630805e-18,0.0,39812.0,0.0,0.0,0
0.03183482189679677,0.036811985744129416,1800.0,12001.0,6.094698025603785e-05,1.526753857262509e-18,0.0,39812.0,0.0,0.0,0
0.031834215464210745,0.036811985744129416,1801.0,12001.0,6.0340547670004957e-05,1.750070093100906e-17,0.0,39812.0,0.0,0.0,0
0.03183361506572975,0.036811985744129416,1802.0,12001.0,5.9740149189023535e-05,-2.1420128743682964e-18,0.0,39812.0,0.0,0.0,0
0.03183302064131347,0.036811985744129416,1803.0,12001.0,5.914572477274272e-05,2.1875876163761324e-18,0.0,39812.0,0.0,0.0,0
0.03183243213151896,0.036811985744129416,1804.0,12001.0,5.855721497822881e-05,1.0550552774814055e-17,0.0,39812.0,0.0,0.0,0
0.03183184947749474,0.036811985744129416,1805.0,12001.0,5.797456095400859e-05,5.94750383202261e-18,0.0,39812.0,0.0,0.0,0
0.03183127262097494,0.036811985744129416,1806.0,12001.0,5.739770443419726e-05,2.192145090576916e-17,0.0,39812.0,0.0,0.0,0
0.0318307015042734,0.036811985744129416,1807.0,12001.0,5.682658773266205e-05,7.884430367355643e-18,0.0,39812.0,0.0,0.0,0
0.03183013607027799,0.036811985744129416,1808.0,12001.0,5.62611537372527e-05,1.2191243487096154e-17,0.0,39812.0,0.0,0.0,0
0.031829576262444835,0.036811985744129416,1809.0,12001.0,5.570134590410281e-05,3.896640441669986e-18,0.0,39812.0,0.0,0.0,0
0.031829022024792694,0.036811985744129416,1810.0,12001.0,5.514710825196207e-05,3.896640441669986e-18,0.0,39812.0,0.0,0.0,0
0.03182847330189733,0.036811985744129416,1811.0,12001.0,5.4598385356603244e-05,3.8282783286582315e-18,0.0,39812.0,0.0,0.0,0
0.031827930038886,0.036811985744129416,1812.0,12001.0,5.405512234527941e-05,-4.808135281826708e-18,0.0,39812.0,0.0,0.0,0
0.03182739218143196,0.036811985744129416,1813.0,12001.0,5.3517264891233056e-05,-1.3216675182272467e-18,0.0,39812.0,0.0,0.0,0
0.03182685967574902,0.036811985744129416,1814.0,12001.0,5.298475920827466e-05,7.884430367355643e-18,0.0,39812.0,0.0,0.0,0
0.03182633246858613,0.036811985744129416,1815.0,12001.0,5.245755204539348e-05,2.962358230509346e-18,0.0,39812.0,0.0,0.0,0
0.03182581050722216,0.036811985744129416,1816.0,12001.0,5.193559068143054e-05,7.086872382218512e-18,0.0,39812.0,0.0,0.0,0
0.031825293739460546,0.036811985744129416,1817.0,12001.0,5.141882291981572e-05,5.01322162086197e-18,0.0,39812.0,0.0,0.0,0
0.03182478211362407,0.036811985744129416,1818.0,12001.0,5.090719708334092e-05,1.6179033412781813e-18,0.0,39812.0,0.0,0.0,0
0.03182427557854973,0.036811985744129416,1819.0,12001.0,5.040066200899809e-05,3.691554102634723e-18,0.0,39812.0,0.0,0.0,0
0.03182377408358359,0.036811985744129416,1820.0,12001.0,4.989916704285541e-05,1.7204465107958125e-17,0.0,39812.0,0.0,0.0,0
0.03182327757857574,0.036811985744129416,1821.0,12001.0,4.9402662035001925e-05,1.1051874936900252e-17,0.0,39812.0,0.0,0.0,0
0.03182278601387526,0.036811985744129416,1822.0,12001.0,4.891109733451984e-05,1.6133458670773978e-17,0.0,39812.0,0.0,0.0,0
0.03182229934032526,0.036811985744129416,1823.0,12001.0,4.842442378453062e-05,-8.659200981488857e-19,0.0,39812.0,0.0,0.0,0
0.031821817509258006,0.036811985744129416,1824.0,12001.0,4.7942592717274834e-05,9.775782160680842e-18,0.0,39812.0,0.0,0.0,0
0.03182134047248998,0.036811985744129416,1825.0,12001.0,4.7465555949239675e-05,5.1499458468854784e-18,0.0,39812.0,0.0,0.0,0
0.03182086818231709,0.036811985744129416,1826.0,12001.0,4.699326577635964e-05,6.836211301175414e-20,0.0,39812.0,0.0,0.0,0
0.03182040059150995,0.036811985744129416,1827.0,12001.0,4.65256749692142e-05,1.7295614591973797e-17,0.0,39812.0,0.0,0.0,0
0.03181993765330908,0.036811985744129416,1828.0,12001.0,4.6062736768337244e-05,1.328503729528422e-17,0.0,39812.0,0.0,0.0,0
0.031819479321420256,0.036811985744129416,1829.0,12001.0,4.5604404879524946e-05,6.3804638810970526e-18,0.0,39812.0,0.0,0.0,0
0.031819025550009934,0.036811985744129416,1830.0,12001.0,4.51506334692027e-05,5.628480637967757e-18,0.0,39812.0,0.0,0.0,0
0.03181857629370059,0.036811985744129416,1831.0,12001.0,4.470137715985261e-05,1.3809146828374335e-17,0.0,39812.0,0.0,0.0,0
0.031818131507566204,0.036811985744129416,1832.0,12001.0,4.425659102547355e-05,8.61362623948102e-18,0.0,39812.0,0.0,0.0,0
0.031817691147127805,0.036811985744129416,1833.0,12001.0,4.3816230587073316e-05,-2.962358230509346e-19,0.0,39812.0,0.0,0.0,0
0.03181725516834898,0.036811985744129416,1834.0,12001.0,4.3380251808249505e-05,3.121869827536772e-18,0.0,39812.0,0.0,0.0,0
0.03181682352763149,0.036811985744129416,1835.0,12001.0,4.294861109075237e-05,1.0459403290798383e-17,0.0,39812.0,0.0,0.0,0
0.03181639618181089,0.036811985744129416,1836.0,12001.0,4.252126527015835e-05,5.810779605999102e-18,0.0,39812.0,0.0,0.0,0
0.031815973088152254,0.036811985744129416,1837.0,12001.0,4.20981716115245e-05,1.458391744250755e-17,0.0,39812.0,0.0,0.0,0
0.03181555420434586,0.036811985744129416,1838.0,12001.0,4.1679287805132935e-05,1.3444548892311647e-18,0.0,39812.0,0.0,0.0,0
0.03181513948850299,0.036811985744129416,1839.0,12001.0,4.126457196225542e-05,9.11494840156722e-19,0.0,39812.0,0.0,0.0,0
0.03181472889915169,0.036811985744129416,1840.0,12001.0,4.085398261096054e-05,-2.2787371003918047e-20,0.0,39812.0,0.0,0.0,0
0.0318143223952327,0.036811985744129416,1841.0,12001.0,4.044747869197369e-05,3.600404618619051e-18,0.0,39812.0,0.0,0.0,0
0.0318139199360953,0.036811985744129416,1842.0,12001.0,4.004501955456243e-05,1.435604373246837e-17,0.0,39812.0,0.0,0.0,0
0.031813521481493204,0.036811985744129416,1843.0,12001.0,3.964656495247725e-05,-7.360320834265528e-18,0.0,39812.0,0.0,0.0,0
0.031813126991580655,0.036811985744129416,1844.0,12001.0,3.9252075039925035e-05,-1.8002023093095256e-18,0.0,39812.0,0.0,0.0,0
0.03181273642690833,0.036811985744129416,1845.0,12001.0,3.8861510367588665e-05,1.5586561766679944e-17,0.0,39812.0,0.0,0.0,0
0.03181234974841941,0.036811985744129416,1846.0,12001.0,3.8474831878672926e-05,7.975579851371316e-18,0.0,39812.0,0.0,0.0,0
0.031811966917445735,0.036811985744129416,1847.0,12001.0,3.8092000905005665e-05,-4.261238377732675e-18,0.0,39812.0,0.0,0.0,0
0.031811587895703916,0.036811985744129416,1848.0,12001.0,3.7712979163173395e-05,1.04821906618023e-17,0.0,39812.0,0.0,0.0,0
0.031811212645291416,0.036811985744129416,1849.0,12001.0,3.73377287506883e-05,2.3243118423996407e-18,0.0,39812.0,0.0,0.0,0
0.031810841128682925,0.036811985744129416,1850.0,12001.0,3.6966212142188864e-05,7.610981915308627e-18,0.0,39812.0,0.0,0.0,0
0.031810473308726446,0.036811985744129416,1851.0,12001.0,3.6598392185710676e-05,8.476902013457513e-18,0.0,39812.0,0.0,0.0,0
0.03181010914863968,0.036811985744129416,1852.0,12001.0,3.623423209895137e-05,7.497045060289037e-18,0.0,39812.0,0.0,0.0,0
0.031809748612006326,0.036811985744129416,1853.0,12001.0,3.5873695465594206e-05,2.552185552438821e-18,0.0,39812.0,0.0,0.0,0
0.03180939166277241,0.036811985744129416,1854.0,12001.0,3.5516746231677996e-05,1.3695209973354746e-17,0.0,39812.0,0.0,0.0,0
0.03180903826524273,0.036811985744129416,1855.0,12001.0,3.516334870198628e-05,1.7523488302012976e-17,0.0,39812.0,0.0,0.0,0
0.031808688384077195,0.036811985744129416,1856.0,12001.0,3.481346753646464e-05,-1.9141391643291158e-18,0.0,39812.0,0.0,0.0,0
0.03180834198428744,0.036811985744129416,1857.0,12001.0,3.446706774671043e-05,9.844144273692596e-18,0.0,39812.0,0.0,0.0,0
0.03180799903123318,0.036811985744129416,1858.0,12001.0,3.412411469245113e-05,-1.503966486258591e-18,0.0,39812.0,0.0,0.0,0
0.03180765949061883,0.036811985744129416,1859.0,12001.0,3.378457407809877e-05,1.2715353020186269e-17,0.0,39812.0,0.0,0.0,0
0.03180732332849003,0.036811985744129416,1860.0,12001.0,3.344841194930868e-05,1.0710064371841482e-18,0.0,39812.0,0.0,0.0,0
0.03180699051123032,0.036811985744129416,1861.0,12001.0,3.311559468958689e-05,7.10965975322243e-18,0.0,39812.0,0.0,0.0,0
0.03180666100555767,0.036811985744129416,1862.0,12001.0,3.278608901692916e-05,1.795644835108742e-17,0.0,39812.0,0.0,0.0,0
0.03180633477852124,0.036811985744129416,1863.0,12001.0,3.2459861980495454e-05,2.1898663534765242e-17,0.0,39812.0,0.0,0.0,0
0.031806011797498035,0.036811985744129416,1864.0,12001.0,3.213688095731193e-05,-3.418105650587707e-18,0.0,39812.0,0.0,0.0,0
0.03180569203018974,0.036811985744129416,1865.0,12001.0,3.181711364900419e-05,1.0163167467747448e-17,0.0,39812.0,0.0,0.0,0
0.03180537544461931,0.036811985744129416,1866.0,12001.0,3.1500528078572935e-05,1.0573340145817973e-17,0.0,39812.0,0.0,0.0,0
0.03180506200912793,0.036811985744129416,1867.0,12001.0,3.1187092587202483e-05,-4.466324716767937e-18,0.0,39812.0,0.0,0.0,0
0.031804751692371826,0.036811985744129416,1868.0,12001.0,3.087677583107964e-05,1.6839867171895437e-17,0.0,39812.0,0.0,0.0,0
0.031804444463319,0.036811985744129416,1869.0,12001.0,3.056954677827131e-05,8.249028303418333e-18,0.0,39812.0,0.0,0.0,0
0.03180414029124635,0.036811985744129416,1870.0,12001.0,3.0265374705616018e-05,9.046586288555465e-18,0.0,39812.0,0.0,0.0,0
0.03180383914573638,0.036811985744129416,1871.0,12001.0,2.996422919565049e-05,-1.5951159702742631e-18,0.0,39812.0,0.0,0.0,0
0.03180354099667431,0.036811985744129416,1872.0,12001.0,2.966608013357753e-05,3.759916215646478e-18,0.0,39812.0,0.0,0.0,0
0.031803245814244964,0.036811985744129416,1873.0,12001.0,2.9370897704236672e-05,-9.11494840156722e-19,0.0,39812.0,0.0,0.0,0
0.03180295356892987,0.036811985744129416,1874.0,12001.0,2.907865238914327e-05,-2.392673955411395e-18,0.0,39812.0,0.0,0.0,0
0.031802664231504255,0.036811985744129416,1875.0,12001.0,2.8789314963520998e-05,3.96500255468174e-18,0.0,39812.0,0.0,0.0,0
0.03180237777303412,0.036811985744129416,1876.0,12001.0,2.8502856493386118e-05,1.0710064371841481e-17,0.0,39812.0,0.0,0.0,0
0.03180209416487338,0.036811985744129416,1877.0,12001.0,2.8219248332654992e-05,4.1473015227130846e-18,0.0,39812.0,0.0,0.0,0
0.031801813378661,0.036811985744129416,1878.0,12001.0,2.7938462120271055e-05,-2.91678348850151e-18,0.0,39812.0,0.0,0.0,0
0.03180153538631812,0.036811985744129416,1879.0,12001.0,2.766046977738099e-05,2.0804869726577176e-17,0.0,39812.0,0.0,0.0,0
0.03180126016004525,0.036811985744129416,1880.0,12001.0,2.7385243504520587e-05,8.795925207512366e-18,0.0,39812.0,0.0,0.0,0
0.031800987672319564,0.036811985744129416,1881.0,12001.0,2.7112755778831012e-05,1.0117592725739613e-17,0.0,39812.0,0.0,0.0,0
0.031800717895892054,0.036811985744129416,1882.0,12001.0,2.684297935131407e-05,1.6748717687879764e-17,0.0,39812.0,0.0,0.0,0
0.031800450803784845,0.036811985744129416,1883.0,12001.0,2.657588724410081e-05,1.3490123634319482e-17,0.0,39812.0,0.0,0.0,0
0.0318001863692885,0.036811985744129416,1884.0,12001.0,2.6311452747757798e-05,7.656556657316463e-18,0.0,39812.0,0.0,0.0,0
0.03179992456595935,0.036811985744129416,1885.0,12001.0,2.6049649418617573e-05,6.220952284069627e-18,0.0,39812.0,0.0,0.0,0
0.03179966536761685,0.036811985744129416,1886.0,12001.0,2.5790451076127536e-05,-9.798569531684759e-19,0.0,39812.0,0.0,0.0,0
0.031799408748340974,0.036811985744129416,1887.0,12001.0,2.553383180023337e-05,1.4880153265558485e-17,0.0,39812.0,0.0,0.0,0
0.031799154682469535,0.036811985744129416,1888.0,12001.0,2.5279765928802095e-05,1.096072545288458e-17,0.0,39812.0,0.0,0.0,0
0.031798903144595755,0.036811985744129416,1889.0,12001.0,2.502822805502882e-05,3.532042505607297e-18,0.0,39812.0,0.0,0.0,0
0.03179865410956566,0.036811985744129416,1890.0,12001.0,2.477919302491659e-05,1.4971302749574155e-17,0.0,39812.0,0.0,0.0,0
0.03179840755247549,0.036811985744129416,1891.0,12001.0,2.45326359347558e-05,1.3262249924280302e-17,0.0,39812.0,0.0,0.0,0
0.03179816344866937,0.036811985744129416,1892.0,12001.0,2.428853212863421e-05,3.1902319405485263e-18,0.0,39812.0,0.0,0.0,0
0.031797921773736706,0.036811985744129416,1893.0,12001.0,2.404685719596607e-05,9.593483192649498e-18,0.0,39812.0,0.0,0.0,0
0.03179768250350979,0.036811985744129416,1894.0,12001.0,2.3807586969056765e-05,1.3444548892311647e-18,0.0,39812.0,0.0,0.0,0
0.03179744561406141,0.036811985744129416,1895.0,12001.0,2.357069752068441e-05,2.962358230509346e-19,0.0,39812.0,0.0,0.0,0
0.031797211081702435,0.036811985744129416,1896.0,12001.0,2.33361651617035e-05,1.0801213855857154e-17,0.0,39812.0,0.0,0.0,0
0.03179697888297943,0.036811985744129416,1897.0,12001.0,2.3103966438688905e-05,2.0668145500553667e-17,0.0,39812.0,0.0,0.0,0
0.031796748994672316,0.036811985744129416,1898.0,12001.0,2.287407813156998e-05,2.6319413509525342e-17,0.0,39812.0,0.0,0.0,0
0.031796521393792056,0.036811985744129416,1899.0,12001.0,2.264647725132549e-05,5.787992234995184e-18,0.0,39812.0,0.0,0.0,0
0.03179629605757841,0.036811985744129416,1900.0,12001.0,2.2421141037678655e-05,6.6766997041479874e-18,0.0,39812.0,0.0,0.0,0
0.031796072963497554,0.036811985744129416,1901.0,12001.0,2.2198046956822362e-05,8.431327271449677e-18,0.0,39812.0,0.0,0.0,0
0.031795852089239886,0.036811985744129416,1902.0,12001.0,2.1977172699157973e-05,1.9141391643291158e-18,0.0,39812.0,0.0,0.0,0
0.0317956334127178,0.036811985744129416,1903.0,12001.0,2.175849617707725e-05,-1.3216675182272467e-18,0.0,39812.0,0.0,0.0,0
0.031795416912063494,0.036811985744129416,1904.0,12001.0,2.1541995522746266e-05,2.3083606826968982e-17,0.0,39812.0,0.0,0.0,0
0.03179520256562666,0.036811985744129416,1905.0,12001.0,2.132764908592343e-05,1.5768860734711287e-17,0.0,39812.0,0.0,0.0,0
0.031794990351972516,0.036811985744129416,1906.0,12001.0,2.1115435431778725e-05,1.642969449382491e-17,0.0,39812.0,0.0,0.0,0
0.0317947802498795,0.036811985744129416,1907.0,12001.0,2.0905333338772645e-05,2.028076019348706e-18,0.0,39812.0,0.0,0.0,0
0.03179457223833726,0.036811985744129416,1908.0,12001.0,2.069732179652324e-05,1.597394707374655e-17,0.0,39812.0,0.0,0.0,0
0.03179436629654443,0.036811985744129416,1909.0,12001.0,2.049138000370126e-05,-9.114948401567219e-20,0.0,39812.0,0.0,0.0,0
0.031794162403906694,0.036811985744129416,1910.0,12001.0,2.0287487365953056e-05,1.2692565649182352e-17,0.0,39812.0,0.0,0.0,0
0.03179396054003459,0.036811985744129416,1911.0,12001.0,2.0085623493850643e-05,1.2214030858100072e-17,0.0,39812.0,0.0,0.0,0
0.03179376068474157,0.036811985744129416,1912.0,12001.0,1.9885768200835697e-05,4.397962603756183e-18,0.0,39812.0,0.0,0.0,0
0.03179356281804195,0.036811985744129416,1913.0,12001.0,1.9687901501210338e-05,1.469785429752714e-17,0.0,39812.0,0.0,0.0,0
0.031793366920148884,0.036811985744129416,1914.0,12001.0,1.949200360814543e-05,1.0710064371841481e-17,0.0,39812.0,0.0,0.0,0
0.03179317297147241,0.036811985744129416,1915.0,12001.0,1.929805493168393e-05,1.1621559211998204e-17,0.0,39812.0,0.0,0.0,0
0.03179298095261753,0.036811985744129416,1916.0,12001.0,1.910603607679398e-05,1.5221963830617253e-17,0.0,39812.0,0.0,0.0,0
0.03179279084438216,0.036811985744129416,1917.0,12001.0,1.8915927841435794e-05,3.1446571985406903e-18,0.0,39812.0,0.0,0.0,0
0.031792602627755365,0.036811985744129416,1918.0,12001.0,1.8727711214624085e-05,8.704775723496693e-18,0.0,39812.0,0.0,0.0,0
0.03179241628391528,0.036811985744129416,1919.0,12001.0,1.854136737454237e-05,1.3330612037292057e-17,0.0,39812.0,0.0,0.0,0
0.03179223179422738,0.036811985744129416,1920.0,12001.0,1.835687768664762e-05,6.608337591136233e-18,0.0,39812.0,0.0,0.0,0
0.031792049140242556,0.036811985744129416,1921.0,12001.0,1.8174223701818848e-05,9.775782160680842e-18,0.0,39812.0,0.0,0.0,0
0.03179186830369524,0.036811985744129416,1922.0,12001.0,1.7993387154507043e-05,1.8685644223212798e-18,0.0,39812.0,0.0,0.0,0
0.03179168926650163,0.036811985744129416,1923.0,12001.0,1.7814349960904334e-05,2.5977602944466574e-18,0.0,39812.0,0.0,0.0,0
0.031791512010757875,0.036811985744129416,1924.0,12001.0,1.7637094217141722e-05,1.0368253806782711e-17,0.0,39812.0,0.0,0.0,0
0.03179133651873823,0.036811985744129416,1925.0,12001.0,1.7461602197499055e-05,1.1621559211998204e-18,0.0,39812.0,0.0,0.0,0
0.03179116277289336,0.036811985744129416,1926.0,12001.0,1.7287856352627647e-05,-1.3216675182272467e-18,0.0,39812.0,0.0,0.0,0
0.031790990755848535,0.036811985744129416,1927.0,12001.0,1.7115839307800124e-05,8.112304077394824e-18,0.0,39812.0,0.0,0.0,0
0.031790820450401894,0.036811985744129416,1928.0,12001.0,1.694553386116567e-05,2.7116971494662475e-18,0.0,39812.0,0.0,0.0,0
0.031790651839522774,0.036811985744129416,1929.0,12001.0,1.677692298203674e-05,6.927360785191086e-18,0.0,39812.0,0.0,0.0,0
0.03179048490634992,0.036811985744129416,1930.0,12001.0,1.6609989809188273e-05,6.220952284069627e-18,0.0,39812.0,0.0,0.0,0
0.03179031963418989,0.036811985744129416,1931.0,12001.0,1.644471764916266e-05,1.8457770513173616e-18,0.0,39812.0,0.0,0.0,0
0.031790156006515344,0.036811985744129416,1932.0,12001.0,1.6281089974603985e-05,9.388396853614234e-18,0.0,39812.0,0.0,0.0,0
0.03178999400696335,0.036811985744129416,1933.0,12001.0,1.6119090422611306e-05,6.608337591136233e-18,0.0,39812.0,0.0,0.0,0
0.03178983361933383,0.036811985744129416,1934.0,12001.0,1.5958702793096206e-05,9.752994789676924e-18,0.0,39812.0,0.0,0.0,0
0.03178967482758789,0.036811985744129416,1935.0,12001.0,1.5799911047156223e-05,6.653912333144069e-18,0.0,39812.0,0.0,0.0,0
0.031789517615846224,0.036811985744129416,1936.0,12001.0,1.564269930548736e-05,9.547908450641661e-18,0.0,39812.0,0.0,0.0,0
0.03178936196838752,0.036811985744129416,1937.0,12001.0,1.548705184678655e-05,5.24109533090115e-18,0.0,39812.0,0.0,0.0,0
0.03178920786964691,0.036811985744129416,1938.0,12001.0,1.533295310617791e-05,1.107466230790417e-17,0.0,39812.0,0.0,0.0,0
0.0317890553042144,0.036811985744129416,1939.0,12001.0,1.5180387673653555e-05,1.3490123634319482e-17,0.0,39812.0,0.0,0.0,0
0.031788904256833284,0.036811985744129416,1940.0,12001.0,1.50293402925507e-05,6.99572289820284e-18,0.0,39812.0,0.0,0.0,0
0.03178875471239875,0.036811985744129416,1941.0,12001.0,1.4879795857999036e-05,2.123782977565162e-17,0.0,39812.0,0.0,0.0,0
0.03178860665595617,0.036811985744129416,1942.0,12001.0,1.473173941543386e-05,7.200809237238103e-18,0.0,39812.0,0.0,0.0,0
0.03178846007269982,0.036811985744129416,1943.0,12001.0,1.458515615908572e-05,4.8309226528306254e-18,0.0,39812.0,0.0,0.0,0
0.03178831494797124,0.036811985744129416,1944.0,12001.0,1.4440031430507796e-05,1.342176152130773e-17,0.0,39812.0,0.0,0.0,0
0.03178817126725784,0.036811985744129416,1945.0,12001.0,1.4296350717109102e-05,1.2396329826131417e-17,0.0,39812.0,0.0,0.0,0
0.031788029016191426,0.036811985744129416,1946.0,12001.0,1.415409965069367e-05,7.360320834265528e-18,0.0,39812.0,0.0,0.0,0
0.03178788818054678,0.036811985744129416,1947.0,12001.0,1.4013264006035428e-05,9.069373659559383e-18,0.0,39812.0,0.0,0.0,0
0.03178774874624019,0.036811985744129416,1948.0,12001.0,1.3873829699459328e-05,4.511899458775773e-18,0.0,39812.0,0.0,0.0,0
0.03178761069932815,0.036811985744129416,1949.0,12001.0,1.373578278741347e-05,1.6475269235832746e-17,0.0,39812.0,0.0,0.0,0
0.03178747402600583,0.036811985744129416,1950.0,12001.0,1.35991094650958e-05,1.5335900685636846e-17,0.0,39812.0,0.0,0.0,0
0.031787338712605785,0.036811985744129416,1951.0,12001.0,1.3463796065053022e-05,6.357676510093134e-18,0.0,39812.0,0.0,0.0,0
0.03178720474559658,0.036811985744129416,1952.0,12001.0,1.3329829055839346e-05,9.43397159562207e-18,0.0,39812.0,0.0,0.0,0
0.03178707211158138,0.036811985744129416,1953.0,12001.0,1.3197195040637882e-05,1.0869575968868908e-17,0.0,39812.0,0.0,0.0,0
0.03178694079729668,0.036811985744129416,1954.0,12001.0,1.3065880755939517e-05,1.2578628794162761e-17,0.0,39812.0,0.0,0.0,0
0.031786810789610945,0.036811985744129416,1955.0,12001.0,1.2935873070204075e-05,1.526753857262509e-17,0.0,39812.0,0.0,0.0,0
0.03178668207552329,0.036811985744129416,1956.0,12001.0,1.280715898255671e-05,1.2646990907174516e-17,0.0,39812.0,0.0,0.0,0
0.031786554642162214,0.036811985744129416,1957.0,12001.0,1.2679725621479397e-05,8.818712578516284e-18,0.0,39812.0,0.0,0.0,0
0.03178642847678427,0.036811985744129416,1958.0,12001.0,1.255356024353227e-05,1.364963523134691e-17,0.0,39812.0,0.0,0.0,0
0.031786303566772804,0.036811985744129416,1959.0,12001.0,1.2428650232066577e-05,1.3444548892311648e-17,0.0,39812.0,0.0,0.0,0
0.03178617989963672,0.036811985744129416,1960.0,12001.0,1.230498309598564e-05,1.891351793325198e-18,0.0,39812.0,0.0,0.0,0
0.03178605746300919,0.036811985744129416,1961.0,12001.0,1.2182546468467677e-05,-3.3725309085798706e-18,0.0,39812.0,0.0,0.0,0
0.03178593624464649,0.036811985744129416,1962.0,12001.0,1.2061328105744956e-05,1.6680355574868008e-17,0.0,39812.0,0.0,0.0,0
0.03178581623242663,0.036811985744129416,1963.0,12001.0,1.1941315885889647e-05,1.4401618474476205e-17,0.0,39812.0,0.0,0.0,0
0.0317856974143483,0.036811985744129416,1964.0,12001.0,1.182249780757032e-05,1.1530409727982531e-17,0.0,39812.0,0.0,0.0,0
0.03178557977852961,0.036811985744129416,1965.0,12001.0,1.1704861988884325e-05,-2.278737100391805e-19,0.0,39812.0,0.0,0.0,0
0.03178546331320689,0.036811985744129416,1966.0,12001.0,1.15883966661528e-05,1.0368253806782711e-17,0.0,39812.0,0.0,0.0,0
0.03178534800673347,0.036811985744129416,1967.0,12001.0,1.1473090192744561e-05,8.659200981488857e-19,0.0,39812.0,0.0,0.0,0
0.031785233847578656,0.036811985744129416,1968.0,12001.0,1.135893103791504e-05,1.3239462553276384e-17,0.0,39812.0,0.0,0.0,0
0.03178512082432639,0.036811985744129416,1969.0,12001.0,1.1245907785658086e-05,4.489112087771855e-18,0.0,39812.0,0.0,0.0,0
0.03178500892567428,0.036811985744129416,1970.0,12001.0,1.1134009133547789e-05,-4.101726780705248e-18,0.0,39812.0,0.0,0.0,0
0.03178489814043236,0.036811985744129416,1971.0,12001.0,1.1023223891628843e-05,1.9141391643291158e-18,0.0,39812.0,0.0,0.0,0
0.03178478845752202,0.036811985744129416,1972.0,12001.0,1.0913540981289048e-05,1.014038009674353e-17,0.0,39812.0,0.0,0.0,0
0.03178467986597488,0.036811985744129416,1973.0,12001.0,1.0804949434138409e-05,1.9323690611322502e-17,0.0,39812.0,0.0,0.0,0
0.03178457235493168,0.036811985744129416,1974.0,12001.0,1.0697438390938449e-05,1.781972412506391e-17,0.0,39812.0,0.0,0.0,0
0.03178446591364122,0.036811985744129416,1975.0,12001.0,1.059099710049009e-05,9.274459998594645e-18,0.0,39812.0,0.0,0.0,0
0.03178436053145931,0.036811985744129416,1976.0,12001.0,1.048561491857684e-05,1.0094805354735695e-17,0.0,39812.0,0.0,0.0,0
0.031784256197847624,0.036811985744129416,1977.0,12001.0,1.0381281306896665e-05,6.562762849128397e-18,0.0,39812.0,0.0,0.0,0
0.031784152902372735,0.036811985744129416,1978.0,12001.0,1.0277985831994393e-05,8.226240932414415e-18,0.0,39812.0,0.0,0.0,0
0.03178405063470498,0.036811985744129416,1979.0,12001.0,1.017571816424349e-05,1.0459403290798383e-17,0.0,39812.0,0.0,0.0,0
0.03178394938461752,0.036811985744129416,1980.0,12001.0,1.0074468076787717e-05,9.525121079637743e-18,0.0,39812.0,0.0,0.0,0
0.031783849141985274,0.036811985744129416,1981.0,12001.0,9.974225444535363e-06,1.294322673022545e-17,0.0,39812.0,0.0,0.0,0
0.031783749896783876,0.036811985744129416,1982.0,12001.0,9.874980243139157e-06,1.4606704813511467e-17,0.0,39812.0,0.0,0.0,0
0.03178365163908873,0.036811985744129416,1983.0,12001.0,9.776722547995024e-06,6.653912333144069e-18,0.0,39812.0,0.0,0.0,0
0.03178355435907399,0.036811985744129416,1984.0,12001.0,9.679442533254665e-06,9.935293757708267e-18,0.0,39812.0,0.0,0.0,0
0.031783458047011576,0.036811985744129416,1985.0,12001.0,9.583130470832644e-06,1.2191243487096154e-17,0.0,39812.0,0.0,0.0,0
0.03178336269327018,0.036811985744129416,1986.0,12001.0,9.487776729447768e-06,4.9448595078502155e-18,0.0,39812.0,0.0,0.0,0
0.03178326828831438,0.036811985744129416,1987.0,12001.0,9.393371773637115e-06,2.6615649332576277e-17,0.0,39812.0,0.0,0.0,0
0.03178317482270357,0.036811985744129416,1988.0,12001.0,9.299906162835093e-06,1.3011588843237204e-17,0.0,39812.0,0.0,0.0,0
0.031783082287091126,0.036811985744129416,1989.0,12001.0,9.20737055039536e-06,6.380463881097053e-19,0.0,39812.0,0.0,0.0,0
0.03178299067222341,0.036811985744129416,1990.0,12001.0,9.115755682686238e-06,-4.215663635724838e-18,0.0,39812.0,0.0,0.0,0
0.031782899968938884,0.036811985744129416,1991.0,12001.0,9.025052398141652e-06,1.854891999718929e-17,0.0,39812.0,0.0,0.0,0
0.03178281016816709,0.036811985744129416,1992.0,12001.0,8.935251626359182e-06,7.155234495230266e-18,0.0,39812.0,0.0,0.0,0
0.03178272126092791,0.036811985744129416,1993.0,12001.0,8.846344387182547e-06,9.661845305661251e-18,0.0,39812.0,0.0,0.0,0
0.03178263323833055,0.036811985744129416,1994.0,12001.0,8.758321789817764e-06,7.747706141332136e-19,0.0,39812.0,0.0,0.0,0
0.03178254609157266,0.036811985744129416,1995.0,12001.0,8.671175031931737e-06,7.360320834265528e-18,0.0,39812.0,0.0,0.0,0
0.031782459811939515,0.036811985744129416,1996.0,12001.0,8.584895398772994e-06,1.8024810464099173e-17,0.0,39812.0,0.0,0.0,0
0.031782374390803045,0.036811985744129416,1997.0,12001.0,8.499474262310243e-06,1.039104117778663e-17,0.0,39812.0,0.0,0.0,0
0.031782289819621085,0.036811985744129416,1998.0,12001.0,8.414903080354224e-06,5.83356697700302e-18,0.0,39812.0,0.0,0.0,0
0.031782206089936454,0.036811985744129416,1999.0,12001.0,8.331173395719224e-06,1.1256961275935514e-17,0.0,39812.0,0.0,0.0,0
0.031782123193376095,0.036811985744129416,2000.0,12001.0,8.248276835368847e-06,-7.22359660824202e-18,0.0,39812.0,0.0,0.0,0
0.031782041121650305,0.036811985744129416,2001.0,12001.0,8.166205109574527e-06,4.580261571787527e-18,0.0,39812.0,0.0,0.0,0
0.03178195986655182,0.036811985744129416,2002.0,12001.0,8.084950011095799e-06,-3.007932972517182e-18,0.0,39812.0,0.0,0.0,0
0.03178187941995509,0.036811985744129416,2003.0,12001.0,8.00450341435384e-06,1.0185954838751366e-17,0.0,39812.0,0.0,0.0,0
0.031781799773815365,0.036811985744129416,2004.0,12001.0,7.924857274626154e-06,1.7728574641048238e-17,0.0,39812.0,0.0,0.0,0
0.03178172092016796,0.036811985744129416,2005.0,12001.0,7.846003627231142e-06,7.155234495230266e-18,0.0,39812.0,0.0,0.0,0
0.03178172092016796,0.036811985744129416,2005.0,12001.0,7.846003627231142e-06,7.155234495230266e-18,0.0,39812.0,0.0,0.0,0
